dataset,model,normalised,d,layers,checkpoint,layer,fold,observable,value
amazon_ratings,BundleSheaf,false,5,5,epoch-0,0,0,degree,0.003719526274559925
amazon_ratings,BundleSheaf,false,5,5,epoch-0,1,0,degree,0.5585313101166415
amazon_ratings,BundleSheaf,false,5,5,epoch-0,2,0,degree,0.5456980190482962
amazon_ratings,BundleSheaf,false,5,5,epoch-0,3,0,degree,0.3497278717679732
amazon_ratings,BundleSheaf,false,5,5,epoch-0,4,0,degree,0.21897209015768013
amazon_ratings,BundleSheaf,false,5,5,epoch-0,5,0,degree,0.13785474691834892
amazon_ratings,BundleSheaf,false,5,5,epoch-0,0,0,betweenness,0.008570510303296265
amazon_ratings,BundleSheaf,false,5,5,epoch-0,1,0,betweenness,0.2575329007787176
amazon_ratings,BundleSheaf,false,5,5,epoch-0,2,0,betweenness,0.3439980099406375
amazon_ratings,BundleSheaf,false,5,5,epoch-0,3,0,betweenness,0.3084424043559518
amazon_ratings,BundleSheaf,false,5,5,epoch-0,4,0,betweenness,0.2805978657744366
amazon_ratings,BundleSheaf,false,5,5,epoch-0,5,0,betweenness,0.266294913465965
amazon_ratings,BundleSheaf,false,5,5,epoch-0,0,0,confidence,0.025373413160980275
amazon_ratings,BundleSheaf,false,5,5,epoch-0,1,0,confidence,0.15586719177307418
amazon_ratings,BundleSheaf,false,5,5,epoch-0,2,0,confidence,0.2720089528437039
amazon_ratings,BundleSheaf,false,5,5,epoch-0,3,0,confidence,0.34770158590636213
amazon_ratings,BundleSheaf,false,5,5,epoch-0,4,0,confidence,0.36948185335448025
amazon_ratings,BundleSheaf,false,5,5,epoch-0,5,0,confidence,0.37593859742713964
amazon_ratings,BundleSheaf,false,5,5,epoch-0,0,0,saliency,0.005831558450902526
amazon_ratings,BundleSheaf,false,5,5,epoch-0,1,0,saliency,0.21027136959123613
amazon_ratings,BundleSheaf,false,5,5,epoch-0,2,0,saliency,0.5819584012654557
amazon_ratings,BundleSheaf,false,5,5,epoch-0,3,0,saliency,0.8251359584075252
amazon_ratings,BundleSheaf,false,5,5,epoch-0,4,0,saliency,0.8999623113082326
amazon_ratings,BundleSheaf,false,5,5,epoch-0,5,0,saliency,0.9230721891558434
amazon_ratings,BundleSheaf,false,5,5,epoch-0,0,0,cohens_d_train,0.046175584
amazon_ratings,BundleSheaf,false,5,5,epoch-0,1,0,cohens_d_train,0.05795354
amazon_ratings,BundleSheaf,false,5,5,epoch-0,2,0,cohens_d_train,0.031161204
amazon_ratings,BundleSheaf,false,5,5,epoch-0,3,0,cohens_d_train,0.02062219
amazon_ratings,BundleSheaf,false,5,5,epoch-0,4,0,cohens_d_train,0.019582765
amazon_ratings,BundleSheaf,false,5,5,epoch-0,5,0,cohens_d_train,0.020541582
amazon_ratings,BundleSheaf,false,5,5,epoch-0,0,0,cohens_d_test,0.032271456
amazon_ratings,BundleSheaf,false,5,5,epoch-0,1,0,cohens_d_test,0.038284373
amazon_ratings,BundleSheaf,false,5,5,epoch-0,2,0,cohens_d_test,0.019644668
amazon_ratings,BundleSheaf,false,5,5,epoch-0,3,0,cohens_d_test,0.0044536632
amazon_ratings,BundleSheaf,false,5,5,epoch-0,4,0,cohens_d_test,0.00065972615
amazon_ratings,BundleSheaf,false,5,5,epoch-0,5,0,cohens_d_test,0.002931196
amazon_ratings,BundleSheaf,false,5,5,epoch-0,0,1,degree,0.002897930303333185
amazon_ratings,BundleSheaf,false,5,5,epoch-0,1,1,degree,0.5573178151790633
amazon_ratings,BundleSheaf,false,5,5,epoch-0,2,1,degree,0.5357794085802546
amazon_ratings,BundleSheaf,false,5,5,epoch-0,3,1,degree,0.35001515751273043
amazon_ratings,BundleSheaf,false,5,5,epoch-0,4,1,degree,0.21611062890582777
amazon_ratings,BundleSheaf,false,5,5,epoch-0,5,1,degree,0.13646529859583578
amazon_ratings,BundleSheaf,false,5,5,epoch-0,0,1,betweenness,-0.002106190075818947
amazon_ratings,BundleSheaf,false,5,5,epoch-0,1,1,betweenness,0.25762247390202864
amazon_ratings,BundleSheaf,false,5,5,epoch-0,2,1,betweenness,0.34094411482916764
amazon_ratings,BundleSheaf,false,5,5,epoch-0,3,1,betweenness,0.31036577831133866
amazon_ratings,BundleSheaf,false,5,5,epoch-0,4,1,betweenness,0.2794130715061347
amazon_ratings,BundleSheaf,false,5,5,epoch-0,5,1,betweenness,0.26730529808020403
amazon_ratings,BundleSheaf,false,5,5,epoch-0,0,1,confidence,0.029620395254058785
amazon_ratings,BundleSheaf,false,5,5,epoch-0,1,1,confidence,0.16078087697240226
amazon_ratings,BundleSheaf,false,5,5,epoch-0,2,1,confidence,0.29783298992424223
amazon_ratings,BundleSheaf,false,5,5,epoch-0,3,1,confidence,0.3872683548988747
amazon_ratings,BundleSheaf,false,5,5,epoch-0,4,1,confidence,0.41865316638091155
amazon_ratings,BundleSheaf,false,5,5,epoch-0,5,1,confidence,0.4298879821045688
amazon_ratings,BundleSheaf,false,5,5,epoch-0,0,1,saliency,-0.005605374492654251
amazon_ratings,BundleSheaf,false,5,5,epoch-0,1,1,saliency,0.22916858538052967
amazon_ratings,BundleSheaf,false,5,5,epoch-0,2,1,saliency,0.601075384824485
amazon_ratings,BundleSheaf,false,5,5,epoch-0,3,1,saliency,0.8413352355368151
amazon_ratings,BundleSheaf,false,5,5,epoch-0,4,1,saliency,0.9123771480755792
amazon_ratings,BundleSheaf,false,5,5,epoch-0,5,1,saliency,0.9296871825681303
amazon_ratings,BundleSheaf,false,5,5,epoch-0,0,1,cohens_d_train,0.027834931
amazon_ratings,BundleSheaf,false,5,5,epoch-0,1,1,cohens_d_train,0.0565293
amazon_ratings,BundleSheaf,false,5,5,epoch-0,2,1,cohens_d_train,0.060607333
amazon_ratings,BundleSheaf,false,5,5,epoch-0,3,1,cohens_d_train,0.050533928
amazon_ratings,BundleSheaf,false,5,5,epoch-0,4,1,cohens_d_train,0.051616292
amazon_ratings,BundleSheaf,false,5,5,epoch-0,5,1,cohens_d_train,0.04830728
amazon_ratings,BundleSheaf,false,5,5,epoch-0,0,1,cohens_d_test,0.042352773
amazon_ratings,BundleSheaf,false,5,5,epoch-0,1,1,cohens_d_test,0.08202747
amazon_ratings,BundleSheaf,false,5,5,epoch-0,2,1,cohens_d_test,0.058154535
amazon_ratings,BundleSheaf,false,5,5,epoch-0,3,1,cohens_d_test,0.033253495
amazon_ratings,BundleSheaf,false,5,5,epoch-0,4,1,cohens_d_test,0.030430313
amazon_ratings,BundleSheaf,false,5,5,epoch-0,5,1,cohens_d_test,0.029540401
amazon_ratings,BundleSheaf,false,5,5,epoch-0,0,2,degree,0.0008943207842385154
amazon_ratings,BundleSheaf,false,5,5,epoch-0,1,2,degree,0.5614048120403706
amazon_ratings,BundleSheaf,false,5,5,epoch-0,2,2,degree,0.5396987233858135
amazon_ratings,BundleSheaf,false,5,5,epoch-0,3,2,degree,0.3574977092131968
amazon_ratings,BundleSheaf,false,5,5,epoch-0,4,2,degree,0.22276168350713765
amazon_ratings,BundleSheaf,false,5,5,epoch-0,5,2,degree,0.15730222627342821
amazon_ratings,BundleSheaf,false,5,5,epoch-0,0,2,betweenness,0.005891130421381768
amazon_ratings,BundleSheaf,false,5,5,epoch-0,1,2,betweenness,0.25372054508916875
amazon_ratings,BundleSheaf,false,5,5,epoch-0,2,2,betweenness,0.34092148595341776
amazon_ratings,BundleSheaf,false,5,5,epoch-0,3,2,betweenness,0.31172177112139154
amazon_ratings,BundleSheaf,false,5,5,epoch-0,4,2,betweenness,0.2834175014096181
amazon_ratings,BundleSheaf,false,5,5,epoch-0,5,2,betweenness,0.27359489221610017
amazon_ratings,BundleSheaf,false,5,5,epoch-0,0,2,confidence,0.031162097041422854
amazon_ratings,BundleSheaf,false,5,5,epoch-0,1,2,confidence,0.1556784550719635
amazon_ratings,BundleSheaf,false,5,5,epoch-0,2,2,confidence,0.2842520464808674
amazon_ratings,BundleSheaf,false,5,5,epoch-0,3,2,confidence,0.3674254487245028
amazon_ratings,BundleSheaf,false,5,5,epoch-0,4,2,confidence,0.4034737738347775
amazon_ratings,BundleSheaf,false,5,5,epoch-0,5,2,confidence,0.41610061154445693
amazon_ratings,BundleSheaf,false,5,5,epoch-0,0,2,saliency,0.016945749400002725
amazon_ratings,BundleSheaf,false,5,5,epoch-0,1,2,saliency,0.2213092460865606
amazon_ratings,BundleSheaf,false,5,5,epoch-0,2,2,saliency,0.5924567533818819
amazon_ratings,BundleSheaf,false,5,5,epoch-0,3,2,saliency,0.8304849254280631
amazon_ratings,BundleSheaf,false,5,5,epoch-0,4,2,saliency,0.9043945278029067
amazon_ratings,BundleSheaf,false,5,5,epoch-0,5,2,saliency,0.9212498748144115
amazon_ratings,BundleSheaf,false,5,5,epoch-0,0,2,cohens_d_train,0.000299698
amazon_ratings,BundleSheaf,false,5,5,epoch-0,1,2,cohens_d_train,0.06354216
amazon_ratings,BundleSheaf,false,5,5,epoch-0,2,2,cohens_d_train,0.049966287
amazon_ratings,BundleSheaf,false,5,5,epoch-0,3,2,cohens_d_train,0.025239846
amazon_ratings,BundleSheaf,false,5,5,epoch-0,4,2,cohens_d_train,0.012297241
amazon_ratings,BundleSheaf,false,5,5,epoch-0,5,2,cohens_d_train,0.009242883
amazon_ratings,BundleSheaf,false,5,5,epoch-0,0,2,cohens_d_test,0.023826974
amazon_ratings,BundleSheaf,false,5,5,epoch-0,1,2,cohens_d_test,0.042392004
amazon_ratings,BundleSheaf,false,5,5,epoch-0,2,2,cohens_d_test,0.015900744
amazon_ratings,BundleSheaf,false,5,5,epoch-0,3,2,cohens_d_test,0.032070264
amazon_ratings,BundleSheaf,false,5,5,epoch-0,4,2,cohens_d_test,0.034395806
amazon_ratings,BundleSheaf,false,5,5,epoch-0,5,2,cohens_d_test,0.033415724
amazon_ratings,BundleSheaf,false,5,5,epoch-0,0,3,degree,-0.003692311303418156
amazon_ratings,BundleSheaf,false,5,5,epoch-0,1,3,degree,0.5593931822014977
amazon_ratings,BundleSheaf,false,5,5,epoch-0,2,3,degree,0.5480811924724007
amazon_ratings,BundleSheaf,false,5,5,epoch-0,3,3,degree,0.37755204031605244
amazon_ratings,BundleSheaf,false,5,5,epoch-0,4,3,degree,0.22289700406428545
amazon_ratings,BundleSheaf,false,5,5,epoch-0,5,3,degree,0.13178502576818502
amazon_ratings,BundleSheaf,false,5,5,epoch-0,0,3,betweenness,0.009160949874917546
amazon_ratings,BundleSheaf,false,5,5,epoch-0,1,3,betweenness,0.2550232193012809
amazon_ratings,BundleSheaf,false,5,5,epoch-0,2,3,betweenness,0.3376710868015077
amazon_ratings,BundleSheaf,false,5,5,epoch-0,3,3,betweenness,0.31951830596210773
amazon_ratings,BundleSheaf,false,5,5,epoch-0,4,3,betweenness,0.2847766616732965
amazon_ratings,BundleSheaf,false,5,5,epoch-0,5,3,betweenness,0.2660078656113078
amazon_ratings,BundleSheaf,false,5,5,epoch-0,0,3,confidence,0.04089163845073609
amazon_ratings,BundleSheaf,false,5,5,epoch-0,1,3,confidence,0.14467026417617965
amazon_ratings,BundleSheaf,false,5,5,epoch-0,2,3,confidence,0.2575806172981559
amazon_ratings,BundleSheaf,false,5,5,epoch-0,3,3,confidence,0.3249764631359811
amazon_ratings,BundleSheaf,false,5,5,epoch-0,4,3,confidence,0.35160112598362564
amazon_ratings,BundleSheaf,false,5,5,epoch-0,5,3,confidence,0.3582930738484019
amazon_ratings,BundleSheaf,false,5,5,epoch-0,0,3,saliency,0.019441930089302104
amazon_ratings,BundleSheaf,false,5,5,epoch-0,1,3,saliency,0.22711833091575623
amazon_ratings,BundleSheaf,false,5,5,epoch-0,2,3,saliency,0.5890896759985513
amazon_ratings,BundleSheaf,false,5,5,epoch-0,3,3,saliency,0.817992140076884
amazon_ratings,BundleSheaf,false,5,5,epoch-0,4,3,saliency,0.8998538097203334
amazon_ratings,BundleSheaf,false,5,5,epoch-0,5,3,saliency,0.9203008184156724
amazon_ratings,BundleSheaf,false,5,5,epoch-0,0,3,cohens_d_train,0.007136664
amazon_ratings,BundleSheaf,false,5,5,epoch-0,1,3,cohens_d_train,0.027403954
amazon_ratings,BundleSheaf,false,5,5,epoch-0,2,3,cohens_d_train,0.016664222
amazon_ratings,BundleSheaf,false,5,5,epoch-0,3,3,cohens_d_train,0.0002651794
amazon_ratings,BundleSheaf,false,5,5,epoch-0,4,3,cohens_d_train,0.004801329
amazon_ratings,BundleSheaf,false,5,5,epoch-0,5,3,cohens_d_train,0.00060725305
amazon_ratings,BundleSheaf,false,5,5,epoch-0,0,3,cohens_d_test,0.056414757
amazon_ratings,BundleSheaf,false,5,5,epoch-0,1,3,cohens_d_test,0.05496267
amazon_ratings,BundleSheaf,false,5,5,epoch-0,2,3,cohens_d_test,0.063176356
amazon_ratings,BundleSheaf,false,5,5,epoch-0,3,3,cohens_d_test,0.05078278
amazon_ratings,BundleSheaf,false,5,5,epoch-0,4,3,cohens_d_test,0.04176562
amazon_ratings,BundleSheaf,false,5,5,epoch-0,5,3,cohens_d_test,0.036705155
amazon_ratings,BundleSheaf,false,5,5,epoch-0,0,4,degree,-0.0042916553158558034
amazon_ratings,BundleSheaf,false,5,5,epoch-0,1,4,degree,0.5542789131004652
amazon_ratings,BundleSheaf,false,5,5,epoch-0,2,4,degree,0.5477707475417575
amazon_ratings,BundleSheaf,false,5,5,epoch-0,3,4,degree,0.37062327356023594
amazon_ratings,BundleSheaf,false,5,5,epoch-0,4,4,degree,0.19168716328084837
amazon_ratings,BundleSheaf,false,5,5,epoch-0,5,4,degree,0.11950657743084918
amazon_ratings,BundleSheaf,false,5,5,epoch-0,0,4,betweenness,0.011631584934489453
amazon_ratings,BundleSheaf,false,5,5,epoch-0,1,4,betweenness,0.25812443151080844
amazon_ratings,BundleSheaf,false,5,5,epoch-0,2,4,betweenness,0.33873030550961986
amazon_ratings,BundleSheaf,false,5,5,epoch-0,3,4,betweenness,0.3143732681262895
amazon_ratings,BundleSheaf,false,5,5,epoch-0,4,4,betweenness,0.2723531073233204
amazon_ratings,BundleSheaf,false,5,5,epoch-0,5,4,betweenness,0.26330726319687087
amazon_ratings,BundleSheaf,false,5,5,epoch-0,0,4,confidence,0.04558766987288673
amazon_ratings,BundleSheaf,false,5,5,epoch-0,1,4,confidence,0.1546885622870351
amazon_ratings,BundleSheaf,false,5,5,epoch-0,2,4,confidence,0.2705687047611838
amazon_ratings,BundleSheaf,false,5,5,epoch-0,3,4,confidence,0.3449829277398469
amazon_ratings,BundleSheaf,false,5,5,epoch-0,4,4,confidence,0.3762181587112344
amazon_ratings,BundleSheaf,false,5,5,epoch-0,5,4,confidence,0.38340530940657264
amazon_ratings,BundleSheaf,false,5,5,epoch-0,0,4,saliency,0.03251737737012959
amazon_ratings,BundleSheaf,false,5,5,epoch-0,1,4,saliency,0.22470325962251544
amazon_ratings,BundleSheaf,false,5,5,epoch-0,2,4,saliency,0.5801509046970689
amazon_ratings,BundleSheaf,false,5,5,epoch-0,3,4,saliency,0.8230924102142103
amazon_ratings,BundleSheaf,false,5,5,epoch-0,4,4,saliency,0.9132428937675025
amazon_ratings,BundleSheaf,false,5,5,epoch-0,5,4,saliency,0.9297683908566126
amazon_ratings,BundleSheaf,false,5,5,epoch-0,0,4,cohens_d_train,0.014879578
amazon_ratings,BundleSheaf,false,5,5,epoch-0,1,4,cohens_d_train,0.07614134
amazon_ratings,BundleSheaf,false,5,5,epoch-0,2,4,cohens_d_train,0.07018038
amazon_ratings,BundleSheaf,false,5,5,epoch-0,3,4,cohens_d_train,0.048816342
amazon_ratings,BundleSheaf,false,5,5,epoch-0,4,4,cohens_d_train,0.041872066
amazon_ratings,BundleSheaf,false,5,5,epoch-0,5,4,cohens_d_train,0.031888556
amazon_ratings,BundleSheaf,false,5,5,epoch-0,0,4,cohens_d_test,0.053526867
amazon_ratings,BundleSheaf,false,5,5,epoch-0,1,4,cohens_d_test,0.13821046
amazon_ratings,BundleSheaf,false,5,5,epoch-0,2,4,cohens_d_test,0.087221704
amazon_ratings,BundleSheaf,false,5,5,epoch-0,3,4,cohens_d_test,0.054449547
amazon_ratings,BundleSheaf,false,5,5,epoch-0,4,4,cohens_d_test,0.044282395
amazon_ratings,BundleSheaf,false,5,5,epoch-0,5,4,cohens_d_test,0.03372585
amazon_ratings,BundleSheaf,false,5,5,epoch-0,0,5,degree,0.0014961462560666074
amazon_ratings,BundleSheaf,false,5,5,epoch-0,1,5,degree,0.5584305211670942
amazon_ratings,BundleSheaf,false,5,5,epoch-0,2,5,degree,0.5358695996373114
amazon_ratings,BundleSheaf,false,5,5,epoch-0,3,5,degree,0.3678392131417887
amazon_ratings,BundleSheaf,false,5,5,epoch-0,4,5,degree,0.22870566481521265
amazon_ratings,BundleSheaf,false,5,5,epoch-0,5,5,degree,0.15010237331878212
amazon_ratings,BundleSheaf,false,5,5,epoch-0,0,5,betweenness,0.004267488117515159
amazon_ratings,BundleSheaf,false,5,5,epoch-0,1,5,betweenness,0.2546148452717711
amazon_ratings,BundleSheaf,false,5,5,epoch-0,2,5,betweenness,0.34214101202173897
amazon_ratings,BundleSheaf,false,5,5,epoch-0,3,5,betweenness,0.3142041699933579
amazon_ratings,BundleSheaf,false,5,5,epoch-0,4,5,betweenness,0.28407134069609
amazon_ratings,BundleSheaf,false,5,5,epoch-0,5,5,betweenness,0.2700433709559067
amazon_ratings,BundleSheaf,false,5,5,epoch-0,0,5,confidence,0.04201945498391244
amazon_ratings,BundleSheaf,false,5,5,epoch-0,1,5,confidence,0.13395374425858417
amazon_ratings,BundleSheaf,false,5,5,epoch-0,2,5,confidence,0.242169485190422
amazon_ratings,BundleSheaf,false,5,5,epoch-0,3,5,confidence,0.3071564176400706
amazon_ratings,BundleSheaf,false,5,5,epoch-0,4,5,confidence,0.3341473400862557
amazon_ratings,BundleSheaf,false,5,5,epoch-0,5,5,confidence,0.3441047116990227
amazon_ratings,BundleSheaf,false,5,5,epoch-0,0,5,saliency,0.01534232481267729
amazon_ratings,BundleSheaf,false,5,5,epoch-0,1,5,saliency,0.2350906702247542
amazon_ratings,BundleSheaf,false,5,5,epoch-0,2,5,saliency,0.6084971051849046
amazon_ratings,BundleSheaf,false,5,5,epoch-0,3,5,saliency,0.8372206166301247
amazon_ratings,BundleSheaf,false,5,5,epoch-0,4,5,saliency,0.9131271315037711
amazon_ratings,BundleSheaf,false,5,5,epoch-0,5,5,saliency,0.9314796471819365
amazon_ratings,BundleSheaf,false,5,5,epoch-0,0,5,cohens_d_train,0.03908056
amazon_ratings,BundleSheaf,false,5,5,epoch-0,1,5,cohens_d_train,0.087918796
amazon_ratings,BundleSheaf,false,5,5,epoch-0,2,5,cohens_d_train,0.05834579
amazon_ratings,BundleSheaf,false,5,5,epoch-0,3,5,cohens_d_train,0.03322409
amazon_ratings,BundleSheaf,false,5,5,epoch-0,4,5,cohens_d_train,0.023612896
amazon_ratings,BundleSheaf,false,5,5,epoch-0,5,5,cohens_d_train,0.02195736
amazon_ratings,BundleSheaf,false,5,5,epoch-0,0,5,cohens_d_test,0.09292493
amazon_ratings,BundleSheaf,false,5,5,epoch-0,1,5,cohens_d_test,0.12660916
amazon_ratings,BundleSheaf,false,5,5,epoch-0,2,5,cohens_d_test,0.049797982
amazon_ratings,BundleSheaf,false,5,5,epoch-0,3,5,cohens_d_test,0.027228495
amazon_ratings,BundleSheaf,false,5,5,epoch-0,4,5,cohens_d_test,0.021752093
amazon_ratings,BundleSheaf,false,5,5,epoch-0,5,5,cohens_d_test,0.019478416
amazon_ratings,BundleSheaf,false,5,5,epoch-0,0,6,degree,0.009320882081785171
amazon_ratings,BundleSheaf,false,5,5,epoch-0,1,6,degree,0.5554552979077596
amazon_ratings,BundleSheaf,false,5,5,epoch-0,2,6,degree,0.5545604786537286
amazon_ratings,BundleSheaf,false,5,5,epoch-0,3,6,degree,0.377282302390267
amazon_ratings,BundleSheaf,false,5,5,epoch-0,4,6,degree,0.2325709229230463
amazon_ratings,BundleSheaf,false,5,5,epoch-0,5,6,degree,0.11024861554778871
amazon_ratings,BundleSheaf,false,5,5,epoch-0,0,6,betweenness,-0.01416157926349234
amazon_ratings,BundleSheaf,false,5,5,epoch-0,1,6,betweenness,0.2538280827442214
amazon_ratings,BundleSheaf,false,5,5,epoch-0,2,6,betweenness,0.3435603002010457
amazon_ratings,BundleSheaf,false,5,5,epoch-0,3,6,betweenness,0.31681919122714963
amazon_ratings,BundleSheaf,false,5,5,epoch-0,4,6,betweenness,0.28871617930144605
amazon_ratings,BundleSheaf,false,5,5,epoch-0,5,6,betweenness,0.25468490710576325
amazon_ratings,BundleSheaf,false,5,5,epoch-0,0,6,confidence,0.00599570652098212
amazon_ratings,BundleSheaf,false,5,5,epoch-0,1,6,confidence,0.13356650232500022
amazon_ratings,BundleSheaf,false,5,5,epoch-0,2,6,confidence,0.2500155155259046
amazon_ratings,BundleSheaf,false,5,5,epoch-0,3,6,confidence,0.33276915288505243
amazon_ratings,BundleSheaf,false,5,5,epoch-0,4,6,confidence,0.36667383340757803
amazon_ratings,BundleSheaf,false,5,5,epoch-0,5,6,confidence,0.3811252152902802
amazon_ratings,BundleSheaf,false,5,5,epoch-0,0,6,saliency,-0.015330510637068116
amazon_ratings,BundleSheaf,false,5,5,epoch-0,1,6,saliency,0.22098557608089173
amazon_ratings,BundleSheaf,false,5,5,epoch-0,2,6,saliency,0.5634614908015658
amazon_ratings,BundleSheaf,false,5,5,epoch-0,3,6,saliency,0.8001117748796497
amazon_ratings,BundleSheaf,false,5,5,epoch-0,4,6,saliency,0.8801629719412095
amazon_ratings,BundleSheaf,false,5,5,epoch-0,5,6,saliency,0.9049464484363368
amazon_ratings,BundleSheaf,false,5,5,epoch-0,0,6,cohens_d_train,0.00628745
amazon_ratings,BundleSheaf,false,5,5,epoch-0,1,6,cohens_d_train,0.006007268
amazon_ratings,BundleSheaf,false,5,5,epoch-0,2,6,cohens_d_train,0.0011365619
amazon_ratings,BundleSheaf,false,5,5,epoch-0,3,6,cohens_d_train,0.004177607
amazon_ratings,BundleSheaf,false,5,5,epoch-0,4,6,cohens_d_train,0.004386694
amazon_ratings,BundleSheaf,false,5,5,epoch-0,5,6,cohens_d_train,0.0035918714
amazon_ratings,BundleSheaf,false,5,5,epoch-0,0,6,cohens_d_test,0.03306854
amazon_ratings,BundleSheaf,false,5,5,epoch-0,1,6,cohens_d_test,0.005629449
amazon_ratings,BundleSheaf,false,5,5,epoch-0,2,6,cohens_d_test,0.009220624
amazon_ratings,BundleSheaf,false,5,5,epoch-0,3,6,cohens_d_test,0.019295491
amazon_ratings,BundleSheaf,false,5,5,epoch-0,4,6,cohens_d_test,0.02291626
amazon_ratings,BundleSheaf,false,5,5,epoch-0,5,6,cohens_d_test,0.021866046
amazon_ratings,BundleSheaf,false,5,5,epoch-0,0,7,degree,0.0058604446916471695
amazon_ratings,BundleSheaf,false,5,5,epoch-0,1,7,degree,0.5589668138338267
amazon_ratings,BundleSheaf,false,5,5,epoch-0,2,7,degree,0.5438015934756286
amazon_ratings,BundleSheaf,false,5,5,epoch-0,3,7,degree,0.37216285165877094
amazon_ratings,BundleSheaf,false,5,5,epoch-0,4,7,degree,0.20099481186516294
amazon_ratings,BundleSheaf,false,5,5,epoch-0,5,7,degree,0.1711397384330896
amazon_ratings,BundleSheaf,false,5,5,epoch-0,0,7,betweenness,-0.0019303665810986143
amazon_ratings,BundleSheaf,false,5,5,epoch-0,1,7,betweenness,0.2553386591347213
amazon_ratings,BundleSheaf,false,5,5,epoch-0,2,7,betweenness,0.34338187327486935
amazon_ratings,BundleSheaf,false,5,5,epoch-0,3,7,betweenness,0.3140643715879456
amazon_ratings,BundleSheaf,false,5,5,epoch-0,4,7,betweenness,0.2782053603657817
amazon_ratings,BundleSheaf,false,5,5,epoch-0,5,7,betweenness,0.28193162740339817
amazon_ratings,BundleSheaf,false,5,5,epoch-0,0,7,confidence,0.020749245267466448
amazon_ratings,BundleSheaf,false,5,5,epoch-0,1,7,confidence,0.1596320736375091
amazon_ratings,BundleSheaf,false,5,5,epoch-0,2,7,confidence,0.28290383716291323
amazon_ratings,BundleSheaf,false,5,5,epoch-0,3,7,confidence,0.3485126746376496
amazon_ratings,BundleSheaf,false,5,5,epoch-0,4,7,confidence,0.3719250203448906
amazon_ratings,BundleSheaf,false,5,5,epoch-0,5,7,confidence,0.381872526802396
amazon_ratings,BundleSheaf,false,5,5,epoch-0,0,7,saliency,-0.007708390557881138
amazon_ratings,BundleSheaf,false,5,5,epoch-0,1,7,saliency,0.2325268384508286
amazon_ratings,BundleSheaf,false,5,5,epoch-0,2,7,saliency,0.598892155630316
amazon_ratings,BundleSheaf,false,5,5,epoch-0,3,7,saliency,0.830099089735095
amazon_ratings,BundleSheaf,false,5,5,epoch-0,4,7,saliency,0.9122199236539205
amazon_ratings,BundleSheaf,false,5,5,epoch-0,5,7,saliency,0.9235152668894744
amazon_ratings,BundleSheaf,false,5,5,epoch-0,0,7,cohens_d_train,0.0045657116
amazon_ratings,BundleSheaf,false,5,5,epoch-0,1,7,cohens_d_train,0.10440873
amazon_ratings,BundleSheaf,false,5,5,epoch-0,2,7,cohens_d_train,0.05823242
amazon_ratings,BundleSheaf,false,5,5,epoch-0,3,7,cohens_d_train,0.032167107
amazon_ratings,BundleSheaf,false,5,5,epoch-0,4,7,cohens_d_train,0.016910294
amazon_ratings,BundleSheaf,false,5,5,epoch-0,5,7,cohens_d_train,0.019416785
amazon_ratings,BundleSheaf,false,5,5,epoch-0,0,7,cohens_d_test,0.0480555
amazon_ratings,BundleSheaf,false,5,5,epoch-0,1,7,cohens_d_test,0.08053063
amazon_ratings,BundleSheaf,false,5,5,epoch-0,2,7,cohens_d_test,0.042111583
amazon_ratings,BundleSheaf,false,5,5,epoch-0,3,7,cohens_d_test,0.017611574
amazon_ratings,BundleSheaf,false,5,5,epoch-0,4,7,cohens_d_test,0.002046057
amazon_ratings,BundleSheaf,false,5,5,epoch-0,5,7,cohens_d_test,0.0110042365
amazon_ratings,BundleSheaf,false,5,5,epoch-0,0,8,degree,0.002503187816518728
amazon_ratings,BundleSheaf,false,5,5,epoch-0,1,8,degree,0.5512874367376136
amazon_ratings,BundleSheaf,false,5,5,epoch-0,2,8,degree,0.5546289735075381
amazon_ratings,BundleSheaf,false,5,5,epoch-0,3,8,degree,0.3555863192936214
amazon_ratings,BundleSheaf,false,5,5,epoch-0,4,8,degree,0.23679106570036865
amazon_ratings,BundleSheaf,false,5,5,epoch-0,5,8,degree,0.16300432944430995
amazon_ratings,BundleSheaf,false,5,5,epoch-0,0,8,betweenness,0.0017839313905579119
amazon_ratings,BundleSheaf,false,5,5,epoch-0,1,8,betweenness,0.2522583111682519
amazon_ratings,BundleSheaf,false,5,5,epoch-0,2,8,betweenness,0.3419555166644824
amazon_ratings,BundleSheaf,false,5,5,epoch-0,3,8,betweenness,0.31491176186812
amazon_ratings,BundleSheaf,false,5,5,epoch-0,4,8,betweenness,0.2889386832992414
amazon_ratings,BundleSheaf,false,5,5,epoch-0,5,8,betweenness,0.27551067041163285
amazon_ratings,BundleSheaf,false,5,5,epoch-0,0,8,confidence,0.03751704418541594
amazon_ratings,BundleSheaf,false,5,5,epoch-0,1,8,confidence,0.13539067306788896
amazon_ratings,BundleSheaf,false,5,5,epoch-0,2,8,confidence,0.24207606073964247
amazon_ratings,BundleSheaf,false,5,5,epoch-0,3,8,confidence,0.3161606687389971
amazon_ratings,BundleSheaf,false,5,5,epoch-0,4,8,confidence,0.344909000838312
amazon_ratings,BundleSheaf,false,5,5,epoch-0,5,8,confidence,0.3581963389879618
amazon_ratings,BundleSheaf,false,5,5,epoch-0,0,8,saliency,0.021151987970783492
amazon_ratings,BundleSheaf,false,5,5,epoch-0,1,8,saliency,0.2389953083373804
amazon_ratings,BundleSheaf,false,5,5,epoch-0,2,8,saliency,0.5921534420894828
amazon_ratings,BundleSheaf,false,5,5,epoch-0,3,8,saliency,0.8418491911711565
amazon_ratings,BundleSheaf,false,5,5,epoch-0,4,8,saliency,0.9096338014952073
amazon_ratings,BundleSheaf,false,5,5,epoch-0,5,8,saliency,0.9289637544513438
amazon_ratings,BundleSheaf,false,5,5,epoch-0,0,8,cohens_d_train,0.03860359
amazon_ratings,BundleSheaf,false,5,5,epoch-0,1,8,cohens_d_train,0.080587685
amazon_ratings,BundleSheaf,false,5,5,epoch-0,2,8,cohens_d_train,0.06831748
amazon_ratings,BundleSheaf,false,5,5,epoch-0,3,8,cohens_d_train,0.06661058
amazon_ratings,BundleSheaf,false,5,5,epoch-0,4,8,cohens_d_train,0.05307957
amazon_ratings,BundleSheaf,false,5,5,epoch-0,5,8,cohens_d_train,0.053571988
amazon_ratings,BundleSheaf,false,5,5,epoch-0,0,8,cohens_d_test,0.025651658
amazon_ratings,BundleSheaf,false,5,5,epoch-0,1,8,cohens_d_test,0.00548379
amazon_ratings,BundleSheaf,false,5,5,epoch-0,2,8,cohens_d_test,0.043025892
amazon_ratings,BundleSheaf,false,5,5,epoch-0,3,8,cohens_d_test,0.03493449
amazon_ratings,BundleSheaf,false,5,5,epoch-0,4,8,cohens_d_test,0.037556477
amazon_ratings,BundleSheaf,false,5,5,epoch-0,5,8,cohens_d_test,0.039432794
amazon_ratings,BundleSheaf,false,5,5,epoch-0,0,9,degree,0.0053508567235742216
amazon_ratings,BundleSheaf,false,5,5,epoch-0,1,9,degree,0.551079624704566
amazon_ratings,BundleSheaf,false,5,5,epoch-0,2,9,degree,0.5436040598640502
amazon_ratings,BundleSheaf,false,5,5,epoch-0,3,9,degree,0.378169906381111
amazon_ratings,BundleSheaf,false,5,5,epoch-0,4,9,degree,0.2071782763935492
amazon_ratings,BundleSheaf,false,5,5,epoch-0,5,9,degree,0.15606948999260065
amazon_ratings,BundleSheaf,false,5,5,epoch-0,0,9,betweenness,0.0019742346333673252
amazon_ratings,BundleSheaf,false,5,5,epoch-0,1,9,betweenness,0.25254079444393207
amazon_ratings,BundleSheaf,false,5,5,epoch-0,2,9,betweenness,0.34292708418822954
amazon_ratings,BundleSheaf,false,5,5,epoch-0,3,9,betweenness,0.3177145726705647
amazon_ratings,BundleSheaf,false,5,5,epoch-0,4,9,betweenness,0.2765083230193521
amazon_ratings,BundleSheaf,false,5,5,epoch-0,5,9,betweenness,0.2747557565755215
amazon_ratings,BundleSheaf,false,5,5,epoch-0,0,9,confidence,0.023259281025405504
amazon_ratings,BundleSheaf,false,5,5,epoch-0,1,9,confidence,0.10025193800005568
amazon_ratings,BundleSheaf,false,5,5,epoch-0,2,9,confidence,0.1619096262319857
amazon_ratings,BundleSheaf,false,5,5,epoch-0,3,9,confidence,0.1945200620411228
amazon_ratings,BundleSheaf,false,5,5,epoch-0,4,9,confidence,0.20103302016061275
amazon_ratings,BundleSheaf,false,5,5,epoch-0,5,9,confidence,0.20600862879199336
amazon_ratings,BundleSheaf,false,5,5,epoch-0,0,9,saliency,0.024990760037026185
amazon_ratings,BundleSheaf,false,5,5,epoch-0,1,9,saliency,0.22569833201055564
amazon_ratings,BundleSheaf,false,5,5,epoch-0,2,9,saliency,0.5779105765438034
amazon_ratings,BundleSheaf,false,5,5,epoch-0,3,9,saliency,0.8123225678182912
amazon_ratings,BundleSheaf,false,5,5,epoch-0,4,9,saliency,0.8980458589862658
amazon_ratings,BundleSheaf,false,5,5,epoch-0,5,9,saliency,0.9108386701885909
amazon_ratings,BundleSheaf,false,5,5,epoch-0,0,9,cohens_d_train,0.021730373
amazon_ratings,BundleSheaf,false,5,5,epoch-0,1,9,cohens_d_train,0.10783161
amazon_ratings,BundleSheaf,false,5,5,epoch-0,2,9,cohens_d_train,0.042724855
amazon_ratings,BundleSheaf,false,5,5,epoch-0,3,9,cohens_d_train,0.0046453034
amazon_ratings,BundleSheaf,false,5,5,epoch-0,4,9,cohens_d_train,0.013307104
amazon_ratings,BundleSheaf,false,5,5,epoch-0,5,9,cohens_d_train,0.015745096
amazon_ratings,BundleSheaf,false,5,5,epoch-0,0,9,cohens_d_test,0.00026381636
amazon_ratings,BundleSheaf,false,5,5,epoch-0,1,9,cohens_d_test,0.16170214
amazon_ratings,BundleSheaf,false,5,5,epoch-0,2,9,cohens_d_test,0.11644892
amazon_ratings,BundleSheaf,false,5,5,epoch-0,3,9,cohens_d_test,0.06167325
amazon_ratings,BundleSheaf,false,5,5,epoch-0,4,9,cohens_d_test,0.035876032
amazon_ratings,BundleSheaf,false,5,5,epoch-0,5,9,cohens_d_test,0.030086972
amazon_ratings,BundleSheaf,false,5,5,epoch-1,0,0,degree,-0.0016557135910346345
amazon_ratings,BundleSheaf,false,5,5,epoch-1,1,0,degree,0.5577410892162499
amazon_ratings,BundleSheaf,false,5,5,epoch-1,2,0,degree,0.5441456778615847
amazon_ratings,BundleSheaf,false,5,5,epoch-1,3,0,degree,0.34830074942875494
amazon_ratings,BundleSheaf,false,5,5,epoch-1,4,0,degree,0.21600760371302755
amazon_ratings,BundleSheaf,false,5,5,epoch-1,5,0,degree,0.13835236989368746
amazon_ratings,BundleSheaf,false,5,5,epoch-1,0,0,betweenness,0.019745881408554232
amazon_ratings,BundleSheaf,false,5,5,epoch-1,1,0,betweenness,0.2613094988894087
amazon_ratings,BundleSheaf,false,5,5,epoch-1,2,0,betweenness,0.3459313052952688
amazon_ratings,BundleSheaf,false,5,5,epoch-1,3,0,betweenness,0.31043863549919054
amazon_ratings,BundleSheaf,false,5,5,epoch-1,4,0,betweenness,0.28180242758722757
amazon_ratings,BundleSheaf,false,5,5,epoch-1,5,0,betweenness,0.2687377557876238
amazon_ratings,BundleSheaf,false,5,5,epoch-1,0,0,confidence,0.034640001330937295
amazon_ratings,BundleSheaf,false,5,5,epoch-1,1,0,confidence,0.1446650039121053
amazon_ratings,BundleSheaf,false,5,5,epoch-1,2,0,confidence,0.27169253747516375
amazon_ratings,BundleSheaf,false,5,5,epoch-1,3,0,confidence,0.3522845033092929
amazon_ratings,BundleSheaf,false,5,5,epoch-1,4,0,confidence,0.3821895624750101
amazon_ratings,BundleSheaf,false,5,5,epoch-1,5,0,confidence,0.39371023115607345
amazon_ratings,BundleSheaf,false,5,5,epoch-1,0,0,saliency,0.0380313935456609
amazon_ratings,BundleSheaf,false,5,5,epoch-1,1,0,saliency,0.23151287381976104
amazon_ratings,BundleSheaf,false,5,5,epoch-1,2,0,saliency,0.598303375097489
amazon_ratings,BundleSheaf,false,5,5,epoch-1,3,0,saliency,0.8333881090261659
amazon_ratings,BundleSheaf,false,5,5,epoch-1,4,0,saliency,0.9008890593660197
amazon_ratings,BundleSheaf,false,5,5,epoch-1,5,0,saliency,0.9156691040841629
amazon_ratings,BundleSheaf,false,5,5,epoch-1,0,0,cohens_d_train,0.0050336313
amazon_ratings,BundleSheaf,false,5,5,epoch-1,1,0,cohens_d_train,0.021502456
amazon_ratings,BundleSheaf,false,5,5,epoch-1,2,0,cohens_d_train,0.032920353
amazon_ratings,BundleSheaf,false,5,5,epoch-1,3,0,cohens_d_train,0.053526163
amazon_ratings,BundleSheaf,false,5,5,epoch-1,4,0,cohens_d_train,0.06168745
amazon_ratings,BundleSheaf,false,5,5,epoch-1,5,0,cohens_d_train,0.063985795
amazon_ratings,BundleSheaf,false,5,5,epoch-1,0,0,cohens_d_test,0.0007293051
amazon_ratings,BundleSheaf,false,5,5,epoch-1,1,0,cohens_d_test,0.024916502
amazon_ratings,BundleSheaf,false,5,5,epoch-1,2,0,cohens_d_test,0.019852262
amazon_ratings,BundleSheaf,false,5,5,epoch-1,3,0,cohens_d_test,0.018014695
amazon_ratings,BundleSheaf,false,5,5,epoch-1,4,0,cohens_d_test,0.010339377
amazon_ratings,BundleSheaf,false,5,5,epoch-1,5,0,cohens_d_test,0.0023217408
amazon_ratings,BundleSheaf,false,5,5,epoch-1,0,1,degree,0.001310834880486142
amazon_ratings,BundleSheaf,false,5,5,epoch-1,1,1,degree,0.5543155425844233
amazon_ratings,BundleSheaf,false,5,5,epoch-1,2,1,degree,0.5387102632940107
amazon_ratings,BundleSheaf,false,5,5,epoch-1,3,1,degree,0.34723184082269065
amazon_ratings,BundleSheaf,false,5,5,epoch-1,4,1,degree,0.21607242724645087
amazon_ratings,BundleSheaf,false,5,5,epoch-1,5,1,degree,0.1257641049872791
amazon_ratings,BundleSheaf,false,5,5,epoch-1,0,1,betweenness,-0.0024360076047448102
amazon_ratings,BundleSheaf,false,5,5,epoch-1,1,1,betweenness,0.2549970583466181
amazon_ratings,BundleSheaf,false,5,5,epoch-1,2,1,betweenness,0.33995842175623525
amazon_ratings,BundleSheaf,false,5,5,epoch-1,3,1,betweenness,0.30791205375587033
amazon_ratings,BundleSheaf,false,5,5,epoch-1,4,1,betweenness,0.2804581993051823
amazon_ratings,BundleSheaf,false,5,5,epoch-1,5,1,betweenness,0.2636248329001812
amazon_ratings,BundleSheaf,false,5,5,epoch-1,0,1,confidence,0.02098425359477913
amazon_ratings,BundleSheaf,false,5,5,epoch-1,1,1,confidence,0.14397466194552988
amazon_ratings,BundleSheaf,false,5,5,epoch-1,2,1,confidence,0.255941029364803
amazon_ratings,BundleSheaf,false,5,5,epoch-1,3,1,confidence,0.32942144017677316
amazon_ratings,BundleSheaf,false,5,5,epoch-1,4,1,confidence,0.351277682958531
amazon_ratings,BundleSheaf,false,5,5,epoch-1,5,1,confidence,0.3574935076527422
amazon_ratings,BundleSheaf,false,5,5,epoch-1,0,1,saliency,0.008498748752633822
amazon_ratings,BundleSheaf,false,5,5,epoch-1,1,1,saliency,0.21914801285117425
amazon_ratings,BundleSheaf,false,5,5,epoch-1,2,1,saliency,0.5869310804672173
amazon_ratings,BundleSheaf,false,5,5,epoch-1,3,1,saliency,0.8368968286401477
amazon_ratings,BundleSheaf,false,5,5,epoch-1,4,1,saliency,0.9038556563192436
amazon_ratings,BundleSheaf,false,5,5,epoch-1,5,1,saliency,0.918820178882542
amazon_ratings,BundleSheaf,false,5,5,epoch-1,0,1,cohens_d_train,0.04429574
amazon_ratings,BundleSheaf,false,5,5,epoch-1,1,1,cohens_d_train,0.049196355
amazon_ratings,BundleSheaf,false,5,5,epoch-1,2,1,cohens_d_train,0.05814401
amazon_ratings,BundleSheaf,false,5,5,epoch-1,3,1,cohens_d_train,0.05108839
amazon_ratings,BundleSheaf,false,5,5,epoch-1,4,1,cohens_d_train,0.050527383
amazon_ratings,BundleSheaf,false,5,5,epoch-1,5,1,cohens_d_train,0.048298266
amazon_ratings,BundleSheaf,false,5,5,epoch-1,0,1,cohens_d_test,0.037930615
amazon_ratings,BundleSheaf,false,5,5,epoch-1,1,1,cohens_d_test,0.017751716
amazon_ratings,BundleSheaf,false,5,5,epoch-1,2,1,cohens_d_test,0.041979425
amazon_ratings,BundleSheaf,false,5,5,epoch-1,3,1,cohens_d_test,0.044383377
amazon_ratings,BundleSheaf,false,5,5,epoch-1,4,1,cohens_d_test,0.04238975
amazon_ratings,BundleSheaf,false,5,5,epoch-1,5,1,cohens_d_test,0.041496597
amazon_ratings,BundleSheaf,false,5,5,epoch-1,0,2,degree,0.0020694000460091027
amazon_ratings,BundleSheaf,false,5,5,epoch-1,1,2,degree,0.5549979014128913
amazon_ratings,BundleSheaf,false,5,5,epoch-1,2,2,degree,0.5332910887258115
amazon_ratings,BundleSheaf,false,5,5,epoch-1,3,2,degree,0.347460048974383
amazon_ratings,BundleSheaf,false,5,5,epoch-1,4,2,degree,0.20932801318378644
amazon_ratings,BundleSheaf,false,5,5,epoch-1,5,2,degree,0.15698612878558002
amazon_ratings,BundleSheaf,false,5,5,epoch-1,0,2,betweenness,0.007415978219984525
amazon_ratings,BundleSheaf,false,5,5,epoch-1,1,2,betweenness,0.2575176586465619
amazon_ratings,BundleSheaf,false,5,5,epoch-1,2,2,betweenness,0.3396657070731135
amazon_ratings,BundleSheaf,false,5,5,epoch-1,3,2,betweenness,0.3101933450117847
amazon_ratings,BundleSheaf,false,5,5,epoch-1,4,2,betweenness,0.2815727135770958
amazon_ratings,BundleSheaf,false,5,5,epoch-1,5,2,betweenness,0.2748167118447304
amazon_ratings,BundleSheaf,false,5,5,epoch-1,0,2,confidence,0.0329781363704332
amazon_ratings,BundleSheaf,false,5,5,epoch-1,1,2,confidence,0.13419184527585132
amazon_ratings,BundleSheaf,false,5,5,epoch-1,2,2,confidence,0.23870404004432655
amazon_ratings,BundleSheaf,false,5,5,epoch-1,3,2,confidence,0.29923635125492803
amazon_ratings,BundleSheaf,false,5,5,epoch-1,4,2,confidence,0.31821976751213404
amazon_ratings,BundleSheaf,false,5,5,epoch-1,5,2,confidence,0.3215404693200393
amazon_ratings,BundleSheaf,false,5,5,epoch-1,0,2,saliency,-0.00419639134954958
amazon_ratings,BundleSheaf,false,5,5,epoch-1,1,2,saliency,0.21451552093811307
amazon_ratings,BundleSheaf,false,5,5,epoch-1,2,2,saliency,0.5842797938953709
amazon_ratings,BundleSheaf,false,5,5,epoch-1,3,2,saliency,0.820604304609421
amazon_ratings,BundleSheaf,false,5,5,epoch-1,4,2,saliency,0.8922855544373477
amazon_ratings,BundleSheaf,false,5,5,epoch-1,5,2,saliency,0.9092734648764742
amazon_ratings,BundleSheaf,false,5,5,epoch-1,0,2,cohens_d_train,0.01952128
amazon_ratings,BundleSheaf,false,5,5,epoch-1,1,2,cohens_d_train,0.01739342
amazon_ratings,BundleSheaf,false,5,5,epoch-1,2,2,cohens_d_train,0.015381942
amazon_ratings,BundleSheaf,false,5,5,epoch-1,3,2,cohens_d_train,0.012717803
amazon_ratings,BundleSheaf,false,5,5,epoch-1,4,2,cohens_d_train,0.008943205
amazon_ratings,BundleSheaf,false,5,5,epoch-1,5,2,cohens_d_train,0.0059027616
amazon_ratings,BundleSheaf,false,5,5,epoch-1,0,2,cohens_d_test,0.02590976
amazon_ratings,BundleSheaf,false,5,5,epoch-1,1,2,cohens_d_test,0.025603335
amazon_ratings,BundleSheaf,false,5,5,epoch-1,2,2,cohens_d_test,0.029219566
amazon_ratings,BundleSheaf,false,5,5,epoch-1,3,2,cohens_d_test,0.04090077
amazon_ratings,BundleSheaf,false,5,5,epoch-1,4,2,cohens_d_test,0.04815862
amazon_ratings,BundleSheaf,false,5,5,epoch-1,5,2,cohens_d_test,0.053151954
amazon_ratings,BundleSheaf,false,5,5,epoch-1,0,3,degree,0.002688515545596706
amazon_ratings,BundleSheaf,false,5,5,epoch-1,1,3,degree,0.5475360157064919
amazon_ratings,BundleSheaf,false,5,5,epoch-1,2,3,degree,0.5483222620584893
amazon_ratings,BundleSheaf,false,5,5,epoch-1,3,3,degree,0.372963298172708
amazon_ratings,BundleSheaf,false,5,5,epoch-1,4,3,degree,0.2236710162909548
amazon_ratings,BundleSheaf,false,5,5,epoch-1,5,3,degree,0.1339575716025404
amazon_ratings,BundleSheaf,false,5,5,epoch-1,0,3,betweenness,0.0014113855899907043
amazon_ratings,BundleSheaf,false,5,5,epoch-1,1,3,betweenness,0.2512465056170923
amazon_ratings,BundleSheaf,false,5,5,epoch-1,2,3,betweenness,0.3350843150967673
amazon_ratings,BundleSheaf,false,5,5,epoch-1,3,3,betweenness,0.3166551785990015
amazon_ratings,BundleSheaf,false,5,5,epoch-1,4,3,betweenness,0.2846937756004759
amazon_ratings,BundleSheaf,false,5,5,epoch-1,5,3,betweenness,0.2668751785254283
amazon_ratings,BundleSheaf,false,5,5,epoch-1,0,3,confidence,0.007037243490445799
amazon_ratings,BundleSheaf,false,5,5,epoch-1,1,3,confidence,0.13695268029498442
amazon_ratings,BundleSheaf,false,5,5,epoch-1,2,3,confidence,0.25601728898555515
amazon_ratings,BundleSheaf,false,5,5,epoch-1,3,3,confidence,0.3325585053709246
amazon_ratings,BundleSheaf,false,5,5,epoch-1,4,3,confidence,0.3625102594228881
amazon_ratings,BundleSheaf,false,5,5,epoch-1,5,3,confidence,0.3704216973522817
amazon_ratings,BundleSheaf,false,5,5,epoch-1,0,3,saliency,0.001910602977735646
amazon_ratings,BundleSheaf,false,5,5,epoch-1,1,3,saliency,0.22648732019242104
amazon_ratings,BundleSheaf,false,5,5,epoch-1,2,3,saliency,0.5926702392593712
amazon_ratings,BundleSheaf,false,5,5,epoch-1,3,3,saliency,0.8226087842451296
amazon_ratings,BundleSheaf,false,5,5,epoch-1,4,3,saliency,0.8993992165375221
amazon_ratings,BundleSheaf,false,5,5,epoch-1,5,3,saliency,0.9157369679724023
amazon_ratings,BundleSheaf,false,5,5,epoch-1,0,3,cohens_d_train,0.015064446
amazon_ratings,BundleSheaf,false,5,5,epoch-1,1,3,cohens_d_train,0.12962785
amazon_ratings,BundleSheaf,false,5,5,epoch-1,2,3,cohens_d_train,0.083012
amazon_ratings,BundleSheaf,false,5,5,epoch-1,3,3,cohens_d_train,0.046878353
amazon_ratings,BundleSheaf,false,5,5,epoch-1,4,3,cohens_d_train,0.029738622
amazon_ratings,BundleSheaf,false,5,5,epoch-1,5,3,cohens_d_train,0.018527726
amazon_ratings,BundleSheaf,false,5,5,epoch-1,0,3,cohens_d_test,0.027853845
amazon_ratings,BundleSheaf,false,5,5,epoch-1,1,3,cohens_d_test,0.059270956
amazon_ratings,BundleSheaf,false,5,5,epoch-1,2,3,cohens_d_test,0.0062230825
amazon_ratings,BundleSheaf,false,5,5,epoch-1,3,3,cohens_d_test,0.0027927745
amazon_ratings,BundleSheaf,false,5,5,epoch-1,4,3,cohens_d_test,0.0050846557
amazon_ratings,BundleSheaf,false,5,5,epoch-1,5,3,cohens_d_test,0.0039258315
amazon_ratings,BundleSheaf,false,5,5,epoch-1,0,4,degree,-0.0018057384530128014
amazon_ratings,BundleSheaf,false,5,5,epoch-1,1,4,degree,0.5560906010721012
amazon_ratings,BundleSheaf,false,5,5,epoch-1,2,4,degree,0.5446250560381326
amazon_ratings,BundleSheaf,false,5,5,epoch-1,3,4,degree,0.37109706618693
amazon_ratings,BundleSheaf,false,5,5,epoch-1,4,4,degree,0.17188868597621446
amazon_ratings,BundleSheaf,false,5,5,epoch-1,5,4,degree,0.11767729064554126
amazon_ratings,BundleSheaf,false,5,5,epoch-1,0,4,betweenness,0.01033695401096115
amazon_ratings,BundleSheaf,false,5,5,epoch-1,1,4,betweenness,0.2603036689997935
amazon_ratings,BundleSheaf,false,5,5,epoch-1,2,4,betweenness,0.3380755844066108
amazon_ratings,BundleSheaf,false,5,5,epoch-1,3,4,betweenness,0.3173639089854956
amazon_ratings,BundleSheaf,false,5,5,epoch-1,4,4,betweenness,0.2657136352964698
amazon_ratings,BundleSheaf,false,5,5,epoch-1,5,4,betweenness,0.262280936273247
amazon_ratings,BundleSheaf,false,5,5,epoch-1,0,4,confidence,0.028809550532473152
amazon_ratings,BundleSheaf,false,5,5,epoch-1,1,4,confidence,0.15841438391144
amazon_ratings,BundleSheaf,false,5,5,epoch-1,2,4,confidence,0.2842662146776252
amazon_ratings,BundleSheaf,false,5,5,epoch-1,3,4,confidence,0.3687081758171783
amazon_ratings,BundleSheaf,false,5,5,epoch-1,4,4,confidence,0.40572560993111706
amazon_ratings,BundleSheaf,false,5,5,epoch-1,5,4,confidence,0.41315332900851004
amazon_ratings,BundleSheaf,false,5,5,epoch-1,0,4,saliency,0.01354067126696462
amazon_ratings,BundleSheaf,false,5,5,epoch-1,1,4,saliency,0.21279186600393185
amazon_ratings,BundleSheaf,false,5,5,epoch-1,2,4,saliency,0.567579337057813
amazon_ratings,BundleSheaf,false,5,5,epoch-1,3,4,saliency,0.814314420195634
amazon_ratings,BundleSheaf,false,5,5,epoch-1,4,4,saliency,0.9053707863663724
amazon_ratings,BundleSheaf,false,5,5,epoch-1,5,4,saliency,0.9154933711130278
amazon_ratings,BundleSheaf,false,5,5,epoch-1,0,4,cohens_d_train,0.018707754
amazon_ratings,BundleSheaf,false,5,5,epoch-1,1,4,cohens_d_train,0.016047517
amazon_ratings,BundleSheaf,false,5,5,epoch-1,2,4,cohens_d_train,0.00559176
amazon_ratings,BundleSheaf,false,5,5,epoch-1,3,4,cohens_d_train,0.022359362
amazon_ratings,BundleSheaf,false,5,5,epoch-1,4,4,cohens_d_train,0.023874639
amazon_ratings,BundleSheaf,false,5,5,epoch-1,5,4,cohens_d_train,0.0328593
amazon_ratings,BundleSheaf,false,5,5,epoch-1,0,4,cohens_d_test,0.017122302
amazon_ratings,BundleSheaf,false,5,5,epoch-1,1,4,cohens_d_test,0.07029644
amazon_ratings,BundleSheaf,false,5,5,epoch-1,2,4,cohens_d_test,0.04809963
amazon_ratings,BundleSheaf,false,5,5,epoch-1,3,4,cohens_d_test,0.01783878
amazon_ratings,BundleSheaf,false,5,5,epoch-1,4,4,cohens_d_test,0.009728024
amazon_ratings,BundleSheaf,false,5,5,epoch-1,5,4,cohens_d_test,0.0003315413
amazon_ratings,BundleSheaf,false,5,5,epoch-1,0,5,degree,0.005425720698449582
amazon_ratings,BundleSheaf,false,5,5,epoch-1,1,5,degree,0.559071399257356
amazon_ratings,BundleSheaf,false,5,5,epoch-1,2,5,degree,0.5278578108434177
amazon_ratings,BundleSheaf,false,5,5,epoch-1,3,5,degree,0.3618128003068948
amazon_ratings,BundleSheaf,false,5,5,epoch-1,4,5,degree,0.22016735854649053
amazon_ratings,BundleSheaf,false,5,5,epoch-1,5,5,degree,0.1459681603974949
amazon_ratings,BundleSheaf,false,5,5,epoch-1,0,5,betweenness,0.006744502451468223
amazon_ratings,BundleSheaf,false,5,5,epoch-1,1,5,betweenness,0.2482757419531569
amazon_ratings,BundleSheaf,false,5,5,epoch-1,2,5,betweenness,0.3319371669445406
amazon_ratings,BundleSheaf,false,5,5,epoch-1,3,5,betweenness,0.31014971967963334
amazon_ratings,BundleSheaf,false,5,5,epoch-1,4,5,betweenness,0.2789565368955919
amazon_ratings,BundleSheaf,false,5,5,epoch-1,5,5,betweenness,0.2699872736535411
amazon_ratings,BundleSheaf,false,5,5,epoch-1,0,5,confidence,0.02518891859238228
amazon_ratings,BundleSheaf,false,5,5,epoch-1,1,5,confidence,0.15171587062802636
amazon_ratings,BundleSheaf,false,5,5,epoch-1,2,5,confidence,0.26535407850911824
amazon_ratings,BundleSheaf,false,5,5,epoch-1,3,5,confidence,0.33216763081586703
amazon_ratings,BundleSheaf,false,5,5,epoch-1,4,5,confidence,0.35233725124134596
amazon_ratings,BundleSheaf,false,5,5,epoch-1,5,5,confidence,0.3587010729849577
amazon_ratings,BundleSheaf,false,5,5,epoch-1,0,5,saliency,0.018625398710039348
amazon_ratings,BundleSheaf,false,5,5,epoch-1,1,5,saliency,0.21568286341143106
amazon_ratings,BundleSheaf,false,5,5,epoch-1,2,5,saliency,0.5916906062932284
amazon_ratings,BundleSheaf,false,5,5,epoch-1,3,5,saliency,0.8222872839752354
amazon_ratings,BundleSheaf,false,5,5,epoch-1,4,5,saliency,0.8924098252735604
amazon_ratings,BundleSheaf,false,5,5,epoch-1,5,5,saliency,0.9058857762080439
amazon_ratings,BundleSheaf,false,5,5,epoch-1,0,5,cohens_d_train,0.0038012133
amazon_ratings,BundleSheaf,false,5,5,epoch-1,1,5,cohens_d_train,0.1153415
amazon_ratings,BundleSheaf,false,5,5,epoch-1,2,5,cohens_d_train,0.071581624
amazon_ratings,BundleSheaf,false,5,5,epoch-1,3,5,cohens_d_train,0.033143867
amazon_ratings,BundleSheaf,false,5,5,epoch-1,4,5,cohens_d_train,0.019736473
amazon_ratings,BundleSheaf,false,5,5,epoch-1,5,5,cohens_d_train,0.014363025
amazon_ratings,BundleSheaf,false,5,5,epoch-1,0,5,cohens_d_test,0.010641358
amazon_ratings,BundleSheaf,false,5,5,epoch-1,1,5,cohens_d_test,0.12659773
amazon_ratings,BundleSheaf,false,5,5,epoch-1,2,5,cohens_d_test,0.091965206
amazon_ratings,BundleSheaf,false,5,5,epoch-1,3,5,cohens_d_test,0.0751292
amazon_ratings,BundleSheaf,false,5,5,epoch-1,4,5,cohens_d_test,0.06776451
amazon_ratings,BundleSheaf,false,5,5,epoch-1,5,5,cohens_d_test,0.06451947
amazon_ratings,BundleSheaf,false,5,5,epoch-1,0,6,degree,0.0026946704549160685
amazon_ratings,BundleSheaf,false,5,5,epoch-1,1,6,degree,0.5542168871686051
amazon_ratings,BundleSheaf,false,5,5,epoch-1,2,6,degree,0.5507902604834954
amazon_ratings,BundleSheaf,false,5,5,epoch-1,3,6,degree,0.37349510429976246
amazon_ratings,BundleSheaf,false,5,5,epoch-1,4,6,degree,0.2343816065367693
amazon_ratings,BundleSheaf,false,5,5,epoch-1,5,6,degree,0.10232376632205345
amazon_ratings,BundleSheaf,false,5,5,epoch-1,0,6,betweenness,0.0010684982818140063
amazon_ratings,BundleSheaf,false,5,5,epoch-1,1,6,betweenness,0.25503482962507273
amazon_ratings,BundleSheaf,false,5,5,epoch-1,2,6,betweenness,0.3413046443001408
amazon_ratings,BundleSheaf,false,5,5,epoch-1,3,6,betweenness,0.31616822328002037
amazon_ratings,BundleSheaf,false,5,5,epoch-1,4,6,betweenness,0.29048167258332364
amazon_ratings,BundleSheaf,false,5,5,epoch-1,5,6,betweenness,0.25436556954709916
amazon_ratings,BundleSheaf,false,5,5,epoch-1,0,6,confidence,0.028841322101645035
amazon_ratings,BundleSheaf,false,5,5,epoch-1,1,6,confidence,0.1481351336620521
amazon_ratings,BundleSheaf,false,5,5,epoch-1,2,6,confidence,0.26762698088837944
amazon_ratings,BundleSheaf,false,5,5,epoch-1,3,6,confidence,0.3549680265890968
amazon_ratings,BundleSheaf,false,5,5,epoch-1,4,6,confidence,0.3897473298725378
amazon_ratings,BundleSheaf,false,5,5,epoch-1,5,6,confidence,0.4051726433197918
amazon_ratings,BundleSheaf,false,5,5,epoch-1,0,6,saliency,0.017297608738123475
amazon_ratings,BundleSheaf,false,5,5,epoch-1,1,6,saliency,0.23118832363873762
amazon_ratings,BundleSheaf,false,5,5,epoch-1,2,6,saliency,0.5699969291322372
amazon_ratings,BundleSheaf,false,5,5,epoch-1,3,6,saliency,0.791764502287868
amazon_ratings,BundleSheaf,false,5,5,epoch-1,4,6,saliency,0.8635402199406738
amazon_ratings,BundleSheaf,false,5,5,epoch-1,5,6,saliency,0.884361778889684
amazon_ratings,BundleSheaf,false,5,5,epoch-1,0,6,cohens_d_train,0.00048304675
amazon_ratings,BundleSheaf,false,5,5,epoch-1,1,6,cohens_d_train,0.05568811
amazon_ratings,BundleSheaf,false,5,5,epoch-1,2,6,cohens_d_train,0.039297584
amazon_ratings,BundleSheaf,false,5,5,epoch-1,3,6,cohens_d_train,0.028200129
amazon_ratings,BundleSheaf,false,5,5,epoch-1,4,6,cohens_d_train,0.02536606
amazon_ratings,BundleSheaf,false,5,5,epoch-1,5,6,cohens_d_train,0.0149124265
amazon_ratings,BundleSheaf,false,5,5,epoch-1,0,6,cohens_d_test,0.011930049
amazon_ratings,BundleSheaf,false,5,5,epoch-1,1,6,cohens_d_test,0.057372283
amazon_ratings,BundleSheaf,false,5,5,epoch-1,2,6,cohens_d_test,0.0514346
amazon_ratings,BundleSheaf,false,5,5,epoch-1,3,6,cohens_d_test,0.04323578
amazon_ratings,BundleSheaf,false,5,5,epoch-1,4,6,cohens_d_test,0.038098656
amazon_ratings,BundleSheaf,false,5,5,epoch-1,5,6,cohens_d_test,0.024041994
amazon_ratings,BundleSheaf,false,5,5,epoch-1,0,7,degree,0.0006254052699354765
amazon_ratings,BundleSheaf,false,5,5,epoch-1,1,7,degree,0.5569480758482537
amazon_ratings,BundleSheaf,false,5,5,epoch-1,2,7,degree,0.5418093565045816
amazon_ratings,BundleSheaf,false,5,5,epoch-1,3,7,degree,0.37420203332535884
amazon_ratings,BundleSheaf,false,5,5,epoch-1,4,7,degree,0.183162720542896
amazon_ratings,BundleSheaf,false,5,5,epoch-1,5,7,degree,0.16271795607307557
amazon_ratings,BundleSheaf,false,5,5,epoch-1,0,7,betweenness,0.01058333156831905
amazon_ratings,BundleSheaf,false,5,5,epoch-1,1,7,betweenness,0.256385282701255
amazon_ratings,BundleSheaf,false,5,5,epoch-1,2,7,betweenness,0.3406593349466774
amazon_ratings,BundleSheaf,false,5,5,epoch-1,3,7,betweenness,0.3153578871153569
amazon_ratings,BundleSheaf,false,5,5,epoch-1,4,7,betweenness,0.2717043364078258
amazon_ratings,BundleSheaf,false,5,5,epoch-1,5,7,betweenness,0.2796422087380216
amazon_ratings,BundleSheaf,false,5,5,epoch-1,0,7,confidence,0.03255895705408049
amazon_ratings,BundleSheaf,false,5,5,epoch-1,1,7,confidence,0.1375561740058604
amazon_ratings,BundleSheaf,false,5,5,epoch-1,2,7,confidence,0.25919522586098215
amazon_ratings,BundleSheaf,false,5,5,epoch-1,3,7,confidence,0.32824185401725475
amazon_ratings,BundleSheaf,false,5,5,epoch-1,4,7,confidence,0.3601069318522696
amazon_ratings,BundleSheaf,false,5,5,epoch-1,5,7,confidence,0.3695461830599395
amazon_ratings,BundleSheaf,false,5,5,epoch-1,0,7,saliency,0.004354849166071556
amazon_ratings,BundleSheaf,false,5,5,epoch-1,1,7,saliency,0.2298330270410262
amazon_ratings,BundleSheaf,false,5,5,epoch-1,2,7,saliency,0.6025829683787128
amazon_ratings,BundleSheaf,false,5,5,epoch-1,3,7,saliency,0.8215809691820227
amazon_ratings,BundleSheaf,false,5,5,epoch-1,4,7,saliency,0.9049317322097675
amazon_ratings,BundleSheaf,false,5,5,epoch-1,5,7,saliency,0.9101080827338237
amazon_ratings,BundleSheaf,false,5,5,epoch-1,0,7,cohens_d_train,0.024602886
amazon_ratings,BundleSheaf,false,5,5,epoch-1,1,7,cohens_d_train,0.14904799
amazon_ratings,BundleSheaf,false,5,5,epoch-1,2,7,cohens_d_train,0.10008305
amazon_ratings,BundleSheaf,false,5,5,epoch-1,3,7,cohens_d_train,0.05521079
amazon_ratings,BundleSheaf,false,5,5,epoch-1,4,7,cohens_d_train,0.040655438
amazon_ratings,BundleSheaf,false,5,5,epoch-1,5,7,cohens_d_train,0.026308088
amazon_ratings,BundleSheaf,false,5,5,epoch-1,0,7,cohens_d_test,0.046284366
amazon_ratings,BundleSheaf,false,5,5,epoch-1,1,7,cohens_d_test,0.1145311
amazon_ratings,BundleSheaf,false,5,5,epoch-1,2,7,cohens_d_test,0.09062851
amazon_ratings,BundleSheaf,false,5,5,epoch-1,3,7,cohens_d_test,0.06123607
amazon_ratings,BundleSheaf,false,5,5,epoch-1,4,7,cohens_d_test,0.049111303
amazon_ratings,BundleSheaf,false,5,5,epoch-1,5,7,cohens_d_test,0.04015939
amazon_ratings,BundleSheaf,false,5,5,epoch-1,0,8,degree,-0.0051418647338972116
amazon_ratings,BundleSheaf,false,5,5,epoch-1,1,8,degree,0.5450606359198237
amazon_ratings,BundleSheaf,false,5,5,epoch-1,2,8,degree,0.5489175641147632
amazon_ratings,BundleSheaf,false,5,5,epoch-1,3,8,degree,0.34402469939443464
amazon_ratings,BundleSheaf,false,5,5,epoch-1,4,8,degree,0.2356318424001545
amazon_ratings,BundleSheaf,false,5,5,epoch-1,5,8,degree,0.15971960034311894
amazon_ratings,BundleSheaf,false,5,5,epoch-1,0,8,betweenness,0.029615060307434982
amazon_ratings,BundleSheaf,false,5,5,epoch-1,1,8,betweenness,0.2594197462594185
amazon_ratings,BundleSheaf,false,5,5,epoch-1,2,8,betweenness,0.3458600244136246
amazon_ratings,BundleSheaf,false,5,5,epoch-1,3,8,betweenness,0.31054183958142056
amazon_ratings,BundleSheaf,false,5,5,epoch-1,4,8,betweenness,0.28850020767072626
amazon_ratings,BundleSheaf,false,5,5,epoch-1,5,8,betweenness,0.27461969392840885
amazon_ratings,BundleSheaf,false,5,5,epoch-1,0,8,confidence,0.06096550275818015
amazon_ratings,BundleSheaf,false,5,5,epoch-1,1,8,confidence,0.15378615640026813
amazon_ratings,BundleSheaf,false,5,5,epoch-1,2,8,confidence,0.26222606439055124
amazon_ratings,BundleSheaf,false,5,5,epoch-1,3,8,confidence,0.3342971380730472
amazon_ratings,BundleSheaf,false,5,5,epoch-1,4,8,confidence,0.35770159663854156
amazon_ratings,BundleSheaf,false,5,5,epoch-1,5,8,confidence,0.3648473038204728
amazon_ratings,BundleSheaf,false,5,5,epoch-1,0,8,saliency,0.07447306300275656
amazon_ratings,BundleSheaf,false,5,5,epoch-1,1,8,saliency,0.24227349685531113
amazon_ratings,BundleSheaf,false,5,5,epoch-1,2,8,saliency,0.5962813289759484
amazon_ratings,BundleSheaf,false,5,5,epoch-1,3,8,saliency,0.8387368787814856
amazon_ratings,BundleSheaf,false,5,5,epoch-1,4,8,saliency,0.9022725069901263
amazon_ratings,BundleSheaf,false,5,5,epoch-1,5,8,saliency,0.9169959215779684
amazon_ratings,BundleSheaf,false,5,5,epoch-1,0,8,cohens_d_train,0.006115826
amazon_ratings,BundleSheaf,false,5,5,epoch-1,1,8,cohens_d_train,0.053951602
amazon_ratings,BundleSheaf,false,5,5,epoch-1,2,8,cohens_d_train,0.039592125
amazon_ratings,BundleSheaf,false,5,5,epoch-1,3,8,cohens_d_train,0.00050643884
amazon_ratings,BundleSheaf,false,5,5,epoch-1,4,8,cohens_d_train,0.0035613962
amazon_ratings,BundleSheaf,false,5,5,epoch-1,5,8,cohens_d_train,0.012718985
amazon_ratings,BundleSheaf,false,5,5,epoch-1,0,8,cohens_d_test,0.03092674
amazon_ratings,BundleSheaf,false,5,5,epoch-1,1,8,cohens_d_test,0.030153425
amazon_ratings,BundleSheaf,false,5,5,epoch-1,2,8,cohens_d_test,0.021296017
amazon_ratings,BundleSheaf,false,5,5,epoch-1,3,8,cohens_d_test,0.0011599766
amazon_ratings,BundleSheaf,false,5,5,epoch-1,4,8,cohens_d_test,0.0058353636
amazon_ratings,BundleSheaf,false,5,5,epoch-1,5,8,cohens_d_test,0.007220276
amazon_ratings,BundleSheaf,false,5,5,epoch-1,0,9,degree,0.0025362694500922567
amazon_ratings,BundleSheaf,false,5,5,epoch-1,1,9,degree,0.5463329152453934
amazon_ratings,BundleSheaf,false,5,5,epoch-1,2,9,degree,0.5431286548285867
amazon_ratings,BundleSheaf,false,5,5,epoch-1,3,9,degree,0.380342727160811
amazon_ratings,BundleSheaf,false,5,5,epoch-1,4,9,degree,0.1897324637995592
amazon_ratings,BundleSheaf,false,5,5,epoch-1,5,9,degree,0.1514906171971564
amazon_ratings,BundleSheaf,false,5,5,epoch-1,0,9,betweenness,6.014119801700306e-05
amazon_ratings,BundleSheaf,false,5,5,epoch-1,1,9,betweenness,0.2528614155200652
amazon_ratings,BundleSheaf,false,5,5,epoch-1,2,9,betweenness,0.34304612460823075
amazon_ratings,BundleSheaf,false,5,5,epoch-1,3,9,betweenness,0.31827688955500927
amazon_ratings,BundleSheaf,false,5,5,epoch-1,4,9,betweenness,0.2709865019062102
amazon_ratings,BundleSheaf,false,5,5,epoch-1,5,9,betweenness,0.2744459376186825
amazon_ratings,BundleSheaf,false,5,5,epoch-1,0,9,confidence,0.02051033714225407
amazon_ratings,BundleSheaf,false,5,5,epoch-1,1,9,confidence,0.143825903548622
amazon_ratings,BundleSheaf,false,5,5,epoch-1,2,9,confidence,0.26431656240771284
amazon_ratings,BundleSheaf,false,5,5,epoch-1,3,9,confidence,0.34037897412640217
amazon_ratings,BundleSheaf,false,5,5,epoch-1,4,9,confidence,0.3734386122784175
amazon_ratings,BundleSheaf,false,5,5,epoch-1,5,9,confidence,0.3826452980890289
amazon_ratings,BundleSheaf,false,5,5,epoch-1,0,9,saliency,0.02927227689275797
amazon_ratings,BundleSheaf,false,5,5,epoch-1,1,9,saliency,0.21618162049811326
amazon_ratings,BundleSheaf,false,5,5,epoch-1,2,9,saliency,0.5818315030033823
amazon_ratings,BundleSheaf,false,5,5,epoch-1,3,9,saliency,0.8139618890940088
amazon_ratings,BundleSheaf,false,5,5,epoch-1,4,9,saliency,0.9054642165414621
amazon_ratings,BundleSheaf,false,5,5,epoch-1,5,9,saliency,0.9180600809928827
amazon_ratings,BundleSheaf,false,5,5,epoch-1,0,9,cohens_d_train,0.0071107205
amazon_ratings,BundleSheaf,false,5,5,epoch-1,1,9,cohens_d_train,0.064045265
amazon_ratings,BundleSheaf,false,5,5,epoch-1,2,9,cohens_d_train,0.011075206
amazon_ratings,BundleSheaf,false,5,5,epoch-1,3,9,cohens_d_train,0.018709278
amazon_ratings,BundleSheaf,false,5,5,epoch-1,4,9,cohens_d_train,0.03355778
amazon_ratings,BundleSheaf,false,5,5,epoch-1,5,9,cohens_d_train,0.031067869
amazon_ratings,BundleSheaf,false,5,5,epoch-1,0,9,cohens_d_test,0.0134780025
amazon_ratings,BundleSheaf,false,5,5,epoch-1,1,9,cohens_d_test,0.104780905
amazon_ratings,BundleSheaf,false,5,5,epoch-1,2,9,cohens_d_test,0.053003553
amazon_ratings,BundleSheaf,false,5,5,epoch-1,3,9,cohens_d_test,0.010987867
amazon_ratings,BundleSheaf,false,5,5,epoch-1,4,9,cohens_d_test,0.0071659368
amazon_ratings,BundleSheaf,false,5,5,epoch-1,5,9,cohens_d_test,0.007311266
amazon_ratings,BundleSheaf,false,5,5,epoch-5,0,0,degree,0.002309072619647506
amazon_ratings,BundleSheaf,false,5,5,epoch-5,1,0,degree,0.539182786165666
amazon_ratings,BundleSheaf,false,5,5,epoch-5,2,0,degree,0.5333517332952142
amazon_ratings,BundleSheaf,false,5,5,epoch-5,3,0,degree,0.32084538545873187
amazon_ratings,BundleSheaf,false,5,5,epoch-5,4,0,degree,0.20276924670713178
amazon_ratings,BundleSheaf,false,5,5,epoch-5,5,0,degree,0.13756365926914846
amazon_ratings,BundleSheaf,false,5,5,epoch-5,0,0,betweenness,0.01590062974304247
amazon_ratings,BundleSheaf,false,5,5,epoch-5,1,0,betweenness,0.2596979653499147
amazon_ratings,BundleSheaf,false,5,5,epoch-5,2,0,betweenness,0.3359486457072945
amazon_ratings,BundleSheaf,false,5,5,epoch-5,3,0,betweenness,0.30156272015700675
amazon_ratings,BundleSheaf,false,5,5,epoch-5,4,0,betweenness,0.2803478700300474
amazon_ratings,BundleSheaf,false,5,5,epoch-5,5,0,betweenness,0.27209723812556424
amazon_ratings,BundleSheaf,false,5,5,epoch-5,0,0,confidence,0.03233905236130207
amazon_ratings,BundleSheaf,false,5,5,epoch-5,1,0,confidence,0.1312947702390746
amazon_ratings,BundleSheaf,false,5,5,epoch-5,2,0,confidence,0.2360474503839288
amazon_ratings,BundleSheaf,false,5,5,epoch-5,3,0,confidence,0.29682523777889513
amazon_ratings,BundleSheaf,false,5,5,epoch-5,4,0,confidence,0.3144907725305479
amazon_ratings,BundleSheaf,false,5,5,epoch-5,5,0,confidence,0.31953649106498544
amazon_ratings,BundleSheaf,false,5,5,epoch-5,0,0,saliency,0.03495983282244067
amazon_ratings,BundleSheaf,false,5,5,epoch-5,1,0,saliency,0.22524688430284828
amazon_ratings,BundleSheaf,false,5,5,epoch-5,2,0,saliency,0.5930706960591106
amazon_ratings,BundleSheaf,false,5,5,epoch-5,3,0,saliency,0.8203514396327801
amazon_ratings,BundleSheaf,false,5,5,epoch-5,4,0,saliency,0.8790992020770266
amazon_ratings,BundleSheaf,false,5,5,epoch-5,5,0,saliency,0.8909723387999505
amazon_ratings,BundleSheaf,false,5,5,epoch-5,0,0,cohens_d_train,0.014706044
amazon_ratings,BundleSheaf,false,5,5,epoch-5,1,0,cohens_d_train,0.13744536
amazon_ratings,BundleSheaf,false,5,5,epoch-5,2,0,cohens_d_train,0.0988679
amazon_ratings,BundleSheaf,false,5,5,epoch-5,3,0,cohens_d_train,0.07154795
amazon_ratings,BundleSheaf,false,5,5,epoch-5,4,0,cohens_d_train,0.062494263
amazon_ratings,BundleSheaf,false,5,5,epoch-5,5,0,cohens_d_train,0.05504084
amazon_ratings,BundleSheaf,false,5,5,epoch-5,0,0,cohens_d_test,0.017220793
amazon_ratings,BundleSheaf,false,5,5,epoch-5,1,0,cohens_d_test,0.14478864
amazon_ratings,BundleSheaf,false,5,5,epoch-5,2,0,cohens_d_test,0.09211836
amazon_ratings,BundleSheaf,false,5,5,epoch-5,3,0,cohens_d_test,0.04093194
amazon_ratings,BundleSheaf,false,5,5,epoch-5,4,0,cohens_d_test,0.008724206
amazon_ratings,BundleSheaf,false,5,5,epoch-5,5,0,cohens_d_test,0.003732859
amazon_ratings,BundleSheaf,false,5,5,epoch-5,0,1,degree,-0.0011515710362026172
amazon_ratings,BundleSheaf,false,5,5,epoch-5,1,1,degree,0.5372239017316747
amazon_ratings,BundleSheaf,false,5,5,epoch-5,2,1,degree,0.541121844713965
amazon_ratings,BundleSheaf,false,5,5,epoch-5,3,1,degree,0.3529687907075108
amazon_ratings,BundleSheaf,false,5,5,epoch-5,4,1,degree,0.19604563557234103
amazon_ratings,BundleSheaf,false,5,5,epoch-5,5,1,degree,0.10092945101107736
amazon_ratings,BundleSheaf,false,5,5,epoch-5,0,1,betweenness,0.0018836156894143198
amazon_ratings,BundleSheaf,false,5,5,epoch-5,1,1,betweenness,0.25095901629014156
amazon_ratings,BundleSheaf,false,5,5,epoch-5,2,1,betweenness,0.3349734231327057
amazon_ratings,BundleSheaf,false,5,5,epoch-5,3,1,betweenness,0.3114962154613577
amazon_ratings,BundleSheaf,false,5,5,epoch-5,4,1,betweenness,0.27250105312176287
amazon_ratings,BundleSheaf,false,5,5,epoch-5,5,1,betweenness,0.2540007244789874
amazon_ratings,BundleSheaf,false,5,5,epoch-5,0,1,confidence,-0.0055697436428136255
amazon_ratings,BundleSheaf,false,5,5,epoch-5,1,1,confidence,0.10701285624674446
amazon_ratings,BundleSheaf,false,5,5,epoch-5,2,1,confidence,0.21088334239308149
amazon_ratings,BundleSheaf,false,5,5,epoch-5,3,1,confidence,0.2720443181296421
amazon_ratings,BundleSheaf,false,5,5,epoch-5,4,1,confidence,0.29107108867161813
amazon_ratings,BundleSheaf,false,5,5,epoch-5,5,1,confidence,0.29543955450428633
amazon_ratings,BundleSheaf,false,5,5,epoch-5,0,1,saliency,0.012897390001062355
amazon_ratings,BundleSheaf,false,5,5,epoch-5,1,1,saliency,0.19965569616263906
amazon_ratings,BundleSheaf,false,5,5,epoch-5,2,1,saliency,0.5836536971585977
amazon_ratings,BundleSheaf,false,5,5,epoch-5,3,1,saliency,0.8168126270908519
amazon_ratings,BundleSheaf,false,5,5,epoch-5,4,1,saliency,0.8829427069355167
amazon_ratings,BundleSheaf,false,5,5,epoch-5,5,1,saliency,0.8914239282061149
amazon_ratings,BundleSheaf,false,5,5,epoch-5,0,1,cohens_d_train,0.0033705775
amazon_ratings,BundleSheaf,false,5,5,epoch-5,1,1,cohens_d_train,0.025928224
amazon_ratings,BundleSheaf,false,5,5,epoch-5,2,1,cohens_d_train,0.053803384
amazon_ratings,BundleSheaf,false,5,5,epoch-5,3,1,cohens_d_train,0.059896298
amazon_ratings,BundleSheaf,false,5,5,epoch-5,4,1,cohens_d_train,0.062787175
amazon_ratings,BundleSheaf,false,5,5,epoch-5,5,1,cohens_d_train,0.062269844
amazon_ratings,BundleSheaf,false,5,5,epoch-5,0,1,cohens_d_test,0.020214094
amazon_ratings,BundleSheaf,false,5,5,epoch-5,1,1,cohens_d_test,0.01978835
amazon_ratings,BundleSheaf,false,5,5,epoch-5,2,1,cohens_d_test,0.014461881
amazon_ratings,BundleSheaf,false,5,5,epoch-5,3,1,cohens_d_test,0.0024703701
amazon_ratings,BundleSheaf,false,5,5,epoch-5,4,1,cohens_d_test,0.0012630292
amazon_ratings,BundleSheaf,false,5,5,epoch-5,5,1,cohens_d_test,0.0070791645
amazon_ratings,BundleSheaf,false,5,5,epoch-5,0,2,degree,0.0029945199029467566
amazon_ratings,BundleSheaf,false,5,5,epoch-5,1,2,degree,0.5369885260663134
amazon_ratings,BundleSheaf,false,5,5,epoch-5,2,2,degree,0.5363764475819351
amazon_ratings,BundleSheaf,false,5,5,epoch-5,3,2,degree,0.33942951701221175
amazon_ratings,BundleSheaf,false,5,5,epoch-5,4,2,degree,0.20830734928215852
amazon_ratings,BundleSheaf,false,5,5,epoch-5,5,2,degree,0.14773090408892434
amazon_ratings,BundleSheaf,false,5,5,epoch-5,0,2,betweenness,0.009121537085984805
amazon_ratings,BundleSheaf,false,5,5,epoch-5,1,2,betweenness,0.25236799993468073
amazon_ratings,BundleSheaf,false,5,5,epoch-5,2,2,betweenness,0.331902057741258
amazon_ratings,BundleSheaf,false,5,5,epoch-5,3,2,betweenness,0.3073345312405619
amazon_ratings,BundleSheaf,false,5,5,epoch-5,4,2,betweenness,0.2799236405929691
amazon_ratings,BundleSheaf,false,5,5,epoch-5,5,2,betweenness,0.27373497145416714
amazon_ratings,BundleSheaf,false,5,5,epoch-5,0,2,confidence,0.013879019891059531
amazon_ratings,BundleSheaf,false,5,5,epoch-5,1,2,confidence,0.13449536731766823
amazon_ratings,BundleSheaf,false,5,5,epoch-5,2,2,confidence,0.25510189594385796
amazon_ratings,BundleSheaf,false,5,5,epoch-5,3,2,confidence,0.330099273786165
amazon_ratings,BundleSheaf,false,5,5,epoch-5,4,2,confidence,0.3577037592329775
amazon_ratings,BundleSheaf,false,5,5,epoch-5,5,2,confidence,0.36538367381181935
amazon_ratings,BundleSheaf,false,5,5,epoch-5,0,2,saliency,0.01607819388096204
amazon_ratings,BundleSheaf,false,5,5,epoch-5,1,2,saliency,0.2108278328506401
amazon_ratings,BundleSheaf,false,5,5,epoch-5,2,2,saliency,0.5878254660094104
amazon_ratings,BundleSheaf,false,5,5,epoch-5,3,2,saliency,0.8098277758434362
amazon_ratings,BundleSheaf,false,5,5,epoch-5,4,2,saliency,0.8744028699059218
amazon_ratings,BundleSheaf,false,5,5,epoch-5,5,2,saliency,0.8896577919670606
amazon_ratings,BundleSheaf,false,5,5,epoch-5,0,2,cohens_d_train,0.011433477
amazon_ratings,BundleSheaf,false,5,5,epoch-5,1,2,cohens_d_train,0.040525157
amazon_ratings,BundleSheaf,false,5,5,epoch-5,2,2,cohens_d_train,0.0034653896
amazon_ratings,BundleSheaf,false,5,5,epoch-5,3,2,cohens_d_train,0.019853774
amazon_ratings,BundleSheaf,false,5,5,epoch-5,4,2,cohens_d_train,0.027073983
amazon_ratings,BundleSheaf,false,5,5,epoch-5,5,2,cohens_d_train,0.027120823
amazon_ratings,BundleSheaf,false,5,5,epoch-5,0,2,cohens_d_test,0.007599314
amazon_ratings,BundleSheaf,false,5,5,epoch-5,1,2,cohens_d_test,0.040106505
amazon_ratings,BundleSheaf,false,5,5,epoch-5,2,2,cohens_d_test,0.012619464
amazon_ratings,BundleSheaf,false,5,5,epoch-5,3,2,cohens_d_test,0.031069292
amazon_ratings,BundleSheaf,false,5,5,epoch-5,4,2,cohens_d_test,0.036699902
amazon_ratings,BundleSheaf,false,5,5,epoch-5,5,2,cohens_d_test,0.03594069
amazon_ratings,BundleSheaf,false,5,5,epoch-5,0,3,degree,0.0074523790573705045
amazon_ratings,BundleSheaf,false,5,5,epoch-5,1,3,degree,0.5016670097245168
amazon_ratings,BundleSheaf,false,5,5,epoch-5,2,3,degree,0.5478381419161465
amazon_ratings,BundleSheaf,false,5,5,epoch-5,3,3,degree,0.3393420617185199
amazon_ratings,BundleSheaf,false,5,5,epoch-5,4,3,degree,0.18923265871785336
amazon_ratings,BundleSheaf,false,5,5,epoch-5,5,3,degree,0.11923502649140161
amazon_ratings,BundleSheaf,false,5,5,epoch-5,0,3,betweenness,-0.003584296713390072
amazon_ratings,BundleSheaf,false,5,5,epoch-5,1,3,betweenness,0.2292179630776963
amazon_ratings,BundleSheaf,false,5,5,epoch-5,2,3,betweenness,0.31672891979136514
amazon_ratings,BundleSheaf,false,5,5,epoch-5,3,3,betweenness,0.2996753594972193
amazon_ratings,BundleSheaf,false,5,5,epoch-5,4,3,betweenness,0.27088864799070567
amazon_ratings,BundleSheaf,false,5,5,epoch-5,5,3,betweenness,0.2604925596686726
amazon_ratings,BundleSheaf,false,5,5,epoch-5,0,3,confidence,-0.010788427947758401
amazon_ratings,BundleSheaf,false,5,5,epoch-5,1,3,confidence,0.07961055294004848
amazon_ratings,BundleSheaf,false,5,5,epoch-5,2,3,confidence,0.19388168421614815
amazon_ratings,BundleSheaf,false,5,5,epoch-5,3,3,confidence,0.2758899279169081
amazon_ratings,BundleSheaf,false,5,5,epoch-5,4,3,confidence,0.30935925413247434
amazon_ratings,BundleSheaf,false,5,5,epoch-5,5,3,confidence,0.31726870905202603
amazon_ratings,BundleSheaf,false,5,5,epoch-5,0,3,saliency,-0.006793062993575816
amazon_ratings,BundleSheaf,false,5,5,epoch-5,1,3,saliency,0.1846544942821929
amazon_ratings,BundleSheaf,false,5,5,epoch-5,2,3,saliency,0.565750844621188
amazon_ratings,BundleSheaf,false,5,5,epoch-5,3,3,saliency,0.8115711296716495
amazon_ratings,BundleSheaf,false,5,5,epoch-5,4,3,saliency,0.8817715275473066
amazon_ratings,BundleSheaf,false,5,5,epoch-5,5,3,saliency,0.8932136823622489
amazon_ratings,BundleSheaf,false,5,5,epoch-5,0,3,cohens_d_train,0.013520442
amazon_ratings,BundleSheaf,false,5,5,epoch-5,1,3,cohens_d_train,0.016503934
amazon_ratings,BundleSheaf,false,5,5,epoch-5,2,3,cohens_d_train,0.022520158
amazon_ratings,BundleSheaf,false,5,5,epoch-5,3,3,cohens_d_train,0.0299403
amazon_ratings,BundleSheaf,false,5,5,epoch-5,4,3,cohens_d_train,0.029085219
amazon_ratings,BundleSheaf,false,5,5,epoch-5,5,3,cohens_d_train,0.027371863
amazon_ratings,BundleSheaf,false,5,5,epoch-5,0,3,cohens_d_test,0.013489857
amazon_ratings,BundleSheaf,false,5,5,epoch-5,1,3,cohens_d_test,0.007882039
amazon_ratings,BundleSheaf,false,5,5,epoch-5,2,3,cohens_d_test,0.0060428428
amazon_ratings,BundleSheaf,false,5,5,epoch-5,3,3,cohens_d_test,0.015806045
amazon_ratings,BundleSheaf,false,5,5,epoch-5,4,3,cohens_d_test,0.01809009
amazon_ratings,BundleSheaf,false,5,5,epoch-5,5,3,cohens_d_test,0.030373298
amazon_ratings,BundleSheaf,false,5,5,epoch-5,0,4,degree,0.004937118805247622
amazon_ratings,BundleSheaf,false,5,5,epoch-5,1,4,degree,0.5396558525521329
amazon_ratings,BundleSheaf,false,5,5,epoch-5,2,4,degree,0.5370352704053983
amazon_ratings,BundleSheaf,false,5,5,epoch-5,3,4,degree,0.33959660721740875
amazon_ratings,BundleSheaf,false,5,5,epoch-5,4,4,degree,0.15539609440659874
amazon_ratings,BundleSheaf,false,5,5,epoch-5,5,4,degree,0.11820967826973543
amazon_ratings,BundleSheaf,false,5,5,epoch-5,0,4,betweenness,0.006964996632254461
amazon_ratings,BundleSheaf,false,5,5,epoch-5,1,4,betweenness,0.25309851160312247
amazon_ratings,BundleSheaf,false,5,5,epoch-5,2,4,betweenness,0.3360845832418023
amazon_ratings,BundleSheaf,false,5,5,epoch-5,3,4,betweenness,0.30835001291996417
amazon_ratings,BundleSheaf,false,5,5,epoch-5,4,4,betweenness,0.26433462648886
amazon_ratings,BundleSheaf,false,5,5,epoch-5,5,4,betweenness,0.2644057328455148
amazon_ratings,BundleSheaf,false,5,5,epoch-5,0,4,confidence,0.035021452474242286
amazon_ratings,BundleSheaf,false,5,5,epoch-5,1,4,confidence,0.13183629514054768
amazon_ratings,BundleSheaf,false,5,5,epoch-5,2,4,confidence,0.23382908404402414
amazon_ratings,BundleSheaf,false,5,5,epoch-5,3,4,confidence,0.31098252691564354
amazon_ratings,BundleSheaf,false,5,5,epoch-5,4,4,confidence,0.33915694355684045
amazon_ratings,BundleSheaf,false,5,5,epoch-5,5,4,confidence,0.34647032643707437
amazon_ratings,BundleSheaf,false,5,5,epoch-5,0,4,saliency,0.012303653035708318
amazon_ratings,BundleSheaf,false,5,5,epoch-5,1,4,saliency,0.20987613822286777
amazon_ratings,BundleSheaf,false,5,5,epoch-5,2,4,saliency,0.563928394083451
amazon_ratings,BundleSheaf,false,5,5,epoch-5,3,4,saliency,0.8126905812913229
amazon_ratings,BundleSheaf,false,5,5,epoch-5,4,4,saliency,0.8849024251781354
amazon_ratings,BundleSheaf,false,5,5,epoch-5,5,4,saliency,0.8901202679536552
amazon_ratings,BundleSheaf,false,5,5,epoch-5,0,4,cohens_d_train,0.024761684
amazon_ratings,BundleSheaf,false,5,5,epoch-5,1,4,cohens_d_train,0.023447527
amazon_ratings,BundleSheaf,false,5,5,epoch-5,2,4,cohens_d_train,0.044396017
amazon_ratings,BundleSheaf,false,5,5,epoch-5,3,4,cohens_d_train,0.056073014
amazon_ratings,BundleSheaf,false,5,5,epoch-5,4,4,cohens_d_train,0.06377162
amazon_ratings,BundleSheaf,false,5,5,epoch-5,5,4,cohens_d_train,0.06224098
amazon_ratings,BundleSheaf,false,5,5,epoch-5,0,4,cohens_d_test,0.051455397
amazon_ratings,BundleSheaf,false,5,5,epoch-5,1,4,cohens_d_test,0.01668236
amazon_ratings,BundleSheaf,false,5,5,epoch-5,2,4,cohens_d_test,0.009763253
amazon_ratings,BundleSheaf,false,5,5,epoch-5,3,4,cohens_d_test,0.017322443
amazon_ratings,BundleSheaf,false,5,5,epoch-5,4,4,cohens_d_test,0.03284536
amazon_ratings,BundleSheaf,false,5,5,epoch-5,5,4,cohens_d_test,0.03869982
amazon_ratings,BundleSheaf,false,5,5,epoch-5,0,5,degree,0.01001806725542288
amazon_ratings,BundleSheaf,false,5,5,epoch-5,1,5,degree,0.5172395186222409
amazon_ratings,BundleSheaf,false,5,5,epoch-5,2,5,degree,0.5192629567092327
amazon_ratings,BundleSheaf,false,5,5,epoch-5,3,5,degree,0.32812693355143563
amazon_ratings,BundleSheaf,false,5,5,epoch-5,4,5,degree,0.19532051460177477
amazon_ratings,BundleSheaf,false,5,5,epoch-5,5,5,degree,0.13417653937353985
amazon_ratings,BundleSheaf,false,5,5,epoch-5,0,5,betweenness,0.003501809916966495
amazon_ratings,BundleSheaf,false,5,5,epoch-5,1,5,betweenness,0.22856367532738883
amazon_ratings,BundleSheaf,false,5,5,epoch-5,2,5,betweenness,0.3140162249539076
amazon_ratings,BundleSheaf,false,5,5,epoch-5,3,5,betweenness,0.2936036208663318
amazon_ratings,BundleSheaf,false,5,5,epoch-5,4,5,betweenness,0.2682034061165054
amazon_ratings,BundleSheaf,false,5,5,epoch-5,5,5,betweenness,0.26362593394538425
amazon_ratings,BundleSheaf,false,5,5,epoch-5,0,5,confidence,0.017955589413086292
amazon_ratings,BundleSheaf,false,5,5,epoch-5,1,5,confidence,0.11957861589034167
amazon_ratings,BundleSheaf,false,5,5,epoch-5,2,5,confidence,0.2230089842219097
amazon_ratings,BundleSheaf,false,5,5,epoch-5,3,5,confidence,0.2908593775449985
amazon_ratings,BundleSheaf,false,5,5,epoch-5,4,5,confidence,0.3146055012463577
amazon_ratings,BundleSheaf,false,5,5,epoch-5,5,5,confidence,0.32184643584413536
amazon_ratings,BundleSheaf,false,5,5,epoch-5,0,5,saliency,0.01997130308991417
amazon_ratings,BundleSheaf,false,5,5,epoch-5,1,5,saliency,0.19736045486917592
amazon_ratings,BundleSheaf,false,5,5,epoch-5,2,5,saliency,0.5582460452682325
amazon_ratings,BundleSheaf,false,5,5,epoch-5,3,5,saliency,0.7918552070840862
amazon_ratings,BundleSheaf,false,5,5,epoch-5,4,5,saliency,0.8561535647887287
amazon_ratings,BundleSheaf,false,5,5,epoch-5,5,5,saliency,0.8710724415699498
amazon_ratings,BundleSheaf,false,5,5,epoch-5,0,5,cohens_d_train,0.018218843
amazon_ratings,BundleSheaf,false,5,5,epoch-5,1,5,cohens_d_train,0.082877584
amazon_ratings,BundleSheaf,false,5,5,epoch-5,2,5,cohens_d_train,0.06817305
amazon_ratings,BundleSheaf,false,5,5,epoch-5,3,5,cohens_d_train,0.04837021
amazon_ratings,BundleSheaf,false,5,5,epoch-5,4,5,cohens_d_train,0.042630594
amazon_ratings,BundleSheaf,false,5,5,epoch-5,5,5,cohens_d_train,0.040517673
amazon_ratings,BundleSheaf,false,5,5,epoch-5,0,5,cohens_d_test,0.007669974
amazon_ratings,BundleSheaf,false,5,5,epoch-5,1,5,cohens_d_test,0.08404738
amazon_ratings,BundleSheaf,false,5,5,epoch-5,2,5,cohens_d_test,0.07301824
amazon_ratings,BundleSheaf,false,5,5,epoch-5,3,5,cohens_d_test,0.062415782
amazon_ratings,BundleSheaf,false,5,5,epoch-5,4,5,cohens_d_test,0.05755342
amazon_ratings,BundleSheaf,false,5,5,epoch-5,5,5,cohens_d_test,0.05367577
amazon_ratings,BundleSheaf,false,5,5,epoch-5,0,6,degree,0.0018303377045764731
amazon_ratings,BundleSheaf,false,5,5,epoch-5,1,6,degree,0.5431344618232133
amazon_ratings,BundleSheaf,false,5,5,epoch-5,2,6,degree,0.5441438977349751
amazon_ratings,BundleSheaf,false,5,5,epoch-5,3,6,degree,0.3486204967003468
amazon_ratings,BundleSheaf,false,5,5,epoch-5,4,6,degree,0.21312804442202862
amazon_ratings,BundleSheaf,false,5,5,epoch-5,5,6,degree,0.11270023217932791
amazon_ratings,BundleSheaf,false,5,5,epoch-5,0,6,betweenness,0.006972837392397056
amazon_ratings,BundleSheaf,false,5,5,epoch-5,1,6,betweenness,0.24858101427672966
amazon_ratings,BundleSheaf,false,5,5,epoch-5,2,6,betweenness,0.33301497234012983
amazon_ratings,BundleSheaf,false,5,5,epoch-5,3,6,betweenness,0.31039315911838783
amazon_ratings,BundleSheaf,false,5,5,epoch-5,4,6,betweenness,0.2811919668001202
amazon_ratings,BundleSheaf,false,5,5,epoch-5,5,6,betweenness,0.26083142670823034
amazon_ratings,BundleSheaf,false,5,5,epoch-5,0,6,confidence,0.024068735856388357
amazon_ratings,BundleSheaf,false,5,5,epoch-5,1,6,confidence,0.12735903870430498
amazon_ratings,BundleSheaf,false,5,5,epoch-5,2,6,confidence,0.22848848290159765
amazon_ratings,BundleSheaf,false,5,5,epoch-5,3,6,confidence,0.3028294165641702
amazon_ratings,BundleSheaf,false,5,5,epoch-5,4,6,confidence,0.32862565660744913
amazon_ratings,BundleSheaf,false,5,5,epoch-5,5,6,confidence,0.3378056768628352
amazon_ratings,BundleSheaf,false,5,5,epoch-5,0,6,saliency,0.026209491992553947
amazon_ratings,BundleSheaf,false,5,5,epoch-5,1,6,saliency,0.21237067732001363
amazon_ratings,BundleSheaf,false,5,5,epoch-5,2,6,saliency,0.5679504948958118
amazon_ratings,BundleSheaf,false,5,5,epoch-5,3,6,saliency,0.8101622937689107
amazon_ratings,BundleSheaf,false,5,5,epoch-5,4,6,saliency,0.8760227389920633
amazon_ratings,BundleSheaf,false,5,5,epoch-5,5,6,saliency,0.889554630486773
amazon_ratings,BundleSheaf,false,5,5,epoch-5,0,6,cohens_d_train,0.03562196
amazon_ratings,BundleSheaf,false,5,5,epoch-5,1,6,cohens_d_train,0.07714693
amazon_ratings,BundleSheaf,false,5,5,epoch-5,2,6,cohens_d_train,0.07330706
amazon_ratings,BundleSheaf,false,5,5,epoch-5,3,6,cohens_d_train,0.066639505
amazon_ratings,BundleSheaf,false,5,5,epoch-5,4,6,cohens_d_train,0.061498985
amazon_ratings,BundleSheaf,false,5,5,epoch-5,5,6,cohens_d_train,0.058244947
amazon_ratings,BundleSheaf,false,5,5,epoch-5,0,6,cohens_d_test,0.016790474
amazon_ratings,BundleSheaf,false,5,5,epoch-5,1,6,cohens_d_test,0.07193262
amazon_ratings,BundleSheaf,false,5,5,epoch-5,2,6,cohens_d_test,0.017452657
amazon_ratings,BundleSheaf,false,5,5,epoch-5,3,6,cohens_d_test,0.0042484016
amazon_ratings,BundleSheaf,false,5,5,epoch-5,4,6,cohens_d_test,0.013478349
amazon_ratings,BundleSheaf,false,5,5,epoch-5,5,6,cohens_d_test,0.017650772
amazon_ratings,BundleSheaf,false,5,5,epoch-5,0,7,degree,0.0040633128290534
amazon_ratings,BundleSheaf,false,5,5,epoch-5,1,7,degree,0.5510643062932179
amazon_ratings,BundleSheaf,false,5,5,epoch-5,2,7,degree,0.54279647987328
amazon_ratings,BundleSheaf,false,5,5,epoch-5,3,7,degree,0.3565324564393657
amazon_ratings,BundleSheaf,false,5,5,epoch-5,4,7,degree,0.16026183845568942
amazon_ratings,BundleSheaf,false,5,5,epoch-5,5,7,degree,0.14759927671441744
amazon_ratings,BundleSheaf,false,5,5,epoch-5,0,7,betweenness,0.012385179324287378
amazon_ratings,BundleSheaf,false,5,5,epoch-5,1,7,betweenness,0.2548580033487361
amazon_ratings,BundleSheaf,false,5,5,epoch-5,2,7,betweenness,0.33053405574060174
amazon_ratings,BundleSheaf,false,5,5,epoch-5,3,7,betweenness,0.30946804264368644
amazon_ratings,BundleSheaf,false,5,5,epoch-5,4,7,betweenness,0.26206041938935565
amazon_ratings,BundleSheaf,false,5,5,epoch-5,5,7,betweenness,0.2774850223482457
amazon_ratings,BundleSheaf,false,5,5,epoch-5,0,7,confidence,0.032573370955423085
amazon_ratings,BundleSheaf,false,5,5,epoch-5,1,7,confidence,0.14714207024615697
amazon_ratings,BundleSheaf,false,5,5,epoch-5,2,7,confidence,0.25776405298677135
amazon_ratings,BundleSheaf,false,5,5,epoch-5,3,7,confidence,0.3153672772613808
amazon_ratings,BundleSheaf,false,5,5,epoch-5,4,7,confidence,0.33844037339150185
amazon_ratings,BundleSheaf,false,5,5,epoch-5,5,7,confidence,0.3434404420262532
amazon_ratings,BundleSheaf,false,5,5,epoch-5,0,7,saliency,0.016952439249367797
amazon_ratings,BundleSheaf,false,5,5,epoch-5,1,7,saliency,0.21506740550946088
amazon_ratings,BundleSheaf,false,5,5,epoch-5,2,7,saliency,0.5931773666664176
amazon_ratings,BundleSheaf,false,5,5,epoch-5,3,7,saliency,0.8201898853134819
amazon_ratings,BundleSheaf,false,5,5,epoch-5,4,7,saliency,0.8951475200128306
amazon_ratings,BundleSheaf,false,5,5,epoch-5,5,7,saliency,0.9046046763476209
amazon_ratings,BundleSheaf,false,5,5,epoch-5,0,7,cohens_d_train,0.00842805
amazon_ratings,BundleSheaf,false,5,5,epoch-5,1,7,cohens_d_train,0.031671327
amazon_ratings,BundleSheaf,false,5,5,epoch-5,2,7,cohens_d_train,0.06018271
amazon_ratings,BundleSheaf,false,5,5,epoch-5,3,7,cohens_d_train,0.064318426
amazon_ratings,BundleSheaf,false,5,5,epoch-5,4,7,cohens_d_train,0.07905526
amazon_ratings,BundleSheaf,false,5,5,epoch-5,5,7,cohens_d_train,0.069124795
amazon_ratings,BundleSheaf,false,5,5,epoch-5,0,7,cohens_d_test,0.0004640143
amazon_ratings,BundleSheaf,false,5,5,epoch-5,1,7,cohens_d_test,0.039119482
amazon_ratings,BundleSheaf,false,5,5,epoch-5,2,7,cohens_d_test,0.06615196
amazon_ratings,BundleSheaf,false,5,5,epoch-5,3,7,cohens_d_test,0.06250393
amazon_ratings,BundleSheaf,false,5,5,epoch-5,4,7,cohens_d_test,0.064688
amazon_ratings,BundleSheaf,false,5,5,epoch-5,5,7,cohens_d_test,0.052109726
amazon_ratings,BundleSheaf,false,5,5,epoch-5,0,8,degree,-0.0020323461620980186
amazon_ratings,BundleSheaf,false,5,5,epoch-5,1,8,degree,0.5374772425139865
amazon_ratings,BundleSheaf,false,5,5,epoch-5,2,8,degree,0.5498352832947927
amazon_ratings,BundleSheaf,false,5,5,epoch-5,3,8,degree,0.2860701738026784
amazon_ratings,BundleSheaf,false,5,5,epoch-5,4,8,degree,0.21176048030618846
amazon_ratings,BundleSheaf,false,5,5,epoch-5,5,8,degree,0.14003714096389383
amazon_ratings,BundleSheaf,false,5,5,epoch-5,0,8,betweenness,0.024154670569556582
amazon_ratings,BundleSheaf,false,5,5,epoch-5,1,8,betweenness,0.2632115887208749
amazon_ratings,BundleSheaf,false,5,5,epoch-5,2,8,betweenness,0.3424476037336
amazon_ratings,BundleSheaf,false,5,5,epoch-5,3,8,betweenness,0.29129388015151575
amazon_ratings,BundleSheaf,false,5,5,epoch-5,4,8,betweenness,0.28603777232139316
amazon_ratings,BundleSheaf,false,5,5,epoch-5,5,8,betweenness,0.2726299886394715
amazon_ratings,BundleSheaf,false,5,5,epoch-5,0,8,confidence,0.0490486422091038
amazon_ratings,BundleSheaf,false,5,5,epoch-5,1,8,confidence,0.14434157987170768
amazon_ratings,BundleSheaf,false,5,5,epoch-5,2,8,confidence,0.24722602455391507
amazon_ratings,BundleSheaf,false,5,5,epoch-5,3,8,confidence,0.32207532530919813
amazon_ratings,BundleSheaf,false,5,5,epoch-5,4,8,confidence,0.33917991422816784
amazon_ratings,BundleSheaf,false,5,5,epoch-5,5,8,confidence,0.345127824921815
amazon_ratings,BundleSheaf,false,5,5,epoch-5,0,8,saliency,0.0509188766829282
amazon_ratings,BundleSheaf,false,5,5,epoch-5,1,8,saliency,0.2283088120707872
amazon_ratings,BundleSheaf,false,5,5,epoch-5,2,8,saliency,0.5891353098429457
amazon_ratings,BundleSheaf,false,5,5,epoch-5,3,8,saliency,0.8459577852606099
amazon_ratings,BundleSheaf,false,5,5,epoch-5,4,8,saliency,0.9019095070663249
amazon_ratings,BundleSheaf,false,5,5,epoch-5,5,8,saliency,0.9153975216470839
amazon_ratings,BundleSheaf,false,5,5,epoch-5,0,8,cohens_d_train,0.03168775
amazon_ratings,BundleSheaf,false,5,5,epoch-5,1,8,cohens_d_train,0.092981875
amazon_ratings,BundleSheaf,false,5,5,epoch-5,2,8,cohens_d_train,0.077554174
amazon_ratings,BundleSheaf,false,5,5,epoch-5,3,8,cohens_d_train,0.03811869
amazon_ratings,BundleSheaf,false,5,5,epoch-5,4,8,cohens_d_train,0.036369286
amazon_ratings,BundleSheaf,false,5,5,epoch-5,5,8,cohens_d_train,0.024188347
amazon_ratings,BundleSheaf,false,5,5,epoch-5,0,8,cohens_d_test,0.00956954
amazon_ratings,BundleSheaf,false,5,5,epoch-5,1,8,cohens_d_test,0.0854442
amazon_ratings,BundleSheaf,false,5,5,epoch-5,2,8,cohens_d_test,0.05235159
amazon_ratings,BundleSheaf,false,5,5,epoch-5,3,8,cohens_d_test,0.019232381
amazon_ratings,BundleSheaf,false,5,5,epoch-5,4,8,cohens_d_test,0.011855779
amazon_ratings,BundleSheaf,false,5,5,epoch-5,5,8,cohens_d_test,0.00932226
amazon_ratings,BundleSheaf,false,5,5,epoch-5,0,9,degree,0.000650671657404919
amazon_ratings,BundleSheaf,false,5,5,epoch-5,1,9,degree,0.523398382742798
amazon_ratings,BundleSheaf,false,5,5,epoch-5,2,9,degree,0.5395372691048572
amazon_ratings,BundleSheaf,false,5,5,epoch-5,3,9,degree,0.3575801854497085
amazon_ratings,BundleSheaf,false,5,5,epoch-5,4,9,degree,0.16581251639781627
amazon_ratings,BundleSheaf,false,5,5,epoch-5,5,9,degree,0.1405420114470303
amazon_ratings,BundleSheaf,false,5,5,epoch-5,0,9,betweenness,0.004736238813283716
amazon_ratings,BundleSheaf,false,5,5,epoch-5,1,9,betweenness,0.24690097774671443
amazon_ratings,BundleSheaf,false,5,5,epoch-5,2,9,betweenness,0.33551100522403754
amazon_ratings,BundleSheaf,false,5,5,epoch-5,3,9,betweenness,0.3134488414412658
amazon_ratings,BundleSheaf,false,5,5,epoch-5,4,9,betweenness,0.26726546803687234
amazon_ratings,BundleSheaf,false,5,5,epoch-5,5,9,betweenness,0.277652680376877
amazon_ratings,BundleSheaf,false,5,5,epoch-5,0,9,confidence,0.01172877093671491
amazon_ratings,BundleSheaf,false,5,5,epoch-5,1,9,confidence,0.11111369624896511
amazon_ratings,BundleSheaf,false,5,5,epoch-5,2,9,confidence,0.19990354530969112
amazon_ratings,BundleSheaf,false,5,5,epoch-5,3,9,confidence,0.25028470813526876
amazon_ratings,BundleSheaf,false,5,5,epoch-5,4,9,confidence,0.26497800129449306
amazon_ratings,BundleSheaf,false,5,5,epoch-5,5,9,confidence,0.27091311669771406
amazon_ratings,BundleSheaf,false,5,5,epoch-5,0,9,saliency,0.051686855992692356
amazon_ratings,BundleSheaf,false,5,5,epoch-5,1,9,saliency,0.2165428680559644
amazon_ratings,BundleSheaf,false,5,5,epoch-5,2,9,saliency,0.5753042504809377
amazon_ratings,BundleSheaf,false,5,5,epoch-5,3,9,saliency,0.8110433283890304
amazon_ratings,BundleSheaf,false,5,5,epoch-5,4,9,saliency,0.8884711525210048
amazon_ratings,BundleSheaf,false,5,5,epoch-5,5,9,saliency,0.8973791541288176
amazon_ratings,BundleSheaf,false,5,5,epoch-5,0,9,cohens_d_train,0.017314464
amazon_ratings,BundleSheaf,false,5,5,epoch-5,1,9,cohens_d_train,0.06741661
amazon_ratings,BundleSheaf,false,5,5,epoch-5,2,9,cohens_d_train,0.07425608
amazon_ratings,BundleSheaf,false,5,5,epoch-5,3,9,cohens_d_train,0.068395756
amazon_ratings,BundleSheaf,false,5,5,epoch-5,4,9,cohens_d_train,0.070045725
amazon_ratings,BundleSheaf,false,5,5,epoch-5,5,9,cohens_d_train,0.06105535
amazon_ratings,BundleSheaf,false,5,5,epoch-5,0,9,cohens_d_test,0.054869432
amazon_ratings,BundleSheaf,false,5,5,epoch-5,1,9,cohens_d_test,0.0017512061
amazon_ratings,BundleSheaf,false,5,5,epoch-5,2,9,cohens_d_test,0.022084437
amazon_ratings,BundleSheaf,false,5,5,epoch-5,3,9,cohens_d_test,0.021279117
amazon_ratings,BundleSheaf,false,5,5,epoch-5,4,9,cohens_d_test,0.0051862835
amazon_ratings,BundleSheaf,false,5,5,epoch-5,5,9,cohens_d_test,0.015458858
amazon_ratings,BundleSheaf,false,5,5,epoch-15,0,0,degree,0.00045693541045713714
amazon_ratings,BundleSheaf,false,5,5,epoch-15,1,0,degree,0.5196175017015972
amazon_ratings,BundleSheaf,false,5,5,epoch-15,2,0,degree,0.5382966012226307
amazon_ratings,BundleSheaf,false,5,5,epoch-15,3,0,degree,0.297857965530084
amazon_ratings,BundleSheaf,false,5,5,epoch-15,4,0,degree,0.17620104946522214
amazon_ratings,BundleSheaf,false,5,5,epoch-15,5,0,degree,0.1344725907552329
amazon_ratings,BundleSheaf,false,5,5,epoch-15,0,0,betweenness,0.0182832557214305
amazon_ratings,BundleSheaf,false,5,5,epoch-15,1,0,betweenness,0.25352366004326854
amazon_ratings,BundleSheaf,false,5,5,epoch-15,2,0,betweenness,0.33038723048568636
amazon_ratings,BundleSheaf,false,5,5,epoch-15,3,0,betweenness,0.2950000425856375
amazon_ratings,BundleSheaf,false,5,5,epoch-15,4,0,betweenness,0.27104985532778963
amazon_ratings,BundleSheaf,false,5,5,epoch-15,5,0,betweenness,0.27423079093233954
amazon_ratings,BundleSheaf,false,5,5,epoch-15,0,0,confidence,0.0445659409208676
amazon_ratings,BundleSheaf,false,5,5,epoch-15,1,0,confidence,0.13653558507970587
amazon_ratings,BundleSheaf,false,5,5,epoch-15,2,0,confidence,0.24238877805079284
amazon_ratings,BundleSheaf,false,5,5,epoch-15,3,0,confidence,0.321496600671137
amazon_ratings,BundleSheaf,false,5,5,epoch-15,4,0,confidence,0.34804680893827855
amazon_ratings,BundleSheaf,false,5,5,epoch-15,5,0,confidence,0.35511231308068386
amazon_ratings,BundleSheaf,false,5,5,epoch-15,0,0,saliency,0.041729159901678956
amazon_ratings,BundleSheaf,false,5,5,epoch-15,1,0,saliency,0.2040414931973753
amazon_ratings,BundleSheaf,false,5,5,epoch-15,2,0,saliency,0.5533146876450625
amazon_ratings,BundleSheaf,false,5,5,epoch-15,3,0,saliency,0.8127040647305899
amazon_ratings,BundleSheaf,false,5,5,epoch-15,4,0,saliency,0.8801777053230032
amazon_ratings,BundleSheaf,false,5,5,epoch-15,5,0,saliency,0.8969120553405545
amazon_ratings,BundleSheaf,false,5,5,epoch-15,0,0,cohens_d_train,0.017429652
amazon_ratings,BundleSheaf,false,5,5,epoch-15,1,0,cohens_d_train,0.07061281
amazon_ratings,BundleSheaf,false,5,5,epoch-15,2,0,cohens_d_train,0.07678791
amazon_ratings,BundleSheaf,false,5,5,epoch-15,3,0,cohens_d_train,0.07301721
amazon_ratings,BundleSheaf,false,5,5,epoch-15,4,0,cohens_d_train,0.073665135
amazon_ratings,BundleSheaf,false,5,5,epoch-15,5,0,cohens_d_train,0.06844336
amazon_ratings,BundleSheaf,false,5,5,epoch-15,0,0,cohens_d_test,0.0069253133
amazon_ratings,BundleSheaf,false,5,5,epoch-15,1,0,cohens_d_test,0.024839737
amazon_ratings,BundleSheaf,false,5,5,epoch-15,2,0,cohens_d_test,0.0063503133
amazon_ratings,BundleSheaf,false,5,5,epoch-15,3,0,cohens_d_test,0.01141536
amazon_ratings,BundleSheaf,false,5,5,epoch-15,4,0,cohens_d_test,0.008438267
amazon_ratings,BundleSheaf,false,5,5,epoch-15,5,0,cohens_d_test,0.013646571
amazon_ratings,BundleSheaf,false,5,5,epoch-15,0,1,degree,-0.0017785716254096568
amazon_ratings,BundleSheaf,false,5,5,epoch-15,1,1,degree,0.5178091301961181
amazon_ratings,BundleSheaf,false,5,5,epoch-15,2,1,degree,0.5471416348191345
amazon_ratings,BundleSheaf,false,5,5,epoch-15,3,1,degree,0.342227077710194
amazon_ratings,BundleSheaf,false,5,5,epoch-15,4,1,degree,0.15165337545561083
amazon_ratings,BundleSheaf,false,5,5,epoch-15,5,1,degree,0.10101464221099882
amazon_ratings,BundleSheaf,false,5,5,epoch-15,0,1,betweenness,0.0027099647416333333
amazon_ratings,BundleSheaf,false,5,5,epoch-15,1,1,betweenness,0.2455382754772134
amazon_ratings,BundleSheaf,false,5,5,epoch-15,2,1,betweenness,0.3337350532247493
amazon_ratings,BundleSheaf,false,5,5,epoch-15,3,1,betweenness,0.3032646036854139
amazon_ratings,BundleSheaf,false,5,5,epoch-15,4,1,betweenness,0.2577255787189359
amazon_ratings,BundleSheaf,false,5,5,epoch-15,5,1,betweenness,0.2570390696428747
amazon_ratings,BundleSheaf,false,5,5,epoch-15,0,1,confidence,-0.036846679747644356
amazon_ratings,BundleSheaf,false,5,5,epoch-15,1,1,confidence,0.08171055339951629
amazon_ratings,BundleSheaf,false,5,5,epoch-15,2,1,confidence,0.19034200927798436
amazon_ratings,BundleSheaf,false,5,5,epoch-15,3,1,confidence,0.2470847383358553
amazon_ratings,BundleSheaf,false,5,5,epoch-15,4,1,confidence,0.266648224195367
amazon_ratings,BundleSheaf,false,5,5,epoch-15,5,1,confidence,0.27417662057513664
amazon_ratings,BundleSheaf,false,5,5,epoch-15,0,1,saliency,0.03515823451693923
amazon_ratings,BundleSheaf,false,5,5,epoch-15,1,1,saliency,0.2120490118908896
amazon_ratings,BundleSheaf,false,5,5,epoch-15,2,1,saliency,0.5867752789444044
amazon_ratings,BundleSheaf,false,5,5,epoch-15,3,1,saliency,0.803352400099164
amazon_ratings,BundleSheaf,false,5,5,epoch-15,4,1,saliency,0.8620686207798415
amazon_ratings,BundleSheaf,false,5,5,epoch-15,5,1,saliency,0.861322055805766
amazon_ratings,BundleSheaf,false,5,5,epoch-15,0,1,cohens_d_train,0.022826718
amazon_ratings,BundleSheaf,false,5,5,epoch-15,1,1,cohens_d_train,0.04707575
amazon_ratings,BundleSheaf,false,5,5,epoch-15,2,1,cohens_d_train,0.06917615
amazon_ratings,BundleSheaf,false,5,5,epoch-15,3,1,cohens_d_train,0.07258451
amazon_ratings,BundleSheaf,false,5,5,epoch-15,4,1,cohens_d_train,0.081038356
amazon_ratings,BundleSheaf,false,5,5,epoch-15,5,1,cohens_d_train,0.076133765
amazon_ratings,BundleSheaf,false,5,5,epoch-15,0,1,cohens_d_test,0.021998145
amazon_ratings,BundleSheaf,false,5,5,epoch-15,1,1,cohens_d_test,0.0048378627
amazon_ratings,BundleSheaf,false,5,5,epoch-15,2,1,cohens_d_test,0.026309516
amazon_ratings,BundleSheaf,false,5,5,epoch-15,3,1,cohens_d_test,0.029517127
amazon_ratings,BundleSheaf,false,5,5,epoch-15,4,1,cohens_d_test,0.043301214
amazon_ratings,BundleSheaf,false,5,5,epoch-15,5,1,cohens_d_test,0.035205733
amazon_ratings,BundleSheaf,false,5,5,epoch-15,0,2,degree,0.00410285763964369
amazon_ratings,BundleSheaf,false,5,5,epoch-15,1,2,degree,0.5142722968069106
amazon_ratings,BundleSheaf,false,5,5,epoch-15,2,2,degree,0.5346759127362812
amazon_ratings,BundleSheaf,false,5,5,epoch-15,3,2,degree,0.3146065810157807
amazon_ratings,BundleSheaf,false,5,5,epoch-15,4,2,degree,0.1570919375803118
amazon_ratings,BundleSheaf,false,5,5,epoch-15,5,2,degree,0.1500549208391921
amazon_ratings,BundleSheaf,false,5,5,epoch-15,0,2,betweenness,0.005641580493199193
amazon_ratings,BundleSheaf,false,5,5,epoch-15,1,2,betweenness,0.24419233076492655
amazon_ratings,BundleSheaf,false,5,5,epoch-15,2,2,betweenness,0.3301982915954842
amazon_ratings,BundleSheaf,false,5,5,epoch-15,3,2,betweenness,0.29665983291173253
amazon_ratings,BundleSheaf,false,5,5,epoch-15,4,2,betweenness,0.2625287301673812
amazon_ratings,BundleSheaf,false,5,5,epoch-15,5,2,betweenness,0.27859556687425585
amazon_ratings,BundleSheaf,false,5,5,epoch-15,0,2,confidence,0.04245554289667975
amazon_ratings,BundleSheaf,false,5,5,epoch-15,1,2,confidence,0.12496474686038313
amazon_ratings,BundleSheaf,false,5,5,epoch-15,2,2,confidence,0.23896471792644103
amazon_ratings,BundleSheaf,false,5,5,epoch-15,3,2,confidence,0.3097285684997273
amazon_ratings,BundleSheaf,false,5,5,epoch-15,4,2,confidence,0.3309482474284916
amazon_ratings,BundleSheaf,false,5,5,epoch-15,5,2,confidence,0.3375643868937993
amazon_ratings,BundleSheaf,false,5,5,epoch-15,0,2,saliency,0.023286264094656402
amazon_ratings,BundleSheaf,false,5,5,epoch-15,1,2,saliency,0.2182663371997409
amazon_ratings,BundleSheaf,false,5,5,epoch-15,2,2,saliency,0.6013947966776634
amazon_ratings,BundleSheaf,false,5,5,epoch-15,3,2,saliency,0.815395999901176
amazon_ratings,BundleSheaf,false,5,5,epoch-15,4,2,saliency,0.8657901919092129
amazon_ratings,BundleSheaf,false,5,5,epoch-15,5,2,saliency,0.8763742568713813
amazon_ratings,BundleSheaf,false,5,5,epoch-15,0,2,cohens_d_train,0.02162715
amazon_ratings,BundleSheaf,false,5,5,epoch-15,1,2,cohens_d_train,0.041751858
amazon_ratings,BundleSheaf,false,5,5,epoch-15,2,2,cohens_d_train,0.023718463
amazon_ratings,BundleSheaf,false,5,5,epoch-15,3,2,cohens_d_train,0.024811972
amazon_ratings,BundleSheaf,false,5,5,epoch-15,4,2,cohens_d_train,0.029055577
amazon_ratings,BundleSheaf,false,5,5,epoch-15,5,2,cohens_d_train,0.022679841
amazon_ratings,BundleSheaf,false,5,5,epoch-15,0,2,cohens_d_test,0.007843156
amazon_ratings,BundleSheaf,false,5,5,epoch-15,1,2,cohens_d_test,0.009234477
amazon_ratings,BundleSheaf,false,5,5,epoch-15,2,2,cohens_d_test,0.018263012
amazon_ratings,BundleSheaf,false,5,5,epoch-15,3,2,cohens_d_test,0.020050738
amazon_ratings,BundleSheaf,false,5,5,epoch-15,4,2,cohens_d_test,0.020419853
amazon_ratings,BundleSheaf,false,5,5,epoch-15,5,2,cohens_d_test,0.024104964
amazon_ratings,BundleSheaf,false,5,5,epoch-15,0,3,degree,0.008229370693030084
amazon_ratings,BundleSheaf,false,5,5,epoch-15,1,3,degree,0.4864836357206698
amazon_ratings,BundleSheaf,false,5,5,epoch-15,2,3,degree,0.5276191856804702
amazon_ratings,BundleSheaf,false,5,5,epoch-15,3,3,degree,0.29756233587157116
amazon_ratings,BundleSheaf,false,5,5,epoch-15,4,3,degree,0.152532533430187
amazon_ratings,BundleSheaf,false,5,5,epoch-15,5,3,degree,0.08798918655358084
amazon_ratings,BundleSheaf,false,5,5,epoch-15,0,3,betweenness,-0.005179899262460377
amazon_ratings,BundleSheaf,false,5,5,epoch-15,1,3,betweenness,0.21873076991181642
amazon_ratings,BundleSheaf,false,5,5,epoch-15,2,3,betweenness,0.3078945290623998
amazon_ratings,BundleSheaf,false,5,5,epoch-15,3,3,betweenness,0.2787450270042871
amazon_ratings,BundleSheaf,false,5,5,epoch-15,4,3,betweenness,0.2525190171434588
amazon_ratings,BundleSheaf,false,5,5,epoch-15,5,3,betweenness,0.2477011430437123
amazon_ratings,BundleSheaf,false,5,5,epoch-15,0,3,confidence,0.0337218312965489
amazon_ratings,BundleSheaf,false,5,5,epoch-15,1,3,confidence,0.12959134422420904
amazon_ratings,BundleSheaf,false,5,5,epoch-15,2,3,confidence,0.2427589354113961
amazon_ratings,BundleSheaf,false,5,5,epoch-15,3,3,confidence,0.33147251209122475
amazon_ratings,BundleSheaf,false,5,5,epoch-15,4,3,confidence,0.35793638948708917
amazon_ratings,BundleSheaf,false,5,5,epoch-15,5,3,confidence,0.36539506395970256
amazon_ratings,BundleSheaf,false,5,5,epoch-15,0,3,saliency,-0.0023649524433067494
amazon_ratings,BundleSheaf,false,5,5,epoch-15,1,3,saliency,0.1781586830476248
amazon_ratings,BundleSheaf,false,5,5,epoch-15,2,3,saliency,0.5302218642916536
amazon_ratings,BundleSheaf,false,5,5,epoch-15,3,3,saliency,0.8035493605580074
amazon_ratings,BundleSheaf,false,5,5,epoch-15,4,3,saliency,0.8738782285386385
amazon_ratings,BundleSheaf,false,5,5,epoch-15,5,3,saliency,0.8826136267188095
amazon_ratings,BundleSheaf,false,5,5,epoch-15,0,3,cohens_d_train,0.046050698
amazon_ratings,BundleSheaf,false,5,5,epoch-15,1,3,cohens_d_train,0.007921962
amazon_ratings,BundleSheaf,false,5,5,epoch-15,2,3,cohens_d_train,0.031090554
amazon_ratings,BundleSheaf,false,5,5,epoch-15,3,3,cohens_d_train,0.045179315
amazon_ratings,BundleSheaf,false,5,5,epoch-15,4,3,cohens_d_train,0.044914864
amazon_ratings,BundleSheaf,false,5,5,epoch-15,5,3,cohens_d_train,0.05100831
amazon_ratings,BundleSheaf,false,5,5,epoch-15,0,3,cohens_d_test,0.0046096626
amazon_ratings,BundleSheaf,false,5,5,epoch-15,1,3,cohens_d_test,0.036797546
amazon_ratings,BundleSheaf,false,5,5,epoch-15,2,3,cohens_d_test,0.03988641
amazon_ratings,BundleSheaf,false,5,5,epoch-15,3,3,cohens_d_test,0.049919084
amazon_ratings,BundleSheaf,false,5,5,epoch-15,4,3,cohens_d_test,0.06219548
amazon_ratings,BundleSheaf,false,5,5,epoch-15,5,3,cohens_d_test,0.073986
amazon_ratings,BundleSheaf,false,5,5,epoch-15,0,4,degree,0.003542024269861311
amazon_ratings,BundleSheaf,false,5,5,epoch-15,1,4,degree,0.5142917198806334
amazon_ratings,BundleSheaf,false,5,5,epoch-15,2,4,degree,0.5176973233256961
amazon_ratings,BundleSheaf,false,5,5,epoch-15,3,4,degree,0.2999487918969527
amazon_ratings,BundleSheaf,false,5,5,epoch-15,4,4,degree,0.11094078125631543
amazon_ratings,BundleSheaf,false,5,5,epoch-15,5,4,degree,0.09698171992542781
amazon_ratings,BundleSheaf,false,5,5,epoch-15,0,4,betweenness,0.0118941036185083
amazon_ratings,BundleSheaf,false,5,5,epoch-15,1,4,betweenness,0.2498744537003271
amazon_ratings,BundleSheaf,false,5,5,epoch-15,2,4,betweenness,0.33104322354221055
amazon_ratings,BundleSheaf,false,5,5,epoch-15,3,4,betweenness,0.2923097311088447
amazon_ratings,BundleSheaf,false,5,5,epoch-15,4,4,betweenness,0.24576165634647662
amazon_ratings,BundleSheaf,false,5,5,epoch-15,5,4,betweenness,0.26362344253339365
amazon_ratings,BundleSheaf,false,5,5,epoch-15,0,4,confidence,0.05822953913489371
amazon_ratings,BundleSheaf,false,5,5,epoch-15,1,4,confidence,0.16557583633755193
amazon_ratings,BundleSheaf,false,5,5,epoch-15,2,4,confidence,0.2946263132404574
amazon_ratings,BundleSheaf,false,5,5,epoch-15,3,4,confidence,0.3860855656548755
amazon_ratings,BundleSheaf,false,5,5,epoch-15,4,4,confidence,0.4131172710222572
amazon_ratings,BundleSheaf,false,5,5,epoch-15,5,4,confidence,0.422277487301188
amazon_ratings,BundleSheaf,false,5,5,epoch-15,0,4,saliency,0.041633288204049046
amazon_ratings,BundleSheaf,false,5,5,epoch-15,1,4,saliency,0.23290837810504436
amazon_ratings,BundleSheaf,false,5,5,epoch-15,2,4,saliency,0.5902857992284377
amazon_ratings,BundleSheaf,false,5,5,epoch-15,3,4,saliency,0.8285586645773579
amazon_ratings,BundleSheaf,false,5,5,epoch-15,4,4,saliency,0.8830350835444026
amazon_ratings,BundleSheaf,false,5,5,epoch-15,5,4,saliency,0.8863636340628652
amazon_ratings,BundleSheaf,false,5,5,epoch-15,0,4,cohens_d_train,0.0091632325
amazon_ratings,BundleSheaf,false,5,5,epoch-15,1,4,cohens_d_train,0.010391214
amazon_ratings,BundleSheaf,false,5,5,epoch-15,2,4,cohens_d_train,0.030507227
amazon_ratings,BundleSheaf,false,5,5,epoch-15,3,4,cohens_d_train,0.046395056
amazon_ratings,BundleSheaf,false,5,5,epoch-15,4,4,cohens_d_train,0.052386682
amazon_ratings,BundleSheaf,false,5,5,epoch-15,5,4,cohens_d_train,0.051416025
amazon_ratings,BundleSheaf,false,5,5,epoch-15,0,4,cohens_d_test,0.024330394
amazon_ratings,BundleSheaf,false,5,5,epoch-15,1,4,cohens_d_test,0.006528487
amazon_ratings,BundleSheaf,false,5,5,epoch-15,2,4,cohens_d_test,0.018810367
amazon_ratings,BundleSheaf,false,5,5,epoch-15,3,4,cohens_d_test,0.0104422625
amazon_ratings,BundleSheaf,false,5,5,epoch-15,4,4,cohens_d_test,0.0009573751
amazon_ratings,BundleSheaf,false,5,5,epoch-15,5,4,cohens_d_test,0.0002878109
amazon_ratings,BundleSheaf,false,5,5,epoch-15,0,5,degree,0.010249069117611411
amazon_ratings,BundleSheaf,false,5,5,epoch-15,1,5,degree,0.49853141853939575
amazon_ratings,BundleSheaf,false,5,5,epoch-15,2,5,degree,0.5072278727640664
amazon_ratings,BundleSheaf,false,5,5,epoch-15,3,5,degree,0.30679116991134897
amazon_ratings,BundleSheaf,false,5,5,epoch-15,4,5,degree,0.13837726640417172
amazon_ratings,BundleSheaf,false,5,5,epoch-15,5,5,degree,0.12458472882725433
amazon_ratings,BundleSheaf,false,5,5,epoch-15,0,5,betweenness,0.003208286334221913
amazon_ratings,BundleSheaf,false,5,5,epoch-15,1,5,betweenness,0.2189373169920061
amazon_ratings,BundleSheaf,false,5,5,epoch-15,2,5,betweenness,0.2976492998221956
amazon_ratings,BundleSheaf,false,5,5,epoch-15,3,5,betweenness,0.27757509712463174
amazon_ratings,BundleSheaf,false,5,5,epoch-15,4,5,betweenness,0.24473293566982457
amazon_ratings,BundleSheaf,false,5,5,epoch-15,5,5,betweenness,0.26373480412461214
amazon_ratings,BundleSheaf,false,5,5,epoch-15,0,5,confidence,0.03340877808035701
amazon_ratings,BundleSheaf,false,5,5,epoch-15,1,5,confidence,0.1167144577860533
amazon_ratings,BundleSheaf,false,5,5,epoch-15,2,5,confidence,0.21922282933789336
amazon_ratings,BundleSheaf,false,5,5,epoch-15,3,5,confidence,0.2786850292024563
amazon_ratings,BundleSheaf,false,5,5,epoch-15,4,5,confidence,0.3004871902583327
amazon_ratings,BundleSheaf,false,5,5,epoch-15,5,5,confidence,0.30700754922219287
amazon_ratings,BundleSheaf,false,5,5,epoch-15,0,5,saliency,0.04001098777127033
amazon_ratings,BundleSheaf,false,5,5,epoch-15,1,5,saliency,0.17600379301671124
amazon_ratings,BundleSheaf,false,5,5,epoch-15,2,5,saliency,0.5360668891127286
amazon_ratings,BundleSheaf,false,5,5,epoch-15,3,5,saliency,0.762470570481327
amazon_ratings,BundleSheaf,false,5,5,epoch-15,4,5,saliency,0.8319958980416473
amazon_ratings,BundleSheaf,false,5,5,epoch-15,5,5,saliency,0.8455244680850932
amazon_ratings,BundleSheaf,false,5,5,epoch-15,0,5,cohens_d_train,0.020040773
amazon_ratings,BundleSheaf,false,5,5,epoch-15,1,5,cohens_d_train,0.002188312
amazon_ratings,BundleSheaf,false,5,5,epoch-15,2,5,cohens_d_train,0.050449926
amazon_ratings,BundleSheaf,false,5,5,epoch-15,3,5,cohens_d_train,0.055357
amazon_ratings,BundleSheaf,false,5,5,epoch-15,4,5,cohens_d_train,0.065000296
amazon_ratings,BundleSheaf,false,5,5,epoch-15,5,5,cohens_d_train,0.048661478
amazon_ratings,BundleSheaf,false,5,5,epoch-15,0,5,cohens_d_test,0.05494866
amazon_ratings,BundleSheaf,false,5,5,epoch-15,1,5,cohens_d_test,0.009332208
amazon_ratings,BundleSheaf,false,5,5,epoch-15,2,5,cohens_d_test,0.0010723952
amazon_ratings,BundleSheaf,false,5,5,epoch-15,3,5,cohens_d_test,0.0050993194
amazon_ratings,BundleSheaf,false,5,5,epoch-15,4,5,cohens_d_test,0.0006750688
amazon_ratings,BundleSheaf,false,5,5,epoch-15,5,5,cohens_d_test,0.0060474924
amazon_ratings,BundleSheaf,false,5,5,epoch-15,0,6,degree,0.0016460235161349231
amazon_ratings,BundleSheaf,false,5,5,epoch-15,1,6,degree,0.5360255329680055
amazon_ratings,BundleSheaf,false,5,5,epoch-15,2,6,degree,0.5569426780608242
amazon_ratings,BundleSheaf,false,5,5,epoch-15,3,6,degree,0.3221562932366619
amazon_ratings,BundleSheaf,false,5,5,epoch-15,4,6,degree,0.18577744817341998
amazon_ratings,BundleSheaf,false,5,5,epoch-15,5,6,degree,0.1181489376072158
amazon_ratings,BundleSheaf,false,5,5,epoch-15,0,6,betweenness,0.008248807936379656
amazon_ratings,BundleSheaf,false,5,5,epoch-15,1,6,betweenness,0.2506469880680484
amazon_ratings,BundleSheaf,false,5,5,epoch-15,2,6,betweenness,0.33525246453274676
amazon_ratings,BundleSheaf,false,5,5,epoch-15,3,6,betweenness,0.29890381235368435
amazon_ratings,BundleSheaf,false,5,5,epoch-15,4,6,betweenness,0.27091156584481413
amazon_ratings,BundleSheaf,false,5,5,epoch-15,5,6,betweenness,0.2657717852245957
amazon_ratings,BundleSheaf,false,5,5,epoch-15,0,6,confidence,0.03273127372589135
amazon_ratings,BundleSheaf,false,5,5,epoch-15,1,6,confidence,0.14996135542199412
amazon_ratings,BundleSheaf,false,5,5,epoch-15,2,6,confidence,0.27487419627269893
amazon_ratings,BundleSheaf,false,5,5,epoch-15,3,6,confidence,0.36691984747238515
amazon_ratings,BundleSheaf,false,5,5,epoch-15,4,6,confidence,0.39084567641588025
amazon_ratings,BundleSheaf,false,5,5,epoch-15,5,6,confidence,0.4004628306327205
amazon_ratings,BundleSheaf,false,5,5,epoch-15,0,6,saliency,0.03767037282726221
amazon_ratings,BundleSheaf,false,5,5,epoch-15,1,6,saliency,0.22029842291890434
amazon_ratings,BundleSheaf,false,5,5,epoch-15,2,6,saliency,0.5717407463291486
amazon_ratings,BundleSheaf,false,5,5,epoch-15,3,6,saliency,0.8276626894891171
amazon_ratings,BundleSheaf,false,5,5,epoch-15,4,6,saliency,0.8855572921888711
amazon_ratings,BundleSheaf,false,5,5,epoch-15,5,6,saliency,0.8915390175843527
amazon_ratings,BundleSheaf,false,5,5,epoch-15,0,6,cohens_d_train,0.011366583
amazon_ratings,BundleSheaf,false,5,5,epoch-15,1,6,cohens_d_train,0.011190372
amazon_ratings,BundleSheaf,false,5,5,epoch-15,2,6,cohens_d_train,0.042237077
amazon_ratings,BundleSheaf,false,5,5,epoch-15,3,6,cohens_d_train,0.05735469
amazon_ratings,BundleSheaf,false,5,5,epoch-15,4,6,cohens_d_train,0.058431
amazon_ratings,BundleSheaf,false,5,5,epoch-15,5,6,cohens_d_train,0.05791061
amazon_ratings,BundleSheaf,false,5,5,epoch-15,0,6,cohens_d_test,0.026440136
amazon_ratings,BundleSheaf,false,5,5,epoch-15,1,6,cohens_d_test,0.0070486767
amazon_ratings,BundleSheaf,false,5,5,epoch-15,2,6,cohens_d_test,0.032202546
amazon_ratings,BundleSheaf,false,5,5,epoch-15,3,6,cohens_d_test,0.048817948
amazon_ratings,BundleSheaf,false,5,5,epoch-15,4,6,cohens_d_test,0.04764285
amazon_ratings,BundleSheaf,false,5,5,epoch-15,5,6,cohens_d_test,0.042597003
amazon_ratings,BundleSheaf,false,5,5,epoch-15,0,7,degree,0.00031586046561942865
amazon_ratings,BundleSheaf,false,5,5,epoch-15,1,7,degree,0.5375204283743821
amazon_ratings,BundleSheaf,false,5,5,epoch-15,2,7,degree,0.517325962843365
amazon_ratings,BundleSheaf,false,5,5,epoch-15,3,7,degree,0.34225729104352454
amazon_ratings,BundleSheaf,false,5,5,epoch-15,4,7,degree,0.1016407250336424
amazon_ratings,BundleSheaf,false,5,5,epoch-15,5,7,degree,0.1269715005299861
amazon_ratings,BundleSheaf,false,5,5,epoch-15,0,7,betweenness,0.019552921942877367
amazon_ratings,BundleSheaf,false,5,5,epoch-15,1,7,betweenness,0.25820751240025414
amazon_ratings,BundleSheaf,false,5,5,epoch-15,2,7,betweenness,0.3264196843389484
amazon_ratings,BundleSheaf,false,5,5,epoch-15,3,7,betweenness,0.3048517282906151
amazon_ratings,BundleSheaf,false,5,5,epoch-15,4,7,betweenness,0.23479081539686433
amazon_ratings,BundleSheaf,false,5,5,epoch-15,5,7,betweenness,0.27172525078520826
amazon_ratings,BundleSheaf,false,5,5,epoch-15,0,7,confidence,0.038273271983375504
amazon_ratings,BundleSheaf,false,5,5,epoch-15,1,7,confidence,0.12176953369026725
amazon_ratings,BundleSheaf,false,5,5,epoch-15,2,7,confidence,0.20260584644925422
amazon_ratings,BundleSheaf,false,5,5,epoch-15,3,7,confidence,0.25376418425544556
amazon_ratings,BundleSheaf,false,5,5,epoch-15,4,7,confidence,0.2671910341572369
amazon_ratings,BundleSheaf,false,5,5,epoch-15,5,7,confidence,0.2679476911164068
amazon_ratings,BundleSheaf,false,5,5,epoch-15,0,7,saliency,0.05293337592459619
amazon_ratings,BundleSheaf,false,5,5,epoch-15,1,7,saliency,0.23245212037593302
amazon_ratings,BundleSheaf,false,5,5,epoch-15,2,7,saliency,0.6143161611287664
amazon_ratings,BundleSheaf,false,5,5,epoch-15,3,7,saliency,0.8189981465964363
amazon_ratings,BundleSheaf,false,5,5,epoch-15,4,7,saliency,0.881253740424984
amazon_ratings,BundleSheaf,false,5,5,epoch-15,5,7,saliency,0.8927932586952237
amazon_ratings,BundleSheaf,false,5,5,epoch-15,0,7,cohens_d_train,0.015834207
amazon_ratings,BundleSheaf,false,5,5,epoch-15,1,7,cohens_d_train,0.07972239
amazon_ratings,BundleSheaf,false,5,5,epoch-15,2,7,cohens_d_train,0.08587164
amazon_ratings,BundleSheaf,false,5,5,epoch-15,3,7,cohens_d_train,0.07903806
amazon_ratings,BundleSheaf,false,5,5,epoch-15,4,7,cohens_d_train,0.097759195
amazon_ratings,BundleSheaf,false,5,5,epoch-15,5,7,cohens_d_train,0.07945726
amazon_ratings,BundleSheaf,false,5,5,epoch-15,0,7,cohens_d_test,0.054990858
amazon_ratings,BundleSheaf,false,5,5,epoch-15,1,7,cohens_d_test,0.018466739
amazon_ratings,BundleSheaf,false,5,5,epoch-15,2,7,cohens_d_test,0.010765236
amazon_ratings,BundleSheaf,false,5,5,epoch-15,3,7,cohens_d_test,0.0030382022
amazon_ratings,BundleSheaf,false,5,5,epoch-15,4,7,cohens_d_test,0.0014993305
amazon_ratings,BundleSheaf,false,5,5,epoch-15,5,7,cohens_d_test,0.01611089
amazon_ratings,BundleSheaf,false,5,5,epoch-15,0,8,degree,0.0005773077660825912
amazon_ratings,BundleSheaf,false,5,5,epoch-15,1,8,degree,0.5264463897263559
amazon_ratings,BundleSheaf,false,5,5,epoch-15,2,8,degree,0.524609987968262
amazon_ratings,BundleSheaf,false,5,5,epoch-15,3,8,degree,0.1849338998380658
amazon_ratings,BundleSheaf,false,5,5,epoch-15,4,8,degree,0.18687533612878476
amazon_ratings,BundleSheaf,false,5,5,epoch-15,5,8,degree,0.1469064971437297
amazon_ratings,BundleSheaf,false,5,5,epoch-15,0,8,betweenness,0.019669371859389908
amazon_ratings,BundleSheaf,false,5,5,epoch-15,1,8,betweenness,0.2571710867660019
amazon_ratings,BundleSheaf,false,5,5,epoch-15,2,8,betweenness,0.33539535738394766
amazon_ratings,BundleSheaf,false,5,5,epoch-15,3,8,betweenness,0.25879494346498544
amazon_ratings,BundleSheaf,false,5,5,epoch-15,4,8,betweenness,0.28059592518943277
amazon_ratings,BundleSheaf,false,5,5,epoch-15,5,8,betweenness,0.2775465825135138
amazon_ratings,BundleSheaf,false,5,5,epoch-15,0,8,confidence,0.026355589133314497
amazon_ratings,BundleSheaf,false,5,5,epoch-15,1,8,confidence,0.1339023037532302
amazon_ratings,BundleSheaf,false,5,5,epoch-15,2,8,confidence,0.24138905782927506
amazon_ratings,BundleSheaf,false,5,5,epoch-15,3,8,confidence,0.3051410835313378
amazon_ratings,BundleSheaf,false,5,5,epoch-15,4,8,confidence,0.32452581500497274
amazon_ratings,BundleSheaf,false,5,5,epoch-15,5,8,confidence,0.33064135647734827
amazon_ratings,BundleSheaf,false,5,5,epoch-15,0,8,saliency,0.048746511851739484
amazon_ratings,BundleSheaf,false,5,5,epoch-15,1,8,saliency,0.22356955756348917
amazon_ratings,BundleSheaf,false,5,5,epoch-15,2,8,saliency,0.6105884227936961
amazon_ratings,BundleSheaf,false,5,5,epoch-15,3,8,saliency,0.8655430083192365
amazon_ratings,BundleSheaf,false,5,5,epoch-15,4,8,saliency,0.9022974462892881
amazon_ratings,BundleSheaf,false,5,5,epoch-15,5,8,saliency,0.9100749664254614
amazon_ratings,BundleSheaf,false,5,5,epoch-15,0,8,cohens_d_train,0.012720396
amazon_ratings,BundleSheaf,false,5,5,epoch-15,1,8,cohens_d_train,0.01719541
amazon_ratings,BundleSheaf,false,5,5,epoch-15,2,8,cohens_d_train,0.02473701
amazon_ratings,BundleSheaf,false,5,5,epoch-15,3,8,cohens_d_train,0.03988663
amazon_ratings,BundleSheaf,false,5,5,epoch-15,4,8,cohens_d_train,0.031225191
amazon_ratings,BundleSheaf,false,5,5,epoch-15,5,8,cohens_d_train,0.027124407
amazon_ratings,BundleSheaf,false,5,5,epoch-15,0,8,cohens_d_test,0.016162675
amazon_ratings,BundleSheaf,false,5,5,epoch-15,1,8,cohens_d_test,0.098915756
amazon_ratings,BundleSheaf,false,5,5,epoch-15,2,8,cohens_d_test,0.04564543
amazon_ratings,BundleSheaf,false,5,5,epoch-15,3,8,cohens_d_test,0.026562775
amazon_ratings,BundleSheaf,false,5,5,epoch-15,4,8,cohens_d_test,0.022071768
amazon_ratings,BundleSheaf,false,5,5,epoch-15,5,8,cohens_d_test,0.010684
amazon_ratings,BundleSheaf,false,5,5,epoch-15,0,9,degree,0.004683316491582967
amazon_ratings,BundleSheaf,false,5,5,epoch-15,1,9,degree,0.5227983544098334
amazon_ratings,BundleSheaf,false,5,5,epoch-15,2,9,degree,0.5397333951903283
amazon_ratings,BundleSheaf,false,5,5,epoch-15,3,9,degree,0.3284483940835313
amazon_ratings,BundleSheaf,false,5,5,epoch-15,4,9,degree,0.1494427355882151
amazon_ratings,BundleSheaf,false,5,5,epoch-15,5,9,degree,0.14363693295925833
amazon_ratings,BundleSheaf,false,5,5,epoch-15,0,9,betweenness,0.004390905954450937
amazon_ratings,BundleSheaf,false,5,5,epoch-15,1,9,betweenness,0.24728795841397644
amazon_ratings,BundleSheaf,false,5,5,epoch-15,2,9,betweenness,0.3333822466794962
amazon_ratings,BundleSheaf,false,5,5,epoch-15,3,9,betweenness,0.3008905417625304
amazon_ratings,BundleSheaf,false,5,5,epoch-15,4,9,betweenness,0.2606568825744451
amazon_ratings,BundleSheaf,false,5,5,epoch-15,5,9,betweenness,0.2772495719641346
amazon_ratings,BundleSheaf,false,5,5,epoch-15,0,9,confidence,0.0536636288514764
amazon_ratings,BundleSheaf,false,5,5,epoch-15,1,9,confidence,0.1621618648316937
amazon_ratings,BundleSheaf,false,5,5,epoch-15,2,9,confidence,0.29180847134253063
amazon_ratings,BundleSheaf,false,5,5,epoch-15,3,9,confidence,0.38031737869837684
amazon_ratings,BundleSheaf,false,5,5,epoch-15,4,9,confidence,0.4025189713075115
amazon_ratings,BundleSheaf,false,5,5,epoch-15,5,9,confidence,0.4109857049847001
amazon_ratings,BundleSheaf,false,5,5,epoch-15,0,9,saliency,0.04662589375971182
amazon_ratings,BundleSheaf,false,5,5,epoch-15,1,9,saliency,0.2331201220727226
amazon_ratings,BundleSheaf,false,5,5,epoch-15,2,9,saliency,0.5972757257582513
amazon_ratings,BundleSheaf,false,5,5,epoch-15,3,9,saliency,0.8317807208976734
amazon_ratings,BundleSheaf,false,5,5,epoch-15,4,9,saliency,0.8836011091727985
amazon_ratings,BundleSheaf,false,5,5,epoch-15,5,9,saliency,0.891927136211285
amazon_ratings,BundleSheaf,false,5,5,epoch-15,0,9,cohens_d_train,0.0040489673
amazon_ratings,BundleSheaf,false,5,5,epoch-15,1,9,cohens_d_train,0.033797257
amazon_ratings,BundleSheaf,false,5,5,epoch-15,2,9,cohens_d_train,0.057706904
amazon_ratings,BundleSheaf,false,5,5,epoch-15,3,9,cohens_d_train,0.057086106
amazon_ratings,BundleSheaf,false,5,5,epoch-15,4,9,cohens_d_train,0.052157573
amazon_ratings,BundleSheaf,false,5,5,epoch-15,5,9,cohens_d_train,0.053549953
amazon_ratings,BundleSheaf,false,5,5,epoch-15,0,9,cohens_d_test,0.027118191
amazon_ratings,BundleSheaf,false,5,5,epoch-15,1,9,cohens_d_test,0.012795876
amazon_ratings,BundleSheaf,false,5,5,epoch-15,2,9,cohens_d_test,0.012246494
amazon_ratings,BundleSheaf,false,5,5,epoch-15,3,9,cohens_d_test,0.0078971675
amazon_ratings,BundleSheaf,false,5,5,epoch-15,4,9,cohens_d_test,0.004514857
amazon_ratings,BundleSheaf,false,5,5,epoch-15,5,9,cohens_d_test,0.0076230606
amazon_ratings,BundleSheaf,false,5,5,epoch-50,0,0,degree,0.0010947327485411596
amazon_ratings,BundleSheaf,false,5,5,epoch-50,1,0,degree,0.5366717631447444
amazon_ratings,BundleSheaf,false,5,5,epoch-50,2,0,degree,0.5578309071255267
amazon_ratings,BundleSheaf,false,5,5,epoch-50,3,0,degree,0.2614178228382156
amazon_ratings,BundleSheaf,false,5,5,epoch-50,4,0,degree,0.11463446087781376
amazon_ratings,BundleSheaf,false,5,5,epoch-50,5,0,degree,0.16643548858421517
amazon_ratings,BundleSheaf,false,5,5,epoch-50,0,0,betweenness,0.012179777331359623
amazon_ratings,BundleSheaf,false,5,5,epoch-50,1,0,betweenness,0.251276175677661
amazon_ratings,BundleSheaf,false,5,5,epoch-50,2,0,betweenness,0.33095143028045937
amazon_ratings,BundleSheaf,false,5,5,epoch-50,3,0,betweenness,0.27580753871527547
amazon_ratings,BundleSheaf,false,5,5,epoch-50,4,0,betweenness,0.2447563173513829
amazon_ratings,BundleSheaf,false,5,5,epoch-50,5,0,betweenness,0.2829920522113398
amazon_ratings,BundleSheaf,false,5,5,epoch-50,0,0,confidence,0.07041048633810752
amazon_ratings,BundleSheaf,false,5,5,epoch-50,1,0,confidence,0.20520046329083697
amazon_ratings,BundleSheaf,false,5,5,epoch-50,2,0,confidence,0.4210287590122694
amazon_ratings,BundleSheaf,false,5,5,epoch-50,3,0,confidence,0.5885703787029033
amazon_ratings,BundleSheaf,false,5,5,epoch-50,4,0,confidence,0.6194570156073663
amazon_ratings,BundleSheaf,false,5,5,epoch-50,5,0,confidence,0.6383458049263944
amazon_ratings,BundleSheaf,false,5,5,epoch-50,0,0,saliency,0.013680334996190651
amazon_ratings,BundleSheaf,false,5,5,epoch-50,1,0,saliency,0.20794528681990507
amazon_ratings,BundleSheaf,false,5,5,epoch-50,2,0,saliency,0.5873215507653736
amazon_ratings,BundleSheaf,false,5,5,epoch-50,3,0,saliency,0.8376517501964007
amazon_ratings,BundleSheaf,false,5,5,epoch-50,4,0,saliency,0.8795861097599865
amazon_ratings,BundleSheaf,false,5,5,epoch-50,5,0,saliency,0.8890718664087185
amazon_ratings,BundleSheaf,false,5,5,epoch-50,0,0,cohens_d_train,0.026584236
amazon_ratings,BundleSheaf,false,5,5,epoch-50,1,0,cohens_d_train,0.030392485
amazon_ratings,BundleSheaf,false,5,5,epoch-50,2,0,cohens_d_train,0.019676337
amazon_ratings,BundleSheaf,false,5,5,epoch-50,3,0,cohens_d_train,0.008474929
amazon_ratings,BundleSheaf,false,5,5,epoch-50,4,0,cohens_d_train,0.01095473
amazon_ratings,BundleSheaf,false,5,5,epoch-50,5,0,cohens_d_train,0.009633224
amazon_ratings,BundleSheaf,false,5,5,epoch-50,0,0,cohens_d_test,0.034251325
amazon_ratings,BundleSheaf,false,5,5,epoch-50,1,0,cohens_d_test,0.07613876
amazon_ratings,BundleSheaf,false,5,5,epoch-50,2,0,cohens_d_test,0.044273373
amazon_ratings,BundleSheaf,false,5,5,epoch-50,3,0,cohens_d_test,0.023706887
amazon_ratings,BundleSheaf,false,5,5,epoch-50,4,0,cohens_d_test,0.0045723766
amazon_ratings,BundleSheaf,false,5,5,epoch-50,5,0,cohens_d_test,0.007722614
amazon_ratings,BundleSheaf,false,5,5,epoch-50,0,1,degree,-0.0017734292288254646
amazon_ratings,BundleSheaf,false,5,5,epoch-50,1,1,degree,0.5184472352117663
amazon_ratings,BundleSheaf,false,5,5,epoch-50,2,1,degree,0.5378703536235487
amazon_ratings,BundleSheaf,false,5,5,epoch-50,3,1,degree,0.32339169477119245
amazon_ratings,BundleSheaf,false,5,5,epoch-50,4,1,degree,0.19006157161412335
amazon_ratings,BundleSheaf,false,5,5,epoch-50,5,1,degree,0.10809736307309231
amazon_ratings,BundleSheaf,false,5,5,epoch-50,0,1,betweenness,0.002975421214943459
amazon_ratings,BundleSheaf,false,5,5,epoch-50,1,1,betweenness,0.24413383837361088
amazon_ratings,BundleSheaf,false,5,5,epoch-50,2,1,betweenness,0.3291978574271661
amazon_ratings,BundleSheaf,false,5,5,epoch-50,3,1,betweenness,0.2981483446592116
amazon_ratings,BundleSheaf,false,5,5,epoch-50,4,1,betweenness,0.27493406353157035
amazon_ratings,BundleSheaf,false,5,5,epoch-50,5,1,betweenness,0.25894477001267713
amazon_ratings,BundleSheaf,false,5,5,epoch-50,0,1,confidence,0.003594831233725424
amazon_ratings,BundleSheaf,false,5,5,epoch-50,1,1,confidence,0.1606519329246654
amazon_ratings,BundleSheaf,false,5,5,epoch-50,2,1,confidence,0.3814330031995273
amazon_ratings,BundleSheaf,false,5,5,epoch-50,3,1,confidence,0.5097724665076847
amazon_ratings,BundleSheaf,false,5,5,epoch-50,4,1,confidence,0.5478886799843617
amazon_ratings,BundleSheaf,false,5,5,epoch-50,5,1,confidence,0.5586368841201247
amazon_ratings,BundleSheaf,false,5,5,epoch-50,0,1,saliency,0.009937173345194917
amazon_ratings,BundleSheaf,false,5,5,epoch-50,1,1,saliency,0.19256457424542994
amazon_ratings,BundleSheaf,false,5,5,epoch-50,2,1,saliency,0.5844297733665259
amazon_ratings,BundleSheaf,false,5,5,epoch-50,3,1,saliency,0.7880744810820814
amazon_ratings,BundleSheaf,false,5,5,epoch-50,4,1,saliency,0.836980596674053
amazon_ratings,BundleSheaf,false,5,5,epoch-50,5,1,saliency,0.8392142822918721
amazon_ratings,BundleSheaf,false,5,5,epoch-50,0,1,cohens_d_train,0.045439642
amazon_ratings,BundleSheaf,false,5,5,epoch-50,1,1,cohens_d_train,0.06535172
amazon_ratings,BundleSheaf,false,5,5,epoch-50,2,1,cohens_d_train,0.06152068
amazon_ratings,BundleSheaf,false,5,5,epoch-50,3,1,cohens_d_train,0.058653284
amazon_ratings,BundleSheaf,false,5,5,epoch-50,4,1,cohens_d_train,0.05750703
amazon_ratings,BundleSheaf,false,5,5,epoch-50,5,1,cohens_d_train,0.05834038
amazon_ratings,BundleSheaf,false,5,5,epoch-50,0,1,cohens_d_test,0.019104294
amazon_ratings,BundleSheaf,false,5,5,epoch-50,1,1,cohens_d_test,0.05586874
amazon_ratings,BundleSheaf,false,5,5,epoch-50,2,1,cohens_d_test,0.026769092
amazon_ratings,BundleSheaf,false,5,5,epoch-50,3,1,cohens_d_test,0.010999703
amazon_ratings,BundleSheaf,false,5,5,epoch-50,4,1,cohens_d_test,0.010015949
amazon_ratings,BundleSheaf,false,5,5,epoch-50,5,1,cohens_d_test,0.009153265
amazon_ratings,BundleSheaf,false,5,5,epoch-50,0,2,degree,0.0035227458230224253
amazon_ratings,BundleSheaf,false,5,5,epoch-50,1,2,degree,0.5210766937420416
amazon_ratings,BundleSheaf,false,5,5,epoch-50,2,2,degree,0.5188840965947097
amazon_ratings,BundleSheaf,false,5,5,epoch-50,3,2,degree,0.25199704754450464
amazon_ratings,BundleSheaf,false,5,5,epoch-50,4,2,degree,0.06988410735717276
amazon_ratings,BundleSheaf,false,5,5,epoch-50,5,2,degree,0.12501393412861994
amazon_ratings,BundleSheaf,false,5,5,epoch-50,0,2,betweenness,0.0052321830968611455
amazon_ratings,BundleSheaf,false,5,5,epoch-50,1,2,betweenness,0.2500171827421662
amazon_ratings,BundleSheaf,false,5,5,epoch-50,2,2,betweenness,0.32442527636061563
amazon_ratings,BundleSheaf,false,5,5,epoch-50,3,2,betweenness,0.2764231396520982
amazon_ratings,BundleSheaf,false,5,5,epoch-50,4,2,betweenness,0.2236001400788843
amazon_ratings,BundleSheaf,false,5,5,epoch-50,5,2,betweenness,0.26910139803211863
amazon_ratings,BundleSheaf,false,5,5,epoch-50,0,2,confidence,0.022723575720013222
amazon_ratings,BundleSheaf,false,5,5,epoch-50,1,2,confidence,0.1442525533556203
amazon_ratings,BundleSheaf,false,5,5,epoch-50,2,2,confidence,0.3381569826867083
amazon_ratings,BundleSheaf,false,5,5,epoch-50,3,2,confidence,0.4829873439576012
amazon_ratings,BundleSheaf,false,5,5,epoch-50,4,2,confidence,0.5201729458215121
amazon_ratings,BundleSheaf,false,5,5,epoch-50,5,2,confidence,0.5267081486429649
amazon_ratings,BundleSheaf,false,5,5,epoch-50,0,2,saliency,0.026894383840194658
amazon_ratings,BundleSheaf,false,5,5,epoch-50,1,2,saliency,0.19052156874734355
amazon_ratings,BundleSheaf,false,5,5,epoch-50,2,2,saliency,0.5861833726642726
amazon_ratings,BundleSheaf,false,5,5,epoch-50,3,2,saliency,0.8277337801147717
amazon_ratings,BundleSheaf,false,5,5,epoch-50,4,2,saliency,0.8679751725688903
amazon_ratings,BundleSheaf,false,5,5,epoch-50,5,2,saliency,0.8782082298292139
amazon_ratings,BundleSheaf,false,5,5,epoch-50,0,2,cohens_d_train,0.04822072
amazon_ratings,BundleSheaf,false,5,5,epoch-50,1,2,cohens_d_train,0.088383965
amazon_ratings,BundleSheaf,false,5,5,epoch-50,2,2,cohens_d_train,0.06647702
amazon_ratings,BundleSheaf,false,5,5,epoch-50,3,2,cohens_d_train,0.050951507
amazon_ratings,BundleSheaf,false,5,5,epoch-50,4,2,cohens_d_train,0.05013845
amazon_ratings,BundleSheaf,false,5,5,epoch-50,5,2,cohens_d_train,0.008826081
amazon_ratings,BundleSheaf,false,5,5,epoch-50,0,2,cohens_d_test,0.0107052205
amazon_ratings,BundleSheaf,false,5,5,epoch-50,1,2,cohens_d_test,0.07395837
amazon_ratings,BundleSheaf,false,5,5,epoch-50,2,2,cohens_d_test,0.061196577
amazon_ratings,BundleSheaf,false,5,5,epoch-50,3,2,cohens_d_test,0.055771075
amazon_ratings,BundleSheaf,false,5,5,epoch-50,4,2,cohens_d_test,0.08244184
amazon_ratings,BundleSheaf,false,5,5,epoch-50,5,2,cohens_d_test,0.05427195
amazon_ratings,BundleSheaf,false,5,5,epoch-50,0,3,degree,0.006814966699155802
amazon_ratings,BundleSheaf,false,5,5,epoch-50,1,3,degree,0.49541425123366806
amazon_ratings,BundleSheaf,false,5,5,epoch-50,2,3,degree,0.5333245875390383
amazon_ratings,BundleSheaf,false,5,5,epoch-50,3,3,degree,0.28121130073030565
amazon_ratings,BundleSheaf,false,5,5,epoch-50,4,3,degree,0.13283848545221227
amazon_ratings,BundleSheaf,false,5,5,epoch-50,5,3,degree,0.08401208863282335
amazon_ratings,BundleSheaf,false,5,5,epoch-50,0,3,betweenness,-0.0017890514333258373
amazon_ratings,BundleSheaf,false,5,5,epoch-50,1,3,betweenness,0.22913545636973515
amazon_ratings,BundleSheaf,false,5,5,epoch-50,2,3,betweenness,0.31871819422350567
amazon_ratings,BundleSheaf,false,5,5,epoch-50,3,3,betweenness,0.2825525035863688
amazon_ratings,BundleSheaf,false,5,5,epoch-50,4,3,betweenness,0.24703270512869738
amazon_ratings,BundleSheaf,false,5,5,epoch-50,5,3,betweenness,0.2511444145863965
amazon_ratings,BundleSheaf,false,5,5,epoch-50,0,3,confidence,0.031181269796423612
amazon_ratings,BundleSheaf,false,5,5,epoch-50,1,3,confidence,0.20357584913230856
amazon_ratings,BundleSheaf,false,5,5,epoch-50,2,3,confidence,0.4106001550358827
amazon_ratings,BundleSheaf,false,5,5,epoch-50,3,3,confidence,0.5441587469254825
amazon_ratings,BundleSheaf,false,5,5,epoch-50,4,3,confidence,0.5691154673418192
amazon_ratings,BundleSheaf,false,5,5,epoch-50,5,3,confidence,0.5792652624610517
amazon_ratings,BundleSheaf,false,5,5,epoch-50,0,3,saliency,-0.019899386706936244
amazon_ratings,BundleSheaf,false,5,5,epoch-50,1,3,saliency,0.1851049519983792
amazon_ratings,BundleSheaf,false,5,5,epoch-50,2,3,saliency,0.5720873348181825
amazon_ratings,BundleSheaf,false,5,5,epoch-50,3,3,saliency,0.82565221481839
amazon_ratings,BundleSheaf,false,5,5,epoch-50,4,3,saliency,0.8737326756070763
amazon_ratings,BundleSheaf,false,5,5,epoch-50,5,3,saliency,0.8796290705993124
amazon_ratings,BundleSheaf,false,5,5,epoch-50,0,3,cohens_d_train,0.03561345
amazon_ratings,BundleSheaf,false,5,5,epoch-50,1,3,cohens_d_train,0.024036465
amazon_ratings,BundleSheaf,false,5,5,epoch-50,2,3,cohens_d_train,0.030975742
amazon_ratings,BundleSheaf,false,5,5,epoch-50,3,3,cohens_d_train,0.053532578
amazon_ratings,BundleSheaf,false,5,5,epoch-50,4,3,cohens_d_train,0.058632433
amazon_ratings,BundleSheaf,false,5,5,epoch-50,5,3,cohens_d_train,0.059900053
amazon_ratings,BundleSheaf,false,5,5,epoch-50,0,3,cohens_d_test,0.0439515
amazon_ratings,BundleSheaf,false,5,5,epoch-50,1,3,cohens_d_test,0.010952924
amazon_ratings,BundleSheaf,false,5,5,epoch-50,2,3,cohens_d_test,0.026025819
amazon_ratings,BundleSheaf,false,5,5,epoch-50,3,3,cohens_d_test,0.030037848
amazon_ratings,BundleSheaf,false,5,5,epoch-50,4,3,cohens_d_test,0.028486576
amazon_ratings,BundleSheaf,false,5,5,epoch-50,5,3,cohens_d_test,0.039359428
amazon_ratings,BundleSheaf,false,5,5,epoch-50,0,4,degree,0.003218980388835024
amazon_ratings,BundleSheaf,false,5,5,epoch-50,1,4,degree,0.515975196850935
amazon_ratings,BundleSheaf,false,5,5,epoch-50,2,4,degree,0.5236709906719028
amazon_ratings,BundleSheaf,false,5,5,epoch-50,3,4,degree,0.2743465665762783
amazon_ratings,BundleSheaf,false,5,5,epoch-50,4,4,degree,-0.000925803534423651
amazon_ratings,BundleSheaf,false,5,5,epoch-50,5,4,degree,0.07984594059006439
amazon_ratings,BundleSheaf,false,5,5,epoch-50,0,4,betweenness,0.00475338818661901
amazon_ratings,BundleSheaf,false,5,5,epoch-50,1,4,betweenness,0.24510938362464244
amazon_ratings,BundleSheaf,false,5,5,epoch-50,2,4,betweenness,0.3266264934613202
amazon_ratings,BundleSheaf,false,5,5,epoch-50,3,4,betweenness,0.2824151944793029
amazon_ratings,BundleSheaf,false,5,5,epoch-50,4,4,betweenness,0.19174471624846265
amazon_ratings,BundleSheaf,false,5,5,epoch-50,5,4,betweenness,0.2512920579329446
amazon_ratings,BundleSheaf,false,5,5,epoch-50,0,4,confidence,0.02177179390001708
amazon_ratings,BundleSheaf,false,5,5,epoch-50,1,4,confidence,0.14503993305527899
amazon_ratings,BundleSheaf,false,5,5,epoch-50,2,4,confidence,0.32977223293481117
amazon_ratings,BundleSheaf,false,5,5,epoch-50,3,4,confidence,0.4951127691434762
amazon_ratings,BundleSheaf,false,5,5,epoch-50,4,4,confidence,0.5581596254994347
amazon_ratings,BundleSheaf,false,5,5,epoch-50,5,4,confidence,0.571436898234353
amazon_ratings,BundleSheaf,false,5,5,epoch-50,0,4,saliency,0.03397824094702228
amazon_ratings,BundleSheaf,false,5,5,epoch-50,1,4,saliency,0.21746693227906883
amazon_ratings,BundleSheaf,false,5,5,epoch-50,2,4,saliency,0.5715895727391248
amazon_ratings,BundleSheaf,false,5,5,epoch-50,3,4,saliency,0.8011152296125019
amazon_ratings,BundleSheaf,false,5,5,epoch-50,4,4,saliency,0.8235873564134878
amazon_ratings,BundleSheaf,false,5,5,epoch-50,5,4,saliency,0.8426986421094714
amazon_ratings,BundleSheaf,false,5,5,epoch-50,0,4,cohens_d_train,0.027995273
amazon_ratings,BundleSheaf,false,5,5,epoch-50,1,4,cohens_d_train,0.058267884
amazon_ratings,BundleSheaf,false,5,5,epoch-50,2,4,cohens_d_train,0.06297363
amazon_ratings,BundleSheaf,false,5,5,epoch-50,3,4,cohens_d_train,0.055671465
amazon_ratings,BundleSheaf,false,5,5,epoch-50,4,4,cohens_d_train,0.11945083
amazon_ratings,BundleSheaf,false,5,5,epoch-50,5,4,cohens_d_train,0.05312653
amazon_ratings,BundleSheaf,false,5,5,epoch-50,0,4,cohens_d_test,0.025289347
amazon_ratings,BundleSheaf,false,5,5,epoch-50,1,4,cohens_d_test,0.016868245
amazon_ratings,BundleSheaf,false,5,5,epoch-50,2,4,cohens_d_test,0.024145797
amazon_ratings,BundleSheaf,false,5,5,epoch-50,3,4,cohens_d_test,0.034955323
amazon_ratings,BundleSheaf,false,5,5,epoch-50,4,4,cohens_d_test,0.13504894
amazon_ratings,BundleSheaf,false,5,5,epoch-50,5,4,cohens_d_test,0.03552311
amazon_ratings,BundleSheaf,false,5,5,epoch-50,0,5,degree,0.010058405955423313
amazon_ratings,BundleSheaf,false,5,5,epoch-50,1,5,degree,0.4965909864243261
amazon_ratings,BundleSheaf,false,5,5,epoch-50,2,5,degree,0.49011404872035624
amazon_ratings,BundleSheaf,false,5,5,epoch-50,3,5,degree,0.2959341642106242
amazon_ratings,BundleSheaf,false,5,5,epoch-50,4,5,degree,0.11480385858493115
amazon_ratings,BundleSheaf,false,5,5,epoch-50,5,5,degree,0.0791936932460327
amazon_ratings,BundleSheaf,false,5,5,epoch-50,0,5,betweenness,0.003368538345144542
amazon_ratings,BundleSheaf,false,5,5,epoch-50,1,5,betweenness,0.21500140496290973
amazon_ratings,BundleSheaf,false,5,5,epoch-50,2,5,betweenness,0.2915118968368349
amazon_ratings,BundleSheaf,false,5,5,epoch-50,3,5,betweenness,0.276816125428458
amazon_ratings,BundleSheaf,false,5,5,epoch-50,4,5,betweenness,0.2333804795257325
amazon_ratings,BundleSheaf,false,5,5,epoch-50,5,5,betweenness,0.24315623123082247
amazon_ratings,BundleSheaf,false,5,5,epoch-50,0,5,confidence,-0.027111763830589393
amazon_ratings,BundleSheaf,false,5,5,epoch-50,1,5,confidence,0.09008060275239183
amazon_ratings,BundleSheaf,false,5,5,epoch-50,2,5,confidence,0.25516476653755304
amazon_ratings,BundleSheaf,false,5,5,epoch-50,3,5,confidence,0.3523937948566661
amazon_ratings,BundleSheaf,false,5,5,epoch-50,4,5,confidence,0.40489191201051256
amazon_ratings,BundleSheaf,false,5,5,epoch-50,5,5,confidence,0.4169009413259672
amazon_ratings,BundleSheaf,false,5,5,epoch-50,0,5,saliency,0.020508738186938723
amazon_ratings,BundleSheaf,false,5,5,epoch-50,1,5,saliency,0.16415535384599936
amazon_ratings,BundleSheaf,false,5,5,epoch-50,2,5,saliency,0.5821710381130609
amazon_ratings,BundleSheaf,false,5,5,epoch-50,3,5,saliency,0.809520456135032
amazon_ratings,BundleSheaf,false,5,5,epoch-50,4,5,saliency,0.8693293942358075
amazon_ratings,BundleSheaf,false,5,5,epoch-50,5,5,saliency,0.8797373787895028
amazon_ratings,BundleSheaf,false,5,5,epoch-50,0,5,cohens_d_train,0.00023961076
amazon_ratings,BundleSheaf,false,5,5,epoch-50,1,5,cohens_d_train,0.0046004322
amazon_ratings,BundleSheaf,false,5,5,epoch-50,2,5,cohens_d_train,0.03415532
amazon_ratings,BundleSheaf,false,5,5,epoch-50,3,5,cohens_d_train,0.035889454
amazon_ratings,BundleSheaf,false,5,5,epoch-50,4,5,cohens_d_train,0.04312123
amazon_ratings,BundleSheaf,false,5,5,epoch-50,5,5,cohens_d_train,0.04099124
amazon_ratings,BundleSheaf,false,5,5,epoch-50,0,5,cohens_d_test,0.041635104
amazon_ratings,BundleSheaf,false,5,5,epoch-50,1,5,cohens_d_test,0.01774688
amazon_ratings,BundleSheaf,false,5,5,epoch-50,2,5,cohens_d_test,0.052143373
amazon_ratings,BundleSheaf,false,5,5,epoch-50,3,5,cohens_d_test,0.050759014
amazon_ratings,BundleSheaf,false,5,5,epoch-50,4,5,cohens_d_test,0.042670883
amazon_ratings,BundleSheaf,false,5,5,epoch-50,5,5,cohens_d_test,0.040191036
amazon_ratings,BundleSheaf,false,5,5,epoch-50,0,6,degree,0.0015891888557224476
amazon_ratings,BundleSheaf,false,5,5,epoch-50,1,6,degree,0.5317442662606747
amazon_ratings,BundleSheaf,false,5,5,epoch-50,2,6,degree,0.527537827494751
amazon_ratings,BundleSheaf,false,5,5,epoch-50,3,6,degree,0.26083829685067084
amazon_ratings,BundleSheaf,false,5,5,epoch-50,4,6,degree,0.13440916615101145
amazon_ratings,BundleSheaf,false,5,5,epoch-50,5,6,degree,0.12240619281761803
amazon_ratings,BundleSheaf,false,5,5,epoch-50,0,6,betweenness,0.009434030666805072
amazon_ratings,BundleSheaf,false,5,5,epoch-50,1,6,betweenness,0.2537309079903545
amazon_ratings,BundleSheaf,false,5,5,epoch-50,2,6,betweenness,0.3264426203134885
amazon_ratings,BundleSheaf,false,5,5,epoch-50,3,6,betweenness,0.27982556438069495
amazon_ratings,BundleSheaf,false,5,5,epoch-50,4,6,betweenness,0.253927120060306
amazon_ratings,BundleSheaf,false,5,5,epoch-50,5,6,betweenness,0.2710843636235748
amazon_ratings,BundleSheaf,false,5,5,epoch-50,0,6,confidence,0.049885345127567884
amazon_ratings,BundleSheaf,false,5,5,epoch-50,1,6,confidence,0.20666806138514474
amazon_ratings,BundleSheaf,false,5,5,epoch-50,2,6,confidence,0.4300003852660641
amazon_ratings,BundleSheaf,false,5,5,epoch-50,3,6,confidence,0.5897293457243616
amazon_ratings,BundleSheaf,false,5,5,epoch-50,4,6,confidence,0.6314978185849908
amazon_ratings,BundleSheaf,false,5,5,epoch-50,5,6,confidence,0.6471365202704394
amazon_ratings,BundleSheaf,false,5,5,epoch-50,0,6,saliency,0.03725015099714509
amazon_ratings,BundleSheaf,false,5,5,epoch-50,1,6,saliency,0.22692097603114844
amazon_ratings,BundleSheaf,false,5,5,epoch-50,2,6,saliency,0.5839757273370837
amazon_ratings,BundleSheaf,false,5,5,epoch-50,3,6,saliency,0.8089570890533843
amazon_ratings,BundleSheaf,false,5,5,epoch-50,4,6,saliency,0.8474956838886717
amazon_ratings,BundleSheaf,false,5,5,epoch-50,5,6,saliency,0.8508660223441528
amazon_ratings,BundleSheaf,false,5,5,epoch-50,0,6,cohens_d_train,0.007288352
amazon_ratings,BundleSheaf,false,5,5,epoch-50,1,6,cohens_d_train,0.09734202
amazon_ratings,BundleSheaf,false,5,5,epoch-50,2,6,cohens_d_train,0.083082765
amazon_ratings,BundleSheaf,false,5,5,epoch-50,3,6,cohens_d_train,0.07508129
amazon_ratings,BundleSheaf,false,5,5,epoch-50,4,6,cohens_d_train,0.07750236
amazon_ratings,BundleSheaf,false,5,5,epoch-50,5,6,cohens_d_train,0.07885329
amazon_ratings,BundleSheaf,false,5,5,epoch-50,0,6,cohens_d_test,0.01878434
amazon_ratings,BundleSheaf,false,5,5,epoch-50,1,6,cohens_d_test,0.08496009
amazon_ratings,BundleSheaf,false,5,5,epoch-50,2,6,cohens_d_test,0.074087195
amazon_ratings,BundleSheaf,false,5,5,epoch-50,3,6,cohens_d_test,0.06150547
amazon_ratings,BundleSheaf,false,5,5,epoch-50,4,6,cohens_d_test,0.056714665
amazon_ratings,BundleSheaf,false,5,5,epoch-50,5,6,cohens_d_test,0.06433969
amazon_ratings,BundleSheaf,false,5,5,epoch-50,0,7,degree,-0.004082900864689811
amazon_ratings,BundleSheaf,false,5,5,epoch-50,1,7,degree,0.527854393519966
amazon_ratings,BundleSheaf,false,5,5,epoch-50,2,7,degree,0.5089941865516067
amazon_ratings,BundleSheaf,false,5,5,epoch-50,3,7,degree,0.29847301082975314
amazon_ratings,BundleSheaf,false,5,5,epoch-50,4,7,degree,0.010451418923326478
amazon_ratings,BundleSheaf,false,5,5,epoch-50,5,7,degree,0.11568618485348661
amazon_ratings,BundleSheaf,false,5,5,epoch-50,0,7,betweenness,0.02240127732006255
amazon_ratings,BundleSheaf,false,5,5,epoch-50,1,7,betweenness,0.2593074460200709
amazon_ratings,BundleSheaf,false,5,5,epoch-50,2,7,betweenness,0.32873321806623507
amazon_ratings,BundleSheaf,false,5,5,epoch-50,3,7,betweenness,0.2984341801911091
amazon_ratings,BundleSheaf,false,5,5,epoch-50,4,7,betweenness,0.19849003306511853
amazon_ratings,BundleSheaf,false,5,5,epoch-50,5,7,betweenness,0.27080199288327333
amazon_ratings,BundleSheaf,false,5,5,epoch-50,0,7,confidence,0.04899551416499856
amazon_ratings,BundleSheaf,false,5,5,epoch-50,1,7,confidence,0.19105873894684372
amazon_ratings,BundleSheaf,false,5,5,epoch-50,2,7,confidence,0.3701662191289105
amazon_ratings,BundleSheaf,false,5,5,epoch-50,3,7,confidence,0.48306195624157483
amazon_ratings,BundleSheaf,false,5,5,epoch-50,4,7,confidence,0.5175048412695955
amazon_ratings,BundleSheaf,false,5,5,epoch-50,5,7,confidence,0.5389360465246048
amazon_ratings,BundleSheaf,false,5,5,epoch-50,0,7,saliency,0.04371126579005955
amazon_ratings,BundleSheaf,false,5,5,epoch-50,1,7,saliency,0.24526132875105203
amazon_ratings,BundleSheaf,false,5,5,epoch-50,2,7,saliency,0.606483304167838
amazon_ratings,BundleSheaf,false,5,5,epoch-50,3,7,saliency,0.8021524047749806
amazon_ratings,BundleSheaf,false,5,5,epoch-50,4,7,saliency,0.8232279490003915
amazon_ratings,BundleSheaf,false,5,5,epoch-50,5,7,saliency,0.8411963990770867
amazon_ratings,BundleSheaf,false,5,5,epoch-50,0,7,cohens_d_train,0.01964871
amazon_ratings,BundleSheaf,false,5,5,epoch-50,1,7,cohens_d_train,0.005118639
amazon_ratings,BundleSheaf,false,5,5,epoch-50,2,7,cohens_d_train,0.033483174
amazon_ratings,BundleSheaf,false,5,5,epoch-50,3,7,cohens_d_train,0.044548493
amazon_ratings,BundleSheaf,false,5,5,epoch-50,4,7,cohens_d_train,0.055913147
amazon_ratings,BundleSheaf,false,5,5,epoch-50,5,7,cohens_d_train,0.043814253
amazon_ratings,BundleSheaf,false,5,5,epoch-50,0,7,cohens_d_test,0.022044042
amazon_ratings,BundleSheaf,false,5,5,epoch-50,1,7,cohens_d_test,0.009391373
amazon_ratings,BundleSheaf,false,5,5,epoch-50,2,7,cohens_d_test,0.009465996
amazon_ratings,BundleSheaf,false,5,5,epoch-50,3,7,cohens_d_test,0.029017707
amazon_ratings,BundleSheaf,false,5,5,epoch-50,4,7,cohens_d_test,0.027974458
amazon_ratings,BundleSheaf,false,5,5,epoch-50,5,7,cohens_d_test,0.03109686
amazon_ratings,BundleSheaf,false,5,5,epoch-50,0,8,degree,0.0027175359928062154
amazon_ratings,BundleSheaf,false,5,5,epoch-50,1,8,degree,0.5165032322750156
amazon_ratings,BundleSheaf,false,5,5,epoch-50,2,8,degree,0.5398735018339847
amazon_ratings,BundleSheaf,false,5,5,epoch-50,3,8,degree,0.20434798776931212
amazon_ratings,BundleSheaf,false,5,5,epoch-50,4,8,degree,0.1454176597309994
amazon_ratings,BundleSheaf,false,5,5,epoch-50,5,8,degree,0.15869944489939475
amazon_ratings,BundleSheaf,false,5,5,epoch-50,0,8,betweenness,0.01019594697775487
amazon_ratings,BundleSheaf,false,5,5,epoch-50,1,8,betweenness,0.24721089920291806
amazon_ratings,BundleSheaf,false,5,5,epoch-50,2,8,betweenness,0.3273703463424712
amazon_ratings,BundleSheaf,false,5,5,epoch-50,3,8,betweenness,0.26134658700930535
amazon_ratings,BundleSheaf,false,5,5,epoch-50,4,8,betweenness,0.2614455902199131
amazon_ratings,BundleSheaf,false,5,5,epoch-50,5,8,betweenness,0.28370870198920944
amazon_ratings,BundleSheaf,false,5,5,epoch-50,0,8,confidence,0.02659619278866404
amazon_ratings,BundleSheaf,false,5,5,epoch-50,1,8,confidence,0.1783109207782056
amazon_ratings,BundleSheaf,false,5,5,epoch-50,2,8,confidence,0.405423728679569
amazon_ratings,BundleSheaf,false,5,5,epoch-50,3,8,confidence,0.5918986487529421
amazon_ratings,BundleSheaf,false,5,5,epoch-50,4,8,confidence,0.6307976844651296
amazon_ratings,BundleSheaf,false,5,5,epoch-50,5,8,confidence,0.6435134334976867
amazon_ratings,BundleSheaf,false,5,5,epoch-50,0,8,saliency,0.04140838042053586
amazon_ratings,BundleSheaf,false,5,5,epoch-50,1,8,saliency,0.22753471140104223
amazon_ratings,BundleSheaf,false,5,5,epoch-50,2,8,saliency,0.589951605985991
amazon_ratings,BundleSheaf,false,5,5,epoch-50,3,8,saliency,0.8266383105800607
amazon_ratings,BundleSheaf,false,5,5,epoch-50,4,8,saliency,0.8605685825128734
amazon_ratings,BundleSheaf,false,5,5,epoch-50,5,8,saliency,0.8637776910556058
amazon_ratings,BundleSheaf,false,5,5,epoch-50,0,8,cohens_d_train,0.0072495653
amazon_ratings,BundleSheaf,false,5,5,epoch-50,1,8,cohens_d_train,0.05939426
amazon_ratings,BundleSheaf,false,5,5,epoch-50,2,8,cohens_d_train,0.07492173
amazon_ratings,BundleSheaf,false,5,5,epoch-50,3,8,cohens_d_train,0.07755438
amazon_ratings,BundleSheaf,false,5,5,epoch-50,4,8,cohens_d_train,0.06628049
amazon_ratings,BundleSheaf,false,5,5,epoch-50,5,8,cohens_d_train,0.061737005
amazon_ratings,BundleSheaf,false,5,5,epoch-50,0,8,cohens_d_test,0.022587284
amazon_ratings,BundleSheaf,false,5,5,epoch-50,1,8,cohens_d_test,0.0489493
amazon_ratings,BundleSheaf,false,5,5,epoch-50,2,8,cohens_d_test,0.05964964
amazon_ratings,BundleSheaf,false,5,5,epoch-50,3,8,cohens_d_test,0.05102544
amazon_ratings,BundleSheaf,false,5,5,epoch-50,4,8,cohens_d_test,0.039371666
amazon_ratings,BundleSheaf,false,5,5,epoch-50,5,8,cohens_d_test,0.025370484
amazon_ratings,BundleSheaf,false,5,5,epoch-50,0,9,degree,0.0018427247849696008
amazon_ratings,BundleSheaf,false,5,5,epoch-50,1,9,degree,0.5164437694273201
amazon_ratings,BundleSheaf,false,5,5,epoch-50,2,9,degree,0.520557328624521
amazon_ratings,BundleSheaf,false,5,5,epoch-50,3,9,degree,0.32740631542285376
amazon_ratings,BundleSheaf,false,5,5,epoch-50,4,9,degree,-0.022969680930586215
amazon_ratings,BundleSheaf,false,5,5,epoch-50,5,9,degree,0.12286079689977342
amazon_ratings,BundleSheaf,false,5,5,epoch-50,0,9,betweenness,0.003917684274060991
amazon_ratings,BundleSheaf,false,5,5,epoch-50,1,9,betweenness,0.24492300619782914
amazon_ratings,BundleSheaf,false,5,5,epoch-50,2,9,betweenness,0.32112757490464106
amazon_ratings,BundleSheaf,false,5,5,epoch-50,3,9,betweenness,0.3018080078822454
amazon_ratings,BundleSheaf,false,5,5,epoch-50,4,9,betweenness,0.17674700860235834
amazon_ratings,BundleSheaf,false,5,5,epoch-50,5,9,betweenness,0.2741111200915688
amazon_ratings,BundleSheaf,false,5,5,epoch-50,0,9,confidence,0.05757620256519426
amazon_ratings,BundleSheaf,false,5,5,epoch-50,1,9,confidence,0.19655741892818118
amazon_ratings,BundleSheaf,false,5,5,epoch-50,2,9,confidence,0.3977552219943527
amazon_ratings,BundleSheaf,false,5,5,epoch-50,3,9,confidence,0.5321939927348174
amazon_ratings,BundleSheaf,false,5,5,epoch-50,4,9,confidence,0.5762339048487766
amazon_ratings,BundleSheaf,false,5,5,epoch-50,5,9,confidence,0.6078769196026457
amazon_ratings,BundleSheaf,false,5,5,epoch-50,0,9,saliency,0.0449685754226147
amazon_ratings,BundleSheaf,false,5,5,epoch-50,1,9,saliency,0.22881905688607757
amazon_ratings,BundleSheaf,false,5,5,epoch-50,2,9,saliency,0.6023352737286334
amazon_ratings,BundleSheaf,false,5,5,epoch-50,3,9,saliency,0.8128747063178081
amazon_ratings,BundleSheaf,false,5,5,epoch-50,4,9,saliency,0.809269555971083
amazon_ratings,BundleSheaf,false,5,5,epoch-50,5,9,saliency,0.838761681610527
amazon_ratings,BundleSheaf,false,5,5,epoch-50,0,9,cohens_d_train,0.04569869
amazon_ratings,BundleSheaf,false,5,5,epoch-50,1,9,cohens_d_train,0.0023125447
amazon_ratings,BundleSheaf,false,5,5,epoch-50,2,9,cohens_d_train,0.034407146
amazon_ratings,BundleSheaf,false,5,5,epoch-50,3,9,cohens_d_train,0.035375837
amazon_ratings,BundleSheaf,false,5,5,epoch-50,4,9,cohens_d_train,0.06190042
amazon_ratings,BundleSheaf,false,5,5,epoch-50,5,9,cohens_d_train,0.04032794
amazon_ratings,BundleSheaf,false,5,5,epoch-50,0,9,cohens_d_test,0.023461305
amazon_ratings,BundleSheaf,false,5,5,epoch-50,1,9,cohens_d_test,0.027569452
amazon_ratings,BundleSheaf,false,5,5,epoch-50,2,9,cohens_d_test,0.027278531
amazon_ratings,BundleSheaf,false,5,5,epoch-50,3,9,cohens_d_test,0.029344404
amazon_ratings,BundleSheaf,false,5,5,epoch-50,4,9,cohens_d_test,0.06569792
amazon_ratings,BundleSheaf,false,5,5,epoch-50,5,9,cohens_d_test,0.021826722
amazon_ratings,BundleSheaf,false,5,5,epoch-200,0,0,degree,0.011143552966543022
amazon_ratings,BundleSheaf,false,5,5,epoch-200,1,0,degree,0.4842912670200433
amazon_ratings,BundleSheaf,false,5,5,epoch-200,2,0,degree,0.5079610357747196
amazon_ratings,BundleSheaf,false,5,5,epoch-200,3,0,degree,0.17778606420960602
amazon_ratings,BundleSheaf,false,5,5,epoch-200,4,0,degree,0.07276641890178903
amazon_ratings,BundleSheaf,false,5,5,epoch-200,5,0,degree,0.13815477428410727
amazon_ratings,BundleSheaf,false,5,5,epoch-200,0,0,betweenness,0.004867862607304716
amazon_ratings,BundleSheaf,false,5,5,epoch-200,1,0,betweenness,0.2205674751958491
amazon_ratings,BundleSheaf,false,5,5,epoch-200,2,0,betweenness,0.30765641552588685
amazon_ratings,BundleSheaf,false,5,5,epoch-200,3,0,betweenness,0.24496724511980708
amazon_ratings,BundleSheaf,false,5,5,epoch-200,4,0,betweenness,0.22794489971868354
amazon_ratings,BundleSheaf,false,5,5,epoch-200,5,0,betweenness,0.2729901536873791
amazon_ratings,BundleSheaf,false,5,5,epoch-200,0,0,confidence,0.04727807684266813
amazon_ratings,BundleSheaf,false,5,5,epoch-200,1,0,confidence,0.19541864722257604
amazon_ratings,BundleSheaf,false,5,5,epoch-200,2,0,confidence,0.5294031418015365
amazon_ratings,BundleSheaf,false,5,5,epoch-200,3,0,confidence,0.7501445691827467
amazon_ratings,BundleSheaf,false,5,5,epoch-200,4,0,confidence,0.7984918951356202
amazon_ratings,BundleSheaf,false,5,5,epoch-200,5,0,confidence,0.818850620145204
amazon_ratings,BundleSheaf,false,5,5,epoch-200,0,0,saliency,0.04403580509277059
amazon_ratings,BundleSheaf,false,5,5,epoch-200,1,0,saliency,0.181738737121751
amazon_ratings,BundleSheaf,false,5,5,epoch-200,2,0,saliency,0.5470911726078032
amazon_ratings,BundleSheaf,false,5,5,epoch-200,3,0,saliency,0.7528774850930037
amazon_ratings,BundleSheaf,false,5,5,epoch-200,4,0,saliency,0.7908141453093032
amazon_ratings,BundleSheaf,false,5,5,epoch-200,5,0,saliency,0.8050857670606949
amazon_ratings,BundleSheaf,false,5,5,epoch-200,0,0,cohens_d_train,0.061178606
amazon_ratings,BundleSheaf,false,5,5,epoch-200,1,0,cohens_d_train,0.09230278
amazon_ratings,BundleSheaf,false,5,5,epoch-200,2,0,cohens_d_train,0.0899318
amazon_ratings,BundleSheaf,false,5,5,epoch-200,3,0,cohens_d_train,0.08759688
amazon_ratings,BundleSheaf,false,5,5,epoch-200,4,0,cohens_d_train,0.11754705
amazon_ratings,BundleSheaf,false,5,5,epoch-200,5,0,cohens_d_train,0.08759577
amazon_ratings,BundleSheaf,false,5,5,epoch-200,0,0,cohens_d_test,0.08190382
amazon_ratings,BundleSheaf,false,5,5,epoch-200,1,0,cohens_d_test,0.08990569
amazon_ratings,BundleSheaf,false,5,5,epoch-200,2,0,cohens_d_test,0.012089599
amazon_ratings,BundleSheaf,false,5,5,epoch-200,3,0,cohens_d_test,0.0056751645
amazon_ratings,BundleSheaf,false,5,5,epoch-200,4,0,cohens_d_test,0.001099421
amazon_ratings,BundleSheaf,false,5,5,epoch-200,5,0,cohens_d_test,0.013711736
amazon_ratings,BundleSheaf,false,5,5,epoch-200,0,1,degree,-0.0024111587967060913
amazon_ratings,BundleSheaf,false,5,5,epoch-200,1,1,degree,0.5181807737383776
amazon_ratings,BundleSheaf,false,5,5,epoch-200,2,1,degree,0.5374975010748236
amazon_ratings,BundleSheaf,false,5,5,epoch-200,3,1,degree,0.30797807737234784
amazon_ratings,BundleSheaf,false,5,5,epoch-200,4,1,degree,0.0476072318874766
amazon_ratings,BundleSheaf,false,5,5,epoch-200,5,1,degree,0.1116423177656508
amazon_ratings,BundleSheaf,false,5,5,epoch-200,0,1,betweenness,0.0037682285088051536
amazon_ratings,BundleSheaf,false,5,5,epoch-200,1,1,betweenness,0.2457686747985986
amazon_ratings,BundleSheaf,false,5,5,epoch-200,2,1,betweenness,0.32671829078609055
amazon_ratings,BundleSheaf,false,5,5,epoch-200,3,1,betweenness,0.290561409960219
amazon_ratings,BundleSheaf,false,5,5,epoch-200,4,1,betweenness,0.21245674738265907
amazon_ratings,BundleSheaf,false,5,5,epoch-200,5,1,betweenness,0.2598012937488566
amazon_ratings,BundleSheaf,false,5,5,epoch-200,0,1,confidence,0.014397050697107245
amazon_ratings,BundleSheaf,false,5,5,epoch-200,1,1,confidence,0.17773226617892296
amazon_ratings,BundleSheaf,false,5,5,epoch-200,2,1,confidence,0.5109687959851746
amazon_ratings,BundleSheaf,false,5,5,epoch-200,3,1,confidence,0.7319172178647722
amazon_ratings,BundleSheaf,false,5,5,epoch-200,4,1,confidence,0.8174267459003027
amazon_ratings,BundleSheaf,false,5,5,epoch-200,5,1,confidence,0.84344315982
amazon_ratings,BundleSheaf,false,5,5,epoch-200,0,1,saliency,0.021238612610882925
amazon_ratings,BundleSheaf,false,5,5,epoch-200,1,1,saliency,0.2128774436050586
amazon_ratings,BundleSheaf,false,5,5,epoch-200,2,1,saliency,0.5904821136313684
amazon_ratings,BundleSheaf,false,5,5,epoch-200,3,1,saliency,0.7877763063365756
amazon_ratings,BundleSheaf,false,5,5,epoch-200,4,1,saliency,0.8081928890772438
amazon_ratings,BundleSheaf,false,5,5,epoch-200,5,1,saliency,0.8230379768012869
amazon_ratings,BundleSheaf,false,5,5,epoch-200,0,1,cohens_d_train,0.00556067
amazon_ratings,BundleSheaf,false,5,5,epoch-200,1,1,cohens_d_train,0.018444749
amazon_ratings,BundleSheaf,false,5,5,epoch-200,2,1,cohens_d_train,0.02406276
amazon_ratings,BundleSheaf,false,5,5,epoch-200,3,1,cohens_d_train,0.047184173
amazon_ratings,BundleSheaf,false,5,5,epoch-200,4,1,cohens_d_train,0.07395329
amazon_ratings,BundleSheaf,false,5,5,epoch-200,5,1,cohens_d_train,0.055260226
amazon_ratings,BundleSheaf,false,5,5,epoch-200,0,1,cohens_d_test,0.027092151
amazon_ratings,BundleSheaf,false,5,5,epoch-200,1,1,cohens_d_test,0.022175513
amazon_ratings,BundleSheaf,false,5,5,epoch-200,2,1,cohens_d_test,0.034137264
amazon_ratings,BundleSheaf,false,5,5,epoch-200,3,1,cohens_d_test,0.037808582
amazon_ratings,BundleSheaf,false,5,5,epoch-200,4,1,cohens_d_test,0.03919062
amazon_ratings,BundleSheaf,false,5,5,epoch-200,5,1,cohens_d_test,0.029463366
amazon_ratings,BundleSheaf,false,5,5,epoch-200,0,2,degree,0.0024691838344359624
amazon_ratings,BundleSheaf,false,5,5,epoch-200,1,2,degree,0.5217429019457941
amazon_ratings,BundleSheaf,false,5,5,epoch-200,2,2,degree,0.5367121873606845
amazon_ratings,BundleSheaf,false,5,5,epoch-200,3,2,degree,0.23849990655274914
amazon_ratings,BundleSheaf,false,5,5,epoch-200,4,2,degree,-0.0646658559611994
amazon_ratings,BundleSheaf,false,5,5,epoch-200,5,2,degree,0.11083758363002481
amazon_ratings,BundleSheaf,false,5,5,epoch-200,0,2,betweenness,0.008669040644549495
amazon_ratings,BundleSheaf,false,5,5,epoch-200,1,2,betweenness,0.2488681715977225
amazon_ratings,BundleSheaf,false,5,5,epoch-200,2,2,betweenness,0.33234672339276417
amazon_ratings,BundleSheaf,false,5,5,epoch-200,3,2,betweenness,0.2778348178213563
amazon_ratings,BundleSheaf,false,5,5,epoch-200,4,2,betweenness,0.15821228808319154
amazon_ratings,BundleSheaf,false,5,5,epoch-200,5,2,betweenness,0.2587352853714294
amazon_ratings,BundleSheaf,false,5,5,epoch-200,0,2,confidence,0.031860112524166075
amazon_ratings,BundleSheaf,false,5,5,epoch-200,1,2,confidence,0.2172395258176581
amazon_ratings,BundleSheaf,false,5,5,epoch-200,2,2,confidence,0.5241726122581917
amazon_ratings,BundleSheaf,false,5,5,epoch-200,3,2,confidence,0.7427137000946638
amazon_ratings,BundleSheaf,false,5,5,epoch-200,4,2,confidence,0.7788695458341034
amazon_ratings,BundleSheaf,false,5,5,epoch-200,5,2,confidence,0.8399096984792059
amazon_ratings,BundleSheaf,false,5,5,epoch-200,0,2,saliency,0.02609629627041688
amazon_ratings,BundleSheaf,false,5,5,epoch-200,1,2,saliency,0.2147461170794247
amazon_ratings,BundleSheaf,false,5,5,epoch-200,2,2,saliency,0.5620123720125707
amazon_ratings,BundleSheaf,false,5,5,epoch-200,3,2,saliency,0.7817879836912822
amazon_ratings,BundleSheaf,false,5,5,epoch-200,4,2,saliency,0.7561832745987593
amazon_ratings,BundleSheaf,false,5,5,epoch-200,5,2,saliency,0.8067332204258391
amazon_ratings,BundleSheaf,false,5,5,epoch-200,0,2,cohens_d_train,0.02847073
amazon_ratings,BundleSheaf,false,5,5,epoch-200,1,2,cohens_d_train,0.056913767
amazon_ratings,BundleSheaf,false,5,5,epoch-200,2,2,cohens_d_train,0.02344531
amazon_ratings,BundleSheaf,false,5,5,epoch-200,3,2,cohens_d_train,0.016005531
amazon_ratings,BundleSheaf,false,5,5,epoch-200,4,2,cohens_d_train,0.11149651
amazon_ratings,BundleSheaf,false,5,5,epoch-200,5,2,cohens_d_train,0.011265483
amazon_ratings,BundleSheaf,false,5,5,epoch-200,0,2,cohens_d_test,0.034803253
amazon_ratings,BundleSheaf,false,5,5,epoch-200,1,2,cohens_d_test,0.08154616
amazon_ratings,BundleSheaf,false,5,5,epoch-200,2,2,cohens_d_test,0.067143604
amazon_ratings,BundleSheaf,false,5,5,epoch-200,3,2,cohens_d_test,0.047704313
amazon_ratings,BundleSheaf,false,5,5,epoch-200,4,2,cohens_d_test,0.1608136
amazon_ratings,BundleSheaf,false,5,5,epoch-200,5,2,cohens_d_test,0.05181575
amazon_ratings,BundleSheaf,false,5,5,epoch-200,0,3,degree,0.0074979202357200025
amazon_ratings,BundleSheaf,false,5,5,epoch-200,1,3,degree,0.4972820565349537
amazon_ratings,BundleSheaf,false,5,5,epoch-200,2,3,degree,0.5404390112494583
amazon_ratings,BundleSheaf,false,5,5,epoch-200,3,3,degree,0.31217525562503434
amazon_ratings,BundleSheaf,false,5,5,epoch-200,4,3,degree,0.05350300901952861
amazon_ratings,BundleSheaf,false,5,5,epoch-200,5,3,degree,0.096788853265102
amazon_ratings,BundleSheaf,false,5,5,epoch-200,0,3,betweenness,-0.0030329060150416746
amazon_ratings,BundleSheaf,false,5,5,epoch-200,1,3,betweenness,0.225267019498808
amazon_ratings,BundleSheaf,false,5,5,epoch-200,2,3,betweenness,0.3140732002727499
amazon_ratings,BundleSheaf,false,5,5,epoch-200,3,3,betweenness,0.2932244018313525
amazon_ratings,BundleSheaf,false,5,5,epoch-200,4,3,betweenness,0.20994624931081315
amazon_ratings,BundleSheaf,false,5,5,epoch-200,5,3,betweenness,0.2521239215552558
amazon_ratings,BundleSheaf,false,5,5,epoch-200,0,3,confidence,0.023241192639853834
amazon_ratings,BundleSheaf,false,5,5,epoch-200,1,3,confidence,0.190183168837632
amazon_ratings,BundleSheaf,false,5,5,epoch-200,2,3,confidence,0.49705762138762327
amazon_ratings,BundleSheaf,false,5,5,epoch-200,3,3,confidence,0.7296776577476713
amazon_ratings,BundleSheaf,false,5,5,epoch-200,4,3,confidence,0.797401603409571
amazon_ratings,BundleSheaf,false,5,5,epoch-200,5,3,confidence,0.827498351848785
amazon_ratings,BundleSheaf,false,5,5,epoch-200,0,3,saliency,-0.018961029026425463
amazon_ratings,BundleSheaf,false,5,5,epoch-200,1,3,saliency,0.1631781884735513
amazon_ratings,BundleSheaf,false,5,5,epoch-200,2,3,saliency,0.5327086507258187
amazon_ratings,BundleSheaf,false,5,5,epoch-200,3,3,saliency,0.7838597648463509
amazon_ratings,BundleSheaf,false,5,5,epoch-200,4,3,saliency,0.8288909341024254
amazon_ratings,BundleSheaf,false,5,5,epoch-200,5,3,saliency,0.8462327913769335
amazon_ratings,BundleSheaf,false,5,5,epoch-200,0,3,cohens_d_train,0.015381237
amazon_ratings,BundleSheaf,false,5,5,epoch-200,1,3,cohens_d_train,0.0213188
amazon_ratings,BundleSheaf,false,5,5,epoch-200,2,3,cohens_d_train,0.0216701
amazon_ratings,BundleSheaf,false,5,5,epoch-200,3,3,cohens_d_train,0.026671851
amazon_ratings,BundleSheaf,false,5,5,epoch-200,4,3,cohens_d_train,0.08062409
amazon_ratings,BundleSheaf,false,5,5,epoch-200,5,3,cohens_d_train,0.027358906
amazon_ratings,BundleSheaf,false,5,5,epoch-200,0,3,cohens_d_test,0.0016163825
amazon_ratings,BundleSheaf,false,5,5,epoch-200,1,3,cohens_d_test,0.018117484
amazon_ratings,BundleSheaf,false,5,5,epoch-200,2,3,cohens_d_test,0.012546404
amazon_ratings,BundleSheaf,false,5,5,epoch-200,3,3,cohens_d_test,0.022083635
amazon_ratings,BundleSheaf,false,5,5,epoch-200,4,3,cohens_d_test,0.08795763
amazon_ratings,BundleSheaf,false,5,5,epoch-200,5,3,cohens_d_test,0.03536682
amazon_ratings,BundleSheaf,false,5,5,epoch-200,0,4,degree,0.0075616092197298024
amazon_ratings,BundleSheaf,false,5,5,epoch-200,1,4,degree,0.5139299023409579
amazon_ratings,BundleSheaf,false,5,5,epoch-200,2,4,degree,0.4855409916154509
amazon_ratings,BundleSheaf,false,5,5,epoch-200,3,4,degree,0.2633293058456644
amazon_ratings,BundleSheaf,false,5,5,epoch-200,4,4,degree,-0.03703111063266446
amazon_ratings,BundleSheaf,false,5,5,epoch-200,5,4,degree,0.08190702358223022
amazon_ratings,BundleSheaf,false,5,5,epoch-200,0,4,betweenness,0.005005346465473259
amazon_ratings,BundleSheaf,false,5,5,epoch-200,1,4,betweenness,0.23538234312777773
amazon_ratings,BundleSheaf,false,5,5,epoch-200,2,4,betweenness,0.31286022103164945
amazon_ratings,BundleSheaf,false,5,5,epoch-200,3,4,betweenness,0.27327051391831203
amazon_ratings,BundleSheaf,false,5,5,epoch-200,4,4,betweenness,0.16510567612537233
amazon_ratings,BundleSheaf,false,5,5,epoch-200,5,4,betweenness,0.2505620431086272
amazon_ratings,BundleSheaf,false,5,5,epoch-200,0,4,confidence,0.016965559752125946
amazon_ratings,BundleSheaf,false,5,5,epoch-200,1,4,confidence,0.2002256555890924
amazon_ratings,BundleSheaf,false,5,5,epoch-200,2,4,confidence,0.5359413859374638
amazon_ratings,BundleSheaf,false,5,5,epoch-200,3,4,confidence,0.7334804025449428
amazon_ratings,BundleSheaf,false,5,5,epoch-200,4,4,confidence,0.805947106868236
amazon_ratings,BundleSheaf,false,5,5,epoch-200,5,4,confidence,0.8570655108644553
amazon_ratings,BundleSheaf,false,5,5,epoch-200,0,4,saliency,0.01075755100313052
amazon_ratings,BundleSheaf,false,5,5,epoch-200,1,4,saliency,0.17423981505389757
amazon_ratings,BundleSheaf,false,5,5,epoch-200,2,4,saliency,0.5253336257410524
amazon_ratings,BundleSheaf,false,5,5,epoch-200,3,4,saliency,0.7022894245827788
amazon_ratings,BundleSheaf,false,5,5,epoch-200,4,4,saliency,0.6997642067754493
amazon_ratings,BundleSheaf,false,5,5,epoch-200,5,4,saliency,0.7265171565749381
amazon_ratings,BundleSheaf,false,5,5,epoch-200,0,4,cohens_d_train,0.012981134
amazon_ratings,BundleSheaf,false,5,5,epoch-200,1,4,cohens_d_train,0.029608155
amazon_ratings,BundleSheaf,false,5,5,epoch-200,2,4,cohens_d_train,0.026034463
amazon_ratings,BundleSheaf,false,5,5,epoch-200,3,4,cohens_d_train,0.022104554
amazon_ratings,BundleSheaf,false,5,5,epoch-200,4,4,cohens_d_train,0.061490614
amazon_ratings,BundleSheaf,false,5,5,epoch-200,5,4,cohens_d_train,0.024592234
amazon_ratings,BundleSheaf,false,5,5,epoch-200,0,4,cohens_d_test,0.05313134
amazon_ratings,BundleSheaf,false,5,5,epoch-200,1,4,cohens_d_test,0.024768895
amazon_ratings,BundleSheaf,false,5,5,epoch-200,2,4,cohens_d_test,0.028149156
amazon_ratings,BundleSheaf,false,5,5,epoch-200,3,4,cohens_d_test,0.026592052
amazon_ratings,BundleSheaf,false,5,5,epoch-200,4,4,cohens_d_test,0.08060503
amazon_ratings,BundleSheaf,false,5,5,epoch-200,5,4,cohens_d_test,0.0279214
amazon_ratings,BundleSheaf,false,5,5,epoch-200,0,5,degree,0.010200051586115514
amazon_ratings,BundleSheaf,false,5,5,epoch-200,1,5,degree,0.49939739079768347
amazon_ratings,BundleSheaf,false,5,5,epoch-200,2,5,degree,0.48561903600797135
amazon_ratings,BundleSheaf,false,5,5,epoch-200,3,5,degree,0.28735796214112497
amazon_ratings,BundleSheaf,false,5,5,epoch-200,4,5,degree,0.04831396945077739
amazon_ratings,BundleSheaf,false,5,5,epoch-200,5,5,degree,0.09810864189644698
amazon_ratings,BundleSheaf,false,5,5,epoch-200,0,5,betweenness,0.0033128780363017606
amazon_ratings,BundleSheaf,false,5,5,epoch-200,1,5,betweenness,0.21887058376525412
amazon_ratings,BundleSheaf,false,5,5,epoch-200,2,5,betweenness,0.29700344209973756
amazon_ratings,BundleSheaf,false,5,5,epoch-200,3,5,betweenness,0.27961654970584704
amazon_ratings,BundleSheaf,false,5,5,epoch-200,4,5,betweenness,0.2049301057400939
amazon_ratings,BundleSheaf,false,5,5,epoch-200,5,5,betweenness,0.25648807970476045
amazon_ratings,BundleSheaf,false,5,5,epoch-200,0,5,confidence,-0.015202293707864353
amazon_ratings,BundleSheaf,false,5,5,epoch-200,1,5,confidence,0.1734263071541007
amazon_ratings,BundleSheaf,false,5,5,epoch-200,2,5,confidence,0.5329387455957856
amazon_ratings,BundleSheaf,false,5,5,epoch-200,3,5,confidence,0.7173746250549861
amazon_ratings,BundleSheaf,false,5,5,epoch-200,4,5,confidence,0.784584064943226
amazon_ratings,BundleSheaf,false,5,5,epoch-200,5,5,confidence,0.8321873476341513
amazon_ratings,BundleSheaf,false,5,5,epoch-200,0,5,saliency,0.03354419366374113
amazon_ratings,BundleSheaf,false,5,5,epoch-200,1,5,saliency,0.17378550477216295
amazon_ratings,BundleSheaf,false,5,5,epoch-200,2,5,saliency,0.5727598245520131
amazon_ratings,BundleSheaf,false,5,5,epoch-200,3,5,saliency,0.7578769429263904
amazon_ratings,BundleSheaf,false,5,5,epoch-200,4,5,saliency,0.7852189482856424
amazon_ratings,BundleSheaf,false,5,5,epoch-200,5,5,saliency,0.8044391025244134
amazon_ratings,BundleSheaf,false,5,5,epoch-200,0,5,cohens_d_train,0.020064458
amazon_ratings,BundleSheaf,false,5,5,epoch-200,1,5,cohens_d_train,0.012440451
amazon_ratings,BundleSheaf,false,5,5,epoch-200,2,5,cohens_d_train,0.045251247
amazon_ratings,BundleSheaf,false,5,5,epoch-200,3,5,cohens_d_train,0.0484148
amazon_ratings,BundleSheaf,false,5,5,epoch-200,4,5,cohens_d_train,0.07762244
amazon_ratings,BundleSheaf,false,5,5,epoch-200,5,5,cohens_d_train,0.04683667
amazon_ratings,BundleSheaf,false,5,5,epoch-200,0,5,cohens_d_test,0.074109554
amazon_ratings,BundleSheaf,false,5,5,epoch-200,1,5,cohens_d_test,0.0484344
amazon_ratings,BundleSheaf,false,5,5,epoch-200,2,5,cohens_d_test,0.014289732
amazon_ratings,BundleSheaf,false,5,5,epoch-200,3,5,cohens_d_test,0.010614911
amazon_ratings,BundleSheaf,false,5,5,epoch-200,4,5,cohens_d_test,0.020297343
amazon_ratings,BundleSheaf,false,5,5,epoch-200,5,5,cohens_d_test,0.008029145
amazon_ratings,BundleSheaf,false,5,5,epoch-200,0,6,degree,8.125851819108711e-05
amazon_ratings,BundleSheaf,false,5,5,epoch-200,1,6,degree,0.5317580334787856
amazon_ratings,BundleSheaf,false,5,5,epoch-200,2,6,degree,0.5117542145038353
amazon_ratings,BundleSheaf,false,5,5,epoch-200,3,6,degree,0.21673937747689243
amazon_ratings,BundleSheaf,false,5,5,epoch-200,4,6,degree,0.09353025773457746
amazon_ratings,BundleSheaf,false,5,5,epoch-200,5,6,degree,0.11048828184781181
amazon_ratings,BundleSheaf,false,5,5,epoch-200,0,6,betweenness,0.016190669332355762
amazon_ratings,BundleSheaf,false,5,5,epoch-200,1,6,betweenness,0.25351371564517744
amazon_ratings,BundleSheaf,false,5,5,epoch-200,2,6,betweenness,0.31334342469999116
amazon_ratings,BundleSheaf,false,5,5,epoch-200,3,6,betweenness,0.2623470709805974
amazon_ratings,BundleSheaf,false,5,5,epoch-200,4,6,betweenness,0.2341112447067424
amazon_ratings,BundleSheaf,false,5,5,epoch-200,5,6,betweenness,0.2704418123491412
amazon_ratings,BundleSheaf,false,5,5,epoch-200,0,6,confidence,0.045297230897644626
amazon_ratings,BundleSheaf,false,5,5,epoch-200,1,6,confidence,0.2145760408375116
amazon_ratings,BundleSheaf,false,5,5,epoch-200,2,6,confidence,0.49514577883857175
amazon_ratings,BundleSheaf,false,5,5,epoch-200,3,6,confidence,0.740251910350952
amazon_ratings,BundleSheaf,false,5,5,epoch-200,4,6,confidence,0.7967189848342895
amazon_ratings,BundleSheaf,false,5,5,epoch-200,5,6,confidence,0.8392372974389654
amazon_ratings,BundleSheaf,false,5,5,epoch-200,0,6,saliency,0.03482759630116108
amazon_ratings,BundleSheaf,false,5,5,epoch-200,1,6,saliency,0.21102273581582334
amazon_ratings,BundleSheaf,false,5,5,epoch-200,2,6,saliency,0.5472424478557808
amazon_ratings,BundleSheaf,false,5,5,epoch-200,3,6,saliency,0.7718540880650597
amazon_ratings,BundleSheaf,false,5,5,epoch-200,4,6,saliency,0.7992076076123468
amazon_ratings,BundleSheaf,false,5,5,epoch-200,5,6,saliency,0.791948189397744
amazon_ratings,BundleSheaf,false,5,5,epoch-200,0,6,cohens_d_train,0.00027737362
amazon_ratings,BundleSheaf,false,5,5,epoch-200,1,6,cohens_d_train,0.1829018
amazon_ratings,BundleSheaf,false,5,5,epoch-200,2,6,cohens_d_train,0.12452036
amazon_ratings,BundleSheaf,false,5,5,epoch-200,3,6,cohens_d_train,0.08764056
amazon_ratings,BundleSheaf,false,5,5,epoch-200,4,6,cohens_d_train,0.06822263
amazon_ratings,BundleSheaf,false,5,5,epoch-200,5,6,cohens_d_train,0.05716945
amazon_ratings,BundleSheaf,false,5,5,epoch-200,0,6,cohens_d_test,0.009628064
amazon_ratings,BundleSheaf,false,5,5,epoch-200,1,6,cohens_d_test,0.08039071
amazon_ratings,BundleSheaf,false,5,5,epoch-200,2,6,cohens_d_test,0.05828123
amazon_ratings,BundleSheaf,false,5,5,epoch-200,3,6,cohens_d_test,0.03416459
amazon_ratings,BundleSheaf,false,5,5,epoch-200,4,6,cohens_d_test,0.034968223
amazon_ratings,BundleSheaf,false,5,5,epoch-200,5,6,cohens_d_test,0.0027480228
amazon_ratings,BundleSheaf,false,5,5,epoch-200,0,7,degree,0.0002647279461014038
amazon_ratings,BundleSheaf,false,5,5,epoch-200,1,7,degree,0.5582255311350408
amazon_ratings,BundleSheaf,false,5,5,epoch-200,2,7,degree,0.41032272621479937
amazon_ratings,BundleSheaf,false,5,5,epoch-200,3,7,degree,0.23416298578027048
amazon_ratings,BundleSheaf,false,5,5,epoch-200,4,7,degree,-0.007513821022712312
amazon_ratings,BundleSheaf,false,5,5,epoch-200,5,7,degree,0.11263698403127469
amazon_ratings,BundleSheaf,false,5,5,epoch-200,0,7,betweenness,0.011230876251630962
amazon_ratings,BundleSheaf,false,5,5,epoch-200,1,7,betweenness,0.2647469681873733
amazon_ratings,BundleSheaf,false,5,5,epoch-200,2,7,betweenness,0.29900791049339126
amazon_ratings,BundleSheaf,false,5,5,epoch-200,3,7,betweenness,0.27374615777005257
amazon_ratings,BundleSheaf,false,5,5,epoch-200,4,7,betweenness,0.1903979843498368
amazon_ratings,BundleSheaf,false,5,5,epoch-200,5,7,betweenness,0.2573073896157383
amazon_ratings,BundleSheaf,false,5,5,epoch-200,0,7,confidence,0.037383693501435514
amazon_ratings,BundleSheaf,false,5,5,epoch-200,1,7,confidence,0.21766664974322622
amazon_ratings,BundleSheaf,false,5,5,epoch-200,2,7,confidence,0.6081634614881276
amazon_ratings,BundleSheaf,false,5,5,epoch-200,3,7,confidence,0.7234119521771066
amazon_ratings,BundleSheaf,false,5,5,epoch-200,4,7,confidence,0.7389812393150635
amazon_ratings,BundleSheaf,false,5,5,epoch-200,5,7,confidence,0.7914810393396252
amazon_ratings,BundleSheaf,false,5,5,epoch-200,0,7,saliency,0.03675042572687981
amazon_ratings,BundleSheaf,false,5,5,epoch-200,1,7,saliency,0.18101371179378403
amazon_ratings,BundleSheaf,false,5,5,epoch-200,2,7,saliency,0.592622009552384
amazon_ratings,BundleSheaf,false,5,5,epoch-200,3,7,saliency,0.7124397995234425
amazon_ratings,BundleSheaf,false,5,5,epoch-200,4,7,saliency,0.7108436824242398
amazon_ratings,BundleSheaf,false,5,5,epoch-200,5,7,saliency,0.7207507985762565
amazon_ratings,BundleSheaf,false,5,5,epoch-200,0,7,cohens_d_train,0.031989142
amazon_ratings,BundleSheaf,false,5,5,epoch-200,1,7,cohens_d_train,0.06836022
amazon_ratings,BundleSheaf,false,5,5,epoch-200,2,7,cohens_d_train,0.024591854
amazon_ratings,BundleSheaf,false,5,5,epoch-200,3,7,cohens_d_train,0.0059187086
amazon_ratings,BundleSheaf,false,5,5,epoch-200,4,7,cohens_d_train,0.04077295
amazon_ratings,BundleSheaf,false,5,5,epoch-200,5,7,cohens_d_train,0.00054886786
amazon_ratings,BundleSheaf,false,5,5,epoch-200,0,7,cohens_d_test,0.036848165
amazon_ratings,BundleSheaf,false,5,5,epoch-200,1,7,cohens_d_test,0.08531938
amazon_ratings,BundleSheaf,false,5,5,epoch-200,2,7,cohens_d_test,0.09770897
amazon_ratings,BundleSheaf,false,5,5,epoch-200,3,7,cohens_d_test,0.09495818
amazon_ratings,BundleSheaf,false,5,5,epoch-200,4,7,cohens_d_test,0.16154021
amazon_ratings,BundleSheaf,false,5,5,epoch-200,5,7,cohens_d_test,0.10100171
amazon_ratings,BundleSheaf,false,5,5,epoch-200,0,8,degree,0.0034918539090379574
amazon_ratings,BundleSheaf,false,5,5,epoch-200,1,8,degree,0.5244072608350663
amazon_ratings,BundleSheaf,false,5,5,epoch-200,2,8,degree,0.5477361637381862
amazon_ratings,BundleSheaf,false,5,5,epoch-200,3,8,degree,0.20445593198639356
amazon_ratings,BundleSheaf,false,5,5,epoch-200,4,8,degree,0.143072045247812
amazon_ratings,BundleSheaf,false,5,5,epoch-200,5,8,degree,0.14977735025469724
amazon_ratings,BundleSheaf,false,5,5,epoch-200,0,8,betweenness,0.011420047312120605
amazon_ratings,BundleSheaf,false,5,5,epoch-200,1,8,betweenness,0.25254639213292357
amazon_ratings,BundleSheaf,false,5,5,epoch-200,2,8,betweenness,0.3380736346624519
amazon_ratings,BundleSheaf,false,5,5,epoch-200,3,8,betweenness,0.2621695220358015
amazon_ratings,BundleSheaf,false,5,5,epoch-200,4,8,betweenness,0.2640263023560298
amazon_ratings,BundleSheaf,false,5,5,epoch-200,5,8,betweenness,0.28227702605614213
amazon_ratings,BundleSheaf,false,5,5,epoch-200,0,8,confidence,0.062199089251777306
amazon_ratings,BundleSheaf,false,5,5,epoch-200,1,8,confidence,0.27238903542136333
amazon_ratings,BundleSheaf,false,5,5,epoch-200,2,8,confidence,0.5602044232554059
amazon_ratings,BundleSheaf,false,5,5,epoch-200,3,8,confidence,0.7661304834443335
amazon_ratings,BundleSheaf,false,5,5,epoch-200,4,8,confidence,0.8160627088977402
amazon_ratings,BundleSheaf,false,5,5,epoch-200,5,8,confidence,0.8450477945200796
amazon_ratings,BundleSheaf,false,5,5,epoch-200,0,8,saliency,0.019355357851857814
amazon_ratings,BundleSheaf,false,5,5,epoch-200,1,8,saliency,0.2300377121795133
amazon_ratings,BundleSheaf,false,5,5,epoch-200,2,8,saliency,0.5803827185370553
amazon_ratings,BundleSheaf,false,5,5,epoch-200,3,8,saliency,0.822141228433646
amazon_ratings,BundleSheaf,false,5,5,epoch-200,4,8,saliency,0.8466587344754811
amazon_ratings,BundleSheaf,false,5,5,epoch-200,5,8,saliency,0.8327362313541542
amazon_ratings,BundleSheaf,false,5,5,epoch-200,0,8,cohens_d_train,0.020992093
amazon_ratings,BundleSheaf,false,5,5,epoch-200,1,8,cohens_d_train,0.19941294
amazon_ratings,BundleSheaf,false,5,5,epoch-200,2,8,cohens_d_train,0.13327031
amazon_ratings,BundleSheaf,false,5,5,epoch-200,3,8,cohens_d_train,0.06734025
amazon_ratings,BundleSheaf,false,5,5,epoch-200,4,8,cohens_d_train,0.044834666
amazon_ratings,BundleSheaf,false,5,5,epoch-200,5,8,cohens_d_train,0.045093663
amazon_ratings,BundleSheaf,false,5,5,epoch-200,0,8,cohens_d_test,0.056828104
amazon_ratings,BundleSheaf,false,5,5,epoch-200,1,8,cohens_d_test,0.17159534
amazon_ratings,BundleSheaf,false,5,5,epoch-200,2,8,cohens_d_test,0.06579523
amazon_ratings,BundleSheaf,false,5,5,epoch-200,3,8,cohens_d_test,0.018756865
amazon_ratings,BundleSheaf,false,5,5,epoch-200,4,8,cohens_d_test,0.016332142
amazon_ratings,BundleSheaf,false,5,5,epoch-200,5,8,cohens_d_test,0.010640317
amazon_ratings,BundleSheaf,false,5,5,epoch-200,0,9,degree,0.0003105976266194178
amazon_ratings,BundleSheaf,false,5,5,epoch-200,1,9,degree,0.5111831063104515
amazon_ratings,BundleSheaf,false,5,5,epoch-200,2,9,degree,0.5241239486766354
amazon_ratings,BundleSheaf,false,5,5,epoch-200,3,9,degree,0.28091820806062096
amazon_ratings,BundleSheaf,false,5,5,epoch-200,4,9,degree,0.0984413388987632
amazon_ratings,BundleSheaf,false,5,5,epoch-200,5,9,degree,0.1367543974306311
amazon_ratings,BundleSheaf,false,5,5,epoch-200,0,9,betweenness,0.002721078728842157
amazon_ratings,BundleSheaf,false,5,5,epoch-200,1,9,betweenness,0.2370550541784282
amazon_ratings,BundleSheaf,false,5,5,epoch-200,2,9,betweenness,0.31514290863296124
amazon_ratings,BundleSheaf,false,5,5,epoch-200,3,9,betweenness,0.2871937612327512
amazon_ratings,BundleSheaf,false,5,5,epoch-200,4,9,betweenness,0.2107455383956135
amazon_ratings,BundleSheaf,false,5,5,epoch-200,5,9,betweenness,0.27293704804321994
amazon_ratings,BundleSheaf,false,5,5,epoch-200,0,9,confidence,0.059967210191375304
amazon_ratings,BundleSheaf,false,5,5,epoch-200,1,9,confidence,0.25102839461368437
amazon_ratings,BundleSheaf,false,5,5,epoch-200,2,9,confidence,0.5660568777244581
amazon_ratings,BundleSheaf,false,5,5,epoch-200,3,9,confidence,0.7542644501535658
amazon_ratings,BundleSheaf,false,5,5,epoch-200,4,9,confidence,0.7173939983005384
amazon_ratings,BundleSheaf,false,5,5,epoch-200,5,9,confidence,0.8241680566086493
amazon_ratings,BundleSheaf,false,5,5,epoch-200,0,9,saliency,0.02444137603500059
amazon_ratings,BundleSheaf,false,5,5,epoch-200,1,9,saliency,0.21759364246680604
amazon_ratings,BundleSheaf,false,5,5,epoch-200,2,9,saliency,0.5729566562351481
amazon_ratings,BundleSheaf,false,5,5,epoch-200,3,9,saliency,0.7617028449448657
amazon_ratings,BundleSheaf,false,5,5,epoch-200,4,9,saliency,0.7340960410729623
amazon_ratings,BundleSheaf,false,5,5,epoch-200,5,9,saliency,0.7816297102809571
amazon_ratings,BundleSheaf,false,5,5,epoch-200,0,9,cohens_d_train,0.0048969
amazon_ratings,BundleSheaf,false,5,5,epoch-200,1,9,cohens_d_train,0.029695489
amazon_ratings,BundleSheaf,false,5,5,epoch-200,2,9,cohens_d_train,0.058786687
amazon_ratings,BundleSheaf,false,5,5,epoch-200,3,9,cohens_d_train,0.055873025
amazon_ratings,BundleSheaf,false,5,5,epoch-200,4,9,cohens_d_train,0.11791876
amazon_ratings,BundleSheaf,false,5,5,epoch-200,5,9,cohens_d_train,0.06679942
amazon_ratings,BundleSheaf,false,5,5,epoch-200,0,9,cohens_d_test,0.025527023
amazon_ratings,BundleSheaf,false,5,5,epoch-200,1,9,cohens_d_test,0.0021482247
amazon_ratings,BundleSheaf,false,5,5,epoch-200,2,9,cohens_d_test,0.0063314834
amazon_ratings,BundleSheaf,false,5,5,epoch-200,3,9,cohens_d_test,0.007871259
amazon_ratings,BundleSheaf,false,5,5,epoch-200,4,9,cohens_d_test,0.06476475
amazon_ratings,BundleSheaf,false,5,5,epoch-200,5,9,cohens_d_test,0.0013015962
amazon_ratings,BundleSheaf,false,5,5,best-epoch,0,0,degree,0.011155339628079384
amazon_ratings,BundleSheaf,false,5,5,best-epoch,1,0,degree,0.4852432394831115
amazon_ratings,BundleSheaf,false,5,5,best-epoch,2,0,degree,0.5074227142626366
amazon_ratings,BundleSheaf,false,5,5,best-epoch,3,0,degree,0.1775610563181321
amazon_ratings,BundleSheaf,false,5,5,best-epoch,4,0,degree,0.07907358411733949
amazon_ratings,BundleSheaf,false,5,5,best-epoch,5,0,degree,0.11752567560987105
amazon_ratings,BundleSheaf,false,5,5,best-epoch,0,0,betweenness,0.004845665820531752
amazon_ratings,BundleSheaf,false,5,5,best-epoch,1,0,betweenness,0.22082017187276937
amazon_ratings,BundleSheaf,false,5,5,best-epoch,2,0,betweenness,0.30895695261662215
amazon_ratings,BundleSheaf,false,5,5,best-epoch,3,0,betweenness,0.24344065212057497
amazon_ratings,BundleSheaf,false,5,5,best-epoch,4,0,betweenness,0.23017419189815014
amazon_ratings,BundleSheaf,false,5,5,best-epoch,5,0,betweenness,0.251226191722128
amazon_ratings,BundleSheaf,false,5,5,best-epoch,0,0,confidence,0.06768241532168136
amazon_ratings,BundleSheaf,false,5,5,best-epoch,1,0,confidence,0.06591030474013548
amazon_ratings,BundleSheaf,false,5,5,best-epoch,2,0,confidence,0.3950441138571677
amazon_ratings,BundleSheaf,false,5,5,best-epoch,3,0,confidence,0.7160740226954947
amazon_ratings,BundleSheaf,false,5,5,best-epoch,4,0,confidence,0.7637251324557612
amazon_ratings,BundleSheaf,false,5,5,best-epoch,5,0,confidence,0.7400505741840907
amazon_ratings,BundleSheaf,false,5,5,best-epoch,0,0,saliency,0.005955223293171602
amazon_ratings,BundleSheaf,false,5,5,best-epoch,1,0,saliency,0.1717101497176509
amazon_ratings,BundleSheaf,false,5,5,best-epoch,2,0,saliency,0.5010672393631782
amazon_ratings,BundleSheaf,false,5,5,best-epoch,3,0,saliency,0.626685681827314
amazon_ratings,BundleSheaf,false,5,5,best-epoch,4,0,saliency,0.633269370364242
amazon_ratings,BundleSheaf,false,5,5,best-epoch,5,0,saliency,0.6450380276942694
amazon_ratings,BundleSheaf,false,5,5,best-epoch,0,0,cohens_d_train,0.066964716
amazon_ratings,BundleSheaf,false,5,5,best-epoch,1,0,cohens_d_train,0.07195511
amazon_ratings,BundleSheaf,false,5,5,best-epoch,2,0,cohens_d_train,0.048683673
amazon_ratings,BundleSheaf,false,5,5,best-epoch,3,0,cohens_d_train,0.0011866519
amazon_ratings,BundleSheaf,false,5,5,best-epoch,4,0,cohens_d_train,0.0389347
amazon_ratings,BundleSheaf,false,5,5,best-epoch,5,0,cohens_d_train,0.011494586
amazon_ratings,BundleSheaf,false,5,5,best-epoch,0,0,cohens_d_test,0.09352497
amazon_ratings,BundleSheaf,false,5,5,best-epoch,1,0,cohens_d_test,0.052429225
amazon_ratings,BundleSheaf,false,5,5,best-epoch,2,0,cohens_d_test,0.00285119
amazon_ratings,BundleSheaf,false,5,5,best-epoch,3,0,cohens_d_test,0.02382136
amazon_ratings,BundleSheaf,false,5,5,best-epoch,4,0,cohens_d_test,0.034897044
amazon_ratings,BundleSheaf,false,5,5,best-epoch,5,0,cohens_d_test,0.025751028
amazon_ratings,BundleSheaf,false,5,5,best-epoch,0,1,degree,-0.002561650646973197
amazon_ratings,BundleSheaf,false,5,5,best-epoch,1,1,degree,0.5191995228103307
amazon_ratings,BundleSheaf,false,5,5,best-epoch,2,1,degree,0.5404269344093648
amazon_ratings,BundleSheaf,false,5,5,best-epoch,3,1,degree,0.30280172164796454
amazon_ratings,BundleSheaf,false,5,5,best-epoch,4,1,degree,0.016779173202832048
amazon_ratings,BundleSheaf,false,5,5,best-epoch,5,1,degree,0.10241210756555165
amazon_ratings,BundleSheaf,false,5,5,best-epoch,0,1,betweenness,0.003916511122865464
amazon_ratings,BundleSheaf,false,5,5,best-epoch,1,1,betweenness,0.2460146054964309
amazon_ratings,BundleSheaf,false,5,5,best-epoch,2,1,betweenness,0.3272272931586352
amazon_ratings,BundleSheaf,false,5,5,best-epoch,3,1,betweenness,0.2898062918365952
amazon_ratings,BundleSheaf,false,5,5,best-epoch,4,1,betweenness,0.19683627086455532
amazon_ratings,BundleSheaf,false,5,5,best-epoch,5,1,betweenness,0.25270900485792774
amazon_ratings,BundleSheaf,false,5,5,best-epoch,0,1,confidence,0.029330290447617455
amazon_ratings,BundleSheaf,false,5,5,best-epoch,1,1,confidence,0.07479346390108985
amazon_ratings,BundleSheaf,false,5,5,best-epoch,2,1,confidence,0.34143245148687645
amazon_ratings,BundleSheaf,false,5,5,best-epoch,3,1,confidence,0.5312117115644406
amazon_ratings,BundleSheaf,false,5,5,best-epoch,4,1,confidence,0.6176946406778343
amazon_ratings,BundleSheaf,false,5,5,best-epoch,5,1,confidence,0.6205644439804707
amazon_ratings,BundleSheaf,false,5,5,best-epoch,0,1,saliency,0.01355347764044564
amazon_ratings,BundleSheaf,false,5,5,best-epoch,1,1,saliency,0.1971888038993917
amazon_ratings,BundleSheaf,false,5,5,best-epoch,2,1,saliency,0.5583756145053348
amazon_ratings,BundleSheaf,false,5,5,best-epoch,3,1,saliency,0.7322531060013256
amazon_ratings,BundleSheaf,false,5,5,best-epoch,4,1,saliency,0.7185339820841375
amazon_ratings,BundleSheaf,false,5,5,best-epoch,5,1,saliency,0.748206829638174
amazon_ratings,BundleSheaf,false,5,5,best-epoch,0,1,cohens_d_train,0.010778067
amazon_ratings,BundleSheaf,false,5,5,best-epoch,1,1,cohens_d_train,0.028580574
amazon_ratings,BundleSheaf,false,5,5,best-epoch,2,1,cohens_d_train,0.072680436
amazon_ratings,BundleSheaf,false,5,5,best-epoch,3,1,cohens_d_train,0.07724173
amazon_ratings,BundleSheaf,false,5,5,best-epoch,4,1,cohens_d_train,0.05911452
amazon_ratings,BundleSheaf,false,5,5,best-epoch,5,1,cohens_d_train,0.0736414
amazon_ratings,BundleSheaf,false,5,5,best-epoch,0,1,cohens_d_test,0.010833958
amazon_ratings,BundleSheaf,false,5,5,best-epoch,1,1,cohens_d_test,0.017371528
amazon_ratings,BundleSheaf,false,5,5,best-epoch,2,1,cohens_d_test,0.013739806
amazon_ratings,BundleSheaf,false,5,5,best-epoch,3,1,cohens_d_test,0.01689113
amazon_ratings,BundleSheaf,false,5,5,best-epoch,4,1,cohens_d_test,0.009139762
amazon_ratings,BundleSheaf,false,5,5,best-epoch,5,1,cohens_d_test,0.013943643
amazon_ratings,BundleSheaf,false,5,5,best-epoch,0,2,degree,0.0028791780196635924
amazon_ratings,BundleSheaf,false,5,5,best-epoch,1,2,degree,0.5210624100273605
amazon_ratings,BundleSheaf,false,5,5,best-epoch,2,2,degree,0.5381572392853013
amazon_ratings,BundleSheaf,false,5,5,best-epoch,3,2,degree,0.24140365321186766
amazon_ratings,BundleSheaf,false,5,5,best-epoch,4,2,degree,-0.08202865297674712
amazon_ratings,BundleSheaf,false,5,5,best-epoch,5,2,degree,0.11566307734283518
amazon_ratings,BundleSheaf,false,5,5,best-epoch,0,2,betweenness,0.008108850714591817
amazon_ratings,BundleSheaf,false,5,5,best-epoch,1,2,betweenness,0.24735624138889517
amazon_ratings,BundleSheaf,false,5,5,best-epoch,2,2,betweenness,0.32998485538233047
amazon_ratings,BundleSheaf,false,5,5,best-epoch,3,2,betweenness,0.2781968317048248
amazon_ratings,BundleSheaf,false,5,5,best-epoch,4,2,betweenness,0.1527344590059927
amazon_ratings,BundleSheaf,false,5,5,best-epoch,5,2,betweenness,0.2658613940752221
amazon_ratings,BundleSheaf,false,5,5,best-epoch,0,2,confidence,0.060548041156174716
amazon_ratings,BundleSheaf,false,5,5,best-epoch,1,2,confidence,0.17754862560144655
amazon_ratings,BundleSheaf,false,5,5,best-epoch,2,2,confidence,0.4901650135599114
amazon_ratings,BundleSheaf,false,5,5,best-epoch,3,2,confidence,0.7311434885279763
amazon_ratings,BundleSheaf,false,5,5,best-epoch,4,2,confidence,0.7769732749732979
amazon_ratings,BundleSheaf,false,5,5,best-epoch,5,2,confidence,0.8285211350298697
amazon_ratings,BundleSheaf,false,5,5,best-epoch,0,2,saliency,0.026267589289923874
amazon_ratings,BundleSheaf,false,5,5,best-epoch,1,2,saliency,0.2050461915678959
amazon_ratings,BundleSheaf,false,5,5,best-epoch,2,2,saliency,0.5433174818576578
amazon_ratings,BundleSheaf,false,5,5,best-epoch,3,2,saliency,0.7594879786581068
amazon_ratings,BundleSheaf,false,5,5,best-epoch,4,2,saliency,0.6819426565348837
amazon_ratings,BundleSheaf,false,5,5,best-epoch,5,2,saliency,0.7573441430412181
amazon_ratings,BundleSheaf,false,5,5,best-epoch,0,2,cohens_d_train,0.0014392155
amazon_ratings,BundleSheaf,false,5,5,best-epoch,1,2,cohens_d_train,0.03650719
amazon_ratings,BundleSheaf,false,5,5,best-epoch,2,2,cohens_d_train,0.048067227
amazon_ratings,BundleSheaf,false,5,5,best-epoch,3,2,cohens_d_train,0.063003235
amazon_ratings,BundleSheaf,false,5,5,best-epoch,4,2,cohens_d_train,0.19946119
amazon_ratings,BundleSheaf,false,5,5,best-epoch,5,2,cohens_d_train,0.08106386
amazon_ratings,BundleSheaf,false,5,5,best-epoch,0,2,cohens_d_test,0.0064252475
amazon_ratings,BundleSheaf,false,5,5,best-epoch,1,2,cohens_d_test,0.0024041573
amazon_ratings,BundleSheaf,false,5,5,best-epoch,2,2,cohens_d_test,0.006707691
amazon_ratings,BundleSheaf,false,5,5,best-epoch,3,2,cohens_d_test,0.014323721
amazon_ratings,BundleSheaf,false,5,5,best-epoch,4,2,cohens_d_test,0.14446656
amazon_ratings,BundleSheaf,false,5,5,best-epoch,5,2,cohens_d_test,0.019178504
amazon_ratings,BundleSheaf,false,5,5,best-epoch,0,3,degree,-0.0065957432906825165
amazon_ratings,BundleSheaf,false,5,5,best-epoch,1,3,degree,0.5293709033922622
amazon_ratings,BundleSheaf,false,5,5,best-epoch,2,3,degree,0.5456485174094013
amazon_ratings,BundleSheaf,false,5,5,best-epoch,3,3,degree,0.2394322791746103
amazon_ratings,BundleSheaf,false,5,5,best-epoch,4,3,degree,-0.08397618448275561
amazon_ratings,BundleSheaf,false,5,5,best-epoch,5,3,degree,0.06348686317365411
amazon_ratings,BundleSheaf,false,5,5,best-epoch,0,3,betweenness,0.022228338204333786
amazon_ratings,BundleSheaf,false,5,5,best-epoch,1,3,betweenness,0.2552285564412748
amazon_ratings,BundleSheaf,false,5,5,best-epoch,2,3,betweenness,0.32913780636085455
amazon_ratings,BundleSheaf,false,5,5,best-epoch,3,3,betweenness,0.26889620526401564
amazon_ratings,BundleSheaf,false,5,5,best-epoch,4,3,betweenness,0.1407000170718131
amazon_ratings,BundleSheaf,false,5,5,best-epoch,5,3,betweenness,0.235648669517068
amazon_ratings,BundleSheaf,false,5,5,best-epoch,0,3,confidence,0.08320314558759148
amazon_ratings,BundleSheaf,false,5,5,best-epoch,1,3,confidence,0.1513440200598991
amazon_ratings,BundleSheaf,false,5,5,best-epoch,2,3,confidence,0.4655519545904709
amazon_ratings,BundleSheaf,false,5,5,best-epoch,3,3,confidence,0.665712541088202
amazon_ratings,BundleSheaf,false,5,5,best-epoch,4,3,confidence,0.6850595831150993
amazon_ratings,BundleSheaf,false,5,5,best-epoch,5,3,confidence,0.7581101066918616
amazon_ratings,BundleSheaf,false,5,5,best-epoch,0,3,saliency,0.06352346359223941
amazon_ratings,BundleSheaf,false,5,5,best-epoch,1,3,saliency,0.21466155729545508
amazon_ratings,BundleSheaf,false,5,5,best-epoch,2,3,saliency,0.5329677308607428
amazon_ratings,BundleSheaf,false,5,5,best-epoch,3,3,saliency,0.6841246477552386
amazon_ratings,BundleSheaf,false,5,5,best-epoch,4,3,saliency,0.6255909634863267
amazon_ratings,BundleSheaf,false,5,5,best-epoch,5,3,saliency,0.660814522298314
amazon_ratings,BundleSheaf,false,5,5,best-epoch,0,3,cohens_d_train,0.05088233
amazon_ratings,BundleSheaf,false,5,5,best-epoch,1,3,cohens_d_train,0.08403026
amazon_ratings,BundleSheaf,false,5,5,best-epoch,2,3,cohens_d_train,0.019551812
amazon_ratings,BundleSheaf,false,5,5,best-epoch,3,3,cohens_d_train,0.019267129
amazon_ratings,BundleSheaf,false,5,5,best-epoch,4,3,cohens_d_train,0.130805
amazon_ratings,BundleSheaf,false,5,5,best-epoch,5,3,cohens_d_train,0.023186931
amazon_ratings,BundleSheaf,false,5,5,best-epoch,0,3,cohens_d_test,0.018888528
amazon_ratings,BundleSheaf,false,5,5,best-epoch,1,3,cohens_d_test,0.0048801308
amazon_ratings,BundleSheaf,false,5,5,best-epoch,2,3,cohens_d_test,0.046765752
amazon_ratings,BundleSheaf,false,5,5,best-epoch,3,3,cohens_d_test,0.07327296
amazon_ratings,BundleSheaf,false,5,5,best-epoch,4,3,cohens_d_test,0.13399515
amazon_ratings,BundleSheaf,false,5,5,best-epoch,5,3,cohens_d_test,0.030478971
amazon_ratings,BundleSheaf,false,5,5,best-epoch,0,4,degree,0.006944584436734847
amazon_ratings,BundleSheaf,false,5,5,best-epoch,1,4,degree,0.5110339426063792
amazon_ratings,BundleSheaf,false,5,5,best-epoch,2,4,degree,0.471093846589841
amazon_ratings,BundleSheaf,false,5,5,best-epoch,3,4,degree,0.24004969805955495
amazon_ratings,BundleSheaf,false,5,5,best-epoch,4,4,degree,0.04275336122283016
amazon_ratings,BundleSheaf,false,5,5,best-epoch,5,4,degree,0.09505929546276139
amazon_ratings,BundleSheaf,false,5,5,best-epoch,0,4,betweenness,0.004728291721324007
amazon_ratings,BundleSheaf,false,5,5,best-epoch,1,4,betweenness,0.23447440250611196
amazon_ratings,BundleSheaf,false,5,5,best-epoch,2,4,betweenness,0.3108395166051849
amazon_ratings,BundleSheaf,false,5,5,best-epoch,3,4,betweenness,0.26425507305958007
amazon_ratings,BundleSheaf,false,5,5,best-epoch,4,4,betweenness,0.2009874079236498
amazon_ratings,BundleSheaf,false,5,5,best-epoch,5,4,betweenness,0.24981117469239217
amazon_ratings,BundleSheaf,false,5,5,best-epoch,0,4,confidence,0.01065519911921139
amazon_ratings,BundleSheaf,false,5,5,best-epoch,1,4,confidence,0.12165474327711744
amazon_ratings,BundleSheaf,false,5,5,best-epoch,2,4,confidence,0.42052766146845794
amazon_ratings,BundleSheaf,false,5,5,best-epoch,3,4,confidence,0.5640840734364938
amazon_ratings,BundleSheaf,false,5,5,best-epoch,4,4,confidence,0.6123854112823471
amazon_ratings,BundleSheaf,false,5,5,best-epoch,5,4,confidence,0.6534897151355478
amazon_ratings,BundleSheaf,false,5,5,best-epoch,0,4,saliency,-0.003837292380179299
amazon_ratings,BundleSheaf,false,5,5,best-epoch,1,4,saliency,0.1844226584865996
amazon_ratings,BundleSheaf,false,5,5,best-epoch,2,4,saliency,0.54200150648453
amazon_ratings,BundleSheaf,false,5,5,best-epoch,3,4,saliency,0.6909842216888153
amazon_ratings,BundleSheaf,false,5,5,best-epoch,4,4,saliency,0.6885070077913034
amazon_ratings,BundleSheaf,false,5,5,best-epoch,5,4,saliency,0.7168593258684751
amazon_ratings,BundleSheaf,false,5,5,best-epoch,0,4,cohens_d_train,0.002760985
amazon_ratings,BundleSheaf,false,5,5,best-epoch,1,4,cohens_d_train,0.0030360091
amazon_ratings,BundleSheaf,false,5,5,best-epoch,2,4,cohens_d_train,0.008104028
amazon_ratings,BundleSheaf,false,5,5,best-epoch,3,4,cohens_d_train,0.005843813
amazon_ratings,BundleSheaf,false,5,5,best-epoch,4,4,cohens_d_train,0.016597718
amazon_ratings,BundleSheaf,false,5,5,best-epoch,5,4,cohens_d_train,0.013988747
amazon_ratings,BundleSheaf,false,5,5,best-epoch,0,4,cohens_d_test,0.024549324
amazon_ratings,BundleSheaf,false,5,5,best-epoch,1,4,cohens_d_test,0.007983597
amazon_ratings,BundleSheaf,false,5,5,best-epoch,2,4,cohens_d_test,0.042363517
amazon_ratings,BundleSheaf,false,5,5,best-epoch,3,4,cohens_d_test,0.03691171
amazon_ratings,BundleSheaf,false,5,5,best-epoch,4,4,cohens_d_test,0.07389793
amazon_ratings,BundleSheaf,false,5,5,best-epoch,5,4,cohens_d_test,0.05295619
amazon_ratings,BundleSheaf,false,5,5,best-epoch,0,5,degree,0.010168937987893001
amazon_ratings,BundleSheaf,false,5,5,best-epoch,1,5,degree,0.49892253448507534
amazon_ratings,BundleSheaf,false,5,5,best-epoch,2,5,degree,0.48723374654459295
amazon_ratings,BundleSheaf,false,5,5,best-epoch,3,5,degree,0.29503442289575604
amazon_ratings,BundleSheaf,false,5,5,best-epoch,4,5,degree,0.03708390736570571
amazon_ratings,BundleSheaf,false,5,5,best-epoch,5,5,degree,0.08782735203679617
amazon_ratings,BundleSheaf,false,5,5,best-epoch,0,5,betweenness,0.0033357496124918657
amazon_ratings,BundleSheaf,false,5,5,best-epoch,1,5,betweenness,0.22079938538201524
amazon_ratings,BundleSheaf,false,5,5,best-epoch,2,5,betweenness,0.29945589117591487
amazon_ratings,BundleSheaf,false,5,5,best-epoch,3,5,betweenness,0.28060178237426203
amazon_ratings,BundleSheaf,false,5,5,best-epoch,4,5,betweenness,0.19911194351723077
amazon_ratings,BundleSheaf,false,5,5,best-epoch,5,5,betweenness,0.24295628257139645
amazon_ratings,BundleSheaf,false,5,5,best-epoch,0,5,confidence,-0.010151454469339651
amazon_ratings,BundleSheaf,false,5,5,best-epoch,1,5,confidence,0.12301805109530572
amazon_ratings,BundleSheaf,false,5,5,best-epoch,2,5,confidence,0.49349322565555176
amazon_ratings,BundleSheaf,false,5,5,best-epoch,3,5,confidence,0.6867778839805262
amazon_ratings,BundleSheaf,false,5,5,best-epoch,4,5,confidence,0.7606723183651587
amazon_ratings,BundleSheaf,false,5,5,best-epoch,5,5,confidence,0.8018731014359006
amazon_ratings,BundleSheaf,false,5,5,best-epoch,0,5,saliency,-0.0011326483762614129
amazon_ratings,BundleSheaf,false,5,5,best-epoch,1,5,saliency,0.17780891305537724
amazon_ratings,BundleSheaf,false,5,5,best-epoch,2,5,saliency,0.556677535362633
amazon_ratings,BundleSheaf,false,5,5,best-epoch,3,5,saliency,0.7157803893917444
amazon_ratings,BundleSheaf,false,5,5,best-epoch,4,5,saliency,0.699882529164263
amazon_ratings,BundleSheaf,false,5,5,best-epoch,5,5,saliency,0.7302841728346325
amazon_ratings,BundleSheaf,false,5,5,best-epoch,0,5,cohens_d_train,0.08470322
amazon_ratings,BundleSheaf,false,5,5,best-epoch,1,5,cohens_d_train,0.19114761
amazon_ratings,BundleSheaf,false,5,5,best-epoch,2,5,cohens_d_train,0.16431269
amazon_ratings,BundleSheaf,false,5,5,best-epoch,3,5,cohens_d_train,0.13300769
amazon_ratings,BundleSheaf,false,5,5,best-epoch,4,5,cohens_d_train,0.24790797
amazon_ratings,BundleSheaf,false,5,5,best-epoch,5,5,cohens_d_train,0.15309778
amazon_ratings,BundleSheaf,false,5,5,best-epoch,0,5,cohens_d_test,0.033748154
amazon_ratings,BundleSheaf,false,5,5,best-epoch,1,5,cohens_d_test,0.12702401
amazon_ratings,BundleSheaf,false,5,5,best-epoch,2,5,cohens_d_test,0.06323476
amazon_ratings,BundleSheaf,false,5,5,best-epoch,3,5,cohens_d_test,0.027373163
amazon_ratings,BundleSheaf,false,5,5,best-epoch,4,5,cohens_d_test,0.15750286
amazon_ratings,BundleSheaf,false,5,5,best-epoch,5,5,cohens_d_test,0.05084129
amazon_ratings,BundleSheaf,false,5,5,best-epoch,0,6,degree,0.0009351959967055719
amazon_ratings,BundleSheaf,false,5,5,best-epoch,1,6,degree,0.5393474683034934
amazon_ratings,BundleSheaf,false,5,5,best-epoch,2,6,degree,0.5315327993874087
amazon_ratings,BundleSheaf,false,5,5,best-epoch,3,6,degree,0.1916631366522777
amazon_ratings,BundleSheaf,false,5,5,best-epoch,4,6,degree,0.10963657678816299
amazon_ratings,BundleSheaf,false,5,5,best-epoch,5,6,degree,0.15032178872562166
amazon_ratings,BundleSheaf,false,5,5,best-epoch,0,6,betweenness,0.01508548344901786
amazon_ratings,BundleSheaf,false,5,5,best-epoch,1,6,betweenness,0.2565933529538535
amazon_ratings,BundleSheaf,false,5,5,best-epoch,2,6,betweenness,0.3255788987752055
amazon_ratings,BundleSheaf,false,5,5,best-epoch,3,6,betweenness,0.2588909076114295
amazon_ratings,BundleSheaf,false,5,5,best-epoch,4,6,betweenness,0.24785307100418114
amazon_ratings,BundleSheaf,false,5,5,best-epoch,5,6,betweenness,0.2820856154673082
amazon_ratings,BundleSheaf,false,5,5,best-epoch,0,6,confidence,0.0572067185328257
amazon_ratings,BundleSheaf,false,5,5,best-epoch,1,6,confidence,0.19090207627896605
amazon_ratings,BundleSheaf,false,5,5,best-epoch,2,6,confidence,0.4569851901966367
amazon_ratings,BundleSheaf,false,5,5,best-epoch,3,6,confidence,0.5871246959707409
amazon_ratings,BundleSheaf,false,5,5,best-epoch,4,6,confidence,0.6288847923583661
amazon_ratings,BundleSheaf,false,5,5,best-epoch,5,6,confidence,0.6622186525114445
amazon_ratings,BundleSheaf,false,5,5,best-epoch,0,6,saliency,0.007015685606105809
amazon_ratings,BundleSheaf,false,5,5,best-epoch,1,6,saliency,0.20765725762705772
amazon_ratings,BundleSheaf,false,5,5,best-epoch,2,6,saliency,0.5618303736778023
amazon_ratings,BundleSheaf,false,5,5,best-epoch,3,6,saliency,0.7699224674281426
amazon_ratings,BundleSheaf,false,5,5,best-epoch,4,6,saliency,0.7947282144908681
amazon_ratings,BundleSheaf,false,5,5,best-epoch,5,6,saliency,0.7898170779653527
amazon_ratings,BundleSheaf,false,5,5,best-epoch,0,6,cohens_d_train,0.025568102
amazon_ratings,BundleSheaf,false,5,5,best-epoch,1,6,cohens_d_train,0.1100302
amazon_ratings,BundleSheaf,false,5,5,best-epoch,2,6,cohens_d_train,0.09921357
amazon_ratings,BundleSheaf,false,5,5,best-epoch,3,6,cohens_d_train,0.08110643
amazon_ratings,BundleSheaf,false,5,5,best-epoch,4,6,cohens_d_train,0.07245001
amazon_ratings,BundleSheaf,false,5,5,best-epoch,5,6,cohens_d_train,0.08833807
amazon_ratings,BundleSheaf,false,5,5,best-epoch,0,6,cohens_d_test,0.008283649
amazon_ratings,BundleSheaf,false,5,5,best-epoch,1,6,cohens_d_test,0.008054553
amazon_ratings,BundleSheaf,false,5,5,best-epoch,2,6,cohens_d_test,0.0060706115
amazon_ratings,BundleSheaf,false,5,5,best-epoch,3,6,cohens_d_test,0.016406685
amazon_ratings,BundleSheaf,false,5,5,best-epoch,4,6,cohens_d_test,0.01537617
amazon_ratings,BundleSheaf,false,5,5,best-epoch,5,6,cohens_d_test,0.01829778
amazon_ratings,BundleSheaf,false,5,5,best-epoch,0,7,degree,0.00029080804501308553
amazon_ratings,BundleSheaf,false,5,5,best-epoch,1,7,degree,0.5576588572750119
amazon_ratings,BundleSheaf,false,5,5,best-epoch,2,7,degree,0.45066590844737836
amazon_ratings,BundleSheaf,false,5,5,best-epoch,3,7,degree,0.25452368906141065
amazon_ratings,BundleSheaf,false,5,5,best-epoch,4,7,degree,-0.055241091771706836
amazon_ratings,BundleSheaf,false,5,5,best-epoch,5,7,degree,0.1226226476050922
amazon_ratings,BundleSheaf,false,5,5,best-epoch,0,7,betweenness,0.011169342747531716
amazon_ratings,BundleSheaf,false,5,5,best-epoch,1,7,betweenness,0.2633484290718776
amazon_ratings,BundleSheaf,false,5,5,best-epoch,2,7,betweenness,0.312084588007487
amazon_ratings,BundleSheaf,false,5,5,best-epoch,3,7,betweenness,0.2800497922708326
amazon_ratings,BundleSheaf,false,5,5,best-epoch,4,7,betweenness,0.1647873089740919
amazon_ratings,BundleSheaf,false,5,5,best-epoch,5,7,betweenness,0.2580662490364373
amazon_ratings,BundleSheaf,false,5,5,best-epoch,0,7,confidence,0.023497492085467152
amazon_ratings,BundleSheaf,false,5,5,best-epoch,1,7,confidence,0.13916347057031747
amazon_ratings,BundleSheaf,false,5,5,best-epoch,2,7,confidence,0.5058170971950489
amazon_ratings,BundleSheaf,false,5,5,best-epoch,3,7,confidence,0.6369012171741946
amazon_ratings,BundleSheaf,false,5,5,best-epoch,4,7,confidence,0.6461086960920103
amazon_ratings,BundleSheaf,false,5,5,best-epoch,5,7,confidence,0.6982884230803414
amazon_ratings,BundleSheaf,false,5,5,best-epoch,0,7,saliency,0.04631768567864339
amazon_ratings,BundleSheaf,false,5,5,best-epoch,1,7,saliency,0.19571430686538888
amazon_ratings,BundleSheaf,false,5,5,best-epoch,2,7,saliency,0.5627090442473697
amazon_ratings,BundleSheaf,false,5,5,best-epoch,3,7,saliency,0.6790201834700718
amazon_ratings,BundleSheaf,false,5,5,best-epoch,4,7,saliency,0.6576965319880835
amazon_ratings,BundleSheaf,false,5,5,best-epoch,5,7,saliency,0.6927350886286205
amazon_ratings,BundleSheaf,false,5,5,best-epoch,0,7,cohens_d_train,0.009312615
amazon_ratings,BundleSheaf,false,5,5,best-epoch,1,7,cohens_d_train,0.0639516
amazon_ratings,BundleSheaf,false,5,5,best-epoch,2,7,cohens_d_train,0.07381922
amazon_ratings,BundleSheaf,false,5,5,best-epoch,3,7,cohens_d_train,0.06407954
amazon_ratings,BundleSheaf,false,5,5,best-epoch,4,7,cohens_d_train,0.06743851
amazon_ratings,BundleSheaf,false,5,5,best-epoch,5,7,cohens_d_train,0.06148253
amazon_ratings,BundleSheaf,false,5,5,best-epoch,0,7,cohens_d_test,0.052551754
amazon_ratings,BundleSheaf,false,5,5,best-epoch,1,7,cohens_d_test,0.06268777
amazon_ratings,BundleSheaf,false,5,5,best-epoch,2,7,cohens_d_test,0.06859812
amazon_ratings,BundleSheaf,false,5,5,best-epoch,3,7,cohens_d_test,0.048930116
amazon_ratings,BundleSheaf,false,5,5,best-epoch,4,7,cohens_d_test,0.06236272
amazon_ratings,BundleSheaf,false,5,5,best-epoch,5,7,cohens_d_test,0.046806905
amazon_ratings,BundleSheaf,false,5,5,best-epoch,0,8,degree,0.0035251270104482675
amazon_ratings,BundleSheaf,false,5,5,best-epoch,1,8,degree,0.5297201704622169
amazon_ratings,BundleSheaf,false,5,5,best-epoch,2,8,degree,0.5500952269457657
amazon_ratings,BundleSheaf,false,5,5,best-epoch,3,8,degree,0.210185198354742
amazon_ratings,BundleSheaf,false,5,5,best-epoch,4,8,degree,0.10639615707643421
amazon_ratings,BundleSheaf,false,5,5,best-epoch,5,8,degree,0.11008130932128911
amazon_ratings,BundleSheaf,false,5,5,best-epoch,0,8,betweenness,0.011316958868389735
amazon_ratings,BundleSheaf,false,5,5,best-epoch,1,8,betweenness,0.2545139244714294
amazon_ratings,BundleSheaf,false,5,5,best-epoch,2,8,betweenness,0.3393214120448809
amazon_ratings,BundleSheaf,false,5,5,best-epoch,3,8,betweenness,0.26241917717640284
amazon_ratings,BundleSheaf,false,5,5,best-epoch,4,8,betweenness,0.24976461212585824
amazon_ratings,BundleSheaf,false,5,5,best-epoch,5,8,betweenness,0.26700213989713306
amazon_ratings,BundleSheaf,false,5,5,best-epoch,0,8,confidence,0.06225713082974119
amazon_ratings,BundleSheaf,false,5,5,best-epoch,1,8,confidence,0.23199728410997184
amazon_ratings,BundleSheaf,false,5,5,best-epoch,2,8,confidence,0.5302815831873984
amazon_ratings,BundleSheaf,false,5,5,best-epoch,3,8,confidence,0.7394684001790884
amazon_ratings,BundleSheaf,false,5,5,best-epoch,4,8,confidence,0.7823859072415565
amazon_ratings,BundleSheaf,false,5,5,best-epoch,5,8,confidence,0.8124748900275572
amazon_ratings,BundleSheaf,false,5,5,best-epoch,0,8,saliency,0.01352856552512716
amazon_ratings,BundleSheaf,false,5,5,best-epoch,1,8,saliency,0.2323199274595513
amazon_ratings,BundleSheaf,false,5,5,best-epoch,2,8,saliency,0.5725164971710702
amazon_ratings,BundleSheaf,false,5,5,best-epoch,3,8,saliency,0.7952743729522296
amazon_ratings,BundleSheaf,false,5,5,best-epoch,4,8,saliency,0.8232073806867118
amazon_ratings,BundleSheaf,false,5,5,best-epoch,5,8,saliency,0.8249095221455051
amazon_ratings,BundleSheaf,false,5,5,best-epoch,0,8,cohens_d_train,0.0028660505
amazon_ratings,BundleSheaf,false,5,5,best-epoch,1,8,cohens_d_train,0.14659822
amazon_ratings,BundleSheaf,false,5,5,best-epoch,2,8,cohens_d_train,0.113767594
amazon_ratings,BundleSheaf,false,5,5,best-epoch,3,8,cohens_d_train,0.113026194
amazon_ratings,BundleSheaf,false,5,5,best-epoch,4,8,cohens_d_train,0.086657315
amazon_ratings,BundleSheaf,false,5,5,best-epoch,5,8,cohens_d_train,0.08831741
amazon_ratings,BundleSheaf,false,5,5,best-epoch,0,8,cohens_d_test,0.0017153159
amazon_ratings,BundleSheaf,false,5,5,best-epoch,1,8,cohens_d_test,0.08134487
amazon_ratings,BundleSheaf,false,5,5,best-epoch,2,8,cohens_d_test,0.046932634
amazon_ratings,BundleSheaf,false,5,5,best-epoch,3,8,cohens_d_test,0.029514015
amazon_ratings,BundleSheaf,false,5,5,best-epoch,4,8,cohens_d_test,0.023373574
amazon_ratings,BundleSheaf,false,5,5,best-epoch,5,8,cohens_d_test,0.053006385
amazon_ratings,BundleSheaf,false,5,5,best-epoch,0,9,degree,0.0007138834850355011
amazon_ratings,BundleSheaf,false,5,5,best-epoch,1,9,degree,0.5124601689507061
amazon_ratings,BundleSheaf,false,5,5,best-epoch,2,9,degree,0.5282206599865221
amazon_ratings,BundleSheaf,false,5,5,best-epoch,3,9,degree,0.28015820302069183
amazon_ratings,BundleSheaf,false,5,5,best-epoch,4,9,degree,0.0007198395963595894
amazon_ratings,BundleSheaf,false,5,5,best-epoch,5,9,degree,0.13385775370037423
amazon_ratings,BundleSheaf,false,5,5,best-epoch,0,9,betweenness,0.003883072236818478
amazon_ratings,BundleSheaf,false,5,5,best-epoch,1,9,betweenness,0.236776361454486
amazon_ratings,BundleSheaf,false,5,5,best-epoch,2,9,betweenness,0.3162202831273085
amazon_ratings,BundleSheaf,false,5,5,best-epoch,3,9,betweenness,0.2873510593476568
amazon_ratings,BundleSheaf,false,5,5,best-epoch,4,9,betweenness,0.16134005885867256
amazon_ratings,BundleSheaf,false,5,5,best-epoch,5,9,betweenness,0.27960733556543516
amazon_ratings,BundleSheaf,false,5,5,best-epoch,0,9,confidence,0.05326279634016909
amazon_ratings,BundleSheaf,false,5,5,best-epoch,1,9,confidence,0.15049539557897376
amazon_ratings,BundleSheaf,false,5,5,best-epoch,2,9,confidence,0.42174470542164555
amazon_ratings,BundleSheaf,false,5,5,best-epoch,3,9,confidence,0.5820485312031616
amazon_ratings,BundleSheaf,false,5,5,best-epoch,4,9,confidence,0.5644021415074731
amazon_ratings,BundleSheaf,false,5,5,best-epoch,5,9,confidence,0.6834594745413811
amazon_ratings,BundleSheaf,false,5,5,best-epoch,0,9,saliency,0.01465500178197383
amazon_ratings,BundleSheaf,false,5,5,best-epoch,1,9,saliency,0.21428003562752077
amazon_ratings,BundleSheaf,false,5,5,best-epoch,2,9,saliency,0.5287516844184894
amazon_ratings,BundleSheaf,false,5,5,best-epoch,3,9,saliency,0.7064100214761009
amazon_ratings,BundleSheaf,false,5,5,best-epoch,4,9,saliency,0.649878649603492
amazon_ratings,BundleSheaf,false,5,5,best-epoch,5,9,saliency,0.7244906992180615
amazon_ratings,BundleSheaf,false,5,5,best-epoch,0,9,cohens_d_train,0.011695033
amazon_ratings,BundleSheaf,false,5,5,best-epoch,1,9,cohens_d_train,0.0003495598
amazon_ratings,BundleSheaf,false,5,5,best-epoch,2,9,cohens_d_train,0.026346494
amazon_ratings,BundleSheaf,false,5,5,best-epoch,3,9,cohens_d_train,0.024018494
amazon_ratings,BundleSheaf,false,5,5,best-epoch,4,9,cohens_d_train,0.07500269
amazon_ratings,BundleSheaf,false,5,5,best-epoch,5,9,cohens_d_train,0.022467863
amazon_ratings,BundleSheaf,false,5,5,best-epoch,0,9,cohens_d_test,0.06270514
amazon_ratings,BundleSheaf,false,5,5,best-epoch,1,9,cohens_d_test,0.020893259
amazon_ratings,BundleSheaf,false,5,5,best-epoch,2,9,cohens_d_test,0.0040573278
amazon_ratings,BundleSheaf,false,5,5,best-epoch,3,9,cohens_d_test,0.0067523085
amazon_ratings,BundleSheaf,false,5,5,best-epoch,4,9,cohens_d_test,0.13903978
amazon_ratings,BundleSheaf,false,5,5,best-epoch,5,9,cohens_d_test,0.03433658
amazon_ratings,BundleSheaf,false,5,5,last,0,0,degree,0.01115562110170509
amazon_ratings,BundleSheaf,false,5,5,last,1,0,degree,0.48527414776112554
amazon_ratings,BundleSheaf,false,5,5,last,2,0,degree,0.5073980671162542
amazon_ratings,BundleSheaf,false,5,5,last,3,0,degree,0.17786318704641352
amazon_ratings,BundleSheaf,false,5,5,last,4,0,degree,0.07902898290421627
amazon_ratings,BundleSheaf,false,5,5,last,5,0,degree,0.11603702003526674
amazon_ratings,BundleSheaf,false,5,5,last,0,0,betweenness,0.0048448775787194795
amazon_ratings,BundleSheaf,false,5,5,last,1,0,betweenness,0.2208279962185169
amazon_ratings,BundleSheaf,false,5,5,last,2,0,betweenness,0.3088392503792023
amazon_ratings,BundleSheaf,false,5,5,last,3,0,betweenness,0.24348720187020734
amazon_ratings,BundleSheaf,false,5,5,last,4,0,betweenness,0.23012229451202942
amazon_ratings,BundleSheaf,false,5,5,last,5,0,betweenness,0.25017366114445977
amazon_ratings,BundleSheaf,false,5,5,last,0,0,confidence,0.06448264720496244
amazon_ratings,BundleSheaf,false,5,5,last,1,0,confidence,0.1598107912824271
amazon_ratings,BundleSheaf,false,5,5,last,2,0,confidence,0.4723776992185472
amazon_ratings,BundleSheaf,false,5,5,last,3,0,confidence,0.6686284057976832
amazon_ratings,BundleSheaf,false,5,5,last,4,0,confidence,0.6729503950359855
amazon_ratings,BundleSheaf,false,5,5,last,5,0,confidence,0.6804131985837545
amazon_ratings,BundleSheaf,false,5,5,last,0,0,saliency,0.02027867904093573
amazon_ratings,BundleSheaf,false,5,5,last,1,0,saliency,0.1656813496218106
amazon_ratings,BundleSheaf,false,5,5,last,2,0,saliency,0.48286789166636296
amazon_ratings,BundleSheaf,false,5,5,last,3,0,saliency,0.6122382774703921
amazon_ratings,BundleSheaf,false,5,5,last,4,0,saliency,0.6211939263664272
amazon_ratings,BundleSheaf,false,5,5,last,5,0,saliency,0.6322277258957211
amazon_ratings,BundleSheaf,false,5,5,last,0,0,cohens_d_train,0.059318315
amazon_ratings,BundleSheaf,false,5,5,last,1,0,cohens_d_train,0.085473716
amazon_ratings,BundleSheaf,false,5,5,last,2,0,cohens_d_train,0.10384935
amazon_ratings,BundleSheaf,false,5,5,last,3,0,cohens_d_train,0.12586893
amazon_ratings,BundleSheaf,false,5,5,last,4,0,cohens_d_train,0.14579263
amazon_ratings,BundleSheaf,false,5,5,last,5,0,cohens_d_train,0.10381748
amazon_ratings,BundleSheaf,false,5,5,last,0,0,cohens_d_test,0.023036389
amazon_ratings,BundleSheaf,false,5,5,last,1,0,cohens_d_test,0.053020503
amazon_ratings,BundleSheaf,false,5,5,last,2,0,cohens_d_test,0.02278837
amazon_ratings,BundleSheaf,false,5,5,last,3,0,cohens_d_test,0.013050966
amazon_ratings,BundleSheaf,false,5,5,last,4,0,cohens_d_test,0.020608075
amazon_ratings,BundleSheaf,false,5,5,last,5,0,cohens_d_test,0.004442533
amazon_ratings,BundleSheaf,false,5,5,last,0,1,degree,-0.0025614615661991567
amazon_ratings,BundleSheaf,false,5,5,last,1,1,degree,0.5191989858586232
amazon_ratings,BundleSheaf,false,5,5,last,2,1,degree,0.5404012060901198
amazon_ratings,BundleSheaf,false,5,5,last,3,1,degree,0.302782220236866
amazon_ratings,BundleSheaf,false,5,5,last,4,1,degree,0.016603378342757824
amazon_ratings,BundleSheaf,false,5,5,last,5,1,degree,0.10250564188090534
amazon_ratings,BundleSheaf,false,5,5,last,0,1,betweenness,0.0039163579140157456
amazon_ratings,BundleSheaf,false,5,5,last,1,1,betweenness,0.24601347655140127
amazon_ratings,BundleSheaf,false,5,5,last,2,1,betweenness,0.32722047263429566
amazon_ratings,BundleSheaf,false,5,5,last,3,1,betweenness,0.2898292977147858
amazon_ratings,BundleSheaf,false,5,5,last,4,1,betweenness,0.1968253699591263
amazon_ratings,BundleSheaf,false,5,5,last,5,1,betweenness,0.2527255841284538
amazon_ratings,BundleSheaf,false,5,5,last,0,1,confidence,0.016494619232292784
amazon_ratings,BundleSheaf,false,5,5,last,1,1,confidence,0.039656062886654624
amazon_ratings,BundleSheaf,false,5,5,last,2,1,confidence,0.3208901658123498
amazon_ratings,BundleSheaf,false,5,5,last,3,1,confidence,0.5490581047855626
amazon_ratings,BundleSheaf,false,5,5,last,4,1,confidence,0.7061585150251084
amazon_ratings,BundleSheaf,false,5,5,last,5,1,confidence,0.7107030793154322
amazon_ratings,BundleSheaf,false,5,5,last,0,1,saliency,0.010208195976673475
amazon_ratings,BundleSheaf,false,5,5,last,1,1,saliency,0.19855178678759552
amazon_ratings,BundleSheaf,false,5,5,last,2,1,saliency,0.5585188326479984
amazon_ratings,BundleSheaf,false,5,5,last,3,1,saliency,0.7291611864536284
amazon_ratings,BundleSheaf,false,5,5,last,4,1,saliency,0.716236705650061
amazon_ratings,BundleSheaf,false,5,5,last,5,1,saliency,0.7458138295518892
amazon_ratings,BundleSheaf,false,5,5,last,0,1,cohens_d_train,0.012546609
amazon_ratings,BundleSheaf,false,5,5,last,1,1,cohens_d_train,0.02472657
amazon_ratings,BundleSheaf,false,5,5,last,2,1,cohens_d_train,0.055630393
amazon_ratings,BundleSheaf,false,5,5,last,3,1,cohens_d_train,0.059243347
amazon_ratings,BundleSheaf,false,5,5,last,4,1,cohens_d_train,0.048245564
amazon_ratings,BundleSheaf,false,5,5,last,5,1,cohens_d_train,0.060431093
amazon_ratings,BundleSheaf,false,5,5,last,0,1,cohens_d_test,0.003277048
amazon_ratings,BundleSheaf,false,5,5,last,1,1,cohens_d_test,0.0014888642
amazon_ratings,BundleSheaf,false,5,5,last,2,1,cohens_d_test,0.013380046
amazon_ratings,BundleSheaf,false,5,5,last,3,1,cohens_d_test,0.009490009
amazon_ratings,BundleSheaf,false,5,5,last,4,1,cohens_d_test,0.0051158913
amazon_ratings,BundleSheaf,false,5,5,last,5,1,cohens_d_test,0.0064031943
amazon_ratings,BundleSheaf,false,5,5,last,0,2,degree,0.0028837370511006696
amazon_ratings,BundleSheaf,false,5,5,last,1,2,degree,0.5195145812801674
amazon_ratings,BundleSheaf,false,5,5,last,2,2,degree,0.5394450620191839
amazon_ratings,BundleSheaf,false,5,5,last,3,2,degree,0.23570712515633277
amazon_ratings,BundleSheaf,false,5,5,last,4,2,degree,-0.07311129513825702
amazon_ratings,BundleSheaf,false,5,5,last,5,2,degree,0.10078027235086322
amazon_ratings,BundleSheaf,false,5,5,last,0,2,betweenness,0.00819455455830861
amazon_ratings,BundleSheaf,false,5,5,last,1,2,betweenness,0.24748621011046318
amazon_ratings,BundleSheaf,false,5,5,last,2,2,betweenness,0.33164172604180503
amazon_ratings,BundleSheaf,false,5,5,last,3,2,betweenness,0.27623001119528323
amazon_ratings,BundleSheaf,false,5,5,last,4,2,betweenness,0.16442586699747205
amazon_ratings,BundleSheaf,false,5,5,last,5,2,betweenness,0.2522624277837165
amazon_ratings,BundleSheaf,false,5,5,last,0,2,confidence,0.06297593119892163
amazon_ratings,BundleSheaf,false,5,5,last,1,2,confidence,0.18060875784895178
amazon_ratings,BundleSheaf,false,5,5,last,2,2,confidence,0.489834059649674
amazon_ratings,BundleSheaf,false,5,5,last,3,2,confidence,0.713213703819513
amazon_ratings,BundleSheaf,false,5,5,last,4,2,confidence,0.740782413742808
amazon_ratings,BundleSheaf,false,5,5,last,5,2,confidence,0.799769397618417
amazon_ratings,BundleSheaf,false,5,5,last,0,2,saliency,0.028149279072086
amazon_ratings,BundleSheaf,false,5,5,last,1,2,saliency,0.2092799710020628
amazon_ratings,BundleSheaf,false,5,5,last,2,2,saliency,0.5231270314609191
amazon_ratings,BundleSheaf,false,5,5,last,3,2,saliency,0.7008470996077536
amazon_ratings,BundleSheaf,false,5,5,last,4,2,saliency,0.6388185915832519
amazon_ratings,BundleSheaf,false,5,5,last,5,2,saliency,0.6938030824637451
amazon_ratings,BundleSheaf,false,5,5,last,0,2,cohens_d_train,0.02904504
amazon_ratings,BundleSheaf,false,5,5,last,1,2,cohens_d_train,0.07377904
amazon_ratings,BundleSheaf,false,5,5,last,2,2,cohens_d_train,0.08787148
amazon_ratings,BundleSheaf,false,5,5,last,3,2,cohens_d_train,0.09508717
amazon_ratings,BundleSheaf,false,5,5,last,4,2,cohens_d_train,0.20607024
amazon_ratings,BundleSheaf,false,5,5,last,5,2,cohens_d_train,0.10584175
amazon_ratings,BundleSheaf,false,5,5,last,0,2,cohens_d_test,0.046234436
amazon_ratings,BundleSheaf,false,5,5,last,1,2,cohens_d_test,0.0077935136
amazon_ratings,BundleSheaf,false,5,5,last,2,2,cohens_d_test,0.008946073
amazon_ratings,BundleSheaf,false,5,5,last,3,2,cohens_d_test,0.010154191
amazon_ratings,BundleSheaf,false,5,5,last,4,2,cohens_d_test,0.16506243
amazon_ratings,BundleSheaf,false,5,5,last,5,2,cohens_d_test,0.0056931665
amazon_ratings,BundleSheaf,false,5,5,last,0,3,degree,-0.006596533955165994
amazon_ratings,BundleSheaf,false,5,5,last,1,3,degree,0.5293356819755451
amazon_ratings,BundleSheaf,false,5,5,last,2,3,degree,0.5457141690667646
amazon_ratings,BundleSheaf,false,5,5,last,3,3,degree,0.23949558282641648
amazon_ratings,BundleSheaf,false,5,5,last,4,3,degree,-0.08420587436619818
amazon_ratings,BundleSheaf,false,5,5,last,5,3,degree,0.06334704106356005
amazon_ratings,BundleSheaf,false,5,5,last,0,3,betweenness,0.02222759261109944
amazon_ratings,BundleSheaf,false,5,5,last,1,3,betweenness,0.25522482899096
amazon_ratings,BundleSheaf,false,5,5,last,2,3,betweenness,0.32915059113311396
amazon_ratings,BundleSheaf,false,5,5,last,3,3,betweenness,0.2688684697553954
amazon_ratings,BundleSheaf,false,5,5,last,4,3,betweenness,0.14048604543272208
amazon_ratings,BundleSheaf,false,5,5,last,5,3,betweenness,0.235558066065184
amazon_ratings,BundleSheaf,false,5,5,last,0,3,confidence,0.08476175026556448
amazon_ratings,BundleSheaf,false,5,5,last,1,3,confidence,0.21303424748206423
amazon_ratings,BundleSheaf,false,5,5,last,2,3,confidence,0.48009791074916675
amazon_ratings,BundleSheaf,false,5,5,last,3,3,confidence,0.6028150070448224
amazon_ratings,BundleSheaf,false,5,5,last,4,3,confidence,0.6031983261888288
amazon_ratings,BundleSheaf,false,5,5,last,5,3,confidence,0.7085972825578059
amazon_ratings,BundleSheaf,false,5,5,last,0,3,saliency,0.05919443414198331
amazon_ratings,BundleSheaf,false,5,5,last,1,3,saliency,0.21263529457973754
amazon_ratings,BundleSheaf,false,5,5,last,2,3,saliency,0.5394314785402803
amazon_ratings,BundleSheaf,false,5,5,last,3,3,saliency,0.6925565969161193
amazon_ratings,BundleSheaf,false,5,5,last,4,3,saliency,0.6382075955385177
amazon_ratings,BundleSheaf,false,5,5,last,5,3,saliency,0.6735123778316656
amazon_ratings,BundleSheaf,false,5,5,last,0,3,cohens_d_train,0.12822422
amazon_ratings,BundleSheaf,false,5,5,last,1,3,cohens_d_train,0.09713506
amazon_ratings,BundleSheaf,false,5,5,last,2,3,cohens_d_train,0.028214684
amazon_ratings,BundleSheaf,false,5,5,last,3,3,cohens_d_train,0.015255906
amazon_ratings,BundleSheaf,false,5,5,last,4,3,cohens_d_train,0.01615664
amazon_ratings,BundleSheaf,false,5,5,last,5,3,cohens_d_train,0.0075720055
amazon_ratings,BundleSheaf,false,5,5,last,0,3,cohens_d_test,0.053979218
amazon_ratings,BundleSheaf,false,5,5,last,1,3,cohens_d_test,0.059768308
amazon_ratings,BundleSheaf,false,5,5,last,2,3,cohens_d_test,0.00543419
amazon_ratings,BundleSheaf,false,5,5,last,3,3,cohens_d_test,0.012973099
amazon_ratings,BundleSheaf,false,5,5,last,4,3,cohens_d_test,0.014720134
amazon_ratings,BundleSheaf,false,5,5,last,5,3,cohens_d_test,0.009475129
amazon_ratings,BundleSheaf,false,5,5,last,0,4,degree,0.00694516749703529
amazon_ratings,BundleSheaf,false,5,5,last,1,4,degree,0.5110617512511102
amazon_ratings,BundleSheaf,false,5,5,last,2,4,degree,0.47105359437632777
amazon_ratings,BundleSheaf,false,5,5,last,3,4,degree,0.23998968065127974
amazon_ratings,BundleSheaf,false,5,5,last,4,4,degree,0.041613511016454004
amazon_ratings,BundleSheaf,false,5,5,last,5,4,degree,0.0949250826615487
amazon_ratings,BundleSheaf,false,5,5,last,0,4,betweenness,0.00472863896749642
amazon_ratings,BundleSheaf,false,5,5,last,1,4,betweenness,0.23448769380082954
amazon_ratings,BundleSheaf,false,5,5,last,2,4,betweenness,0.3107986669940023
amazon_ratings,BundleSheaf,false,5,5,last,3,4,betweenness,0.26420495805253763
amazon_ratings,BundleSheaf,false,5,5,last,4,4,betweenness,0.20047370852332855
amazon_ratings,BundleSheaf,false,5,5,last,5,4,betweenness,0.24924483220353127
amazon_ratings,BundleSheaf,false,5,5,last,0,4,confidence,0.024768073225762462
amazon_ratings,BundleSheaf,false,5,5,last,1,4,confidence,0.14736849686595632
amazon_ratings,BundleSheaf,false,5,5,last,2,4,confidence,0.48861019778776865
amazon_ratings,BundleSheaf,false,5,5,last,3,4,confidence,0.6454499557544273
amazon_ratings,BundleSheaf,false,5,5,last,4,4,confidence,0.6792158472544522
amazon_ratings,BundleSheaf,false,5,5,last,5,4,confidence,0.7393507726575776
amazon_ratings,BundleSheaf,false,5,5,last,0,4,saliency,0.01390502545846879
amazon_ratings,BundleSheaf,false,5,5,last,1,4,saliency,0.18680148896300253
amazon_ratings,BundleSheaf,false,5,5,last,2,4,saliency,0.5322917819109169
amazon_ratings,BundleSheaf,false,5,5,last,3,4,saliency,0.6736975306999392
amazon_ratings,BundleSheaf,false,5,5,last,4,4,saliency,0.6616823976332523
amazon_ratings,BundleSheaf,false,5,5,last,5,4,saliency,0.6922670832046408
amazon_ratings,BundleSheaf,false,5,5,last,0,4,cohens_d_train,0.006886755
amazon_ratings,BundleSheaf,false,5,5,last,1,4,cohens_d_train,0.038233347
amazon_ratings,BundleSheaf,false,5,5,last,2,4,cohens_d_train,0.03636508
amazon_ratings,BundleSheaf,false,5,5,last,3,4,cohens_d_train,0.014507938
amazon_ratings,BundleSheaf,false,5,5,last,4,4,cohens_d_train,0.041779056
amazon_ratings,BundleSheaf,false,5,5,last,5,4,cohens_d_train,0.032764666
amazon_ratings,BundleSheaf,false,5,5,last,0,4,cohens_d_test,0.030419571
amazon_ratings,BundleSheaf,false,5,5,last,1,4,cohens_d_test,0.08199595
amazon_ratings,BundleSheaf,false,5,5,last,2,4,cohens_d_test,0.09872256
amazon_ratings,BundleSheaf,false,5,5,last,3,4,cohens_d_test,0.08702704
amazon_ratings,BundleSheaf,false,5,5,last,4,4,cohens_d_test,0.12334309
amazon_ratings,BundleSheaf,false,5,5,last,5,4,cohens_d_test,0.07799272
amazon_ratings,BundleSheaf,false,5,5,last,0,5,degree,0.010166702461530454
amazon_ratings,BundleSheaf,false,5,5,last,1,5,degree,0.4988130959903867
amazon_ratings,BundleSheaf,false,5,5,last,2,5,degree,0.4874507442565536
amazon_ratings,BundleSheaf,false,5,5,last,3,5,degree,0.295107551711616
amazon_ratings,BundleSheaf,false,5,5,last,4,5,degree,0.03940350218190877
amazon_ratings,BundleSheaf,false,5,5,last,5,5,degree,0.08801289588959302
amazon_ratings,BundleSheaf,false,5,5,last,0,5,betweenness,0.0033367765118349157
amazon_ratings,BundleSheaf,false,5,5,last,1,5,betweenness,0.2209020591946431
amazon_ratings,BundleSheaf,false,5,5,last,2,5,betweenness,0.2995119145586893
amazon_ratings,BundleSheaf,false,5,5,last,3,5,betweenness,0.2806094982182777
amazon_ratings,BundleSheaf,false,5,5,last,4,5,betweenness,0.201480349579104
amazon_ratings,BundleSheaf,false,5,5,last,5,5,betweenness,0.24266867234302358
amazon_ratings,BundleSheaf,false,5,5,last,0,5,confidence,0.028687029341998353
amazon_ratings,BundleSheaf,false,5,5,last,1,5,confidence,0.12300797049130084
amazon_ratings,BundleSheaf,false,5,5,last,2,5,confidence,0.4625822287631219
amazon_ratings,BundleSheaf,false,5,5,last,3,5,confidence,0.6467101701043345
amazon_ratings,BundleSheaf,false,5,5,last,4,5,confidence,0.6828397075137794
amazon_ratings,BundleSheaf,false,5,5,last,5,5,confidence,0.7557509446825755
amazon_ratings,BundleSheaf,false,5,5,last,0,5,saliency,0.008978932495006673
amazon_ratings,BundleSheaf,false,5,5,last,1,5,saliency,0.18895350918335388
amazon_ratings,BundleSheaf,false,5,5,last,2,5,saliency,0.5694355306876218
amazon_ratings,BundleSheaf,false,5,5,last,3,5,saliency,0.7338716841914333
amazon_ratings,BundleSheaf,false,5,5,last,4,5,saliency,0.7192807766961928
amazon_ratings,BundleSheaf,false,5,5,last,5,5,saliency,0.7461789214230224
amazon_ratings,BundleSheaf,false,5,5,last,0,5,cohens_d_train,0.021816371
amazon_ratings,BundleSheaf,false,5,5,last,1,5,cohens_d_train,0.16634494
amazon_ratings,BundleSheaf,false,5,5,last,2,5,cohens_d_train,0.09347159
amazon_ratings,BundleSheaf,false,5,5,last,3,5,cohens_d_train,0.04021306
amazon_ratings,BundleSheaf,false,5,5,last,4,5,cohens_d_train,0.095742434
amazon_ratings,BundleSheaf,false,5,5,last,5,5,cohens_d_train,0.037740577
amazon_ratings,BundleSheaf,false,5,5,last,0,5,cohens_d_test,0.019243704
amazon_ratings,BundleSheaf,false,5,5,last,1,5,cohens_d_test,0.15034926
amazon_ratings,BundleSheaf,false,5,5,last,2,5,cohens_d_test,0.11363764
amazon_ratings,BundleSheaf,false,5,5,last,3,5,cohens_d_test,0.08576062
amazon_ratings,BundleSheaf,false,5,5,last,4,5,cohens_d_test,0.117338896
amazon_ratings,BundleSheaf,false,5,5,last,5,5,cohens_d_test,0.0855596
amazon_ratings,BundleSheaf,false,5,5,last,0,6,degree,0.0009280554494615182
amazon_ratings,BundleSheaf,false,5,5,last,1,6,degree,0.5390209010108533
amazon_ratings,BundleSheaf,false,5,5,last,2,6,degree,0.5315021864651708
amazon_ratings,BundleSheaf,false,5,5,last,3,6,degree,0.19162913921425995
amazon_ratings,BundleSheaf,false,5,5,last,4,6,degree,0.1080527948893928
amazon_ratings,BundleSheaf,false,5,5,last,5,6,degree,0.14954672639140962
amazon_ratings,BundleSheaf,false,5,5,last,0,6,betweenness,0.015110534101529478
amazon_ratings,BundleSheaf,false,5,5,last,1,6,betweenness,0.25651313557557653
amazon_ratings,BundleSheaf,false,5,5,last,2,6,betweenness,0.3254887200513474
amazon_ratings,BundleSheaf,false,5,5,last,3,6,betweenness,0.258847604996837
amazon_ratings,BundleSheaf,false,5,5,last,4,6,betweenness,0.24699880000744323
amazon_ratings,BundleSheaf,false,5,5,last,5,6,betweenness,0.28185015656395246
amazon_ratings,BundleSheaf,false,5,5,last,0,6,confidence,0.034299998215011944
amazon_ratings,BundleSheaf,false,5,5,last,1,6,confidence,0.15408385577020156
amazon_ratings,BundleSheaf,false,5,5,last,2,6,confidence,0.43459342137863627
amazon_ratings,BundleSheaf,false,5,5,last,3,6,confidence,0.605503831011802
amazon_ratings,BundleSheaf,false,5,5,last,4,6,confidence,0.658303874075245
amazon_ratings,BundleSheaf,false,5,5,last,5,6,confidence,0.6878026776436106
amazon_ratings,BundleSheaf,false,5,5,last,0,6,saliency,0.01666449964306892
amazon_ratings,BundleSheaf,false,5,5,last,1,6,saliency,0.20457382125547002
amazon_ratings,BundleSheaf,false,5,5,last,2,6,saliency,0.5553309131939151
amazon_ratings,BundleSheaf,false,5,5,last,3,6,saliency,0.7590024968274693
amazon_ratings,BundleSheaf,false,5,5,last,4,6,saliency,0.7794377418104087
amazon_ratings,BundleSheaf,false,5,5,last,5,6,saliency,0.7776938131028862
amazon_ratings,BundleSheaf,false,5,5,last,0,6,cohens_d_train,0.028277446
amazon_ratings,BundleSheaf,false,5,5,last,1,6,cohens_d_train,0.08235129
amazon_ratings,BundleSheaf,false,5,5,last,2,6,cohens_d_train,0.0659274
amazon_ratings,BundleSheaf,false,5,5,last,3,6,cohens_d_train,0.05317931
amazon_ratings,BundleSheaf,false,5,5,last,4,6,cohens_d_train,0.051756166
amazon_ratings,BundleSheaf,false,5,5,last,5,6,cohens_d_train,0.048613396
amazon_ratings,BundleSheaf,false,5,5,last,0,6,cohens_d_test,0.002655269
amazon_ratings,BundleSheaf,false,5,5,last,1,6,cohens_d_test,0.07836854
amazon_ratings,BundleSheaf,false,5,5,last,2,6,cohens_d_test,0.07505631
amazon_ratings,BundleSheaf,false,5,5,last,3,6,cohens_d_test,0.04330076
amazon_ratings,BundleSheaf,false,5,5,last,4,6,cohens_d_test,0.025533961
amazon_ratings,BundleSheaf,false,5,5,last,5,6,cohens_d_test,0.035737414
amazon_ratings,BundleSheaf,false,5,5,last,0,7,degree,0.00024243907098699954
amazon_ratings,BundleSheaf,false,5,5,last,1,7,degree,0.5491462925675138
amazon_ratings,BundleSheaf,false,5,5,last,2,7,degree,0.44930302092089347
amazon_ratings,BundleSheaf,false,5,5,last,3,7,degree,0.25675551314372935
amazon_ratings,BundleSheaf,false,5,5,last,4,7,degree,-0.045227699337043986
amazon_ratings,BundleSheaf,false,5,5,last,5,7,degree,0.15097369253845813
amazon_ratings,BundleSheaf,false,5,5,last,0,7,betweenness,0.011239541035620604
amazon_ratings,BundleSheaf,false,5,5,last,1,7,betweenness,0.2594181041937698
amazon_ratings,BundleSheaf,false,5,5,last,2,7,betweenness,0.3104243633033142
amazon_ratings,BundleSheaf,false,5,5,last,3,7,betweenness,0.28274820340950385
amazon_ratings,BundleSheaf,false,5,5,last,4,7,betweenness,0.1713230082292394
amazon_ratings,BundleSheaf,false,5,5,last,5,7,betweenness,0.2712555892257601
amazon_ratings,BundleSheaf,false,5,5,last,0,7,confidence,0.06083504027615708
amazon_ratings,BundleSheaf,false,5,5,last,1,7,confidence,0.19729494448829965
amazon_ratings,BundleSheaf,false,5,5,last,2,7,confidence,0.43833801964094676
amazon_ratings,BundleSheaf,false,5,5,last,3,7,confidence,0.5075430764379094
amazon_ratings,BundleSheaf,false,5,5,last,4,7,confidence,0.5326259655521939
amazon_ratings,BundleSheaf,false,5,5,last,5,7,confidence,0.6309269802697417
amazon_ratings,BundleSheaf,false,5,5,last,0,7,saliency,0.03426947520475074
amazon_ratings,BundleSheaf,false,5,5,last,1,7,saliency,0.2008694538388446
amazon_ratings,BundleSheaf,false,5,5,last,2,7,saliency,0.5729836854479574
amazon_ratings,BundleSheaf,false,5,5,last,3,7,saliency,0.6982494448055256
amazon_ratings,BundleSheaf,false,5,5,last,4,7,saliency,0.6774700764751539
amazon_ratings,BundleSheaf,false,5,5,last,5,7,saliency,0.7019144505351486
amazon_ratings,BundleSheaf,false,5,5,last,0,7,cohens_d_train,0.033862725
amazon_ratings,BundleSheaf,false,5,5,last,1,7,cohens_d_train,0.025768468
amazon_ratings,BundleSheaf,false,5,5,last,2,7,cohens_d_train,0.04973569
amazon_ratings,BundleSheaf,false,5,5,last,3,7,cohens_d_train,0.047518495
amazon_ratings,BundleSheaf,false,5,5,last,4,7,cohens_d_train,0.0026271245
amazon_ratings,BundleSheaf,false,5,5,last,5,7,cohens_d_train,0.030408414
amazon_ratings,BundleSheaf,false,5,5,last,0,7,cohens_d_test,0.045109898
amazon_ratings,BundleSheaf,false,5,5,last,1,7,cohens_d_test,0.04486854
amazon_ratings,BundleSheaf,false,5,5,last,2,7,cohens_d_test,0.04608644
amazon_ratings,BundleSheaf,false,5,5,last,3,7,cohens_d_test,0.034287516
amazon_ratings,BundleSheaf,false,5,5,last,4,7,cohens_d_test,0.017113896
amazon_ratings,BundleSheaf,false,5,5,last,5,7,cohens_d_test,0.01316914
amazon_ratings,BundleSheaf,false,5,5,last,0,8,degree,0.0035951723677464962
amazon_ratings,BundleSheaf,false,5,5,last,1,8,degree,0.5315063750092905
amazon_ratings,BundleSheaf,false,5,5,last,2,8,degree,0.5467251076161286
amazon_ratings,BundleSheaf,false,5,5,last,3,8,degree,0.21311248802362434
amazon_ratings,BundleSheaf,false,5,5,last,4,8,degree,0.09955951689079154
amazon_ratings,BundleSheaf,false,5,5,last,5,8,degree,0.10909739331493341
amazon_ratings,BundleSheaf,false,5,5,last,0,8,betweenness,0.011202149455716673
amazon_ratings,BundleSheaf,false,5,5,last,1,8,betweenness,0.2552790246473584
amazon_ratings,BundleSheaf,false,5,5,last,2,8,betweenness,0.3373043934950895
amazon_ratings,BundleSheaf,false,5,5,last,3,8,betweenness,0.2637435018860721
amazon_ratings,BundleSheaf,false,5,5,last,4,8,betweenness,0.24453526877210255
amazon_ratings,BundleSheaf,false,5,5,last,5,8,betweenness,0.26711636430187935
amazon_ratings,BundleSheaf,false,5,5,last,0,8,confidence,0.041904345708419284
amazon_ratings,BundleSheaf,false,5,5,last,1,8,confidence,0.19503757189507007
amazon_ratings,BundleSheaf,false,5,5,last,2,8,confidence,0.47559991623922493
amazon_ratings,BundleSheaf,false,5,5,last,3,8,confidence,0.6484272583214147
amazon_ratings,BundleSheaf,false,5,5,last,4,8,confidence,0.7019716235719544
amazon_ratings,BundleSheaf,false,5,5,last,5,8,confidence,0.7519857559498617
amazon_ratings,BundleSheaf,false,5,5,last,0,8,saliency,0.013186280278497019
amazon_ratings,BundleSheaf,false,5,5,last,1,8,saliency,0.22438933818934867
amazon_ratings,BundleSheaf,false,5,5,last,2,8,saliency,0.5619699622598435
amazon_ratings,BundleSheaf,false,5,5,last,3,8,saliency,0.7734383708310821
amazon_ratings,BundleSheaf,false,5,5,last,4,8,saliency,0.7988067542820746
amazon_ratings,BundleSheaf,false,5,5,last,5,8,saliency,0.7969083431074747
amazon_ratings,BundleSheaf,false,5,5,last,0,8,cohens_d_train,0.009188393
amazon_ratings,BundleSheaf,false,5,5,last,1,8,cohens_d_train,0.1571397
amazon_ratings,BundleSheaf,false,5,5,last,2,8,cohens_d_train,0.11719125
amazon_ratings,BundleSheaf,false,5,5,last,3,8,cohens_d_train,0.103171945
amazon_ratings,BundleSheaf,false,5,5,last,4,8,cohens_d_train,0.07971547
amazon_ratings,BundleSheaf,false,5,5,last,5,8,cohens_d_train,0.07743089
amazon_ratings,BundleSheaf,false,5,5,last,0,8,cohens_d_test,0.011605686
amazon_ratings,BundleSheaf,false,5,5,last,1,8,cohens_d_test,0.14417009
amazon_ratings,BundleSheaf,false,5,5,last,2,8,cohens_d_test,0.09713551
amazon_ratings,BundleSheaf,false,5,5,last,3,8,cohens_d_test,0.07575669
amazon_ratings,BundleSheaf,false,5,5,last,4,8,cohens_d_test,0.08392361
amazon_ratings,BundleSheaf,false,5,5,last,5,8,cohens_d_test,0.06770908
amazon_ratings,BundleSheaf,false,5,5,last,0,9,degree,0.0016905789964598986
amazon_ratings,BundleSheaf,false,5,5,last,1,9,degree,0.5051560343517733
amazon_ratings,BundleSheaf,false,5,5,last,2,9,degree,0.51008098385465
amazon_ratings,BundleSheaf,false,5,5,last,3,9,degree,0.27970865657955973
amazon_ratings,BundleSheaf,false,5,5,last,4,9,degree,0.2109826400916499
amazon_ratings,BundleSheaf,false,5,5,last,5,9,degree,0.13635748422051092
amazon_ratings,BundleSheaf,false,5,5,last,0,9,betweenness,0.006361089503800933
amazon_ratings,BundleSheaf,false,5,5,last,1,9,betweenness,0.23572648957706901
amazon_ratings,BundleSheaf,false,5,5,last,2,9,betweenness,0.3139427047472148
amazon_ratings,BundleSheaf,false,5,5,last,3,9,betweenness,0.2796108543478259
amazon_ratings,BundleSheaf,false,5,5,last,4,9,betweenness,0.2639101885136241
amazon_ratings,BundleSheaf,false,5,5,last,5,9,betweenness,0.2663245527732264
amazon_ratings,BundleSheaf,false,5,5,last,0,9,confidence,0.027746734838238085
amazon_ratings,BundleSheaf,false,5,5,last,1,9,confidence,0.19230610376456014
amazon_ratings,BundleSheaf,false,5,5,last,2,9,confidence,0.518549871609131
amazon_ratings,BundleSheaf,false,5,5,last,3,9,confidence,0.7299489392142506
amazon_ratings,BundleSheaf,false,5,5,last,4,9,confidence,0.733203351294909
amazon_ratings,BundleSheaf,false,5,5,last,5,9,confidence,0.810669965663039
amazon_ratings,BundleSheaf,false,5,5,last,0,9,saliency,0.0009557022871724246
amazon_ratings,BundleSheaf,false,5,5,last,1,9,saliency,0.17076544577891417
amazon_ratings,BundleSheaf,false,5,5,last,2,9,saliency,0.5322208993902091
amazon_ratings,BundleSheaf,false,5,5,last,3,9,saliency,0.7334866008326241
amazon_ratings,BundleSheaf,false,5,5,last,4,9,saliency,0.7533334995644356
amazon_ratings,BundleSheaf,false,5,5,last,5,9,saliency,0.7898343843739828
amazon_ratings,BundleSheaf,false,5,5,last,0,9,cohens_d_train,0.049935993
amazon_ratings,BundleSheaf,false,5,5,last,1,9,cohens_d_train,0.041214135
amazon_ratings,BundleSheaf,false,5,5,last,2,9,cohens_d_train,0.052733313
amazon_ratings,BundleSheaf,false,5,5,last,3,9,cohens_d_train,0.047789972
amazon_ratings,BundleSheaf,false,5,5,last,4,9,cohens_d_train,0.0138013605
amazon_ratings,BundleSheaf,false,5,5,last,5,9,cohens_d_train,0.04544192
amazon_ratings,BundleSheaf,false,5,5,last,0,9,cohens_d_test,0.035414148
amazon_ratings,BundleSheaf,false,5,5,last,1,9,cohens_d_test,0.0117966905
amazon_ratings,BundleSheaf,false,5,5,last,2,9,cohens_d_test,0.010297711
amazon_ratings,BundleSheaf,false,5,5,last,3,9,cohens_d_test,0.012628219
amazon_ratings,BundleSheaf,false,5,5,last,4,9,cohens_d_test,0.007057112
amazon_ratings,BundleSheaf,false,5,5,last,5,9,cohens_d_test,0.014051371
