dataset,model,normalised,d,layers,checkpoint,layer,fold,observable,value
citeseer,BundleSheaf,false,5,4,epoch-0,0,0,degree,-0.024284396252533622
citeseer,BundleSheaf,false,5,4,epoch-0,1,0,degree,0.7974566084670814
citeseer,BundleSheaf,false,5,4,epoch-0,2,0,degree,0.8790799767100085
citeseer,BundleSheaf,false,5,4,epoch-0,3,0,degree,0.8077737824650757
citeseer,BundleSheaf,false,5,4,epoch-0,4,0,degree,0.7531054444997043
citeseer,BundleSheaf,false,5,4,epoch-0,0,0,betweenness,-0.02409024272699757
citeseer,BundleSheaf,false,5,4,epoch-0,1,0,betweenness,0.6610380508149468
citeseer,BundleSheaf,false,5,4,epoch-0,2,0,betweenness,0.752135039336771
citeseer,BundleSheaf,false,5,4,epoch-0,3,0,betweenness,0.7066372503079528
citeseer,BundleSheaf,false,5,4,epoch-0,4,0,betweenness,0.6685754606437657
citeseer,BundleSheaf,false,5,4,epoch-0,0,0,confidence,-0.04700634342419622
citeseer,BundleSheaf,false,5,4,epoch-0,1,0,confidence,0.5824416797410301
citeseer,BundleSheaf,false,5,4,epoch-0,2,0,confidence,0.8791145594263646
citeseer,BundleSheaf,false,5,4,epoch-0,3,0,confidence,0.9303382888220567
citeseer,BundleSheaf,false,5,4,epoch-0,4,0,confidence,0.9435255289120477
citeseer,BundleSheaf,false,5,4,epoch-0,0,0,saliency,-0.03587847877367415
citeseer,BundleSheaf,false,5,4,epoch-0,1,0,saliency,0.5816326795701018
citeseer,BundleSheaf,false,5,4,epoch-0,2,0,saliency,0.8965988005948435
citeseer,BundleSheaf,false,5,4,epoch-0,3,0,saliency,0.9614513307045639
citeseer,BundleSheaf,false,5,4,epoch-0,4,0,saliency,0.9824555448900887
citeseer,BundleSheaf,false,5,4,epoch-0,0,0,cohens_d_train,0.09976495
citeseer,BundleSheaf,false,5,4,epoch-0,1,0,cohens_d_train,0.2171861
citeseer,BundleSheaf,false,5,4,epoch-0,2,0,cohens_d_train,0.23670538
citeseer,BundleSheaf,false,5,4,epoch-0,3,0,cohens_d_train,0.24642539
citeseer,BundleSheaf,false,5,4,epoch-0,4,0,cohens_d_train,0.24363592
citeseer,BundleSheaf,false,5,4,epoch-0,0,0,cohens_d_test,0.104456924
citeseer,BundleSheaf,false,5,4,epoch-0,1,0,cohens_d_test,0.13464032
citeseer,BundleSheaf,false,5,4,epoch-0,2,0,cohens_d_test,0.089813046
citeseer,BundleSheaf,false,5,4,epoch-0,3,0,cohens_d_test,0.06253293
citeseer,BundleSheaf,false,5,4,epoch-0,4,0,cohens_d_test,0.061042096
citeseer,BundleSheaf,false,5,4,epoch-0,0,1,degree,0.011278182083772542
citeseer,BundleSheaf,false,5,4,epoch-0,1,1,degree,0.8086993435771533
citeseer,BundleSheaf,false,5,4,epoch-0,2,1,degree,0.8810958020937619
citeseer,BundleSheaf,false,5,4,epoch-0,3,1,degree,0.8077560099830283
citeseer,BundleSheaf,false,5,4,epoch-0,4,1,degree,0.7521974369369994
citeseer,BundleSheaf,false,5,4,epoch-0,0,1,betweenness,0.002581418235200178
citeseer,BundleSheaf,false,5,4,epoch-0,1,1,betweenness,0.678758876758326
citeseer,BundleSheaf,false,5,4,epoch-0,2,1,betweenness,0.7533497091391869
citeseer,BundleSheaf,false,5,4,epoch-0,3,1,betweenness,0.7081079806390546
citeseer,BundleSheaf,false,5,4,epoch-0,4,1,betweenness,0.6693347437459298
citeseer,BundleSheaf,false,5,4,epoch-0,0,1,confidence,0.013776218584916042
citeseer,BundleSheaf,false,5,4,epoch-0,1,1,confidence,0.6135515909678873
citeseer,BundleSheaf,false,5,4,epoch-0,2,1,confidence,0.8793370218533609
citeseer,BundleSheaf,false,5,4,epoch-0,3,1,confidence,0.9343813154598671
citeseer,BundleSheaf,false,5,4,epoch-0,4,1,confidence,0.9485623526049008
citeseer,BundleSheaf,false,5,4,epoch-0,0,1,saliency,0.013105921789275376
citeseer,BundleSheaf,false,5,4,epoch-0,1,1,saliency,0.6212409317215141
citeseer,BundleSheaf,false,5,4,epoch-0,2,1,saliency,0.9094702459932604
citeseer,BundleSheaf,false,5,4,epoch-0,3,1,saliency,0.9682862695856066
citeseer,BundleSheaf,false,5,4,epoch-0,4,1,saliency,0.9811953219986363
citeseer,BundleSheaf,false,5,4,epoch-0,0,1,cohens_d_train,0.022354936
citeseer,BundleSheaf,false,5,4,epoch-0,1,1,cohens_d_train,0.3414445
citeseer,BundleSheaf,false,5,4,epoch-0,2,1,cohens_d_train,0.37857512
citeseer,BundleSheaf,false,5,4,epoch-0,3,1,cohens_d_train,0.39718315
citeseer,BundleSheaf,false,5,4,epoch-0,4,1,cohens_d_train,0.659842
citeseer,BundleSheaf,false,5,4,epoch-0,0,1,cohens_d_test,0.043979965
citeseer,BundleSheaf,false,5,4,epoch-0,1,1,cohens_d_test,0.23698089
citeseer,BundleSheaf,false,5,4,epoch-0,2,1,cohens_d_test,0.33407456
citeseer,BundleSheaf,false,5,4,epoch-0,3,1,cohens_d_test,0.48777667
citeseer,BundleSheaf,false,5,4,epoch-0,4,1,cohens_d_test,0.6870607
citeseer,BundleSheaf,false,5,4,epoch-0,0,2,degree,-0.015818681795897103
citeseer,BundleSheaf,false,5,4,epoch-0,1,2,degree,0.8100236652932714
citeseer,BundleSheaf,false,5,4,epoch-0,2,2,degree,0.8800821110457374
citeseer,BundleSheaf,false,5,4,epoch-0,3,2,degree,0.8073214418061823
citeseer,BundleSheaf,false,5,4,epoch-0,4,2,degree,0.756902754759679
citeseer,BundleSheaf,false,5,4,epoch-0,0,2,betweenness,-0.0005983481838257171
citeseer,BundleSheaf,false,5,4,epoch-0,1,2,betweenness,0.6776585820948917
citeseer,BundleSheaf,false,5,4,epoch-0,2,2,betweenness,0.7518124842843854
citeseer,BundleSheaf,false,5,4,epoch-0,3,2,betweenness,0.706478053737997
citeseer,BundleSheaf,false,5,4,epoch-0,4,2,betweenness,0.6722137507105692
citeseer,BundleSheaf,false,5,4,epoch-0,0,2,confidence,-0.007175904113558406
citeseer,BundleSheaf,false,5,4,epoch-0,1,2,confidence,0.617296974836879
citeseer,BundleSheaf,false,5,4,epoch-0,2,2,confidence,0.8772248878674779
citeseer,BundleSheaf,false,5,4,epoch-0,3,2,confidence,0.9256965923476719
citeseer,BundleSheaf,false,5,4,epoch-0,4,2,confidence,0.9364973230237336
citeseer,BundleSheaf,false,5,4,epoch-0,0,2,saliency,0.0009167525950693031
citeseer,BundleSheaf,false,5,4,epoch-0,1,2,saliency,0.6193534134658447
citeseer,BundleSheaf,false,5,4,epoch-0,2,2,saliency,0.9039947430275401
citeseer,BundleSheaf,false,5,4,epoch-0,3,2,saliency,0.9668870831309285
citeseer,BundleSheaf,false,5,4,epoch-0,4,2,saliency,0.9848232304737217
citeseer,BundleSheaf,false,5,4,epoch-0,0,2,cohens_d_train,0.010325971
citeseer,BundleSheaf,false,5,4,epoch-0,1,2,cohens_d_train,0.0748469
citeseer,BundleSheaf,false,5,4,epoch-0,2,2,cohens_d_train,0.058022868
citeseer,BundleSheaf,false,5,4,epoch-0,3,2,cohens_d_train,0.043820597
citeseer,BundleSheaf,false,5,4,epoch-0,4,2,cohens_d_train,0.041501176
citeseer,BundleSheaf,false,5,4,epoch-0,0,2,cohens_d_test,0.07806886
citeseer,BundleSheaf,false,5,4,epoch-0,1,2,cohens_d_test,0.21060835
citeseer,BundleSheaf,false,5,4,epoch-0,2,2,cohens_d_test,0.19394284
citeseer,BundleSheaf,false,5,4,epoch-0,3,2,cohens_d_test,0.17688854
citeseer,BundleSheaf,false,5,4,epoch-0,4,2,cohens_d_test,0.105472624
citeseer,BundleSheaf,false,5,4,epoch-0,0,3,degree,-0.009898810298740152
citeseer,BundleSheaf,false,5,4,epoch-0,1,3,degree,0.7982515578317434
citeseer,BundleSheaf,false,5,4,epoch-0,2,3,degree,0.8807849700817229
citeseer,BundleSheaf,false,5,4,epoch-0,3,3,degree,0.8071750079073376
citeseer,BundleSheaf,false,5,4,epoch-0,4,3,degree,0.7551409608119322
citeseer,BundleSheaf,false,5,4,epoch-0,0,3,betweenness,-0.0073397383762923785
citeseer,BundleSheaf,false,5,4,epoch-0,1,3,betweenness,0.6626401459620387
citeseer,BundleSheaf,false,5,4,epoch-0,2,3,betweenness,0.749700540453118
citeseer,BundleSheaf,false,5,4,epoch-0,3,3,betweenness,0.7061392107395216
citeseer,BundleSheaf,false,5,4,epoch-0,4,3,betweenness,0.670202093138143
citeseer,BundleSheaf,false,5,4,epoch-0,0,3,confidence,-0.002412154859997286
citeseer,BundleSheaf,false,5,4,epoch-0,1,3,confidence,0.609260158579906
citeseer,BundleSheaf,false,5,4,epoch-0,2,3,confidence,0.8913301213438856
citeseer,BundleSheaf,false,5,4,epoch-0,3,3,confidence,0.9463153727971029
citeseer,BundleSheaf,false,5,4,epoch-0,4,3,confidence,0.9581599245800757
citeseer,BundleSheaf,false,5,4,epoch-0,0,3,saliency,-0.015274517194872321
citeseer,BundleSheaf,false,5,4,epoch-0,1,3,saliency,0.6139214268467231
citeseer,BundleSheaf,false,5,4,epoch-0,2,3,saliency,0.9158554605652123
citeseer,BundleSheaf,false,5,4,epoch-0,3,3,saliency,0.9698254180981435
citeseer,BundleSheaf,false,5,4,epoch-0,4,3,saliency,0.9779848384296819
citeseer,BundleSheaf,false,5,4,epoch-0,0,3,cohens_d_train,0.005589619
citeseer,BundleSheaf,false,5,4,epoch-0,1,3,cohens_d_train,0.26480845
citeseer,BundleSheaf,false,5,4,epoch-0,2,3,cohens_d_train,0.2237497
citeseer,BundleSheaf,false,5,4,epoch-0,3,3,cohens_d_train,0.16020593
citeseer,BundleSheaf,false,5,4,epoch-0,4,3,cohens_d_train,0.1571171
citeseer,BundleSheaf,false,5,4,epoch-0,0,3,cohens_d_test,0.061381552
citeseer,BundleSheaf,false,5,4,epoch-0,1,3,cohens_d_test,0.48879445
citeseer,BundleSheaf,false,5,4,epoch-0,2,3,cohens_d_test,0.6576358
citeseer,BundleSheaf,false,5,4,epoch-0,3,3,cohens_d_test,0.85115737
citeseer,BundleSheaf,false,5,4,epoch-0,4,3,cohens_d_test,0.82898235
citeseer,BundleSheaf,false,5,4,epoch-0,0,4,degree,0.006680781454142516
citeseer,BundleSheaf,false,5,4,epoch-0,1,4,degree,0.8234107088670095
citeseer,BundleSheaf,false,5,4,epoch-0,2,4,degree,0.8784181482542478
citeseer,BundleSheaf,false,5,4,epoch-0,3,4,degree,0.8061215422963708
citeseer,BundleSheaf,false,5,4,epoch-0,4,4,degree,0.753884631629509
citeseer,BundleSheaf,false,5,4,epoch-0,0,4,betweenness,0.023316027594351318
citeseer,BundleSheaf,false,5,4,epoch-0,1,4,betweenness,0.6863593971666002
citeseer,BundleSheaf,false,5,4,epoch-0,2,4,betweenness,0.7511001631276201
citeseer,BundleSheaf,false,5,4,epoch-0,3,4,betweenness,0.7058168131647842
citeseer,BundleSheaf,false,5,4,epoch-0,4,4,betweenness,0.6690102931073256
citeseer,BundleSheaf,false,5,4,epoch-0,0,4,confidence,0.040921505044608605
citeseer,BundleSheaf,false,5,4,epoch-0,1,4,confidence,0.6225116149185566
citeseer,BundleSheaf,false,5,4,epoch-0,2,4,confidence,0.8717509683227781
citeseer,BundleSheaf,false,5,4,epoch-0,3,4,confidence,0.921689271671362
citeseer,BundleSheaf,false,5,4,epoch-0,4,4,confidence,0.9338324901778856
citeseer,BundleSheaf,false,5,4,epoch-0,0,4,saliency,0.05801671218710245
citeseer,BundleSheaf,false,5,4,epoch-0,1,4,saliency,0.5760676649724634
citeseer,BundleSheaf,false,5,4,epoch-0,2,4,saliency,0.8149147665010504
citeseer,BundleSheaf,false,5,4,epoch-0,3,4,saliency,0.8825690412884626
citeseer,BundleSheaf,false,5,4,epoch-0,4,4,saliency,0.9108150039987034
citeseer,BundleSheaf,false,5,4,epoch-0,0,4,cohens_d_train,0.1474834
citeseer,BundleSheaf,false,5,4,epoch-0,1,4,cohens_d_train,0.21059214
citeseer,BundleSheaf,false,5,4,epoch-0,2,4,cohens_d_train,0.19592774
citeseer,BundleSheaf,false,5,4,epoch-0,3,4,cohens_d_train,0.19930418
citeseer,BundleSheaf,false,5,4,epoch-0,4,4,cohens_d_train,0.2315229
citeseer,BundleSheaf,false,5,4,epoch-0,0,4,cohens_d_test,0.18314186
citeseer,BundleSheaf,false,5,4,epoch-0,1,4,cohens_d_test,0.037370797
citeseer,BundleSheaf,false,5,4,epoch-0,2,4,cohens_d_test,0.061407182
citeseer,BundleSheaf,false,5,4,epoch-0,3,4,cohens_d_test,0.10956763
citeseer,BundleSheaf,false,5,4,epoch-0,4,4,cohens_d_test,0.22463381
citeseer,BundleSheaf,false,5,4,epoch-0,0,5,degree,0.0006441616753389433
citeseer,BundleSheaf,false,5,4,epoch-0,1,5,degree,0.810361415669525
citeseer,BundleSheaf,false,5,4,epoch-0,2,5,degree,0.8777337422565497
citeseer,BundleSheaf,false,5,4,epoch-0,3,5,degree,0.805061137753378
citeseer,BundleSheaf,false,5,4,epoch-0,4,5,degree,0.7521121012074597
citeseer,BundleSheaf,false,5,4,epoch-0,0,5,betweenness,-0.0055669380461986035
citeseer,BundleSheaf,false,5,4,epoch-0,1,5,betweenness,0.6753895179786308
citeseer,BundleSheaf,false,5,4,epoch-0,2,5,betweenness,0.7496464467361382
citeseer,BundleSheaf,false,5,4,epoch-0,3,5,betweenness,0.7055245246964865
citeseer,BundleSheaf,false,5,4,epoch-0,4,5,betweenness,0.6695845961631068
citeseer,BundleSheaf,false,5,4,epoch-0,0,5,confidence,0.024424952039019267
citeseer,BundleSheaf,false,5,4,epoch-0,1,5,confidence,0.6274965791874457
citeseer,BundleSheaf,false,5,4,epoch-0,2,5,confidence,0.898090234517869
citeseer,BundleSheaf,false,5,4,epoch-0,3,5,confidence,0.9486937509157568
citeseer,BundleSheaf,false,5,4,epoch-0,4,5,confidence,0.9609254956131731
citeseer,BundleSheaf,false,5,4,epoch-0,0,5,saliency,0.02025378597963694
citeseer,BundleSheaf,false,5,4,epoch-0,1,5,saliency,0.5388768997929868
citeseer,BundleSheaf,false,5,4,epoch-0,2,5,saliency,0.8048418032145386
citeseer,BundleSheaf,false,5,4,epoch-0,3,5,saliency,0.8788686047602718
citeseer,BundleSheaf,false,5,4,epoch-0,4,5,saliency,0.9104320562948387
citeseer,BundleSheaf,false,5,4,epoch-0,0,5,cohens_d_train,0.19476688
citeseer,BundleSheaf,false,5,4,epoch-0,1,5,cohens_d_train,0.18975653
citeseer,BundleSheaf,false,5,4,epoch-0,2,5,cohens_d_train,0.10766392
citeseer,BundleSheaf,false,5,4,epoch-0,3,5,cohens_d_train,0.073090084
citeseer,BundleSheaf,false,5,4,epoch-0,4,5,cohens_d_train,0.068182655
citeseer,BundleSheaf,false,5,4,epoch-0,0,5,cohens_d_test,0.042330597
citeseer,BundleSheaf,false,5,4,epoch-0,1,5,cohens_d_test,0.22553505
citeseer,BundleSheaf,false,5,4,epoch-0,2,5,cohens_d_test,0.24556334
citeseer,BundleSheaf,false,5,4,epoch-0,3,5,cohens_d_test,0.2705547
citeseer,BundleSheaf,false,5,4,epoch-0,4,5,cohens_d_test,0.24322754
citeseer,BundleSheaf,false,5,4,epoch-0,0,6,degree,0.006986213331496114
citeseer,BundleSheaf,false,5,4,epoch-0,1,6,degree,0.8285409669493328
citeseer,BundleSheaf,false,5,4,epoch-0,2,6,degree,0.8768679311755547
citeseer,BundleSheaf,false,5,4,epoch-0,3,6,degree,0.8056421007704353
citeseer,BundleSheaf,false,5,4,epoch-0,4,6,degree,0.754609859091113
citeseer,BundleSheaf,false,5,4,epoch-0,0,6,betweenness,0.0001716942762784518
citeseer,BundleSheaf,false,5,4,epoch-0,1,6,betweenness,0.6832496680817798
citeseer,BundleSheaf,false,5,4,epoch-0,2,6,betweenness,0.7470432240361652
citeseer,BundleSheaf,false,5,4,epoch-0,3,6,betweenness,0.7043296955254744
citeseer,BundleSheaf,false,5,4,epoch-0,4,6,betweenness,0.6697466019139543
citeseer,BundleSheaf,false,5,4,epoch-0,0,6,confidence,0.028912812252206738
citeseer,BundleSheaf,false,5,4,epoch-0,1,6,confidence,0.6175193275386446
citeseer,BundleSheaf,false,5,4,epoch-0,2,6,confidence,0.8912917907892594
citeseer,BundleSheaf,false,5,4,epoch-0,3,6,confidence,0.941465311792742
citeseer,BundleSheaf,false,5,4,epoch-0,4,6,confidence,0.9529299345083861
citeseer,BundleSheaf,false,5,4,epoch-0,0,6,saliency,0.010250657423878578
citeseer,BundleSheaf,false,5,4,epoch-0,1,6,saliency,0.6137945399885456
citeseer,BundleSheaf,false,5,4,epoch-0,2,6,saliency,0.9045973955116045
citeseer,BundleSheaf,false,5,4,epoch-0,3,6,saliency,0.9636478559987621
citeseer,BundleSheaf,false,5,4,epoch-0,4,6,saliency,0.9799120493359312
citeseer,BundleSheaf,false,5,4,epoch-0,0,6,cohens_d_train,0.08880289
citeseer,BundleSheaf,false,5,4,epoch-0,1,6,cohens_d_train,0.4155759
citeseer,BundleSheaf,false,5,4,epoch-0,2,6,cohens_d_train,0.570155
citeseer,BundleSheaf,false,5,4,epoch-0,3,6,cohens_d_train,0.7968007
citeseer,BundleSheaf,false,5,4,epoch-0,4,6,cohens_d_train,0.91319555
citeseer,BundleSheaf,false,5,4,epoch-0,0,6,cohens_d_test,0.0379055
citeseer,BundleSheaf,false,5,4,epoch-0,1,6,cohens_d_test,0.12173309
citeseer,BundleSheaf,false,5,4,epoch-0,2,6,cohens_d_test,0.17002364
citeseer,BundleSheaf,false,5,4,epoch-0,3,6,cohens_d_test,0.24771585
citeseer,BundleSheaf,false,5,4,epoch-0,4,6,cohens_d_test,0.4953078
citeseer,BundleSheaf,false,5,4,epoch-0,0,7,degree,0.04129933296887036
citeseer,BundleSheaf,false,5,4,epoch-0,1,7,degree,0.8101532638037076
citeseer,BundleSheaf,false,5,4,epoch-0,2,7,degree,0.8788277158902684
citeseer,BundleSheaf,false,5,4,epoch-0,3,7,degree,0.8057445105087763
citeseer,BundleSheaf,false,5,4,epoch-0,4,7,degree,0.7545742814273755
citeseer,BundleSheaf,false,5,4,epoch-0,0,7,betweenness,0.030919824215911003
citeseer,BundleSheaf,false,5,4,epoch-0,1,7,betweenness,0.6808998516452198
citeseer,BundleSheaf,false,5,4,epoch-0,2,7,betweenness,0.7518878872849117
citeseer,BundleSheaf,false,5,4,epoch-0,3,7,betweenness,0.7063470758022028
citeseer,BundleSheaf,false,5,4,epoch-0,4,7,betweenness,0.6710254508809091
citeseer,BundleSheaf,false,5,4,epoch-0,0,7,confidence,0.07044709773799049
citeseer,BundleSheaf,false,5,4,epoch-0,1,7,confidence,0.5975260742020669
citeseer,BundleSheaf,false,5,4,epoch-0,2,7,confidence,0.8900559268723437
citeseer,BundleSheaf,false,5,4,epoch-0,3,7,confidence,0.9415616141425832
citeseer,BundleSheaf,false,5,4,epoch-0,4,7,confidence,0.9510740897063037
citeseer,BundleSheaf,false,5,4,epoch-0,0,7,saliency,0.0745028873655332
citeseer,BundleSheaf,false,5,4,epoch-0,1,7,saliency,0.6045086326408395
citeseer,BundleSheaf,false,5,4,epoch-0,2,7,saliency,0.9072626192624319
citeseer,BundleSheaf,false,5,4,epoch-0,3,7,saliency,0.9685765525215858
citeseer,BundleSheaf,false,5,4,epoch-0,4,7,saliency,0.9853147803871662
citeseer,BundleSheaf,false,5,4,epoch-0,0,7,cohens_d_train,0.06762059
citeseer,BundleSheaf,false,5,4,epoch-0,1,7,cohens_d_train,0.10870449
citeseer,BundleSheaf,false,5,4,epoch-0,2,7,cohens_d_train,0.16438134
citeseer,BundleSheaf,false,5,4,epoch-0,3,7,cohens_d_train,0.23720217
citeseer,BundleSheaf,false,5,4,epoch-0,4,7,cohens_d_train,0.3672758
citeseer,BundleSheaf,false,5,4,epoch-0,0,7,cohens_d_test,0.10760425
citeseer,BundleSheaf,false,5,4,epoch-0,1,7,cohens_d_test,0.14774252
citeseer,BundleSheaf,false,5,4,epoch-0,2,7,cohens_d_test,0.31867272
citeseer,BundleSheaf,false,5,4,epoch-0,3,7,cohens_d_test,0.72005
citeseer,BundleSheaf,false,5,4,epoch-0,4,7,cohens_d_test,0.913016
citeseer,BundleSheaf,false,5,4,epoch-0,0,8,degree,-0.006189773858045534
citeseer,BundleSheaf,false,5,4,epoch-0,1,8,degree,0.8106947510020411
citeseer,BundleSheaf,false,5,4,epoch-0,2,8,degree,0.8801943058353712
citeseer,BundleSheaf,false,5,4,epoch-0,3,8,degree,0.8073459805104466
citeseer,BundleSheaf,false,5,4,epoch-0,4,8,degree,0.7538154885060065
citeseer,BundleSheaf,false,5,4,epoch-0,0,8,betweenness,-0.01961047184316763
citeseer,BundleSheaf,false,5,4,epoch-0,1,8,betweenness,0.6660931333326078
citeseer,BundleSheaf,false,5,4,epoch-0,2,8,betweenness,0.7528101505532984
citeseer,BundleSheaf,false,5,4,epoch-0,3,8,betweenness,0.7081165456147055
citeseer,BundleSheaf,false,5,4,epoch-0,4,8,betweenness,0.6717035115764813
citeseer,BundleSheaf,false,5,4,epoch-0,0,8,confidence,-0.01371860111832283
citeseer,BundleSheaf,false,5,4,epoch-0,1,8,confidence,0.5901254004239556
citeseer,BundleSheaf,false,5,4,epoch-0,2,8,confidence,0.8946372895049143
citeseer,BundleSheaf,false,5,4,epoch-0,3,8,confidence,0.94543875217614
citeseer,BundleSheaf,false,5,4,epoch-0,4,8,confidence,0.9547120790012974
citeseer,BundleSheaf,false,5,4,epoch-0,0,8,saliency,-0.013364379805185084
citeseer,BundleSheaf,false,5,4,epoch-0,1,8,saliency,0.5899636806339534
citeseer,BundleSheaf,false,5,4,epoch-0,2,8,saliency,0.9065028794557846
citeseer,BundleSheaf,false,5,4,epoch-0,3,8,saliency,0.9675210519536181
citeseer,BundleSheaf,false,5,4,epoch-0,4,8,saliency,0.9852734608933166
citeseer,BundleSheaf,false,5,4,epoch-0,0,8,cohens_d_train,0.04428194
citeseer,BundleSheaf,false,5,4,epoch-0,1,8,cohens_d_train,0.009961546
citeseer,BundleSheaf,false,5,4,epoch-0,2,8,cohens_d_train,0.041717187
citeseer,BundleSheaf,false,5,4,epoch-0,3,8,cohens_d_train,0.0002771321
citeseer,BundleSheaf,false,5,4,epoch-0,4,8,cohens_d_train,0.038802806
citeseer,BundleSheaf,false,5,4,epoch-0,0,8,cohens_d_test,0.19030027
citeseer,BundleSheaf,false,5,4,epoch-0,1,8,cohens_d_test,0.05189593
citeseer,BundleSheaf,false,5,4,epoch-0,2,8,cohens_d_test,0.12334125
citeseer,BundleSheaf,false,5,4,epoch-0,3,8,cohens_d_test,0.084617056
citeseer,BundleSheaf,false,5,4,epoch-0,4,8,cohens_d_test,0.422096
citeseer,BundleSheaf,false,5,4,epoch-0,0,9,degree,0.008075376413882071
citeseer,BundleSheaf,false,5,4,epoch-0,1,9,degree,0.8175512711741467
citeseer,BundleSheaf,false,5,4,epoch-0,2,9,degree,0.881372287982488
citeseer,BundleSheaf,false,5,4,epoch-0,3,9,degree,0.8088373959625478
citeseer,BundleSheaf,false,5,4,epoch-0,4,9,degree,0.7564352769353383
citeseer,BundleSheaf,false,5,4,epoch-0,0,9,betweenness,0.00664999277176912
citeseer,BundleSheaf,false,5,4,epoch-0,1,9,betweenness,0.6835645334229381
citeseer,BundleSheaf,false,5,4,epoch-0,2,9,betweenness,0.7523934636712983
citeseer,BundleSheaf,false,5,4,epoch-0,3,9,betweenness,0.7068126119354411
citeseer,BundleSheaf,false,5,4,epoch-0,4,9,betweenness,0.6716032052601301
citeseer,BundleSheaf,false,5,4,epoch-0,0,9,confidence,-0.02379193370169286
citeseer,BundleSheaf,false,5,4,epoch-0,1,9,confidence,0.6174534904337673
citeseer,BundleSheaf,false,5,4,epoch-0,2,9,confidence,0.878469417606311
citeseer,BundleSheaf,false,5,4,epoch-0,3,9,confidence,0.9232162371187175
citeseer,BundleSheaf,false,5,4,epoch-0,4,9,confidence,0.9327832805703233
citeseer,BundleSheaf,false,5,4,epoch-0,0,9,saliency,-0.025276374414433547
citeseer,BundleSheaf,false,5,4,epoch-0,1,9,saliency,0.6055774750434408
citeseer,BundleSheaf,false,5,4,epoch-0,2,9,saliency,0.8954872214066922
citeseer,BundleSheaf,false,5,4,epoch-0,3,9,saliency,0.9614001867145933
citeseer,BundleSheaf,false,5,4,epoch-0,4,9,saliency,0.9836801081349976
citeseer,BundleSheaf,false,5,4,epoch-0,0,9,cohens_d_train,0.102498725
citeseer,BundleSheaf,false,5,4,epoch-0,1,9,cohens_d_train,0.1683968
citeseer,BundleSheaf,false,5,4,epoch-0,2,9,cohens_d_train,0.3006259
citeseer,BundleSheaf,false,5,4,epoch-0,3,9,cohens_d_train,0.4905786
citeseer,BundleSheaf,false,5,4,epoch-0,4,9,cohens_d_train,0.77262527
citeseer,BundleSheaf,false,5,4,epoch-0,0,9,cohens_d_test,0.0090410365
citeseer,BundleSheaf,false,5,4,epoch-0,1,9,cohens_d_test,0.0982099
citeseer,BundleSheaf,false,5,4,epoch-0,2,9,cohens_d_test,0.3027486
citeseer,BundleSheaf,false,5,4,epoch-0,3,9,cohens_d_test,0.66858226
citeseer,BundleSheaf,false,5,4,epoch-0,4,9,cohens_d_test,0.8217594
citeseer,BundleSheaf,false,5,4,epoch-1,0,0,degree,0.05034619895418453
citeseer,BundleSheaf,false,5,4,epoch-1,1,0,degree,0.7972846275522372
citeseer,BundleSheaf,false,5,4,epoch-1,2,0,degree,0.850578036888508
citeseer,BundleSheaf,false,5,4,epoch-1,3,0,degree,0.7861684748389519
citeseer,BundleSheaf,false,5,4,epoch-1,4,0,degree,0.7395969615803847
citeseer,BundleSheaf,false,5,4,epoch-1,0,0,betweenness,0.05833322020604912
citeseer,BundleSheaf,false,5,4,epoch-1,1,0,betweenness,0.6803360675549072
citeseer,BundleSheaf,false,5,4,epoch-1,2,0,betweenness,0.7311814814027138
citeseer,BundleSheaf,false,5,4,epoch-1,3,0,betweenness,0.6904073001671235
citeseer,BundleSheaf,false,5,4,epoch-1,4,0,betweenness,0.6577461406564403
citeseer,BundleSheaf,false,5,4,epoch-1,0,0,confidence,0.14721767718582196
citeseer,BundleSheaf,false,5,4,epoch-1,1,0,confidence,0.684408648420867
citeseer,BundleSheaf,false,5,4,epoch-1,2,0,confidence,0.8992931107927391
citeseer,BundleSheaf,false,5,4,epoch-1,3,0,confidence,0.9452690991265918
citeseer,BundleSheaf,false,5,4,epoch-1,4,0,confidence,0.9567525365870913
citeseer,BundleSheaf,false,5,4,epoch-1,0,0,saliency,0.16723219826266822
citeseer,BundleSheaf,false,5,4,epoch-1,1,0,saliency,0.7085294646045225
citeseer,BundleSheaf,false,5,4,epoch-1,2,0,saliency,0.9333702549881128
citeseer,BundleSheaf,false,5,4,epoch-1,3,0,saliency,0.9790595529686145
citeseer,BundleSheaf,false,5,4,epoch-1,4,0,saliency,0.9875778922118983
citeseer,BundleSheaf,false,5,4,epoch-1,0,0,cohens_d_train,0.21017125
citeseer,BundleSheaf,false,5,4,epoch-1,1,0,cohens_d_train,0.24890262
citeseer,BundleSheaf,false,5,4,epoch-1,2,0,cohens_d_train,0.48961702
citeseer,BundleSheaf,false,5,4,epoch-1,3,0,cohens_d_train,0.7806047
citeseer,BundleSheaf,false,5,4,epoch-1,4,0,cohens_d_train,0.9685407
citeseer,BundleSheaf,false,5,4,epoch-1,0,0,cohens_d_test,0.07515492
citeseer,BundleSheaf,false,5,4,epoch-1,1,0,cohens_d_test,0.02420034
citeseer,BundleSheaf,false,5,4,epoch-1,2,0,cohens_d_test,0.00250657
citeseer,BundleSheaf,false,5,4,epoch-1,3,0,cohens_d_test,0.0110523775
citeseer,BundleSheaf,false,5,4,epoch-1,4,0,cohens_d_test,0.0033190243
citeseer,BundleSheaf,false,5,4,epoch-1,0,1,degree,0.023390940997482436
citeseer,BundleSheaf,false,5,4,epoch-1,1,1,degree,0.8157336028972477
citeseer,BundleSheaf,false,5,4,epoch-1,2,1,degree,0.8519626676439789
citeseer,BundleSheaf,false,5,4,epoch-1,3,1,degree,0.7871466584776943
citeseer,BundleSheaf,false,5,4,epoch-1,4,1,degree,0.7397226281673295
citeseer,BundleSheaf,false,5,4,epoch-1,0,1,betweenness,0.01716519264899715
citeseer,BundleSheaf,false,5,4,epoch-1,1,1,betweenness,0.6895034456160288
citeseer,BundleSheaf,false,5,4,epoch-1,2,1,betweenness,0.7347975209680324
citeseer,BundleSheaf,false,5,4,epoch-1,3,1,betweenness,0.6943349858667012
citeseer,BundleSheaf,false,5,4,epoch-1,4,1,betweenness,0.6590236645496889
citeseer,BundleSheaf,false,5,4,epoch-1,0,1,confidence,0.11636902884110617
citeseer,BundleSheaf,false,5,4,epoch-1,1,1,confidence,0.7187489071462968
citeseer,BundleSheaf,false,5,4,epoch-1,2,1,confidence,0.901365202394642
citeseer,BundleSheaf,false,5,4,epoch-1,3,1,confidence,0.9436896106579002
citeseer,BundleSheaf,false,5,4,epoch-1,4,1,confidence,0.9521778498852593
citeseer,BundleSheaf,false,5,4,epoch-1,0,1,saliency,0.10120162536018831
citeseer,BundleSheaf,false,5,4,epoch-1,1,1,saliency,0.7145326667025615
citeseer,BundleSheaf,false,5,4,epoch-1,2,1,saliency,0.9247705249413766
citeseer,BundleSheaf,false,5,4,epoch-1,3,1,saliency,0.9736897596397851
citeseer,BundleSheaf,false,5,4,epoch-1,4,1,saliency,0.9846803214764142
citeseer,BundleSheaf,false,5,4,epoch-1,0,1,cohens_d_train,0.05362338
citeseer,BundleSheaf,false,5,4,epoch-1,1,1,cohens_d_train,0.006687638
citeseer,BundleSheaf,false,5,4,epoch-1,2,1,cohens_d_train,0.03829676
citeseer,BundleSheaf,false,5,4,epoch-1,3,1,cohens_d_train,0.06254985
citeseer,BundleSheaf,false,5,4,epoch-1,4,1,cohens_d_train,0.13246004
citeseer,BundleSheaf,false,5,4,epoch-1,0,1,cohens_d_test,0.16703196
citeseer,BundleSheaf,false,5,4,epoch-1,1,1,cohens_d_test,0.24820827
citeseer,BundleSheaf,false,5,4,epoch-1,2,1,cohens_d_test,0.22984996
citeseer,BundleSheaf,false,5,4,epoch-1,3,1,cohens_d_test,0.14723489
citeseer,BundleSheaf,false,5,4,epoch-1,4,1,cohens_d_test,0.047136888
citeseer,BundleSheaf,false,5,4,epoch-1,0,2,degree,0.05076518434486407
citeseer,BundleSheaf,false,5,4,epoch-1,1,2,degree,0.7885897690788328
citeseer,BundleSheaf,false,5,4,epoch-1,2,2,degree,0.851062738871311
citeseer,BundleSheaf,false,5,4,epoch-1,3,2,degree,0.7855268643781992
citeseer,BundleSheaf,false,5,4,epoch-1,4,2,degree,0.7434187906486279
citeseer,BundleSheaf,false,5,4,epoch-1,0,2,betweenness,0.05788868734934746
citeseer,BundleSheaf,false,5,4,epoch-1,1,2,betweenness,0.6654058032610596
citeseer,BundleSheaf,false,5,4,epoch-1,2,2,betweenness,0.7319556658113732
citeseer,BundleSheaf,false,5,4,epoch-1,3,2,betweenness,0.6904475044040941
citeseer,BundleSheaf,false,5,4,epoch-1,4,2,betweenness,0.6610035260453963
citeseer,BundleSheaf,false,5,4,epoch-1,0,2,confidence,0.13466347504173498
citeseer,BundleSheaf,false,5,4,epoch-1,1,2,confidence,0.6936463142098077
citeseer,BundleSheaf,false,5,4,epoch-1,2,2,confidence,0.9094209095856374
citeseer,BundleSheaf,false,5,4,epoch-1,3,2,confidence,0.9534446702451576
citeseer,BundleSheaf,false,5,4,epoch-1,4,2,confidence,0.9586774106712479
citeseer,BundleSheaf,false,5,4,epoch-1,0,2,saliency,0.14717015814610407
citeseer,BundleSheaf,false,5,4,epoch-1,1,2,saliency,0.6898349916302482
citeseer,BundleSheaf,false,5,4,epoch-1,2,2,saliency,0.9221269133143348
citeseer,BundleSheaf,false,5,4,epoch-1,3,2,saliency,0.9749037488358646
citeseer,BundleSheaf,false,5,4,epoch-1,4,2,saliency,0.9852305187322612
citeseer,BundleSheaf,false,5,4,epoch-1,0,2,cohens_d_train,0.07485059
citeseer,BundleSheaf,false,5,4,epoch-1,1,2,cohens_d_train,0.064540975
citeseer,BundleSheaf,false,5,4,epoch-1,2,2,cohens_d_train,0.05116667
citeseer,BundleSheaf,false,5,4,epoch-1,3,2,cohens_d_train,0.041819103
citeseer,BundleSheaf,false,5,4,epoch-1,4,2,cohens_d_train,0.040610146
citeseer,BundleSheaf,false,5,4,epoch-1,0,2,cohens_d_test,0.21228395
citeseer,BundleSheaf,false,5,4,epoch-1,1,2,cohens_d_test,0.07513712
citeseer,BundleSheaf,false,5,4,epoch-1,2,2,cohens_d_test,0.0812503
citeseer,BundleSheaf,false,5,4,epoch-1,3,2,cohens_d_test,0.10232046
citeseer,BundleSheaf,false,5,4,epoch-1,4,2,cohens_d_test,0.1253047
citeseer,BundleSheaf,false,5,4,epoch-1,0,3,degree,0.10121592044071426
citeseer,BundleSheaf,false,5,4,epoch-1,1,3,degree,0.792176939095571
citeseer,BundleSheaf,false,5,4,epoch-1,2,3,degree,0.8477505616080557
citeseer,BundleSheaf,false,5,4,epoch-1,3,3,degree,0.7861848984453509
citeseer,BundleSheaf,false,5,4,epoch-1,4,3,degree,0.7410175303724118
citeseer,BundleSheaf,false,5,4,epoch-1,0,3,betweenness,0.09279837153072079
citeseer,BundleSheaf,false,5,4,epoch-1,1,3,betweenness,0.672506468142417
citeseer,BundleSheaf,false,5,4,epoch-1,2,3,betweenness,0.7285979463053462
citeseer,BundleSheaf,false,5,4,epoch-1,3,3,betweenness,0.6919594430197117
citeseer,BundleSheaf,false,5,4,epoch-1,4,3,betweenness,0.6598017923805046
citeseer,BundleSheaf,false,5,4,epoch-1,0,3,confidence,0.23011263663008424
citeseer,BundleSheaf,false,5,4,epoch-1,1,3,confidence,0.7187338467150721
citeseer,BundleSheaf,false,5,4,epoch-1,2,3,confidence,0.9152014181604529
citeseer,BundleSheaf,false,5,4,epoch-1,3,3,confidence,0.9531948923854558
citeseer,BundleSheaf,false,5,4,epoch-1,4,3,confidence,0.9616703218776212
citeseer,BundleSheaf,false,5,4,epoch-1,0,3,saliency,0.2408357075788712
citeseer,BundleSheaf,false,5,4,epoch-1,1,3,saliency,0.7148938103372049
citeseer,BundleSheaf,false,5,4,epoch-1,2,3,saliency,0.9232917872084955
citeseer,BundleSheaf,false,5,4,epoch-1,3,3,saliency,0.9703554130634454
citeseer,BundleSheaf,false,5,4,epoch-1,4,3,saliency,0.9828737624481717
citeseer,BundleSheaf,false,5,4,epoch-1,0,3,cohens_d_train,0.036353678
citeseer,BundleSheaf,false,5,4,epoch-1,1,3,cohens_d_train,0.061134253
citeseer,BundleSheaf,false,5,4,epoch-1,2,3,cohens_d_train,0.06475756
citeseer,BundleSheaf,false,5,4,epoch-1,3,3,cohens_d_train,0.049871683
citeseer,BundleSheaf,false,5,4,epoch-1,4,3,cohens_d_train,0.04899625
citeseer,BundleSheaf,false,5,4,epoch-1,0,3,cohens_d_test,0.15043637
citeseer,BundleSheaf,false,5,4,epoch-1,1,3,cohens_d_test,0.035883717
citeseer,BundleSheaf,false,5,4,epoch-1,2,3,cohens_d_test,0.068694696
citeseer,BundleSheaf,false,5,4,epoch-1,3,3,cohens_d_test,0.15742573
citeseer,BundleSheaf,false,5,4,epoch-1,4,3,cohens_d_test,0.21362703
citeseer,BundleSheaf,false,5,4,epoch-1,0,4,degree,0.05570212119816472
citeseer,BundleSheaf,false,5,4,epoch-1,1,4,degree,0.7534345180083938
citeseer,BundleSheaf,false,5,4,epoch-1,2,4,degree,0.8521345176593181
citeseer,BundleSheaf,false,5,4,epoch-1,3,4,degree,0.7862354476373125
citeseer,BundleSheaf,false,5,4,epoch-1,4,4,degree,0.7402062812201652
citeseer,BundleSheaf,false,5,4,epoch-1,0,4,betweenness,0.07028360266920289
citeseer,BundleSheaf,false,5,4,epoch-1,1,4,betweenness,0.6404560820418135
citeseer,BundleSheaf,false,5,4,epoch-1,2,4,betweenness,0.7372391827650004
citeseer,BundleSheaf,false,5,4,epoch-1,3,4,betweenness,0.693416075512509
citeseer,BundleSheaf,false,5,4,epoch-1,4,4,betweenness,0.6599089330577218
citeseer,BundleSheaf,false,5,4,epoch-1,0,4,confidence,0.17642088628926453
citeseer,BundleSheaf,false,5,4,epoch-1,1,4,confidence,0.6731330966873583
citeseer,BundleSheaf,false,5,4,epoch-1,2,4,confidence,0.896767141102116
citeseer,BundleSheaf,false,5,4,epoch-1,3,4,confidence,0.9370923123244892
citeseer,BundleSheaf,false,5,4,epoch-1,4,4,confidence,0.9451123392536928
citeseer,BundleSheaf,false,5,4,epoch-1,0,4,saliency,0.2028410508360855
citeseer,BundleSheaf,false,5,4,epoch-1,1,4,saliency,0.6289263206413332
citeseer,BundleSheaf,false,5,4,epoch-1,2,4,saliency,0.8443272714304105
citeseer,BundleSheaf,false,5,4,epoch-1,3,4,saliency,0.8995315488389187
citeseer,BundleSheaf,false,5,4,epoch-1,4,4,saliency,0.9159111963881531
citeseer,BundleSheaf,false,5,4,epoch-1,0,4,cohens_d_train,0.12442227
citeseer,BundleSheaf,false,5,4,epoch-1,1,4,cohens_d_train,0.10190582
citeseer,BundleSheaf,false,5,4,epoch-1,2,4,cohens_d_train,0.018262163
citeseer,BundleSheaf,false,5,4,epoch-1,3,4,cohens_d_train,0.1427546
citeseer,BundleSheaf,false,5,4,epoch-1,4,4,cohens_d_train,0.20852074
citeseer,BundleSheaf,false,5,4,epoch-1,0,4,cohens_d_test,0.049930073
citeseer,BundleSheaf,false,5,4,epoch-1,1,4,cohens_d_test,0.1026178
citeseer,BundleSheaf,false,5,4,epoch-1,2,4,cohens_d_test,0.21023062
citeseer,BundleSheaf,false,5,4,epoch-1,3,4,cohens_d_test,0.30852404
citeseer,BundleSheaf,false,5,4,epoch-1,4,4,cohens_d_test,0.3065502
citeseer,BundleSheaf,false,5,4,epoch-1,0,5,degree,0.11922809690863641
citeseer,BundleSheaf,false,5,4,epoch-1,1,5,degree,0.7836087124932958
citeseer,BundleSheaf,false,5,4,epoch-1,2,5,degree,0.8505455261052796
citeseer,BundleSheaf,false,5,4,epoch-1,3,5,degree,0.7869860675686886
citeseer,BundleSheaf,false,5,4,epoch-1,4,5,degree,0.7398342158185849
citeseer,BundleSheaf,false,5,4,epoch-1,0,5,betweenness,0.1065150272730651
citeseer,BundleSheaf,false,5,4,epoch-1,1,5,betweenness,0.6748779810665534
citeseer,BundleSheaf,false,5,4,epoch-1,2,5,betweenness,0.7358571547053822
citeseer,BundleSheaf,false,5,4,epoch-1,3,5,betweenness,0.6954307478180615
citeseer,BundleSheaf,false,5,4,epoch-1,4,5,betweenness,0.6611716893285832
citeseer,BundleSheaf,false,5,4,epoch-1,0,5,confidence,0.24655514578989715
citeseer,BundleSheaf,false,5,4,epoch-1,1,5,confidence,0.7042909867827033
citeseer,BundleSheaf,false,5,4,epoch-1,2,5,confidence,0.9142002383842458
citeseer,BundleSheaf,false,5,4,epoch-1,3,5,confidence,0.95237045443555
citeseer,BundleSheaf,false,5,4,epoch-1,4,5,confidence,0.9611620404682796
citeseer,BundleSheaf,false,5,4,epoch-1,0,5,saliency,0.2538930952353357
citeseer,BundleSheaf,false,5,4,epoch-1,1,5,saliency,0.6375397728359898
citeseer,BundleSheaf,false,5,4,epoch-1,2,5,saliency,0.8398642260162382
citeseer,BundleSheaf,false,5,4,epoch-1,3,5,saliency,0.8982976608925106
citeseer,BundleSheaf,false,5,4,epoch-1,4,5,saliency,0.9164103555993153
citeseer,BundleSheaf,false,5,4,epoch-1,0,5,cohens_d_train,0.16508038
citeseer,BundleSheaf,false,5,4,epoch-1,1,5,cohens_d_train,0.111595705
citeseer,BundleSheaf,false,5,4,epoch-1,2,5,cohens_d_train,0.15092249
citeseer,BundleSheaf,false,5,4,epoch-1,3,5,cohens_d_train,0.14951763
citeseer,BundleSheaf,false,5,4,epoch-1,4,5,cohens_d_train,0.13304342
citeseer,BundleSheaf,false,5,4,epoch-1,0,5,cohens_d_test,0.097571276
citeseer,BundleSheaf,false,5,4,epoch-1,1,5,cohens_d_test,0.11729144
citeseer,BundleSheaf,false,5,4,epoch-1,2,5,cohens_d_test,0.13689668
citeseer,BundleSheaf,false,5,4,epoch-1,3,5,cohens_d_test,0.11728823
citeseer,BundleSheaf,false,5,4,epoch-1,4,5,cohens_d_test,0.0065021077
citeseer,BundleSheaf,false,5,4,epoch-1,0,6,degree,0.11493174556634088
citeseer,BundleSheaf,false,5,4,epoch-1,1,6,degree,0.8244801191684604
citeseer,BundleSheaf,false,5,4,epoch-1,2,6,degree,0.8509799049473844
citeseer,BundleSheaf,false,5,4,epoch-1,3,6,degree,0.786299939528462
citeseer,BundleSheaf,false,5,4,epoch-1,4,6,degree,0.7441217743073392
citeseer,BundleSheaf,false,5,4,epoch-1,0,6,betweenness,0.0879343135238951
citeseer,BundleSheaf,false,5,4,epoch-1,1,6,betweenness,0.6982938441835652
citeseer,BundleSheaf,false,5,4,epoch-1,2,6,betweenness,0.7317921553569249
citeseer,BundleSheaf,false,5,4,epoch-1,3,6,betweenness,0.6907156161846104
citeseer,BundleSheaf,false,5,4,epoch-1,4,6,betweenness,0.660922301380751
citeseer,BundleSheaf,false,5,4,epoch-1,0,6,confidence,0.1949371710855656
citeseer,BundleSheaf,false,5,4,epoch-1,1,6,confidence,0.7266583548851
citeseer,BundleSheaf,false,5,4,epoch-1,2,6,confidence,0.9140542212507139
citeseer,BundleSheaf,false,5,4,epoch-1,3,6,confidence,0.9502377008930372
citeseer,BundleSheaf,false,5,4,epoch-1,4,6,confidence,0.9541384778804505
citeseer,BundleSheaf,false,5,4,epoch-1,0,6,saliency,0.18779525887309245
citeseer,BundleSheaf,false,5,4,epoch-1,1,6,saliency,0.7228350196338175
citeseer,BundleSheaf,false,5,4,epoch-1,2,6,saliency,0.9309552647277073
citeseer,BundleSheaf,false,5,4,epoch-1,3,6,saliency,0.978562511522091
citeseer,BundleSheaf,false,5,4,epoch-1,4,6,saliency,0.986702636089541
citeseer,BundleSheaf,false,5,4,epoch-1,0,6,cohens_d_train,0.13804753
citeseer,BundleSheaf,false,5,4,epoch-1,1,6,cohens_d_train,0.3011682
citeseer,BundleSheaf,false,5,4,epoch-1,2,6,cohens_d_train,0.2717875
citeseer,BundleSheaf,false,5,4,epoch-1,3,6,cohens_d_train,0.2606008
citeseer,BundleSheaf,false,5,4,epoch-1,4,6,cohens_d_train,0.25544393
citeseer,BundleSheaf,false,5,4,epoch-1,0,6,cohens_d_test,0.09688349
citeseer,BundleSheaf,false,5,4,epoch-1,1,6,cohens_d_test,0.059072252
citeseer,BundleSheaf,false,5,4,epoch-1,2,6,cohens_d_test,0.01911434
citeseer,BundleSheaf,false,5,4,epoch-1,3,6,cohens_d_test,0.022571871
citeseer,BundleSheaf,false,5,4,epoch-1,4,6,cohens_d_test,0.057343766
citeseer,BundleSheaf,false,5,4,epoch-1,0,7,degree,0.10621525232497277
citeseer,BundleSheaf,false,5,4,epoch-1,1,7,degree,0.8058900270220472
citeseer,BundleSheaf,false,5,4,epoch-1,2,7,degree,0.8481633311160436
citeseer,BundleSheaf,false,5,4,epoch-1,3,7,degree,0.7828993533062523
citeseer,BundleSheaf,false,5,4,epoch-1,4,7,degree,0.739283231431935
citeseer,BundleSheaf,false,5,4,epoch-1,0,7,betweenness,0.10394680788049279
citeseer,BundleSheaf,false,5,4,epoch-1,1,7,betweenness,0.6838358553684343
citeseer,BundleSheaf,false,5,4,epoch-1,2,7,betweenness,0.7309548006059428
citeseer,BundleSheaf,false,5,4,epoch-1,3,7,betweenness,0.6890749171544925
citeseer,BundleSheaf,false,5,4,epoch-1,4,7,betweenness,0.6576064060357697
citeseer,BundleSheaf,false,5,4,epoch-1,0,7,confidence,0.22721189812075454
citeseer,BundleSheaf,false,5,4,epoch-1,1,7,confidence,0.7019950341773938
citeseer,BundleSheaf,false,5,4,epoch-1,2,7,confidence,0.9008464404011286
citeseer,BundleSheaf,false,5,4,epoch-1,3,7,confidence,0.942757905792773
citeseer,BundleSheaf,false,5,4,epoch-1,4,7,confidence,0.953016774465891
citeseer,BundleSheaf,false,5,4,epoch-1,0,7,saliency,0.2270239623113528
citeseer,BundleSheaf,false,5,4,epoch-1,1,7,saliency,0.7176980938448214
citeseer,BundleSheaf,false,5,4,epoch-1,2,7,saliency,0.9310811481059196
citeseer,BundleSheaf,false,5,4,epoch-1,3,7,saliency,0.9795408565709092
citeseer,BundleSheaf,false,5,4,epoch-1,4,7,saliency,0.9873684095611376
citeseer,BundleSheaf,false,5,4,epoch-1,0,7,cohens_d_train,0.24496396
citeseer,BundleSheaf,false,5,4,epoch-1,1,7,cohens_d_train,0.21481697
citeseer,BundleSheaf,false,5,4,epoch-1,2,7,cohens_d_train,0.30531693
citeseer,BundleSheaf,false,5,4,epoch-1,3,7,cohens_d_train,0.39129356
citeseer,BundleSheaf,false,5,4,epoch-1,4,7,cohens_d_train,0.58672446
citeseer,BundleSheaf,false,5,4,epoch-1,0,7,cohens_d_test,0.3206939
citeseer,BundleSheaf,false,5,4,epoch-1,1,7,cohens_d_test,0.22078711
citeseer,BundleSheaf,false,5,4,epoch-1,2,7,cohens_d_test,0.51209825
citeseer,BundleSheaf,false,5,4,epoch-1,3,7,cohens_d_test,0.75008607
citeseer,BundleSheaf,false,5,4,epoch-1,4,7,cohens_d_test,0.7977761
citeseer,BundleSheaf,false,5,4,epoch-1,0,8,degree,0.08963122360164287
citeseer,BundleSheaf,false,5,4,epoch-1,1,8,degree,0.8043080587488447
citeseer,BundleSheaf,false,5,4,epoch-1,2,8,degree,0.851759488082788
citeseer,BundleSheaf,false,5,4,epoch-1,3,8,degree,0.7861109965824357
citeseer,BundleSheaf,false,5,4,epoch-1,4,8,degree,0.7405214063249914
citeseer,BundleSheaf,false,5,4,epoch-1,0,8,betweenness,0.074643409947861
citeseer,BundleSheaf,false,5,4,epoch-1,1,8,betweenness,0.6849918957219152
citeseer,BundleSheaf,false,5,4,epoch-1,2,8,betweenness,0.7329604482518396
citeseer,BundleSheaf,false,5,4,epoch-1,3,8,betweenness,0.6915956894007524
citeseer,BundleSheaf,false,5,4,epoch-1,4,8,betweenness,0.6599778384834065
citeseer,BundleSheaf,false,5,4,epoch-1,0,8,confidence,0.16992575710724472
citeseer,BundleSheaf,false,5,4,epoch-1,1,8,confidence,0.6816464392506154
citeseer,BundleSheaf,false,5,4,epoch-1,2,8,confidence,0.8976533372601164
citeseer,BundleSheaf,false,5,4,epoch-1,3,8,confidence,0.9451435225050494
citeseer,BundleSheaf,false,5,4,epoch-1,4,8,confidence,0.9559986071726283
citeseer,BundleSheaf,false,5,4,epoch-1,0,8,saliency,0.16527143768116867
citeseer,BundleSheaf,false,5,4,epoch-1,1,8,saliency,0.7053097792545246
citeseer,BundleSheaf,false,5,4,epoch-1,2,8,saliency,0.9267400615040755
citeseer,BundleSheaf,false,5,4,epoch-1,3,8,saliency,0.9759610191898976
citeseer,BundleSheaf,false,5,4,epoch-1,4,8,saliency,0.986475230902661
citeseer,BundleSheaf,false,5,4,epoch-1,0,8,cohens_d_train,0.041839704
citeseer,BundleSheaf,false,5,4,epoch-1,1,8,cohens_d_train,0.11602091
citeseer,BundleSheaf,false,5,4,epoch-1,2,8,cohens_d_train,0.11274553
citeseer,BundleSheaf,false,5,4,epoch-1,3,8,cohens_d_train,0.119994216
citeseer,BundleSheaf,false,5,4,epoch-1,4,8,cohens_d_train,0.11351595
citeseer,BundleSheaf,false,5,4,epoch-1,0,8,cohens_d_test,0.07689752
citeseer,BundleSheaf,false,5,4,epoch-1,1,8,cohens_d_test,0.114681594
citeseer,BundleSheaf,false,5,4,epoch-1,2,8,cohens_d_test,0.11769242
citeseer,BundleSheaf,false,5,4,epoch-1,3,8,cohens_d_test,0.09566812
citeseer,BundleSheaf,false,5,4,epoch-1,4,8,cohens_d_test,0.16965927
citeseer,BundleSheaf,false,5,4,epoch-1,0,9,degree,0.12190801246592624
citeseer,BundleSheaf,false,5,4,epoch-1,1,9,degree,0.8230601228834984
citeseer,BundleSheaf,false,5,4,epoch-1,2,9,degree,0.8487575412148044
citeseer,BundleSheaf,false,5,4,epoch-1,3,9,degree,0.7835412313648616
citeseer,BundleSheaf,false,5,4,epoch-1,4,9,degree,0.7394422473735375
citeseer,BundleSheaf,false,5,4,epoch-1,0,9,betweenness,0.09249147274452323
citeseer,BundleSheaf,false,5,4,epoch-1,1,9,betweenness,0.6937263323682834
citeseer,BundleSheaf,false,5,4,epoch-1,2,9,betweenness,0.7303956405867148
citeseer,BundleSheaf,false,5,4,epoch-1,3,9,betweenness,0.6887208648501679
citeseer,BundleSheaf,false,5,4,epoch-1,4,9,betweenness,0.6575120676035487
citeseer,BundleSheaf,false,5,4,epoch-1,0,9,confidence,0.16556981862528652
citeseer,BundleSheaf,false,5,4,epoch-1,1,9,confidence,0.7102738618461762
citeseer,BundleSheaf,false,5,4,epoch-1,2,9,confidence,0.8997112158725025
citeseer,BundleSheaf,false,5,4,epoch-1,3,9,confidence,0.9384996134841921
citeseer,BundleSheaf,false,5,4,epoch-1,4,9,confidence,0.9441949273288435
citeseer,BundleSheaf,false,5,4,epoch-1,0,9,saliency,0.17102900618294117
citeseer,BundleSheaf,false,5,4,epoch-1,1,9,saliency,0.7178617064932513
citeseer,BundleSheaf,false,5,4,epoch-1,2,9,saliency,0.9335090456771167
citeseer,BundleSheaf,false,5,4,epoch-1,3,9,saliency,0.9801148633115343
citeseer,BundleSheaf,false,5,4,epoch-1,4,9,saliency,0.9873125575520202
citeseer,BundleSheaf,false,5,4,epoch-1,0,9,cohens_d_train,0.30994233
citeseer,BundleSheaf,false,5,4,epoch-1,1,9,cohens_d_train,0.3290232
citeseer,BundleSheaf,false,5,4,epoch-1,2,9,cohens_d_train,0.4171166
citeseer,BundleSheaf,false,5,4,epoch-1,3,9,cohens_d_train,0.4867657
citeseer,BundleSheaf,false,5,4,epoch-1,4,9,cohens_d_train,0.64600426
citeseer,BundleSheaf,false,5,4,epoch-1,0,9,cohens_d_test,0.347347
citeseer,BundleSheaf,false,5,4,epoch-1,1,9,cohens_d_test,0.54493344
citeseer,BundleSheaf,false,5,4,epoch-1,2,9,cohens_d_test,0.8393506
citeseer,BundleSheaf,false,5,4,epoch-1,3,9,cohens_d_test,1.0254688
citeseer,BundleSheaf,false,5,4,epoch-1,4,9,cohens_d_test,1.0512899
citeseer,BundleSheaf,false,5,4,epoch-5,0,0,degree,0.11027528223340756
citeseer,BundleSheaf,false,5,4,epoch-5,1,0,degree,0.7688530729597413
citeseer,BundleSheaf,false,5,4,epoch-5,2,0,degree,0.833871686277662
citeseer,BundleSheaf,false,5,4,epoch-5,3,0,degree,0.7778447887181013
citeseer,BundleSheaf,false,5,4,epoch-5,4,0,degree,0.7327920276027767
citeseer,BundleSheaf,false,5,4,epoch-5,0,0,betweenness,0.09728278289180176
citeseer,BundleSheaf,false,5,4,epoch-5,1,0,betweenness,0.6624808156176877
citeseer,BundleSheaf,false,5,4,epoch-5,2,0,betweenness,0.7203054194529042
citeseer,BundleSheaf,false,5,4,epoch-5,3,0,betweenness,0.6837310636136431
citeseer,BundleSheaf,false,5,4,epoch-5,4,0,betweenness,0.6509176849373274
citeseer,BundleSheaf,false,5,4,epoch-5,0,0,confidence,0.24228730882461189
citeseer,BundleSheaf,false,5,4,epoch-5,1,0,confidence,0.7267460273216869
citeseer,BundleSheaf,false,5,4,epoch-5,2,0,confidence,0.9210515010024661
citeseer,BundleSheaf,false,5,4,epoch-5,3,0,confidence,0.963017028912684
citeseer,BundleSheaf,false,5,4,epoch-5,4,0,confidence,0.972316630905553
citeseer,BundleSheaf,false,5,4,epoch-5,0,0,saliency,0.23589330141237855
citeseer,BundleSheaf,false,5,4,epoch-5,1,0,saliency,0.7336382830800654
citeseer,BundleSheaf,false,5,4,epoch-5,2,0,saliency,0.9386572031677458
citeseer,BundleSheaf,false,5,4,epoch-5,3,0,saliency,0.976092682249906
citeseer,BundleSheaf,false,5,4,epoch-5,4,0,saliency,0.9786152066582896
citeseer,BundleSheaf,false,5,4,epoch-5,0,0,cohens_d_train,0.48764706
citeseer,BundleSheaf,false,5,4,epoch-5,1,0,cohens_d_train,0.4607556
citeseer,BundleSheaf,false,5,4,epoch-5,2,0,cohens_d_train,0.644553
citeseer,BundleSheaf,false,5,4,epoch-5,3,0,cohens_d_train,0.7765993
citeseer,BundleSheaf,false,5,4,epoch-5,4,0,cohens_d_train,0.77024156
citeseer,BundleSheaf,false,5,4,epoch-5,0,0,cohens_d_test,0.4692293
citeseer,BundleSheaf,false,5,4,epoch-5,1,0,cohens_d_test,0.2573405
citeseer,BundleSheaf,false,5,4,epoch-5,2,0,cohens_d_test,0.22959845
citeseer,BundleSheaf,false,5,4,epoch-5,3,0,cohens_d_test,0.22413926
citeseer,BundleSheaf,false,5,4,epoch-5,4,0,cohens_d_test,0.23655063
citeseer,BundleSheaf,false,5,4,epoch-5,0,1,degree,0.08901116723490476
citeseer,BundleSheaf,false,5,4,epoch-5,1,1,degree,0.7805240649796674
citeseer,BundleSheaf,false,5,4,epoch-5,2,1,degree,0.8357578809806572
citeseer,BundleSheaf,false,5,4,epoch-5,3,1,degree,0.7810174941893251
citeseer,BundleSheaf,false,5,4,epoch-5,4,1,degree,0.7342132831443506
citeseer,BundleSheaf,false,5,4,epoch-5,0,1,betweenness,0.09209902130331526
citeseer,BundleSheaf,false,5,4,epoch-5,1,1,betweenness,0.6752974819845542
citeseer,BundleSheaf,false,5,4,epoch-5,2,1,betweenness,0.7242274639666922
citeseer,BundleSheaf,false,5,4,epoch-5,3,1,betweenness,0.6871466978960354
citeseer,BundleSheaf,false,5,4,epoch-5,4,1,betweenness,0.6523050774359845
citeseer,BundleSheaf,false,5,4,epoch-5,0,1,confidence,0.23167877805805603
citeseer,BundleSheaf,false,5,4,epoch-5,1,1,confidence,0.7226253788783188
citeseer,BundleSheaf,false,5,4,epoch-5,2,1,confidence,0.9064264288734917
citeseer,BundleSheaf,false,5,4,epoch-5,3,1,confidence,0.9464248296836206
citeseer,BundleSheaf,false,5,4,epoch-5,4,1,confidence,0.9558407290773185
citeseer,BundleSheaf,false,5,4,epoch-5,0,1,saliency,0.2486225273425678
citeseer,BundleSheaf,false,5,4,epoch-5,1,1,saliency,0.7440750338688032
citeseer,BundleSheaf,false,5,4,epoch-5,2,1,saliency,0.9334024532063693
citeseer,BundleSheaf,false,5,4,epoch-5,3,1,saliency,0.9758631986727934
citeseer,BundleSheaf,false,5,4,epoch-5,4,1,saliency,0.9848457178973781
citeseer,BundleSheaf,false,5,4,epoch-5,0,1,cohens_d_train,0.11400428
citeseer,BundleSheaf,false,5,4,epoch-5,1,1,cohens_d_train,0.031022286
citeseer,BundleSheaf,false,5,4,epoch-5,2,1,cohens_d_train,0.062220108
citeseer,BundleSheaf,false,5,4,epoch-5,3,1,cohens_d_train,0.09145573
citeseer,BundleSheaf,false,5,4,epoch-5,4,1,cohens_d_train,0.157265
citeseer,BundleSheaf,false,5,4,epoch-5,0,1,cohens_d_test,0.17155325
citeseer,BundleSheaf,false,5,4,epoch-5,1,1,cohens_d_test,0.26951733
citeseer,BundleSheaf,false,5,4,epoch-5,2,1,cohens_d_test,0.25965548
citeseer,BundleSheaf,false,5,4,epoch-5,3,1,cohens_d_test,0.16129644
citeseer,BundleSheaf,false,5,4,epoch-5,4,1,cohens_d_test,0.011909572
citeseer,BundleSheaf,false,5,4,epoch-5,0,2,degree,0.09398180412179846
citeseer,BundleSheaf,false,5,4,epoch-5,1,2,degree,0.7529360509929113
citeseer,BundleSheaf,false,5,4,epoch-5,2,2,degree,0.831738522913078
citeseer,BundleSheaf,false,5,4,epoch-5,3,2,degree,0.7781635731794267
citeseer,BundleSheaf,false,5,4,epoch-5,4,2,degree,0.7401783427050105
citeseer,BundleSheaf,false,5,4,epoch-5,0,2,betweenness,0.09224128070057072
citeseer,BundleSheaf,false,5,4,epoch-5,1,2,betweenness,0.6433877848529179
citeseer,BundleSheaf,false,5,4,epoch-5,2,2,betweenness,0.7187359871587153
citeseer,BundleSheaf,false,5,4,epoch-5,3,2,betweenness,0.6833121886342498
citeseer,BundleSheaf,false,5,4,epoch-5,4,2,betweenness,0.6555591973993403
citeseer,BundleSheaf,false,5,4,epoch-5,0,2,confidence,0.24080161449071336
citeseer,BundleSheaf,false,5,4,epoch-5,1,2,confidence,0.737816650666943
citeseer,BundleSheaf,false,5,4,epoch-5,2,2,confidence,0.9268873374035811
citeseer,BundleSheaf,false,5,4,epoch-5,3,2,confidence,0.9654732370157588
citeseer,BundleSheaf,false,5,4,epoch-5,4,2,confidence,0.9720771115991026
citeseer,BundleSheaf,false,5,4,epoch-5,0,2,saliency,0.2142157660718137
citeseer,BundleSheaf,false,5,4,epoch-5,1,2,saliency,0.7276031640996332
citeseer,BundleSheaf,false,5,4,epoch-5,2,2,saliency,0.928326071797015
citeseer,BundleSheaf,false,5,4,epoch-5,3,2,saliency,0.9570330463903801
citeseer,BundleSheaf,false,5,4,epoch-5,4,2,saliency,0.9551065152188902
citeseer,BundleSheaf,false,5,4,epoch-5,0,2,cohens_d_train,0.4372438
citeseer,BundleSheaf,false,5,4,epoch-5,1,2,cohens_d_train,0.20081323
citeseer,BundleSheaf,false,5,4,epoch-5,2,2,cohens_d_train,0.14820312
citeseer,BundleSheaf,false,5,4,epoch-5,3,2,cohens_d_train,0.13291037
citeseer,BundleSheaf,false,5,4,epoch-5,4,2,cohens_d_train,0.12159995
citeseer,BundleSheaf,false,5,4,epoch-5,0,2,cohens_d_test,0.5326095
citeseer,BundleSheaf,false,5,4,epoch-5,1,2,cohens_d_test,0.17853789
citeseer,BundleSheaf,false,5,4,epoch-5,2,2,cohens_d_test,0.22503065
citeseer,BundleSheaf,false,5,4,epoch-5,3,2,cohens_d_test,0.39828703
citeseer,BundleSheaf,false,5,4,epoch-5,4,2,cohens_d_test,0.4903797
citeseer,BundleSheaf,false,5,4,epoch-5,0,3,degree,0.15057315295493562
citeseer,BundleSheaf,false,5,4,epoch-5,1,3,degree,0.7741545504759776
citeseer,BundleSheaf,false,5,4,epoch-5,2,3,degree,0.8324302062169383
citeseer,BundleSheaf,false,5,4,epoch-5,3,3,degree,0.7779428922147185
citeseer,BundleSheaf,false,5,4,epoch-5,4,3,degree,0.7334147308732603
citeseer,BundleSheaf,false,5,4,epoch-5,0,3,betweenness,0.15883860964757335
citeseer,BundleSheaf,false,5,4,epoch-5,1,3,betweenness,0.6659474776043852
citeseer,BundleSheaf,false,5,4,epoch-5,2,3,betweenness,0.718694887150784
citeseer,BundleSheaf,false,5,4,epoch-5,3,3,betweenness,0.684770095034992
citeseer,BundleSheaf,false,5,4,epoch-5,4,3,betweenness,0.6528661380414724
citeseer,BundleSheaf,false,5,4,epoch-5,0,3,confidence,0.28581073253357303
citeseer,BundleSheaf,false,5,4,epoch-5,1,3,confidence,0.7409134192189394
citeseer,BundleSheaf,false,5,4,epoch-5,2,3,confidence,0.9163117317171116
citeseer,BundleSheaf,false,5,4,epoch-5,3,3,confidence,0.9556963240149067
citeseer,BundleSheaf,false,5,4,epoch-5,4,3,confidence,0.9637885030663422
citeseer,BundleSheaf,false,5,4,epoch-5,0,3,saliency,0.2972489562635923
citeseer,BundleSheaf,false,5,4,epoch-5,1,3,saliency,0.7540945534806177
citeseer,BundleSheaf,false,5,4,epoch-5,2,3,saliency,0.9377438194554784
citeseer,BundleSheaf,false,5,4,epoch-5,3,3,saliency,0.9731353011910465
citeseer,BundleSheaf,false,5,4,epoch-5,4,3,saliency,0.9762043574935667
citeseer,BundleSheaf,false,5,4,epoch-5,0,3,cohens_d_train,0.27166477
citeseer,BundleSheaf,false,5,4,epoch-5,1,3,cohens_d_train,0.13696307
citeseer,BundleSheaf,false,5,4,epoch-5,2,3,cohens_d_train,0.13056551
citeseer,BundleSheaf,false,5,4,epoch-5,3,3,cohens_d_train,0.12305272
citeseer,BundleSheaf,false,5,4,epoch-5,4,3,cohens_d_train,0.12552825
citeseer,BundleSheaf,false,5,4,epoch-5,0,3,cohens_d_test,0.40784368
citeseer,BundleSheaf,false,5,4,epoch-5,1,3,cohens_d_test,0.6743512
citeseer,BundleSheaf,false,5,4,epoch-5,2,3,cohens_d_test,0.81689036
citeseer,BundleSheaf,false,5,4,epoch-5,3,3,cohens_d_test,0.93001336
citeseer,BundleSheaf,false,5,4,epoch-5,4,3,cohens_d_test,0.8966665
citeseer,BundleSheaf,false,5,4,epoch-5,0,4,degree,0.10345086751420392
citeseer,BundleSheaf,false,5,4,epoch-5,1,4,degree,0.7582992279518607
citeseer,BundleSheaf,false,5,4,epoch-5,2,4,degree,0.8344675364515759
citeseer,BundleSheaf,false,5,4,epoch-5,3,4,degree,0.7777700986935153
citeseer,BundleSheaf,false,5,4,epoch-5,4,4,degree,0.7343373829922131
citeseer,BundleSheaf,false,5,4,epoch-5,0,4,betweenness,0.10407348989214954
citeseer,BundleSheaf,false,5,4,epoch-5,1,4,betweenness,0.6511508206326042
citeseer,BundleSheaf,false,5,4,epoch-5,2,4,betweenness,0.7252533818659612
citeseer,BundleSheaf,false,5,4,epoch-5,3,4,betweenness,0.6876487093880498
citeseer,BundleSheaf,false,5,4,epoch-5,4,4,betweenness,0.6556601599624425
citeseer,BundleSheaf,false,5,4,epoch-5,0,4,confidence,0.249215052422938
citeseer,BundleSheaf,false,5,4,epoch-5,1,4,confidence,0.7311922231982427
citeseer,BundleSheaf,false,5,4,epoch-5,2,4,confidence,0.9161971241279525
citeseer,BundleSheaf,false,5,4,epoch-5,3,4,confidence,0.9531611317197842
citeseer,BundleSheaf,false,5,4,epoch-5,4,4,confidence,0.9601341916458175
citeseer,BundleSheaf,false,5,4,epoch-5,0,4,saliency,0.2668223590322446
citeseer,BundleSheaf,false,5,4,epoch-5,1,4,saliency,0.6809742960525926
citeseer,BundleSheaf,false,5,4,epoch-5,2,4,saliency,0.855841020658529
citeseer,BundleSheaf,false,5,4,epoch-5,3,4,saliency,0.9022532703385351
citeseer,BundleSheaf,false,5,4,epoch-5,4,4,saliency,0.9148718137306776
citeseer,BundleSheaf,false,5,4,epoch-5,0,4,cohens_d_train,0.06442542
citeseer,BundleSheaf,false,5,4,epoch-5,1,4,cohens_d_train,0.2169429
citeseer,BundleSheaf,false,5,4,epoch-5,2,4,cohens_d_train,0.11192509
citeseer,BundleSheaf,false,5,4,epoch-5,3,4,cohens_d_train,0.15371504
citeseer,BundleSheaf,false,5,4,epoch-5,4,4,cohens_d_train,0.20653424
citeseer,BundleSheaf,false,5,4,epoch-5,0,4,cohens_d_test,0.03959573
citeseer,BundleSheaf,false,5,4,epoch-5,1,4,cohens_d_test,0.28784057
citeseer,BundleSheaf,false,5,4,epoch-5,2,4,cohens_d_test,0.16192797
citeseer,BundleSheaf,false,5,4,epoch-5,3,4,cohens_d_test,0.15398952
citeseer,BundleSheaf,false,5,4,epoch-5,4,4,cohens_d_test,0.19292687
citeseer,BundleSheaf,false,5,4,epoch-5,0,5,degree,0.14234903213883066
citeseer,BundleSheaf,false,5,4,epoch-5,1,5,degree,0.7680511702158362
citeseer,BundleSheaf,false,5,4,epoch-5,2,5,degree,0.8348718284582
citeseer,BundleSheaf,false,5,4,epoch-5,3,5,degree,0.7780964853989257
citeseer,BundleSheaf,false,5,4,epoch-5,4,5,degree,0.7325344561362668
citeseer,BundleSheaf,false,5,4,epoch-5,0,5,betweenness,0.12107623182471364
citeseer,BundleSheaf,false,5,4,epoch-5,1,5,betweenness,0.6740212522379831
citeseer,BundleSheaf,false,5,4,epoch-5,2,5,betweenness,0.7268021349552717
citeseer,BundleSheaf,false,5,4,epoch-5,3,5,betweenness,0.6881890121654294
citeseer,BundleSheaf,false,5,4,epoch-5,4,5,betweenness,0.6550896308262685
citeseer,BundleSheaf,false,5,4,epoch-5,0,5,confidence,0.2734423831623601
citeseer,BundleSheaf,false,5,4,epoch-5,1,5,confidence,0.7264535984328693
citeseer,BundleSheaf,false,5,4,epoch-5,2,5,confidence,0.9213136223847181
citeseer,BundleSheaf,false,5,4,epoch-5,3,5,confidence,0.9617647438644736
citeseer,BundleSheaf,false,5,4,epoch-5,4,5,confidence,0.9722479264769761
citeseer,BundleSheaf,false,5,4,epoch-5,0,5,saliency,0.2625283826381601
citeseer,BundleSheaf,false,5,4,epoch-5,1,5,saliency,0.67083428985387
citeseer,BundleSheaf,false,5,4,epoch-5,2,5,saliency,0.8498989686597032
citeseer,BundleSheaf,false,5,4,epoch-5,3,5,saliency,0.8906203959061199
citeseer,BundleSheaf,false,5,4,epoch-5,4,5,saliency,0.8980774380608596
citeseer,BundleSheaf,false,5,4,epoch-5,0,5,cohens_d_train,0.87659734
citeseer,BundleSheaf,false,5,4,epoch-5,1,5,cohens_d_train,0.28232542
citeseer,BundleSheaf,false,5,4,epoch-5,2,5,cohens_d_train,0.2060897
citeseer,BundleSheaf,false,5,4,epoch-5,3,5,cohens_d_train,0.18397649
citeseer,BundleSheaf,false,5,4,epoch-5,4,5,cohens_d_train,0.17711295
citeseer,BundleSheaf,false,5,4,epoch-5,0,5,cohens_d_test,0.7791309
citeseer,BundleSheaf,false,5,4,epoch-5,1,5,cohens_d_test,0.44698638
citeseer,BundleSheaf,false,5,4,epoch-5,2,5,cohens_d_test,0.50353223
citeseer,BundleSheaf,false,5,4,epoch-5,3,5,cohens_d_test,0.6302193
citeseer,BundleSheaf,false,5,4,epoch-5,4,5,cohens_d_test,0.6622191
citeseer,BundleSheaf,false,5,4,epoch-5,0,6,degree,0.12537054307970905
citeseer,BundleSheaf,false,5,4,epoch-5,1,6,degree,0.7786110515679602
citeseer,BundleSheaf,false,5,4,epoch-5,2,6,degree,0.8363291895942855
citeseer,BundleSheaf,false,5,4,epoch-5,3,6,degree,0.7811330189237945
citeseer,BundleSheaf,false,5,4,epoch-5,4,6,degree,0.7395300347617964
citeseer,BundleSheaf,false,5,4,epoch-5,0,6,betweenness,0.1289738258093681
citeseer,BundleSheaf,false,5,4,epoch-5,1,6,betweenness,0.6731357147777219
citeseer,BundleSheaf,false,5,4,epoch-5,2,6,betweenness,0.722638058027971
citeseer,BundleSheaf,false,5,4,epoch-5,3,6,betweenness,0.684777364944757
citeseer,BundleSheaf,false,5,4,epoch-5,4,6,betweenness,0.6552484984466623
citeseer,BundleSheaf,false,5,4,epoch-5,0,6,confidence,0.23060151277437196
citeseer,BundleSheaf,false,5,4,epoch-5,1,6,confidence,0.7301328294813151
citeseer,BundleSheaf,false,5,4,epoch-5,2,6,confidence,0.9201043301384042
citeseer,BundleSheaf,false,5,4,epoch-5,3,6,confidence,0.9512473220592246
citeseer,BundleSheaf,false,5,4,epoch-5,4,6,confidence,0.9593974725242614
citeseer,BundleSheaf,false,5,4,epoch-5,0,6,saliency,0.23861405935729546
citeseer,BundleSheaf,false,5,4,epoch-5,1,6,saliency,0.7402657917205245
citeseer,BundleSheaf,false,5,4,epoch-5,2,6,saliency,0.9389497321818326
citeseer,BundleSheaf,false,5,4,epoch-5,3,6,saliency,0.9782618533215925
citeseer,BundleSheaf,false,5,4,epoch-5,4,6,saliency,0.9842931861416014
citeseer,BundleSheaf,false,5,4,epoch-5,0,6,cohens_d_train,0.20047414
citeseer,BundleSheaf,false,5,4,epoch-5,1,6,cohens_d_train,0.21894263
citeseer,BundleSheaf,false,5,4,epoch-5,2,6,cohens_d_train,0.13775015
citeseer,BundleSheaf,false,5,4,epoch-5,3,6,cohens_d_train,0.04774126
citeseer,BundleSheaf,false,5,4,epoch-5,4,6,cohens_d_train,0.13387883
citeseer,BundleSheaf,false,5,4,epoch-5,0,6,cohens_d_test,0.05658066
citeseer,BundleSheaf,false,5,4,epoch-5,1,6,cohens_d_test,0.0059966715
citeseer,BundleSheaf,false,5,4,epoch-5,2,6,cohens_d_test,0.03990686
citeseer,BundleSheaf,false,5,4,epoch-5,3,6,cohens_d_test,0.09158309
citeseer,BundleSheaf,false,5,4,epoch-5,4,6,cohens_d_test,0.12081504
citeseer,BundleSheaf,false,5,4,epoch-5,0,7,degree,0.11999332457800595
citeseer,BundleSheaf,false,5,4,epoch-5,1,7,degree,0.7802018128940399
citeseer,BundleSheaf,false,5,4,epoch-5,2,7,degree,0.8349804870861631
citeseer,BundleSheaf,false,5,4,epoch-5,3,7,degree,0.7768451499088777
citeseer,BundleSheaf,false,5,4,epoch-5,4,7,degree,0.736943993372157
citeseer,BundleSheaf,false,5,4,epoch-5,0,7,betweenness,0.11948983538833467
citeseer,BundleSheaf,false,5,4,epoch-5,1,7,betweenness,0.6637171463572574
citeseer,BundleSheaf,false,5,4,epoch-5,2,7,betweenness,0.7198641009958907
citeseer,BundleSheaf,false,5,4,epoch-5,3,7,betweenness,0.6826259960869051
citeseer,BundleSheaf,false,5,4,epoch-5,4,7,betweenness,0.6548065038729667
citeseer,BundleSheaf,false,5,4,epoch-5,0,7,confidence,0.2626569065327421
citeseer,BundleSheaf,false,5,4,epoch-5,1,7,confidence,0.7356346981689523
citeseer,BundleSheaf,false,5,4,epoch-5,2,7,confidence,0.9134591350308482
citeseer,BundleSheaf,false,5,4,epoch-5,3,7,confidence,0.9515524284027802
citeseer,BundleSheaf,false,5,4,epoch-5,4,7,confidence,0.9591878107315324
citeseer,BundleSheaf,false,5,4,epoch-5,0,7,saliency,0.255932315693025
citeseer,BundleSheaf,false,5,4,epoch-5,1,7,saliency,0.7539732822193217
citeseer,BundleSheaf,false,5,4,epoch-5,2,7,saliency,0.9400287336639048
citeseer,BundleSheaf,false,5,4,epoch-5,3,7,saliency,0.9808478527721571
citeseer,BundleSheaf,false,5,4,epoch-5,4,7,saliency,0.984400861051255
citeseer,BundleSheaf,false,5,4,epoch-5,0,7,cohens_d_train,0.47296405
citeseer,BundleSheaf,false,5,4,epoch-5,1,7,cohens_d_train,0.28392276
citeseer,BundleSheaf,false,5,4,epoch-5,2,7,cohens_d_train,0.28924757
citeseer,BundleSheaf,false,5,4,epoch-5,3,7,cohens_d_train,0.3673584
citeseer,BundleSheaf,false,5,4,epoch-5,4,7,cohens_d_train,0.5051987
citeseer,BundleSheaf,false,5,4,epoch-5,0,7,cohens_d_test,0.8013185
citeseer,BundleSheaf,false,5,4,epoch-5,1,7,cohens_d_test,0.43835014
citeseer,BundleSheaf,false,5,4,epoch-5,2,7,cohens_d_test,0.658763
citeseer,BundleSheaf,false,5,4,epoch-5,3,7,cohens_d_test,0.7791028
citeseer,BundleSheaf,false,5,4,epoch-5,4,7,cohens_d_test,0.7936388
citeseer,BundleSheaf,false,5,4,epoch-5,0,8,degree,0.12001613211090957
citeseer,BundleSheaf,false,5,4,epoch-5,1,8,degree,0.7605127185479376
citeseer,BundleSheaf,false,5,4,epoch-5,2,8,degree,0.8331261963336676
citeseer,BundleSheaf,false,5,4,epoch-5,3,8,degree,0.7776530158380506
citeseer,BundleSheaf,false,5,4,epoch-5,4,8,degree,0.7346073487075021
citeseer,BundleSheaf,false,5,4,epoch-5,0,8,betweenness,0.09836456123889477
citeseer,BundleSheaf,false,5,4,epoch-5,1,8,betweenness,0.6490224647524079
citeseer,BundleSheaf,false,5,4,epoch-5,2,8,betweenness,0.7184086495786182
citeseer,BundleSheaf,false,5,4,epoch-5,3,8,betweenness,0.6832852243046869
citeseer,BundleSheaf,false,5,4,epoch-5,4,8,betweenness,0.6524478675740714
citeseer,BundleSheaf,false,5,4,epoch-5,0,8,confidence,0.2118273034596612
citeseer,BundleSheaf,false,5,4,epoch-5,1,8,confidence,0.7078038313228877
citeseer,BundleSheaf,false,5,4,epoch-5,2,8,confidence,0.9113867936092452
citeseer,BundleSheaf,false,5,4,epoch-5,3,8,confidence,0.9522238208851183
citeseer,BundleSheaf,false,5,4,epoch-5,4,8,confidence,0.9595696032856886
citeseer,BundleSheaf,false,5,4,epoch-5,0,8,saliency,0.18937199631432428
citeseer,BundleSheaf,false,5,4,epoch-5,1,8,saliency,0.717884886388177
citeseer,BundleSheaf,false,5,4,epoch-5,2,8,saliency,0.9349856537053916
citeseer,BundleSheaf,false,5,4,epoch-5,3,8,saliency,0.9687610123588212
citeseer,BundleSheaf,false,5,4,epoch-5,4,8,saliency,0.9708523674286461
citeseer,BundleSheaf,false,5,4,epoch-5,0,8,cohens_d_train,0.6920168
citeseer,BundleSheaf,false,5,4,epoch-5,1,8,cohens_d_train,0.26048565
citeseer,BundleSheaf,false,5,4,epoch-5,2,8,cohens_d_train,0.17534174
citeseer,BundleSheaf,false,5,4,epoch-5,3,8,cohens_d_train,0.14877295
citeseer,BundleSheaf,false,5,4,epoch-5,4,8,cohens_d_train,0.1541555
citeseer,BundleSheaf,false,5,4,epoch-5,0,8,cohens_d_test,0.531448
citeseer,BundleSheaf,false,5,4,epoch-5,1,8,cohens_d_test,0.075445265
citeseer,BundleSheaf,false,5,4,epoch-5,2,8,cohens_d_test,0.14237568
citeseer,BundleSheaf,false,5,4,epoch-5,3,8,cohens_d_test,0.2823694
citeseer,BundleSheaf,false,5,4,epoch-5,4,8,cohens_d_test,0.51432925
citeseer,BundleSheaf,false,5,4,epoch-5,0,9,degree,0.17157490484219617
citeseer,BundleSheaf,false,5,4,epoch-5,1,9,degree,0.7997040787227445
citeseer,BundleSheaf,false,5,4,epoch-5,2,9,degree,0.8305488698333399
citeseer,BundleSheaf,false,5,4,epoch-5,3,9,degree,0.7760070699513532
citeseer,BundleSheaf,false,5,4,epoch-5,4,9,degree,0.7345904787786968
citeseer,BundleSheaf,false,5,4,epoch-5,0,9,betweenness,0.1443993448815989
citeseer,BundleSheaf,false,5,4,epoch-5,1,9,betweenness,0.6806516695997962
citeseer,BundleSheaf,false,5,4,epoch-5,2,9,betweenness,0.7184458159724054
citeseer,BundleSheaf,false,5,4,epoch-5,3,9,betweenness,0.6828395581342379
citeseer,BundleSheaf,false,5,4,epoch-5,4,9,betweenness,0.65408599104793
citeseer,BundleSheaf,false,5,4,epoch-5,0,9,confidence,0.2724150119843399
citeseer,BundleSheaf,false,5,4,epoch-5,1,9,confidence,0.7341667022075743
citeseer,BundleSheaf,false,5,4,epoch-5,2,9,confidence,0.9068665191931458
citeseer,BundleSheaf,false,5,4,epoch-5,3,9,confidence,0.9429048850462467
citeseer,BundleSheaf,false,5,4,epoch-5,4,9,confidence,0.9545075159986414
citeseer,BundleSheaf,false,5,4,epoch-5,0,9,saliency,0.2456635580867527
citeseer,BundleSheaf,false,5,4,epoch-5,1,9,saliency,0.7513605465019336
citeseer,BundleSheaf,false,5,4,epoch-5,2,9,saliency,0.9378945188003325
citeseer,BundleSheaf,false,5,4,epoch-5,3,9,saliency,0.9672585838355249
citeseer,BundleSheaf,false,5,4,epoch-5,4,9,saliency,0.9666396010269982
citeseer,BundleSheaf,false,5,4,epoch-5,0,9,cohens_d_train,0.5548239
citeseer,BundleSheaf,false,5,4,epoch-5,1,9,cohens_d_train,0.3173555
citeseer,BundleSheaf,false,5,4,epoch-5,2,9,cohens_d_train,0.33327752
citeseer,BundleSheaf,false,5,4,epoch-5,3,9,cohens_d_train,0.39395377
citeseer,BundleSheaf,false,5,4,epoch-5,4,9,cohens_d_train,0.51632804
citeseer,BundleSheaf,false,5,4,epoch-5,0,9,cohens_d_test,0.8174967
citeseer,BundleSheaf,false,5,4,epoch-5,1,9,cohens_d_test,0.5535348
citeseer,BundleSheaf,false,5,4,epoch-5,2,9,cohens_d_test,0.7646489
citeseer,BundleSheaf,false,5,4,epoch-5,3,9,cohens_d_test,0.86810803
citeseer,BundleSheaf,false,5,4,epoch-5,4,9,cohens_d_test,0.8784413
citeseer,BundleSheaf,false,5,4,epoch-15,0,0,degree,0.10590504178838242
citeseer,BundleSheaf,false,5,4,epoch-15,1,0,degree,0.7374591623517532
citeseer,BundleSheaf,false,5,4,epoch-15,2,0,degree,0.8306200483492077
citeseer,BundleSheaf,false,5,4,epoch-15,3,0,degree,0.780795163738543
citeseer,BundleSheaf,false,5,4,epoch-15,4,0,degree,0.7313664195950356
citeseer,BundleSheaf,false,5,4,epoch-15,0,0,betweenness,0.10587649710466601
citeseer,BundleSheaf,false,5,4,epoch-15,1,0,betweenness,0.6348716262584647
citeseer,BundleSheaf,false,5,4,epoch-15,2,0,betweenness,0.7167420935290402
citeseer,BundleSheaf,false,5,4,epoch-15,3,0,betweenness,0.6832929667092766
citeseer,BundleSheaf,false,5,4,epoch-15,4,0,betweenness,0.6497433635896726
citeseer,BundleSheaf,false,5,4,epoch-15,0,0,confidence,0.26108501489055386
citeseer,BundleSheaf,false,5,4,epoch-15,1,0,confidence,0.713712361843179
citeseer,BundleSheaf,false,5,4,epoch-15,2,0,confidence,0.916332648397786
citeseer,BundleSheaf,false,5,4,epoch-15,3,0,confidence,0.9578504494699692
citeseer,BundleSheaf,false,5,4,epoch-15,4,0,confidence,0.9680610912158657
citeseer,BundleSheaf,false,5,4,epoch-15,0,0,saliency,0.21902890304708636
citeseer,BundleSheaf,false,5,4,epoch-15,1,0,saliency,0.7252536366281661
citeseer,BundleSheaf,false,5,4,epoch-15,2,0,saliency,0.9364742435850336
citeseer,BundleSheaf,false,5,4,epoch-15,3,0,saliency,0.9603981813462718
citeseer,BundleSheaf,false,5,4,epoch-15,4,0,saliency,0.9552896631786548
citeseer,BundleSheaf,false,5,4,epoch-15,0,0,cohens_d_train,0.57648206
citeseer,BundleSheaf,false,5,4,epoch-15,1,0,cohens_d_train,0.49289852
citeseer,BundleSheaf,false,5,4,epoch-15,2,0,cohens_d_train,0.6551275
citeseer,BundleSheaf,false,5,4,epoch-15,3,0,cohens_d_train,0.72853637
citeseer,BundleSheaf,false,5,4,epoch-15,4,0,cohens_d_train,0.67270666
citeseer,BundleSheaf,false,5,4,epoch-15,0,0,cohens_d_test,0.63351333
citeseer,BundleSheaf,false,5,4,epoch-15,1,0,cohens_d_test,0.22421677
citeseer,BundleSheaf,false,5,4,epoch-15,2,0,cohens_d_test,0.19684787
citeseer,BundleSheaf,false,5,4,epoch-15,3,0,cohens_d_test,0.19324507
citeseer,BundleSheaf,false,5,4,epoch-15,4,0,cohens_d_test,0.22197573
citeseer,BundleSheaf,false,5,4,epoch-15,0,1,degree,0.09982351094116208
citeseer,BundleSheaf,false,5,4,epoch-15,1,1,degree,0.7227957395975576
citeseer,BundleSheaf,false,5,4,epoch-15,2,1,degree,0.8290546027226778
citeseer,BundleSheaf,false,5,4,epoch-15,3,1,degree,0.7812989841128304
citeseer,BundleSheaf,false,5,4,epoch-15,4,1,degree,0.7345861409151238
citeseer,BundleSheaf,false,5,4,epoch-15,0,1,betweenness,0.10534372443028911
citeseer,BundleSheaf,false,5,4,epoch-15,1,1,betweenness,0.6312362702820664
citeseer,BundleSheaf,false,5,4,epoch-15,2,1,betweenness,0.7180182893003777
citeseer,BundleSheaf,false,5,4,epoch-15,3,1,betweenness,0.6835811240087105
citeseer,BundleSheaf,false,5,4,epoch-15,4,1,betweenness,0.6501918567936579
citeseer,BundleSheaf,false,5,4,epoch-15,0,1,confidence,0.2442929627181505
citeseer,BundleSheaf,false,5,4,epoch-15,1,1,confidence,0.6831084250526079
citeseer,BundleSheaf,false,5,4,epoch-15,2,1,confidence,0.894477207968982
citeseer,BundleSheaf,false,5,4,epoch-15,3,1,confidence,0.9431335190035609
citeseer,BundleSheaf,false,5,4,epoch-15,4,1,confidence,0.9561357976507989
citeseer,BundleSheaf,false,5,4,epoch-15,0,1,saliency,0.26837881342044007
citeseer,BundleSheaf,false,5,4,epoch-15,1,1,saliency,0.7222476018125004
citeseer,BundleSheaf,false,5,4,epoch-15,2,1,saliency,0.928900264364935
citeseer,BundleSheaf,false,5,4,epoch-15,3,1,saliency,0.9720755808301401
citeseer,BundleSheaf,false,5,4,epoch-15,4,1,saliency,0.9787746068767718
citeseer,BundleSheaf,false,5,4,epoch-15,0,1,cohens_d_train,0.3178449
citeseer,BundleSheaf,false,5,4,epoch-15,1,1,cohens_d_train,0.24222322
citeseer,BundleSheaf,false,5,4,epoch-15,2,1,cohens_d_train,0.2439836
citeseer,BundleSheaf,false,5,4,epoch-15,3,1,cohens_d_train,0.23424865
citeseer,BundleSheaf,false,5,4,epoch-15,4,1,cohens_d_train,0.48264635
citeseer,BundleSheaf,false,5,4,epoch-15,0,1,cohens_d_test,0.21472235
citeseer,BundleSheaf,false,5,4,epoch-15,1,1,cohens_d_test,0.14919624
citeseer,BundleSheaf,false,5,4,epoch-15,2,1,cohens_d_test,0.22011206
citeseer,BundleSheaf,false,5,4,epoch-15,3,1,cohens_d_test,0.32592762
citeseer,BundleSheaf,false,5,4,epoch-15,4,1,cohens_d_test,0.5813552
citeseer,BundleSheaf,false,5,4,epoch-15,0,2,degree,0.08250745997023819
citeseer,BundleSheaf,false,5,4,epoch-15,1,2,degree,0.7382623503169876
citeseer,BundleSheaf,false,5,4,epoch-15,2,2,degree,0.8256061087680316
citeseer,BundleSheaf,false,5,4,epoch-15,3,2,degree,0.7768390664543212
citeseer,BundleSheaf,false,5,4,epoch-15,4,2,degree,0.7448665679409574
citeseer,BundleSheaf,false,5,4,epoch-15,0,2,betweenness,0.09396202776709513
citeseer,BundleSheaf,false,5,4,epoch-15,1,2,betweenness,0.635316145679719
citeseer,BundleSheaf,false,5,4,epoch-15,2,2,betweenness,0.7141959906031464
citeseer,BundleSheaf,false,5,4,epoch-15,3,2,betweenness,0.6814743990479714
citeseer,BundleSheaf,false,5,4,epoch-15,4,2,betweenness,0.6582936944620019
citeseer,BundleSheaf,false,5,4,epoch-15,0,2,confidence,0.22927838629691494
citeseer,BundleSheaf,false,5,4,epoch-15,1,2,confidence,0.736985736055215
citeseer,BundleSheaf,false,5,4,epoch-15,2,2,confidence,0.9235826674192252
citeseer,BundleSheaf,false,5,4,epoch-15,3,2,confidence,0.959681650720602
citeseer,BundleSheaf,false,5,4,epoch-15,4,2,confidence,0.964850059609569
citeseer,BundleSheaf,false,5,4,epoch-15,0,2,saliency,0.22197731364651527
citeseer,BundleSheaf,false,5,4,epoch-15,1,2,saliency,0.73786945712975
citeseer,BundleSheaf,false,5,4,epoch-15,2,2,saliency,0.9313521348640751
citeseer,BundleSheaf,false,5,4,epoch-15,3,2,saliency,0.9601843566038893
citeseer,BundleSheaf,false,5,4,epoch-15,4,2,saliency,0.9595401520601418
citeseer,BundleSheaf,false,5,4,epoch-15,0,2,cohens_d_train,0.5126194
citeseer,BundleSheaf,false,5,4,epoch-15,1,2,cohens_d_train,0.22345418
citeseer,BundleSheaf,false,5,4,epoch-15,2,2,cohens_d_train,0.15817757
citeseer,BundleSheaf,false,5,4,epoch-15,3,2,cohens_d_train,0.14184073
citeseer,BundleSheaf,false,5,4,epoch-15,4,2,cohens_d_train,0.13487935
citeseer,BundleSheaf,false,5,4,epoch-15,0,2,cohens_d_test,0.87870467
citeseer,BundleSheaf,false,5,4,epoch-15,1,2,cohens_d_test,0.20077132
citeseer,BundleSheaf,false,5,4,epoch-15,2,2,cohens_d_test,0.24347629
citeseer,BundleSheaf,false,5,4,epoch-15,3,2,cohens_d_test,0.4225508
citeseer,BundleSheaf,false,5,4,epoch-15,4,2,cohens_d_test,0.6282286
citeseer,BundleSheaf,false,5,4,epoch-15,0,3,degree,0.11420963754987672
citeseer,BundleSheaf,false,5,4,epoch-15,1,3,degree,0.7456444131015555
citeseer,BundleSheaf,false,5,4,epoch-15,2,3,degree,0.8271546756110335
citeseer,BundleSheaf,false,5,4,epoch-15,3,3,degree,0.7751463129237521
citeseer,BundleSheaf,false,5,4,epoch-15,4,3,degree,0.7348426389825
citeseer,BundleSheaf,false,5,4,epoch-15,0,3,betweenness,0.12290206190395692
citeseer,BundleSheaf,false,5,4,epoch-15,1,3,betweenness,0.6417043238664639
citeseer,BundleSheaf,false,5,4,epoch-15,2,3,betweenness,0.7141062124129844
citeseer,BundleSheaf,false,5,4,epoch-15,3,3,betweenness,0.6798728613425864
citeseer,BundleSheaf,false,5,4,epoch-15,4,3,betweenness,0.6516071636333552
citeseer,BundleSheaf,false,5,4,epoch-15,0,3,confidence,0.26483093057595597
citeseer,BundleSheaf,false,5,4,epoch-15,1,3,confidence,0.7220718597604926
citeseer,BundleSheaf,false,5,4,epoch-15,2,3,confidence,0.9040383232567625
citeseer,BundleSheaf,false,5,4,epoch-15,3,3,confidence,0.9481362803893346
citeseer,BundleSheaf,false,5,4,epoch-15,4,3,confidence,0.9580234200649458
citeseer,BundleSheaf,false,5,4,epoch-15,0,3,saliency,0.24288405080262362
citeseer,BundleSheaf,false,5,4,epoch-15,1,3,saliency,0.7459483073622641
citeseer,BundleSheaf,false,5,4,epoch-15,2,3,saliency,0.9405460912110982
citeseer,BundleSheaf,false,5,4,epoch-15,3,3,saliency,0.9725645730302697
citeseer,BundleSheaf,false,5,4,epoch-15,4,3,saliency,0.9718570304721681
citeseer,BundleSheaf,false,5,4,epoch-15,0,3,cohens_d_train,0.4961166
citeseer,BundleSheaf,false,5,4,epoch-15,1,3,cohens_d_train,0.2187958
citeseer,BundleSheaf,false,5,4,epoch-15,2,3,cohens_d_train,0.16647303
citeseer,BundleSheaf,false,5,4,epoch-15,3,3,cohens_d_train,0.13288212
citeseer,BundleSheaf,false,5,4,epoch-15,4,3,cohens_d_train,0.12569636
citeseer,BundleSheaf,false,5,4,epoch-15,0,3,cohens_d_test,0.81534404
citeseer,BundleSheaf,false,5,4,epoch-15,1,3,cohens_d_test,0.49689394
citeseer,BundleSheaf,false,5,4,epoch-15,2,3,cohens_d_test,0.72021854
citeseer,BundleSheaf,false,5,4,epoch-15,3,3,cohens_d_test,0.7734177
citeseer,BundleSheaf,false,5,4,epoch-15,4,3,cohens_d_test,0.7628179
citeseer,BundleSheaf,false,5,4,epoch-15,0,4,degree,0.13646749758009813
citeseer,BundleSheaf,false,5,4,epoch-15,1,4,degree,0.7640030273737072
citeseer,BundleSheaf,false,5,4,epoch-15,2,4,degree,0.8285080609279265
citeseer,BundleSheaf,false,5,4,epoch-15,3,4,degree,0.7753189602646566
citeseer,BundleSheaf,false,5,4,epoch-15,4,4,degree,0.732245621842207
citeseer,BundleSheaf,false,5,4,epoch-15,0,4,betweenness,0.12374731908040158
citeseer,BundleSheaf,false,5,4,epoch-15,1,4,betweenness,0.6565929811406429
citeseer,BundleSheaf,false,5,4,epoch-15,2,4,betweenness,0.7211736459334991
citeseer,BundleSheaf,false,5,4,epoch-15,3,4,betweenness,0.6845958808254912
citeseer,BundleSheaf,false,5,4,epoch-15,4,4,betweenness,0.6503380447901251
citeseer,BundleSheaf,false,5,4,epoch-15,0,4,confidence,0.2828900056648637
citeseer,BundleSheaf,false,5,4,epoch-15,1,4,confidence,0.7314627479554688
citeseer,BundleSheaf,false,5,4,epoch-15,2,4,confidence,0.9060842947117296
citeseer,BundleSheaf,false,5,4,epoch-15,3,4,confidence,0.9477635992942216
citeseer,BundleSheaf,false,5,4,epoch-15,4,4,confidence,0.9583261500444636
citeseer,BundleSheaf,false,5,4,epoch-15,0,4,saliency,0.29519397839383543
citeseer,BundleSheaf,false,5,4,epoch-15,1,4,saliency,0.6942849202537988
citeseer,BundleSheaf,false,5,4,epoch-15,2,4,saliency,0.8501332700249571
citeseer,BundleSheaf,false,5,4,epoch-15,3,4,saliency,0.8973503691992317
citeseer,BundleSheaf,false,5,4,epoch-15,4,4,saliency,0.9112769830265293
citeseer,BundleSheaf,false,5,4,epoch-15,0,4,cohens_d_train,0.16967016
citeseer,BundleSheaf,false,5,4,epoch-15,1,4,cohens_d_train,0.025189897
citeseer,BundleSheaf,false,5,4,epoch-15,2,4,cohens_d_train,0.14093989
citeseer,BundleSheaf,false,5,4,epoch-15,3,4,cohens_d_train,0.27503416
citeseer,BundleSheaf,false,5,4,epoch-15,4,4,cohens_d_train,0.29593143
citeseer,BundleSheaf,false,5,4,epoch-15,0,4,cohens_d_test,0.07670247
citeseer,BundleSheaf,false,5,4,epoch-15,1,4,cohens_d_test,0.2070457
citeseer,BundleSheaf,false,5,4,epoch-15,2,4,cohens_d_test,0.28837153
citeseer,BundleSheaf,false,5,4,epoch-15,3,4,cohens_d_test,0.33416918
citeseer,BundleSheaf,false,5,4,epoch-15,4,4,cohens_d_test,0.32580143
citeseer,BundleSheaf,false,5,4,epoch-15,0,5,degree,0.11236521183822006
citeseer,BundleSheaf,false,5,4,epoch-15,1,5,degree,0.7557962944787702
citeseer,BundleSheaf,false,5,4,epoch-15,2,5,degree,0.8314189742377466
citeseer,BundleSheaf,false,5,4,epoch-15,3,5,degree,0.774276530520804
citeseer,BundleSheaf,false,5,4,epoch-15,4,5,degree,0.7295873725769503
citeseer,BundleSheaf,false,5,4,epoch-15,0,5,betweenness,0.08842210230273354
citeseer,BundleSheaf,false,5,4,epoch-15,1,5,betweenness,0.6618666370874936
citeseer,BundleSheaf,false,5,4,epoch-15,2,5,betweenness,0.7214285817375926
citeseer,BundleSheaf,false,5,4,epoch-15,3,5,betweenness,0.6808087150735679
citeseer,BundleSheaf,false,5,4,epoch-15,4,5,betweenness,0.6487362017129058
citeseer,BundleSheaf,false,5,4,epoch-15,0,5,confidence,0.22739100700392864
citeseer,BundleSheaf,false,5,4,epoch-15,1,5,confidence,0.7234585517643701
citeseer,BundleSheaf,false,5,4,epoch-15,2,5,confidence,0.9183788097785148
citeseer,BundleSheaf,false,5,4,epoch-15,3,5,confidence,0.961516801004425
citeseer,BundleSheaf,false,5,4,epoch-15,4,5,confidence,0.9707236606730907
citeseer,BundleSheaf,false,5,4,epoch-15,0,5,saliency,0.2257859103286695
citeseer,BundleSheaf,false,5,4,epoch-15,1,5,saliency,0.6770154715685962
citeseer,BundleSheaf,false,5,4,epoch-15,2,5,saliency,0.8536599827480594
citeseer,BundleSheaf,false,5,4,epoch-15,3,5,saliency,0.8939104430510666
citeseer,BundleSheaf,false,5,4,epoch-15,4,5,saliency,0.9035456311850151
citeseer,BundleSheaf,false,5,4,epoch-15,0,5,cohens_d_train,0.90255296
citeseer,BundleSheaf,false,5,4,epoch-15,1,5,cohens_d_train,0.23698512
citeseer,BundleSheaf,false,5,4,epoch-15,2,5,cohens_d_train,0.19197698
citeseer,BundleSheaf,false,5,4,epoch-15,3,5,cohens_d_train,0.1893598
citeseer,BundleSheaf,false,5,4,epoch-15,4,5,cohens_d_train,0.19694814
citeseer,BundleSheaf,false,5,4,epoch-15,0,5,cohens_d_test,0.8375693
citeseer,BundleSheaf,false,5,4,epoch-15,1,5,cohens_d_test,0.2102015
citeseer,BundleSheaf,false,5,4,epoch-15,2,5,cohens_d_test,0.2880106
citeseer,BundleSheaf,false,5,4,epoch-15,3,5,cohens_d_test,0.34094897
citeseer,BundleSheaf,false,5,4,epoch-15,4,5,cohens_d_test,0.36279458
citeseer,BundleSheaf,false,5,4,epoch-15,0,6,degree,0.1356485597070182
citeseer,BundleSheaf,false,5,4,epoch-15,1,6,degree,0.762711045241936
citeseer,BundleSheaf,false,5,4,epoch-15,2,6,degree,0.8311296783909133
citeseer,BundleSheaf,false,5,4,epoch-15,3,6,degree,0.775156895760036
citeseer,BundleSheaf,false,5,4,epoch-15,4,6,degree,0.7373955156281433
citeseer,BundleSheaf,false,5,4,epoch-15,0,6,betweenness,0.1359266253978179
citeseer,BundleSheaf,false,5,4,epoch-15,1,6,betweenness,0.6568631349888484
citeseer,BundleSheaf,false,5,4,epoch-15,2,6,betweenness,0.7166481861803327
citeseer,BundleSheaf,false,5,4,epoch-15,3,6,betweenness,0.6776722636942258
citeseer,BundleSheaf,false,5,4,epoch-15,4,6,betweenness,0.6522303481997962
citeseer,BundleSheaf,false,5,4,epoch-15,0,6,confidence,0.2934291744418142
citeseer,BundleSheaf,false,5,4,epoch-15,1,6,confidence,0.7367784708698681
citeseer,BundleSheaf,false,5,4,epoch-15,2,6,confidence,0.91839640408459
citeseer,BundleSheaf,false,5,4,epoch-15,3,6,confidence,0.9492135526815592
citeseer,BundleSheaf,false,5,4,epoch-15,4,6,confidence,0.9558294324746343
citeseer,BundleSheaf,false,5,4,epoch-15,0,6,saliency,0.27551121585711424
citeseer,BundleSheaf,false,5,4,epoch-15,1,6,saliency,0.7455000637150219
citeseer,BundleSheaf,false,5,4,epoch-15,2,6,saliency,0.9337995214402536
citeseer,BundleSheaf,false,5,4,epoch-15,3,6,saliency,0.9613423728280494
citeseer,BundleSheaf,false,5,4,epoch-15,4,6,saliency,0.959957437749565
citeseer,BundleSheaf,false,5,4,epoch-15,0,6,cohens_d_train,0.32813525
citeseer,BundleSheaf,false,5,4,epoch-15,1,6,cohens_d_train,0.38687545
citeseer,BundleSheaf,false,5,4,epoch-15,2,6,cohens_d_train,0.562495
citeseer,BundleSheaf,false,5,4,epoch-15,3,6,cohens_d_train,0.7303037
citeseer,BundleSheaf,false,5,4,epoch-15,4,6,cohens_d_train,0.7327012
citeseer,BundleSheaf,false,5,4,epoch-15,0,6,cohens_d_test,0.3816738
citeseer,BundleSheaf,false,5,4,epoch-15,1,6,cohens_d_test,0.13378385
citeseer,BundleSheaf,false,5,4,epoch-15,2,6,cohens_d_test,0.15417841
citeseer,BundleSheaf,false,5,4,epoch-15,3,6,cohens_d_test,0.27948657
citeseer,BundleSheaf,false,5,4,epoch-15,4,6,cohens_d_test,0.36765823
citeseer,BundleSheaf,false,5,4,epoch-15,0,7,degree,0.13925253816858396
citeseer,BundleSheaf,false,5,4,epoch-15,1,7,degree,0.7790319175201305
citeseer,BundleSheaf,false,5,4,epoch-15,2,7,degree,0.8276185990211256
citeseer,BundleSheaf,false,5,4,epoch-15,3,7,degree,0.7726567123796504
citeseer,BundleSheaf,false,5,4,epoch-15,4,7,degree,0.7346897630706011
citeseer,BundleSheaf,false,5,4,epoch-15,0,7,betweenness,0.14987050947606606
citeseer,BundleSheaf,false,5,4,epoch-15,1,7,betweenness,0.6648807699328682
citeseer,BundleSheaf,false,5,4,epoch-15,2,7,betweenness,0.7136223895455467
citeseer,BundleSheaf,false,5,4,epoch-15,3,7,betweenness,0.6770769168952842
citeseer,BundleSheaf,false,5,4,epoch-15,4,7,betweenness,0.6513922995995459
citeseer,BundleSheaf,false,5,4,epoch-15,0,7,confidence,0.2936055218956918
citeseer,BundleSheaf,false,5,4,epoch-15,1,7,confidence,0.7405101426528281
citeseer,BundleSheaf,false,5,4,epoch-15,2,7,confidence,0.8970528976657656
citeseer,BundleSheaf,false,5,4,epoch-15,3,7,confidence,0.9457076741013638
citeseer,BundleSheaf,false,5,4,epoch-15,4,7,confidence,0.9556691741584157
citeseer,BundleSheaf,false,5,4,epoch-15,0,7,saliency,0.2894168003887581
citeseer,BundleSheaf,false,5,4,epoch-15,1,7,saliency,0.7716958641839649
citeseer,BundleSheaf,false,5,4,epoch-15,2,7,saliency,0.9366469322562606
citeseer,BundleSheaf,false,5,4,epoch-15,3,7,saliency,0.9782059004719067
citeseer,BundleSheaf,false,5,4,epoch-15,4,7,saliency,0.9788192163512895
citeseer,BundleSheaf,false,5,4,epoch-15,0,7,cohens_d_train,0.31730092
citeseer,BundleSheaf,false,5,4,epoch-15,1,7,cohens_d_train,0.30491483
citeseer,BundleSheaf,false,5,4,epoch-15,2,7,cohens_d_train,0.29829943
citeseer,BundleSheaf,false,5,4,epoch-15,3,7,cohens_d_train,0.45572242
citeseer,BundleSheaf,false,5,4,epoch-15,4,7,cohens_d_train,0.5281183
citeseer,BundleSheaf,false,5,4,epoch-15,0,7,cohens_d_test,0.37643942
citeseer,BundleSheaf,false,5,4,epoch-15,1,7,cohens_d_test,0.39752355
citeseer,BundleSheaf,false,5,4,epoch-15,2,7,cohens_d_test,0.67623097
citeseer,BundleSheaf,false,5,4,epoch-15,3,7,cohens_d_test,0.83319753
citeseer,BundleSheaf,false,5,4,epoch-15,4,7,cohens_d_test,0.84954816
citeseer,BundleSheaf,false,5,4,epoch-15,0,8,degree,0.11012033306096662
citeseer,BundleSheaf,false,5,4,epoch-15,1,8,degree,0.7363977969235266
citeseer,BundleSheaf,false,5,4,epoch-15,2,8,degree,0.8324749571072675
citeseer,BundleSheaf,false,5,4,epoch-15,3,8,degree,0.780328690489482
citeseer,BundleSheaf,false,5,4,epoch-15,4,8,degree,0.7349720809581232
citeseer,BundleSheaf,false,5,4,epoch-15,0,8,betweenness,0.10076308276000687
citeseer,BundleSheaf,false,5,4,epoch-15,1,8,betweenness,0.6358689753999694
citeseer,BundleSheaf,false,5,4,epoch-15,2,8,betweenness,0.7180900251485398
citeseer,BundleSheaf,false,5,4,epoch-15,3,8,betweenness,0.684831780673122
citeseer,BundleSheaf,false,5,4,epoch-15,4,8,betweenness,0.6526372157396239
citeseer,BundleSheaf,false,5,4,epoch-15,0,8,confidence,0.23261829128176925
citeseer,BundleSheaf,false,5,4,epoch-15,1,8,confidence,0.7020079159348271
citeseer,BundleSheaf,false,5,4,epoch-15,2,8,confidence,0.9161376967567872
citeseer,BundleSheaf,false,5,4,epoch-15,3,8,confidence,0.9561583937676849
citeseer,BundleSheaf,false,5,4,epoch-15,4,8,confidence,0.9654784348883226
citeseer,BundleSheaf,false,5,4,epoch-15,0,8,saliency,0.17065018997663572
citeseer,BundleSheaf,false,5,4,epoch-15,1,8,saliency,0.7044212994609803
citeseer,BundleSheaf,false,5,4,epoch-15,2,8,saliency,0.9307515016874376
citeseer,BundleSheaf,false,5,4,epoch-15,3,8,saliency,0.9569155939992694
citeseer,BundleSheaf,false,5,4,epoch-15,4,8,saliency,0.9521993160030258
citeseer,BundleSheaf,false,5,4,epoch-15,0,8,cohens_d_train,0.7982423
citeseer,BundleSheaf,false,5,4,epoch-15,1,8,cohens_d_train,0.25216764
citeseer,BundleSheaf,false,5,4,epoch-15,2,8,cohens_d_train,0.17286675
citeseer,BundleSheaf,false,5,4,epoch-15,3,8,cohens_d_train,0.13611236
citeseer,BundleSheaf,false,5,4,epoch-15,4,8,cohens_d_train,0.14601837
citeseer,BundleSheaf,false,5,4,epoch-15,0,8,cohens_d_test,0.6314299
citeseer,BundleSheaf,false,5,4,epoch-15,1,8,cohens_d_test,0.12325583
citeseer,BundleSheaf,false,5,4,epoch-15,2,8,cohens_d_test,0.14213915
citeseer,BundleSheaf,false,5,4,epoch-15,3,8,cohens_d_test,0.1783226
citeseer,BundleSheaf,false,5,4,epoch-15,4,8,cohens_d_test,0.3451087
citeseer,BundleSheaf,false,5,4,epoch-15,0,9,degree,0.11751066027874356
citeseer,BundleSheaf,false,5,4,epoch-15,1,9,degree,0.7681634512584009
citeseer,BundleSheaf,false,5,4,epoch-15,2,9,degree,0.825594524446211
citeseer,BundleSheaf,false,5,4,epoch-15,3,9,degree,0.7776628670503454
citeseer,BundleSheaf,false,5,4,epoch-15,4,9,degree,0.7341037578052586
citeseer,BundleSheaf,false,5,4,epoch-15,0,9,betweenness,0.09842765351695686
citeseer,BundleSheaf,false,5,4,epoch-15,1,9,betweenness,0.6604517822200894
citeseer,BundleSheaf,false,5,4,epoch-15,2,9,betweenness,0.7172769954903767
citeseer,BundleSheaf,false,5,4,epoch-15,3,9,betweenness,0.683223545431243
citeseer,BundleSheaf,false,5,4,epoch-15,4,9,betweenness,0.6525415648866189
citeseer,BundleSheaf,false,5,4,epoch-15,0,9,confidence,0.21488142558122744
citeseer,BundleSheaf,false,5,4,epoch-15,1,9,confidence,0.732491908542348
citeseer,BundleSheaf,false,5,4,epoch-15,2,9,confidence,0.9143471860283133
citeseer,BundleSheaf,false,5,4,epoch-15,3,9,confidence,0.9482446559771357
citeseer,BundleSheaf,false,5,4,epoch-15,4,9,confidence,0.9579472160667818
citeseer,BundleSheaf,false,5,4,epoch-15,0,9,saliency,0.22441301193170543
citeseer,BundleSheaf,false,5,4,epoch-15,1,9,saliency,0.7383377909476102
citeseer,BundleSheaf,false,5,4,epoch-15,2,9,saliency,0.9329916321795821
citeseer,BundleSheaf,false,5,4,epoch-15,3,9,saliency,0.974142536357423
citeseer,BundleSheaf,false,5,4,epoch-15,4,9,saliency,0.9801129519325771
citeseer,BundleSheaf,false,5,4,epoch-15,0,9,cohens_d_train,0.58279383
citeseer,BundleSheaf,false,5,4,epoch-15,1,9,cohens_d_train,0.42612597
citeseer,BundleSheaf,false,5,4,epoch-15,2,9,cohens_d_train,0.39417985
citeseer,BundleSheaf,false,5,4,epoch-15,3,9,cohens_d_train,0.50437164
citeseer,BundleSheaf,false,5,4,epoch-15,4,9,cohens_d_train,0.55710506
citeseer,BundleSheaf,false,5,4,epoch-15,0,9,cohens_d_test,0.6648101
citeseer,BundleSheaf,false,5,4,epoch-15,1,9,cohens_d_test,0.457788
citeseer,BundleSheaf,false,5,4,epoch-15,2,9,cohens_d_test,0.6380894
citeseer,BundleSheaf,false,5,4,epoch-15,3,9,cohens_d_test,0.7619429
citeseer,BundleSheaf,false,5,4,epoch-15,4,9,cohens_d_test,0.7756238
citeseer,BundleSheaf,false,5,4,epoch-50,0,0,degree,0.1071144045852678
citeseer,BundleSheaf,false,5,4,epoch-50,1,0,degree,0.7583279730819427
citeseer,BundleSheaf,false,5,4,epoch-50,2,0,degree,0.8249215254541927
citeseer,BundleSheaf,false,5,4,epoch-50,3,0,degree,0.7752816784049691
citeseer,BundleSheaf,false,5,4,epoch-50,4,0,degree,0.7380118917456855
citeseer,BundleSheaf,false,5,4,epoch-50,0,0,betweenness,0.1166592359750016
citeseer,BundleSheaf,false,5,4,epoch-50,1,0,betweenness,0.6462373260151976
citeseer,BundleSheaf,false,5,4,epoch-50,2,0,betweenness,0.7084164649808591
citeseer,BundleSheaf,false,5,4,epoch-50,3,0,betweenness,0.6746228898445891
citeseer,BundleSheaf,false,5,4,epoch-50,4,0,betweenness,0.652510058400375
citeseer,BundleSheaf,false,5,4,epoch-50,0,0,confidence,0.29082934058251864
citeseer,BundleSheaf,false,5,4,epoch-50,1,0,confidence,0.7565647248871441
citeseer,BundleSheaf,false,5,4,epoch-50,2,0,confidence,0.921276166891732
citeseer,BundleSheaf,false,5,4,epoch-50,3,0,confidence,0.9577837393783705
citeseer,BundleSheaf,false,5,4,epoch-50,4,0,confidence,0.9641089786301212
citeseer,BundleSheaf,false,5,4,epoch-50,0,0,saliency,0.25283705619711966
citeseer,BundleSheaf,false,5,4,epoch-50,1,0,saliency,0.747935810984941
citeseer,BundleSheaf,false,5,4,epoch-50,2,0,saliency,0.9188260145899734
citeseer,BundleSheaf,false,5,4,epoch-50,3,0,saliency,0.9478478826510389
citeseer,BundleSheaf,false,5,4,epoch-50,4,0,saliency,0.9512167973336706
citeseer,BundleSheaf,false,5,4,epoch-50,0,0,cohens_d_train,0.6295827
citeseer,BundleSheaf,false,5,4,epoch-50,1,0,cohens_d_train,0.46991864
citeseer,BundleSheaf,false,5,4,epoch-50,2,0,cohens_d_train,0.708209
citeseer,BundleSheaf,false,5,4,epoch-50,3,0,cohens_d_train,0.7912233
citeseer,BundleSheaf,false,5,4,epoch-50,4,0,cohens_d_train,0.7800159
citeseer,BundleSheaf,false,5,4,epoch-50,0,0,cohens_d_test,0.62465775
citeseer,BundleSheaf,false,5,4,epoch-50,1,0,cohens_d_test,0.24064396
citeseer,BundleSheaf,false,5,4,epoch-50,2,0,cohens_d_test,0.23166883
citeseer,BundleSheaf,false,5,4,epoch-50,3,0,cohens_d_test,0.23021737
citeseer,BundleSheaf,false,5,4,epoch-50,4,0,cohens_d_test,0.24956359
citeseer,BundleSheaf,false,5,4,epoch-50,0,1,degree,0.07759960130345119
citeseer,BundleSheaf,false,5,4,epoch-50,1,1,degree,0.7183129197517464
citeseer,BundleSheaf,false,5,4,epoch-50,2,1,degree,0.8280791284435453
citeseer,BundleSheaf,false,5,4,epoch-50,3,1,degree,0.787683975393082
citeseer,BundleSheaf,false,5,4,epoch-50,4,1,degree,0.7391780620762548
citeseer,BundleSheaf,false,5,4,epoch-50,0,1,betweenness,0.09739019331570954
citeseer,BundleSheaf,false,5,4,epoch-50,1,1,betweenness,0.6227987698749664
citeseer,BundleSheaf,false,5,4,epoch-50,2,1,betweenness,0.7157404158805367
citeseer,BundleSheaf,false,5,4,epoch-50,3,1,betweenness,0.687405083432095
citeseer,BundleSheaf,false,5,4,epoch-50,4,1,betweenness,0.6548175747326073
citeseer,BundleSheaf,false,5,4,epoch-50,0,1,confidence,0.24393311083485458
citeseer,BundleSheaf,false,5,4,epoch-50,1,1,confidence,0.6927090893333664
citeseer,BundleSheaf,false,5,4,epoch-50,2,1,confidence,0.8822274784423821
citeseer,BundleSheaf,false,5,4,epoch-50,3,1,confidence,0.9228198218323461
citeseer,BundleSheaf,false,5,4,epoch-50,4,1,confidence,0.9310144298879006
citeseer,BundleSheaf,false,5,4,epoch-50,0,1,saliency,0.23597895589177278
citeseer,BundleSheaf,false,5,4,epoch-50,1,1,saliency,0.7223852608526297
citeseer,BundleSheaf,false,5,4,epoch-50,2,1,saliency,0.9276417424367556
citeseer,BundleSheaf,false,5,4,epoch-50,3,1,saliency,0.9661937071644193
citeseer,BundleSheaf,false,5,4,epoch-50,4,1,saliency,0.9720709047479207
citeseer,BundleSheaf,false,5,4,epoch-50,0,1,cohens_d_train,0.43106592
citeseer,BundleSheaf,false,5,4,epoch-50,1,1,cohens_d_train,0.3598724
citeseer,BundleSheaf,false,5,4,epoch-50,2,1,cohens_d_train,0.2170579
citeseer,BundleSheaf,false,5,4,epoch-50,3,1,cohens_d_train,0.21817176
citeseer,BundleSheaf,false,5,4,epoch-50,4,1,cohens_d_train,0.27826095
citeseer,BundleSheaf,false,5,4,epoch-50,0,1,cohens_d_test,0.43315232
citeseer,BundleSheaf,false,5,4,epoch-50,1,1,cohens_d_test,0.14907268
citeseer,BundleSheaf,false,5,4,epoch-50,2,1,cohens_d_test,0.19491047
citeseer,BundleSheaf,false,5,4,epoch-50,3,1,cohens_d_test,0.36640638
citeseer,BundleSheaf,false,5,4,epoch-50,4,1,cohens_d_test,0.62612486
citeseer,BundleSheaf,false,5,4,epoch-50,0,2,degree,0.05406393132220413
citeseer,BundleSheaf,false,5,4,epoch-50,1,2,degree,0.7535290150376401
citeseer,BundleSheaf,false,5,4,epoch-50,2,2,degree,0.8226807464288777
citeseer,BundleSheaf,false,5,4,epoch-50,3,2,degree,0.777522929109051
citeseer,BundleSheaf,false,5,4,epoch-50,4,2,degree,0.7531766311599635
citeseer,BundleSheaf,false,5,4,epoch-50,0,2,betweenness,0.07475535625522987
citeseer,BundleSheaf,false,5,4,epoch-50,1,2,betweenness,0.652200192311556
citeseer,BundleSheaf,false,5,4,epoch-50,2,2,betweenness,0.7113589010815022
citeseer,BundleSheaf,false,5,4,epoch-50,3,2,betweenness,0.6801084184552751
citeseer,BundleSheaf,false,5,4,epoch-50,4,2,betweenness,0.6660035365464976
citeseer,BundleSheaf,false,5,4,epoch-50,0,2,confidence,0.18742244650754417
citeseer,BundleSheaf,false,5,4,epoch-50,1,2,confidence,0.7370141487304537
citeseer,BundleSheaf,false,5,4,epoch-50,2,2,confidence,0.9123680692786427
citeseer,BundleSheaf,false,5,4,epoch-50,3,2,confidence,0.9455180141728157
citeseer,BundleSheaf,false,5,4,epoch-50,4,2,confidence,0.9532796777595616
citeseer,BundleSheaf,false,5,4,epoch-50,0,2,saliency,0.14940120002552398
citeseer,BundleSheaf,false,5,4,epoch-50,1,2,saliency,0.7456895611611143
citeseer,BundleSheaf,false,5,4,epoch-50,2,2,saliency,0.9234534184607647
citeseer,BundleSheaf,false,5,4,epoch-50,3,2,saliency,0.9383835116595437
citeseer,BundleSheaf,false,5,4,epoch-50,4,2,saliency,0.9323324997833845
citeseer,BundleSheaf,false,5,4,epoch-50,0,2,cohens_d_train,0.55464166
citeseer,BundleSheaf,false,5,4,epoch-50,1,2,cohens_d_train,0.19497967
citeseer,BundleSheaf,false,5,4,epoch-50,2,2,cohens_d_train,0.1428126
citeseer,BundleSheaf,false,5,4,epoch-50,3,2,cohens_d_train,0.13115843
citeseer,BundleSheaf,false,5,4,epoch-50,4,2,cohens_d_train,0.1039238
citeseer,BundleSheaf,false,5,4,epoch-50,0,2,cohens_d_test,0.7067698
citeseer,BundleSheaf,false,5,4,epoch-50,1,2,cohens_d_test,0.19809394
citeseer,BundleSheaf,false,5,4,epoch-50,2,2,cohens_d_test,0.2736673
citeseer,BundleSheaf,false,5,4,epoch-50,3,2,cohens_d_test,0.40488002
citeseer,BundleSheaf,false,5,4,epoch-50,4,2,cohens_d_test,0.4397459
citeseer,BundleSheaf,false,5,4,epoch-50,0,3,degree,0.10185288143936827
citeseer,BundleSheaf,false,5,4,epoch-50,1,3,degree,0.7433817775443066
citeseer,BundleSheaf,false,5,4,epoch-50,2,3,degree,0.8281972598646303
citeseer,BundleSheaf,false,5,4,epoch-50,3,3,degree,0.7797208954564868
citeseer,BundleSheaf,false,5,4,epoch-50,4,3,degree,0.7387958749204465
citeseer,BundleSheaf,false,5,4,epoch-50,0,3,betweenness,0.12371404482990744
citeseer,BundleSheaf,false,5,4,epoch-50,1,3,betweenness,0.6457948756150476
citeseer,BundleSheaf,false,5,4,epoch-50,2,3,betweenness,0.7123375728118315
citeseer,BundleSheaf,false,5,4,epoch-50,3,3,betweenness,0.6796067225694048
citeseer,BundleSheaf,false,5,4,epoch-50,4,3,betweenness,0.65305207391483
citeseer,BundleSheaf,false,5,4,epoch-50,0,3,confidence,0.27253255678774896
citeseer,BundleSheaf,false,5,4,epoch-50,1,3,confidence,0.7319342684617407
citeseer,BundleSheaf,false,5,4,epoch-50,2,3,confidence,0.9006713884652532
citeseer,BundleSheaf,false,5,4,epoch-50,3,3,confidence,0.9351255402359919
citeseer,BundleSheaf,false,5,4,epoch-50,4,3,confidence,0.9436638698770936
citeseer,BundleSheaf,false,5,4,epoch-50,0,3,saliency,0.25721591601611443
citeseer,BundleSheaf,false,5,4,epoch-50,1,3,saliency,0.7384123450948817
citeseer,BundleSheaf,false,5,4,epoch-50,2,3,saliency,0.927584606142506
citeseer,BundleSheaf,false,5,4,epoch-50,3,3,saliency,0.9570302707741173
citeseer,BundleSheaf,false,5,4,epoch-50,4,3,saliency,0.9547609340779454
citeseer,BundleSheaf,false,5,4,epoch-50,0,3,cohens_d_train,0.5212639
citeseer,BundleSheaf,false,5,4,epoch-50,1,3,cohens_d_train,0.21772924
citeseer,BundleSheaf,false,5,4,epoch-50,2,3,cohens_d_train,0.18845327
citeseer,BundleSheaf,false,5,4,epoch-50,3,3,cohens_d_train,0.14169413
citeseer,BundleSheaf,false,5,4,epoch-50,4,3,cohens_d_train,0.13861653
citeseer,BundleSheaf,false,5,4,epoch-50,0,3,cohens_d_test,0.62808734
citeseer,BundleSheaf,false,5,4,epoch-50,1,3,cohens_d_test,0.67702055
citeseer,BundleSheaf,false,5,4,epoch-50,2,3,cohens_d_test,0.8780994
citeseer,BundleSheaf,false,5,4,epoch-50,3,3,cohens_d_test,0.8622805
citeseer,BundleSheaf,false,5,4,epoch-50,4,3,cohens_d_test,0.7923227
citeseer,BundleSheaf,false,5,4,epoch-50,0,4,degree,0.09989581905296593
citeseer,BundleSheaf,false,5,4,epoch-50,1,4,degree,0.7667441449557382
citeseer,BundleSheaf,false,5,4,epoch-50,2,4,degree,0.8303101647297292
citeseer,BundleSheaf,false,5,4,epoch-50,3,4,degree,0.777221722044488
citeseer,BundleSheaf,false,5,4,epoch-50,4,4,degree,0.7414629913739981
citeseer,BundleSheaf,false,5,4,epoch-50,0,4,betweenness,0.10330086482178451
citeseer,BundleSheaf,false,5,4,epoch-50,1,4,betweenness,0.6525060374962864
citeseer,BundleSheaf,false,5,4,epoch-50,2,4,betweenness,0.7184849722640659
citeseer,BundleSheaf,false,5,4,epoch-50,3,4,betweenness,0.6810259227121742
citeseer,BundleSheaf,false,5,4,epoch-50,4,4,betweenness,0.6574901899142573
citeseer,BundleSheaf,false,5,4,epoch-50,0,4,confidence,0.2325072879463741
citeseer,BundleSheaf,false,5,4,epoch-50,1,4,confidence,0.7287322703834904
citeseer,BundleSheaf,false,5,4,epoch-50,2,4,confidence,0.8745470000512204
citeseer,BundleSheaf,false,5,4,epoch-50,3,4,confidence,0.9181410741616827
citeseer,BundleSheaf,false,5,4,epoch-50,4,4,confidence,0.9309441268776368
citeseer,BundleSheaf,false,5,4,epoch-50,0,4,saliency,0.2446712602833843
citeseer,BundleSheaf,false,5,4,epoch-50,1,4,saliency,0.6981063026061498
citeseer,BundleSheaf,false,5,4,epoch-50,2,4,saliency,0.8440512143405599
citeseer,BundleSheaf,false,5,4,epoch-50,3,4,saliency,0.8920959103738307
citeseer,BundleSheaf,false,5,4,epoch-50,4,4,saliency,0.9033513212962848
citeseer,BundleSheaf,false,5,4,epoch-50,0,4,cohens_d_train,0.2776512
citeseer,BundleSheaf,false,5,4,epoch-50,1,4,cohens_d_train,0.43457776
citeseer,BundleSheaf,false,5,4,epoch-50,2,4,cohens_d_train,0.534296
citeseer,BundleSheaf,false,5,4,epoch-50,3,4,cohens_d_train,0.70299727
citeseer,BundleSheaf,false,5,4,epoch-50,4,4,cohens_d_train,0.6980394
citeseer,BundleSheaf,false,5,4,epoch-50,0,4,cohens_d_test,0.3306907
citeseer,BundleSheaf,false,5,4,epoch-50,1,4,cohens_d_test,0.38160142
citeseer,BundleSheaf,false,5,4,epoch-50,2,4,cohens_d_test,0.65116054
citeseer,BundleSheaf,false,5,4,epoch-50,3,4,cohens_d_test,0.91938174
citeseer,BundleSheaf,false,5,4,epoch-50,4,4,cohens_d_test,0.94487405
citeseer,BundleSheaf,false,5,4,epoch-50,0,5,degree,0.09148403555129642
citeseer,BundleSheaf,false,5,4,epoch-50,1,5,degree,0.766069046704443
citeseer,BundleSheaf,false,5,4,epoch-50,2,5,degree,0.8289084770303733
citeseer,BundleSheaf,false,5,4,epoch-50,3,5,degree,0.7714004691043873
citeseer,BundleSheaf,false,5,4,epoch-50,4,5,degree,0.733208087721455
citeseer,BundleSheaf,false,5,4,epoch-50,0,5,betweenness,0.07677852448604465
citeseer,BundleSheaf,false,5,4,epoch-50,1,5,betweenness,0.6640651164360429
citeseer,BundleSheaf,false,5,4,epoch-50,2,5,betweenness,0.7187937601791586
citeseer,BundleSheaf,false,5,4,epoch-50,3,5,betweenness,0.6778359716909673
citeseer,BundleSheaf,false,5,4,epoch-50,4,5,betweenness,0.6495206245578767
citeseer,BundleSheaf,false,5,4,epoch-50,0,5,confidence,0.23655399065894583
citeseer,BundleSheaf,false,5,4,epoch-50,1,5,confidence,0.7478397916436444
citeseer,BundleSheaf,false,5,4,epoch-50,2,5,confidence,0.9090613592632356
citeseer,BundleSheaf,false,5,4,epoch-50,3,5,confidence,0.9467270757051771
citeseer,BundleSheaf,false,5,4,epoch-50,4,5,confidence,0.9538541637016944
citeseer,BundleSheaf,false,5,4,epoch-50,0,5,saliency,0.18489285291146149
citeseer,BundleSheaf,false,5,4,epoch-50,1,5,saliency,0.680448330907076
citeseer,BundleSheaf,false,5,4,epoch-50,2,5,saliency,0.841922020756024
citeseer,BundleSheaf,false,5,4,epoch-50,3,5,saliency,0.8774589277297753
citeseer,BundleSheaf,false,5,4,epoch-50,4,5,saliency,0.8869711275450768
citeseer,BundleSheaf,false,5,4,epoch-50,0,5,cohens_d_train,0.9482538
citeseer,BundleSheaf,false,5,4,epoch-50,1,5,cohens_d_train,0.22158854
citeseer,BundleSheaf,false,5,4,epoch-50,2,5,cohens_d_train,0.16821383
citeseer,BundleSheaf,false,5,4,epoch-50,3,5,cohens_d_train,0.17715332
citeseer,BundleSheaf,false,5,4,epoch-50,4,5,cohens_d_train,0.15852308
citeseer,BundleSheaf,false,5,4,epoch-50,0,5,cohens_d_test,0.95070565
citeseer,BundleSheaf,false,5,4,epoch-50,1,5,cohens_d_test,0.59715325
citeseer,BundleSheaf,false,5,4,epoch-50,2,5,cohens_d_test,0.75780904
citeseer,BundleSheaf,false,5,4,epoch-50,3,5,cohens_d_test,0.7862737
citeseer,BundleSheaf,false,5,4,epoch-50,4,5,cohens_d_test,0.80556405
citeseer,BundleSheaf,false,5,4,epoch-50,0,6,degree,0.08018317089458661
citeseer,BundleSheaf,false,5,4,epoch-50,1,6,degree,0.7640418561061679
citeseer,BundleSheaf,false,5,4,epoch-50,2,6,degree,0.8316359964725312
citeseer,BundleSheaf,false,5,4,epoch-50,3,6,degree,0.7768282760592283
citeseer,BundleSheaf,false,5,4,epoch-50,4,6,degree,0.7391198438263973
citeseer,BundleSheaf,false,5,4,epoch-50,0,6,betweenness,0.09347729572578516
citeseer,BundleSheaf,false,5,4,epoch-50,1,6,betweenness,0.6553873828910547
citeseer,BundleSheaf,false,5,4,epoch-50,2,6,betweenness,0.7156020687314296
citeseer,BundleSheaf,false,5,4,epoch-50,3,6,betweenness,0.6758647110121254
citeseer,BundleSheaf,false,5,4,epoch-50,4,6,betweenness,0.6522685133518827
citeseer,BundleSheaf,false,5,4,epoch-50,0,6,confidence,0.2541640596617469
citeseer,BundleSheaf,false,5,4,epoch-50,1,6,confidence,0.7369266594826674
citeseer,BundleSheaf,false,5,4,epoch-50,2,6,confidence,0.9014593107765477
citeseer,BundleSheaf,false,5,4,epoch-50,3,6,confidence,0.9367001276756728
citeseer,BundleSheaf,false,5,4,epoch-50,4,6,confidence,0.9446508374459921
citeseer,BundleSheaf,false,5,4,epoch-50,0,6,saliency,0.21277469911511515
citeseer,BundleSheaf,false,5,4,epoch-50,1,6,saliency,0.7666775194008772
citeseer,BundleSheaf,false,5,4,epoch-50,2,6,saliency,0.9425010908359504
citeseer,BundleSheaf,false,5,4,epoch-50,3,6,saliency,0.9580350727046837
citeseer,BundleSheaf,false,5,4,epoch-50,4,6,saliency,0.9499495492754325
citeseer,BundleSheaf,false,5,4,epoch-50,0,6,cohens_d_train,0.31853196
citeseer,BundleSheaf,false,5,4,epoch-50,1,6,cohens_d_train,0.4104031
citeseer,BundleSheaf,false,5,4,epoch-50,2,6,cohens_d_train,0.500716
citeseer,BundleSheaf,false,5,4,epoch-50,3,6,cohens_d_train,0.6300506
citeseer,BundleSheaf,false,5,4,epoch-50,4,6,cohens_d_train,0.63418657
citeseer,BundleSheaf,false,5,4,epoch-50,0,6,cohens_d_test,0.47726
citeseer,BundleSheaf,false,5,4,epoch-50,1,6,cohens_d_test,0.12983015
citeseer,BundleSheaf,false,5,4,epoch-50,2,6,cohens_d_test,0.16367072
citeseer,BundleSheaf,false,5,4,epoch-50,3,6,cohens_d_test,0.35117897
citeseer,BundleSheaf,false,5,4,epoch-50,4,6,cohens_d_test,0.5106141
citeseer,BundleSheaf,false,5,4,epoch-50,0,7,degree,0.11622158019795303
citeseer,BundleSheaf,false,5,4,epoch-50,1,7,degree,0.7596114771708506
citeseer,BundleSheaf,false,5,4,epoch-50,2,7,degree,0.827955162097448
citeseer,BundleSheaf,false,5,4,epoch-50,3,7,degree,0.772581597255475
citeseer,BundleSheaf,false,5,4,epoch-50,4,7,degree,0.735008254141404
citeseer,BundleSheaf,false,5,4,epoch-50,0,7,betweenness,0.13110996337555472
citeseer,BundleSheaf,false,5,4,epoch-50,1,7,betweenness,0.6529536165201346
citeseer,BundleSheaf,false,5,4,epoch-50,2,7,betweenness,0.7141529054052721
citeseer,BundleSheaf,false,5,4,epoch-50,3,7,betweenness,0.6756520445206977
citeseer,BundleSheaf,false,5,4,epoch-50,4,7,betweenness,0.6496287860732767
citeseer,BundleSheaf,false,5,4,epoch-50,0,7,confidence,0.3013075790795736
citeseer,BundleSheaf,false,5,4,epoch-50,1,7,confidence,0.7427564032728644
citeseer,BundleSheaf,false,5,4,epoch-50,2,7,confidence,0.8797911027012288
citeseer,BundleSheaf,false,5,4,epoch-50,3,7,confidence,0.9185941118678767
citeseer,BundleSheaf,false,5,4,epoch-50,4,7,confidence,0.928944759905931
citeseer,BundleSheaf,false,5,4,epoch-50,0,7,saliency,0.23283194806762908
citeseer,BundleSheaf,false,5,4,epoch-50,1,7,saliency,0.7375821710581377
citeseer,BundleSheaf,false,5,4,epoch-50,2,7,saliency,0.9196846020020871
citeseer,BundleSheaf,false,5,4,epoch-50,3,7,saliency,0.9523169936359615
citeseer,BundleSheaf,false,5,4,epoch-50,4,7,saliency,0.9506938492762544
citeseer,BundleSheaf,false,5,4,epoch-50,0,7,cohens_d_train,0.44932956
citeseer,BundleSheaf,false,5,4,epoch-50,1,7,cohens_d_train,0.25667614
citeseer,BundleSheaf,false,5,4,epoch-50,2,7,cohens_d_train,0.23924193
citeseer,BundleSheaf,false,5,4,epoch-50,3,7,cohens_d_train,0.45840693
citeseer,BundleSheaf,false,5,4,epoch-50,4,7,cohens_d_train,0.49185425
citeseer,BundleSheaf,false,5,4,epoch-50,0,7,cohens_d_test,0.79227954
citeseer,BundleSheaf,false,5,4,epoch-50,1,7,cohens_d_test,0.57365865
citeseer,BundleSheaf,false,5,4,epoch-50,2,7,cohens_d_test,0.7492307
citeseer,BundleSheaf,false,5,4,epoch-50,3,7,cohens_d_test,0.75647897
citeseer,BundleSheaf,false,5,4,epoch-50,4,7,cohens_d_test,0.80672175
citeseer,BundleSheaf,false,5,4,epoch-50,0,8,degree,0.07570089391925186
citeseer,BundleSheaf,false,5,4,epoch-50,1,8,degree,0.7294931383229872
citeseer,BundleSheaf,false,5,4,epoch-50,2,8,degree,0.8336546173186686
citeseer,BundleSheaf,false,5,4,epoch-50,3,8,degree,0.7819746859881903
citeseer,BundleSheaf,false,5,4,epoch-50,4,8,degree,0.7387918223845259
citeseer,BundleSheaf,false,5,4,epoch-50,0,8,betweenness,0.07699430580314301
citeseer,BundleSheaf,false,5,4,epoch-50,1,8,betweenness,0.6301474792536489
citeseer,BundleSheaf,false,5,4,epoch-50,2,8,betweenness,0.7188030044092851
citeseer,BundleSheaf,false,5,4,epoch-50,3,8,betweenness,0.6818967319054587
citeseer,BundleSheaf,false,5,4,epoch-50,4,8,betweenness,0.6532802113955511
citeseer,BundleSheaf,false,5,4,epoch-50,0,8,confidence,0.2088133537116428
citeseer,BundleSheaf,false,5,4,epoch-50,1,8,confidence,0.6906979364569487
citeseer,BundleSheaf,false,5,4,epoch-50,2,8,confidence,0.8991989336172888
citeseer,BundleSheaf,false,5,4,epoch-50,3,8,confidence,0.9406007817489138
citeseer,BundleSheaf,false,5,4,epoch-50,4,8,confidence,0.9478328036554179
citeseer,BundleSheaf,false,5,4,epoch-50,0,8,saliency,0.15787858974451824
citeseer,BundleSheaf,false,5,4,epoch-50,1,8,saliency,0.6881099691992364
citeseer,BundleSheaf,false,5,4,epoch-50,2,8,saliency,0.9331728746979694
citeseer,BundleSheaf,false,5,4,epoch-50,3,8,saliency,0.9620190370577606
citeseer,BundleSheaf,false,5,4,epoch-50,4,8,saliency,0.9597191393416138
citeseer,BundleSheaf,false,5,4,epoch-50,0,8,cohens_d_train,0.6205928
citeseer,BundleSheaf,false,5,4,epoch-50,1,8,cohens_d_train,0.27850586
citeseer,BundleSheaf,false,5,4,epoch-50,2,8,cohens_d_train,0.18167192
citeseer,BundleSheaf,false,5,4,epoch-50,3,8,cohens_d_train,0.13396366
citeseer,BundleSheaf,false,5,4,epoch-50,4,8,cohens_d_train,0.1369512
citeseer,BundleSheaf,false,5,4,epoch-50,0,8,cohens_d_test,0.6727358
citeseer,BundleSheaf,false,5,4,epoch-50,1,8,cohens_d_test,0.19629148
citeseer,BundleSheaf,false,5,4,epoch-50,2,8,cohens_d_test,0.27451766
citeseer,BundleSheaf,false,5,4,epoch-50,3,8,cohens_d_test,0.2798232
citeseer,BundleSheaf,false,5,4,epoch-50,4,8,cohens_d_test,0.46983686
citeseer,BundleSheaf,false,5,4,epoch-50,0,9,degree,0.12062701767414773
citeseer,BundleSheaf,false,5,4,epoch-50,1,9,degree,0.7346462003579376
citeseer,BundleSheaf,false,5,4,epoch-50,2,9,degree,0.8315397394341483
citeseer,BundleSheaf,false,5,4,epoch-50,3,9,degree,0.7853534531295603
citeseer,BundleSheaf,false,5,4,epoch-50,4,9,degree,0.7408001796269619
citeseer,BundleSheaf,false,5,4,epoch-50,0,9,betweenness,0.12124482510968196
citeseer,BundleSheaf,false,5,4,epoch-50,1,9,betweenness,0.6410882123774955
citeseer,BundleSheaf,false,5,4,epoch-50,2,9,betweenness,0.7186345850610536
citeseer,BundleSheaf,false,5,4,epoch-50,3,9,betweenness,0.6853628106730707
citeseer,BundleSheaf,false,5,4,epoch-50,4,9,betweenness,0.6539153995751568
citeseer,BundleSheaf,false,5,4,epoch-50,0,9,confidence,0.2567485622504101
citeseer,BundleSheaf,false,5,4,epoch-50,1,9,confidence,0.6988713444615484
citeseer,BundleSheaf,false,5,4,epoch-50,2,9,confidence,0.8828986177581817
citeseer,BundleSheaf,false,5,4,epoch-50,3,9,confidence,0.9198618167156836
citeseer,BundleSheaf,false,5,4,epoch-50,4,9,confidence,0.9297477400209595
citeseer,BundleSheaf,false,5,4,epoch-50,0,9,saliency,0.24662033955061236
citeseer,BundleSheaf,false,5,4,epoch-50,1,9,saliency,0.7230008179341896
citeseer,BundleSheaf,false,5,4,epoch-50,2,9,saliency,0.9373704355626324
citeseer,BundleSheaf,false,5,4,epoch-50,3,9,saliency,0.9669166872916416
citeseer,BundleSheaf,false,5,4,epoch-50,4,9,saliency,0.9666039755130289
citeseer,BundleSheaf,false,5,4,epoch-50,0,9,cohens_d_train,0.6437857
citeseer,BundleSheaf,false,5,4,epoch-50,1,9,cohens_d_train,0.2928283
citeseer,BundleSheaf,false,5,4,epoch-50,2,9,cohens_d_train,0.18768
citeseer,BundleSheaf,false,5,4,epoch-50,3,9,cohens_d_train,0.30620378
citeseer,BundleSheaf,false,5,4,epoch-50,4,9,cohens_d_train,0.48246405
citeseer,BundleSheaf,false,5,4,epoch-50,0,9,cohens_d_test,0.98601145
citeseer,BundleSheaf,false,5,4,epoch-50,1,9,cohens_d_test,0.55233234
citeseer,BundleSheaf,false,5,4,epoch-50,2,9,cohens_d_test,0.7261904
citeseer,BundleSheaf,false,5,4,epoch-50,3,9,cohens_d_test,0.84598273
citeseer,BundleSheaf,false,5,4,epoch-50,4,9,cohens_d_test,0.7812504
citeseer,BundleSheaf,false,5,4,epoch-200,0,0,degree,0.08444866161436558
citeseer,BundleSheaf,false,5,4,epoch-200,1,0,degree,0.76739943026173
citeseer,BundleSheaf,false,5,4,epoch-200,2,0,degree,0.8323848268531888
citeseer,BundleSheaf,false,5,4,epoch-200,3,0,degree,0.775140590834335
citeseer,BundleSheaf,false,5,4,epoch-200,4,0,degree,0.7387991707561524
citeseer,BundleSheaf,false,5,4,epoch-200,0,0,betweenness,0.10056021235960919
citeseer,BundleSheaf,false,5,4,epoch-200,1,0,betweenness,0.6641689626440954
citeseer,BundleSheaf,false,5,4,epoch-200,2,0,betweenness,0.7147916492194304
citeseer,BundleSheaf,false,5,4,epoch-200,3,0,betweenness,0.6725941539961665
citeseer,BundleSheaf,false,5,4,epoch-200,4,0,betweenness,0.652374916645814
citeseer,BundleSheaf,false,5,4,epoch-200,0,0,confidence,0.30574160780134574
citeseer,BundleSheaf,false,5,4,epoch-200,1,0,confidence,0.7003929440611603
citeseer,BundleSheaf,false,5,4,epoch-200,2,0,confidence,0.8028724821353056
citeseer,BundleSheaf,false,5,4,epoch-200,3,0,confidence,0.8333182255152456
citeseer,BundleSheaf,false,5,4,epoch-200,4,0,confidence,0.8427134819521745
citeseer,BundleSheaf,false,5,4,epoch-200,0,0,saliency,0.23272538723538458
citeseer,BundleSheaf,false,5,4,epoch-200,1,0,saliency,0.7442862729783506
citeseer,BundleSheaf,false,5,4,epoch-200,2,0,saliency,0.9314218503219638
citeseer,BundleSheaf,false,5,4,epoch-200,3,0,saliency,0.9534630140691055
citeseer,BundleSheaf,false,5,4,epoch-200,4,0,saliency,0.9499563518089724
citeseer,BundleSheaf,false,5,4,epoch-200,0,0,cohens_d_train,0.3688477
citeseer,BundleSheaf,false,5,4,epoch-200,1,0,cohens_d_train,0.51914066
citeseer,BundleSheaf,false,5,4,epoch-200,2,0,cohens_d_train,0.6119814
citeseer,BundleSheaf,false,5,4,epoch-200,3,0,cohens_d_train,0.6449011
citeseer,BundleSheaf,false,5,4,epoch-200,4,0,cohens_d_train,0.5967359
citeseer,BundleSheaf,false,5,4,epoch-200,0,0,cohens_d_test,0.6760974
citeseer,BundleSheaf,false,5,4,epoch-200,1,0,cohens_d_test,0.20107448
citeseer,BundleSheaf,false,5,4,epoch-200,2,0,cohens_d_test,0.16330676
citeseer,BundleSheaf,false,5,4,epoch-200,3,0,cohens_d_test,0.15976244
citeseer,BundleSheaf,false,5,4,epoch-200,4,0,cohens_d_test,0.15586613
citeseer,BundleSheaf,false,5,4,epoch-200,0,1,degree,0.06986252515164385
citeseer,BundleSheaf,false,5,4,epoch-200,1,1,degree,0.6496213957984033
citeseer,BundleSheaf,false,5,4,epoch-200,2,1,degree,0.8157126859566481
citeseer,BundleSheaf,false,5,4,epoch-200,3,1,degree,0.7853324454875258
citeseer,BundleSheaf,false,5,4,epoch-200,4,1,degree,0.7509113257888441
citeseer,BundleSheaf,false,5,4,epoch-200,0,1,betweenness,0.07782828224223487
citeseer,BundleSheaf,false,5,4,epoch-200,1,1,betweenness,0.566016170586861
citeseer,BundleSheaf,false,5,4,epoch-200,2,1,betweenness,0.7041774678463394
citeseer,BundleSheaf,false,5,4,epoch-200,3,1,betweenness,0.682170583223091
citeseer,BundleSheaf,false,5,4,epoch-200,4,1,betweenness,0.6610910542382529
citeseer,BundleSheaf,false,5,4,epoch-200,0,1,confidence,0.17471146569499696
citeseer,BundleSheaf,false,5,4,epoch-200,1,1,confidence,0.592700316161195
citeseer,BundleSheaf,false,5,4,epoch-200,2,1,confidence,0.788400866040848
citeseer,BundleSheaf,false,5,4,epoch-200,3,1,confidence,0.8251594987407895
citeseer,BundleSheaf,false,5,4,epoch-200,4,1,confidence,0.8330315662704993
citeseer,BundleSheaf,false,5,4,epoch-200,0,1,saliency,0.1920494821363146
citeseer,BundleSheaf,false,5,4,epoch-200,1,1,saliency,0.6560657443993035
citeseer,BundleSheaf,false,5,4,epoch-200,2,1,saliency,0.9121420178357496
citeseer,BundleSheaf,false,5,4,epoch-200,3,1,saliency,0.9476740875977436
citeseer,BundleSheaf,false,5,4,epoch-200,4,1,saliency,0.9515980926405392
citeseer,BundleSheaf,false,5,4,epoch-200,0,1,cohens_d_train,0.31582922
citeseer,BundleSheaf,false,5,4,epoch-200,1,1,cohens_d_train,0.3254142
citeseer,BundleSheaf,false,5,4,epoch-200,2,1,cohens_d_train,0.56364477
citeseer,BundleSheaf,false,5,4,epoch-200,3,1,cohens_d_train,0.5522161
citeseer,BundleSheaf,false,5,4,epoch-200,4,1,cohens_d_train,0.5962817
citeseer,BundleSheaf,false,5,4,epoch-200,0,1,cohens_d_test,0.30836922
citeseer,BundleSheaf,false,5,4,epoch-200,1,1,cohens_d_test,0.2346626
citeseer,BundleSheaf,false,5,4,epoch-200,2,1,cohens_d_test,0.59769654
citeseer,BundleSheaf,false,5,4,epoch-200,3,1,cohens_d_test,0.55690885
citeseer,BundleSheaf,false,5,4,epoch-200,4,1,cohens_d_test,0.55177146
citeseer,BundleSheaf,false,5,4,epoch-200,0,2,degree,0.053278559244936144
citeseer,BundleSheaf,false,5,4,epoch-200,1,2,degree,0.7162212856415725
citeseer,BundleSheaf,false,5,4,epoch-200,2,2,degree,0.8185452939832534
citeseer,BundleSheaf,false,5,4,epoch-200,3,2,degree,0.778971505796882
citeseer,BundleSheaf,false,5,4,epoch-200,4,2,degree,0.753758023739867
citeseer,BundleSheaf,false,5,4,epoch-200,0,2,betweenness,0.06082418453549533
citeseer,BundleSheaf,false,5,4,epoch-200,1,2,betweenness,0.6219150154948039
citeseer,BundleSheaf,false,5,4,epoch-200,2,2,betweenness,0.7073016805159833
citeseer,BundleSheaf,false,5,4,epoch-200,3,2,betweenness,0.6780331876081578
citeseer,BundleSheaf,false,5,4,epoch-200,4,2,betweenness,0.6629042752425943
citeseer,BundleSheaf,false,5,4,epoch-200,0,2,confidence,0.17908735616824623
citeseer,BundleSheaf,false,5,4,epoch-200,1,2,confidence,0.676585839648266
citeseer,BundleSheaf,false,5,4,epoch-200,2,2,confidence,0.8346093240603144
citeseer,BundleSheaf,false,5,4,epoch-200,3,2,confidence,0.8538787897562252
citeseer,BundleSheaf,false,5,4,epoch-200,4,2,confidence,0.8524569350437653
citeseer,BundleSheaf,false,5,4,epoch-200,0,2,saliency,0.1396285787845531
citeseer,BundleSheaf,false,5,4,epoch-200,1,2,saliency,0.7101776384029234
citeseer,BundleSheaf,false,5,4,epoch-200,2,2,saliency,0.9093693652343279
citeseer,BundleSheaf,false,5,4,epoch-200,3,2,saliency,0.9261580384531264
citeseer,BundleSheaf,false,5,4,epoch-200,4,2,saliency,0.9186784511278759
citeseer,BundleSheaf,false,5,4,epoch-200,0,2,cohens_d_train,0.07744269
citeseer,BundleSheaf,false,5,4,epoch-200,1,2,cohens_d_train,0.30229524
citeseer,BundleSheaf,false,5,4,epoch-200,2,2,cohens_d_train,0.14072031
citeseer,BundleSheaf,false,5,4,epoch-200,3,2,cohens_d_train,0.12962969
citeseer,BundleSheaf,false,5,4,epoch-200,4,2,cohens_d_train,0.076250345
citeseer,BundleSheaf,false,5,4,epoch-200,0,2,cohens_d_test,0.36413017
citeseer,BundleSheaf,false,5,4,epoch-200,1,2,cohens_d_test,0.08780315
citeseer,BundleSheaf,false,5,4,epoch-200,2,2,cohens_d_test,0.094013676
citeseer,BundleSheaf,false,5,4,epoch-200,3,2,cohens_d_test,0.23836303
citeseer,BundleSheaf,false,5,4,epoch-200,4,2,cohens_d_test,0.09670943
citeseer,BundleSheaf,false,5,4,epoch-200,0,3,degree,0.09161255130651866
citeseer,BundleSheaf,false,5,4,epoch-200,1,3,degree,0.7380531653451072
citeseer,BundleSheaf,false,5,4,epoch-200,2,3,degree,0.8182169184821053
citeseer,BundleSheaf,false,5,4,epoch-200,3,3,degree,0.7699545795645246
citeseer,BundleSheaf,false,5,4,epoch-200,4,3,degree,0.7523527875406848
citeseer,BundleSheaf,false,5,4,epoch-200,0,3,betweenness,0.10538429627496242
citeseer,BundleSheaf,false,5,4,epoch-200,1,3,betweenness,0.6309167809536819
citeseer,BundleSheaf,false,5,4,epoch-200,2,3,betweenness,0.69983482009884
citeseer,BundleSheaf,false,5,4,epoch-200,3,3,betweenness,0.6665840475730761
citeseer,BundleSheaf,false,5,4,epoch-200,4,3,betweenness,0.6581065768595874
citeseer,BundleSheaf,false,5,4,epoch-200,0,3,confidence,0.274747495034789
citeseer,BundleSheaf,false,5,4,epoch-200,1,3,confidence,0.6901694568702476
citeseer,BundleSheaf,false,5,4,epoch-200,2,3,confidence,0.8335536095589239
citeseer,BundleSheaf,false,5,4,epoch-200,3,3,confidence,0.8557243793677987
citeseer,BundleSheaf,false,5,4,epoch-200,4,3,confidence,0.8615024445306505
citeseer,BundleSheaf,false,5,4,epoch-200,0,3,saliency,0.21451847406654553
citeseer,BundleSheaf,false,5,4,epoch-200,1,3,saliency,0.702491359915396
citeseer,BundleSheaf,false,5,4,epoch-200,2,3,saliency,0.899787999162727
citeseer,BundleSheaf,false,5,4,epoch-200,3,3,saliency,0.9225021242199927
citeseer,BundleSheaf,false,5,4,epoch-200,4,3,saliency,0.9243167614079257
citeseer,BundleSheaf,false,5,4,epoch-200,0,3,cohens_d_train,0.2957799
citeseer,BundleSheaf,false,5,4,epoch-200,1,3,cohens_d_train,0.22172986
citeseer,BundleSheaf,false,5,4,epoch-200,2,3,cohens_d_train,0.17614104
citeseer,BundleSheaf,false,5,4,epoch-200,3,3,cohens_d_train,0.22331159
citeseer,BundleSheaf,false,5,4,epoch-200,4,3,cohens_d_train,0.14261945
citeseer,BundleSheaf,false,5,4,epoch-200,0,3,cohens_d_test,0.5796368
citeseer,BundleSheaf,false,5,4,epoch-200,1,3,cohens_d_test,0.6399668
citeseer,BundleSheaf,false,5,4,epoch-200,2,3,cohens_d_test,0.8047623
citeseer,BundleSheaf,false,5,4,epoch-200,3,3,cohens_d_test,0.7860417
citeseer,BundleSheaf,false,5,4,epoch-200,4,3,cohens_d_test,0.80997187
citeseer,BundleSheaf,false,5,4,epoch-200,0,4,degree,0.08155912233943867
citeseer,BundleSheaf,false,5,4,epoch-200,1,4,degree,0.7616974077301054
citeseer,BundleSheaf,false,5,4,epoch-200,2,4,degree,0.8341484871558414
citeseer,BundleSheaf,false,5,4,epoch-200,3,4,degree,0.7790712304281749
citeseer,BundleSheaf,false,5,4,epoch-200,4,4,degree,0.750619021466594
citeseer,BundleSheaf,false,5,4,epoch-200,0,4,betweenness,0.07593131329308736
citeseer,BundleSheaf,false,5,4,epoch-200,1,4,betweenness,0.6443895961144684
citeseer,BundleSheaf,false,5,4,epoch-200,2,4,betweenness,0.7190419067343519
citeseer,BundleSheaf,false,5,4,epoch-200,3,4,betweenness,0.6805185406325538
citeseer,BundleSheaf,false,5,4,epoch-200,4,4,betweenness,0.6636848463379673
citeseer,BundleSheaf,false,5,4,epoch-200,0,4,confidence,0.19224058698887084
citeseer,BundleSheaf,false,5,4,epoch-200,1,4,confidence,0.5596904115454823
citeseer,BundleSheaf,false,5,4,epoch-200,2,4,confidence,0.6237606931109813
citeseer,BundleSheaf,false,5,4,epoch-200,3,4,confidence,0.6400149031888058
citeseer,BundleSheaf,false,5,4,epoch-200,4,4,confidence,0.6512159274739427
citeseer,BundleSheaf,false,5,4,epoch-200,0,4,saliency,0.2008859555332447
citeseer,BundleSheaf,false,5,4,epoch-200,1,4,saliency,0.680257820137205
citeseer,BundleSheaf,false,5,4,epoch-200,2,4,saliency,0.8421085108797266
citeseer,BundleSheaf,false,5,4,epoch-200,3,4,saliency,0.8752267698744359
citeseer,BundleSheaf,false,5,4,epoch-200,4,4,saliency,0.8809596580671355
citeseer,BundleSheaf,false,5,4,epoch-200,0,4,cohens_d_train,0.1187436
citeseer,BundleSheaf,false,5,4,epoch-200,1,4,cohens_d_train,0.47752443
citeseer,BundleSheaf,false,5,4,epoch-200,2,4,cohens_d_train,0.6587269
citeseer,BundleSheaf,false,5,4,epoch-200,3,4,cohens_d_train,0.7348346
citeseer,BundleSheaf,false,5,4,epoch-200,4,4,cohens_d_train,0.65435725
citeseer,BundleSheaf,false,5,4,epoch-200,0,4,cohens_d_test,0.6372003
citeseer,BundleSheaf,false,5,4,epoch-200,1,4,cohens_d_test,0.36542377
citeseer,BundleSheaf,false,5,4,epoch-200,2,4,cohens_d_test,0.6590095
citeseer,BundleSheaf,false,5,4,epoch-200,3,4,cohens_d_test,0.98287505
citeseer,BundleSheaf,false,5,4,epoch-200,4,4,cohens_d_test,0.93330806
citeseer,BundleSheaf,false,5,4,epoch-200,0,5,degree,0.07338874433293206
citeseer,BundleSheaf,false,5,4,epoch-200,1,5,degree,0.7901103842789953
citeseer,BundleSheaf,false,5,4,epoch-200,2,5,degree,0.8369794026376802
citeseer,BundleSheaf,false,5,4,epoch-200,3,5,degree,0.7654687150448529
citeseer,BundleSheaf,false,5,4,epoch-200,4,5,degree,0.7374477389960923
citeseer,BundleSheaf,false,5,4,epoch-200,0,5,betweenness,0.07487762483455537
citeseer,BundleSheaf,false,5,4,epoch-200,1,5,betweenness,0.6815077227777961
citeseer,BundleSheaf,false,5,4,epoch-200,2,5,betweenness,0.7217333841069158
citeseer,BundleSheaf,false,5,4,epoch-200,3,5,betweenness,0.6694727290818103
citeseer,BundleSheaf,false,5,4,epoch-200,4,5,betweenness,0.6529931998820139
citeseer,BundleSheaf,false,5,4,epoch-200,0,5,confidence,0.2622163254938063
citeseer,BundleSheaf,false,5,4,epoch-200,1,5,confidence,0.7299820060807761
citeseer,BundleSheaf,false,5,4,epoch-200,2,5,confidence,0.871291886951624
citeseer,BundleSheaf,false,5,4,epoch-200,3,5,confidence,0.8978059036445601
citeseer,BundleSheaf,false,5,4,epoch-200,4,5,confidence,0.9029008563436345
citeseer,BundleSheaf,false,5,4,epoch-200,0,5,saliency,0.21802164803730126
citeseer,BundleSheaf,false,5,4,epoch-200,1,5,saliency,0.7008665222916642
citeseer,BundleSheaf,false,5,4,epoch-200,2,5,saliency,0.8391923878872491
citeseer,BundleSheaf,false,5,4,epoch-200,3,5,saliency,0.8658942107770313
citeseer,BundleSheaf,false,5,4,epoch-200,4,5,saliency,0.8648734518605734
citeseer,BundleSheaf,false,5,4,epoch-200,0,5,cohens_d_train,0.5373153
citeseer,BundleSheaf,false,5,4,epoch-200,1,5,cohens_d_train,0.30744323
citeseer,BundleSheaf,false,5,4,epoch-200,2,5,cohens_d_train,0.23179255
citeseer,BundleSheaf,false,5,4,epoch-200,3,5,cohens_d_train,0.21407582
citeseer,BundleSheaf,false,5,4,epoch-200,4,5,cohens_d_train,0.14324738
citeseer,BundleSheaf,false,5,4,epoch-200,0,5,cohens_d_test,0.5976837
citeseer,BundleSheaf,false,5,4,epoch-200,1,5,cohens_d_test,0.39642024
citeseer,BundleSheaf,false,5,4,epoch-200,2,5,cohens_d_test,0.7259482
citeseer,BundleSheaf,false,5,4,epoch-200,3,5,cohens_d_test,0.7564564
citeseer,BundleSheaf,false,5,4,epoch-200,4,5,cohens_d_test,0.6982515
citeseer,BundleSheaf,false,5,4,epoch-200,0,6,degree,0.049732768384329586
citeseer,BundleSheaf,false,5,4,epoch-200,1,6,degree,0.7771790248734237
citeseer,BundleSheaf,false,5,4,epoch-200,2,6,degree,0.83450299287868
citeseer,BundleSheaf,false,5,4,epoch-200,3,6,degree,0.7806968254553877
citeseer,BundleSheaf,false,5,4,epoch-200,4,6,degree,0.7413411159266015
citeseer,BundleSheaf,false,5,4,epoch-200,0,6,betweenness,0.061161041919111585
citeseer,BundleSheaf,false,5,4,epoch-200,1,6,betweenness,0.6674492472194304
citeseer,BundleSheaf,false,5,4,epoch-200,2,6,betweenness,0.7162593668939026
citeseer,BundleSheaf,false,5,4,epoch-200,3,6,betweenness,0.6769555308999798
citeseer,BundleSheaf,false,5,4,epoch-200,4,6,betweenness,0.6503941010319808
citeseer,BundleSheaf,false,5,4,epoch-200,0,6,confidence,0.2555908341939608
citeseer,BundleSheaf,false,5,4,epoch-200,1,6,confidence,0.7235125654229303
citeseer,BundleSheaf,false,5,4,epoch-200,2,6,confidence,0.8761092678210388
citeseer,BundleSheaf,false,5,4,epoch-200,3,6,confidence,0.9131091811889958
citeseer,BundleSheaf,false,5,4,epoch-200,4,6,confidence,0.9266444666767755
citeseer,BundleSheaf,false,5,4,epoch-200,0,6,saliency,0.19940078261518537
citeseer,BundleSheaf,false,5,4,epoch-200,1,6,saliency,0.7595760196428141
citeseer,BundleSheaf,false,5,4,epoch-200,2,6,saliency,0.9407655476874947
citeseer,BundleSheaf,false,5,4,epoch-200,3,6,saliency,0.9635389914068198
citeseer,BundleSheaf,false,5,4,epoch-200,4,6,saliency,0.9599314702200761
citeseer,BundleSheaf,false,5,4,epoch-200,0,6,cohens_d_train,0.13731328
citeseer,BundleSheaf,false,5,4,epoch-200,1,6,cohens_d_train,0.32112992
citeseer,BundleSheaf,false,5,4,epoch-200,2,6,cohens_d_train,0.43397456
citeseer,BundleSheaf,false,5,4,epoch-200,3,6,cohens_d_train,0.5681478
citeseer,BundleSheaf,false,5,4,epoch-200,4,6,cohens_d_train,0.55529344
citeseer,BundleSheaf,false,5,4,epoch-200,0,6,cohens_d_test,0.4522257
citeseer,BundleSheaf,false,5,4,epoch-200,1,6,cohens_d_test,0.066300586
citeseer,BundleSheaf,false,5,4,epoch-200,2,6,cohens_d_test,0.1477443
citeseer,BundleSheaf,false,5,4,epoch-200,3,6,cohens_d_test,0.44886243
citeseer,BundleSheaf,false,5,4,epoch-200,4,6,cohens_d_test,0.4823671
citeseer,BundleSheaf,false,5,4,epoch-200,0,7,degree,0.1128489023679043
citeseer,BundleSheaf,false,5,4,epoch-200,1,7,degree,0.7506671793724858
citeseer,BundleSheaf,false,5,4,epoch-200,2,7,degree,0.8193092434241823
citeseer,BundleSheaf,false,5,4,epoch-200,3,7,degree,0.7675357687184933
citeseer,BundleSheaf,false,5,4,epoch-200,4,7,degree,0.7370793987370948
citeseer,BundleSheaf,false,5,4,epoch-200,0,7,betweenness,0.1316272208115862
citeseer,BundleSheaf,false,5,4,epoch-200,1,7,betweenness,0.6403891781121955
citeseer,BundleSheaf,false,5,4,epoch-200,2,7,betweenness,0.7037521478017063
citeseer,BundleSheaf,false,5,4,epoch-200,3,7,betweenness,0.6671034454749556
citeseer,BundleSheaf,false,5,4,epoch-200,4,7,betweenness,0.6492927901020589
citeseer,BundleSheaf,false,5,4,epoch-200,0,7,confidence,0.3031285653339246
citeseer,BundleSheaf,false,5,4,epoch-200,1,7,confidence,0.6511966604280446
citeseer,BundleSheaf,false,5,4,epoch-200,2,7,confidence,0.7740813269497131
citeseer,BundleSheaf,false,5,4,epoch-200,3,7,confidence,0.8220606252304196
citeseer,BundleSheaf,false,5,4,epoch-200,4,7,confidence,0.8355590190846075
citeseer,BundleSheaf,false,5,4,epoch-200,0,7,saliency,0.24236304946414636
citeseer,BundleSheaf,false,5,4,epoch-200,1,7,saliency,0.700919380449912
citeseer,BundleSheaf,false,5,4,epoch-200,2,7,saliency,0.8955356226681166
citeseer,BundleSheaf,false,5,4,epoch-200,3,7,saliency,0.9271118330957545
citeseer,BundleSheaf,false,5,4,epoch-200,4,7,saliency,0.9262496792270066
citeseer,BundleSheaf,false,5,4,epoch-200,0,7,cohens_d_train,0.36275473
citeseer,BundleSheaf,false,5,4,epoch-200,1,7,cohens_d_train,0.40329382
citeseer,BundleSheaf,false,5,4,epoch-200,2,7,cohens_d_train,0.35150498
citeseer,BundleSheaf,false,5,4,epoch-200,3,7,cohens_d_train,0.5976251
citeseer,BundleSheaf,false,5,4,epoch-200,4,7,cohens_d_train,0.4402959
citeseer,BundleSheaf,false,5,4,epoch-200,0,7,cohens_d_test,0.30399936
citeseer,BundleSheaf,false,5,4,epoch-200,1,7,cohens_d_test,0.5452221
citeseer,BundleSheaf,false,5,4,epoch-200,2,7,cohens_d_test,0.8041963
citeseer,BundleSheaf,false,5,4,epoch-200,3,7,cohens_d_test,0.81927663
citeseer,BundleSheaf,false,5,4,epoch-200,4,7,cohens_d_test,0.83183765
citeseer,BundleSheaf,false,5,4,epoch-200,0,8,degree,0.05171080503112497
citeseer,BundleSheaf,false,5,4,epoch-200,1,8,degree,0.6849305422527556
citeseer,BundleSheaf,false,5,4,epoch-200,2,8,degree,0.8271970113583622
citeseer,BundleSheaf,false,5,4,epoch-200,3,8,degree,0.7830815453528467
citeseer,BundleSheaf,false,5,4,epoch-200,4,8,degree,0.7520411673119046
citeseer,BundleSheaf,false,5,4,epoch-200,0,8,betweenness,0.0596270070450713
citeseer,BundleSheaf,false,5,4,epoch-200,1,8,betweenness,0.604056454754717
citeseer,BundleSheaf,false,5,4,epoch-200,2,8,betweenness,0.7161151254079876
citeseer,BundleSheaf,false,5,4,epoch-200,3,8,betweenness,0.6827289653115575
citeseer,BundleSheaf,false,5,4,epoch-200,4,8,betweenness,0.6619109232793777
citeseer,BundleSheaf,false,5,4,epoch-200,0,8,confidence,0.20413597089078817
citeseer,BundleSheaf,false,5,4,epoch-200,1,8,confidence,0.6737187314030213
citeseer,BundleSheaf,false,5,4,epoch-200,2,8,confidence,0.8650799312726769
citeseer,BundleSheaf,false,5,4,epoch-200,3,8,confidence,0.9123685128045164
citeseer,BundleSheaf,false,5,4,epoch-200,4,8,confidence,0.9200899191661391
citeseer,BundleSheaf,false,5,4,epoch-200,0,8,saliency,0.18255016709920024
citeseer,BundleSheaf,false,5,4,epoch-200,1,8,saliency,0.702071053448273
citeseer,BundleSheaf,false,5,4,epoch-200,2,8,saliency,0.9199350030038919
citeseer,BundleSheaf,false,5,4,epoch-200,3,8,saliency,0.9634894513542127
citeseer,BundleSheaf,false,5,4,epoch-200,4,8,saliency,0.9653913462647611
citeseer,BundleSheaf,false,5,4,epoch-200,0,8,cohens_d_train,0.15529032
citeseer,BundleSheaf,false,5,4,epoch-200,1,8,cohens_d_train,0.28301752
citeseer,BundleSheaf,false,5,4,epoch-200,2,8,cohens_d_train,0.17119063
citeseer,BundleSheaf,false,5,4,epoch-200,3,8,cohens_d_train,0.12439105
citeseer,BundleSheaf,false,5,4,epoch-200,4,8,cohens_d_train,0.09107941
citeseer,BundleSheaf,false,5,4,epoch-200,0,8,cohens_d_test,0.18522188
citeseer,BundleSheaf,false,5,4,epoch-200,1,8,cohens_d_test,0.060133375
citeseer,BundleSheaf,false,5,4,epoch-200,2,8,cohens_d_test,0.021059766
citeseer,BundleSheaf,false,5,4,epoch-200,3,8,cohens_d_test,0.05804126
citeseer,BundleSheaf,false,5,4,epoch-200,4,8,cohens_d_test,0.029571485
citeseer,BundleSheaf,false,5,4,epoch-200,0,9,degree,0.07502348954402768
citeseer,BundleSheaf,false,5,4,epoch-200,1,9,degree,0.7570977264497594
citeseer,BundleSheaf,false,5,4,epoch-200,2,9,degree,0.8246588636984148
citeseer,BundleSheaf,false,5,4,epoch-200,3,9,degree,0.7773658176285683
citeseer,BundleSheaf,false,5,4,epoch-200,4,9,degree,0.7428175122576199
citeseer,BundleSheaf,false,5,4,epoch-200,0,9,betweenness,0.0848574598299523
citeseer,BundleSheaf,false,5,4,epoch-200,1,9,betweenness,0.6465465492780974
citeseer,BundleSheaf,false,5,4,epoch-200,2,9,betweenness,0.7074936626344569
citeseer,BundleSheaf,false,5,4,epoch-200,3,9,betweenness,0.6736207986504716
citeseer,BundleSheaf,false,5,4,epoch-200,4,9,betweenness,0.65072436492442
citeseer,BundleSheaf,false,5,4,epoch-200,0,9,confidence,0.2556551772372308
citeseer,BundleSheaf,false,5,4,epoch-200,1,9,confidence,0.7112088125396434
citeseer,BundleSheaf,false,5,4,epoch-200,2,9,confidence,0.8639644299193483
citeseer,BundleSheaf,false,5,4,epoch-200,3,9,confidence,0.9041674641604486
citeseer,BundleSheaf,false,5,4,epoch-200,4,9,confidence,0.9139046451855711
citeseer,BundleSheaf,false,5,4,epoch-200,0,9,saliency,0.20616346019925474
citeseer,BundleSheaf,false,5,4,epoch-200,1,9,saliency,0.7426598346055577
citeseer,BundleSheaf,false,5,4,epoch-200,2,9,saliency,0.9278079547697622
citeseer,BundleSheaf,false,5,4,epoch-200,3,9,saliency,0.9539449273178715
citeseer,BundleSheaf,false,5,4,epoch-200,4,9,saliency,0.9501481212022415
citeseer,BundleSheaf,false,5,4,epoch-200,0,9,cohens_d_train,0.2555581
citeseer,BundleSheaf,false,5,4,epoch-200,1,9,cohens_d_train,0.42351186
citeseer,BundleSheaf,false,5,4,epoch-200,2,9,cohens_d_train,0.42039225
citeseer,BundleSheaf,false,5,4,epoch-200,3,9,cohens_d_train,0.47977608
citeseer,BundleSheaf,false,5,4,epoch-200,4,9,cohens_d_train,0.4935605
citeseer,BundleSheaf,false,5,4,epoch-200,0,9,cohens_d_test,0.5072058
citeseer,BundleSheaf,false,5,4,epoch-200,1,9,cohens_d_test,0.46742904
citeseer,BundleSheaf,false,5,4,epoch-200,2,9,cohens_d_test,0.6605617
citeseer,BundleSheaf,false,5,4,epoch-200,3,9,cohens_d_test,0.67875266
citeseer,BundleSheaf,false,5,4,epoch-200,4,9,cohens_d_test,0.70010406
citeseer,BundleSheaf,false,5,4,best-epoch,0,0,degree,0.05034619895418453
citeseer,BundleSheaf,false,5,4,best-epoch,1,0,degree,0.7972845171150265
citeseer,BundleSheaf,false,5,4,best-epoch,2,0,degree,0.850578036819217
citeseer,BundleSheaf,false,5,4,best-epoch,3,0,degree,0.786168474710864
citeseer,BundleSheaf,false,5,4,best-epoch,4,0,degree,0.7395969615803847
citeseer,BundleSheaf,false,5,4,best-epoch,0,0,betweenness,0.05833322020604912
citeseer,BundleSheaf,false,5,4,best-epoch,1,0,betweenness,0.6803359131002813
citeseer,BundleSheaf,false,5,4,best-epoch,2,0,betweenness,0.7311814813431491
citeseer,BundleSheaf,false,5,4,best-epoch,3,0,betweenness,0.6904073000546376
citeseer,BundleSheaf,false,5,4,best-epoch,4,0,betweenness,0.6577461406564403
citeseer,BundleSheaf,false,5,4,best-epoch,0,0,confidence,0.1472176771618281
citeseer,BundleSheaf,false,5,4,best-epoch,1,0,confidence,0.6844087381787639
citeseer,BundleSheaf,false,5,4,best-epoch,2,0,confidence,0.8992931105729107
citeseer,BundleSheaf,false,5,4,best-epoch,3,0,confidence,0.9452690988185201
citeseer,BundleSheaf,false,5,4,best-epoch,4,0,confidence,0.9567525364311575
citeseer,BundleSheaf,false,5,4,best-epoch,0,0,saliency,0.16723219827629154
citeseer,BundleSheaf,false,5,4,best-epoch,1,0,saliency,0.7085295849023198
citeseer,BundleSheaf,false,5,4,best-epoch,2,0,saliency,0.9333702549881128
citeseer,BundleSheaf,false,5,4,best-epoch,3,0,saliency,0.9790595522371492
citeseer,BundleSheaf,false,5,4,best-epoch,4,0,saliency,0.9875778900113727
citeseer,BundleSheaf,false,5,4,best-epoch,0,0,cohens_d_train,0.21017125
citeseer,BundleSheaf,false,5,4,best-epoch,1,0,cohens_d_train,0.24890262
citeseer,BundleSheaf,false,5,4,best-epoch,2,0,cohens_d_train,0.48961696
citeseer,BundleSheaf,false,5,4,best-epoch,3,0,cohens_d_train,0.78060466
citeseer,BundleSheaf,false,5,4,best-epoch,4,0,cohens_d_train,0.968541
citeseer,BundleSheaf,false,5,4,best-epoch,0,0,cohens_d_test,0.07515492
citeseer,BundleSheaf,false,5,4,best-epoch,1,0,cohens_d_test,0.024200339
citeseer,BundleSheaf,false,5,4,best-epoch,2,0,cohens_d_test,0.0025065558
citeseer,BundleSheaf,false,5,4,best-epoch,3,0,cohens_d_test,0.011052371
citeseer,BundleSheaf,false,5,4,best-epoch,4,0,cohens_d_test,0.0033190243
citeseer,BundleSheaf,false,5,4,best-epoch,0,1,degree,0.051054224253954526
citeseer,BundleSheaf,false,5,4,best-epoch,1,1,degree,0.6240920631936931
citeseer,BundleSheaf,false,5,4,best-epoch,2,1,degree,0.8141739314431737
citeseer,BundleSheaf,false,5,4,best-epoch,3,1,degree,0.77876119647881
citeseer,BundleSheaf,false,5,4,best-epoch,4,1,degree,0.7614387291062537
citeseer,BundleSheaf,false,5,4,best-epoch,0,1,betweenness,0.05726253996955511
citeseer,BundleSheaf,false,5,4,best-epoch,1,1,betweenness,0.538618937277387
citeseer,BundleSheaf,false,5,4,best-epoch,2,1,betweenness,0.7028588440354262
citeseer,BundleSheaf,false,5,4,best-epoch,3,1,betweenness,0.6777666414033374
citeseer,BundleSheaf,false,5,4,best-epoch,4,1,betweenness,0.6694359915081534
citeseer,BundleSheaf,false,5,4,best-epoch,0,1,confidence,0.09952352121028116
citeseer,BundleSheaf,false,5,4,best-epoch,1,1,confidence,0.47790085820493583
citeseer,BundleSheaf,false,5,4,best-epoch,2,1,confidence,0.6018669915058946
citeseer,BundleSheaf,false,5,4,best-epoch,3,1,confidence,0.6385501415802871
citeseer,BundleSheaf,false,5,4,best-epoch,4,1,confidence,0.6435066450752189
citeseer,BundleSheaf,false,5,4,best-epoch,0,1,saliency,0.09604944462923297
citeseer,BundleSheaf,false,5,4,best-epoch,1,1,saliency,0.5733949258766431
citeseer,BundleSheaf,false,5,4,best-epoch,2,1,saliency,0.857371973470917
citeseer,BundleSheaf,false,5,4,best-epoch,3,1,saliency,0.8773870777052856
citeseer,BundleSheaf,false,5,4,best-epoch,4,1,saliency,0.8742992962818605
citeseer,BundleSheaf,false,5,4,best-epoch,0,1,cohens_d_train,0.37150356
citeseer,BundleSheaf,false,5,4,best-epoch,1,1,cohens_d_train,0.48124915
citeseer,BundleSheaf,false,5,4,best-epoch,2,1,cohens_d_train,0.5735733
citeseer,BundleSheaf,false,5,4,best-epoch,3,1,cohens_d_train,0.5171514
citeseer,BundleSheaf,false,5,4,best-epoch,4,1,cohens_d_train,0.17372195
citeseer,BundleSheaf,false,5,4,best-epoch,0,1,cohens_d_test,0.27876803
citeseer,BundleSheaf,false,5,4,best-epoch,1,1,cohens_d_test,0.26709157
citeseer,BundleSheaf,false,5,4,best-epoch,2,1,cohens_d_test,0.44797507
citeseer,BundleSheaf,false,5,4,best-epoch,3,1,cohens_d_test,0.5383818
citeseer,BundleSheaf,false,5,4,best-epoch,4,1,cohens_d_test,0.24800023
citeseer,BundleSheaf,false,5,4,best-epoch,0,2,degree,0.049825681758413856
citeseer,BundleSheaf,false,5,4,best-epoch,1,2,degree,0.7227380913214511
citeseer,BundleSheaf,false,5,4,best-epoch,2,2,degree,0.8163951952907319
citeseer,BundleSheaf,false,5,4,best-epoch,3,2,degree,0.7780095170515837
citeseer,BundleSheaf,false,5,4,best-epoch,4,2,degree,0.7508362889712225
citeseer,BundleSheaf,false,5,4,best-epoch,0,2,betweenness,0.048476981994543145
citeseer,BundleSheaf,false,5,4,best-epoch,1,2,betweenness,0.624862295535263
citeseer,BundleSheaf,false,5,4,best-epoch,2,2,betweenness,0.7048950576971253
citeseer,BundleSheaf,false,5,4,best-epoch,3,2,betweenness,0.6786245181762215
citeseer,BundleSheaf,false,5,4,best-epoch,4,2,betweenness,0.6605301909223786
citeseer,BundleSheaf,false,5,4,best-epoch,0,2,confidence,0.18196264633296033
citeseer,BundleSheaf,false,5,4,best-epoch,1,2,confidence,0.6964751293282602
citeseer,BundleSheaf,false,5,4,best-epoch,2,2,confidence,0.8610143828915642
citeseer,BundleSheaf,false,5,4,best-epoch,3,2,confidence,0.8833711664698883
citeseer,BundleSheaf,false,5,4,best-epoch,4,2,confidence,0.8881682081926034
citeseer,BundleSheaf,false,5,4,best-epoch,0,2,saliency,0.10647967946197828
citeseer,BundleSheaf,false,5,4,best-epoch,1,2,saliency,0.7040610354798215
citeseer,BundleSheaf,false,5,4,best-epoch,2,2,saliency,0.9044441086531179
citeseer,BundleSheaf,false,5,4,best-epoch,3,2,saliency,0.9183722037092414
citeseer,BundleSheaf,false,5,4,best-epoch,4,2,saliency,0.9115144801440069
citeseer,BundleSheaf,false,5,4,best-epoch,0,2,cohens_d_train,0.042400394
citeseer,BundleSheaf,false,5,4,best-epoch,1,2,cohens_d_train,0.30644834
citeseer,BundleSheaf,false,5,4,best-epoch,2,2,cohens_d_train,0.1362754
citeseer,BundleSheaf,false,5,4,best-epoch,3,2,cohens_d_train,0.11192335
citeseer,BundleSheaf,false,5,4,best-epoch,4,2,cohens_d_train,0.06542152
citeseer,BundleSheaf,false,5,4,best-epoch,0,2,cohens_d_test,0.35459027
citeseer,BundleSheaf,false,5,4,best-epoch,1,2,cohens_d_test,0.1530751
citeseer,BundleSheaf,false,5,4,best-epoch,2,2,cohens_d_test,0.13185863
citeseer,BundleSheaf,false,5,4,best-epoch,3,2,cohens_d_test,0.17348814
citeseer,BundleSheaf,false,5,4,best-epoch,4,2,cohens_d_test,0.057798825
citeseer,BundleSheaf,false,5,4,best-epoch,0,3,degree,0.0740186785692905
citeseer,BundleSheaf,false,5,4,best-epoch,1,3,degree,0.7290457828379683
citeseer,BundleSheaf,false,5,4,best-epoch,2,3,degree,0.8254808568976039
citeseer,BundleSheaf,false,5,4,best-epoch,3,3,degree,0.7831570265531471
citeseer,BundleSheaf,false,5,4,best-epoch,4,3,degree,0.7531957706081818
citeseer,BundleSheaf,false,5,4,best-epoch,0,3,betweenness,0.08455732674384077
citeseer,BundleSheaf,false,5,4,best-epoch,1,3,betweenness,0.6243026487113754
citeseer,BundleSheaf,false,5,4,best-epoch,2,3,betweenness,0.7071122280224725
citeseer,BundleSheaf,false,5,4,best-epoch,3,3,betweenness,0.6764099283641205
citeseer,BundleSheaf,false,5,4,best-epoch,4,3,betweenness,0.6560724954800004
citeseer,BundleSheaf,false,5,4,best-epoch,0,3,confidence,0.2755285592117361
citeseer,BundleSheaf,false,5,4,best-epoch,1,3,confidence,0.5943006861083093
citeseer,BundleSheaf,false,5,4,best-epoch,2,3,confidence,0.6909223317638261
citeseer,BundleSheaf,false,5,4,best-epoch,3,3,confidence,0.7469752797339205
citeseer,BundleSheaf,false,5,4,best-epoch,4,3,confidence,0.7596667393654619
citeseer,BundleSheaf,false,5,4,best-epoch,0,3,saliency,0.13420286693050135
citeseer,BundleSheaf,false,5,4,best-epoch,1,3,saliency,0.7005013782095738
citeseer,BundleSheaf,false,5,4,best-epoch,2,3,saliency,0.8994421544105643
citeseer,BundleSheaf,false,5,4,best-epoch,3,3,saliency,0.9129789906678661
citeseer,BundleSheaf,false,5,4,best-epoch,4,3,saliency,0.9044071257052344
citeseer,BundleSheaf,false,5,4,best-epoch,0,3,cohens_d_train,0.24466866
citeseer,BundleSheaf,false,5,4,best-epoch,1,3,cohens_d_train,0.20356312
citeseer,BundleSheaf,false,5,4,best-epoch,2,3,cohens_d_train,0.14214696
citeseer,BundleSheaf,false,5,4,best-epoch,3,3,cohens_d_train,0.1854808
citeseer,BundleSheaf,false,5,4,best-epoch,4,3,cohens_d_train,0.11940549
citeseer,BundleSheaf,false,5,4,best-epoch,0,3,cohens_d_test,0.5162765
citeseer,BundleSheaf,false,5,4,best-epoch,1,3,cohens_d_test,0.55336887
citeseer,BundleSheaf,false,5,4,best-epoch,2,3,cohens_d_test,0.70020115
citeseer,BundleSheaf,false,5,4,best-epoch,3,3,cohens_d_test,0.6964318
citeseer,BundleSheaf,false,5,4,best-epoch,4,3,cohens_d_test,0.69118816
citeseer,BundleSheaf,false,5,4,best-epoch,0,4,degree,0.09295941927129185
citeseer,BundleSheaf,false,5,4,best-epoch,1,4,degree,0.7676834071011746
citeseer,BundleSheaf,false,5,4,best-epoch,2,4,degree,0.8327252641667224
citeseer,BundleSheaf,false,5,4,best-epoch,3,4,degree,0.7781446839152585
citeseer,BundleSheaf,false,5,4,best-epoch,4,4,degree,0.7456781080284397
citeseer,BundleSheaf,false,5,4,best-epoch,0,4,betweenness,0.08590187601561299
citeseer,BundleSheaf,false,5,4,best-epoch,1,4,betweenness,0.6534964695378984
citeseer,BundleSheaf,false,5,4,best-epoch,2,4,betweenness,0.7180994462890082
citeseer,BundleSheaf,false,5,4,best-epoch,3,4,betweenness,0.679814228727284
citeseer,BundleSheaf,false,5,4,best-epoch,4,4,betweenness,0.6582510533081485
citeseer,BundleSheaf,false,5,4,best-epoch,0,4,confidence,0.21549416606351557
citeseer,BundleSheaf,false,5,4,best-epoch,1,4,confidence,0.5943695388944241
citeseer,BundleSheaf,false,5,4,best-epoch,2,4,confidence,0.6997630155462176
citeseer,BundleSheaf,false,5,4,best-epoch,3,4,confidence,0.727946344440759
citeseer,BundleSheaf,false,5,4,best-epoch,4,4,confidence,0.7358987289622019
citeseer,BundleSheaf,false,5,4,best-epoch,0,4,saliency,0.24236221186264784
citeseer,BundleSheaf,false,5,4,best-epoch,1,4,saliency,0.6994539361738109
citeseer,BundleSheaf,false,5,4,best-epoch,2,4,saliency,0.848059906846913
citeseer,BundleSheaf,false,5,4,best-epoch,3,4,saliency,0.8950124395175677
citeseer,BundleSheaf,false,5,4,best-epoch,4,4,saliency,0.90449987663347
citeseer,BundleSheaf,false,5,4,best-epoch,0,4,cohens_d_train,0.007219968
citeseer,BundleSheaf,false,5,4,best-epoch,1,4,cohens_d_train,0.51337975
citeseer,BundleSheaf,false,5,4,best-epoch,2,4,cohens_d_train,0.5619363
citeseer,BundleSheaf,false,5,4,best-epoch,3,4,cohens_d_train,0.620515
citeseer,BundleSheaf,false,5,4,best-epoch,4,4,cohens_d_train,0.646521
citeseer,BundleSheaf,false,5,4,best-epoch,0,4,cohens_d_test,0.1626757
citeseer,BundleSheaf,false,5,4,best-epoch,1,4,cohens_d_test,0.22452544
citeseer,BundleSheaf,false,5,4,best-epoch,2,4,cohens_d_test,0.5097269
citeseer,BundleSheaf,false,5,4,best-epoch,3,4,cohens_d_test,0.8584672
citeseer,BundleSheaf,false,5,4,best-epoch,4,4,cohens_d_test,1.0064358
citeseer,BundleSheaf,false,5,4,best-epoch,0,5,degree,0.13050835569775626
citeseer,BundleSheaf,false,5,4,best-epoch,1,5,degree,0.7729893881849459
citeseer,BundleSheaf,false,5,4,best-epoch,2,5,degree,0.8405959211684226
citeseer,BundleSheaf,false,5,4,best-epoch,3,5,degree,0.7814127931411726
citeseer,BundleSheaf,false,5,4,best-epoch,4,5,degree,0.7355723326333327
citeseer,BundleSheaf,false,5,4,best-epoch,0,5,betweenness,0.11679777202426665
citeseer,BundleSheaf,false,5,4,best-epoch,1,5,betweenness,0.6680537304246096
citeseer,BundleSheaf,false,5,4,best-epoch,2,5,betweenness,0.7299443213546192
citeseer,BundleSheaf,false,5,4,best-epoch,3,5,betweenness,0.6916843453459519
citeseer,BundleSheaf,false,5,4,best-epoch,4,5,betweenness,0.6581480657188347
citeseer,BundleSheaf,false,5,4,best-epoch,0,5,confidence,0.2584201595828032
citeseer,BundleSheaf,false,5,4,best-epoch,1,5,confidence,0.7142158375324966
citeseer,BundleSheaf,false,5,4,best-epoch,2,5,confidence,0.9189043949092064
citeseer,BundleSheaf,false,5,4,best-epoch,3,5,confidence,0.9570878251405379
citeseer,BundleSheaf,false,5,4,best-epoch,4,5,confidence,0.9654017066897256
citeseer,BundleSheaf,false,5,4,best-epoch,0,5,saliency,0.26243468857506486
citeseer,BundleSheaf,false,5,4,best-epoch,1,5,saliency,0.6594750603542621
citeseer,BundleSheaf,false,5,4,best-epoch,2,5,saliency,0.8541551574605585
citeseer,BundleSheaf,false,5,4,best-epoch,3,5,saliency,0.9019775130841932
citeseer,BundleSheaf,false,5,4,best-epoch,4,5,saliency,0.9119473987453794
citeseer,BundleSheaf,false,5,4,best-epoch,0,5,cohens_d_train,0.7304054
citeseer,BundleSheaf,false,5,4,best-epoch,1,5,cohens_d_train,0.26410827
citeseer,BundleSheaf,false,5,4,best-epoch,2,5,cohens_d_train,0.22678278
citeseer,BundleSheaf,false,5,4,best-epoch,3,5,cohens_d_train,0.17174466
citeseer,BundleSheaf,false,5,4,best-epoch,4,5,cohens_d_train,0.17283197
citeseer,BundleSheaf,false,5,4,best-epoch,0,5,cohens_d_test,0.60385007
citeseer,BundleSheaf,false,5,4,best-epoch,1,5,cohens_d_test,0.37935472
citeseer,BundleSheaf,false,5,4,best-epoch,2,5,cohens_d_test,0.6658939
citeseer,BundleSheaf,false,5,4,best-epoch,3,5,cohens_d_test,0.7689869
citeseer,BundleSheaf,false,5,4,best-epoch,4,5,cohens_d_test,0.694997
citeseer,BundleSheaf,false,5,4,best-epoch,0,6,degree,0.041303222544057924
citeseer,BundleSheaf,false,5,4,best-epoch,1,6,degree,0.7543617131351025
citeseer,BundleSheaf,false,5,4,best-epoch,2,6,degree,0.8279270478743176
citeseer,BundleSheaf,false,5,4,best-epoch,3,6,degree,0.7739955316841604
citeseer,BundleSheaf,false,5,4,best-epoch,4,6,degree,0.7392972352595012
citeseer,BundleSheaf,false,5,4,best-epoch,0,6,betweenness,0.04359699595873959
citeseer,BundleSheaf,false,5,4,best-epoch,1,6,betweenness,0.646014130088525
citeseer,BundleSheaf,false,5,4,best-epoch,2,6,betweenness,0.7116322848227529
citeseer,BundleSheaf,false,5,4,best-epoch,3,6,betweenness,0.6710301170048854
citeseer,BundleSheaf,false,5,4,best-epoch,4,6,betweenness,0.651403124239062
citeseer,BundleSheaf,false,5,4,best-epoch,0,6,confidence,0.23626948427371489
citeseer,BundleSheaf,false,5,4,best-epoch,1,6,confidence,0.6168911172952791
citeseer,BundleSheaf,false,5,4,best-epoch,2,6,confidence,0.7082391133510645
citeseer,BundleSheaf,false,5,4,best-epoch,3,6,confidence,0.7305920424625858
citeseer,BundleSheaf,false,5,4,best-epoch,4,6,confidence,0.732528528131305
citeseer,BundleSheaf,false,5,4,best-epoch,0,6,saliency,0.15016693849701887
citeseer,BundleSheaf,false,5,4,best-epoch,1,6,saliency,0.7347928116304916
citeseer,BundleSheaf,false,5,4,best-epoch,2,6,saliency,0.9213727016476597
citeseer,BundleSheaf,false,5,4,best-epoch,3,6,saliency,0.9333647322103337
citeseer,BundleSheaf,false,5,4,best-epoch,4,6,saliency,0.9251613408370781
citeseer,BundleSheaf,false,5,4,best-epoch,0,6,cohens_d_train,0.13568339
citeseer,BundleSheaf,false,5,4,best-epoch,1,6,cohens_d_train,0.48343843
citeseer,BundleSheaf,false,5,4,best-epoch,2,6,cohens_d_train,0.5259733
citeseer,BundleSheaf,false,5,4,best-epoch,3,6,cohens_d_train,0.5120188
citeseer,BundleSheaf,false,5,4,best-epoch,4,6,cohens_d_train,0.41893122
citeseer,BundleSheaf,false,5,4,best-epoch,0,6,cohens_d_test,0.50152946
citeseer,BundleSheaf,false,5,4,best-epoch,1,6,cohens_d_test,0.22541758
citeseer,BundleSheaf,false,5,4,best-epoch,2,6,cohens_d_test,0.39175114
citeseer,BundleSheaf,false,5,4,best-epoch,3,6,cohens_d_test,0.433631
citeseer,BundleSheaf,false,5,4,best-epoch,4,6,cohens_d_test,0.07586693
citeseer,BundleSheaf,false,5,4,best-epoch,0,7,degree,0.10722790967065082
citeseer,BundleSheaf,false,5,4,best-epoch,1,7,degree,0.7456257697470576
citeseer,BundleSheaf,false,5,4,best-epoch,2,7,degree,0.8197904314638135
citeseer,BundleSheaf,false,5,4,best-epoch,3,7,degree,0.7600004069841496
citeseer,BundleSheaf,false,5,4,best-epoch,4,7,degree,0.7414160032292304
citeseer,BundleSheaf,false,5,4,best-epoch,0,7,betweenness,0.1223977725036837
citeseer,BundleSheaf,false,5,4,best-epoch,1,7,betweenness,0.6363868959382682
citeseer,BundleSheaf,false,5,4,best-epoch,2,7,betweenness,0.704764575295979
citeseer,BundleSheaf,false,5,4,best-epoch,3,7,betweenness,0.6631099445867162
citeseer,BundleSheaf,false,5,4,best-epoch,4,7,betweenness,0.6520771994001523
citeseer,BundleSheaf,false,5,4,best-epoch,0,7,confidence,0.2917665838064542
citeseer,BundleSheaf,false,5,4,best-epoch,1,7,confidence,0.6110157028450495
citeseer,BundleSheaf,false,5,4,best-epoch,2,7,confidence,0.7230051607503561
citeseer,BundleSheaf,false,5,4,best-epoch,3,7,confidence,0.7751081028909756
citeseer,BundleSheaf,false,5,4,best-epoch,4,7,confidence,0.7899906448055124
citeseer,BundleSheaf,false,5,4,best-epoch,0,7,saliency,0.22644823678762363
citeseer,BundleSheaf,false,5,4,best-epoch,1,7,saliency,0.6966849442778258
citeseer,BundleSheaf,false,5,4,best-epoch,2,7,saliency,0.8881302732919526
citeseer,BundleSheaf,false,5,4,best-epoch,3,7,saliency,0.9229140775679298
citeseer,BundleSheaf,false,5,4,best-epoch,4,7,saliency,0.9202797090124681
citeseer,BundleSheaf,false,5,4,best-epoch,0,7,cohens_d_train,0.14590067
citeseer,BundleSheaf,false,5,4,best-epoch,1,7,cohens_d_train,0.38245893
citeseer,BundleSheaf,false,5,4,best-epoch,2,7,cohens_d_train,0.34841034
citeseer,BundleSheaf,false,5,4,best-epoch,3,7,cohens_d_train,0.49103633
citeseer,BundleSheaf,false,5,4,best-epoch,4,7,cohens_d_train,0.28507602
citeseer,BundleSheaf,false,5,4,best-epoch,0,7,cohens_d_test,0.2849036
citeseer,BundleSheaf,false,5,4,best-epoch,1,7,cohens_d_test,0.47612196
citeseer,BundleSheaf,false,5,4,best-epoch,2,7,cohens_d_test,0.6524092
citeseer,BundleSheaf,false,5,4,best-epoch,3,7,cohens_d_test,0.71141696
citeseer,BundleSheaf,false,5,4,best-epoch,4,7,cohens_d_test,0.69516015
citeseer,BundleSheaf,false,5,4,best-epoch,0,8,degree,0.03118236132333376
citeseer,BundleSheaf,false,5,4,best-epoch,1,8,degree,0.6226211114003094
citeseer,BundleSheaf,false,5,4,best-epoch,2,8,degree,0.825784167702146
citeseer,BundleSheaf,false,5,4,best-epoch,3,8,degree,0.8045276156663564
citeseer,BundleSheaf,false,5,4,best-epoch,4,8,degree,0.7637029871996661
citeseer,BundleSheaf,false,5,4,best-epoch,0,8,betweenness,0.02811211188691909
citeseer,BundleSheaf,false,5,4,best-epoch,1,8,betweenness,0.5271687442307006
citeseer,BundleSheaf,false,5,4,best-epoch,2,8,betweenness,0.7060329518274395
citeseer,BundleSheaf,false,5,4,best-epoch,3,8,betweenness,0.6928447050812084
citeseer,BundleSheaf,false,5,4,best-epoch,4,8,betweenness,0.6657456450047686
citeseer,BundleSheaf,false,5,4,best-epoch,0,8,confidence,0.15692791782393048
citeseer,BundleSheaf,false,5,4,best-epoch,1,8,confidence,0.6164454378874453
citeseer,BundleSheaf,false,5,4,best-epoch,2,8,confidence,0.8338987285211801
citeseer,BundleSheaf,false,5,4,best-epoch,3,8,confidence,0.8912049725069241
citeseer,BundleSheaf,false,5,4,best-epoch,4,8,confidence,0.9058342265911589
citeseer,BundleSheaf,false,5,4,best-epoch,0,8,saliency,0.13257442793391774
citeseer,BundleSheaf,false,5,4,best-epoch,1,8,saliency,0.5950035133979709
citeseer,BundleSheaf,false,5,4,best-epoch,2,8,saliency,0.8509437263772524
citeseer,BundleSheaf,false,5,4,best-epoch,3,8,saliency,0.9173368880992667
citeseer,BundleSheaf,false,5,4,best-epoch,4,8,saliency,0.9305461058499054
citeseer,BundleSheaf,false,5,4,best-epoch,0,8,cohens_d_train,0.4247932
citeseer,BundleSheaf,false,5,4,best-epoch,1,8,cohens_d_train,0.28504568
citeseer,BundleSheaf,false,5,4,best-epoch,2,8,cohens_d_train,0.19421509
citeseer,BundleSheaf,false,5,4,best-epoch,3,8,cohens_d_train,0.15967771
citeseer,BundleSheaf,false,5,4,best-epoch,4,8,cohens_d_train,0.11412629
citeseer,BundleSheaf,false,5,4,best-epoch,0,8,cohens_d_test,0.48986515
citeseer,BundleSheaf,false,5,4,best-epoch,1,8,cohens_d_test,0.10695682
citeseer,BundleSheaf,false,5,4,best-epoch,2,8,cohens_d_test,0.21219997
citeseer,BundleSheaf,false,5,4,best-epoch,3,8,cohens_d_test,0.4209689
citeseer,BundleSheaf,false,5,4,best-epoch,4,8,cohens_d_test,0.17889154
citeseer,BundleSheaf,false,5,4,best-epoch,0,9,degree,0.06859748146286208
citeseer,BundleSheaf,false,5,4,best-epoch,1,9,degree,0.7175209446055666
citeseer,BundleSheaf,false,5,4,best-epoch,2,9,degree,0.8263088956313761
citeseer,BundleSheaf,false,5,4,best-epoch,3,9,degree,0.7817713850154716
citeseer,BundleSheaf,false,5,4,best-epoch,4,9,degree,0.7456918689538486
citeseer,BundleSheaf,false,5,4,best-epoch,0,9,betweenness,0.06985589103501048
citeseer,BundleSheaf,false,5,4,best-epoch,1,9,betweenness,0.6145139776878217
citeseer,BundleSheaf,false,5,4,best-epoch,2,9,betweenness,0.7082371989700134
citeseer,BundleSheaf,false,5,4,best-epoch,3,9,betweenness,0.675983153592845
citeseer,BundleSheaf,false,5,4,best-epoch,4,9,betweenness,0.6528436934917796
citeseer,BundleSheaf,false,5,4,best-epoch,0,9,confidence,0.25341401319985185
citeseer,BundleSheaf,false,5,4,best-epoch,1,9,confidence,0.685113799593362
citeseer,BundleSheaf,false,5,4,best-epoch,2,9,confidence,0.816095681683769
citeseer,BundleSheaf,false,5,4,best-epoch,3,9,confidence,0.8500623972420654
citeseer,BundleSheaf,false,5,4,best-epoch,4,9,confidence,0.8586587702277001
citeseer,BundleSheaf,false,5,4,best-epoch,0,9,saliency,0.16485600836895895
citeseer,BundleSheaf,false,5,4,best-epoch,1,9,saliency,0.6993678055874226
citeseer,BundleSheaf,false,5,4,best-epoch,2,9,saliency,0.9092245712082999
citeseer,BundleSheaf,false,5,4,best-epoch,3,9,saliency,0.9422946127166468
citeseer,BundleSheaf,false,5,4,best-epoch,4,9,saliency,0.93878001072483
citeseer,BundleSheaf,false,5,4,best-epoch,0,9,cohens_d_train,0.24282576
citeseer,BundleSheaf,false,5,4,best-epoch,1,9,cohens_d_train,0.33876473
citeseer,BundleSheaf,false,5,4,best-epoch,2,9,cohens_d_train,0.3957521
citeseer,BundleSheaf,false,5,4,best-epoch,3,9,cohens_d_train,0.58493745
citeseer,BundleSheaf,false,5,4,best-epoch,4,9,cohens_d_train,0.534167
citeseer,BundleSheaf,false,5,4,best-epoch,0,9,cohens_d_test,0.4810086
citeseer,BundleSheaf,false,5,4,best-epoch,1,9,cohens_d_test,0.45543575
citeseer,BundleSheaf,false,5,4,best-epoch,2,9,cohens_d_test,0.55114126
citeseer,BundleSheaf,false,5,4,best-epoch,3,9,cohens_d_test,0.6778399
citeseer,BundleSheaf,false,5,4,best-epoch,4,9,cohens_d_test,0.6415756
citeseer,BundleSheaf,false,5,4,last,0,0,degree,0.083997081905892
citeseer,BundleSheaf,false,5,4,last,1,0,degree,0.7660638846542221
citeseer,BundleSheaf,false,5,4,last,2,0,degree,0.8326313998435128
citeseer,BundleSheaf,false,5,4,last,3,0,degree,0.7752208876041234
citeseer,BundleSheaf,false,5,4,last,4,0,degree,0.7385458855621095
citeseer,BundleSheaf,false,5,4,last,0,0,betweenness,0.10014270320396784
citeseer,BundleSheaf,false,5,4,last,1,0,betweenness,0.6628133890614452
citeseer,BundleSheaf,false,5,4,last,2,0,betweenness,0.7148693182121935
citeseer,BundleSheaf,false,5,4,last,3,0,betweenness,0.6726838338770663
citeseer,BundleSheaf,false,5,4,last,4,0,betweenness,0.6524099744688654
citeseer,BundleSheaf,false,5,4,last,0,0,confidence,0.30256474865514793
citeseer,BundleSheaf,false,5,4,last,1,0,confidence,0.7007804721427142
citeseer,BundleSheaf,false,5,4,last,2,0,confidence,0.8054049418002116
citeseer,BundleSheaf,false,5,4,last,3,0,confidence,0.8346042404623482
citeseer,BundleSheaf,false,5,4,last,4,0,confidence,0.8427595399749248
citeseer,BundleSheaf,false,5,4,last,0,0,saliency,0.22097305199507666
citeseer,BundleSheaf,false,5,4,last,1,0,saliency,0.7374664528115198
citeseer,BundleSheaf,false,5,4,last,2,0,saliency,0.9271230079801432
citeseer,BundleSheaf,false,5,4,last,3,0,saliency,0.9478274849277102
citeseer,BundleSheaf,false,5,4,last,4,0,saliency,0.9423305867535884
citeseer,BundleSheaf,false,5,4,last,0,0,cohens_d_train,0.37556422
citeseer,BundleSheaf,false,5,4,last,1,0,cohens_d_train,0.53092057
citeseer,BundleSheaf,false,5,4,last,2,0,cohens_d_train,0.6190784
citeseer,BundleSheaf,false,5,4,last,3,0,cohens_d_train,0.6506943
citeseer,BundleSheaf,false,5,4,last,4,0,cohens_d_train,0.5998971
citeseer,BundleSheaf,false,5,4,last,0,0,cohens_d_test,0.6749232
citeseer,BundleSheaf,false,5,4,last,1,0,cohens_d_test,0.21164766
citeseer,BundleSheaf,false,5,4,last,2,0,cohens_d_test,0.17063025
citeseer,BundleSheaf,false,5,4,last,3,0,cohens_d_test,0.16665716
citeseer,BundleSheaf,false,5,4,last,4,0,cohens_d_test,0.16258371
citeseer,BundleSheaf,false,5,4,last,0,1,degree,0.05074890663901936
citeseer,BundleSheaf,false,5,4,last,1,1,degree,0.6228784757709176
citeseer,BundleSheaf,false,5,4,last,2,1,degree,0.8141424258121455
citeseer,BundleSheaf,false,5,4,last,3,1,degree,0.7791135836716299
citeseer,BundleSheaf,false,5,4,last,4,1,degree,0.7605892943805898
citeseer,BundleSheaf,false,5,4,last,0,1,betweenness,0.056813437085404414
citeseer,BundleSheaf,false,5,4,last,1,1,betweenness,0.5376943453596917
citeseer,BundleSheaf,false,5,4,last,2,1,betweenness,0.7032769378349804
citeseer,BundleSheaf,false,5,4,last,3,1,betweenness,0.6783257656046725
citeseer,BundleSheaf,false,5,4,last,4,1,betweenness,0.6686082999854803
citeseer,BundleSheaf,false,5,4,last,0,1,confidence,0.10588400604004276
citeseer,BundleSheaf,false,5,4,last,1,1,confidence,0.47145828170090825
citeseer,BundleSheaf,false,5,4,last,2,1,confidence,0.5895606754759998
citeseer,BundleSheaf,false,5,4,last,3,1,confidence,0.6237602773218341
citeseer,BundleSheaf,false,5,4,last,4,1,confidence,0.6291272746657979
citeseer,BundleSheaf,false,5,4,last,0,1,saliency,0.07144874194115051
citeseer,BundleSheaf,false,5,4,last,1,1,saliency,0.5571402743087082
citeseer,BundleSheaf,false,5,4,last,2,1,saliency,0.8445934071181422
citeseer,BundleSheaf,false,5,4,last,3,1,saliency,0.8621674251517502
citeseer,BundleSheaf,false,5,4,last,4,1,saliency,0.8564373039366185
citeseer,BundleSheaf,false,5,4,last,0,1,cohens_d_train,0.34524828
citeseer,BundleSheaf,false,5,4,last,1,1,cohens_d_train,0.4748094
citeseer,BundleSheaf,false,5,4,last,2,1,cohens_d_train,0.5508137
citeseer,BundleSheaf,false,5,4,last,3,1,cohens_d_train,0.49647453
citeseer,BundleSheaf,false,5,4,last,4,1,cohens_d_train,0.15891936
citeseer,BundleSheaf,false,5,4,last,0,1,cohens_d_test,0.26011536
citeseer,BundleSheaf,false,5,4,last,1,1,cohens_d_test,0.27418938
citeseer,BundleSheaf,false,5,4,last,2,1,cohens_d_test,0.43204367
citeseer,BundleSheaf,false,5,4,last,3,1,cohens_d_test,0.5221506
citeseer,BundleSheaf,false,5,4,last,4,1,cohens_d_test,0.23686734
citeseer,BundleSheaf,false,5,4,last,0,2,degree,0.049825681758413856
citeseer,BundleSheaf,false,5,4,last,1,2,degree,0.7227380912625743
citeseer,BundleSheaf,false,5,4,last,2,2,degree,0.8163951952242255
citeseer,BundleSheaf,false,5,4,last,3,2,degree,0.7780095168614457
citeseer,BundleSheaf,false,5,4,last,4,2,degree,0.7508362887877253
citeseer,BundleSheaf,false,5,4,last,0,2,betweenness,0.048476981994543145
citeseer,BundleSheaf,false,5,4,last,1,2,betweenness,0.6248622954843595
citeseer,BundleSheaf,false,5,4,last,2,2,betweenness,0.7048950576397021
citeseer,BundleSheaf,false,5,4,last,3,2,betweenness,0.6786245180103722
citeseer,BundleSheaf,false,5,4,last,4,2,betweenness,0.6605301907609514
citeseer,BundleSheaf,false,5,4,last,0,2,confidence,0.18196159959496247
citeseer,BundleSheaf,false,5,4,last,1,2,confidence,0.6964747485812215
citeseer,BundleSheaf,false,5,4,last,2,2,confidence,0.8610141163588102
citeseer,BundleSheaf,false,5,4,last,3,2,confidence,0.8833707817845048
citeseer,BundleSheaf,false,5,4,last,4,2,confidence,0.888167841596922
citeseer,BundleSheaf,false,5,4,last,0,2,saliency,0.1064796794793267
citeseer,BundleSheaf,false,5,4,last,1,2,saliency,0.7040610357001036
citeseer,BundleSheaf,false,5,4,last,2,2,saliency,0.9044441074233813
citeseer,BundleSheaf,false,5,4,last,3,2,saliency,0.9183722067300394
citeseer,BundleSheaf,false,5,4,last,4,2,saliency,0.9115144800697519
citeseer,BundleSheaf,false,5,4,last,0,2,cohens_d_train,0.042400394
citeseer,BundleSheaf,false,5,4,last,1,2,cohens_d_train,0.30644834
citeseer,BundleSheaf,false,5,4,last,2,2,cohens_d_train,0.13627538
citeseer,BundleSheaf,false,5,4,last,3,2,cohens_d_train,0.111923344
citeseer,BundleSheaf,false,5,4,last,4,2,cohens_d_train,0.06542152
citeseer,BundleSheaf,false,5,4,last,0,2,cohens_d_test,0.35459027
citeseer,BundleSheaf,false,5,4,last,1,2,cohens_d_test,0.1530751
citeseer,BundleSheaf,false,5,4,last,2,2,cohens_d_test,0.13185865
citeseer,BundleSheaf,false,5,4,last,3,2,cohens_d_test,0.17348813
citeseer,BundleSheaf,false,5,4,last,4,2,cohens_d_test,0.05779883
citeseer,BundleSheaf,false,5,4,last,0,3,degree,0.0740186785692905
citeseer,BundleSheaf,false,5,4,last,1,3,degree,0.7290457827785777
citeseer,BundleSheaf,false,5,4,last,2,3,degree,0.8254808568976039
citeseer,BundleSheaf,false,5,4,last,3,3,degree,0.783157026361751
citeseer,BundleSheaf,false,5,4,last,4,3,degree,0.7531959464062673
citeseer,BundleSheaf,false,5,4,last,0,3,betweenness,0.08455732674384077
citeseer,BundleSheaf,false,5,4,last,1,3,betweenness,0.6243026486605175
citeseer,BundleSheaf,false,5,4,last,2,3,betweenness,0.7071122280224725
citeseer,BundleSheaf,false,5,4,last,3,3,betweenness,0.6764101011382266
citeseer,BundleSheaf,false,5,4,last,4,3,betweenness,0.6560724281165439
citeseer,BundleSheaf,false,5,4,last,0,3,confidence,0.2755286090920224
citeseer,BundleSheaf,false,5,4,last,1,3,confidence,0.5943006090404811
citeseer,BundleSheaf,false,5,4,last,2,3,confidence,0.6909220385387244
citeseer,BundleSheaf,false,5,4,last,3,3,confidence,0.7469752149273832
citeseer,BundleSheaf,false,5,4,last,4,3,confidence,0.7596668544752744
citeseer,BundleSheaf,false,5,4,last,0,3,saliency,0.13420422899974016
citeseer,BundleSheaf,false,5,4,last,1,3,saliency,0.7005018395615883
citeseer,BundleSheaf,false,5,4,last,2,3,saliency,0.8994418326298679
citeseer,BundleSheaf,false,5,4,last,3,3,saliency,0.9129790450252661
citeseer,BundleSheaf,false,5,4,last,4,3,saliency,0.9044073912336115
citeseer,BundleSheaf,false,5,4,last,0,3,cohens_d_train,0.24466866
citeseer,BundleSheaf,false,5,4,last,1,3,cohens_d_train,0.20356308
citeseer,BundleSheaf,false,5,4,last,2,3,cohens_d_train,0.14214694
citeseer,BundleSheaf,false,5,4,last,3,3,cohens_d_train,0.1854808
citeseer,BundleSheaf,false,5,4,last,4,3,cohens_d_train,0.11940548
citeseer,BundleSheaf,false,5,4,last,0,3,cohens_d_test,0.5162765
citeseer,BundleSheaf,false,5,4,last,1,3,cohens_d_test,0.55336887
citeseer,BundleSheaf,false,5,4,last,2,3,cohens_d_test,0.70020115
citeseer,BundleSheaf,false,5,4,last,3,3,cohens_d_test,0.6964318
citeseer,BundleSheaf,false,5,4,last,4,3,cohens_d_test,0.6911881
citeseer,BundleSheaf,false,5,4,last,0,4,degree,0.061895367223450175
citeseer,BundleSheaf,false,5,4,last,1,4,degree,0.753884882930978
citeseer,BundleSheaf,false,5,4,last,2,4,degree,0.8332415114030951
citeseer,BundleSheaf,false,5,4,last,3,4,degree,0.7757794424645356
citeseer,BundleSheaf,false,5,4,last,4,4,degree,0.7547981704447094
citeseer,BundleSheaf,false,5,4,last,0,4,betweenness,0.0563500041671508
citeseer,BundleSheaf,false,5,4,last,1,4,betweenness,0.640171845753365
citeseer,BundleSheaf,false,5,4,last,2,4,betweenness,0.7200278787678586
citeseer,BundleSheaf,false,5,4,last,3,4,betweenness,0.6793666241864573
citeseer,BundleSheaf,false,5,4,last,4,4,betweenness,0.6669005518709331
citeseer,BundleSheaf,false,5,4,last,0,4,confidence,0.10303899496143797
citeseer,BundleSheaf,false,5,4,last,1,4,confidence,0.36950669218998544
citeseer,BundleSheaf,false,5,4,last,2,4,confidence,0.41870950450364286
citeseer,BundleSheaf,false,5,4,last,3,4,confidence,0.4308781374392559
citeseer,BundleSheaf,false,5,4,last,4,4,confidence,0.43667958933855355
citeseer,BundleSheaf,false,5,4,last,0,4,saliency,0.18575248112338424
citeseer,BundleSheaf,false,5,4,last,1,4,saliency,0.6858446545984873
citeseer,BundleSheaf,false,5,4,last,2,4,saliency,0.8475689762578172
citeseer,BundleSheaf,false,5,4,last,3,4,saliency,0.8916223058363347
citeseer,BundleSheaf,false,5,4,last,4,4,saliency,0.8964283066699602
citeseer,BundleSheaf,false,5,4,last,0,4,cohens_d_train,0.15065916
citeseer,BundleSheaf,false,5,4,last,1,4,cohens_d_train,0.5016619
citeseer,BundleSheaf,false,5,4,last,2,4,cohens_d_train,0.5991875
citeseer,BundleSheaf,false,5,4,last,3,4,cohens_d_train,0.69196606
citeseer,BundleSheaf,false,5,4,last,4,4,cohens_d_train,0.6491968
citeseer,BundleSheaf,false,5,4,last,0,4,cohens_d_test,0.4396351
citeseer,BundleSheaf,false,5,4,last,1,4,cohens_d_test,0.47560766
citeseer,BundleSheaf,false,5,4,last,2,4,cohens_d_test,0.77239394
citeseer,BundleSheaf,false,5,4,last,3,4,cohens_d_test,1.0942713
citeseer,BundleSheaf,false,5,4,last,4,4,cohens_d_test,1.0664479
citeseer,BundleSheaf,false,5,4,last,0,5,degree,0.07293402107486341
citeseer,BundleSheaf,false,5,4,last,1,5,degree,0.7894388651689677
citeseer,BundleSheaf,false,5,4,last,2,5,degree,0.8371570818042144
citeseer,BundleSheaf,false,5,4,last,3,5,degree,0.7655731608443147
citeseer,BundleSheaf,false,5,4,last,4,5,degree,0.736999478605742
citeseer,BundleSheaf,false,5,4,last,0,5,betweenness,0.07459612675787101
citeseer,BundleSheaf,false,5,4,last,1,5,betweenness,0.6812474344514096
citeseer,BundleSheaf,false,5,4,last,2,5,betweenness,0.7218592727428728
citeseer,BundleSheaf,false,5,4,last,3,5,betweenness,0.6695465097472214
citeseer,BundleSheaf,false,5,4,last,4,5,betweenness,0.6520678769705901
citeseer,BundleSheaf,false,5,4,last,0,5,confidence,0.2647331755094451
citeseer,BundleSheaf,false,5,4,last,1,5,confidence,0.7272847861537234
citeseer,BundleSheaf,false,5,4,last,2,5,confidence,0.8691427993850693
citeseer,BundleSheaf,false,5,4,last,3,5,confidence,0.8989576021014627
citeseer,BundleSheaf,false,5,4,last,4,5,confidence,0.9053603211454008
citeseer,BundleSheaf,false,5,4,last,0,5,saliency,0.21140416139861515
citeseer,BundleSheaf,false,5,4,last,1,5,saliency,0.703502155788398
citeseer,BundleSheaf,false,5,4,last,2,5,saliency,0.8399940501620298
citeseer,BundleSheaf,false,5,4,last,3,5,saliency,0.8620859667889453
citeseer,BundleSheaf,false,5,4,last,4,5,saliency,0.8592715305827555
citeseer,BundleSheaf,false,5,4,last,0,5,cohens_d_train,0.47766948
citeseer,BundleSheaf,false,5,4,last,1,5,cohens_d_train,0.30749488
citeseer,BundleSheaf,false,5,4,last,2,5,cohens_d_train,0.22401649
citeseer,BundleSheaf,false,5,4,last,3,5,cohens_d_train,0.2052314
citeseer,BundleSheaf,false,5,4,last,4,5,cohens_d_train,0.12886642
citeseer,BundleSheaf,false,5,4,last,0,5,cohens_d_test,0.5699283
citeseer,BundleSheaf,false,5,4,last,1,5,cohens_d_test,0.3568325
citeseer,BundleSheaf,false,5,4,last,2,5,cohens_d_test,0.6870856
citeseer,BundleSheaf,false,5,4,last,3,5,cohens_d_test,0.72814614
citeseer,BundleSheaf,false,5,4,last,4,5,cohens_d_test,0.7087168
citeseer,BundleSheaf,false,5,4,last,0,6,degree,0.041303222544057924
citeseer,BundleSheaf,false,5,4,last,1,6,degree,0.7543617131351025
citeseer,BundleSheaf,false,5,4,last,2,6,degree,0.8279270477394259
citeseer,BundleSheaf,false,5,4,last,3,6,degree,0.7739955318733174
citeseer,BundleSheaf,false,5,4,last,4,6,degree,0.7392972354401783
citeseer,BundleSheaf,false,5,4,last,0,6,betweenness,0.04359699595873959
citeseer,BundleSheaf,false,5,4,last,1,6,betweenness,0.646014130088525
citeseer,BundleSheaf,false,5,4,last,2,6,betweenness,0.7116322847068087
citeseer,BundleSheaf,false,5,4,last,3,6,betweenness,0.6710301171688786
citeseer,BundleSheaf,false,5,4,last,4,6,betweenness,0.6514031243982586
citeseer,BundleSheaf,false,5,4,last,0,6,confidence,0.23626971286802226
citeseer,BundleSheaf,false,5,4,last,1,6,confidence,0.6168913449119809
citeseer,BundleSheaf,false,5,4,last,2,6,confidence,0.7082393017485751
citeseer,BundleSheaf,false,5,4,last,3,6,confidence,0.7305921746164601
citeseer,BundleSheaf,false,5,4,last,4,6,confidence,0.7325286746237123
citeseer,BundleSheaf,false,5,4,last,0,6,saliency,0.15016539524078723
citeseer,BundleSheaf,false,5,4,last,1,6,saliency,0.7347925173245884
citeseer,BundleSheaf,false,5,4,last,2,6,saliency,0.9213720163147238
citeseer,BundleSheaf,false,5,4,last,3,6,saliency,0.9333632187711786
citeseer,BundleSheaf,false,5,4,last,4,6,saliency,0.925159688745765
citeseer,BundleSheaf,false,5,4,last,0,6,cohens_d_train,0.13568339
citeseer,BundleSheaf,false,5,4,last,1,6,cohens_d_train,0.48343843
citeseer,BundleSheaf,false,5,4,last,2,6,cohens_d_train,0.5259733
citeseer,BundleSheaf,false,5,4,last,3,6,cohens_d_train,0.5120189
citeseer,BundleSheaf,false,5,4,last,4,6,cohens_d_train,0.41893122
citeseer,BundleSheaf,false,5,4,last,0,6,cohens_d_test,0.50152946
citeseer,BundleSheaf,false,5,4,last,1,6,cohens_d_test,0.22541758
citeseer,BundleSheaf,false,5,4,last,2,6,cohens_d_test,0.39175114
citeseer,BundleSheaf,false,5,4,last,3,6,cohens_d_test,0.4336311
citeseer,BundleSheaf,false,5,4,last,4,6,cohens_d_test,0.07586693
citeseer,BundleSheaf,false,5,4,last,0,7,degree,0.09714554056735002
citeseer,BundleSheaf,false,5,4,last,1,7,degree,0.7263982683841386
citeseer,BundleSheaf,false,5,4,last,2,7,degree,0.8172130415188051
citeseer,BundleSheaf,false,5,4,last,3,7,degree,0.7635783793825132
citeseer,BundleSheaf,false,5,4,last,4,7,degree,0.7396850761917252
citeseer,BundleSheaf,false,5,4,last,0,7,betweenness,0.10910368937660107
citeseer,BundleSheaf,false,5,4,last,1,7,betweenness,0.6168296298804351
citeseer,BundleSheaf,false,5,4,last,2,7,betweenness,0.6997607387546667
citeseer,BundleSheaf,false,5,4,last,3,7,betweenness,0.664658289400052
citeseer,BundleSheaf,false,5,4,last,4,7,betweenness,0.6514717131657949
citeseer,BundleSheaf,false,5,4,last,0,7,confidence,0.2214042797246196
citeseer,BundleSheaf,false,5,4,last,1,7,confidence,0.6684251622949354
citeseer,BundleSheaf,false,5,4,last,2,7,confidence,0.8295624468298669
citeseer,BundleSheaf,false,5,4,last,3,7,confidence,0.8629420255213887
citeseer,BundleSheaf,false,5,4,last,4,7,confidence,0.8790651874933925
citeseer,BundleSheaf,false,5,4,last,0,7,saliency,0.21642580558463792
citeseer,BundleSheaf,false,5,4,last,1,7,saliency,0.6766238755286093
citeseer,BundleSheaf,false,5,4,last,2,7,saliency,0.8789500424002034
citeseer,BundleSheaf,false,5,4,last,3,7,saliency,0.9233090030082737
citeseer,BundleSheaf,false,5,4,last,4,7,saliency,0.9224900349789042
citeseer,BundleSheaf,false,5,4,last,0,7,cohens_d_train,0.32812524
citeseer,BundleSheaf,false,5,4,last,1,7,cohens_d_train,0.35875368
citeseer,BundleSheaf,false,5,4,last,2,7,cohens_d_train,0.3617366
citeseer,BundleSheaf,false,5,4,last,3,7,cohens_d_train,0.42386523
citeseer,BundleSheaf,false,5,4,last,4,7,cohens_d_train,0.40181786
citeseer,BundleSheaf,false,5,4,last,0,7,cohens_d_test,0.20258938
citeseer,BundleSheaf,false,5,4,last,1,7,cohens_d_test,0.25189978
citeseer,BundleSheaf,false,5,4,last,2,7,cohens_d_test,0.4537017
citeseer,BundleSheaf,false,5,4,last,3,7,cohens_d_test,0.37168133
citeseer,BundleSheaf,false,5,4,last,4,7,cohens_d_test,0.4160116
citeseer,BundleSheaf,false,5,4,last,0,8,degree,0.03026680155484661
citeseer,BundleSheaf,false,5,4,last,1,8,degree,0.6210443814009946
citeseer,BundleSheaf,false,5,4,last,2,8,degree,0.8228967300467334
citeseer,BundleSheaf,false,5,4,last,3,8,degree,0.801152966243234
citeseer,BundleSheaf,false,5,4,last,4,8,degree,0.762243253249825
citeseer,BundleSheaf,false,5,4,last,0,8,betweenness,0.026802773128541152
citeseer,BundleSheaf,false,5,4,last,1,8,betweenness,0.5265064205284176
citeseer,BundleSheaf,false,5,4,last,2,8,betweenness,0.704525187390628
citeseer,BundleSheaf,false,5,4,last,3,8,betweenness,0.6902903829357461
citeseer,BundleSheaf,false,5,4,last,4,8,betweenness,0.6641730952886499
citeseer,BundleSheaf,false,5,4,last,0,8,confidence,0.15097801965838029
citeseer,BundleSheaf,false,5,4,last,1,8,confidence,0.6108633481247444
citeseer,BundleSheaf,false,5,4,last,2,8,confidence,0.8382257780194313
citeseer,BundleSheaf,false,5,4,last,3,8,confidence,0.8981731763936402
citeseer,BundleSheaf,false,5,4,last,4,8,confidence,0.9141061486665392
citeseer,BundleSheaf,false,5,4,last,0,8,saliency,0.09687369400181396
citeseer,BundleSheaf,false,5,4,last,1,8,saliency,0.5691203053579222
citeseer,BundleSheaf,false,5,4,last,2,8,saliency,0.8370283220215836
citeseer,BundleSheaf,false,5,4,last,3,8,saliency,0.8922025691397018
citeseer,BundleSheaf,false,5,4,last,4,8,saliency,0.9059699791343019
citeseer,BundleSheaf,false,5,4,last,0,8,cohens_d_train,0.33806178
citeseer,BundleSheaf,false,5,4,last,1,8,cohens_d_train,0.26902258
citeseer,BundleSheaf,false,5,4,last,2,8,cohens_d_train,0.19746006
citeseer,BundleSheaf,false,5,4,last,3,8,cohens_d_train,0.17001429
citeseer,BundleSheaf,false,5,4,last,4,8,cohens_d_train,0.12231523
citeseer,BundleSheaf,false,5,4,last,0,8,cohens_d_test,0.3956119
citeseer,BundleSheaf,false,5,4,last,1,8,cohens_d_test,0.082481764
citeseer,BundleSheaf,false,5,4,last,2,8,cohens_d_test,0.27457494
citeseer,BundleSheaf,false,5,4,last,3,8,cohens_d_test,0.4868839
citeseer,BundleSheaf,false,5,4,last,4,8,cohens_d_test,0.21677564
citeseer,BundleSheaf,false,5,4,last,0,9,degree,0.043380640875533755
citeseer,BundleSheaf,false,5,4,last,1,9,degree,0.6552539642512588
citeseer,BundleSheaf,false,5,4,last,2,9,degree,0.8280706524550864
citeseer,BundleSheaf,false,5,4,last,3,9,degree,0.7887489219249562
citeseer,BundleSheaf,false,5,4,last,4,9,degree,0.7485815385464691
citeseer,BundleSheaf,false,5,4,last,0,9,betweenness,0.03694218319695514
citeseer,BundleSheaf,false,5,4,last,1,9,betweenness,0.565288786923146
citeseer,BundleSheaf,false,5,4,last,2,9,betweenness,0.7140264800557258
citeseer,BundleSheaf,false,5,4,last,3,9,betweenness,0.6823944975184192
citeseer,BundleSheaf,false,5,4,last,4,9,betweenness,0.6530827107987114
citeseer,BundleSheaf,false,5,4,last,0,9,confidence,0.12558145000138074
citeseer,BundleSheaf,false,5,4,last,1,9,confidence,0.433374492808009
citeseer,BundleSheaf,false,5,4,last,2,9,confidence,0.46652774464674174
citeseer,BundleSheaf,false,5,4,last,3,9,confidence,0.46230529622335753
citeseer,BundleSheaf,false,5,4,last,4,9,confidence,0.46286398266126166
citeseer,BundleSheaf,false,5,4,last,0,9,saliency,0.14216145316857487
citeseer,BundleSheaf,false,5,4,last,1,9,saliency,0.6659597565657766
citeseer,BundleSheaf,false,5,4,last,2,9,saliency,0.8986459121256476
citeseer,BundleSheaf,false,5,4,last,3,9,saliency,0.9279837135915764
citeseer,BundleSheaf,false,5,4,last,4,9,saliency,0.9156373394496191
citeseer,BundleSheaf,false,5,4,last,0,9,cohens_d_train,0.42877203
citeseer,BundleSheaf,false,5,4,last,1,9,cohens_d_train,0.332401
citeseer,BundleSheaf,false,5,4,last,2,9,cohens_d_train,0.5045666
citeseer,BundleSheaf,false,5,4,last,3,9,cohens_d_train,0.60923266
citeseer,BundleSheaf,false,5,4,last,4,9,cohens_d_train,0.5178465
citeseer,BundleSheaf,false,5,4,last,0,9,cohens_d_test,0.5451292
citeseer,BundleSheaf,false,5,4,last,1,9,cohens_d_test,0.47826046
citeseer,BundleSheaf,false,5,4,last,2,9,cohens_d_test,0.65833193
citeseer,BundleSheaf,false,5,4,last,3,9,cohens_d_test,0.7128942
citeseer,BundleSheaf,false,5,4,last,4,9,cohens_d_test,0.6850376
