dataset,model,normalised,d,layers,checkpoint,layer,fold,observable,value
cora,BundleSheaf,false,5,3,epoch-0,0,0,degree,-0.016075609672331785
cora,BundleSheaf,false,5,3,epoch-0,1,0,degree,0.8581128244543699
cora,BundleSheaf,false,5,3,epoch-0,2,0,degree,0.7775764864464207
cora,BundleSheaf,false,5,3,epoch-0,3,0,degree,0.657580418413118
cora,BundleSheaf,false,5,3,epoch-0,0,0,betweenness,-0.05462955419544847
cora,BundleSheaf,false,5,3,epoch-0,1,0,betweenness,0.6436310848653916
cora,BundleSheaf,false,5,3,epoch-0,2,0,betweenness,0.6572916336785517
cora,BundleSheaf,false,5,3,epoch-0,3,0,betweenness,0.5821981182490181
cora,BundleSheaf,false,5,3,epoch-0,0,0,confidence,-0.012865767464442493
cora,BundleSheaf,false,5,3,epoch-0,1,0,confidence,0.5890825737880153
cora,BundleSheaf,false,5,3,epoch-0,2,0,confidence,0.9147504713792383
cora,BundleSheaf,false,5,3,epoch-0,3,0,confidence,0.9517506503757595
cora,BundleSheaf,false,5,3,epoch-0,0,0,saliency,-0.03292817737645204
cora,BundleSheaf,false,5,3,epoch-0,1,0,saliency,0.5100650276996115
cora,BundleSheaf,false,5,3,epoch-0,2,0,saliency,0.8731668760646258
cora,BundleSheaf,false,5,3,epoch-0,3,0,saliency,0.9543298875412203
cora,BundleSheaf,false,5,3,epoch-0,0,0,cohens_d_train,0.0785308
cora,BundleSheaf,false,5,3,epoch-0,1,0,cohens_d_train,0.15667163
cora,BundleSheaf,false,5,3,epoch-0,2,0,cohens_d_train,0.16159706
cora,BundleSheaf,false,5,3,epoch-0,3,0,cohens_d_train,0.1063315
cora,BundleSheaf,false,5,3,epoch-0,0,0,cohens_d_test,0.04577632
cora,BundleSheaf,false,5,3,epoch-0,1,0,cohens_d_test,0.036559694
cora,BundleSheaf,false,5,3,epoch-0,2,0,cohens_d_test,0.048719667
cora,BundleSheaf,false,5,3,epoch-0,3,0,cohens_d_test,0.064189956
cora,BundleSheaf,false,5,3,epoch-0,0,1,degree,-0.028379927192030557
cora,BundleSheaf,false,5,3,epoch-0,1,1,degree,0.8431896779330396
cora,BundleSheaf,false,5,3,epoch-0,2,1,degree,0.7758808827368265
cora,BundleSheaf,false,5,3,epoch-0,3,1,degree,0.6608221336489294
cora,BundleSheaf,false,5,3,epoch-0,0,1,betweenness,-0.007283897658508015
cora,BundleSheaf,false,5,3,epoch-0,1,1,betweenness,0.6423458611761094
cora,BundleSheaf,false,5,3,epoch-0,2,1,betweenness,0.6554708208646298
cora,BundleSheaf,false,5,3,epoch-0,3,1,betweenness,0.5855785308737169
cora,BundleSheaf,false,5,3,epoch-0,0,1,confidence,-0.011567676950427562
cora,BundleSheaf,false,5,3,epoch-0,1,1,confidence,0.5723603168763983
cora,BundleSheaf,false,5,3,epoch-0,2,1,confidence,0.9046694160445894
cora,BundleSheaf,false,5,3,epoch-0,3,1,confidence,0.9464031249743825
cora,BundleSheaf,false,5,3,epoch-0,0,1,saliency,0.005332722114829408
cora,BundleSheaf,false,5,3,epoch-0,1,1,saliency,0.5149561197933339
cora,BundleSheaf,false,5,3,epoch-0,2,1,saliency,0.888558252846866
cora,BundleSheaf,false,5,3,epoch-0,3,1,saliency,0.9618224130460669
cora,BundleSheaf,false,5,3,epoch-0,0,1,cohens_d_train,0.03327806
cora,BundleSheaf,false,5,3,epoch-0,1,1,cohens_d_train,0.008700116
cora,BundleSheaf,false,5,3,epoch-0,2,1,cohens_d_train,0.14686675
cora,BundleSheaf,false,5,3,epoch-0,3,1,cohens_d_train,0.40959048
cora,BundleSheaf,false,5,3,epoch-0,0,1,cohens_d_test,0.1290392
cora,BundleSheaf,false,5,3,epoch-0,1,1,cohens_d_test,0.22835398
cora,BundleSheaf,false,5,3,epoch-0,2,1,cohens_d_test,0.39753047
cora,BundleSheaf,false,5,3,epoch-0,3,1,cohens_d_test,0.5313733
cora,BundleSheaf,false,5,3,epoch-0,0,2,degree,-0.03501871015390369
cora,BundleSheaf,false,5,3,epoch-0,1,2,degree,0.8558588930474978
cora,BundleSheaf,false,5,3,epoch-0,2,2,degree,0.7767193415464934
cora,BundleSheaf,false,5,3,epoch-0,3,2,degree,0.6605208607085676
cora,BundleSheaf,false,5,3,epoch-0,0,2,betweenness,-0.019455510916449387
cora,BundleSheaf,false,5,3,epoch-0,1,2,betweenness,0.6415184113864719
cora,BundleSheaf,false,5,3,epoch-0,2,2,betweenness,0.6521230474943737
cora,BundleSheaf,false,5,3,epoch-0,3,2,betweenness,0.5807564861514847
cora,BundleSheaf,false,5,3,epoch-0,0,2,confidence,0.02112689403816971
cora,BundleSheaf,false,5,3,epoch-0,1,2,confidence,0.5674522197687685
cora,BundleSheaf,false,5,3,epoch-0,2,2,confidence,0.8957936634864977
cora,BundleSheaf,false,5,3,epoch-0,3,2,confidence,0.932700993136267
cora,BundleSheaf,false,5,3,epoch-0,0,2,saliency,-0.027168159652750636
cora,BundleSheaf,false,5,3,epoch-0,1,2,saliency,0.4529499963153716
cora,BundleSheaf,false,5,3,epoch-0,2,2,saliency,0.8161718925129468
cora,BundleSheaf,false,5,3,epoch-0,3,2,saliency,0.9092110411681029
cora,BundleSheaf,false,5,3,epoch-0,0,2,cohens_d_train,0.110089414
cora,BundleSheaf,false,5,3,epoch-0,1,2,cohens_d_train,0.24264315
cora,BundleSheaf,false,5,3,epoch-0,2,2,cohens_d_train,0.0070288773
cora,BundleSheaf,false,5,3,epoch-0,3,2,cohens_d_train,0.11560369
cora,BundleSheaf,false,5,3,epoch-0,0,2,cohens_d_test,0.04362009
cora,BundleSheaf,false,5,3,epoch-0,1,2,cohens_d_test,0.11107209
cora,BundleSheaf,false,5,3,epoch-0,2,2,cohens_d_test,0.33121395
cora,BundleSheaf,false,5,3,epoch-0,3,2,cohens_d_test,0.43745354
cora,BundleSheaf,false,5,3,epoch-0,0,3,degree,-0.033640063956422786
cora,BundleSheaf,false,5,3,epoch-0,1,3,degree,0.8477132073596845
cora,BundleSheaf,false,5,3,epoch-0,2,3,degree,0.7723447282169233
cora,BundleSheaf,false,5,3,epoch-0,3,3,degree,0.6593182407760089
cora,BundleSheaf,false,5,3,epoch-0,0,3,betweenness,-0.04017141550807947
cora,BundleSheaf,false,5,3,epoch-0,1,3,betweenness,0.6362349321976764
cora,BundleSheaf,false,5,3,epoch-0,2,3,betweenness,0.6497696507411084
cora,BundleSheaf,false,5,3,epoch-0,3,3,betweenness,0.5832341627123476
cora,BundleSheaf,false,5,3,epoch-0,0,3,confidence,0.002843426848971838
cora,BundleSheaf,false,5,3,epoch-0,1,3,confidence,0.5956732163674662
cora,BundleSheaf,false,5,3,epoch-0,2,3,confidence,0.9260401276509672
cora,BundleSheaf,false,5,3,epoch-0,3,3,confidence,0.9518543341946862
cora,BundleSheaf,false,5,3,epoch-0,0,3,saliency,-0.004558582190143638
cora,BundleSheaf,false,5,3,epoch-0,1,3,saliency,0.5050516922297337
cora,BundleSheaf,false,5,3,epoch-0,2,3,saliency,0.8706347213113165
cora,BundleSheaf,false,5,3,epoch-0,3,3,saliency,0.9356786599255514
cora,BundleSheaf,false,5,3,epoch-0,0,3,cohens_d_train,0.010387955
cora,BundleSheaf,false,5,3,epoch-0,1,3,cohens_d_train,0.19232288
cora,BundleSheaf,false,5,3,epoch-0,2,3,cohens_d_train,0.20163298
cora,BundleSheaf,false,5,3,epoch-0,3,3,cohens_d_train,0.19709921
cora,BundleSheaf,false,5,3,epoch-0,0,3,cohens_d_test,0.06451188
cora,BundleSheaf,false,5,3,epoch-0,1,3,cohens_d_test,0.051181152
cora,BundleSheaf,false,5,3,epoch-0,2,3,cohens_d_test,0.67036355
cora,BundleSheaf,false,5,3,epoch-0,3,3,cohens_d_test,1.5426161
cora,BundleSheaf,false,5,3,epoch-0,0,4,degree,-0.024677865664106385
cora,BundleSheaf,false,5,3,epoch-0,1,4,degree,0.853416821542426
cora,BundleSheaf,false,5,3,epoch-0,2,4,degree,0.77687323567542
cora,BundleSheaf,false,5,3,epoch-0,3,4,degree,0.6597434045002977
cora,BundleSheaf,false,5,3,epoch-0,0,4,betweenness,0.0010852125516797571
cora,BundleSheaf,false,5,3,epoch-0,1,4,betweenness,0.6468431699910222
cora,BundleSheaf,false,5,3,epoch-0,2,4,betweenness,0.6581295669592961
cora,BundleSheaf,false,5,3,epoch-0,3,4,betweenness,0.5815321469239734
cora,BundleSheaf,false,5,3,epoch-0,0,4,confidence,0.013318547153649614
cora,BundleSheaf,false,5,3,epoch-0,1,4,confidence,0.5743183848912025
cora,BundleSheaf,false,5,3,epoch-0,2,4,confidence,0.9112634448194802
cora,BundleSheaf,false,5,3,epoch-0,3,4,confidence,0.9538956763272184
cora,BundleSheaf,false,5,3,epoch-0,0,4,saliency,-0.003882558173550535
cora,BundleSheaf,false,5,3,epoch-0,1,4,saliency,0.507460255253722
cora,BundleSheaf,false,5,3,epoch-0,2,4,saliency,0.8725592252121821
cora,BundleSheaf,false,5,3,epoch-0,3,4,saliency,0.9544499905924461
cora,BundleSheaf,false,5,3,epoch-0,0,4,cohens_d_train,0.11134574
cora,BundleSheaf,false,5,3,epoch-0,1,4,cohens_d_train,0.06396402
cora,BundleSheaf,false,5,3,epoch-0,2,4,cohens_d_train,0.20221974
cora,BundleSheaf,false,5,3,epoch-0,3,4,cohens_d_train,0.14700086
cora,BundleSheaf,false,5,3,epoch-0,0,4,cohens_d_test,0.036153812
cora,BundleSheaf,false,5,3,epoch-0,1,4,cohens_d_test,0.12078646
cora,BundleSheaf,false,5,3,epoch-0,2,4,cohens_d_test,0.07954526
cora,BundleSheaf,false,5,3,epoch-0,3,4,cohens_d_test,0.067168735
cora,BundleSheaf,false,5,3,epoch-0,0,5,degree,-0.006989646176550165
cora,BundleSheaf,false,5,3,epoch-0,1,5,degree,0.8520238268236109
cora,BundleSheaf,false,5,3,epoch-0,2,5,degree,0.7751108890384213
cora,BundleSheaf,false,5,3,epoch-0,3,5,degree,0.6623617288920153
cora,BundleSheaf,false,5,3,epoch-0,0,5,betweenness,-0.045692358149280264
cora,BundleSheaf,false,5,3,epoch-0,1,5,betweenness,0.6351038144957121
cora,BundleSheaf,false,5,3,epoch-0,2,5,betweenness,0.6526909619476846
cora,BundleSheaf,false,5,3,epoch-0,3,5,betweenness,0.584451467862082
cora,BundleSheaf,false,5,3,epoch-0,0,5,confidence,0.048058027023731346
cora,BundleSheaf,false,5,3,epoch-0,1,5,confidence,0.5773074744244203
cora,BundleSheaf,false,5,3,epoch-0,2,5,confidence,0.9169237709577633
cora,BundleSheaf,false,5,3,epoch-0,3,5,confidence,0.9530456137606704
cora,BundleSheaf,false,5,3,epoch-0,0,5,saliency,0.038751054579074545
cora,BundleSheaf,false,5,3,epoch-0,1,5,saliency,0.49931542649336624
cora,BundleSheaf,false,5,3,epoch-0,2,5,saliency,0.8775250129567231
cora,BundleSheaf,false,5,3,epoch-0,3,5,saliency,0.9571571164013809
cora,BundleSheaf,false,5,3,epoch-0,0,5,cohens_d_train,0.1785411
cora,BundleSheaf,false,5,3,epoch-0,1,5,cohens_d_train,0.3087083
cora,BundleSheaf,false,5,3,epoch-0,2,5,cohens_d_train,0.17197734
cora,BundleSheaf,false,5,3,epoch-0,3,5,cohens_d_train,0.04382917
cora,BundleSheaf,false,5,3,epoch-0,0,5,cohens_d_test,0.057577714
cora,BundleSheaf,false,5,3,epoch-0,1,5,cohens_d_test,0.12361155
cora,BundleSheaf,false,5,3,epoch-0,2,5,cohens_d_test,0.04233165
cora,BundleSheaf,false,5,3,epoch-0,3,5,cohens_d_test,0.1541936
cora,BundleSheaf,false,5,3,epoch-0,0,6,degree,-0.041210919472279076
cora,BundleSheaf,false,5,3,epoch-0,1,6,degree,0.8370246436637404
cora,BundleSheaf,false,5,3,epoch-0,2,6,degree,0.7766434047180145
cora,BundleSheaf,false,5,3,epoch-0,3,6,degree,0.665750782355232
cora,BundleSheaf,false,5,3,epoch-0,0,6,betweenness,-0.04086853264201889
cora,BundleSheaf,false,5,3,epoch-0,1,6,betweenness,0.6279056443882984
cora,BundleSheaf,false,5,3,epoch-0,2,6,betweenness,0.6552190144693432
cora,BundleSheaf,false,5,3,epoch-0,3,6,betweenness,0.5877617960547719
cora,BundleSheaf,false,5,3,epoch-0,0,6,confidence,-0.013823846777016917
cora,BundleSheaf,false,5,3,epoch-0,1,6,confidence,0.5692708732694131
cora,BundleSheaf,false,5,3,epoch-0,2,6,confidence,0.9148924817831404
cora,BundleSheaf,false,5,3,epoch-0,3,6,confidence,0.9518506582102305
cora,BundleSheaf,false,5,3,epoch-0,0,6,saliency,-0.05273108630411897
cora,BundleSheaf,false,5,3,epoch-0,1,6,saliency,0.4695441344065163
cora,BundleSheaf,false,5,3,epoch-0,2,6,saliency,0.8316540695558371
cora,BundleSheaf,false,5,3,epoch-0,3,6,saliency,0.9177480821474119
cora,BundleSheaf,false,5,3,epoch-0,0,6,cohens_d_train,0.034789387
cora,BundleSheaf,false,5,3,epoch-0,1,6,cohens_d_train,0.052054726
cora,BundleSheaf,false,5,3,epoch-0,2,6,cohens_d_train,0.026683146
cora,BundleSheaf,false,5,3,epoch-0,3,6,cohens_d_train,0.04601484
cora,BundleSheaf,false,5,3,epoch-0,0,6,cohens_d_test,0.010327
cora,BundleSheaf,false,5,3,epoch-0,1,6,cohens_d_test,0.010376563
cora,BundleSheaf,false,5,3,epoch-0,2,6,cohens_d_test,0.04414081
cora,BundleSheaf,false,5,3,epoch-0,3,6,cohens_d_test,0.041213237
cora,BundleSheaf,false,5,3,epoch-0,0,7,degree,-0.047257639021815505
cora,BundleSheaf,false,5,3,epoch-0,1,7,degree,0.8549012990907987
cora,BundleSheaf,false,5,3,epoch-0,2,7,degree,0.778123210599408
cora,BundleSheaf,false,5,3,epoch-0,3,7,degree,0.6609490407442871
cora,BundleSheaf,false,5,3,epoch-0,0,7,betweenness,-0.028123250876417146
cora,BundleSheaf,false,5,3,epoch-0,1,7,betweenness,0.6511162865200761
cora,BundleSheaf,false,5,3,epoch-0,2,7,betweenness,0.658343651661192
cora,BundleSheaf,false,5,3,epoch-0,3,7,betweenness,0.5834388706772032
cora,BundleSheaf,false,5,3,epoch-0,0,7,confidence,0.0007813407972443743
cora,BundleSheaf,false,5,3,epoch-0,1,7,confidence,0.5602020373743213
cora,BundleSheaf,false,5,3,epoch-0,2,7,confidence,0.9089665166785682
cora,BundleSheaf,false,5,3,epoch-0,3,7,confidence,0.9533956197431985
cora,BundleSheaf,false,5,3,epoch-0,0,7,saliency,-0.007920819506743958
cora,BundleSheaf,false,5,3,epoch-0,1,7,saliency,0.498240140713623
cora,BundleSheaf,false,5,3,epoch-0,2,7,saliency,0.8815046298232222
cora,BundleSheaf,false,5,3,epoch-0,3,7,saliency,0.9606946149538087
cora,BundleSheaf,false,5,3,epoch-0,0,7,cohens_d_train,0.108118966
cora,BundleSheaf,false,5,3,epoch-0,1,7,cohens_d_train,0.064833194
cora,BundleSheaf,false,5,3,epoch-0,2,7,cohens_d_train,0.044110637
cora,BundleSheaf,false,5,3,epoch-0,3,7,cohens_d_train,0.004736365
cora,BundleSheaf,false,5,3,epoch-0,0,7,cohens_d_test,0.1719486
cora,BundleSheaf,false,5,3,epoch-0,1,7,cohens_d_test,0.027744249
cora,BundleSheaf,false,5,3,epoch-0,2,7,cohens_d_test,0.12522331
cora,BundleSheaf,false,5,3,epoch-0,3,7,cohens_d_test,0.3195272
cora,BundleSheaf,false,5,3,epoch-0,0,8,degree,0.015488313018998223
cora,BundleSheaf,false,5,3,epoch-0,1,8,degree,0.848689246353601
cora,BundleSheaf,false,5,3,epoch-0,2,8,degree,0.7796505395188191
cora,BundleSheaf,false,5,3,epoch-0,3,8,degree,0.6627688828524542
cora,BundleSheaf,false,5,3,epoch-0,0,8,betweenness,0.012629623474435246
cora,BundleSheaf,false,5,3,epoch-0,1,8,betweenness,0.6437022025934694
cora,BundleSheaf,false,5,3,epoch-0,2,8,betweenness,0.6587326514095088
cora,BundleSheaf,false,5,3,epoch-0,3,8,betweenness,0.5846437919688207
cora,BundleSheaf,false,5,3,epoch-0,0,8,confidence,0.08777031035708349
cora,BundleSheaf,false,5,3,epoch-0,1,8,confidence,0.5758451721617324
cora,BundleSheaf,false,5,3,epoch-0,2,8,confidence,0.9049747819555657
cora,BundleSheaf,false,5,3,epoch-0,3,8,confidence,0.9496589398073699
cora,BundleSheaf,false,5,3,epoch-0,0,8,saliency,0.09320409348113536
cora,BundleSheaf,false,5,3,epoch-0,1,8,saliency,0.4931784449918757
cora,BundleSheaf,false,5,3,epoch-0,2,8,saliency,0.8469429646503278
cora,BundleSheaf,false,5,3,epoch-0,3,8,saliency,0.935391299758434
cora,BundleSheaf,false,5,3,epoch-0,0,8,cohens_d_train,0.05354594
cora,BundleSheaf,false,5,3,epoch-0,1,8,cohens_d_train,0.060442165
cora,BundleSheaf,false,5,3,epoch-0,2,8,cohens_d_train,0.03349021
cora,BundleSheaf,false,5,3,epoch-0,3,8,cohens_d_train,0.046899088
cora,BundleSheaf,false,5,3,epoch-0,0,8,cohens_d_test,0.1675034
cora,BundleSheaf,false,5,3,epoch-0,1,8,cohens_d_test,0.21603422
cora,BundleSheaf,false,5,3,epoch-0,2,8,cohens_d_test,0.21748121
cora,BundleSheaf,false,5,3,epoch-0,3,8,cohens_d_test,0.21392195
cora,BundleSheaf,false,5,3,epoch-0,0,9,degree,-0.04453393308726256
cora,BundleSheaf,false,5,3,epoch-0,1,9,degree,0.8645912673539992
cora,BundleSheaf,false,5,3,epoch-0,2,9,degree,0.7766327607941313
cora,BundleSheaf,false,5,3,epoch-0,3,9,degree,0.6552422513428431
cora,BundleSheaf,false,5,3,epoch-0,0,9,betweenness,-0.02254587878513471
cora,BundleSheaf,false,5,3,epoch-0,1,9,betweenness,0.6445587428630375
cora,BundleSheaf,false,5,3,epoch-0,2,9,betweenness,0.6531676282633186
cora,BundleSheaf,false,5,3,epoch-0,3,9,betweenness,0.5783569802213745
cora,BundleSheaf,false,5,3,epoch-0,0,9,confidence,-0.007852866604263545
cora,BundleSheaf,false,5,3,epoch-0,1,9,confidence,0.5676085830388995
cora,BundleSheaf,false,5,3,epoch-0,2,9,confidence,0.9225490598670328
cora,BundleSheaf,false,5,3,epoch-0,3,9,confidence,0.9582112524517948
cora,BundleSheaf,false,5,3,epoch-0,0,9,saliency,-0.03595999643026034
cora,BundleSheaf,false,5,3,epoch-0,1,9,saliency,0.49032690451946853
cora,BundleSheaf,false,5,3,epoch-0,2,9,saliency,0.8799679428854197
cora,BundleSheaf,false,5,3,epoch-0,3,9,saliency,0.9578784416721913
cora,BundleSheaf,false,5,3,epoch-0,0,9,cohens_d_train,0.0062582484
cora,BundleSheaf,false,5,3,epoch-0,1,9,cohens_d_train,0.22182399
cora,BundleSheaf,false,5,3,epoch-0,2,9,cohens_d_train,0.2693276
cora,BundleSheaf,false,5,3,epoch-0,3,9,cohens_d_train,0.12361495
cora,BundleSheaf,false,5,3,epoch-0,0,9,cohens_d_test,0.011794575
cora,BundleSheaf,false,5,3,epoch-0,1,9,cohens_d_test,0.03941145
cora,BundleSheaf,false,5,3,epoch-0,2,9,cohens_d_test,0.04800713
cora,BundleSheaf,false,5,3,epoch-0,3,9,cohens_d_test,0.06268012
cora,BundleSheaf,false,5,3,epoch-1,0,0,degree,0.002785437006702638
cora,BundleSheaf,false,5,3,epoch-1,1,0,degree,0.8551112025522628
cora,BundleSheaf,false,5,3,epoch-1,2,0,degree,0.7555387460873638
cora,BundleSheaf,false,5,3,epoch-1,3,0,degree,0.6466171933915369
cora,BundleSheaf,false,5,3,epoch-1,0,0,betweenness,-0.038431470953789876
cora,BundleSheaf,false,5,3,epoch-1,1,0,betweenness,0.6454857804164637
cora,BundleSheaf,false,5,3,epoch-1,2,0,betweenness,0.643545178059014
cora,BundleSheaf,false,5,3,epoch-1,3,0,betweenness,0.5761572135303841
cora,BundleSheaf,false,5,3,epoch-1,0,0,confidence,0.09665037413599838
cora,BundleSheaf,false,5,3,epoch-1,1,0,confidence,0.606598503592786
cora,BundleSheaf,false,5,3,epoch-1,2,0,confidence,0.9134290751898564
cora,BundleSheaf,false,5,3,epoch-1,3,0,confidence,0.956116236428069
cora,BundleSheaf,false,5,3,epoch-1,0,0,saliency,0.08954150866310073
cora,BundleSheaf,false,5,3,epoch-1,1,0,saliency,0.5610087042021069
cora,BundleSheaf,false,5,3,epoch-1,2,0,saliency,0.8993049765241299
cora,BundleSheaf,false,5,3,epoch-1,3,0,saliency,0.967283017425249
cora,BundleSheaf,false,5,3,epoch-1,0,0,cohens_d_train,0.15116887
cora,BundleSheaf,false,5,3,epoch-1,1,0,cohens_d_train,0.06213626
cora,BundleSheaf,false,5,3,epoch-1,2,0,cohens_d_train,0.12121885
cora,BundleSheaf,false,5,3,epoch-1,3,0,cohens_d_train,0.046243303
cora,BundleSheaf,false,5,3,epoch-1,0,0,cohens_d_test,0.094813146
cora,BundleSheaf,false,5,3,epoch-1,1,0,cohens_d_test,0.09401567
cora,BundleSheaf,false,5,3,epoch-1,2,0,cohens_d_test,0.075414605
cora,BundleSheaf,false,5,3,epoch-1,3,0,cohens_d_test,0.07364938
cora,BundleSheaf,false,5,3,epoch-1,0,1,degree,0.001363137718477652
cora,BundleSheaf,false,5,3,epoch-1,1,1,degree,0.8445310820181074
cora,BundleSheaf,false,5,3,epoch-1,2,1,degree,0.7558976824330484
cora,BundleSheaf,false,5,3,epoch-1,3,1,degree,0.6529917027391806
cora,BundleSheaf,false,5,3,epoch-1,0,1,betweenness,0.007598376317762808
cora,BundleSheaf,false,5,3,epoch-1,1,1,betweenness,0.6529699144678061
cora,BundleSheaf,false,5,3,epoch-1,2,1,betweenness,0.6449587972159282
cora,BundleSheaf,false,5,3,epoch-1,3,1,betweenness,0.579209537805532
cora,BundleSheaf,false,5,3,epoch-1,0,1,confidence,0.12187127217608086
cora,BundleSheaf,false,5,3,epoch-1,1,1,confidence,0.6260197803985116
cora,BundleSheaf,false,5,3,epoch-1,2,1,confidence,0.9051595327010423
cora,BundleSheaf,false,5,3,epoch-1,3,1,confidence,0.9435052981285708
cora,BundleSheaf,false,5,3,epoch-1,0,1,saliency,0.11004805039553718
cora,BundleSheaf,false,5,3,epoch-1,1,1,saliency,0.5624115946246714
cora,BundleSheaf,false,5,3,epoch-1,2,1,saliency,0.8955055104450008
cora,BundleSheaf,false,5,3,epoch-1,3,1,saliency,0.9611007519745476
cora,BundleSheaf,false,5,3,epoch-1,0,1,cohens_d_train,0.21228701
cora,BundleSheaf,false,5,3,epoch-1,1,1,cohens_d_train,0.054161653
cora,BundleSheaf,false,5,3,epoch-1,2,1,cohens_d_train,0.1650453
cora,BundleSheaf,false,5,3,epoch-1,3,1,cohens_d_train,0.41654006
cora,BundleSheaf,false,5,3,epoch-1,0,1,cohens_d_test,0.024838895
cora,BundleSheaf,false,5,3,epoch-1,1,1,cohens_d_test,0.10019692
cora,BundleSheaf,false,5,3,epoch-1,2,1,cohens_d_test,0.06993372
cora,BundleSheaf,false,5,3,epoch-1,3,1,cohens_d_test,0.18714137
cora,BundleSheaf,false,5,3,epoch-1,0,2,degree,0.0022171846763842993
cora,BundleSheaf,false,5,3,epoch-1,1,2,degree,0.8538810782523085
cora,BundleSheaf,false,5,3,epoch-1,2,2,degree,0.7559444366765019
cora,BundleSheaf,false,5,3,epoch-1,3,2,degree,0.64921609136944
cora,BundleSheaf,false,5,3,epoch-1,0,2,betweenness,-0.005655862346278807
cora,BundleSheaf,false,5,3,epoch-1,1,2,betweenness,0.6550761492743458
cora,BundleSheaf,false,5,3,epoch-1,2,2,betweenness,0.6397838546180267
cora,BundleSheaf,false,5,3,epoch-1,3,2,betweenness,0.5756858737213844
cora,BundleSheaf,false,5,3,epoch-1,0,2,confidence,0.13419556755084702
cora,BundleSheaf,false,5,3,epoch-1,1,2,confidence,0.6109349805315818
cora,BundleSheaf,false,5,3,epoch-1,2,2,confidence,0.9041279530885658
cora,BundleSheaf,false,5,3,epoch-1,3,2,confidence,0.9395897760445894
cora,BundleSheaf,false,5,3,epoch-1,0,2,saliency,0.11380335632015297
cora,BundleSheaf,false,5,3,epoch-1,1,2,saliency,0.5590011233135065
cora,BundleSheaf,false,5,3,epoch-1,2,2,saliency,0.8911013533027443
cora,BundleSheaf,false,5,3,epoch-1,3,2,saliency,0.9623168954626298
cora,BundleSheaf,false,5,3,epoch-1,0,2,cohens_d_train,0.020743616
cora,BundleSheaf,false,5,3,epoch-1,1,2,cohens_d_train,0.080526814
cora,BundleSheaf,false,5,3,epoch-1,2,2,cohens_d_train,0.01215137
cora,BundleSheaf,false,5,3,epoch-1,3,2,cohens_d_train,0.056828756
cora,BundleSheaf,false,5,3,epoch-1,0,2,cohens_d_test,0.13689888
cora,BundleSheaf,false,5,3,epoch-1,1,2,cohens_d_test,0.18849862
cora,BundleSheaf,false,5,3,epoch-1,2,2,cohens_d_test,0.107673
cora,BundleSheaf,false,5,3,epoch-1,3,2,cohens_d_test,0.19094583
cora,BundleSheaf,false,5,3,epoch-1,0,3,degree,-0.009070597575695298
cora,BundleSheaf,false,5,3,epoch-1,1,3,degree,0.8419534519376265
cora,BundleSheaf,false,5,3,epoch-1,2,3,degree,0.756641012644013
cora,BundleSheaf,false,5,3,epoch-1,3,3,degree,0.6528413950783375
cora,BundleSheaf,false,5,3,epoch-1,0,3,betweenness,-0.015468066221151678
cora,BundleSheaf,false,5,3,epoch-1,1,3,betweenness,0.6409214287671536
cora,BundleSheaf,false,5,3,epoch-1,2,3,betweenness,0.6439847482225118
cora,BundleSheaf,false,5,3,epoch-1,3,3,betweenness,0.5759965570480159
cora,BundleSheaf,false,5,3,epoch-1,0,3,confidence,0.10516215473693682
cora,BundleSheaf,false,5,3,epoch-1,1,3,confidence,0.622268810888584
cora,BundleSheaf,false,5,3,epoch-1,2,3,confidence,0.9095301082541971
cora,BundleSheaf,false,5,3,epoch-1,3,3,confidence,0.9418911537687954
cora,BundleSheaf,false,5,3,epoch-1,0,3,saliency,0.15301818919639165
cora,BundleSheaf,false,5,3,epoch-1,1,3,saliency,0.5365506777417891
cora,BundleSheaf,false,5,3,epoch-1,2,3,saliency,0.8442017778210792
cora,BundleSheaf,false,5,3,epoch-1,3,3,saliency,0.930840576416815
cora,BundleSheaf,false,5,3,epoch-1,0,3,cohens_d_train,0.052333936
cora,BundleSheaf,false,5,3,epoch-1,1,3,cohens_d_train,0.26732138
cora,BundleSheaf,false,5,3,epoch-1,2,3,cohens_d_train,0.2517705
cora,BundleSheaf,false,5,3,epoch-1,3,3,cohens_d_train,0.23139203
cora,BundleSheaf,false,5,3,epoch-1,0,3,cohens_d_test,0.16328287
cora,BundleSheaf,false,5,3,epoch-1,1,3,cohens_d_test,0.22829466
cora,BundleSheaf,false,5,3,epoch-1,2,3,cohens_d_test,0.3987064
cora,BundleSheaf,false,5,3,epoch-1,3,3,cohens_d_test,0.38449508
cora,BundleSheaf,false,5,3,epoch-1,0,4,degree,0.023278379211288478
cora,BundleSheaf,false,5,3,epoch-1,1,4,degree,0.8494364364175906
cora,BundleSheaf,false,5,3,epoch-1,2,4,degree,0.761448106518979
cora,BundleSheaf,false,5,3,epoch-1,3,4,degree,0.6503951837273224
cora,BundleSheaf,false,5,3,epoch-1,0,4,betweenness,0.009823475720858676
cora,BundleSheaf,false,5,3,epoch-1,1,4,betweenness,0.643279181352693
cora,BundleSheaf,false,5,3,epoch-1,2,4,betweenness,0.645359471566452
cora,BundleSheaf,false,5,3,epoch-1,3,4,betweenness,0.5736277565893683
cora,BundleSheaf,false,5,3,epoch-1,0,4,confidence,0.13106821087624276
cora,BundleSheaf,false,5,3,epoch-1,1,4,confidence,0.6091345597635517
cora,BundleSheaf,false,5,3,epoch-1,2,4,confidence,0.904691712104024
cora,BundleSheaf,false,5,3,epoch-1,3,4,confidence,0.9512836262701387
cora,BundleSheaf,false,5,3,epoch-1,0,4,saliency,0.11420372013713483
cora,BundleSheaf,false,5,3,epoch-1,1,4,saliency,0.568404599942331
cora,BundleSheaf,false,5,3,epoch-1,2,4,saliency,0.9036929893542532
cora,BundleSheaf,false,5,3,epoch-1,3,4,saliency,0.967052873675866
cora,BundleSheaf,false,5,3,epoch-1,0,4,cohens_d_train,0.32147023
cora,BundleSheaf,false,5,3,epoch-1,1,4,cohens_d_train,0.20335041
cora,BundleSheaf,false,5,3,epoch-1,2,4,cohens_d_train,0.46599224
cora,BundleSheaf,false,5,3,epoch-1,3,4,cohens_d_train,0.84735733
cora,BundleSheaf,false,5,3,epoch-1,0,4,cohens_d_test,0.20937212
cora,BundleSheaf,false,5,3,epoch-1,1,4,cohens_d_test,0.005582102
cora,BundleSheaf,false,5,3,epoch-1,2,4,cohens_d_test,0.025272965
cora,BundleSheaf,false,5,3,epoch-1,3,4,cohens_d_test,0.021269348
cora,BundleSheaf,false,5,3,epoch-1,0,5,degree,0.030458357985727772
cora,BundleSheaf,false,5,3,epoch-1,1,5,degree,0.8508477526112951
cora,BundleSheaf,false,5,3,epoch-1,2,5,degree,0.7554074350963781
cora,BundleSheaf,false,5,3,epoch-1,3,5,degree,0.6539614906374305
cora,BundleSheaf,false,5,3,epoch-1,0,5,betweenness,0.005268040128463192
cora,BundleSheaf,false,5,3,epoch-1,1,5,betweenness,0.6411305353036958
cora,BundleSheaf,false,5,3,epoch-1,2,5,betweenness,0.6392818778034993
cora,BundleSheaf,false,5,3,epoch-1,3,5,betweenness,0.5782091044417261
cora,BundleSheaf,false,5,3,epoch-1,0,5,confidence,0.20708654255901274
cora,BundleSheaf,false,5,3,epoch-1,1,5,confidence,0.6175905570295636
cora,BundleSheaf,false,5,3,epoch-1,2,5,confidence,0.913981706562511
cora,BundleSheaf,false,5,3,epoch-1,3,5,confidence,0.950741283521012
cora,BundleSheaf,false,5,3,epoch-1,0,5,saliency,0.20971676082247756
cora,BundleSheaf,false,5,3,epoch-1,1,5,saliency,0.5644544093238973
cora,BundleSheaf,false,5,3,epoch-1,2,5,saliency,0.8985850219436784
cora,BundleSheaf,false,5,3,epoch-1,3,5,saliency,0.9675070583724513
cora,BundleSheaf,false,5,3,epoch-1,0,5,cohens_d_train,0.14850546
cora,BundleSheaf,false,5,3,epoch-1,1,5,cohens_d_train,0.0061804103
cora,BundleSheaf,false,5,3,epoch-1,2,5,cohens_d_train,0.03878025
cora,BundleSheaf,false,5,3,epoch-1,3,5,cohens_d_train,0.04739868
cora,BundleSheaf,false,5,3,epoch-1,0,5,cohens_d_test,0.22681923
cora,BundleSheaf,false,5,3,epoch-1,1,5,cohens_d_test,0.2566799
cora,BundleSheaf,false,5,3,epoch-1,2,5,cohens_d_test,0.27482814
cora,BundleSheaf,false,5,3,epoch-1,3,5,cohens_d_test,0.20742314
cora,BundleSheaf,false,5,3,epoch-1,0,6,degree,0.00609634132502832
cora,BundleSheaf,false,5,3,epoch-1,1,6,degree,0.8337875290556266
cora,BundleSheaf,false,5,3,epoch-1,2,6,degree,0.763836423646449
cora,BundleSheaf,false,5,3,epoch-1,3,6,degree,0.6531201529544622
cora,BundleSheaf,false,5,3,epoch-1,0,6,betweenness,-0.010876113813062934
cora,BundleSheaf,false,5,3,epoch-1,1,6,betweenness,0.6376107059704842
cora,BundleSheaf,false,5,3,epoch-1,2,6,betweenness,0.645699129073985
cora,BundleSheaf,false,5,3,epoch-1,3,6,betweenness,0.5738947900802397
cora,BundleSheaf,false,5,3,epoch-1,0,6,confidence,0.163539579482123
cora,BundleSheaf,false,5,3,epoch-1,1,6,confidence,0.6206270377320676
cora,BundleSheaf,false,5,3,epoch-1,2,6,confidence,0.9159269878383492
cora,BundleSheaf,false,5,3,epoch-1,3,6,confidence,0.956455681190405
cora,BundleSheaf,false,5,3,epoch-1,0,6,saliency,0.12968107429492318
cora,BundleSheaf,false,5,3,epoch-1,1,6,saliency,0.5585077286959488
cora,BundleSheaf,false,5,3,epoch-1,2,6,saliency,0.8837241833317958
cora,BundleSheaf,false,5,3,epoch-1,3,6,saliency,0.952801713231933
cora,BundleSheaf,false,5,3,epoch-1,0,6,cohens_d_train,0.4625761
cora,BundleSheaf,false,5,3,epoch-1,1,6,cohens_d_train,0.11353199
cora,BundleSheaf,false,5,3,epoch-1,2,6,cohens_d_train,0.041357446
cora,BundleSheaf,false,5,3,epoch-1,3,6,cohens_d_train,0.052817293
cora,BundleSheaf,false,5,3,epoch-1,0,6,cohens_d_test,0.281718
cora,BundleSheaf,false,5,3,epoch-1,1,6,cohens_d_test,0.033042014
cora,BundleSheaf,false,5,3,epoch-1,2,6,cohens_d_test,0.09160116
cora,BundleSheaf,false,5,3,epoch-1,3,6,cohens_d_test,0.34382257
cora,BundleSheaf,false,5,3,epoch-1,0,7,degree,0.0046661953932240425
cora,BundleSheaf,false,5,3,epoch-1,1,7,degree,0.8506384105629288
cora,BundleSheaf,false,5,3,epoch-1,2,7,degree,0.7596170350262366
cora,BundleSheaf,false,5,3,epoch-1,3,7,degree,0.6472937374864717
cora,BundleSheaf,false,5,3,epoch-1,0,7,betweenness,0.012101740962425616
cora,BundleSheaf,false,5,3,epoch-1,1,7,betweenness,0.6476079548719166
cora,BundleSheaf,false,5,3,epoch-1,2,7,betweenness,0.6455764592066959
cora,BundleSheaf,false,5,3,epoch-1,3,7,betweenness,0.573727771425215
cora,BundleSheaf,false,5,3,epoch-1,0,7,confidence,0.14476603128690915
cora,BundleSheaf,false,5,3,epoch-1,1,7,confidence,0.5843207394778057
cora,BundleSheaf,false,5,3,epoch-1,2,7,confidence,0.9125986010442687
cora,BundleSheaf,false,5,3,epoch-1,3,7,confidence,0.954502674226945
cora,BundleSheaf,false,5,3,epoch-1,0,7,saliency,0.1608548966637302
cora,BundleSheaf,false,5,3,epoch-1,1,7,saliency,0.5332384571821608
cora,BundleSheaf,false,5,3,epoch-1,2,7,saliency,0.8908019670610442
cora,BundleSheaf,false,5,3,epoch-1,3,7,saliency,0.9671162309122454
cora,BundleSheaf,false,5,3,epoch-1,0,7,cohens_d_train,0.196101
cora,BundleSheaf,false,5,3,epoch-1,1,7,cohens_d_train,0.07049398
cora,BundleSheaf,false,5,3,epoch-1,2,7,cohens_d_train,0.08964658
cora,BundleSheaf,false,5,3,epoch-1,3,7,cohens_d_train,0.06415245
cora,BundleSheaf,false,5,3,epoch-1,0,7,cohens_d_test,0.008113826
cora,BundleSheaf,false,5,3,epoch-1,1,7,cohens_d_test,0.012283422
cora,BundleSheaf,false,5,3,epoch-1,2,7,cohens_d_test,0.22314234
cora,BundleSheaf,false,5,3,epoch-1,3,7,cohens_d_test,0.32803607
cora,BundleSheaf,false,5,3,epoch-1,0,8,degree,0.022137631809546317
cora,BundleSheaf,false,5,3,epoch-1,1,8,degree,0.8435482591829542
cora,BundleSheaf,false,5,3,epoch-1,2,8,degree,0.75718040282286
cora,BundleSheaf,false,5,3,epoch-1,3,8,degree,0.6503272180374392
cora,BundleSheaf,false,5,3,epoch-1,0,8,betweenness,0.016604042995440372
cora,BundleSheaf,false,5,3,epoch-1,1,8,betweenness,0.6491348338869412
cora,BundleSheaf,false,5,3,epoch-1,2,8,betweenness,0.6460027342769561
cora,BundleSheaf,false,5,3,epoch-1,3,8,betweenness,0.5740812643730789
cora,BundleSheaf,false,5,3,epoch-1,0,8,confidence,0.17023852756319638
cora,BundleSheaf,false,5,3,epoch-1,1,8,confidence,0.6294819729224578
cora,BundleSheaf,false,5,3,epoch-1,2,8,confidence,0.9210023832780735
cora,BundleSheaf,false,5,3,epoch-1,3,8,confidence,0.9472426730844471
cora,BundleSheaf,false,5,3,epoch-1,0,8,saliency,0.16767495730280935
cora,BundleSheaf,false,5,3,epoch-1,1,8,saliency,0.5564857187713065
cora,BundleSheaf,false,5,3,epoch-1,2,8,saliency,0.8962671991133625
cora,BundleSheaf,false,5,3,epoch-1,3,8,saliency,0.9652607672413043
cora,BundleSheaf,false,5,3,epoch-1,0,8,cohens_d_train,0.044568107
cora,BundleSheaf,false,5,3,epoch-1,1,8,cohens_d_train,0.018672757
cora,BundleSheaf,false,5,3,epoch-1,2,8,cohens_d_train,0.02964047
cora,BundleSheaf,false,5,3,epoch-1,3,8,cohens_d_train,0.043208066
cora,BundleSheaf,false,5,3,epoch-1,0,8,cohens_d_test,0.10594868
cora,BundleSheaf,false,5,3,epoch-1,1,8,cohens_d_test,0.08738429
cora,BundleSheaf,false,5,3,epoch-1,2,8,cohens_d_test,0.08296634
cora,BundleSheaf,false,5,3,epoch-1,3,8,cohens_d_test,0.11464761
cora,BundleSheaf,false,5,3,epoch-1,0,9,degree,-0.010228954547333923
cora,BundleSheaf,false,5,3,epoch-1,1,9,degree,0.8576321559117324
cora,BundleSheaf,false,5,3,epoch-1,2,9,degree,0.7565376351251474
cora,BundleSheaf,false,5,3,epoch-1,3,9,degree,0.6441457120092394
cora,BundleSheaf,false,5,3,epoch-1,0,9,betweenness,0.0019048508230668562
cora,BundleSheaf,false,5,3,epoch-1,1,9,betweenness,0.6423154228265808
cora,BundleSheaf,false,5,3,epoch-1,2,9,betweenness,0.6393965409131936
cora,BundleSheaf,false,5,3,epoch-1,3,9,betweenness,0.5660558352234666
cora,BundleSheaf,false,5,3,epoch-1,0,9,confidence,0.12089187020088243
cora,BundleSheaf,false,5,3,epoch-1,1,9,confidence,0.563769519026475
cora,BundleSheaf,false,5,3,epoch-1,2,9,confidence,0.9117162203480776
cora,BundleSheaf,false,5,3,epoch-1,3,9,confidence,0.9582799356646898
cora,BundleSheaf,false,5,3,epoch-1,0,9,saliency,0.14167649756227374
cora,BundleSheaf,false,5,3,epoch-1,1,9,saliency,0.4980211620829322
cora,BundleSheaf,false,5,3,epoch-1,2,9,saliency,0.8391129578017433
cora,BundleSheaf,false,5,3,epoch-1,3,9,saliency,0.9256427578270198
cora,BundleSheaf,false,5,3,epoch-1,0,9,cohens_d_train,0.07762389
cora,BundleSheaf,false,5,3,epoch-1,1,9,cohens_d_train,0.054300476
cora,BundleSheaf,false,5,3,epoch-1,2,9,cohens_d_train,0.086412326
cora,BundleSheaf,false,5,3,epoch-1,3,9,cohens_d_train,0.09069423
cora,BundleSheaf,false,5,3,epoch-1,0,9,cohens_d_test,0.4830231
cora,BundleSheaf,false,5,3,epoch-1,1,9,cohens_d_test,0.001778635
cora,BundleSheaf,false,5,3,epoch-1,2,9,cohens_d_test,0.053665876
cora,BundleSheaf,false,5,3,epoch-1,3,9,cohens_d_test,0.05506254
cora,BundleSheaf,false,5,3,epoch-5,0,0,degree,0.021065182214545244
cora,BundleSheaf,false,5,3,epoch-5,1,0,degree,0.8260003755448242
cora,BundleSheaf,false,5,3,epoch-5,2,0,degree,0.7318931854383964
cora,BundleSheaf,false,5,3,epoch-5,3,0,degree,0.6244518792324579
cora,BundleSheaf,false,5,3,epoch-5,0,0,betweenness,0.008025179892026448
cora,BundleSheaf,false,5,3,epoch-5,1,0,betweenness,0.6417921739633532
cora,BundleSheaf,false,5,3,epoch-5,2,0,betweenness,0.6263810878981995
cora,BundleSheaf,false,5,3,epoch-5,3,0,betweenness,0.5557195146316521
cora,BundleSheaf,false,5,3,epoch-5,0,0,confidence,0.18817343508906517
cora,BundleSheaf,false,5,3,epoch-5,1,0,confidence,0.6971528795265015
cora,BundleSheaf,false,5,3,epoch-5,2,0,confidence,0.9108784668439998
cora,BundleSheaf,false,5,3,epoch-5,3,0,confidence,0.9499135053502681
cora,BundleSheaf,false,5,3,epoch-5,0,0,saliency,0.17094901770715226
cora,BundleSheaf,false,5,3,epoch-5,1,0,saliency,0.6590516949322398
cora,BundleSheaf,false,5,3,epoch-5,2,0,saliency,0.9108311092629452
cora,BundleSheaf,false,5,3,epoch-5,3,0,saliency,0.9522627862639856
cora,BundleSheaf,false,5,3,epoch-5,0,0,cohens_d_train,0.4154632
cora,BundleSheaf,false,5,3,epoch-5,1,0,cohens_d_train,0.24875025
cora,BundleSheaf,false,5,3,epoch-5,2,0,cohens_d_train,0.45791656
cora,BundleSheaf,false,5,3,epoch-5,3,0,cohens_d_train,0.8188732
cora,BundleSheaf,false,5,3,epoch-5,0,0,cohens_d_test,0.30917746
cora,BundleSheaf,false,5,3,epoch-5,1,0,cohens_d_test,0.002962414
cora,BundleSheaf,false,5,3,epoch-5,2,0,cohens_d_test,0.027439479
cora,BundleSheaf,false,5,3,epoch-5,3,0,cohens_d_test,0.02269655
cora,BundleSheaf,false,5,3,epoch-5,0,1,degree,0.02597350347882431
cora,BundleSheaf,false,5,3,epoch-5,1,1,degree,0.8255073225116822
cora,BundleSheaf,false,5,3,epoch-5,2,1,degree,0.7326408813614413
cora,BundleSheaf,false,5,3,epoch-5,3,1,degree,0.6309868781246335
cora,BundleSheaf,false,5,3,epoch-5,0,1,betweenness,0.02778761147546383
cora,BundleSheaf,false,5,3,epoch-5,1,1,betweenness,0.6527166917832493
cora,BundleSheaf,false,5,3,epoch-5,2,1,betweenness,0.6276861962135069
cora,BundleSheaf,false,5,3,epoch-5,3,1,betweenness,0.5612154006693424
cora,BundleSheaf,false,5,3,epoch-5,0,1,confidence,0.22397679522373465
cora,BundleSheaf,false,5,3,epoch-5,1,1,confidence,0.6907320459109052
cora,BundleSheaf,false,5,3,epoch-5,2,1,confidence,0.9212683547377125
cora,BundleSheaf,false,5,3,epoch-5,3,1,confidence,0.9561759848411803
cora,BundleSheaf,false,5,3,epoch-5,0,1,saliency,0.22433881620269636
cora,BundleSheaf,false,5,3,epoch-5,1,1,saliency,0.6659381401286203
cora,BundleSheaf,false,5,3,epoch-5,2,1,saliency,0.895208810477612
cora,BundleSheaf,false,5,3,epoch-5,3,1,saliency,0.9449490249075763
cora,BundleSheaf,false,5,3,epoch-5,0,1,cohens_d_train,0.027663462
cora,BundleSheaf,false,5,3,epoch-5,1,1,cohens_d_train,0.1499046
cora,BundleSheaf,false,5,3,epoch-5,2,1,cohens_d_train,0.19078323
cora,BundleSheaf,false,5,3,epoch-5,3,1,cohens_d_train,0.10974871
cora,BundleSheaf,false,5,3,epoch-5,0,1,cohens_d_test,0.006996939
cora,BundleSheaf,false,5,3,epoch-5,1,1,cohens_d_test,0.03168626
cora,BundleSheaf,false,5,3,epoch-5,2,1,cohens_d_test,0.0054240455
cora,BundleSheaf,false,5,3,epoch-5,3,1,cohens_d_test,0.041661542
cora,BundleSheaf,false,5,3,epoch-5,0,2,degree,0.05001130797501329
cora,BundleSheaf,false,5,3,epoch-5,1,2,degree,0.8211312281664295
cora,BundleSheaf,false,5,3,epoch-5,2,2,degree,0.7320698839141468
cora,BundleSheaf,false,5,3,epoch-5,3,2,degree,0.6289372836323448
cora,BundleSheaf,false,5,3,epoch-5,0,2,betweenness,0.031224756383471403
cora,BundleSheaf,false,5,3,epoch-5,1,2,betweenness,0.6402338171155739
cora,BundleSheaf,false,5,3,epoch-5,2,2,betweenness,0.626215419728273
cora,BundleSheaf,false,5,3,epoch-5,3,2,betweenness,0.5577531327793854
cora,BundleSheaf,false,5,3,epoch-5,0,2,confidence,0.27132288263468035
cora,BundleSheaf,false,5,3,epoch-5,1,2,confidence,0.64709960866915
cora,BundleSheaf,false,5,3,epoch-5,2,2,confidence,0.9067418330854994
cora,BundleSheaf,false,5,3,epoch-5,3,2,confidence,0.9504806266589234
cora,BundleSheaf,false,5,3,epoch-5,0,2,saliency,0.2791250256525754
cora,BundleSheaf,false,5,3,epoch-5,1,2,saliency,0.6097916300761989
cora,BundleSheaf,false,5,3,epoch-5,2,2,saliency,0.868108929249342
cora,BundleSheaf,false,5,3,epoch-5,3,2,saliency,0.946312512944706
cora,BundleSheaf,false,5,3,epoch-5,0,2,cohens_d_train,0.25154838
cora,BundleSheaf,false,5,3,epoch-5,1,2,cohens_d_train,0.18253252
cora,BundleSheaf,false,5,3,epoch-5,2,2,cohens_d_train,0.16507101
cora,BundleSheaf,false,5,3,epoch-5,3,2,cohens_d_train,0.10696285
cora,BundleSheaf,false,5,3,epoch-5,0,2,cohens_d_test,0.23363306
cora,BundleSheaf,false,5,3,epoch-5,1,2,cohens_d_test,0.04406483
cora,BundleSheaf,false,5,3,epoch-5,2,2,cohens_d_test,0.13800605
cora,BundleSheaf,false,5,3,epoch-5,3,2,cohens_d_test,0.22378926
cora,BundleSheaf,false,5,3,epoch-5,0,3,degree,0.003996971249759615
cora,BundleSheaf,false,5,3,epoch-5,1,3,degree,0.8184960232760666
cora,BundleSheaf,false,5,3,epoch-5,2,3,degree,0.7324849224110317
cora,BundleSheaf,false,5,3,epoch-5,3,3,degree,0.6349113929050648
cora,BundleSheaf,false,5,3,epoch-5,0,3,betweenness,0.01930571996431477
cora,BundleSheaf,false,5,3,epoch-5,1,3,betweenness,0.6392037705876757
cora,BundleSheaf,false,5,3,epoch-5,2,3,betweenness,0.6308645907698277
cora,BundleSheaf,false,5,3,epoch-5,3,3,betweenness,0.5639755036293943
cora,BundleSheaf,false,5,3,epoch-5,0,3,confidence,0.20636872720151617
cora,BundleSheaf,false,5,3,epoch-5,1,3,confidence,0.6698899926867503
cora,BundleSheaf,false,5,3,epoch-5,2,3,confidence,0.9237633320810373
cora,BundleSheaf,false,5,3,epoch-5,3,3,confidence,0.9610973446172736
cora,BundleSheaf,false,5,3,epoch-5,0,3,saliency,0.16852826729021514
cora,BundleSheaf,false,5,3,epoch-5,1,3,saliency,0.6119366128687769
cora,BundleSheaf,false,5,3,epoch-5,2,3,saliency,0.9002675863947496
cora,BundleSheaf,false,5,3,epoch-5,3,3,saliency,0.951551341297336
cora,BundleSheaf,false,5,3,epoch-5,0,3,cohens_d_train,0.03432644
cora,BundleSheaf,false,5,3,epoch-5,1,3,cohens_d_train,0.11573041
cora,BundleSheaf,false,5,3,epoch-5,2,3,cohens_d_train,0.14367811
cora,BundleSheaf,false,5,3,epoch-5,3,3,cohens_d_train,0.14679135
cora,BundleSheaf,false,5,3,epoch-5,0,3,cohens_d_test,0.0142513495
cora,BundleSheaf,false,5,3,epoch-5,1,3,cohens_d_test,0.01845146
cora,BundleSheaf,false,5,3,epoch-5,2,3,cohens_d_test,0.09165244
cora,BundleSheaf,false,5,3,epoch-5,3,3,cohens_d_test,0.21396731
cora,BundleSheaf,false,5,3,epoch-5,0,4,degree,0.04541180796996462
cora,BundleSheaf,false,5,3,epoch-5,1,4,degree,0.817243121491077
cora,BundleSheaf,false,5,3,epoch-5,2,4,degree,0.7367341012097658
cora,BundleSheaf,false,5,3,epoch-5,3,4,degree,0.628830536146375
cora,BundleSheaf,false,5,3,epoch-5,0,4,betweenness,0.018983766738634854
cora,BundleSheaf,false,5,3,epoch-5,1,4,betweenness,0.627562675043971
cora,BundleSheaf,false,5,3,epoch-5,2,4,betweenness,0.6277474891522317
cora,BundleSheaf,false,5,3,epoch-5,3,4,betweenness,0.5575855404351022
cora,BundleSheaf,false,5,3,epoch-5,0,4,confidence,0.19843560330076337
cora,BundleSheaf,false,5,3,epoch-5,1,4,confidence,0.6368218551063504
cora,BundleSheaf,false,5,3,epoch-5,2,4,confidence,0.9136296087197049
cora,BundleSheaf,false,5,3,epoch-5,3,4,confidence,0.9571531720443295
cora,BundleSheaf,false,5,3,epoch-5,0,4,saliency,0.16220230039246447
cora,BundleSheaf,false,5,3,epoch-5,1,4,saliency,0.6036379997589566
cora,BundleSheaf,false,5,3,epoch-5,2,4,saliency,0.9096289427794435
cora,BundleSheaf,false,5,3,epoch-5,3,4,saliency,0.9581154765121637
cora,BundleSheaf,false,5,3,epoch-5,0,4,cohens_d_train,0.27853185
cora,BundleSheaf,false,5,3,epoch-5,1,4,cohens_d_train,0.1313606
cora,BundleSheaf,false,5,3,epoch-5,2,4,cohens_d_train,0.18871894
cora,BundleSheaf,false,5,3,epoch-5,3,4,cohens_d_train,0.08458278
cora,BundleSheaf,false,5,3,epoch-5,0,4,cohens_d_test,0.0003921349
cora,BundleSheaf,false,5,3,epoch-5,1,4,cohens_d_test,0.024007313
cora,BundleSheaf,false,5,3,epoch-5,2,4,cohens_d_test,0.05043754
cora,BundleSheaf,false,5,3,epoch-5,3,4,cohens_d_test,0.058315672
cora,BundleSheaf,false,5,3,epoch-5,0,5,degree,0.03511240821376191
cora,BundleSheaf,false,5,3,epoch-5,1,5,degree,0.8128881696899672
cora,BundleSheaf,false,5,3,epoch-5,2,5,degree,0.7321834485987
cora,BundleSheaf,false,5,3,epoch-5,3,5,degree,0.6323777762987627
cora,BundleSheaf,false,5,3,epoch-5,0,5,betweenness,0.02148863593849051
cora,BundleSheaf,false,5,3,epoch-5,1,5,betweenness,0.636568023228876
cora,BundleSheaf,false,5,3,epoch-5,2,5,betweenness,0.6231119303482497
cora,BundleSheaf,false,5,3,epoch-5,3,5,betweenness,0.5569113817983313
cora,BundleSheaf,false,5,3,epoch-5,0,5,confidence,0.21948267659400136
cora,BundleSheaf,false,5,3,epoch-5,1,5,confidence,0.6872803598536377
cora,BundleSheaf,false,5,3,epoch-5,2,5,confidence,0.9188856785786247
cora,BundleSheaf,false,5,3,epoch-5,3,5,confidence,0.9542659474279905
cora,BundleSheaf,false,5,3,epoch-5,0,5,saliency,0.2164599377344396
cora,BundleSheaf,false,5,3,epoch-5,1,5,saliency,0.6455943474894947
cora,BundleSheaf,false,5,3,epoch-5,2,5,saliency,0.9160295529849305
cora,BundleSheaf,false,5,3,epoch-5,3,5,saliency,0.9639753871605969
cora,BundleSheaf,false,5,3,epoch-5,0,5,cohens_d_train,0.13846204
cora,BundleSheaf,false,5,3,epoch-5,1,5,cohens_d_train,0.13517539
cora,BundleSheaf,false,5,3,epoch-5,2,5,cohens_d_train,0.17195377
cora,BundleSheaf,false,5,3,epoch-5,3,5,cohens_d_train,0.17664321
cora,BundleSheaf,false,5,3,epoch-5,0,5,cohens_d_test,0.2241177
cora,BundleSheaf,false,5,3,epoch-5,1,5,cohens_d_test,0.08470592
cora,BundleSheaf,false,5,3,epoch-5,2,5,cohens_d_test,0.054876395
cora,BundleSheaf,false,5,3,epoch-5,3,5,cohens_d_test,0.06596513
cora,BundleSheaf,false,5,3,epoch-5,0,6,degree,0.032229717935166366
cora,BundleSheaf,false,5,3,epoch-5,1,6,degree,0.7952358797997244
cora,BundleSheaf,false,5,3,epoch-5,2,6,degree,0.7376080930432067
cora,BundleSheaf,false,5,3,epoch-5,3,6,degree,0.6344181557286055
cora,BundleSheaf,false,5,3,epoch-5,0,6,betweenness,0.020570958253527227
cora,BundleSheaf,false,5,3,epoch-5,1,6,betweenness,0.6260269854631365
cora,BundleSheaf,false,5,3,epoch-5,2,6,betweenness,0.6307666459128096
cora,BundleSheaf,false,5,3,epoch-5,3,6,betweenness,0.5604384866995517
cora,BundleSheaf,false,5,3,epoch-5,0,6,confidence,0.20199380161414443
cora,BundleSheaf,false,5,3,epoch-5,1,6,confidence,0.6945725108441175
cora,BundleSheaf,false,5,3,epoch-5,2,6,confidence,0.9134699931190976
cora,BundleSheaf,false,5,3,epoch-5,3,6,confidence,0.9518009872280973
cora,BundleSheaf,false,5,3,epoch-5,0,6,saliency,0.11489240920197874
cora,BundleSheaf,false,5,3,epoch-5,1,6,saliency,0.605555382387108
cora,BundleSheaf,false,5,3,epoch-5,2,6,saliency,0.8559745875028244
cora,BundleSheaf,false,5,3,epoch-5,3,6,saliency,0.9003006858052688
cora,BundleSheaf,false,5,3,epoch-5,0,6,cohens_d_train,0.7607504
cora,BundleSheaf,false,5,3,epoch-5,1,6,cohens_d_train,0.21271506
cora,BundleSheaf,false,5,3,epoch-5,2,6,cohens_d_train,0.18845962
cora,BundleSheaf,false,5,3,epoch-5,3,6,cohens_d_train,0.19834054
cora,BundleSheaf,false,5,3,epoch-5,0,6,cohens_d_test,0.5797981
cora,BundleSheaf,false,5,3,epoch-5,1,6,cohens_d_test,0.0009495546
cora,BundleSheaf,false,5,3,epoch-5,2,6,cohens_d_test,0.060271528
cora,BundleSheaf,false,5,3,epoch-5,3,6,cohens_d_test,0.34009203
cora,BundleSheaf,false,5,3,epoch-5,0,7,degree,-0.014580022820816264
cora,BundleSheaf,false,5,3,epoch-5,1,7,degree,0.8145959412541152
cora,BundleSheaf,false,5,3,epoch-5,2,7,degree,0.7360899289587098
cora,BundleSheaf,false,5,3,epoch-5,3,7,degree,0.6235783455211751
cora,BundleSheaf,false,5,3,epoch-5,0,7,betweenness,-0.001429309386298473
cora,BundleSheaf,false,5,3,epoch-5,1,7,betweenness,0.6282932354687837
cora,BundleSheaf,false,5,3,epoch-5,2,7,betweenness,0.6322125844870962
cora,BundleSheaf,false,5,3,epoch-5,3,7,betweenness,0.5540481896808443
cora,BundleSheaf,false,5,3,epoch-5,0,7,confidence,0.19586525499561985
cora,BundleSheaf,false,5,3,epoch-5,1,7,confidence,0.6528055187641544
cora,BundleSheaf,false,5,3,epoch-5,2,7,confidence,0.9193025813779543
cora,BundleSheaf,false,5,3,epoch-5,3,7,confidence,0.9597691499234663
cora,BundleSheaf,false,5,3,epoch-5,0,7,saliency,0.2359715133361936
cora,BundleSheaf,false,5,3,epoch-5,1,7,saliency,0.5960867824313535
cora,BundleSheaf,false,5,3,epoch-5,2,7,saliency,0.8768152337209038
cora,BundleSheaf,false,5,3,epoch-5,3,7,saliency,0.9624099969815605
cora,BundleSheaf,false,5,3,epoch-5,0,7,cohens_d_train,0.044482727
cora,BundleSheaf,false,5,3,epoch-5,1,7,cohens_d_train,0.21179157
cora,BundleSheaf,false,5,3,epoch-5,2,7,cohens_d_train,0.22132072
cora,BundleSheaf,false,5,3,epoch-5,3,7,cohens_d_train,0.21261892
cora,BundleSheaf,false,5,3,epoch-5,0,7,cohens_d_test,0.118734255
cora,BundleSheaf,false,5,3,epoch-5,1,7,cohens_d_test,0.053632315
cora,BundleSheaf,false,5,3,epoch-5,2,7,cohens_d_test,0.13585307
cora,BundleSheaf,false,5,3,epoch-5,3,7,cohens_d_test,0.12750618
cora,BundleSheaf,false,5,3,epoch-5,0,8,degree,0.033747263318704944
cora,BundleSheaf,false,5,3,epoch-5,1,8,degree,0.7927371748422369
cora,BundleSheaf,false,5,3,epoch-5,2,8,degree,0.7336102566249018
cora,BundleSheaf,false,5,3,epoch-5,3,8,degree,0.6286272984524115
cora,BundleSheaf,false,5,3,epoch-5,0,8,betweenness,0.01411497388036436
cora,BundleSheaf,false,5,3,epoch-5,1,8,betweenness,0.6227437011933076
cora,BundleSheaf,false,5,3,epoch-5,2,8,betweenness,0.627274243970382
cora,BundleSheaf,false,5,3,epoch-5,3,8,betweenness,0.5544990720487422
cora,BundleSheaf,false,5,3,epoch-5,0,8,confidence,0.19937584145051607
cora,BundleSheaf,false,5,3,epoch-5,1,8,confidence,0.677164908398178
cora,BundleSheaf,false,5,3,epoch-5,2,8,confidence,0.9201134408512337
cora,BundleSheaf,false,5,3,epoch-5,3,8,confidence,0.9556784914059893
cora,BundleSheaf,false,5,3,epoch-5,0,8,saliency,0.17716964041399325
cora,BundleSheaf,false,5,3,epoch-5,1,8,saliency,0.6218863692867157
cora,BundleSheaf,false,5,3,epoch-5,2,8,saliency,0.9070556111253392
cora,BundleSheaf,false,5,3,epoch-5,3,8,saliency,0.9485311656432158
cora,BundleSheaf,false,5,3,epoch-5,0,8,cohens_d_train,0.8897924
cora,BundleSheaf,false,5,3,epoch-5,1,8,cohens_d_train,0.004549146
cora,BundleSheaf,false,5,3,epoch-5,2,8,cohens_d_train,0.01712005
cora,BundleSheaf,false,5,3,epoch-5,3,8,cohens_d_train,0.013791422
cora,BundleSheaf,false,5,3,epoch-5,0,8,cohens_d_test,0.8625887
cora,BundleSheaf,false,5,3,epoch-5,1,8,cohens_d_test,0.009815564
cora,BundleSheaf,false,5,3,epoch-5,2,8,cohens_d_test,0.024988718
cora,BundleSheaf,false,5,3,epoch-5,3,8,cohens_d_test,0.12909578
cora,BundleSheaf,false,5,3,epoch-5,0,9,degree,0.039334306226693753
cora,BundleSheaf,false,5,3,epoch-5,1,9,degree,0.8254284707551649
cora,BundleSheaf,false,5,3,epoch-5,2,9,degree,0.7339728832223088
cora,BundleSheaf,false,5,3,epoch-5,3,9,degree,0.6263594932430151
cora,BundleSheaf,false,5,3,epoch-5,0,9,betweenness,0.04762295690388303
cora,BundleSheaf,false,5,3,epoch-5,1,9,betweenness,0.6370046754468346
cora,BundleSheaf,false,5,3,epoch-5,2,9,betweenness,0.6256556154785909
cora,BundleSheaf,false,5,3,epoch-5,3,9,betweenness,0.5517382977728928
cora,BundleSheaf,false,5,3,epoch-5,0,9,confidence,0.2293480758740794
cora,BundleSheaf,false,5,3,epoch-5,1,9,confidence,0.6604466577842738
cora,BundleSheaf,false,5,3,epoch-5,2,9,confidence,0.9076990558363174
cora,BundleSheaf,false,5,3,epoch-5,3,9,confidence,0.9493639293025988
cora,BundleSheaf,false,5,3,epoch-5,0,9,saliency,0.2297956058704697
cora,BundleSheaf,false,5,3,epoch-5,1,9,saliency,0.6096393737311065
cora,BundleSheaf,false,5,3,epoch-5,2,9,saliency,0.8837427127859672
cora,BundleSheaf,false,5,3,epoch-5,3,9,saliency,0.9435391782480343
cora,BundleSheaf,false,5,3,epoch-5,0,9,cohens_d_train,0.011896284
cora,BundleSheaf,false,5,3,epoch-5,1,9,cohens_d_train,0.033145454
cora,BundleSheaf,false,5,3,epoch-5,2,9,cohens_d_train,0.016625285
cora,BundleSheaf,false,5,3,epoch-5,3,9,cohens_d_train,0.000769579
cora,BundleSheaf,false,5,3,epoch-5,0,9,cohens_d_test,0.14365055
cora,BundleSheaf,false,5,3,epoch-5,1,9,cohens_d_test,0.0045785224
cora,BundleSheaf,false,5,3,epoch-5,2,9,cohens_d_test,0.050051708
cora,BundleSheaf,false,5,3,epoch-5,3,9,cohens_d_test,0.061034683
cora,BundleSheaf,false,5,3,epoch-15,0,0,degree,0.020036373036558013
cora,BundleSheaf,false,5,3,epoch-15,1,0,degree,0.8157375059822535
cora,BundleSheaf,false,5,3,epoch-15,2,0,degree,0.7227484895522271
cora,BundleSheaf,false,5,3,epoch-15,3,0,degree,0.6082246534564602
cora,BundleSheaf,false,5,3,epoch-15,0,0,betweenness,0.004596446668535207
cora,BundleSheaf,false,5,3,epoch-15,1,0,betweenness,0.6367705082094157
cora,BundleSheaf,false,5,3,epoch-15,2,0,betweenness,0.6200688073303101
cora,BundleSheaf,false,5,3,epoch-15,3,0,betweenness,0.538577911040659
cora,BundleSheaf,false,5,3,epoch-15,0,0,confidence,0.24499510050380183
cora,BundleSheaf,false,5,3,epoch-15,1,0,confidence,0.6956232214831917
cora,BundleSheaf,false,5,3,epoch-15,2,0,confidence,0.912056395638852
cora,BundleSheaf,false,5,3,epoch-15,3,0,confidence,0.9556015213535838
cora,BundleSheaf,false,5,3,epoch-15,0,0,saliency,0.22332712506248187
cora,BundleSheaf,false,5,3,epoch-15,1,0,saliency,0.6669277253628761
cora,BundleSheaf,false,5,3,epoch-15,2,0,saliency,0.9059575265920754
cora,BundleSheaf,false,5,3,epoch-15,3,0,saliency,0.9507331237551149
cora,BundleSheaf,false,5,3,epoch-15,0,0,cohens_d_train,0.14750233
cora,BundleSheaf,false,5,3,epoch-15,1,0,cohens_d_train,0.23152152
cora,BundleSheaf,false,5,3,epoch-15,2,0,cohens_d_train,0.14863205
cora,BundleSheaf,false,5,3,epoch-15,3,0,cohens_d_train,0.0606798
cora,BundleSheaf,false,5,3,epoch-15,0,0,cohens_d_test,0.066523224
cora,BundleSheaf,false,5,3,epoch-15,1,0,cohens_d_test,0.090747945
cora,BundleSheaf,false,5,3,epoch-15,2,0,cohens_d_test,0.080049954
cora,BundleSheaf,false,5,3,epoch-15,3,0,cohens_d_test,0.068805754
cora,BundleSheaf,false,5,3,epoch-15,0,1,degree,0.01963616462942001
cora,BundleSheaf,false,5,3,epoch-15,1,1,degree,0.800286079264729
cora,BundleSheaf,false,5,3,epoch-15,2,1,degree,0.7265863012050408
cora,BundleSheaf,false,5,3,epoch-15,3,1,degree,0.6188555502718287
cora,BundleSheaf,false,5,3,epoch-15,0,1,betweenness,0.008235535790434068
cora,BundleSheaf,false,5,3,epoch-15,1,1,betweenness,0.6322631501466616
cora,BundleSheaf,false,5,3,epoch-15,2,1,betweenness,0.6211271743336225
cora,BundleSheaf,false,5,3,epoch-15,3,1,betweenness,0.5498115031117484
cora,BundleSheaf,false,5,3,epoch-15,0,1,confidence,0.2431206058756557
cora,BundleSheaf,false,5,3,epoch-15,1,1,confidence,0.6837781616310856
cora,BundleSheaf,false,5,3,epoch-15,2,1,confidence,0.9013422956125675
cora,BundleSheaf,false,5,3,epoch-15,3,1,confidence,0.9544446303174791
cora,BundleSheaf,false,5,3,epoch-15,0,1,saliency,0.22089335084382367
cora,BundleSheaf,false,5,3,epoch-15,1,1,saliency,0.6842451035403824
cora,BundleSheaf,false,5,3,epoch-15,2,1,saliency,0.9198966436507905
cora,BundleSheaf,false,5,3,epoch-15,3,1,saliency,0.9581710393547909
cora,BundleSheaf,false,5,3,epoch-15,0,1,cohens_d_train,0.09274638
cora,BundleSheaf,false,5,3,epoch-15,1,1,cohens_d_train,0.04126809
cora,BundleSheaf,false,5,3,epoch-15,2,1,cohens_d_train,0.049861982
cora,BundleSheaf,false,5,3,epoch-15,3,1,cohens_d_train,0.13400224
cora,BundleSheaf,false,5,3,epoch-15,0,1,cohens_d_test,0.16519895
cora,BundleSheaf,false,5,3,epoch-15,1,1,cohens_d_test,0.08176744
cora,BundleSheaf,false,5,3,epoch-15,2,1,cohens_d_test,0.09880077
cora,BundleSheaf,false,5,3,epoch-15,3,1,cohens_d_test,0.13382317
cora,BundleSheaf,false,5,3,epoch-15,0,2,degree,0.050021843836374306
cora,BundleSheaf,false,5,3,epoch-15,1,2,degree,0.7957673010950637
cora,BundleSheaf,false,5,3,epoch-15,2,2,degree,0.7283263819244691
cora,BundleSheaf,false,5,3,epoch-15,3,2,degree,0.6137297755653701
cora,BundleSheaf,false,5,3,epoch-15,0,2,betweenness,0.040176995954234955
cora,BundleSheaf,false,5,3,epoch-15,1,2,betweenness,0.6292680425812404
cora,BundleSheaf,false,5,3,epoch-15,2,2,betweenness,0.6192277969883209
cora,BundleSheaf,false,5,3,epoch-15,3,2,betweenness,0.5415758040914465
cora,BundleSheaf,false,5,3,epoch-15,0,2,confidence,0.2776283420006945
cora,BundleSheaf,false,5,3,epoch-15,1,2,confidence,0.6803779511384487
cora,BundleSheaf,false,5,3,epoch-15,2,2,confidence,0.8831553566843494
cora,BundleSheaf,false,5,3,epoch-15,3,2,confidence,0.9316733934688193
cora,BundleSheaf,false,5,3,epoch-15,0,2,saliency,0.2826338567959849
cora,BundleSheaf,false,5,3,epoch-15,1,2,saliency,0.6851819524504629
cora,BundleSheaf,false,5,3,epoch-15,2,2,saliency,0.9059919854595133
cora,BundleSheaf,false,5,3,epoch-15,3,2,saliency,0.957506937184494
cora,BundleSheaf,false,5,3,epoch-15,0,2,cohens_d_train,0.0025905278
cora,BundleSheaf,false,5,3,epoch-15,1,2,cohens_d_train,0.295883
cora,BundleSheaf,false,5,3,epoch-15,2,2,cohens_d_train,0.20310128
cora,BundleSheaf,false,5,3,epoch-15,3,2,cohens_d_train,0.122877106
cora,BundleSheaf,false,5,3,epoch-15,0,2,cohens_d_test,0.08593133
cora,BundleSheaf,false,5,3,epoch-15,1,2,cohens_d_test,0.22231655
cora,BundleSheaf,false,5,3,epoch-15,2,2,cohens_d_test,0.38374978
cora,BundleSheaf,false,5,3,epoch-15,3,2,cohens_d_test,0.35773006
cora,BundleSheaf,false,5,3,epoch-15,0,3,degree,-0.0010116373389431705
cora,BundleSheaf,false,5,3,epoch-15,1,3,degree,0.8009412136619191
cora,BundleSheaf,false,5,3,epoch-15,2,3,degree,0.7287943365080262
cora,BundleSheaf,false,5,3,epoch-15,3,3,degree,0.6216814369506775
cora,BundleSheaf,false,5,3,epoch-15,0,3,betweenness,0.01086835044453972
cora,BundleSheaf,false,5,3,epoch-15,1,3,betweenness,0.6340959800087113
cora,BundleSheaf,false,5,3,epoch-15,2,3,betweenness,0.6272869432901029
cora,BundleSheaf,false,5,3,epoch-15,3,3,betweenness,0.5536113185083161
cora,BundleSheaf,false,5,3,epoch-15,0,3,confidence,0.2097039091877341
cora,BundleSheaf,false,5,3,epoch-15,1,3,confidence,0.6914185672037102
cora,BundleSheaf,false,5,3,epoch-15,2,3,confidence,0.9153577840418635
cora,BundleSheaf,false,5,3,epoch-15,3,3,confidence,0.9596465177747658
cora,BundleSheaf,false,5,3,epoch-15,0,3,saliency,0.09572465001900914
cora,BundleSheaf,false,5,3,epoch-15,1,3,saliency,0.6250898104896085
cora,BundleSheaf,false,5,3,epoch-15,2,3,saliency,0.8931435487187395
cora,BundleSheaf,false,5,3,epoch-15,3,3,saliency,0.9148748589169206
cora,BundleSheaf,false,5,3,epoch-15,0,3,cohens_d_train,0.7119069
cora,BundleSheaf,false,5,3,epoch-15,1,3,cohens_d_train,0.20286666
cora,BundleSheaf,false,5,3,epoch-15,2,3,cohens_d_train,0.17389221
cora,BundleSheaf,false,5,3,epoch-15,3,3,cohens_d_train,0.1838915
cora,BundleSheaf,false,5,3,epoch-15,0,3,cohens_d_test,1.000463
cora,BundleSheaf,false,5,3,epoch-15,1,3,cohens_d_test,0.26170456
cora,BundleSheaf,false,5,3,epoch-15,2,3,cohens_d_test,0.89765817
cora,BundleSheaf,false,5,3,epoch-15,3,3,cohens_d_test,1.381084
cora,BundleSheaf,false,5,3,epoch-15,0,4,degree,0.03227730020367741
cora,BundleSheaf,false,5,3,epoch-15,1,4,degree,0.8052868554180989
cora,BundleSheaf,false,5,3,epoch-15,2,4,degree,0.7264107489888721
cora,BundleSheaf,false,5,3,epoch-15,3,4,degree,0.6090267491220156
cora,BundleSheaf,false,5,3,epoch-15,0,4,betweenness,0.004216972147830398
cora,BundleSheaf,false,5,3,epoch-15,1,4,betweenness,0.6271986798857011
cora,BundleSheaf,false,5,3,epoch-15,2,4,betweenness,0.6214804148784462
cora,BundleSheaf,false,5,3,epoch-15,3,4,betweenness,0.541621012768597
cora,BundleSheaf,false,5,3,epoch-15,0,4,confidence,0.22660351496721365
cora,BundleSheaf,false,5,3,epoch-15,1,4,confidence,0.6630776767622911
cora,BundleSheaf,false,5,3,epoch-15,2,4,confidence,0.8778539142431012
cora,BundleSheaf,false,5,3,epoch-15,3,4,confidence,0.9413168179857683
cora,BundleSheaf,false,5,3,epoch-15,0,4,saliency,0.17430099119001316
cora,BundleSheaf,false,5,3,epoch-15,1,4,saliency,0.6656072508951766
cora,BundleSheaf,false,5,3,epoch-15,2,4,saliency,0.9229923591868213
cora,BundleSheaf,false,5,3,epoch-15,3,4,saliency,0.9526696049342148
cora,BundleSheaf,false,5,3,epoch-15,0,4,cohens_d_train,0.46578294
cora,BundleSheaf,false,5,3,epoch-15,1,4,cohens_d_train,0.25773796
cora,BundleSheaf,false,5,3,epoch-15,2,4,cohens_d_train,0.38534388
cora,BundleSheaf,false,5,3,epoch-15,3,4,cohens_d_train,0.66053617
cora,BundleSheaf,false,5,3,epoch-15,0,4,cohens_d_test,0.4126402
cora,BundleSheaf,false,5,3,epoch-15,1,4,cohens_d_test,0.07082254
cora,BundleSheaf,false,5,3,epoch-15,2,4,cohens_d_test,0.04278062
cora,BundleSheaf,false,5,3,epoch-15,3,4,cohens_d_test,0.033688623
cora,BundleSheaf,false,5,3,epoch-15,0,5,degree,0.03988076750626074
cora,BundleSheaf,false,5,3,epoch-15,1,5,degree,0.7796366104016029
cora,BundleSheaf,false,5,3,epoch-15,2,5,degree,0.7264229015530097
cora,BundleSheaf,false,5,3,epoch-15,3,5,degree,0.6246759657977519
cora,BundleSheaf,false,5,3,epoch-15,0,5,betweenness,0.043379822961788314
cora,BundleSheaf,false,5,3,epoch-15,1,5,betweenness,0.6220123909183418
cora,BundleSheaf,false,5,3,epoch-15,2,5,betweenness,0.6171220957217618
cora,BundleSheaf,false,5,3,epoch-15,3,5,betweenness,0.5501804785278233
cora,BundleSheaf,false,5,3,epoch-15,0,5,confidence,0.24398885772626747
cora,BundleSheaf,false,5,3,epoch-15,1,5,confidence,0.7111838735845151
cora,BundleSheaf,false,5,3,epoch-15,2,5,confidence,0.9071145248686701
cora,BundleSheaf,false,5,3,epoch-15,3,5,confidence,0.9376511865657997
cora,BundleSheaf,false,5,3,epoch-15,0,5,saliency,0.24993562217803256
cora,BundleSheaf,false,5,3,epoch-15,1,5,saliency,0.6899817813069238
cora,BundleSheaf,false,5,3,epoch-15,2,5,saliency,0.925519436784078
cora,BundleSheaf,false,5,3,epoch-15,3,5,saliency,0.9608385530892479
cora,BundleSheaf,false,5,3,epoch-15,0,5,cohens_d_train,0.08499955
cora,BundleSheaf,false,5,3,epoch-15,1,5,cohens_d_train,0.15070967
cora,BundleSheaf,false,5,3,epoch-15,2,5,cohens_d_train,0.17211126
cora,BundleSheaf,false,5,3,epoch-15,3,5,cohens_d_train,0.17566837
cora,BundleSheaf,false,5,3,epoch-15,0,5,cohens_d_test,0.053025894
cora,BundleSheaf,false,5,3,epoch-15,1,5,cohens_d_test,0.019477343
cora,BundleSheaf,false,5,3,epoch-15,2,5,cohens_d_test,0.094549395
cora,BundleSheaf,false,5,3,epoch-15,3,5,cohens_d_test,0.14051692
cora,BundleSheaf,false,5,3,epoch-15,0,6,degree,0.02067233905193258
cora,BundleSheaf,false,5,3,epoch-15,1,6,degree,0.7809218825130844
cora,BundleSheaf,false,5,3,epoch-15,2,6,degree,0.7303477898102599
cora,BundleSheaf,false,5,3,epoch-15,3,6,degree,0.6125125080242687
cora,BundleSheaf,false,5,3,epoch-15,0,6,betweenness,0.008581184839395963
cora,BundleSheaf,false,5,3,epoch-15,1,6,betweenness,0.6215799862340664
cora,BundleSheaf,false,5,3,epoch-15,2,6,betweenness,0.623329969886169
cora,BundleSheaf,false,5,3,epoch-15,3,6,betweenness,0.5429238361880937
cora,BundleSheaf,false,5,3,epoch-15,0,6,confidence,0.21474233735565182
cora,BundleSheaf,false,5,3,epoch-15,1,6,confidence,0.7119802070225307
cora,BundleSheaf,false,5,3,epoch-15,2,6,confidence,0.9074868522705699
cora,BundleSheaf,false,5,3,epoch-15,3,6,confidence,0.9514107650491423
cora,BundleSheaf,false,5,3,epoch-15,0,6,saliency,0.2912916312844926
cora,BundleSheaf,false,5,3,epoch-15,1,6,saliency,0.6512435333802947
cora,BundleSheaf,false,5,3,epoch-15,2,6,saliency,0.8414197501457671
cora,BundleSheaf,false,5,3,epoch-15,3,6,saliency,0.9454567244251569
cora,BundleSheaf,false,5,3,epoch-15,0,6,cohens_d_train,0.08235048
cora,BundleSheaf,false,5,3,epoch-15,1,6,cohens_d_train,0.1398272
cora,BundleSheaf,false,5,3,epoch-15,2,6,cohens_d_train,0.17798972
cora,BundleSheaf,false,5,3,epoch-15,3,6,cohens_d_train,0.1836582
cora,BundleSheaf,false,5,3,epoch-15,0,6,cohens_d_test,0.16412464
cora,BundleSheaf,false,5,3,epoch-15,1,6,cohens_d_test,0.10723017
cora,BundleSheaf,false,5,3,epoch-15,2,6,cohens_d_test,0.15058063
cora,BundleSheaf,false,5,3,epoch-15,3,6,cohens_d_test,0.19981165
cora,BundleSheaf,false,5,3,epoch-15,0,7,degree,-0.016504570126430872
cora,BundleSheaf,false,5,3,epoch-15,1,7,degree,0.8047284704735945
cora,BundleSheaf,false,5,3,epoch-15,2,7,degree,0.7273687097149715
cora,BundleSheaf,false,5,3,epoch-15,3,7,degree,0.6160323859891277
cora,BundleSheaf,false,5,3,epoch-15,0,7,betweenness,0.007792443768830988
cora,BundleSheaf,false,5,3,epoch-15,1,7,betweenness,0.6365357338828559
cora,BundleSheaf,false,5,3,epoch-15,2,7,betweenness,0.6257198774842394
cora,BundleSheaf,false,5,3,epoch-15,3,7,betweenness,0.5453026676001167
cora,BundleSheaf,false,5,3,epoch-15,0,7,confidence,0.21584655065740851
cora,BundleSheaf,false,5,3,epoch-15,1,7,confidence,0.6994400097003652
cora,BundleSheaf,false,5,3,epoch-15,2,7,confidence,0.9119330657638818
cora,BundleSheaf,false,5,3,epoch-15,3,7,confidence,0.9450883495837291
cora,BundleSheaf,false,5,3,epoch-15,0,7,saliency,0.18061681169062352
cora,BundleSheaf,false,5,3,epoch-15,1,7,saliency,0.6706218873108779
cora,BundleSheaf,false,5,3,epoch-15,2,7,saliency,0.9216851206457386
cora,BundleSheaf,false,5,3,epoch-15,3,7,saliency,0.9568999801200803
cora,BundleSheaf,false,5,3,epoch-15,0,7,cohens_d_train,0.033687226
cora,BundleSheaf,false,5,3,epoch-15,1,7,cohens_d_train,0.22251935
cora,BundleSheaf,false,5,3,epoch-15,2,7,cohens_d_train,0.24764235
cora,BundleSheaf,false,5,3,epoch-15,3,7,cohens_d_train,0.23352113
cora,BundleSheaf,false,5,3,epoch-15,0,7,cohens_d_test,0.08909746
cora,BundleSheaf,false,5,3,epoch-15,1,7,cohens_d_test,0.2866209
cora,BundleSheaf,false,5,3,epoch-15,2,7,cohens_d_test,0.3258134
cora,BundleSheaf,false,5,3,epoch-15,3,7,cohens_d_test,0.29305926
cora,BundleSheaf,false,5,3,epoch-15,0,8,degree,0.021669925517097555
cora,BundleSheaf,false,5,3,epoch-15,1,8,degree,0.7763071997907887
cora,BundleSheaf,false,5,3,epoch-15,2,8,degree,0.7226288156081618
cora,BundleSheaf,false,5,3,epoch-15,3,8,degree,0.6226856255739728
cora,BundleSheaf,false,5,3,epoch-15,0,8,betweenness,0.0062889089582106655
cora,BundleSheaf,false,5,3,epoch-15,1,8,betweenness,0.6195192673811623
cora,BundleSheaf,false,5,3,epoch-15,2,8,betweenness,0.6220709316662048
cora,BundleSheaf,false,5,3,epoch-15,3,8,betweenness,0.5511290837162981
cora,BundleSheaf,false,5,3,epoch-15,0,8,confidence,0.21623761415245485
cora,BundleSheaf,false,5,3,epoch-15,1,8,confidence,0.7242793344016628
cora,BundleSheaf,false,5,3,epoch-15,2,8,confidence,0.9211793362325241
cora,BundleSheaf,false,5,3,epoch-15,3,8,confidence,0.9487774932862721
cora,BundleSheaf,false,5,3,epoch-15,0,8,saliency,0.19000135229957735
cora,BundleSheaf,false,5,3,epoch-15,1,8,saliency,0.6699945326792789
cora,BundleSheaf,false,5,3,epoch-15,2,8,saliency,0.9133642242662231
cora,BundleSheaf,false,5,3,epoch-15,3,8,saliency,0.9539217796867803
cora,BundleSheaf,false,5,3,epoch-15,0,8,cohens_d_train,0.12905861
cora,BundleSheaf,false,5,3,epoch-15,1,8,cohens_d_train,0.2079388
cora,BundleSheaf,false,5,3,epoch-15,2,8,cohens_d_train,0.18048204
cora,BundleSheaf,false,5,3,epoch-15,3,8,cohens_d_train,0.18123879
cora,BundleSheaf,false,5,3,epoch-15,0,8,cohens_d_test,0.3318379
cora,BundleSheaf,false,5,3,epoch-15,1,8,cohens_d_test,0.008029867
cora,BundleSheaf,false,5,3,epoch-15,2,8,cohens_d_test,0.08522694
cora,BundleSheaf,false,5,3,epoch-15,3,8,cohens_d_test,0.08852516
cora,BundleSheaf,false,5,3,epoch-15,0,9,degree,0.05574688072079272
cora,BundleSheaf,false,5,3,epoch-15,1,9,degree,0.7980173412708829
cora,BundleSheaf,false,5,3,epoch-15,2,9,degree,0.7237901466325629
cora,BundleSheaf,false,5,3,epoch-15,3,9,degree,0.6126320680838034
cora,BundleSheaf,false,5,3,epoch-15,0,9,betweenness,0.04834634822854358
cora,BundleSheaf,false,5,3,epoch-15,1,9,betweenness,0.6328784095436738
cora,BundleSheaf,false,5,3,epoch-15,2,9,betweenness,0.6185376255222418
cora,BundleSheaf,false,5,3,epoch-15,3,9,betweenness,0.5431123288260203
cora,BundleSheaf,false,5,3,epoch-15,0,9,confidence,0.2310815298559553
cora,BundleSheaf,false,5,3,epoch-15,1,9,confidence,0.6820641328192555
cora,BundleSheaf,false,5,3,epoch-15,2,9,confidence,0.9078664672074308
cora,BundleSheaf,false,5,3,epoch-15,3,9,confidence,0.9522237166053255
cora,BundleSheaf,false,5,3,epoch-15,0,9,saliency,0.25160150538477893
cora,BundleSheaf,false,5,3,epoch-15,1,9,saliency,0.6298419824844275
cora,BundleSheaf,false,5,3,epoch-15,2,9,saliency,0.8397348470247603
cora,BundleSheaf,false,5,3,epoch-15,3,9,saliency,0.9192230045717164
cora,BundleSheaf,false,5,3,epoch-15,0,9,cohens_d_train,0.40030196
cora,BundleSheaf,false,5,3,epoch-15,1,9,cohens_d_train,0.32509103
cora,BundleSheaf,false,5,3,epoch-15,2,9,cohens_d_train,0.3576524
cora,BundleSheaf,false,5,3,epoch-15,3,9,cohens_d_train,0.6188073
cora,BundleSheaf,false,5,3,epoch-15,0,9,cohens_d_test,0.45280948
cora,BundleSheaf,false,5,3,epoch-15,1,9,cohens_d_test,0.049818654
cora,BundleSheaf,false,5,3,epoch-15,2,9,cohens_d_test,0.036903247
cora,BundleSheaf,false,5,3,epoch-15,3,9,cohens_d_test,0.0016738877
cora,BundleSheaf,false,5,3,epoch-50,0,0,degree,0.028120848484073716
cora,BundleSheaf,false,5,3,epoch-50,1,0,degree,0.7760750023945322
cora,BundleSheaf,false,5,3,epoch-50,2,0,degree,0.716819847333003
cora,BundleSheaf,false,5,3,epoch-50,3,0,degree,0.5919129918431831
cora,BundleSheaf,false,5,3,epoch-50,0,0,betweenness,0.02080737257988199
cora,BundleSheaf,false,5,3,epoch-50,1,0,betweenness,0.6170419903828994
cora,BundleSheaf,false,5,3,epoch-50,2,0,betweenness,0.6134490211947304
cora,BundleSheaf,false,5,3,epoch-50,3,0,betweenness,0.5311088251570215
cora,BundleSheaf,false,5,3,epoch-50,0,0,confidence,0.2977991571553515
cora,BundleSheaf,false,5,3,epoch-50,1,0,confidence,0.6835073231087779
cora,BundleSheaf,false,5,3,epoch-50,2,0,confidence,0.8674643892308764
cora,BundleSheaf,false,5,3,epoch-50,3,0,confidence,0.9373385639150806
cora,BundleSheaf,false,5,3,epoch-50,0,0,saliency,0.2049318218790564
cora,BundleSheaf,false,5,3,epoch-50,1,0,saliency,0.6810563687891404
cora,BundleSheaf,false,5,3,epoch-50,2,0,saliency,0.8958407447044029
cora,BundleSheaf,false,5,3,epoch-50,3,0,saliency,0.9108153712936006
cora,BundleSheaf,false,5,3,epoch-50,0,0,cohens_d_train,0.43314204
cora,BundleSheaf,false,5,3,epoch-50,1,0,cohens_d_train,0.058715306
cora,BundleSheaf,false,5,3,epoch-50,2,0,cohens_d_train,0.27078155
cora,BundleSheaf,false,5,3,epoch-50,3,0,cohens_d_train,0.6746007
cora,BundleSheaf,false,5,3,epoch-50,0,0,cohens_d_test,0.34259295
cora,BundleSheaf,false,5,3,epoch-50,1,0,cohens_d_test,0.21692963
cora,BundleSheaf,false,5,3,epoch-50,2,0,cohens_d_test,0.22025019
cora,BundleSheaf,false,5,3,epoch-50,3,0,cohens_d_test,0.23410796
cora,BundleSheaf,false,5,3,epoch-50,0,1,degree,0.014084413092494502
cora,BundleSheaf,false,5,3,epoch-50,1,1,degree,0.7420243640939349
cora,BundleSheaf,false,5,3,epoch-50,2,1,degree,0.7301456945846148
cora,BundleSheaf,false,5,3,epoch-50,3,1,degree,0.5963151806873772
cora,BundleSheaf,false,5,3,epoch-50,0,1,betweenness,-0.006522878801440277
cora,BundleSheaf,false,5,3,epoch-50,1,1,betweenness,0.5957094278314866
cora,BundleSheaf,false,5,3,epoch-50,2,1,betweenness,0.6242455214865488
cora,BundleSheaf,false,5,3,epoch-50,3,1,betweenness,0.5327611627767382
cora,BundleSheaf,false,5,3,epoch-50,0,1,confidence,0.2405430939085589
cora,BundleSheaf,false,5,3,epoch-50,1,1,confidence,0.6638219987347285
cora,BundleSheaf,false,5,3,epoch-50,2,1,confidence,0.8733497421265287
cora,BundleSheaf,false,5,3,epoch-50,3,1,confidence,0.9432658352082947
cora,BundleSheaf,false,5,3,epoch-50,0,1,saliency,0.217525695128176
cora,BundleSheaf,false,5,3,epoch-50,1,1,saliency,0.6851910931748914
cora,BundleSheaf,false,5,3,epoch-50,2,1,saliency,0.9035463241706639
cora,BundleSheaf,false,5,3,epoch-50,3,1,saliency,0.9400032763728141
cora,BundleSheaf,false,5,3,epoch-50,0,1,cohens_d_train,0.6466481
cora,BundleSheaf,false,5,3,epoch-50,1,1,cohens_d_train,0.29337114
cora,BundleSheaf,false,5,3,epoch-50,2,1,cohens_d_train,0.48710877
cora,BundleSheaf,false,5,3,epoch-50,3,1,cohens_d_train,0.920899
cora,BundleSheaf,false,5,3,epoch-50,0,1,cohens_d_test,0.60513675
cora,BundleSheaf,false,5,3,epoch-50,1,1,cohens_d_test,0.095728055
cora,BundleSheaf,false,5,3,epoch-50,2,1,cohens_d_test,0.10930539
cora,BundleSheaf,false,5,3,epoch-50,3,1,cohens_d_test,0.4346623
cora,BundleSheaf,false,5,3,epoch-50,0,2,degree,0.03983926733934494
cora,BundleSheaf,false,5,3,epoch-50,1,2,degree,0.7434004659471689
cora,BundleSheaf,false,5,3,epoch-50,2,2,degree,0.7282511463065514
cora,BundleSheaf,false,5,3,epoch-50,3,2,degree,0.6039299569712651
cora,BundleSheaf,false,5,3,epoch-50,0,2,betweenness,0.009481064553097421
cora,BundleSheaf,false,5,3,epoch-50,1,2,betweenness,0.5844941958855111
cora,BundleSheaf,false,5,3,epoch-50,2,2,betweenness,0.6154008771859273
cora,BundleSheaf,false,5,3,epoch-50,3,2,betweenness,0.530966250714622
cora,BundleSheaf,false,5,3,epoch-50,0,2,confidence,0.2757724752549533
cora,BundleSheaf,false,5,3,epoch-50,1,2,confidence,0.6441742150920342
cora,BundleSheaf,false,5,3,epoch-50,2,2,confidence,0.8567497690173833
cora,BundleSheaf,false,5,3,epoch-50,3,2,confidence,0.9276122467556325
cora,BundleSheaf,false,5,3,epoch-50,0,2,saliency,0.21625095479515266
cora,BundleSheaf,false,5,3,epoch-50,1,2,saliency,0.6486485758383469
cora,BundleSheaf,false,5,3,epoch-50,2,2,saliency,0.8980056036870936
cora,BundleSheaf,false,5,3,epoch-50,3,2,saliency,0.9290227929521475
cora,BundleSheaf,false,5,3,epoch-50,0,2,cohens_d_train,0.6053285
cora,BundleSheaf,false,5,3,epoch-50,1,2,cohens_d_train,0.32587612
cora,BundleSheaf,false,5,3,epoch-50,2,2,cohens_d_train,0.72640955
cora,BundleSheaf,false,5,3,epoch-50,3,2,cohens_d_train,1.0211023
cora,BundleSheaf,false,5,3,epoch-50,0,2,cohens_d_test,0.8522171
cora,BundleSheaf,false,5,3,epoch-50,1,2,cohens_d_test,0.53890646
cora,BundleSheaf,false,5,3,epoch-50,2,2,cohens_d_test,1.4486526
cora,BundleSheaf,false,5,3,epoch-50,3,2,cohens_d_test,1.4669135
cora,BundleSheaf,false,5,3,epoch-50,0,3,degree,-0.006743133197640577
cora,BundleSheaf,false,5,3,epoch-50,1,3,degree,0.7896725680114822
cora,BundleSheaf,false,5,3,epoch-50,2,3,degree,0.7294368602025249
cora,BundleSheaf,false,5,3,epoch-50,3,3,degree,0.6019144634675164
cora,BundleSheaf,false,5,3,epoch-50,0,3,betweenness,0.0044891709620499985
cora,BundleSheaf,false,5,3,epoch-50,1,3,betweenness,0.634537486703949
cora,BundleSheaf,false,5,3,epoch-50,2,3,betweenness,0.6233274552588063
cora,BundleSheaf,false,5,3,epoch-50,3,3,betweenness,0.5347664947352584
cora,BundleSheaf,false,5,3,epoch-50,0,3,confidence,0.2694910215063178
cora,BundleSheaf,false,5,3,epoch-50,1,3,confidence,0.698412209146057
cora,BundleSheaf,false,5,3,epoch-50,2,3,confidence,0.883271315797813
cora,BundleSheaf,false,5,3,epoch-50,3,3,confidence,0.9451934538594733
cora,BundleSheaf,false,5,3,epoch-50,0,3,saliency,0.1620105294757111
cora,BundleSheaf,false,5,3,epoch-50,1,3,saliency,0.6737413429954782
cora,BundleSheaf,false,5,3,epoch-50,2,3,saliency,0.8992866490952778
cora,BundleSheaf,false,5,3,epoch-50,3,3,saliency,0.9073569462364801
cora,BundleSheaf,false,5,3,epoch-50,0,3,cohens_d_train,0.49963838
cora,BundleSheaf,false,5,3,epoch-50,1,3,cohens_d_train,0.18789995
cora,BundleSheaf,false,5,3,epoch-50,2,3,cohens_d_train,0.18352434
cora,BundleSheaf,false,5,3,epoch-50,3,3,cohens_d_train,0.17008157
cora,BundleSheaf,false,5,3,epoch-50,0,3,cohens_d_test,0.93139935
cora,BundleSheaf,false,5,3,epoch-50,1,3,cohens_d_test,0.18389009
cora,BundleSheaf,false,5,3,epoch-50,2,3,cohens_d_test,0.95853806
cora,BundleSheaf,false,5,3,epoch-50,3,3,cohens_d_test,1.134217
cora,BundleSheaf,false,5,3,epoch-50,0,4,degree,-0.0026089485315812532
cora,BundleSheaf,false,5,3,epoch-50,1,4,degree,0.7471090069713194
cora,BundleSheaf,false,5,3,epoch-50,2,4,degree,0.7162486544825295
cora,BundleSheaf,false,5,3,epoch-50,3,4,degree,0.5936769148330238
cora,BundleSheaf,false,5,3,epoch-50,0,4,betweenness,-0.016939025660208634
cora,BundleSheaf,false,5,3,epoch-50,1,4,betweenness,0.6039528957771289
cora,BundleSheaf,false,5,3,epoch-50,2,4,betweenness,0.609964261108683
cora,BundleSheaf,false,5,3,epoch-50,3,4,betweenness,0.5259410257876207
cora,BundleSheaf,false,5,3,epoch-50,0,4,confidence,0.2695639823777449
cora,BundleSheaf,false,5,3,epoch-50,1,4,confidence,0.692107773404624
cora,BundleSheaf,false,5,3,epoch-50,2,4,confidence,0.8732230825472597
cora,BundleSheaf,false,5,3,epoch-50,3,4,confidence,0.939417329108135
cora,BundleSheaf,false,5,3,epoch-50,0,4,saliency,0.11007650859503985
cora,BundleSheaf,false,5,3,epoch-50,1,4,saliency,0.6738085843416426
cora,BundleSheaf,false,5,3,epoch-50,2,4,saliency,0.87608048212743
cora,BundleSheaf,false,5,3,epoch-50,3,4,saliency,0.8592071332979899
cora,BundleSheaf,false,5,3,epoch-50,0,4,cohens_d_train,0.5990649
cora,BundleSheaf,false,5,3,epoch-50,1,4,cohens_d_train,0.29957506
cora,BundleSheaf,false,5,3,epoch-50,2,4,cohens_d_train,0.48884737
cora,BundleSheaf,false,5,3,epoch-50,3,4,cohens_d_train,0.8620002
cora,BundleSheaf,false,5,3,epoch-50,0,4,cohens_d_test,0.51068616
cora,BundleSheaf,false,5,3,epoch-50,1,4,cohens_d_test,0.22585794
cora,BundleSheaf,false,5,3,epoch-50,2,4,cohens_d_test,0.23215479
cora,BundleSheaf,false,5,3,epoch-50,3,4,cohens_d_test,0.23859514
cora,BundleSheaf,false,5,3,epoch-50,0,5,degree,-0.005770953915759024
cora,BundleSheaf,false,5,3,epoch-50,1,5,degree,0.7702793652240918
cora,BundleSheaf,false,5,3,epoch-50,2,5,degree,0.7288915763864707
cora,BundleSheaf,false,5,3,epoch-50,3,5,degree,0.6080696306295271
cora,BundleSheaf,false,5,3,epoch-50,0,5,betweenness,-0.016530959302722643
cora,BundleSheaf,false,5,3,epoch-50,1,5,betweenness,0.6155662848960344
cora,BundleSheaf,false,5,3,epoch-50,2,5,betweenness,0.619361096779391
cora,BundleSheaf,false,5,3,epoch-50,3,5,betweenness,0.5397849175472114
cora,BundleSheaf,false,5,3,epoch-50,0,5,confidence,0.25679951633687353
cora,BundleSheaf,false,5,3,epoch-50,1,5,confidence,0.7065309789910427
cora,BundleSheaf,false,5,3,epoch-50,2,5,confidence,0.8841181258574593
cora,BundleSheaf,false,5,3,epoch-50,3,5,confidence,0.9280227988402949
cora,BundleSheaf,false,5,3,epoch-50,0,5,saliency,0.084352836331439
cora,BundleSheaf,false,5,3,epoch-50,1,5,saliency,0.6423492298393093
cora,BundleSheaf,false,5,3,epoch-50,2,5,saliency,0.8528168067232804
cora,BundleSheaf,false,5,3,epoch-50,3,5,saliency,0.8565898322467265
cora,BundleSheaf,false,5,3,epoch-50,0,5,cohens_d_train,0.61004806
cora,BundleSheaf,false,5,3,epoch-50,1,5,cohens_d_train,0.23709726
cora,BundleSheaf,false,5,3,epoch-50,2,5,cohens_d_train,0.20901264
cora,BundleSheaf,false,5,3,epoch-50,3,5,cohens_d_train,0.1848147
cora,BundleSheaf,false,5,3,epoch-50,0,5,cohens_d_test,0.5879975
cora,BundleSheaf,false,5,3,epoch-50,1,5,cohens_d_test,0.22891746
cora,BundleSheaf,false,5,3,epoch-50,2,5,cohens_d_test,0.43400666
cora,BundleSheaf,false,5,3,epoch-50,3,5,cohens_d_test,0.6099253
cora,BundleSheaf,false,5,3,epoch-50,0,6,degree,0.009730432753323562
cora,BundleSheaf,false,5,3,epoch-50,1,6,degree,0.7744798377237869
cora,BundleSheaf,false,5,3,epoch-50,2,6,degree,0.725924739959172
cora,BundleSheaf,false,5,3,epoch-50,3,6,degree,0.5992135970831033
cora,BundleSheaf,false,5,3,epoch-50,0,6,betweenness,-0.006798561909217529
cora,BundleSheaf,false,5,3,epoch-50,1,6,betweenness,0.6194641227620028
cora,BundleSheaf,false,5,3,epoch-50,2,6,betweenness,0.6174381473826683
cora,BundleSheaf,false,5,3,epoch-50,3,6,betweenness,0.5299347998336998
cora,BundleSheaf,false,5,3,epoch-50,0,6,confidence,0.2723221554539507
cora,BundleSheaf,false,5,3,epoch-50,1,6,confidence,0.7013397321190674
cora,BundleSheaf,false,5,3,epoch-50,2,6,confidence,0.8772767925781864
cora,BundleSheaf,false,5,3,epoch-50,3,6,confidence,0.9353109630724966
cora,BundleSheaf,false,5,3,epoch-50,0,6,saliency,0.12009822634997064
cora,BundleSheaf,false,5,3,epoch-50,1,6,saliency,0.6410937041497489
cora,BundleSheaf,false,5,3,epoch-50,2,6,saliency,0.864779762308786
cora,BundleSheaf,false,5,3,epoch-50,3,6,saliency,0.8823682901479962
cora,BundleSheaf,false,5,3,epoch-50,0,6,cohens_d_train,0.8136264
cora,BundleSheaf,false,5,3,epoch-50,1,6,cohens_d_train,0.17919533
cora,BundleSheaf,false,5,3,epoch-50,2,6,cohens_d_train,0.17414106
cora,BundleSheaf,false,5,3,epoch-50,3,6,cohens_d_train,0.16794713
cora,BundleSheaf,false,5,3,epoch-50,0,6,cohens_d_test,0.5312806
cora,BundleSheaf,false,5,3,epoch-50,1,6,cohens_d_test,0.061431956
cora,BundleSheaf,false,5,3,epoch-50,2,6,cohens_d_test,0.13029699
cora,BundleSheaf,false,5,3,epoch-50,3,6,cohens_d_test,0.21370964
cora,BundleSheaf,false,5,3,epoch-50,0,7,degree,-0.0206799581004542
cora,BundleSheaf,false,5,3,epoch-50,1,7,degree,0.7766246805193995
cora,BundleSheaf,false,5,3,epoch-50,2,7,degree,0.735217616371641
cora,BundleSheaf,false,5,3,epoch-50,3,7,degree,0.6216842440209951
cora,BundleSheaf,false,5,3,epoch-50,0,7,betweenness,-0.020129131178257632
cora,BundleSheaf,false,5,3,epoch-50,1,7,betweenness,0.6099698567317717
cora,BundleSheaf,false,5,3,epoch-50,2,7,betweenness,0.6222453887786457
cora,BundleSheaf,false,5,3,epoch-50,3,7,betweenness,0.5443053427383268
cora,BundleSheaf,false,5,3,epoch-50,0,7,confidence,0.20328988281092444
cora,BundleSheaf,false,5,3,epoch-50,1,7,confidence,0.6928550755129472
cora,BundleSheaf,false,5,3,epoch-50,2,7,confidence,0.8911385661663377
cora,BundleSheaf,false,5,3,epoch-50,3,7,confidence,0.9184959461553774
cora,BundleSheaf,false,5,3,epoch-50,0,7,saliency,0.17870492976351515
cora,BundleSheaf,false,5,3,epoch-50,1,7,saliency,0.6882977579121243
cora,BundleSheaf,false,5,3,epoch-50,2,7,saliency,0.9158967020200226
cora,BundleSheaf,false,5,3,epoch-50,3,7,saliency,0.9479960479968291
cora,BundleSheaf,false,5,3,epoch-50,0,7,cohens_d_train,0.5999787
cora,BundleSheaf,false,5,3,epoch-50,1,7,cohens_d_train,0.056659006
cora,BundleSheaf,false,5,3,epoch-50,2,7,cohens_d_train,0.023536628
cora,BundleSheaf,false,5,3,epoch-50,3,7,cohens_d_train,0.035687234
cora,BundleSheaf,false,5,3,epoch-50,0,7,cohens_d_test,0.54888034
cora,BundleSheaf,false,5,3,epoch-50,1,7,cohens_d_test,0.08457896
cora,BundleSheaf,false,5,3,epoch-50,2,7,cohens_d_test,0.3808642
cora,BundleSheaf,false,5,3,epoch-50,3,7,cohens_d_test,0.77081585
cora,BundleSheaf,false,5,3,epoch-50,0,8,degree,0.03173664170325258
cora,BundleSheaf,false,5,3,epoch-50,1,8,degree,0.7663065409109516
cora,BundleSheaf,false,5,3,epoch-50,2,8,degree,0.7301275153115959
cora,BundleSheaf,false,5,3,epoch-50,3,8,degree,0.6055702176371746
cora,BundleSheaf,false,5,3,epoch-50,0,8,betweenness,0.01402219105653761
cora,BundleSheaf,false,5,3,epoch-50,1,8,betweenness,0.6112451019814472
cora,BundleSheaf,false,5,3,epoch-50,2,8,betweenness,0.6180473388434915
cora,BundleSheaf,false,5,3,epoch-50,3,8,betweenness,0.5331649675759671
cora,BundleSheaf,false,5,3,epoch-50,0,8,confidence,0.29505213483164483
cora,BundleSheaf,false,5,3,epoch-50,1,8,confidence,0.7182499787173791
cora,BundleSheaf,false,5,3,epoch-50,2,8,confidence,0.887296877097675
cora,BundleSheaf,false,5,3,epoch-50,3,8,confidence,0.9496718694730856
cora,BundleSheaf,false,5,3,epoch-50,0,8,saliency,0.12025016874384317
cora,BundleSheaf,false,5,3,epoch-50,1,8,saliency,0.6409830369274863
cora,BundleSheaf,false,5,3,epoch-50,2,8,saliency,0.8364142147087404
cora,BundleSheaf,false,5,3,epoch-50,3,8,saliency,0.8454177423938591
cora,BundleSheaf,false,5,3,epoch-50,0,8,cohens_d_train,0.72180474
cora,BundleSheaf,false,5,3,epoch-50,1,8,cohens_d_train,0.17195429
cora,BundleSheaf,false,5,3,epoch-50,2,8,cohens_d_train,0.22202857
cora,BundleSheaf,false,5,3,epoch-50,3,8,cohens_d_train,0.16464311
cora,BundleSheaf,false,5,3,epoch-50,0,8,cohens_d_test,0.68739533
cora,BundleSheaf,false,5,3,epoch-50,1,8,cohens_d_test,0.027794592
cora,BundleSheaf,false,5,3,epoch-50,2,8,cohens_d_test,0.16619718
cora,BundleSheaf,false,5,3,epoch-50,3,8,cohens_d_test,0.23508668
cora,BundleSheaf,false,5,3,epoch-50,0,9,degree,0.007536944801171638
cora,BundleSheaf,false,5,3,epoch-50,1,9,degree,0.8006235087820824
cora,BundleSheaf,false,5,3,epoch-50,2,9,degree,0.7244470377726202
cora,BundleSheaf,false,5,3,epoch-50,3,9,degree,0.6051119050907874
cora,BundleSheaf,false,5,3,epoch-50,0,9,betweenness,-0.00787082919472932
cora,BundleSheaf,false,5,3,epoch-50,1,9,betweenness,0.6273467561373248
cora,BundleSheaf,false,5,3,epoch-50,2,9,betweenness,0.6186683909718397
cora,BundleSheaf,false,5,3,epoch-50,3,9,betweenness,0.5360010912833847
cora,BundleSheaf,false,5,3,epoch-50,0,9,confidence,0.23013387416917203
cora,BundleSheaf,false,5,3,epoch-50,1,9,confidence,0.6549483828660765
cora,BundleSheaf,false,5,3,epoch-50,2,9,confidence,0.8866754159802254
cora,BundleSheaf,false,5,3,epoch-50,3,9,confidence,0.9247611186876353
cora,BundleSheaf,false,5,3,epoch-50,0,9,saliency,0.21949426242072576
cora,BundleSheaf,false,5,3,epoch-50,1,9,saliency,0.6378572325337653
cora,BundleSheaf,false,5,3,epoch-50,2,9,saliency,0.8936326779005469
cora,BundleSheaf,false,5,3,epoch-50,3,9,saliency,0.9300215146745641
cora,BundleSheaf,false,5,3,epoch-50,0,9,cohens_d_train,0.2373361
cora,BundleSheaf,false,5,3,epoch-50,1,9,cohens_d_train,0.23782127
cora,BundleSheaf,false,5,3,epoch-50,2,9,cohens_d_train,0.35016903
cora,BundleSheaf,false,5,3,epoch-50,3,9,cohens_d_train,0.48079416
cora,BundleSheaf,false,5,3,epoch-50,0,9,cohens_d_test,0.1731421
cora,BundleSheaf,false,5,3,epoch-50,1,9,cohens_d_test,0.057762075
cora,BundleSheaf,false,5,3,epoch-50,2,9,cohens_d_test,0.04207585
cora,BundleSheaf,false,5,3,epoch-50,3,9,cohens_d_test,0.032149497
cora,BundleSheaf,false,5,3,epoch-200,0,0,degree,-0.009406791668308392
cora,BundleSheaf,false,5,3,epoch-200,1,0,degree,0.7323776489593955
cora,BundleSheaf,false,5,3,epoch-200,2,0,degree,0.7291206487502518
cora,BundleSheaf,false,5,3,epoch-200,3,0,degree,0.5967299213874236
cora,BundleSheaf,false,5,3,epoch-200,0,0,betweenness,-0.0039860314320429285
cora,BundleSheaf,false,5,3,epoch-200,1,0,betweenness,0.5797837421193984
cora,BundleSheaf,false,5,3,epoch-200,2,0,betweenness,0.6174258180399886
cora,BundleSheaf,false,5,3,epoch-200,3,0,betweenness,0.5274317947052722
cora,BundleSheaf,false,5,3,epoch-200,0,0,confidence,0.2556939959402561
cora,BundleSheaf,false,5,3,epoch-200,1,0,confidence,0.5525432764280906
cora,BundleSheaf,false,5,3,epoch-200,2,0,confidence,0.7274853592185514
cora,BundleSheaf,false,5,3,epoch-200,3,0,confidence,0.7642612488788013
cora,BundleSheaf,false,5,3,epoch-200,0,0,saliency,0.19680757800832197
cora,BundleSheaf,false,5,3,epoch-200,1,0,saliency,0.6559710249783356
cora,BundleSheaf,false,5,3,epoch-200,2,0,saliency,0.899210441394143
cora,BundleSheaf,false,5,3,epoch-200,3,0,saliency,0.9073707145836197
cora,BundleSheaf,false,5,3,epoch-200,0,0,cohens_d_train,0.5232312
cora,BundleSheaf,false,5,3,epoch-200,1,0,cohens_d_train,0.41406113
cora,BundleSheaf,false,5,3,epoch-200,2,0,cohens_d_train,0.6054725
cora,BundleSheaf,false,5,3,epoch-200,3,0,cohens_d_train,0.9963194
cora,BundleSheaf,false,5,3,epoch-200,0,0,cohens_d_test,0.47231653
cora,BundleSheaf,false,5,3,epoch-200,1,0,cohens_d_test,0.020531535
cora,BundleSheaf,false,5,3,epoch-200,2,0,cohens_d_test,0.026928257
cora,BundleSheaf,false,5,3,epoch-200,3,0,cohens_d_test,0.029261854
cora,BundleSheaf,false,5,3,epoch-200,0,1,degree,-0.006592935941219211
cora,BundleSheaf,false,5,3,epoch-200,1,1,degree,0.7465197558095905
cora,BundleSheaf,false,5,3,epoch-200,2,1,degree,0.7402052553884629
cora,BundleSheaf,false,5,3,epoch-200,3,1,degree,0.60564856216175
cora,BundleSheaf,false,5,3,epoch-200,0,1,betweenness,-0.022679615278751997
cora,BundleSheaf,false,5,3,epoch-200,1,1,betweenness,0.5932900394306039
cora,BundleSheaf,false,5,3,epoch-200,2,1,betweenness,0.6257753239190161
cora,BundleSheaf,false,5,3,epoch-200,3,1,betweenness,0.5309337255284092
cora,BundleSheaf,false,5,3,epoch-200,0,1,confidence,0.2719290694139487
cora,BundleSheaf,false,5,3,epoch-200,1,1,confidence,0.5574599175682144
cora,BundleSheaf,false,5,3,epoch-200,2,1,confidence,0.7148595789057213
cora,BundleSheaf,false,5,3,epoch-200,3,1,confidence,0.7803439122955661
cora,BundleSheaf,false,5,3,epoch-200,0,1,saliency,0.19974003662017747
cora,BundleSheaf,false,5,3,epoch-200,1,1,saliency,0.6676204977914525
cora,BundleSheaf,false,5,3,epoch-200,2,1,saliency,0.8931642129580671
cora,BundleSheaf,false,5,3,epoch-200,3,1,saliency,0.9164917944501382
cora,BundleSheaf,false,5,3,epoch-200,0,1,cohens_d_train,0.31592372
cora,BundleSheaf,false,5,3,epoch-200,1,1,cohens_d_train,0.33750474
cora,BundleSheaf,false,5,3,epoch-200,2,1,cohens_d_train,0.63279176
cora,BundleSheaf,false,5,3,epoch-200,3,1,cohens_d_train,0.9630907
cora,BundleSheaf,false,5,3,epoch-200,0,1,cohens_d_test,0.09360643
cora,BundleSheaf,false,5,3,epoch-200,1,1,cohens_d_test,0.21279079
cora,BundleSheaf,false,5,3,epoch-200,2,1,cohens_d_test,0.31487575
cora,BundleSheaf,false,5,3,epoch-200,3,1,cohens_d_test,0.5753101
cora,BundleSheaf,false,5,3,epoch-200,0,2,degree,0.024262580566172687
cora,BundleSheaf,false,5,3,epoch-200,1,2,degree,0.7492298217207749
cora,BundleSheaf,false,5,3,epoch-200,2,2,degree,0.7167234097627783
cora,BundleSheaf,false,5,3,epoch-200,3,2,degree,0.5848122421371522
cora,BundleSheaf,false,5,3,epoch-200,0,2,betweenness,-0.006641882123446428
cora,BundleSheaf,false,5,3,epoch-200,1,2,betweenness,0.5957349404287132
cora,BundleSheaf,false,5,3,epoch-200,2,2,betweenness,0.611931855617707
cora,BundleSheaf,false,5,3,epoch-200,3,2,betweenness,0.510234308626375
cora,BundleSheaf,false,5,3,epoch-200,0,2,confidence,0.3348512352124317
cora,BundleSheaf,false,5,3,epoch-200,1,2,confidence,0.44023052657195566
cora,BundleSheaf,false,5,3,epoch-200,2,2,confidence,0.5901585100017606
cora,BundleSheaf,false,5,3,epoch-200,3,2,confidence,0.6923288079763584
cora,BundleSheaf,false,5,3,epoch-200,0,2,saliency,0.24672985140589634
cora,BundleSheaf,false,5,3,epoch-200,1,2,saliency,0.6828542998459137
cora,BundleSheaf,false,5,3,epoch-200,2,2,saliency,0.8770285974847624
cora,BundleSheaf,false,5,3,epoch-200,3,2,saliency,0.8721178580794425
cora,BundleSheaf,false,5,3,epoch-200,0,2,cohens_d_train,0.08365774
cora,BundleSheaf,false,5,3,epoch-200,1,2,cohens_d_train,0.27893275
cora,BundleSheaf,false,5,3,epoch-200,2,2,cohens_d_train,0.50639826
cora,BundleSheaf,false,5,3,epoch-200,3,2,cohens_d_train,0.5152427
cora,BundleSheaf,false,5,3,epoch-200,0,2,cohens_d_test,0.15244815
cora,BundleSheaf,false,5,3,epoch-200,1,2,cohens_d_test,0.3979177
cora,BundleSheaf,false,5,3,epoch-200,2,2,cohens_d_test,1.0103468
cora,BundleSheaf,false,5,3,epoch-200,3,2,cohens_d_test,0.91584104
cora,BundleSheaf,false,5,3,epoch-200,0,3,degree,-0.02410710985617773
cora,BundleSheaf,false,5,3,epoch-200,1,3,degree,0.7709871933758811
cora,BundleSheaf,false,5,3,epoch-200,2,3,degree,0.7406828328897911
cora,BundleSheaf,false,5,3,epoch-200,3,3,degree,0.6051022767567762
cora,BundleSheaf,false,5,3,epoch-200,0,3,betweenness,-0.0339934838657774
cora,BundleSheaf,false,5,3,epoch-200,1,3,betweenness,0.6085159502505495
cora,BundleSheaf,false,5,3,epoch-200,2,3,betweenness,0.6231832534972278
cora,BundleSheaf,false,5,3,epoch-200,3,3,betweenness,0.5255965313906914
cora,BundleSheaf,false,5,3,epoch-200,0,3,confidence,0.19544512796994462
cora,BundleSheaf,false,5,3,epoch-200,1,3,confidence,0.6244666690600327
cora,BundleSheaf,false,5,3,epoch-200,2,3,confidence,0.8345623588932405
cora,BundleSheaf,false,5,3,epoch-200,3,3,confidence,0.8755387346957472
cora,BundleSheaf,false,5,3,epoch-200,0,3,saliency,0.16775225327050544
cora,BundleSheaf,false,5,3,epoch-200,1,3,saliency,0.6659696524041373
cora,BundleSheaf,false,5,3,epoch-200,2,3,saliency,0.8878236811317497
cora,BundleSheaf,false,5,3,epoch-200,3,3,saliency,0.9085186769325558
cora,BundleSheaf,false,5,3,epoch-200,0,3,cohens_d_train,0.48825628
cora,BundleSheaf,false,5,3,epoch-200,1,3,cohens_d_train,0.18863241
cora,BundleSheaf,false,5,3,epoch-200,2,3,cohens_d_train,0.1834773
cora,BundleSheaf,false,5,3,epoch-200,3,3,cohens_d_train,0.18474305
cora,BundleSheaf,false,5,3,epoch-200,0,3,cohens_d_test,0.55252373
cora,BundleSheaf,false,5,3,epoch-200,1,3,cohens_d_test,0.31732813
cora,BundleSheaf,false,5,3,epoch-200,2,3,cohens_d_test,1.159115
cora,BundleSheaf,false,5,3,epoch-200,3,3,cohens_d_test,1.1980656
cora,BundleSheaf,false,5,3,epoch-200,0,4,degree,0.03128861288521855
cora,BundleSheaf,false,5,3,epoch-200,1,4,degree,0.745839203141164
cora,BundleSheaf,false,5,3,epoch-200,2,4,degree,0.7109613349684789
cora,BundleSheaf,false,5,3,epoch-200,3,4,degree,0.5860991144109071
cora,BundleSheaf,false,5,3,epoch-200,0,4,betweenness,0.012866835800687752
cora,BundleSheaf,false,5,3,epoch-200,1,4,betweenness,0.5826694276218828
cora,BundleSheaf,false,5,3,epoch-200,2,4,betweenness,0.6022234738253089
cora,BundleSheaf,false,5,3,epoch-200,3,4,betweenness,0.5085017596712096
cora,BundleSheaf,false,5,3,epoch-200,0,4,confidence,0.29556770275953653
cora,BundleSheaf,false,5,3,epoch-200,1,4,confidence,0.4514750877246865
cora,BundleSheaf,false,5,3,epoch-200,2,4,confidence,0.6832554974432211
cora,BundleSheaf,false,5,3,epoch-200,3,4,confidence,0.772741797416185
cora,BundleSheaf,false,5,3,epoch-200,0,4,saliency,0.14982588983828254
cora,BundleSheaf,false,5,3,epoch-200,1,4,saliency,0.5826209386322839
cora,BundleSheaf,false,5,3,epoch-200,2,4,saliency,0.8580071620048423
cora,BundleSheaf,false,5,3,epoch-200,3,4,saliency,0.8467575869024209
cora,BundleSheaf,false,5,3,epoch-200,0,4,cohens_d_train,0.3844042
cora,BundleSheaf,false,5,3,epoch-200,1,4,cohens_d_train,0.2651547
cora,BundleSheaf,false,5,3,epoch-200,2,4,cohens_d_train,0.7327927
cora,BundleSheaf,false,5,3,epoch-200,3,4,cohens_d_train,1.1401035
cora,BundleSheaf,false,5,3,epoch-200,0,4,cohens_d_test,0.22194618
cora,BundleSheaf,false,5,3,epoch-200,1,4,cohens_d_test,0.174485
cora,BundleSheaf,false,5,3,epoch-200,2,4,cohens_d_test,0.1939032
cora,BundleSheaf,false,5,3,epoch-200,3,4,cohens_d_test,0.25198278
cora,BundleSheaf,false,5,3,epoch-200,0,5,degree,-0.03279318129366308
cora,BundleSheaf,false,5,3,epoch-200,1,5,degree,0.7545192357518304
cora,BundleSheaf,false,5,3,epoch-200,2,5,degree,0.7217318919169452
cora,BundleSheaf,false,5,3,epoch-200,3,5,degree,0.5788531649323644
cora,BundleSheaf,false,5,3,epoch-200,0,5,betweenness,-0.04241425562208209
cora,BundleSheaf,false,5,3,epoch-200,1,5,betweenness,0.6021033943238435
cora,BundleSheaf,false,5,3,epoch-200,2,5,betweenness,0.6133576961004522
cora,BundleSheaf,false,5,3,epoch-200,3,5,betweenness,0.5086983427716574
cora,BundleSheaf,false,5,3,epoch-200,0,5,confidence,0.2828890781753697
cora,BundleSheaf,false,5,3,epoch-200,1,5,confidence,0.5967085118158104
cora,BundleSheaf,false,5,3,epoch-200,2,5,confidence,0.7772704278797875
cora,BundleSheaf,false,5,3,epoch-200,3,5,confidence,0.8850731789911512
cora,BundleSheaf,false,5,3,epoch-200,0,5,saliency,0.04541244054712786
cora,BundleSheaf,false,5,3,epoch-200,1,5,saliency,0.6394956995384449
cora,BundleSheaf,false,5,3,epoch-200,2,5,saliency,0.8540186184738587
cora,BundleSheaf,false,5,3,epoch-200,3,5,saliency,0.8270249573201678
cora,BundleSheaf,false,5,3,epoch-200,0,5,cohens_d_train,0.3247259
cora,BundleSheaf,false,5,3,epoch-200,1,5,cohens_d_train,0.20507771
cora,BundleSheaf,false,5,3,epoch-200,2,5,cohens_d_train,0.2915351
cora,BundleSheaf,false,5,3,epoch-200,3,5,cohens_d_train,0.27334753
cora,BundleSheaf,false,5,3,epoch-200,0,5,cohens_d_test,0.29016024
cora,BundleSheaf,false,5,3,epoch-200,1,5,cohens_d_test,0.06611916
cora,BundleSheaf,false,5,3,epoch-200,2,5,cohens_d_test,0.8175215
cora,BundleSheaf,false,5,3,epoch-200,3,5,cohens_d_test,0.9540041
cora,BundleSheaf,false,5,3,epoch-200,0,6,degree,0.0015932980563480915
cora,BundleSheaf,false,5,3,epoch-200,1,6,degree,0.773927823975475
cora,BundleSheaf,false,5,3,epoch-200,2,6,degree,0.7293546862229833
cora,BundleSheaf,false,5,3,epoch-200,3,6,degree,0.607030350718316
cora,BundleSheaf,false,5,3,epoch-200,0,6,betweenness,-0.018765644565829593
cora,BundleSheaf,false,5,3,epoch-200,1,6,betweenness,0.6193965622857386
cora,BundleSheaf,false,5,3,epoch-200,2,6,betweenness,0.6148569551683934
cora,BundleSheaf,false,5,3,epoch-200,3,6,betweenness,0.5366942564229147
cora,BundleSheaf,false,5,3,epoch-200,0,6,confidence,0.2671571479687314
cora,BundleSheaf,false,5,3,epoch-200,1,6,confidence,0.6640545446443018
cora,BundleSheaf,false,5,3,epoch-200,2,6,confidence,0.8274885719500176
cora,BundleSheaf,false,5,3,epoch-200,3,6,confidence,0.8768261574731849
cora,BundleSheaf,false,5,3,epoch-200,0,6,saliency,0.21069461909470527
cora,BundleSheaf,false,5,3,epoch-200,1,6,saliency,0.6833989581272494
cora,BundleSheaf,false,5,3,epoch-200,2,6,saliency,0.8905261907093254
cora,BundleSheaf,false,5,3,epoch-200,3,6,saliency,0.914969221586103
cora,BundleSheaf,false,5,3,epoch-200,0,6,cohens_d_train,0.23867422
cora,BundleSheaf,false,5,3,epoch-200,1,6,cohens_d_train,0.16122936
cora,BundleSheaf,false,5,3,epoch-200,2,6,cohens_d_train,0.17209676
cora,BundleSheaf,false,5,3,epoch-200,3,6,cohens_d_train,0.1581446
cora,BundleSheaf,false,5,3,epoch-200,0,6,cohens_d_test,0.07552047
cora,BundleSheaf,false,5,3,epoch-200,1,6,cohens_d_test,0.035560273
cora,BundleSheaf,false,5,3,epoch-200,2,6,cohens_d_test,0.09158473
cora,BundleSheaf,false,5,3,epoch-200,3,6,cohens_d_test,0.20120972
cora,BundleSheaf,false,5,3,epoch-200,0,7,degree,-0.049482593547794745
cora,BundleSheaf,false,5,3,epoch-200,1,7,degree,0.7487191912432536
cora,BundleSheaf,false,5,3,epoch-200,2,7,degree,0.7338122430289552
cora,BundleSheaf,false,5,3,epoch-200,3,7,degree,0.6189655127110584
cora,BundleSheaf,false,5,3,epoch-200,0,7,betweenness,-0.057813669366275265
cora,BundleSheaf,false,5,3,epoch-200,1,7,betweenness,0.5842262927384295
cora,BundleSheaf,false,5,3,epoch-200,2,7,betweenness,0.620646691532238
cora,BundleSheaf,false,5,3,epoch-200,3,7,betweenness,0.5424920132175232
cora,BundleSheaf,false,5,3,epoch-200,0,7,confidence,0.24079802019789262
cora,BundleSheaf,false,5,3,epoch-200,1,7,confidence,0.6164004139133012
cora,BundleSheaf,false,5,3,epoch-200,2,7,confidence,0.8011547756351063
cora,BundleSheaf,false,5,3,epoch-200,3,7,confidence,0.8547158487736655
cora,BundleSheaf,false,5,3,epoch-200,0,7,saliency,0.0960936679102738
cora,BundleSheaf,false,5,3,epoch-200,1,7,saliency,0.6506496087513939
cora,BundleSheaf,false,5,3,epoch-200,2,7,saliency,0.8976738283350547
cora,BundleSheaf,false,5,3,epoch-200,3,7,saliency,0.9014318582153429
cora,BundleSheaf,false,5,3,epoch-200,0,7,cohens_d_train,0.40953335
cora,BundleSheaf,false,5,3,epoch-200,1,7,cohens_d_train,0.201408
cora,BundleSheaf,false,5,3,epoch-200,2,7,cohens_d_train,0.19148621
cora,BundleSheaf,false,5,3,epoch-200,3,7,cohens_d_train,0.1833952
cora,BundleSheaf,false,5,3,epoch-200,0,7,cohens_d_test,0.35880566
cora,BundleSheaf,false,5,3,epoch-200,1,7,cohens_d_test,0.16578136
cora,BundleSheaf,false,5,3,epoch-200,2,7,cohens_d_test,0.75249106
cora,BundleSheaf,false,5,3,epoch-200,3,7,cohens_d_test,0.95753604
cora,BundleSheaf,false,5,3,epoch-200,0,8,degree,-0.013548799064654823
cora,BundleSheaf,false,5,3,epoch-200,1,8,degree,0.7854630050565715
cora,BundleSheaf,false,5,3,epoch-200,2,8,degree,0.7188361790235812
cora,BundleSheaf,false,5,3,epoch-200,3,8,degree,0.6030422764609309
cora,BundleSheaf,false,5,3,epoch-200,0,8,betweenness,-0.017193661588696157
cora,BundleSheaf,false,5,3,epoch-200,1,8,betweenness,0.635761794574592
cora,BundleSheaf,false,5,3,epoch-200,2,8,betweenness,0.6183819820675052
cora,BundleSheaf,false,5,3,epoch-200,3,8,betweenness,0.5385748832996381
cora,BundleSheaf,false,5,3,epoch-200,0,8,confidence,0.23367785329761426
cora,BundleSheaf,false,5,3,epoch-200,1,8,confidence,0.6341533874638989
cora,BundleSheaf,false,5,3,epoch-200,2,8,confidence,0.7776800838704531
cora,BundleSheaf,false,5,3,epoch-200,3,8,confidence,0.7605040575952153
cora,BundleSheaf,false,5,3,epoch-200,0,8,saliency,0.07013625821199611
cora,BundleSheaf,false,5,3,epoch-200,1,8,saliency,0.6470887083987411
cora,BundleSheaf,false,5,3,epoch-200,2,8,saliency,0.8518006165231928
cora,BundleSheaf,false,5,3,epoch-200,3,8,saliency,0.8361942860910514
cora,BundleSheaf,false,5,3,epoch-200,0,8,cohens_d_train,0.08842589
cora,BundleSheaf,false,5,3,epoch-200,1,8,cohens_d_train,0.16326922
cora,BundleSheaf,false,5,3,epoch-200,2,8,cohens_d_train,0.2125165
cora,BundleSheaf,false,5,3,epoch-200,3,8,cohens_d_train,0.1725537
cora,BundleSheaf,false,5,3,epoch-200,0,8,cohens_d_test,0.017922483
cora,BundleSheaf,false,5,3,epoch-200,1,8,cohens_d_test,0.022117104
cora,BundleSheaf,false,5,3,epoch-200,2,8,cohens_d_test,0.21072908
cora,BundleSheaf,false,5,3,epoch-200,3,8,cohens_d_test,0.1652008
cora,BundleSheaf,false,5,3,epoch-200,0,9,degree,0.0037293430197059725
cora,BundleSheaf,false,5,3,epoch-200,1,9,degree,0.776410840238889
cora,BundleSheaf,false,5,3,epoch-200,2,9,degree,0.7228893927561684
cora,BundleSheaf,false,5,3,epoch-200,3,9,degree,0.594038117481485
cora,BundleSheaf,false,5,3,epoch-200,0,9,betweenness,-0.008838143427182322
cora,BundleSheaf,false,5,3,epoch-200,1,9,betweenness,0.6106869793071333
cora,BundleSheaf,false,5,3,epoch-200,2,9,betweenness,0.6140419567475811
cora,BundleSheaf,false,5,3,epoch-200,3,9,betweenness,0.5224652296688697
cora,BundleSheaf,false,5,3,epoch-200,0,9,confidence,0.2985726904786134
cora,BundleSheaf,false,5,3,epoch-200,1,9,confidence,0.5432367474563736
cora,BundleSheaf,false,5,3,epoch-200,2,9,confidence,0.7296551181723133
cora,BundleSheaf,false,5,3,epoch-200,3,9,confidence,0.8151530760330288
cora,BundleSheaf,false,5,3,epoch-200,0,9,saliency,0.23087075318718317
cora,BundleSheaf,false,5,3,epoch-200,1,9,saliency,0.7033802339111815
cora,BundleSheaf,false,5,3,epoch-200,2,9,saliency,0.9071632697168531
cora,BundleSheaf,false,5,3,epoch-200,3,9,saliency,0.9062206050418472
cora,BundleSheaf,false,5,3,epoch-200,0,9,cohens_d_train,0.61835575
cora,BundleSheaf,false,5,3,epoch-200,1,9,cohens_d_train,0.0904633
cora,BundleSheaf,false,5,3,epoch-200,2,9,cohens_d_train,0.032082066
cora,BundleSheaf,false,5,3,epoch-200,3,9,cohens_d_train,0.18186332
cora,BundleSheaf,false,5,3,epoch-200,0,9,cohens_d_test,0.31032652
cora,BundleSheaf,false,5,3,epoch-200,1,9,cohens_d_test,0.0675326
cora,BundleSheaf,false,5,3,epoch-200,2,9,cohens_d_test,0.06607609
cora,BundleSheaf,false,5,3,epoch-200,3,9,cohens_d_test,0.07470218
cora,BundleSheaf,false,5,3,best-epoch,0,0,degree,-0.01298687955993879
cora,BundleSheaf,false,5,3,best-epoch,1,0,degree,0.7303311751329153
cora,BundleSheaf,false,5,3,best-epoch,2,0,degree,0.7349647393422842
cora,BundleSheaf,false,5,3,best-epoch,3,0,degree,0.6262032726918632
cora,BundleSheaf,false,5,3,best-epoch,0,0,betweenness,-0.004232326851595117
cora,BundleSheaf,false,5,3,best-epoch,1,0,betweenness,0.5829426031881969
cora,BundleSheaf,false,5,3,best-epoch,2,0,betweenness,0.6197099958889983
cora,BundleSheaf,false,5,3,best-epoch,3,0,betweenness,0.5469297838200855
cora,BundleSheaf,false,5,3,best-epoch,0,0,confidence,0.1277042543959332
cora,BundleSheaf,false,5,3,best-epoch,1,0,confidence,0.19634186980901952
cora,BundleSheaf,false,5,3,best-epoch,2,0,confidence,0.28641556244297595
cora,BundleSheaf,false,5,3,best-epoch,3,0,confidence,0.2364647863635836
cora,BundleSheaf,false,5,3,best-epoch,0,0,saliency,0.22808425862289744
cora,BundleSheaf,false,5,3,best-epoch,1,0,saliency,0.6673749548496176
cora,BundleSheaf,false,5,3,best-epoch,2,0,saliency,0.8870004885970761
cora,BundleSheaf,false,5,3,best-epoch,3,0,saliency,0.8975853539446698
cora,BundleSheaf,false,5,3,best-epoch,0,0,cohens_d_train,0.6081399
cora,BundleSheaf,false,5,3,best-epoch,1,0,cohens_d_train,0.20279606
cora,BundleSheaf,false,5,3,best-epoch,2,0,cohens_d_train,0.35337794
cora,BundleSheaf,false,5,3,best-epoch,3,0,cohens_d_train,0.6610844
cora,BundleSheaf,false,5,3,best-epoch,0,0,cohens_d_test,0.65402347
cora,BundleSheaf,false,5,3,best-epoch,1,0,cohens_d_test,0.0330956
cora,BundleSheaf,false,5,3,best-epoch,2,0,cohens_d_test,0.05130672
cora,BundleSheaf,false,5,3,best-epoch,3,0,cohens_d_test,0.025920054
cora,BundleSheaf,false,5,3,best-epoch,0,1,degree,-0.004452278262632884
cora,BundleSheaf,false,5,3,best-epoch,1,1,degree,0.7404457520296815
cora,BundleSheaf,false,5,3,best-epoch,2,1,degree,0.7395288549044295
cora,BundleSheaf,false,5,3,best-epoch,3,1,degree,0.6533155721042038
cora,BundleSheaf,false,5,3,best-epoch,0,1,betweenness,-0.029778185151086614
cora,BundleSheaf,false,5,3,best-epoch,1,1,betweenness,0.5905849401451573
cora,BundleSheaf,false,5,3,best-epoch,2,1,betweenness,0.6246036620615352
cora,BundleSheaf,false,5,3,best-epoch,3,1,betweenness,0.5696811801434715
cora,BundleSheaf,false,5,3,best-epoch,0,1,confidence,0.1370482318392554
cora,BundleSheaf,false,5,3,best-epoch,1,1,confidence,0.2673082149291343
cora,BundleSheaf,false,5,3,best-epoch,2,1,confidence,0.3587242005421729
cora,BundleSheaf,false,5,3,best-epoch,3,1,confidence,0.32430185606147355
cora,BundleSheaf,false,5,3,best-epoch,0,1,saliency,0.07810566044840081
cora,BundleSheaf,false,5,3,best-epoch,1,1,saliency,0.6224822909537482
cora,BundleSheaf,false,5,3,best-epoch,2,1,saliency,0.8302811044093305
cora,BundleSheaf,false,5,3,best-epoch,3,1,saliency,0.8409737705353598
cora,BundleSheaf,false,5,3,best-epoch,0,1,cohens_d_train,0.38400963
cora,BundleSheaf,false,5,3,best-epoch,1,1,cohens_d_train,0.17043868
cora,BundleSheaf,false,5,3,best-epoch,2,1,cohens_d_train,0.3469039
cora,BundleSheaf,false,5,3,best-epoch,3,1,cohens_d_train,0.7350247
cora,BundleSheaf,false,5,3,best-epoch,0,1,cohens_d_test,0.14524867
cora,BundleSheaf,false,5,3,best-epoch,1,1,cohens_d_test,0.038724035
cora,BundleSheaf,false,5,3,best-epoch,2,1,cohens_d_test,0.08674411
cora,BundleSheaf,false,5,3,best-epoch,3,1,cohens_d_test,0.35778955
cora,BundleSheaf,false,5,3,best-epoch,0,2,degree,0.02191389886200829
cora,BundleSheaf,false,5,3,best-epoch,1,2,degree,0.7469059340604943
cora,BundleSheaf,false,5,3,best-epoch,2,2,degree,0.7256847073606992
cora,BundleSheaf,false,5,3,best-epoch,3,2,degree,0.626493606465515
cora,BundleSheaf,false,5,3,best-epoch,0,2,betweenness,-0.009229192057204398
cora,BundleSheaf,false,5,3,best-epoch,1,2,betweenness,0.5917451019077001
cora,BundleSheaf,false,5,3,best-epoch,2,2,betweenness,0.6157043606281977
cora,BundleSheaf,false,5,3,best-epoch,3,2,betweenness,0.5466310923798626
cora,BundleSheaf,false,5,3,best-epoch,0,2,confidence,0.3457444483952562
cora,BundleSheaf,false,5,3,best-epoch,1,2,confidence,0.3816719633585975
cora,BundleSheaf,false,5,3,best-epoch,2,2,confidence,0.5578471128140914
cora,BundleSheaf,false,5,3,best-epoch,3,2,confidence,0.6484423059189524
cora,BundleSheaf,false,5,3,best-epoch,0,2,saliency,0.19538829609292074
cora,BundleSheaf,false,5,3,best-epoch,1,2,saliency,0.6747200954430491
cora,BundleSheaf,false,5,3,best-epoch,2,2,saliency,0.8776758211854782
cora,BundleSheaf,false,5,3,best-epoch,3,2,saliency,0.8742523438289599
cora,BundleSheaf,false,5,3,best-epoch,0,2,cohens_d_train,0.30355304
cora,BundleSheaf,false,5,3,best-epoch,1,2,cohens_d_train,0.15758425
cora,BundleSheaf,false,5,3,best-epoch,2,2,cohens_d_train,0.27763787
cora,BundleSheaf,false,5,3,best-epoch,3,2,cohens_d_train,0.5529015
cora,BundleSheaf,false,5,3,best-epoch,0,2,cohens_d_test,0.25620386
cora,BundleSheaf,false,5,3,best-epoch,1,2,cohens_d_test,0.30045956
cora,BundleSheaf,false,5,3,best-epoch,2,2,cohens_d_test,0.692221
cora,BundleSheaf,false,5,3,best-epoch,3,2,cohens_d_test,0.70349175
cora,BundleSheaf,false,5,3,best-epoch,0,3,degree,-0.029170953625791883
cora,BundleSheaf,false,5,3,best-epoch,1,3,degree,0.7663766136138703
cora,BundleSheaf,false,5,3,best-epoch,2,3,degree,0.7410662539883506
cora,BundleSheaf,false,5,3,best-epoch,3,3,degree,0.6517777514068844
cora,BundleSheaf,false,5,3,best-epoch,0,3,betweenness,-0.03877208410197482
cora,BundleSheaf,false,5,3,best-epoch,1,3,betweenness,0.6043233906609908
cora,BundleSheaf,false,5,3,best-epoch,2,3,betweenness,0.6238397440979611
cora,BundleSheaf,false,5,3,best-epoch,3,3,betweenness,0.5597970524582236
cora,BundleSheaf,false,5,3,best-epoch,0,3,confidence,0.20228232389486725
cora,BundleSheaf,false,5,3,best-epoch,1,3,confidence,0.4583079139860548
cora,BundleSheaf,false,5,3,best-epoch,2,3,confidence,0.5341629714746422
cora,BundleSheaf,false,5,3,best-epoch,3,3,confidence,0.5437413188287767
cora,BundleSheaf,false,5,3,best-epoch,0,3,saliency,0.1417354693544015
cora,BundleSheaf,false,5,3,best-epoch,1,3,saliency,0.6754183128612569
cora,BundleSheaf,false,5,3,best-epoch,2,3,saliency,0.8963965403409724
cora,BundleSheaf,false,5,3,best-epoch,3,3,saliency,0.8954541615409182
cora,BundleSheaf,false,5,3,best-epoch,0,3,cohens_d_train,0.53409445
cora,BundleSheaf,false,5,3,best-epoch,1,3,cohens_d_train,0.10583376
cora,BundleSheaf,false,5,3,best-epoch,2,3,cohens_d_train,0.115057535
cora,BundleSheaf,false,5,3,best-epoch,3,3,cohens_d_train,0.10339015
cora,BundleSheaf,false,5,3,best-epoch,0,3,cohens_d_test,0.6901171
cora,BundleSheaf,false,5,3,best-epoch,1,3,cohens_d_test,0.39663994
cora,BundleSheaf,false,5,3,best-epoch,2,3,cohens_d_test,0.9352623
cora,BundleSheaf,false,5,3,best-epoch,3,3,cohens_d_test,0.938134
cora,BundleSheaf,false,5,3,best-epoch,0,4,degree,0.02466811758254045
cora,BundleSheaf,false,5,3,best-epoch,1,4,degree,0.7271648408388546
cora,BundleSheaf,false,5,3,best-epoch,2,4,degree,0.7100428152771187
cora,BundleSheaf,false,5,3,best-epoch,3,4,degree,0.6153188453587765
cora,BundleSheaf,false,5,3,best-epoch,0,4,betweenness,0.007053612141528769
cora,BundleSheaf,false,5,3,best-epoch,1,4,betweenness,0.5728450787178071
cora,BundleSheaf,false,5,3,best-epoch,2,4,betweenness,0.600400080744251
cora,BundleSheaf,false,5,3,best-epoch,3,4,betweenness,0.5321710634560547
cora,BundleSheaf,false,5,3,best-epoch,0,4,confidence,0.2716317806581004
cora,BundleSheaf,false,5,3,best-epoch,1,4,confidence,0.19976049116846856
cora,BundleSheaf,false,5,3,best-epoch,2,4,confidence,0.31334513115402074
cora,BundleSheaf,false,5,3,best-epoch,3,4,confidence,0.42225180314595046
cora,BundleSheaf,false,5,3,best-epoch,0,4,saliency,0.13276233386879085
cora,BundleSheaf,false,5,3,best-epoch,1,4,saliency,0.6019547727128055
cora,BundleSheaf,false,5,3,best-epoch,2,4,saliency,0.8575600579476597
cora,BundleSheaf,false,5,3,best-epoch,3,4,saliency,0.8378680320177215
cora,BundleSheaf,false,5,3,best-epoch,0,4,cohens_d_train,0.32726803
cora,BundleSheaf,false,5,3,best-epoch,1,4,cohens_d_train,0.17279427
cora,BundleSheaf,false,5,3,best-epoch,2,4,cohens_d_train,0.62393403
cora,BundleSheaf,false,5,3,best-epoch,3,4,cohens_d_train,0.7105096
cora,BundleSheaf,false,5,3,best-epoch,0,4,cohens_d_test,0.14742559
cora,BundleSheaf,false,5,3,best-epoch,1,4,cohens_d_test,0.10983887
cora,BundleSheaf,false,5,3,best-epoch,2,4,cohens_d_test,0.14443213
cora,BundleSheaf,false,5,3,best-epoch,3,4,cohens_d_test,0.16003206
cora,BundleSheaf,false,5,3,best-epoch,0,5,degree,-0.0493847405516364
cora,BundleSheaf,false,5,3,best-epoch,1,5,degree,0.7418178670253147
cora,BundleSheaf,false,5,3,best-epoch,2,5,degree,0.7158606752524187
cora,BundleSheaf,false,5,3,best-epoch,3,5,degree,0.6152410932412596
cora,BundleSheaf,false,5,3,best-epoch,0,5,betweenness,-0.05967078692445098
cora,BundleSheaf,false,5,3,best-epoch,1,5,betweenness,0.593344488168436
cora,BundleSheaf,false,5,3,best-epoch,2,5,betweenness,0.6081421903049592
cora,BundleSheaf,false,5,3,best-epoch,3,5,betweenness,0.5284657425466621
cora,BundleSheaf,false,5,3,best-epoch,0,5,confidence,0.33262358707891054
cora,BundleSheaf,false,5,3,best-epoch,1,5,confidence,0.37308278104036285
cora,BundleSheaf,false,5,3,best-epoch,2,5,confidence,0.4535574494285369
cora,BundleSheaf,false,5,3,best-epoch,3,5,confidence,0.538965535128417
cora,BundleSheaf,false,5,3,best-epoch,0,5,saliency,-0.006898437439743212
cora,BundleSheaf,false,5,3,best-epoch,1,5,saliency,0.6344669148856931
cora,BundleSheaf,false,5,3,best-epoch,2,5,saliency,0.8374357754131267
cora,BundleSheaf,false,5,3,best-epoch,3,5,saliency,0.8125983769099427
cora,BundleSheaf,false,5,3,best-epoch,0,5,cohens_d_train,0.51699686
cora,BundleSheaf,false,5,3,best-epoch,1,5,cohens_d_train,0.14358744
cora,BundleSheaf,false,5,3,best-epoch,2,5,cohens_d_train,0.1790241
cora,BundleSheaf,false,5,3,best-epoch,3,5,cohens_d_train,0.22624342
cora,BundleSheaf,false,5,3,best-epoch,0,5,cohens_d_test,0.45921102
cora,BundleSheaf,false,5,3,best-epoch,1,5,cohens_d_test,0.0011838137
cora,BundleSheaf,false,5,3,best-epoch,2,5,cohens_d_test,0.45188475
cora,BundleSheaf,false,5,3,best-epoch,3,5,cohens_d_test,0.59613186
cora,BundleSheaf,false,5,3,best-epoch,0,6,degree,0.00609634132502832
cora,BundleSheaf,false,5,3,best-epoch,1,6,degree,0.8337875286777483
cora,BundleSheaf,false,5,3,best-epoch,2,6,degree,0.763836423646449
cora,BundleSheaf,false,5,3,best-epoch,3,6,degree,0.6531201533491272
cora,BundleSheaf,false,5,3,best-epoch,0,6,betweenness,-0.010876113813062934
cora,BundleSheaf,false,5,3,best-epoch,1,6,betweenness,0.6376107056815146
cora,BundleSheaf,false,5,3,best-epoch,2,6,betweenness,0.645699129073985
cora,BundleSheaf,false,5,3,best-epoch,3,6,betweenness,0.5738941950698949
cora,BundleSheaf,false,5,3,best-epoch,0,6,confidence,0.1635404824772803
cora,BundleSheaf,false,5,3,best-epoch,1,6,confidence,0.6206291215819938
cora,BundleSheaf,false,5,3,best-epoch,2,6,confidence,0.9159276695238007
cora,BundleSheaf,false,5,3,best-epoch,3,6,confidence,0.9564562076971644
cora,BundleSheaf,false,5,3,best-epoch,0,6,saliency,0.12968019157034422
cora,BundleSheaf,false,5,3,best-epoch,1,6,saliency,0.5585083104167611
cora,BundleSheaf,false,5,3,best-epoch,2,6,saliency,0.8837248853025672
cora,BundleSheaf,false,5,3,best-epoch,3,6,saliency,0.9528021874752648
cora,BundleSheaf,false,5,3,best-epoch,0,6,cohens_d_train,0.4625761
cora,BundleSheaf,false,5,3,best-epoch,1,6,cohens_d_train,0.11353202
cora,BundleSheaf,false,5,3,best-epoch,2,6,cohens_d_train,0.041357484
cora,BundleSheaf,false,5,3,best-epoch,3,6,cohens_d_train,0.052817293
cora,BundleSheaf,false,5,3,best-epoch,0,6,cohens_d_test,0.281718
cora,BundleSheaf,false,5,3,best-epoch,1,6,cohens_d_test,0.033042014
cora,BundleSheaf,false,5,3,best-epoch,2,6,cohens_d_test,0.09160116
cora,BundleSheaf,false,5,3,best-epoch,3,6,cohens_d_test,0.3438225
cora,BundleSheaf,false,5,3,best-epoch,0,7,degree,-0.05879396532639618
cora,BundleSheaf,false,5,3,best-epoch,1,7,degree,0.7161919769517614
cora,BundleSheaf,false,5,3,best-epoch,2,7,degree,0.7319176543005403
cora,BundleSheaf,false,5,3,best-epoch,3,7,degree,0.6338383731245468
cora,BundleSheaf,false,5,3,best-epoch,0,7,betweenness,-0.07047372216084069
cora,BundleSheaf,false,5,3,best-epoch,1,7,betweenness,0.5597080423614342
cora,BundleSheaf,false,5,3,best-epoch,2,7,betweenness,0.6168391589603032
cora,BundleSheaf,false,5,3,best-epoch,3,7,betweenness,0.5538227979603059
cora,BundleSheaf,false,5,3,best-epoch,0,7,confidence,0.326975341321705
cora,BundleSheaf,false,5,3,best-epoch,1,7,confidence,0.4083725380788359
cora,BundleSheaf,false,5,3,best-epoch,2,7,confidence,0.5264644986903605
cora,BundleSheaf,false,5,3,best-epoch,3,7,confidence,0.5681254758710127
cora,BundleSheaf,false,5,3,best-epoch,0,7,saliency,0.04711258771146079
cora,BundleSheaf,false,5,3,best-epoch,1,7,saliency,0.641014175127831
cora,BundleSheaf,false,5,3,best-epoch,2,7,saliency,0.8860223269341903
cora,BundleSheaf,false,5,3,best-epoch,3,7,saliency,0.8721805457082731
cora,BundleSheaf,false,5,3,best-epoch,0,7,cohens_d_train,0.5915901
cora,BundleSheaf,false,5,3,best-epoch,1,7,cohens_d_train,0.15936667
cora,BundleSheaf,false,5,3,best-epoch,2,7,cohens_d_train,0.13129893
cora,BundleSheaf,false,5,3,best-epoch,3,7,cohens_d_train,0.12292361
cora,BundleSheaf,false,5,3,best-epoch,0,7,cohens_d_test,0.4431621
cora,BundleSheaf,false,5,3,best-epoch,1,7,cohens_d_test,0.14415205
cora,BundleSheaf,false,5,3,best-epoch,2,7,cohens_d_test,0.45900795
cora,BundleSheaf,false,5,3,best-epoch,3,7,cohens_d_test,0.547396
cora,BundleSheaf,false,5,3,best-epoch,0,8,degree,-0.017481361355803773
cora,BundleSheaf,false,5,3,best-epoch,1,8,degree,0.7821429909031172
cora,BundleSheaf,false,5,3,best-epoch,2,8,degree,0.7139299186871441
cora,BundleSheaf,false,5,3,best-epoch,3,8,degree,0.6418299153315677
cora,BundleSheaf,false,5,3,best-epoch,0,8,betweenness,-0.024613810638182115
cora,BundleSheaf,false,5,3,best-epoch,1,8,betweenness,0.6306058464301157
cora,BundleSheaf,false,5,3,best-epoch,2,8,betweenness,0.616600325912249
cora,BundleSheaf,false,5,3,best-epoch,3,8,betweenness,0.5651309365696127
cora,BundleSheaf,false,5,3,best-epoch,0,8,confidence,0.22279534005081666
cora,BundleSheaf,false,5,3,best-epoch,1,8,confidence,0.4243264869778219
cora,BundleSheaf,false,5,3,best-epoch,2,8,confidence,0.5164971583855065
cora,BundleSheaf,false,5,3,best-epoch,3,8,confidence,0.5462311119362433
cora,BundleSheaf,false,5,3,best-epoch,0,8,saliency,0.08289082998760357
cora,BundleSheaf,false,5,3,best-epoch,1,8,saliency,0.6706692788535525
cora,BundleSheaf,false,5,3,best-epoch,2,8,saliency,0.8800810752159187
cora,BundleSheaf,false,5,3,best-epoch,3,8,saliency,0.8871627146546541
cora,BundleSheaf,false,5,3,best-epoch,0,8,cohens_d_train,0.37589905
cora,BundleSheaf,false,5,3,best-epoch,1,8,cohens_d_train,0.16766448
cora,BundleSheaf,false,5,3,best-epoch,2,8,cohens_d_train,0.14990884
cora,BundleSheaf,false,5,3,best-epoch,3,8,cohens_d_train,0.18732946
cora,BundleSheaf,false,5,3,best-epoch,0,8,cohens_d_test,0.225618
cora,BundleSheaf,false,5,3,best-epoch,1,8,cohens_d_test,0.03329421
cora,BundleSheaf,false,5,3,best-epoch,2,8,cohens_d_test,0.008846789
cora,BundleSheaf,false,5,3,best-epoch,3,8,cohens_d_test,0.20303522
cora,BundleSheaf,false,5,3,best-epoch,0,9,degree,-0.0006312682521503868
cora,BundleSheaf,false,5,3,best-epoch,1,9,degree,0.7630192085972954
cora,BundleSheaf,false,5,3,best-epoch,2,9,degree,0.7245426183411249
cora,BundleSheaf,false,5,3,best-epoch,3,9,degree,0.613462454677039
cora,BundleSheaf,false,5,3,best-epoch,0,9,betweenness,-0.009233220130338702
cora,BundleSheaf,false,5,3,best-epoch,1,9,betweenness,0.5969638428489361
cora,BundleSheaf,false,5,3,best-epoch,2,9,betweenness,0.6134798484785694
cora,BundleSheaf,false,5,3,best-epoch,3,9,betweenness,0.5385073466378099
cora,BundleSheaf,false,5,3,best-epoch,0,9,confidence,0.22139426691226974
cora,BundleSheaf,false,5,3,best-epoch,1,9,confidence,0.18578042076097812
cora,BundleSheaf,false,5,3,best-epoch,2,9,confidence,0.2709297944548955
cora,BundleSheaf,false,5,3,best-epoch,3,9,confidence,0.3364775972149227
cora,BundleSheaf,false,5,3,best-epoch,0,9,saliency,0.17342347595250282
cora,BundleSheaf,false,5,3,best-epoch,1,9,saliency,0.6797027385779495
cora,BundleSheaf,false,5,3,best-epoch,2,9,saliency,0.9003561933278404
cora,BundleSheaf,false,5,3,best-epoch,3,9,saliency,0.8767486350664631
cora,BundleSheaf,false,5,3,best-epoch,0,9,cohens_d_train,0.47548583
cora,BundleSheaf,false,5,3,best-epoch,1,9,cohens_d_train,0.1008341
cora,BundleSheaf,false,5,3,best-epoch,2,9,cohens_d_train,0.37596795
cora,BundleSheaf,false,5,3,best-epoch,3,9,cohens_d_train,0.6668461
cora,BundleSheaf,false,5,3,best-epoch,0,9,cohens_d_test,0.30449152
cora,BundleSheaf,false,5,3,best-epoch,1,9,cohens_d_test,0.052027654
cora,BundleSheaf,false,5,3,best-epoch,2,9,cohens_d_test,0.033563983
cora,BundleSheaf,false,5,3,best-epoch,3,9,cohens_d_test,0.03191888
cora,BundleSheaf,false,5,3,last,0,0,degree,-0.011648720028480363
cora,BundleSheaf,false,5,3,last,1,0,degree,0.7235029265595073
cora,BundleSheaf,false,5,3,last,2,0,degree,0.7324801794189054
cora,BundleSheaf,false,5,3,last,3,0,degree,0.6413622638287819
cora,BundleSheaf,false,5,3,last,0,0,betweenness,-0.006935774127748724
cora,BundleSheaf,false,5,3,last,1,0,betweenness,0.5793139980356474
cora,BundleSheaf,false,5,3,last,2,0,betweenness,0.6193896675446705
cora,BundleSheaf,false,5,3,last,3,0,betweenness,0.5609684764609653
cora,BundleSheaf,false,5,3,last,0,0,confidence,0.13940679438659517
cora,BundleSheaf,false,5,3,last,1,0,confidence,0.08960240819421268
cora,BundleSheaf,false,5,3,last,2,0,confidence,0.07412413668243362
cora,BundleSheaf,false,5,3,last,3,0,confidence,0.05228867069055488
cora,BundleSheaf,false,5,3,last,0,0,saliency,0.20822155096041073
cora,BundleSheaf,false,5,3,last,1,0,saliency,0.6548522031702044
cora,BundleSheaf,false,5,3,last,2,0,saliency,0.8865306388561398
cora,BundleSheaf,false,5,3,last,3,0,saliency,0.9164639320902503
cora,BundleSheaf,false,5,3,last,0,0,cohens_d_train,0.15117194
cora,BundleSheaf,false,5,3,last,1,0,cohens_d_train,0.05082033
cora,BundleSheaf,false,5,3,last,2,0,cohens_d_train,0.06761708
cora,BundleSheaf,false,5,3,last,3,0,cohens_d_train,0.11347099
cora,BundleSheaf,false,5,3,last,0,0,cohens_d_test,0.25806937
cora,BundleSheaf,false,5,3,last,1,0,cohens_d_test,0.2070724
cora,BundleSheaf,false,5,3,last,2,0,cohens_d_test,0.17596808
cora,BundleSheaf,false,5,3,last,3,0,cohens_d_test,0.15724276
cora,BundleSheaf,false,5,3,last,0,1,degree,-0.005180011366623155
cora,BundleSheaf,false,5,3,last,1,1,degree,0.7377566280637251
cora,BundleSheaf,false,5,3,last,2,1,degree,0.7392647891800047
cora,BundleSheaf,false,5,3,last,3,1,degree,0.6362386635037414
cora,BundleSheaf,false,5,3,last,0,1,betweenness,-0.030521456549642115
cora,BundleSheaf,false,5,3,last,1,1,betweenness,0.5884610718480607
cora,BundleSheaf,false,5,3,last,2,1,betweenness,0.6238317795687252
cora,BundleSheaf,false,5,3,last,3,1,betweenness,0.5551823170307351
cora,BundleSheaf,false,5,3,last,0,1,confidence,0.17333171142639667
cora,BundleSheaf,false,5,3,last,1,1,confidence,0.2177782335656896
cora,BundleSheaf,false,5,3,last,2,1,confidence,0.30658953696975993
cora,BundleSheaf,false,5,3,last,3,1,confidence,0.2793828037155965
cora,BundleSheaf,false,5,3,last,0,1,saliency,0.15538800582265688
cora,BundleSheaf,false,5,3,last,1,1,saliency,0.6568264987367832
cora,BundleSheaf,false,5,3,last,2,1,saliency,0.8666222418320967
cora,BundleSheaf,false,5,3,last,3,1,saliency,0.8793730802633665
cora,BundleSheaf,false,5,3,last,0,1,cohens_d_train,0.37510204
cora,BundleSheaf,false,5,3,last,1,1,cohens_d_train,0.0975456
cora,BundleSheaf,false,5,3,last,2,1,cohens_d_train,0.20826036
cora,BundleSheaf,false,5,3,last,3,1,cohens_d_train,0.6972834
cora,BundleSheaf,false,5,3,last,0,1,cohens_d_test,0.13800806
cora,BundleSheaf,false,5,3,last,1,1,cohens_d_test,0.0011603282
cora,BundleSheaf,false,5,3,last,2,1,cohens_d_test,0.046488598
cora,BundleSheaf,false,5,3,last,3,1,cohens_d_test,0.47515017
cora,BundleSheaf,false,5,3,last,0,2,degree,0.0218512296299339
cora,BundleSheaf,false,5,3,last,1,2,degree,0.7459154378984955
cora,BundleSheaf,false,5,3,last,2,2,degree,0.7249989135082279
cora,BundleSheaf,false,5,3,last,3,2,degree,0.6325874186638465
cora,BundleSheaf,false,5,3,last,0,2,betweenness,-0.009353844230815065
cora,BundleSheaf,false,5,3,last,1,2,betweenness,0.5914377531614609
cora,BundleSheaf,false,5,3,last,2,2,betweenness,0.61578471338712
cora,BundleSheaf,false,5,3,last,3,2,betweenness,0.5560277971822021
cora,BundleSheaf,false,5,3,last,0,2,confidence,0.24703211783517043
cora,BundleSheaf,false,5,3,last,1,2,confidence,0.3276121151066413
cora,BundleSheaf,false,5,3,last,2,2,confidence,0.5424406752159087
cora,BundleSheaf,false,5,3,last,3,2,confidence,0.5717394943376574
cora,BundleSheaf,false,5,3,last,0,2,saliency,0.2257781152745402
cora,BundleSheaf,false,5,3,last,1,2,saliency,0.6705452186831365
cora,BundleSheaf,false,5,3,last,2,2,saliency,0.8759124193758434
cora,BundleSheaf,false,5,3,last,3,2,saliency,0.8798741445785501
cora,BundleSheaf,false,5,3,last,0,2,cohens_d_train,0.25238082
cora,BundleSheaf,false,5,3,last,1,2,cohens_d_train,0.05039892
cora,BundleSheaf,false,5,3,last,2,2,cohens_d_train,0.045592774
cora,BundleSheaf,false,5,3,last,3,2,cohens_d_train,0.026695438
cora,BundleSheaf,false,5,3,last,0,2,cohens_d_test,0.31461483
cora,BundleSheaf,false,5,3,last,1,2,cohens_d_test,0.12860228
cora,BundleSheaf,false,5,3,last,2,2,cohens_d_test,0.20430501
cora,BundleSheaf,false,5,3,last,3,2,cohens_d_test,0.29537225
cora,BundleSheaf,false,5,3,last,0,3,degree,-0.029386315916494623
cora,BundleSheaf,false,5,3,last,1,3,degree,0.7650504562898851
cora,BundleSheaf,false,5,3,last,2,3,degree,0.7412494246449501
cora,BundleSheaf,false,5,3,last,3,3,degree,0.6221914043516024
cora,BundleSheaf,false,5,3,last,0,3,betweenness,-0.039569535766703016
cora,BundleSheaf,false,5,3,last,1,3,betweenness,0.6038488139138135
cora,BundleSheaf,false,5,3,last,2,3,betweenness,0.6237813225278468
cora,BundleSheaf,false,5,3,last,3,3,betweenness,0.5389483355976273
cora,BundleSheaf,false,5,3,last,0,3,confidence,0.14054515530145348
cora,BundleSheaf,false,5,3,last,1,3,confidence,0.3649005257890323
cora,BundleSheaf,false,5,3,last,2,3,confidence,0.3845763115497458
cora,BundleSheaf,false,5,3,last,3,3,confidence,0.3808698694490639
cora,BundleSheaf,false,5,3,last,0,3,saliency,0.0564272750098201
cora,BundleSheaf,false,5,3,last,1,3,saliency,0.618987779916564
cora,BundleSheaf,false,5,3,last,2,3,saliency,0.8432585606252924
cora,BundleSheaf,false,5,3,last,3,3,saliency,0.8259373686942408
cora,BundleSheaf,false,5,3,last,0,3,cohens_d_train,0.50158435
cora,BundleSheaf,false,5,3,last,1,3,cohens_d_train,0.144116
cora,BundleSheaf,false,5,3,last,2,3,cohens_d_train,0.13684674
cora,BundleSheaf,false,5,3,last,3,3,cohens_d_train,0.1591822
cora,BundleSheaf,false,5,3,last,0,3,cohens_d_test,0.6393257
cora,BundleSheaf,false,5,3,last,1,3,cohens_d_test,0.39842728
cora,BundleSheaf,false,5,3,last,2,3,cohens_d_test,0.9720752
cora,BundleSheaf,false,5,3,last,3,3,cohens_d_test,0.97041535
cora,BundleSheaf,false,5,3,last,0,4,degree,0.02466811758254045
cora,BundleSheaf,false,5,3,last,1,4,degree,0.7271647774732591
cora,BundleSheaf,false,5,3,last,2,4,degree,0.7100428151698532
cora,BundleSheaf,false,5,3,last,3,4,degree,0.6153188458235545
cora,BundleSheaf,false,5,3,last,0,4,betweenness,0.007053612141528769
cora,BundleSheaf,false,5,3,last,1,4,betweenness,0.5728450865032305
cora,BundleSheaf,false,5,3,last,2,4,betweenness,0.6004000806535492
cora,BundleSheaf,false,5,3,last,3,4,betweenness,0.5321710638580275
cora,BundleSheaf,false,5,3,last,0,4,confidence,0.2716311825628813
cora,BundleSheaf,false,5,3,last,1,4,confidence,0.1997614780722079
cora,BundleSheaf,false,5,3,last,2,4,confidence,0.31334549922354366
cora,BundleSheaf,false,5,3,last,3,4,confidence,0.4222522580784798
cora,BundleSheaf,false,5,3,last,0,4,saliency,0.1327634379674251
cora,BundleSheaf,false,5,3,last,1,4,saliency,0.6019558696599068
cora,BundleSheaf,false,5,3,last,2,4,saliency,0.8575594983185276
cora,BundleSheaf,false,5,3,last,3,4,saliency,0.8378685094596615
cora,BundleSheaf,false,5,3,last,0,4,cohens_d_train,0.32726803
cora,BundleSheaf,false,5,3,last,1,4,cohens_d_train,0.17279427
cora,BundleSheaf,false,5,3,last,2,4,cohens_d_train,0.623934
cora,BundleSheaf,false,5,3,last,3,4,cohens_d_train,0.7105097
cora,BundleSheaf,false,5,3,last,0,4,cohens_d_test,0.14742559
cora,BundleSheaf,false,5,3,last,1,4,cohens_d_test,0.10983887
cora,BundleSheaf,false,5,3,last,2,4,cohens_d_test,0.14443213
cora,BundleSheaf,false,5,3,last,3,4,cohens_d_test,0.16003208
cora,BundleSheaf,false,5,3,last,0,5,degree,-0.0494127581766246
cora,BundleSheaf,false,5,3,last,1,5,degree,0.7417668159122692
cora,BundleSheaf,false,5,3,last,2,5,degree,0.715782511151206
cora,BundleSheaf,false,5,3,last,3,5,degree,0.614548871241087
cora,BundleSheaf,false,5,3,last,0,5,betweenness,-0.059691763707042954
cora,BundleSheaf,false,5,3,last,1,5,betweenness,0.5933190233225797
cora,BundleSheaf,false,5,3,last,2,5,betweenness,0.6080886147131278
cora,BundleSheaf,false,5,3,last,3,5,betweenness,0.5284252715700288
cora,BundleSheaf,false,5,3,last,0,5,confidence,0.32218859838328373
cora,BundleSheaf,false,5,3,last,1,5,confidence,0.3303245099096597
cora,BundleSheaf,false,5,3,last,2,5,confidence,0.39260437505314066
cora,BundleSheaf,false,5,3,last,3,5,confidence,0.46524115743573063
cora,BundleSheaf,false,5,3,last,0,5,saliency,0.004552226153964461
cora,BundleSheaf,false,5,3,last,1,5,saliency,0.6419798524039992
cora,BundleSheaf,false,5,3,last,2,5,saliency,0.8432075129184021
cora,BundleSheaf,false,5,3,last,3,5,saliency,0.8180572169195186
cora,BundleSheaf,false,5,3,last,0,5,cohens_d_train,0.5170738
cora,BundleSheaf,false,5,3,last,1,5,cohens_d_train,0.14783467
cora,BundleSheaf,false,5,3,last,2,5,cohens_d_train,0.1780334
cora,BundleSheaf,false,5,3,last,3,5,cohens_d_train,0.21675338
cora,BundleSheaf,false,5,3,last,0,5,cohens_d_test,0.45927987
cora,BundleSheaf,false,5,3,last,1,5,cohens_d_test,0.0012659694
cora,BundleSheaf,false,5,3,last,2,5,cohens_d_test,0.45302215
cora,BundleSheaf,false,5,3,last,3,5,cohens_d_test,0.58398795
cora,BundleSheaf,false,5,3,last,0,6,degree,0.0014993651705046858
cora,BundleSheaf,false,5,3,last,1,6,degree,0.7739995245425505
cora,BundleSheaf,false,5,3,last,2,6,degree,0.7299347534537426
cora,BundleSheaf,false,5,3,last,3,6,degree,0.6069083283332976
cora,BundleSheaf,false,5,3,last,0,6,betweenness,-0.018853936026419556
cora,BundleSheaf,false,5,3,last,1,6,betweenness,0.6195631663645208
cora,BundleSheaf,false,5,3,last,2,6,betweenness,0.6154323857575097
cora,BundleSheaf,false,5,3,last,3,6,betweenness,0.5363492198730512
cora,BundleSheaf,false,5,3,last,0,6,confidence,0.28063051372541997
cora,BundleSheaf,false,5,3,last,1,6,confidence,0.6631055573845251
cora,BundleSheaf,false,5,3,last,2,6,confidence,0.8300877879986702
cora,BundleSheaf,false,5,3,last,3,6,confidence,0.8901559658482255
cora,BundleSheaf,false,5,3,last,0,6,saliency,0.2305393654031198
cora,BundleSheaf,false,5,3,last,1,6,saliency,0.683081592457546
cora,BundleSheaf,false,5,3,last,2,6,saliency,0.8897235560810489
cora,BundleSheaf,false,5,3,last,3,6,saliency,0.9229718664396845
cora,BundleSheaf,false,5,3,last,0,6,cohens_d_train,0.20706932
cora,BundleSheaf,false,5,3,last,1,6,cohens_d_train,0.15669551
cora,BundleSheaf,false,5,3,last,2,6,cohens_d_train,0.16947684
cora,BundleSheaf,false,5,3,last,3,6,cohens_d_train,0.15778421
cora,BundleSheaf,false,5,3,last,0,6,cohens_d_test,0.097019196
cora,BundleSheaf,false,5,3,last,1,6,cohens_d_test,0.034444477
cora,BundleSheaf,false,5,3,last,2,6,cohens_d_test,0.07971403
cora,BundleSheaf,false,5,3,last,3,6,cohens_d_test,0.18983363
cora,BundleSheaf,false,5,3,last,0,7,degree,-0.05879396532639618
cora,BundleSheaf,false,5,3,last,1,7,degree,0.7161919772763445
cora,BundleSheaf,false,5,3,last,2,7,degree,0.7319176538582601
cora,BundleSheaf,false,5,3,last,3,7,degree,0.6338383726457801
cora,BundleSheaf,false,5,3,last,0,7,betweenness,-0.07047372216084069
cora,BundleSheaf,false,5,3,last,1,7,betweenness,0.5597080426150978
cora,BundleSheaf,false,5,3,last,2,7,betweenness,0.6168391585875621
cora,BundleSheaf,false,5,3,last,3,7,betweenness,0.5538227975419785
cora,BundleSheaf,false,5,3,last,0,7,confidence,0.326975744379544
cora,BundleSheaf,false,5,3,last,1,7,confidence,0.4083727667632843
cora,BundleSheaf,false,5,3,last,2,7,confidence,0.5264645130019353
cora,BundleSheaf,false,5,3,last,3,7,confidence,0.5681253740128374
cora,BundleSheaf,false,5,3,last,0,7,saliency,0.047111841890710424
cora,BundleSheaf,false,5,3,last,1,7,saliency,0.6410139860413762
cora,BundleSheaf,false,5,3,last,2,7,saliency,0.8860223283596718
cora,BundleSheaf,false,5,3,last,3,7,saliency,0.8721805302181868
cora,BundleSheaf,false,5,3,last,0,7,cohens_d_train,0.5915901
cora,BundleSheaf,false,5,3,last,1,7,cohens_d_train,0.15936667
cora,BundleSheaf,false,5,3,last,2,7,cohens_d_train,0.13129894
cora,BundleSheaf,false,5,3,last,3,7,cohens_d_train,0.122923635
cora,BundleSheaf,false,5,3,last,0,7,cohens_d_test,0.4431621
cora,BundleSheaf,false,5,3,last,1,7,cohens_d_test,0.1441519
cora,BundleSheaf,false,5,3,last,2,7,cohens_d_test,0.45900795
cora,BundleSheaf,false,5,3,last,3,7,cohens_d_test,0.547396
cora,BundleSheaf,false,5,3,last,0,8,degree,-0.017481361355803773
cora,BundleSheaf,false,5,3,last,1,8,degree,0.7821429905486444
cora,BundleSheaf,false,5,3,last,2,8,degree,0.7139299184714388
cora,BundleSheaf,false,5,3,last,3,8,degree,0.6418299147498041
cora,BundleSheaf,false,5,3,last,0,8,betweenness,-0.024613810638182115
cora,BundleSheaf,false,5,3,last,1,8,betweenness,0.6306058461443207
cora,BundleSheaf,false,5,3,last,2,8,betweenness,0.6166003257259507
cora,BundleSheaf,false,5,3,last,3,8,betweenness,0.5651309360573702
cora,BundleSheaf,false,5,3,last,0,8,confidence,0.22279536445667877
cora,BundleSheaf,false,5,3,last,1,8,confidence,0.4243271604250217
cora,BundleSheaf,false,5,3,last,2,8,confidence,0.5164977155179862
cora,BundleSheaf,false,5,3,last,3,8,confidence,0.5462315067747197
cora,BundleSheaf,false,5,3,last,0,8,saliency,0.08289092555252273
cora,BundleSheaf,false,5,3,last,1,8,saliency,0.670669303385372
cora,BundleSheaf,false,5,3,last,2,8,saliency,0.8800810673040336
cora,BundleSheaf,false,5,3,last,3,8,saliency,0.8871627465565781
cora,BundleSheaf,false,5,3,last,0,8,cohens_d_train,0.37589905
cora,BundleSheaf,false,5,3,last,1,8,cohens_d_train,0.16766448
cora,BundleSheaf,false,5,3,last,2,8,cohens_d_train,0.14990881
cora,BundleSheaf,false,5,3,last,3,8,cohens_d_train,0.18732946
cora,BundleSheaf,false,5,3,last,0,8,cohens_d_test,0.225618
cora,BundleSheaf,false,5,3,last,1,8,cohens_d_test,0.03329421
cora,BundleSheaf,false,5,3,last,2,8,cohens_d_test,0.008846777
cora,BundleSheaf,false,5,3,last,3,8,cohens_d_test,0.2030352
cora,BundleSheaf,false,5,3,last,0,9,degree,-0.0006312682521503868
cora,BundleSheaf,false,5,3,last,1,9,degree,0.7630192094041751
cora,BundleSheaf,false,5,3,last,2,9,degree,0.7245426192167723
cora,BundleSheaf,false,5,3,last,3,9,degree,0.6134624539356377
cora,BundleSheaf,false,5,3,last,0,9,betweenness,-0.009233220130338702
cora,BundleSheaf,false,5,3,last,1,9,betweenness,0.5969636478847344
cora,BundleSheaf,false,5,3,last,2,9,betweenness,0.6134798492199917
cora,BundleSheaf,false,5,3,last,3,9,betweenness,0.5385073459869957
cora,BundleSheaf,false,5,3,last,0,9,confidence,0.22139458754756733
cora,BundleSheaf,false,5,3,last,1,9,confidence,0.185780322516585
cora,BundleSheaf,false,5,3,last,2,9,confidence,0.2709301341651471
cora,BundleSheaf,false,5,3,last,3,9,confidence,0.3364779797187652
cora,BundleSheaf,false,5,3,last,0,9,saliency,0.17342347587386217
cora,BundleSheaf,false,5,3,last,1,9,saliency,0.6797025088461615
cora,BundleSheaf,false,5,3,last,2,9,saliency,0.9003561943099145
cora,BundleSheaf,false,5,3,last,3,9,saliency,0.876748634213741
cora,BundleSheaf,false,5,3,last,0,9,cohens_d_train,0.47548583
cora,BundleSheaf,false,5,3,last,1,9,cohens_d_train,0.100834176
cora,BundleSheaf,false,5,3,last,2,9,cohens_d_train,0.37596795
cora,BundleSheaf,false,5,3,last,3,9,cohens_d_train,0.66684604
cora,BundleSheaf,false,5,3,last,0,9,cohens_d_test,0.30449152
cora,BundleSheaf,false,5,3,last,1,9,cohens_d_test,0.052027635
cora,BundleSheaf,false,5,3,last,2,9,cohens_d_test,0.033563983
cora,BundleSheaf,false,5,3,last,3,9,cohens_d_test,0.03191888
