dataset,model,normalised,d,layers,checkpoint,layer,fold,observable,value
cornell,BundleSheaf,false,2,2,epoch-0,0,0,degree,-0.07410172228439552
cornell,BundleSheaf,false,2,2,epoch-0,1,0,degree,0.3980014599296142
cornell,BundleSheaf,false,2,2,epoch-0,2,0,degree,0.2738967355865789
cornell,BundleSheaf,false,2,2,epoch-0,0,0,betweenness,-0.023247209815971715
cornell,BundleSheaf,false,2,2,epoch-0,1,0,betweenness,0.2923801431831772
cornell,BundleSheaf,false,2,2,epoch-0,2,0,betweenness,0.330618250538039
cornell,BundleSheaf,false,2,2,epoch-0,0,0,confidence,0.11569595764178803
cornell,BundleSheaf,false,2,2,epoch-0,1,0,confidence,0.2215484088256719
cornell,BundleSheaf,false,2,2,epoch-0,2,0,confidence,0.685550194637864
cornell,BundleSheaf,false,2,2,epoch-0,0,0,saliency,-0.018230166127528924
cornell,BundleSheaf,false,2,2,epoch-0,1,0,saliency,0.2523282134828821
cornell,BundleSheaf,false,2,2,epoch-0,2,0,saliency,0.8933447165806397
cornell,BundleSheaf,false,2,2,epoch-0,0,0,cohens_d_train,0.23704818
cornell,BundleSheaf,false,2,2,epoch-0,1,0,cohens_d_train,0.25183573
cornell,BundleSheaf,false,2,2,epoch-0,2,0,cohens_d_train,0.31716287
cornell,BundleSheaf,false,2,2,epoch-0,0,0,cohens_d_test,1.2581779
cornell,BundleSheaf,false,2,2,epoch-0,1,0,cohens_d_test,1.8353455
cornell,BundleSheaf,false,2,2,epoch-0,2,0,cohens_d_test,0.40772286
cornell,BundleSheaf,false,2,2,epoch-0,0,1,degree,-0.06960931304761155
cornell,BundleSheaf,false,2,2,epoch-0,1,1,degree,0.4423022036473738
cornell,BundleSheaf,false,2,2,epoch-0,2,1,degree,0.3149865684417749
cornell,BundleSheaf,false,2,2,epoch-0,0,1,betweenness,-0.1839801498148875
cornell,BundleSheaf,false,2,2,epoch-0,1,1,betweenness,0.37132968830339996
cornell,BundleSheaf,false,2,2,epoch-0,2,1,betweenness,0.360033066059853
cornell,BundleSheaf,false,2,2,epoch-0,0,1,confidence,0.03077784652980662
cornell,BundleSheaf,false,2,2,epoch-0,1,1,confidence,0.41216427905665265
cornell,BundleSheaf,false,2,2,epoch-0,2,1,confidence,0.6710228474305454
cornell,BundleSheaf,false,2,2,epoch-0,0,1,saliency,0.03342131852466849
cornell,BundleSheaf,false,2,2,epoch-0,1,1,saliency,0.43600643832290314
cornell,BundleSheaf,false,2,2,epoch-0,2,1,saliency,0.8902273777541064
cornell,BundleSheaf,false,2,2,epoch-0,0,1,cohens_d_train,0.23562501
cornell,BundleSheaf,false,2,2,epoch-0,1,1,cohens_d_train,0.23753452
cornell,BundleSheaf,false,2,2,epoch-0,2,1,cohens_d_train,0.64313847
cornell,BundleSheaf,false,2,2,epoch-0,0,1,cohens_d_test,0.23677701
cornell,BundleSheaf,false,2,2,epoch-0,1,1,cohens_d_test,0.25392818
cornell,BundleSheaf,false,2,2,epoch-0,2,1,cohens_d_test,0.19981508
cornell,BundleSheaf,false,2,2,epoch-0,0,2,degree,-0.09966004049868024
cornell,BundleSheaf,false,2,2,epoch-0,1,2,degree,0.48195598041708154
cornell,BundleSheaf,false,2,2,epoch-0,2,2,degree,0.36992211096796135
cornell,BundleSheaf,false,2,2,epoch-0,0,2,betweenness,-0.16531069730106007
cornell,BundleSheaf,false,2,2,epoch-0,1,2,betweenness,0.35727257779660937
cornell,BundleSheaf,false,2,2,epoch-0,2,2,betweenness,0.4134129860294998
cornell,BundleSheaf,false,2,2,epoch-0,0,2,confidence,-0.09357499236330315
cornell,BundleSheaf,false,2,2,epoch-0,1,2,confidence,0.1502216600220877
cornell,BundleSheaf,false,2,2,epoch-0,2,2,confidence,0.18570097044794123
cornell,BundleSheaf,false,2,2,epoch-0,0,2,saliency,-0.07270135424091234
cornell,BundleSheaf,false,2,2,epoch-0,1,2,saliency,0.28907443233886576
cornell,BundleSheaf,false,2,2,epoch-0,2,2,saliency,0.8400464467820136
cornell,BundleSheaf,false,2,2,epoch-0,0,2,cohens_d_train,nan
cornell,BundleSheaf,false,2,2,epoch-0,1,2,cohens_d_train,nan
cornell,BundleSheaf,false,2,2,epoch-0,2,2,cohens_d_train,nan
cornell,BundleSheaf,false,2,2,epoch-0,0,2,cohens_d_test,nan
cornell,BundleSheaf,false,2,2,epoch-0,1,2,cohens_d_test,nan
cornell,BundleSheaf,false,2,2,epoch-0,2,2,cohens_d_test,nan
cornell,BundleSheaf,false,2,2,epoch-0,0,3,degree,-0.12653363460024392
cornell,BundleSheaf,false,2,2,epoch-0,1,3,degree,0.6033697628864544
cornell,BundleSheaf,false,2,2,epoch-0,2,3,degree,0.3082842910021619
cornell,BundleSheaf,false,2,2,epoch-0,0,3,betweenness,-0.08733161996055012
cornell,BundleSheaf,false,2,2,epoch-0,1,3,betweenness,0.5148740299707067
cornell,BundleSheaf,false,2,2,epoch-0,2,3,betweenness,0.3451595469133256
cornell,BundleSheaf,false,2,2,epoch-0,0,3,confidence,-0.10076131993452024
cornell,BundleSheaf,false,2,2,epoch-0,1,3,confidence,0.15661886224965343
cornell,BundleSheaf,false,2,2,epoch-0,2,3,confidence,-0.6892158091374059
cornell,BundleSheaf,false,2,2,epoch-0,0,3,saliency,0.003935836081238791
cornell,BundleSheaf,false,2,2,epoch-0,1,3,saliency,0.09427404384638884
cornell,BundleSheaf,false,2,2,epoch-0,2,3,saliency,0.808757528999867
cornell,BundleSheaf,false,2,2,epoch-0,0,3,cohens_d_train,0.02065214
cornell,BundleSheaf,false,2,2,epoch-0,1,3,cohens_d_train,0.33948678
cornell,BundleSheaf,false,2,2,epoch-0,2,3,cohens_d_train,0.1744928
cornell,BundleSheaf,false,2,2,epoch-0,0,3,cohens_d_test,1.06386
cornell,BundleSheaf,false,2,2,epoch-0,1,3,cohens_d_test,0.7471152
cornell,BundleSheaf,false,2,2,epoch-0,2,3,cohens_d_test,0.23820059
cornell,BundleSheaf,false,2,2,epoch-0,0,4,degree,-0.07083860981074154
cornell,BundleSheaf,false,2,2,epoch-0,1,4,degree,0.4636045552162842
cornell,BundleSheaf,false,2,2,epoch-0,2,4,degree,0.315392922159479
cornell,BundleSheaf,false,2,2,epoch-0,0,4,betweenness,-0.06632403179171265
cornell,BundleSheaf,false,2,2,epoch-0,1,4,betweenness,0.44786668825202564
cornell,BundleSheaf,false,2,2,epoch-0,2,4,betweenness,0.37654883467809747
cornell,BundleSheaf,false,2,2,epoch-0,0,4,confidence,-0.1562801062088304
cornell,BundleSheaf,false,2,2,epoch-0,1,4,confidence,-0.09779279879066052
cornell,BundleSheaf,false,2,2,epoch-0,2,4,confidence,-0.7394084888739202
cornell,BundleSheaf,false,2,2,epoch-0,0,4,saliency,0.03236392972672374
cornell,BundleSheaf,false,2,2,epoch-0,1,4,saliency,0.2991881603784669
cornell,BundleSheaf,false,2,2,epoch-0,2,4,saliency,0.8367430858521381
cornell,BundleSheaf,false,2,2,epoch-0,0,4,cohens_d_train,0.8701667
cornell,BundleSheaf,false,2,2,epoch-0,1,4,cohens_d_train,2.686094
cornell,BundleSheaf,false,2,2,epoch-0,2,4,cohens_d_train,2.4036574
cornell,BundleSheaf,false,2,2,epoch-0,0,4,cohens_d_test,nan
cornell,BundleSheaf,false,2,2,epoch-0,1,4,cohens_d_test,nan
cornell,BundleSheaf,false,2,2,epoch-0,2,4,cohens_d_test,nan
cornell,BundleSheaf,false,2,2,epoch-0,0,5,degree,-0.024381223062245164
cornell,BundleSheaf,false,2,2,epoch-0,1,5,degree,0.5840193421479261
cornell,BundleSheaf,false,2,2,epoch-0,2,5,degree,0.31984848320019915
cornell,BundleSheaf,false,2,2,epoch-0,0,5,betweenness,-0.05660258565281834
cornell,BundleSheaf,false,2,2,epoch-0,1,5,betweenness,0.5423877347447895
cornell,BundleSheaf,false,2,2,epoch-0,2,5,betweenness,0.35910871121999693
cornell,BundleSheaf,false,2,2,epoch-0,0,5,confidence,-0.19136387489915646
cornell,BundleSheaf,false,2,2,epoch-0,1,5,confidence,-0.0854585542753754
cornell,BundleSheaf,false,2,2,epoch-0,2,5,confidence,-0.629165916051162
cornell,BundleSheaf,false,2,2,epoch-0,0,5,saliency,-0.02279064485051656
cornell,BundleSheaf,false,2,2,epoch-0,1,5,saliency,0.3129616285353991
cornell,BundleSheaf,false,2,2,epoch-0,2,5,saliency,0.8473776757810971
cornell,BundleSheaf,false,2,2,epoch-0,0,5,cohens_d_train,0.05342255
cornell,BundleSheaf,false,2,2,epoch-0,1,5,cohens_d_train,0.06551921
cornell,BundleSheaf,false,2,2,epoch-0,2,5,cohens_d_train,0.345322
cornell,BundleSheaf,false,2,2,epoch-0,0,5,cohens_d_test,1.1067985
cornell,BundleSheaf,false,2,2,epoch-0,1,5,cohens_d_test,0.028231304
cornell,BundleSheaf,false,2,2,epoch-0,2,5,cohens_d_test,0.6508623
cornell,BundleSheaf,false,2,2,epoch-0,0,6,degree,0.12768309360523558
cornell,BundleSheaf,false,2,2,epoch-0,1,6,degree,0.5079022282510385
cornell,BundleSheaf,false,2,2,epoch-0,2,6,degree,0.32990804072562924
cornell,BundleSheaf,false,2,2,epoch-0,0,6,betweenness,0.1370528973611067
cornell,BundleSheaf,false,2,2,epoch-0,1,6,betweenness,0.394591570418417
cornell,BundleSheaf,false,2,2,epoch-0,2,6,betweenness,0.3903575641224778
cornell,BundleSheaf,false,2,2,epoch-0,0,6,confidence,0.0805319057279143
cornell,BundleSheaf,false,2,2,epoch-0,1,6,confidence,0.06753385602280829
cornell,BundleSheaf,false,2,2,epoch-0,2,6,confidence,-0.3192060968254839
cornell,BundleSheaf,false,2,2,epoch-0,0,6,saliency,0.08531561097491248
cornell,BundleSheaf,false,2,2,epoch-0,1,6,saliency,0.19274239659129183
cornell,BundleSheaf,false,2,2,epoch-0,2,6,saliency,0.8668669178291417
cornell,BundleSheaf,false,2,2,epoch-0,0,6,cohens_d_train,0.37204465
cornell,BundleSheaf,false,2,2,epoch-0,1,6,cohens_d_train,0.15457484
cornell,BundleSheaf,false,2,2,epoch-0,2,6,cohens_d_train,0.11135876
cornell,BundleSheaf,false,2,2,epoch-0,0,6,cohens_d_test,0.18244956
cornell,BundleSheaf,false,2,2,epoch-0,1,6,cohens_d_test,0.49802604
cornell,BundleSheaf,false,2,2,epoch-0,2,6,cohens_d_test,1.091885
cornell,BundleSheaf,false,2,2,epoch-0,0,7,degree,-0.0407131624065434
cornell,BundleSheaf,false,2,2,epoch-0,1,7,degree,0.34347431824313546
cornell,BundleSheaf,false,2,2,epoch-0,2,7,degree,0.36313999577021
cornell,BundleSheaf,false,2,2,epoch-0,0,7,betweenness,-0.052990056023584975
cornell,BundleSheaf,false,2,2,epoch-0,1,7,betweenness,0.30253547016526927
cornell,BundleSheaf,false,2,2,epoch-0,2,7,betweenness,0.38742415233477123
cornell,BundleSheaf,false,2,2,epoch-0,0,7,confidence,0.0760360452092455
cornell,BundleSheaf,false,2,2,epoch-0,1,7,confidence,0.3613861192264614
cornell,BundleSheaf,false,2,2,epoch-0,2,7,confidence,-0.5129040595897333
cornell,BundleSheaf,false,2,2,epoch-0,0,7,saliency,-0.00046799244946073174
cornell,BundleSheaf,false,2,2,epoch-0,1,7,saliency,-0.186777940519922
cornell,BundleSheaf,false,2,2,epoch-0,2,7,saliency,0.8642606502549484
cornell,BundleSheaf,false,2,2,epoch-0,0,7,cohens_d_train,0.24662839
cornell,BundleSheaf,false,2,2,epoch-0,1,7,cohens_d_train,0.09656119
cornell,BundleSheaf,false,2,2,epoch-0,2,7,cohens_d_train,0.14141247
cornell,BundleSheaf,false,2,2,epoch-0,0,7,cohens_d_test,0.05609017
cornell,BundleSheaf,false,2,2,epoch-0,1,7,cohens_d_test,0.047065865
cornell,BundleSheaf,false,2,2,epoch-0,2,7,cohens_d_test,0.66475046
cornell,BundleSheaf,false,2,2,epoch-0,0,8,degree,-0.06237887813108343
cornell,BundleSheaf,false,2,2,epoch-0,1,8,degree,0.5186526894526657
cornell,BundleSheaf,false,2,2,epoch-0,2,8,degree,0.3700858807282451
cornell,BundleSheaf,false,2,2,epoch-0,0,8,betweenness,-0.05987346031856749
cornell,BundleSheaf,false,2,2,epoch-0,1,8,betweenness,0.44256160412577694
cornell,BundleSheaf,false,2,2,epoch-0,2,8,betweenness,0.37221945843836346
cornell,BundleSheaf,false,2,2,epoch-0,0,8,confidence,-0.11781856774729192
cornell,BundleSheaf,false,2,2,epoch-0,1,8,confidence,-0.05179638608006392
cornell,BundleSheaf,false,2,2,epoch-0,2,8,confidence,-0.5656932162634231
cornell,BundleSheaf,false,2,2,epoch-0,0,8,saliency,-0.1142391108535086
cornell,BundleSheaf,false,2,2,epoch-0,1,8,saliency,0.367597299350685
cornell,BundleSheaf,false,2,2,epoch-0,2,8,saliency,0.8682865601967528
cornell,BundleSheaf,false,2,2,epoch-0,0,8,cohens_d_train,0.40045303
cornell,BundleSheaf,false,2,2,epoch-0,1,8,cohens_d_train,0.23594145
cornell,BundleSheaf,false,2,2,epoch-0,2,8,cohens_d_train,0.17742422
cornell,BundleSheaf,false,2,2,epoch-0,0,8,cohens_d_test,0.71741456
cornell,BundleSheaf,false,2,2,epoch-0,1,8,cohens_d_test,0.26983514
cornell,BundleSheaf,false,2,2,epoch-0,2,8,cohens_d_test,0.4277625
cornell,BundleSheaf,false,2,2,epoch-0,0,9,degree,0.05448517568540607
cornell,BundleSheaf,false,2,2,epoch-0,1,9,degree,0.574759185764881
cornell,BundleSheaf,false,2,2,epoch-0,2,9,degree,0.3047693825220717
cornell,BundleSheaf,false,2,2,epoch-0,0,9,betweenness,0.0249869252742042
cornell,BundleSheaf,false,2,2,epoch-0,1,9,betweenness,0.45206506182171197
cornell,BundleSheaf,false,2,2,epoch-0,2,9,betweenness,0.30186788055870656
cornell,BundleSheaf,false,2,2,epoch-0,0,9,confidence,-0.13616817964644054
cornell,BundleSheaf,false,2,2,epoch-0,1,9,confidence,-0.2300760536683559
cornell,BundleSheaf,false,2,2,epoch-0,2,9,confidence,0.6324438213247907
cornell,BundleSheaf,false,2,2,epoch-0,0,9,saliency,-0.03729057827418484
cornell,BundleSheaf,false,2,2,epoch-0,1,9,saliency,-0.09758327915847517
cornell,BundleSheaf,false,2,2,epoch-0,2,9,saliency,0.8836676509520417
cornell,BundleSheaf,false,2,2,epoch-0,0,9,cohens_d_train,0.09776884
cornell,BundleSheaf,false,2,2,epoch-0,1,9,cohens_d_train,0.15977265
cornell,BundleSheaf,false,2,2,epoch-0,2,9,cohens_d_train,0.15348494
cornell,BundleSheaf,false,2,2,epoch-0,0,9,cohens_d_test,0.2404215
cornell,BundleSheaf,false,2,2,epoch-0,1,9,cohens_d_test,0.05972317
cornell,BundleSheaf,false,2,2,epoch-0,2,9,cohens_d_test,0.33898717
cornell,BundleSheaf,false,2,2,epoch-1,0,0,degree,-0.08615210595827512
cornell,BundleSheaf,false,2,2,epoch-1,1,0,degree,0.5568796221859013
cornell,BundleSheaf,false,2,2,epoch-1,2,0,degree,0.22820599602841085
cornell,BundleSheaf,false,2,2,epoch-1,0,0,betweenness,-0.06539129278097355
cornell,BundleSheaf,false,2,2,epoch-1,1,0,betweenness,0.5138060962044785
cornell,BundleSheaf,false,2,2,epoch-1,2,0,betweenness,0.2676531272063475
cornell,BundleSheaf,false,2,2,epoch-1,0,0,confidence,0.12717058422689215
cornell,BundleSheaf,false,2,2,epoch-1,1,0,confidence,0.0583952754302006
cornell,BundleSheaf,false,2,2,epoch-1,2,0,confidence,0.8011032089791892
cornell,BundleSheaf,false,2,2,epoch-1,0,0,saliency,0.10343127728224773
cornell,BundleSheaf,false,2,2,epoch-1,1,0,saliency,0.10575263845559768
cornell,BundleSheaf,false,2,2,epoch-1,2,0,saliency,0.8255723731586628
cornell,BundleSheaf,false,2,2,epoch-1,0,0,cohens_d_train,0.14368716
cornell,BundleSheaf,false,2,2,epoch-1,1,0,cohens_d_train,0.089934245
cornell,BundleSheaf,false,2,2,epoch-1,2,0,cohens_d_train,0.5659126
cornell,BundleSheaf,false,2,2,epoch-1,0,0,cohens_d_test,0.1387478
cornell,BundleSheaf,false,2,2,epoch-1,1,0,cohens_d_test,0.20597772
cornell,BundleSheaf,false,2,2,epoch-1,2,0,cohens_d_test,0.32576957
cornell,BundleSheaf,false,2,2,epoch-1,0,1,degree,-0.13155317775294123
cornell,BundleSheaf,false,2,2,epoch-1,1,1,degree,0.6004116715913288
cornell,BundleSheaf,false,2,2,epoch-1,2,1,degree,0.28421423048445593
cornell,BundleSheaf,false,2,2,epoch-1,0,1,betweenness,-0.12725284962018382
cornell,BundleSheaf,false,2,2,epoch-1,1,1,betweenness,0.5134801615614
cornell,BundleSheaf,false,2,2,epoch-1,2,1,betweenness,0.3442351920734696
cornell,BundleSheaf,false,2,2,epoch-1,0,1,confidence,0.18713431970737746
cornell,BundleSheaf,false,2,2,epoch-1,1,1,confidence,0.3484409389612526
cornell,BundleSheaf,false,2,2,epoch-1,2,1,confidence,0.8056441064281408
cornell,BundleSheaf,false,2,2,epoch-1,0,1,saliency,0.15958542526610955
cornell,BundleSheaf,false,2,2,epoch-1,1,1,saliency,0.43822108041637625
cornell,BundleSheaf,false,2,2,epoch-1,2,1,saliency,0.8998633227072287
cornell,BundleSheaf,false,2,2,epoch-1,0,1,cohens_d_train,0.24831587
cornell,BundleSheaf,false,2,2,epoch-1,1,1,cohens_d_train,0.12002505
cornell,BundleSheaf,false,2,2,epoch-1,2,1,cohens_d_train,0.31359574
cornell,BundleSheaf,false,2,2,epoch-1,0,1,cohens_d_test,0.16717339
cornell,BundleSheaf,false,2,2,epoch-1,1,1,cohens_d_test,0.18297207
cornell,BundleSheaf,false,2,2,epoch-1,2,1,cohens_d_test,0.20631722
cornell,BundleSheaf,false,2,2,epoch-1,0,2,degree,-0.14001598011560468
cornell,BundleSheaf,false,2,2,epoch-1,1,2,degree,0.3923329791017925
cornell,BundleSheaf,false,2,2,epoch-1,2,2,degree,0.3108360285795833
cornell,BundleSheaf,false,2,2,epoch-1,0,2,betweenness,-0.10492161047318511
cornell,BundleSheaf,false,2,2,epoch-1,1,2,betweenness,0.3487857008202439
cornell,BundleSheaf,false,2,2,epoch-1,2,2,betweenness,0.39181326579204695
cornell,BundleSheaf,false,2,2,epoch-1,0,2,confidence,0.2181980528381099
cornell,BundleSheaf,false,2,2,epoch-1,1,2,confidence,0.5954802503270074
cornell,BundleSheaf,false,2,2,epoch-1,2,2,confidence,0.9009951203465104
cornell,BundleSheaf,false,2,2,epoch-1,0,2,saliency,0.09264096559178528
cornell,BundleSheaf,false,2,2,epoch-1,1,2,saliency,0.5849044042201563
cornell,BundleSheaf,false,2,2,epoch-1,2,2,saliency,0.9250859617930183
cornell,BundleSheaf,false,2,2,epoch-1,0,2,cohens_d_train,0.22785024
cornell,BundleSheaf,false,2,2,epoch-1,1,2,cohens_d_train,0.45262825
cornell,BundleSheaf,false,2,2,epoch-1,2,2,cohens_d_train,0.8325638
cornell,BundleSheaf,false,2,2,epoch-1,0,2,cohens_d_test,0.4027151
cornell,BundleSheaf,false,2,2,epoch-1,1,2,cohens_d_test,0.11361653
cornell,BundleSheaf,false,2,2,epoch-1,2,2,cohens_d_test,0.68415153
cornell,BundleSheaf,false,2,2,epoch-1,0,3,degree,-0.0942075310422327
cornell,BundleSheaf,false,2,2,epoch-1,1,3,degree,0.4641736551332703
cornell,BundleSheaf,false,2,2,epoch-1,2,3,degree,0.3136497977734587
cornell,BundleSheaf,false,2,2,epoch-1,0,3,betweenness,-0.07458244011151506
cornell,BundleSheaf,false,2,2,epoch-1,1,3,betweenness,0.38513946576914065
cornell,BundleSheaf,false,2,2,epoch-1,2,3,betweenness,0.38117584898417967
cornell,BundleSheaf,false,2,2,epoch-1,0,3,confidence,-0.10627932295786895
cornell,BundleSheaf,false,2,2,epoch-1,1,3,confidence,0.33033413486015056
cornell,BundleSheaf,false,2,2,epoch-1,2,3,confidence,0.7649542189813039
cornell,BundleSheaf,false,2,2,epoch-1,0,3,saliency,0.1867818567747292
cornell,BundleSheaf,false,2,2,epoch-1,1,3,saliency,0.3775504609431909
cornell,BundleSheaf,false,2,2,epoch-1,2,3,saliency,0.8450181322597574
cornell,BundleSheaf,false,2,2,epoch-1,0,3,cohens_d_train,0.2870802
cornell,BundleSheaf,false,2,2,epoch-1,1,3,cohens_d_train,0.9705677
cornell,BundleSheaf,false,2,2,epoch-1,2,3,cohens_d_train,0.1522714
cornell,BundleSheaf,false,2,2,epoch-1,0,3,cohens_d_test,0.7785038
cornell,BundleSheaf,false,2,2,epoch-1,1,3,cohens_d_test,0.2536545
cornell,BundleSheaf,false,2,2,epoch-1,2,3,cohens_d_test,0.32454395
cornell,BundleSheaf,false,2,2,epoch-1,0,4,degree,-0.11267973644123935
cornell,BundleSheaf,false,2,2,epoch-1,1,4,degree,0.356338432913425
cornell,BundleSheaf,false,2,2,epoch-1,2,4,degree,0.2835059262712286
cornell,BundleSheaf,false,2,2,epoch-1,0,4,betweenness,-0.10100725069216202
cornell,BundleSheaf,false,2,2,epoch-1,1,4,betweenness,0.3567380869028151
cornell,BundleSheaf,false,2,2,epoch-1,2,4,betweenness,0.3507622691059225
cornell,BundleSheaf,false,2,2,epoch-1,0,4,confidence,0.08941984601286099
cornell,BundleSheaf,false,2,2,epoch-1,1,4,confidence,0.5046838407494146
cornell,BundleSheaf,false,2,2,epoch-1,2,4,confidence,0.8072869753197623
cornell,BundleSheaf,false,2,2,epoch-1,0,4,saliency,0.15422603056245257
cornell,BundleSheaf,false,2,2,epoch-1,1,4,saliency,0.5860127043305946
cornell,BundleSheaf,false,2,2,epoch-1,2,4,saliency,0.8851910740720436
cornell,BundleSheaf,false,2,2,epoch-1,0,4,cohens_d_train,0.08349439
cornell,BundleSheaf,false,2,2,epoch-1,1,4,cohens_d_train,1.685469
cornell,BundleSheaf,false,2,2,epoch-1,2,4,cohens_d_train,1.5189414
cornell,BundleSheaf,false,2,2,epoch-1,0,4,cohens_d_test,1.4674228
cornell,BundleSheaf,false,2,2,epoch-1,1,4,cohens_d_test,4.512241
cornell,BundleSheaf,false,2,2,epoch-1,2,4,cohens_d_test,0.37890592
cornell,BundleSheaf,false,2,2,epoch-1,0,5,degree,-0.05980052796761594
cornell,BundleSheaf,false,2,2,epoch-1,1,5,degree,0.6955383604131542
cornell,BundleSheaf,false,2,2,epoch-1,2,5,degree,0.29607730249501096
cornell,BundleSheaf,false,2,2,epoch-1,0,5,betweenness,-0.09525256540230985
cornell,BundleSheaf,false,2,2,epoch-1,1,5,betweenness,0.6093447714381723
cornell,BundleSheaf,false,2,2,epoch-1,2,5,betweenness,0.3475249311237056
cornell,BundleSheaf,false,2,2,epoch-1,0,5,confidence,0.21189092447110983
cornell,BundleSheaf,false,2,2,epoch-1,1,5,confidence,-0.026041136340494864
cornell,BundleSheaf,false,2,2,epoch-1,2,5,confidence,0.7313253389518537
cornell,BundleSheaf,false,2,2,epoch-1,0,5,saliency,0.07925912291557338
cornell,BundleSheaf,false,2,2,epoch-1,1,5,saliency,0.11771478699490105
cornell,BundleSheaf,false,2,2,epoch-1,2,5,saliency,0.9124540819123858
cornell,BundleSheaf,false,2,2,epoch-1,0,5,cohens_d_train,0.24610807
cornell,BundleSheaf,false,2,2,epoch-1,1,5,cohens_d_train,0.87838006
cornell,BundleSheaf,false,2,2,epoch-1,2,5,cohens_d_train,1.0388658
cornell,BundleSheaf,false,2,2,epoch-1,0,5,cohens_d_test,0.098906524
cornell,BundleSheaf,false,2,2,epoch-1,1,5,cohens_d_test,0.2121383
cornell,BundleSheaf,false,2,2,epoch-1,2,5,cohens_d_test,1.5349938
cornell,BundleSheaf,false,2,2,epoch-1,0,6,degree,-0.0838460230212794
cornell,BundleSheaf,false,2,2,epoch-1,1,6,degree,0.41699363431752184
cornell,BundleSheaf,false,2,2,epoch-1,2,6,degree,0.26817093534265785
cornell,BundleSheaf,false,2,2,epoch-1,0,6,betweenness,-0.058416710627637876
cornell,BundleSheaf,false,2,2,epoch-1,1,6,betweenness,0.3966415001993223
cornell,BundleSheaf,false,2,2,epoch-1,2,6,betweenness,0.3083582768435462
cornell,BundleSheaf,false,2,2,epoch-1,0,6,confidence,0.15580428124975523
cornell,BundleSheaf,false,2,2,epoch-1,1,6,confidence,0.24476984170498073
cornell,BundleSheaf,false,2,2,epoch-1,2,6,confidence,0.810329905304959
cornell,BundleSheaf,false,2,2,epoch-1,0,6,saliency,0.04003587289403398
cornell,BundleSheaf,false,2,2,epoch-1,1,6,saliency,0.3895381169080386
cornell,BundleSheaf,false,2,2,epoch-1,2,6,saliency,0.7712593892209003
cornell,BundleSheaf,false,2,2,epoch-1,0,6,cohens_d_train,0.5672792
cornell,BundleSheaf,false,2,2,epoch-1,1,6,cohens_d_train,0.5501205
cornell,BundleSheaf,false,2,2,epoch-1,2,6,cohens_d_train,0.52209705
cornell,BundleSheaf,false,2,2,epoch-1,0,6,cohens_d_test,0.072095886
cornell,BundleSheaf,false,2,2,epoch-1,1,6,cohens_d_test,0.41134164
cornell,BundleSheaf,false,2,2,epoch-1,2,6,cohens_d_test,0.6764966
cornell,BundleSheaf,false,2,2,epoch-1,0,7,degree,-0.14111016682650054
cornell,BundleSheaf,false,2,2,epoch-1,1,7,degree,0.34501068330679746
cornell,BundleSheaf,false,2,2,epoch-1,2,7,degree,0.2897824023341038
cornell,BundleSheaf,false,2,2,epoch-1,0,7,betweenness,-0.13777917616385074
cornell,BundleSheaf,false,2,2,epoch-1,1,7,betweenness,0.3003870263764882
cornell,BundleSheaf,false,2,2,epoch-1,2,7,betweenness,0.363586906492905
cornell,BundleSheaf,false,2,2,epoch-1,0,7,confidence,-0.05793119923554707
cornell,BundleSheaf,false,2,2,epoch-1,1,7,confidence,0.18391907451066397
cornell,BundleSheaf,false,2,2,epoch-1,2,7,confidence,0.744109952769967
cornell,BundleSheaf,false,2,2,epoch-1,0,7,saliency,0.051647568397390216
cornell,BundleSheaf,false,2,2,epoch-1,1,7,saliency,0.46019714426699465
cornell,BundleSheaf,false,2,2,epoch-1,2,7,saliency,0.8163746445998763
cornell,BundleSheaf,false,2,2,epoch-1,0,7,cohens_d_train,0.46427298
cornell,BundleSheaf,false,2,2,epoch-1,1,7,cohens_d_train,1.1435198
cornell,BundleSheaf,false,2,2,epoch-1,2,7,cohens_d_train,1.1062614
cornell,BundleSheaf,false,2,2,epoch-1,0,7,cohens_d_test,1.8632922
cornell,BundleSheaf,false,2,2,epoch-1,1,7,cohens_d_test,1.1881741
cornell,BundleSheaf,false,2,2,epoch-1,2,7,cohens_d_test,1.1345288
cornell,BundleSheaf,false,2,2,epoch-1,0,8,degree,-0.1254977908664491
cornell,BundleSheaf,false,2,2,epoch-1,1,8,degree,0.4210152054934899
cornell,BundleSheaf,false,2,2,epoch-1,2,8,degree,0.33033588922437057
cornell,BundleSheaf,false,2,2,epoch-1,0,8,betweenness,-0.09546216967438605
cornell,BundleSheaf,false,2,2,epoch-1,1,8,betweenness,0.36117645736402865
cornell,BundleSheaf,false,2,2,epoch-1,2,8,betweenness,0.4104387014087384
cornell,BundleSheaf,false,2,2,epoch-1,0,8,confidence,0.26707878721421136
cornell,BundleSheaf,false,2,2,epoch-1,1,8,confidence,0.22022471470083735
cornell,BundleSheaf,false,2,2,epoch-1,2,8,confidence,0.8308021273096114
cornell,BundleSheaf,false,2,2,epoch-1,0,8,saliency,0.17913928551847302
cornell,BundleSheaf,false,2,2,epoch-1,1,8,saliency,0.2359700171531961
cornell,BundleSheaf,false,2,2,epoch-1,2,8,saliency,0.8290868077040566
cornell,BundleSheaf,false,2,2,epoch-1,0,8,cohens_d_train,0.110697865
cornell,BundleSheaf,false,2,2,epoch-1,1,8,cohens_d_train,0.124663174
cornell,BundleSheaf,false,2,2,epoch-1,2,8,cohens_d_train,0.17870767
cornell,BundleSheaf,false,2,2,epoch-1,0,8,cohens_d_test,0.13697022
cornell,BundleSheaf,false,2,2,epoch-1,1,8,cohens_d_test,0.3325221
cornell,BundleSheaf,false,2,2,epoch-1,2,8,cohens_d_test,1.0269148
cornell,BundleSheaf,false,2,2,epoch-1,0,9,degree,-0.12898506319949146
cornell,BundleSheaf,false,2,2,epoch-1,1,9,degree,0.4822548602295995
cornell,BundleSheaf,false,2,2,epoch-1,2,9,degree,0.22554269030179616
cornell,BundleSheaf,false,2,2,epoch-1,0,9,betweenness,-0.09891540005684152
cornell,BundleSheaf,false,2,2,epoch-1,1,9,betweenness,0.43146410594070234
cornell,BundleSheaf,false,2,2,epoch-1,2,9,betweenness,0.26426173008415454
cornell,BundleSheaf,false,2,2,epoch-1,0,9,confidence,0.2129737689253014
cornell,BundleSheaf,false,2,2,epoch-1,1,9,confidence,0.2728513468000282
cornell,BundleSheaf,false,2,2,epoch-1,2,9,confidence,0.8400719024382604
cornell,BundleSheaf,false,2,2,epoch-1,0,9,saliency,0.02353864951869229
cornell,BundleSheaf,false,2,2,epoch-1,1,9,saliency,0.3730291447682752
cornell,BundleSheaf,false,2,2,epoch-1,2,9,saliency,0.815614891167279
cornell,BundleSheaf,false,2,2,epoch-1,0,9,cohens_d_train,0.6182025
cornell,BundleSheaf,false,2,2,epoch-1,1,9,cohens_d_train,0.6224855
cornell,BundleSheaf,false,2,2,epoch-1,2,9,cohens_d_train,0.5332243
cornell,BundleSheaf,false,2,2,epoch-1,0,9,cohens_d_test,0.73533076
cornell,BundleSheaf,false,2,2,epoch-1,1,9,cohens_d_test,0.44068918
cornell,BundleSheaf,false,2,2,epoch-1,2,9,cohens_d_test,1.1742766
cornell,BundleSheaf,false,2,2,epoch-5,0,0,degree,-0.13263201104881053
cornell,BundleSheaf,false,2,2,epoch-5,1,0,degree,0.41917074856829406
cornell,BundleSheaf,false,2,2,epoch-5,2,0,degree,0.2246562864742603
cornell,BundleSheaf,false,2,2,epoch-5,0,0,betweenness,-0.11931199177257684
cornell,BundleSheaf,false,2,2,epoch-5,1,0,betweenness,0.388774003846942
cornell,BundleSheaf,false,2,2,epoch-5,2,0,betweenness,0.2903406936158757
cornell,BundleSheaf,false,2,2,epoch-5,0,0,confidence,0.2335811017208024
cornell,BundleSheaf,false,2,2,epoch-5,1,0,confidence,0.7267198232985833
cornell,BundleSheaf,false,2,2,epoch-5,2,0,confidence,0.751832807249771
cornell,BundleSheaf,false,2,2,epoch-5,0,0,saliency,0.1864705145175566
cornell,BundleSheaf,false,2,2,epoch-5,1,0,saliency,0.49869588714920154
cornell,BundleSheaf,false,2,2,epoch-5,2,0,saliency,0.8420750667721446
cornell,BundleSheaf,false,2,2,epoch-5,0,0,cohens_d_train,0.6362076
cornell,BundleSheaf,false,2,2,epoch-5,1,0,cohens_d_train,0.18747462
cornell,BundleSheaf,false,2,2,epoch-5,2,0,cohens_d_train,0.92642474
cornell,BundleSheaf,false,2,2,epoch-5,0,0,cohens_d_test,0.381931
cornell,BundleSheaf,false,2,2,epoch-5,1,0,cohens_d_test,0.65756345
cornell,BundleSheaf,false,2,2,epoch-5,2,0,cohens_d_test,0.6105645
cornell,BundleSheaf,false,2,2,epoch-5,0,1,degree,-0.11579647969163971
cornell,BundleSheaf,false,2,2,epoch-5,1,1,degree,0.5995365269348125
cornell,BundleSheaf,false,2,2,epoch-5,2,1,degree,0.3363196268407386
cornell,BundleSheaf,false,2,2,epoch-5,0,1,betweenness,-0.10114768555445308
cornell,BundleSheaf,false,2,2,epoch-5,1,1,betweenness,0.5173232558899172
cornell,BundleSheaf,false,2,2,epoch-5,2,1,betweenness,0.39672953399359434
cornell,BundleSheaf,false,2,2,epoch-5,0,1,confidence,0.0749081638247711
cornell,BundleSheaf,false,2,2,epoch-5,1,1,confidence,0.39092838736459556
cornell,BundleSheaf,false,2,2,epoch-5,2,1,confidence,0.8509688814393022
cornell,BundleSheaf,false,2,2,epoch-5,0,1,saliency,0.16064673031886148
cornell,BundleSheaf,false,2,2,epoch-5,1,1,saliency,0.4302025486986286
cornell,BundleSheaf,false,2,2,epoch-5,2,1,saliency,0.8922090026865509
cornell,BundleSheaf,false,2,2,epoch-5,0,1,cohens_d_train,0.21125561
cornell,BundleSheaf,false,2,2,epoch-5,1,1,cohens_d_train,0.33369663
cornell,BundleSheaf,false,2,2,epoch-5,2,1,cohens_d_train,0.71149874
cornell,BundleSheaf,false,2,2,epoch-5,0,1,cohens_d_test,0.20397057
cornell,BundleSheaf,false,2,2,epoch-5,1,1,cohens_d_test,0.2483725
cornell,BundleSheaf,false,2,2,epoch-5,2,1,cohens_d_test,0.27685425
cornell,BundleSheaf,false,2,2,epoch-5,0,2,degree,-0.17061124201961683
cornell,BundleSheaf,false,2,2,epoch-5,1,2,degree,0.4504466785384857
cornell,BundleSheaf,false,2,2,epoch-5,2,2,degree,0.2807167225413958
cornell,BundleSheaf,false,2,2,epoch-5,0,2,betweenness,-0.11921662182878219
cornell,BundleSheaf,false,2,2,epoch-5,1,2,betweenness,0.4321421757608689
cornell,BundleSheaf,false,2,2,epoch-5,2,2,betweenness,0.32507736160570455
cornell,BundleSheaf,false,2,2,epoch-5,0,2,confidence,0.13292747879348024
cornell,BundleSheaf,false,2,2,epoch-5,1,2,confidence,0.7510926350912096
cornell,BundleSheaf,false,2,2,epoch-5,2,2,confidence,0.8859899900527128
cornell,BundleSheaf,false,2,2,epoch-5,0,2,saliency,0.08050449194426387
cornell,BundleSheaf,false,2,2,epoch-5,1,2,saliency,0.7661858811181692
cornell,BundleSheaf,false,2,2,epoch-5,2,2,saliency,0.8520419352564756
cornell,BundleSheaf,false,2,2,epoch-5,0,2,cohens_d_train,0.12938918
cornell,BundleSheaf,false,2,2,epoch-5,1,2,cohens_d_train,0.32654762
cornell,BundleSheaf,false,2,2,epoch-5,2,2,cohens_d_train,0.0103260875
cornell,BundleSheaf,false,2,2,epoch-5,0,2,cohens_d_test,0.36225945
cornell,BundleSheaf,false,2,2,epoch-5,1,2,cohens_d_test,0.019102503
cornell,BundleSheaf,false,2,2,epoch-5,2,2,cohens_d_test,0.08468324
cornell,BundleSheaf,false,2,2,epoch-5,0,3,degree,-0.14369670547798222
cornell,BundleSheaf,false,2,2,epoch-5,1,3,degree,0.5736291744189231
cornell,BundleSheaf,false,2,2,epoch-5,2,3,degree,0.07192460803362324
cornell,BundleSheaf,false,2,2,epoch-5,0,3,betweenness,-0.0980382061782026
cornell,BundleSheaf,false,2,2,epoch-5,1,3,betweenness,0.5160844946419468
cornell,BundleSheaf,false,2,2,epoch-5,2,3,betweenness,0.06352581475949533
cornell,BundleSheaf,false,2,2,epoch-5,0,3,confidence,0.21831358235492238
cornell,BundleSheaf,false,2,2,epoch-5,1,3,confidence,0.6533311663390068
cornell,BundleSheaf,false,2,2,epoch-5,2,3,confidence,0.8887098290163152
cornell,BundleSheaf,false,2,2,epoch-5,0,3,saliency,0.1857851699262961
cornell,BundleSheaf,false,2,2,epoch-5,1,3,saliency,0.5877848096308539
cornell,BundleSheaf,false,2,2,epoch-5,2,3,saliency,0.8574561575274335
cornell,BundleSheaf,false,2,2,epoch-5,0,3,cohens_d_train,0.2910644
cornell,BundleSheaf,false,2,2,epoch-5,1,3,cohens_d_train,0.49855968
cornell,BundleSheaf,false,2,2,epoch-5,2,3,cohens_d_train,0.04885204
cornell,BundleSheaf,false,2,2,epoch-5,0,3,cohens_d_test,0.7350336
cornell,BundleSheaf,false,2,2,epoch-5,1,3,cohens_d_test,0.6945085
cornell,BundleSheaf,false,2,2,epoch-5,2,3,cohens_d_test,1.2182624
cornell,BundleSheaf,false,2,2,epoch-5,0,4,degree,-0.11173703675860595
cornell,BundleSheaf,false,2,2,epoch-5,1,4,degree,0.3504652398852485
cornell,BundleSheaf,false,2,2,epoch-5,2,4,degree,0.1617625571592848
cornell,BundleSheaf,false,2,2,epoch-5,0,4,betweenness,-0.08402511256854801
cornell,BundleSheaf,false,2,2,epoch-5,1,4,betweenness,0.3684078047506577
cornell,BundleSheaf,false,2,2,epoch-5,2,4,betweenness,0.14771861074570433
cornell,BundleSheaf,false,2,2,epoch-5,0,4,confidence,0.22446993491184514
cornell,BundleSheaf,false,2,2,epoch-5,1,4,confidence,0.7411473060083181
cornell,BundleSheaf,false,2,2,epoch-5,2,4,confidence,0.8319202180570678
cornell,BundleSheaf,false,2,2,epoch-5,0,4,saliency,-0.013495414065620766
cornell,BundleSheaf,false,2,2,epoch-5,1,4,saliency,0.695331041018853
cornell,BundleSheaf,false,2,2,epoch-5,2,4,saliency,0.6602002772708405
cornell,BundleSheaf,false,2,2,epoch-5,0,4,cohens_d_train,0.242712
cornell,BundleSheaf,false,2,2,epoch-5,1,4,cohens_d_train,0.2307111
cornell,BundleSheaf,false,2,2,epoch-5,2,4,cohens_d_train,0.18250675
cornell,BundleSheaf,false,2,2,epoch-5,0,4,cohens_d_test,0.66287416
cornell,BundleSheaf,false,2,2,epoch-5,1,4,cohens_d_test,0.59285223
cornell,BundleSheaf,false,2,2,epoch-5,2,4,cohens_d_test,0.88782686
cornell,BundleSheaf,false,2,2,epoch-5,0,5,degree,-0.1129601921557253
cornell,BundleSheaf,false,2,2,epoch-5,1,5,degree,0.6879957393910852
cornell,BundleSheaf,false,2,2,epoch-5,2,5,degree,0.3280195706773571
cornell,BundleSheaf,false,2,2,epoch-5,0,5,betweenness,-0.09663280953393165
cornell,BundleSheaf,false,2,2,epoch-5,1,5,betweenness,0.6028019740853137
cornell,BundleSheaf,false,2,2,epoch-5,2,5,betweenness,0.38306333545422583
cornell,BundleSheaf,false,2,2,epoch-5,0,5,confidence,0.08295998370838002
cornell,BundleSheaf,false,2,2,epoch-5,1,5,confidence,-0.03501719235860363
cornell,BundleSheaf,false,2,2,epoch-5,2,5,confidence,0.6091734352603918
cornell,BundleSheaf,false,2,2,epoch-5,0,5,saliency,0.011126079907263088
cornell,BundleSheaf,false,2,2,epoch-5,1,5,saliency,0.23926554557345725
cornell,BundleSheaf,false,2,2,epoch-5,2,5,saliency,0.845811173858216
cornell,BundleSheaf,false,2,2,epoch-5,0,5,cohens_d_train,0.10475799
cornell,BundleSheaf,false,2,2,epoch-5,1,5,cohens_d_train,0.54501164
cornell,BundleSheaf,false,2,2,epoch-5,2,5,cohens_d_train,0.4958535
cornell,BundleSheaf,false,2,2,epoch-5,0,5,cohens_d_test,0.11620424
cornell,BundleSheaf,false,2,2,epoch-5,1,5,cohens_d_test,0.13295226
cornell,BundleSheaf,false,2,2,epoch-5,2,5,cohens_d_test,0.27077246
cornell,BundleSheaf,false,2,2,epoch-5,0,6,degree,-0.07822769668254455
cornell,BundleSheaf,false,2,2,epoch-5,1,6,degree,0.3937956477733268
cornell,BundleSheaf,false,2,2,epoch-5,2,6,degree,0.0762512003881199
cornell,BundleSheaf,false,2,2,epoch-5,0,6,betweenness,-0.07491780694683699
cornell,BundleSheaf,false,2,2,epoch-5,1,6,betweenness,0.3716042698998198
cornell,BundleSheaf,false,2,2,epoch-5,2,6,betweenness,0.09257067874109484
cornell,BundleSheaf,false,2,2,epoch-5,0,6,confidence,0.12219498249434103
cornell,BundleSheaf,false,2,2,epoch-5,1,6,confidence,0.387934410564489
cornell,BundleSheaf,false,2,2,epoch-5,2,6,confidence,0.883554079562633
cornell,BundleSheaf,false,2,2,epoch-5,0,6,saliency,0.05679744346886187
cornell,BundleSheaf,false,2,2,epoch-5,1,6,saliency,0.42299272359856827
cornell,BundleSheaf,false,2,2,epoch-5,2,6,saliency,0.8790210146232955
cornell,BundleSheaf,false,2,2,epoch-5,0,6,cohens_d_train,0.4472519
cornell,BundleSheaf,false,2,2,epoch-5,1,6,cohens_d_train,0.24837144
cornell,BundleSheaf,false,2,2,epoch-5,2,6,cohens_d_train,0.20737644
cornell,BundleSheaf,false,2,2,epoch-5,0,6,cohens_d_test,0.0010916939
cornell,BundleSheaf,false,2,2,epoch-5,1,6,cohens_d_test,0.90398663
cornell,BundleSheaf,false,2,2,epoch-5,2,6,cohens_d_test,1.0856396
cornell,BundleSheaf,false,2,2,epoch-5,0,7,degree,-0.09131085340721364
cornell,BundleSheaf,false,2,2,epoch-5,1,7,degree,0.41589125911861174
cornell,BundleSheaf,false,2,2,epoch-5,2,7,degree,0.03153079665963318
cornell,BundleSheaf,false,2,2,epoch-5,0,7,betweenness,-0.07601298926843515
cornell,BundleSheaf,false,2,2,epoch-5,1,7,betweenness,0.40918841192580385
cornell,BundleSheaf,false,2,2,epoch-5,2,7,betweenness,0.0482792000086723
cornell,BundleSheaf,false,2,2,epoch-5,0,7,confidence,0.05003899123101767
cornell,BundleSheaf,false,2,2,epoch-5,1,7,confidence,0.40190780446330815
cornell,BundleSheaf,false,2,2,epoch-5,2,7,confidence,0.8531633808457887
cornell,BundleSheaf,false,2,2,epoch-5,0,7,saliency,0.08147963939125735
cornell,BundleSheaf,false,2,2,epoch-5,1,7,saliency,0.4437958691344294
cornell,BundleSheaf,false,2,2,epoch-5,2,7,saliency,0.8649048741707333
cornell,BundleSheaf,false,2,2,epoch-5,0,7,cohens_d_train,0.17772883
cornell,BundleSheaf,false,2,2,epoch-5,1,7,cohens_d_train,0.34415072
cornell,BundleSheaf,false,2,2,epoch-5,2,7,cohens_d_train,0.30363825
cornell,BundleSheaf,false,2,2,epoch-5,0,7,cohens_d_test,0.5508949
cornell,BundleSheaf,false,2,2,epoch-5,1,7,cohens_d_test,0.9338509
cornell,BundleSheaf,false,2,2,epoch-5,2,7,cohens_d_test,0.8810736
cornell,BundleSheaf,false,2,2,epoch-5,0,8,degree,-0.1550879158667197
cornell,BundleSheaf,false,2,2,epoch-5,1,8,degree,0.4044427293137749
cornell,BundleSheaf,false,2,2,epoch-5,2,8,degree,0.33407393400284746
cornell,BundleSheaf,false,2,2,epoch-5,0,8,betweenness,-0.12750751881075642
cornell,BundleSheaf,false,2,2,epoch-5,1,8,betweenness,0.41234086017782995
cornell,BundleSheaf,false,2,2,epoch-5,2,8,betweenness,0.40981617672067205
cornell,BundleSheaf,false,2,2,epoch-5,0,8,confidence,0.3410587986496754
cornell,BundleSheaf,false,2,2,epoch-5,1,8,confidence,0.5477998480493136
cornell,BundleSheaf,false,2,2,epoch-5,2,8,confidence,0.542409123307199
cornell,BundleSheaf,false,2,2,epoch-5,0,8,saliency,0.16243058438354233
cornell,BundleSheaf,false,2,2,epoch-5,1,8,saliency,0.6899579394233708
cornell,BundleSheaf,false,2,2,epoch-5,2,8,saliency,0.8707675076171157
cornell,BundleSheaf,false,2,2,epoch-5,0,8,cohens_d_train,0.27881253
cornell,BundleSheaf,false,2,2,epoch-5,1,8,cohens_d_train,0.18475458
cornell,BundleSheaf,false,2,2,epoch-5,2,8,cohens_d_train,0.20561877
cornell,BundleSheaf,false,2,2,epoch-5,0,8,cohens_d_test,0.18315797
cornell,BundleSheaf,false,2,2,epoch-5,1,8,cohens_d_test,0.1904588
cornell,BundleSheaf,false,2,2,epoch-5,2,8,cohens_d_test,0.76899725
cornell,BundleSheaf,false,2,2,epoch-5,0,9,degree,-0.13243855801947532
cornell,BundleSheaf,false,2,2,epoch-5,1,9,degree,0.47609302299892287
cornell,BundleSheaf,false,2,2,epoch-5,2,9,degree,0.37218520434288255
cornell,BundleSheaf,false,2,2,epoch-5,0,9,betweenness,-0.09866387493035007
cornell,BundleSheaf,false,2,2,epoch-5,1,9,betweenness,0.4714628891810042
cornell,BundleSheaf,false,2,2,epoch-5,2,9,betweenness,0.4161514658441753
cornell,BundleSheaf,false,2,2,epoch-5,0,9,confidence,0.1315959521590313
cornell,BundleSheaf,false,2,2,epoch-5,1,9,confidence,0.3803290437289012
cornell,BundleSheaf,false,2,2,epoch-5,2,9,confidence,0.26470553680104647
cornell,BundleSheaf,false,2,2,epoch-5,0,9,saliency,0.17667204498993525
cornell,BundleSheaf,false,2,2,epoch-5,1,9,saliency,0.6747374151151772
cornell,BundleSheaf,false,2,2,epoch-5,2,9,saliency,0.8855983645719927
cornell,BundleSheaf,false,2,2,epoch-5,0,9,cohens_d_train,0.015584355
cornell,BundleSheaf,false,2,2,epoch-5,1,9,cohens_d_train,0.21829766
cornell,BundleSheaf,false,2,2,epoch-5,2,9,cohens_d_train,0.2424267
cornell,BundleSheaf,false,2,2,epoch-5,0,9,cohens_d_test,0.06285666
cornell,BundleSheaf,false,2,2,epoch-5,1,9,cohens_d_test,0.3010663
cornell,BundleSheaf,false,2,2,epoch-5,2,9,cohens_d_test,0.3677337
cornell,BundleSheaf,false,2,2,epoch-15,0,0,degree,-0.12351105896200672
cornell,BundleSheaf,false,2,2,epoch-15,1,0,degree,0.325335793730707
cornell,BundleSheaf,false,2,2,epoch-15,2,0,degree,0.2687257054056191
cornell,BundleSheaf,false,2,2,epoch-15,0,0,betweenness,-0.11326910060861992
cornell,BundleSheaf,false,2,2,epoch-15,1,0,betweenness,0.3215507697280224
cornell,BundleSheaf,false,2,2,epoch-15,2,0,betweenness,0.32787033853112
cornell,BundleSheaf,false,2,2,epoch-15,0,0,confidence,0.21240787010566062
cornell,BundleSheaf,false,2,2,epoch-15,1,0,confidence,0.7293672115482522
cornell,BundleSheaf,false,2,2,epoch-15,2,0,confidence,0.8554608257031636
cornell,BundleSheaf,false,2,2,epoch-15,0,0,saliency,0.27948939869823697
cornell,BundleSheaf,false,2,2,epoch-15,1,0,saliency,0.7078650145293055
cornell,BundleSheaf,false,2,2,epoch-15,2,0,saliency,0.7864074628151607
cornell,BundleSheaf,false,2,2,epoch-15,0,0,cohens_d_train,0.09706924
cornell,BundleSheaf,false,2,2,epoch-15,1,0,cohens_d_train,0.2007279
cornell,BundleSheaf,false,2,2,epoch-15,2,0,cohens_d_train,0.9379772
cornell,BundleSheaf,false,2,2,epoch-15,0,0,cohens_d_test,0.41954607
cornell,BundleSheaf,false,2,2,epoch-15,1,0,cohens_d_test,0.68399364
cornell,BundleSheaf,false,2,2,epoch-15,2,0,cohens_d_test,0.9161144
cornell,BundleSheaf,false,2,2,epoch-15,0,1,degree,-0.10563558962703401
cornell,BundleSheaf,false,2,2,epoch-15,1,1,degree,0.5002337092257513
cornell,BundleSheaf,false,2,2,epoch-15,2,1,degree,0.03170377846893291
cornell,BundleSheaf,false,2,2,epoch-15,0,1,betweenness,-0.07696773672774225
cornell,BundleSheaf,false,2,2,epoch-15,1,1,betweenness,0.4689685983432974
cornell,BundleSheaf,false,2,2,epoch-15,2,1,betweenness,-2.096042720762034e-06
cornell,BundleSheaf,false,2,2,epoch-15,0,1,confidence,0.3176493855396208
cornell,BundleSheaf,false,2,2,epoch-15,1,1,confidence,0.5079030022009353
cornell,BundleSheaf,false,2,2,epoch-15,2,1,confidence,0.8289673619324368
cornell,BundleSheaf,false,2,2,epoch-15,0,1,saliency,0.22995073351452539
cornell,BundleSheaf,false,2,2,epoch-15,1,1,saliency,0.4919951751740776
cornell,BundleSheaf,false,2,2,epoch-15,2,1,saliency,0.8288753299444677
cornell,BundleSheaf,false,2,2,epoch-15,0,1,cohens_d_train,0.033027053
cornell,BundleSheaf,false,2,2,epoch-15,1,1,cohens_d_train,0.29376483
cornell,BundleSheaf,false,2,2,epoch-15,2,1,cohens_d_train,0.8030029
cornell,BundleSheaf,false,2,2,epoch-15,0,1,cohens_d_test,0.31300706
cornell,BundleSheaf,false,2,2,epoch-15,1,1,cohens_d_test,0.25230822
cornell,BundleSheaf,false,2,2,epoch-15,2,1,cohens_d_test,0.27097505
cornell,BundleSheaf,false,2,2,epoch-15,0,2,degree,-0.13718071614069202
cornell,BundleSheaf,false,2,2,epoch-15,1,2,degree,0.4860318003261438
cornell,BundleSheaf,false,2,2,epoch-15,2,2,degree,0.2625178079298627
cornell,BundleSheaf,false,2,2,epoch-15,0,2,betweenness,-0.10417227520051268
cornell,BundleSheaf,false,2,2,epoch-15,1,2,betweenness,0.4726429612327933
cornell,BundleSheaf,false,2,2,epoch-15,2,2,betweenness,0.31172242541036926
cornell,BundleSheaf,false,2,2,epoch-15,0,2,confidence,0.2173482255449469
cornell,BundleSheaf,false,2,2,epoch-15,1,2,confidence,0.6845456752798166
cornell,BundleSheaf,false,2,2,epoch-15,2,2,confidence,0.757993076061501
cornell,BundleSheaf,false,2,2,epoch-15,0,2,saliency,-0.05493330618063335
cornell,BundleSheaf,false,2,2,epoch-15,1,2,saliency,0.7066705568131085
cornell,BundleSheaf,false,2,2,epoch-15,2,2,saliency,0.5779295544085281
cornell,BundleSheaf,false,2,2,epoch-15,0,2,cohens_d_train,0.3225077
cornell,BundleSheaf,false,2,2,epoch-15,1,2,cohens_d_train,0.2383311
cornell,BundleSheaf,false,2,2,epoch-15,2,2,cohens_d_train,0.0298975
cornell,BundleSheaf,false,2,2,epoch-15,0,2,cohens_d_test,0.22122876
cornell,BundleSheaf,false,2,2,epoch-15,1,2,cohens_d_test,0.14131911
cornell,BundleSheaf,false,2,2,epoch-15,2,2,cohens_d_test,0.1575618
cornell,BundleSheaf,false,2,2,epoch-15,0,3,degree,-0.19844288921884054
cornell,BundleSheaf,false,2,2,epoch-15,1,3,degree,0.4797645363122845
cornell,BundleSheaf,false,2,2,epoch-15,2,3,degree,0.06570545138684736
cornell,BundleSheaf,false,2,2,epoch-15,0,3,betweenness,-0.14597260715930957
cornell,BundleSheaf,false,2,2,epoch-15,1,3,betweenness,0.48111621393147375
cornell,BundleSheaf,false,2,2,epoch-15,2,3,betweenness,0.06347550973419705
cornell,BundleSheaf,false,2,2,epoch-15,0,3,confidence,0.18057067665050563
cornell,BundleSheaf,false,2,2,epoch-15,1,3,confidence,0.771020497677661
cornell,BundleSheaf,false,2,2,epoch-15,2,3,confidence,0.8761347348303871
cornell,BundleSheaf,false,2,2,epoch-15,0,3,saliency,0.2248752672843906
cornell,BundleSheaf,false,2,2,epoch-15,1,3,saliency,0.6845848378278886
cornell,BundleSheaf,false,2,2,epoch-15,2,3,saliency,0.8901862570786307
cornell,BundleSheaf,false,2,2,epoch-15,0,3,cohens_d_train,0.3462601
cornell,BundleSheaf,false,2,2,epoch-15,1,3,cohens_d_train,0.45438588
cornell,BundleSheaf,false,2,2,epoch-15,2,3,cohens_d_train,0.026775118
cornell,BundleSheaf,false,2,2,epoch-15,0,3,cohens_d_test,0.24188745
cornell,BundleSheaf,false,2,2,epoch-15,1,3,cohens_d_test,0.42262265
cornell,BundleSheaf,false,2,2,epoch-15,2,3,cohens_d_test,0.32027835
cornell,BundleSheaf,false,2,2,epoch-15,0,4,degree,-0.1292430005719384
cornell,BundleSheaf,false,2,2,epoch-15,1,4,degree,0.42933470931590506
cornell,BundleSheaf,false,2,2,epoch-15,2,4,degree,0.3077581806472503
cornell,BundleSheaf,false,2,2,epoch-15,0,4,betweenness,-0.09013298105684858
cornell,BundleSheaf,false,2,2,epoch-15,1,4,betweenness,0.4381976431811504
cornell,BundleSheaf,false,2,2,epoch-15,2,4,betweenness,0.3850273274835798
cornell,BundleSheaf,false,2,2,epoch-15,0,4,confidence,0.29488419634535107
cornell,BundleSheaf,false,2,2,epoch-15,1,4,confidence,0.7186503802683419
cornell,BundleSheaf,false,2,2,epoch-15,2,4,confidence,0.8372267433208276
cornell,BundleSheaf,false,2,2,epoch-15,0,4,saliency,-0.10203801900166835
cornell,BundleSheaf,false,2,2,epoch-15,1,4,saliency,0.47900691610598956
cornell,BundleSheaf,false,2,2,epoch-15,2,4,saliency,0.39805401298630105
cornell,BundleSheaf,false,2,2,epoch-15,0,4,cohens_d_train,0.4957342
cornell,BundleSheaf,false,2,2,epoch-15,1,4,cohens_d_train,0.21332839
cornell,BundleSheaf,false,2,2,epoch-15,2,4,cohens_d_train,0.1782143
cornell,BundleSheaf,false,2,2,epoch-15,0,4,cohens_d_test,0.4429137
cornell,BundleSheaf,false,2,2,epoch-15,1,4,cohens_d_test,0.17946793
cornell,BundleSheaf,false,2,2,epoch-15,2,4,cohens_d_test,0.49447003
cornell,BundleSheaf,false,2,2,epoch-15,0,5,degree,-0.10627122100913537
cornell,BundleSheaf,false,2,2,epoch-15,1,5,degree,0.5707652507359608
cornell,BundleSheaf,false,2,2,epoch-15,2,5,degree,0.3367280276804462
cornell,BundleSheaf,false,2,2,epoch-15,0,5,betweenness,-0.0685133484135486
cornell,BundleSheaf,false,2,2,epoch-15,1,5,betweenness,0.5499670252230651
cornell,BundleSheaf,false,2,2,epoch-15,2,5,betweenness,0.40523632337580706
cornell,BundleSheaf,false,2,2,epoch-15,0,5,confidence,0.10905203136136851
cornell,BundleSheaf,false,2,2,epoch-15,1,5,confidence,0.47828045083925347
cornell,BundleSheaf,false,2,2,epoch-15,2,5,confidence,0.6757928457857183
cornell,BundleSheaf,false,2,2,epoch-15,0,5,saliency,0.13305867332952154
cornell,BundleSheaf,false,2,2,epoch-15,1,5,saliency,0.559464412992567
cornell,BundleSheaf,false,2,2,epoch-15,2,5,saliency,0.871051436090638
cornell,BundleSheaf,false,2,2,epoch-15,0,5,cohens_d_train,0.26578027
cornell,BundleSheaf,false,2,2,epoch-15,1,5,cohens_d_train,0.5944417
cornell,BundleSheaf,false,2,2,epoch-15,2,5,cohens_d_train,0.40377817
cornell,BundleSheaf,false,2,2,epoch-15,0,5,cohens_d_test,0.102905415
cornell,BundleSheaf,false,2,2,epoch-15,1,5,cohens_d_test,0.41576362
cornell,BundleSheaf,false,2,2,epoch-15,2,5,cohens_d_test,0.88468486
cornell,BundleSheaf,false,2,2,epoch-15,0,6,degree,-0.10171535099024145
cornell,BundleSheaf,false,2,2,epoch-15,1,6,degree,0.367568944224884
cornell,BundleSheaf,false,2,2,epoch-15,2,6,degree,0.27153435679448557
cornell,BundleSheaf,false,2,2,epoch-15,0,6,betweenness,-0.09585622570588932
cornell,BundleSheaf,false,2,2,epoch-15,1,6,betweenness,0.40348822374669147
cornell,BundleSheaf,false,2,2,epoch-15,2,6,betweenness,0.32910595571500917
cornell,BundleSheaf,false,2,2,epoch-15,0,6,confidence,0.234722689997102
cornell,BundleSheaf,false,2,2,epoch-15,1,6,confidence,0.5731478072889336
cornell,BundleSheaf,false,2,2,epoch-15,2,6,confidence,0.6567755124419417
cornell,BundleSheaf,false,2,2,epoch-15,0,6,saliency,0.2121591879254032
cornell,BundleSheaf,false,2,2,epoch-15,1,6,saliency,0.7280807218440862
cornell,BundleSheaf,false,2,2,epoch-15,2,6,saliency,0.8453588464279841
cornell,BundleSheaf,false,2,2,epoch-15,0,6,cohens_d_train,0.49390218
cornell,BundleSheaf,false,2,2,epoch-15,1,6,cohens_d_train,0.22059543
cornell,BundleSheaf,false,2,2,epoch-15,2,6,cohens_d_train,0.18663396
cornell,BundleSheaf,false,2,2,epoch-15,0,6,cohens_d_test,0.116761655
cornell,BundleSheaf,false,2,2,epoch-15,1,6,cohens_d_test,0.44295716
cornell,BundleSheaf,false,2,2,epoch-15,2,6,cohens_d_test,0.38828832
cornell,BundleSheaf,false,2,2,epoch-15,0,7,degree,-0.10858549243414528
cornell,BundleSheaf,false,2,2,epoch-15,1,7,degree,0.4233038878934555
cornell,BundleSheaf,false,2,2,epoch-15,2,7,degree,0.298070175765464
cornell,BundleSheaf,false,2,2,epoch-15,0,7,betweenness,-0.08766174668907016
cornell,BundleSheaf,false,2,2,epoch-15,1,7,betweenness,0.43167790229822006
cornell,BundleSheaf,false,2,2,epoch-15,2,7,betweenness,0.3634663840364612
cornell,BundleSheaf,false,2,2,epoch-15,0,7,confidence,0.11079868100538096
cornell,BundleSheaf,false,2,2,epoch-15,1,7,confidence,0.6468575971427005
cornell,BundleSheaf,false,2,2,epoch-15,2,7,confidence,0.7187502447659255
cornell,BundleSheaf,false,2,2,epoch-15,0,7,saliency,0.30719298520438937
cornell,BundleSheaf,false,2,2,epoch-15,1,7,saliency,0.7676172722502018
cornell,BundleSheaf,false,2,2,epoch-15,2,7,saliency,0.8357405246214941
cornell,BundleSheaf,false,2,2,epoch-15,0,7,cohens_d_train,0.32229376
cornell,BundleSheaf,false,2,2,epoch-15,1,7,cohens_d_train,0.18995424
cornell,BundleSheaf,false,2,2,epoch-15,2,7,cohens_d_train,0.18541834
cornell,BundleSheaf,false,2,2,epoch-15,0,7,cohens_d_test,1.0148906
cornell,BundleSheaf,false,2,2,epoch-15,1,7,cohens_d_test,0.020702234
cornell,BundleSheaf,false,2,2,epoch-15,2,7,cohens_d_test,0.089974746
cornell,BundleSheaf,false,2,2,epoch-15,0,8,degree,-0.14970603211939457
cornell,BundleSheaf,false,2,2,epoch-15,1,8,degree,0.3506996353546547
cornell,BundleSheaf,false,2,2,epoch-15,2,8,degree,0.118583636299469
cornell,BundleSheaf,false,2,2,epoch-15,0,8,betweenness,-0.11171069284573333
cornell,BundleSheaf,false,2,2,epoch-15,1,8,betweenness,0.36640608395233
cornell,BundleSheaf,false,2,2,epoch-15,2,8,betweenness,0.11524252483021737
cornell,BundleSheaf,false,2,2,epoch-15,0,8,confidence,0.4497113720207092
cornell,BundleSheaf,false,2,2,epoch-15,1,8,confidence,0.8193784120370009
cornell,BundleSheaf,false,2,2,epoch-15,2,8,confidence,0.7718037486391016
cornell,BundleSheaf,false,2,2,epoch-15,0,8,saliency,-0.056679955824645786
cornell,BundleSheaf,false,2,2,epoch-15,1,8,saliency,0.5198299562162714
cornell,BundleSheaf,false,2,2,epoch-15,2,8,saliency,0.4378666593563244
cornell,BundleSheaf,false,2,2,epoch-15,0,8,cohens_d_train,0.12746269
cornell,BundleSheaf,false,2,2,epoch-15,1,8,cohens_d_train,0.2565215
cornell,BundleSheaf,false,2,2,epoch-15,2,8,cohens_d_train,0.23375435
cornell,BundleSheaf,false,2,2,epoch-15,0,8,cohens_d_test,0.1338374
cornell,BundleSheaf,false,2,2,epoch-15,1,8,cohens_d_test,0.8050485
cornell,BundleSheaf,false,2,2,epoch-15,2,8,cohens_d_test,0.67873466
cornell,BundleSheaf,false,2,2,epoch-15,0,9,degree,-0.18668933823547523
cornell,BundleSheaf,false,2,2,epoch-15,1,9,degree,0.31515136176306047
cornell,BundleSheaf,false,2,2,epoch-15,2,9,degree,0.28260928683367503
cornell,BundleSheaf,false,2,2,epoch-15,0,9,betweenness,-0.15252064461897014
cornell,BundleSheaf,false,2,2,epoch-15,1,9,betweenness,0.33699546051595747
cornell,BundleSheaf,false,2,2,epoch-15,2,9,betweenness,0.34921119749255863
cornell,BundleSheaf,false,2,2,epoch-15,0,9,confidence,0.13746054373281744
cornell,BundleSheaf,false,2,2,epoch-15,1,9,confidence,0.6180476686535133
cornell,BundleSheaf,false,2,2,epoch-15,2,9,confidence,0.6323282918079783
cornell,BundleSheaf,false,2,2,epoch-15,0,9,saliency,0.15266736114918583
cornell,BundleSheaf,false,2,2,epoch-15,1,9,saliency,0.7860197535892477
cornell,BundleSheaf,false,2,2,epoch-15,2,9,saliency,0.7958926319582058
cornell,BundleSheaf,false,2,2,epoch-15,0,9,cohens_d_train,0.025787568
cornell,BundleSheaf,false,2,2,epoch-15,1,9,cohens_d_train,0.21875696
cornell,BundleSheaf,false,2,2,epoch-15,2,9,cohens_d_train,0.21470256
cornell,BundleSheaf,false,2,2,epoch-15,0,9,cohens_d_test,0.30735064
cornell,BundleSheaf,false,2,2,epoch-15,1,9,cohens_d_test,0.35644355
cornell,BundleSheaf,false,2,2,epoch-15,2,9,cohens_d_test,0.09867395
cornell,BundleSheaf,false,2,2,epoch-50,0,0,degree,-0.07337397041213453
cornell,BundleSheaf,false,2,2,epoch-50,1,0,degree,0.4316356744478919
cornell,BundleSheaf,false,2,2,epoch-50,2,0,degree,0.27960206461046444
cornell,BundleSheaf,false,2,2,epoch-50,0,0,betweenness,-0.06500562092035334
cornell,BundleSheaf,false,2,2,epoch-50,1,0,betweenness,0.3997887083445465
cornell,BundleSheaf,false,2,2,epoch-50,2,0,betweenness,0.3501690890159469
cornell,BundleSheaf,false,2,2,epoch-50,0,0,confidence,0.10863495022440144
cornell,BundleSheaf,false,2,2,epoch-50,1,0,confidence,0.1965294149898569
cornell,BundleSheaf,false,2,2,epoch-50,2,0,confidence,0.23197152099504206
cornell,BundleSheaf,false,2,2,epoch-50,0,0,saliency,0.10547649072239237
cornell,BundleSheaf,false,2,2,epoch-50,1,0,saliency,0.5844148723692559
cornell,BundleSheaf,false,2,2,epoch-50,2,0,saliency,0.6360428594926101
cornell,BundleSheaf,false,2,2,epoch-50,0,0,cohens_d_train,0.16307071
cornell,BundleSheaf,false,2,2,epoch-50,1,0,cohens_d_train,0.18128373
cornell,BundleSheaf,false,2,2,epoch-50,2,0,cohens_d_train,0.69593287
cornell,BundleSheaf,false,2,2,epoch-50,0,0,cohens_d_test,0.4618741
cornell,BundleSheaf,false,2,2,epoch-50,1,0,cohens_d_test,0.059147943
cornell,BundleSheaf,false,2,2,epoch-50,2,0,cohens_d_test,0.55856717
cornell,BundleSheaf,false,2,2,epoch-50,0,1,degree,-0.08561780711534936
cornell,BundleSheaf,false,2,2,epoch-50,1,1,degree,0.2699130361676763
cornell,BundleSheaf,false,2,2,epoch-50,2,1,degree,0.20769383355286955
cornell,BundleSheaf,false,2,2,epoch-50,0,1,betweenness,-0.07476060374277983
cornell,BundleSheaf,false,2,2,epoch-50,1,1,betweenness,0.2838502973310361
cornell,BundleSheaf,false,2,2,epoch-50,2,1,betweenness,0.2511111580540935
cornell,BundleSheaf,false,2,2,epoch-50,0,1,confidence,0.1031267378380707
cornell,BundleSheaf,false,2,2,epoch-50,1,1,confidence,0.4959603831663704
cornell,BundleSheaf,false,2,2,epoch-50,2,1,confidence,0.7940656990906457
cornell,BundleSheaf,false,2,2,epoch-50,0,1,saliency,0.11941052532641984
cornell,BundleSheaf,false,2,2,epoch-50,1,1,saliency,0.5298849404337644
cornell,BundleSheaf,false,2,2,epoch-50,2,1,saliency,0.8077608421514338
cornell,BundleSheaf,false,2,2,epoch-50,0,1,cohens_d_train,0.22270752
cornell,BundleSheaf,false,2,2,epoch-50,1,1,cohens_d_train,0.107846044
cornell,BundleSheaf,false,2,2,epoch-50,2,1,cohens_d_train,0.54000586
cornell,BundleSheaf,false,2,2,epoch-50,0,1,cohens_d_test,0.08190665
cornell,BundleSheaf,false,2,2,epoch-50,1,1,cohens_d_test,0.26222342
cornell,BundleSheaf,false,2,2,epoch-50,2,1,cohens_d_test,0.28657112
cornell,BundleSheaf,false,2,2,epoch-50,0,2,degree,-0.13788287898790866
cornell,BundleSheaf,false,2,2,epoch-50,1,2,degree,0.3667971792295468
cornell,BundleSheaf,false,2,2,epoch-50,2,2,degree,0.4366367935025574
cornell,BundleSheaf,false,2,2,epoch-50,0,2,betweenness,-0.11234369774740348
cornell,BundleSheaf,false,2,2,epoch-50,1,2,betweenness,0.354611651562602
cornell,BundleSheaf,false,2,2,epoch-50,2,2,betweenness,0.4789834904630984
cornell,BundleSheaf,false,2,2,epoch-50,0,2,confidence,0.11678467647819038
cornell,BundleSheaf,false,2,2,epoch-50,1,2,confidence,0.2153626843576951
cornell,BundleSheaf,false,2,2,epoch-50,2,2,confidence,-0.033707205125594296
cornell,BundleSheaf,false,2,2,epoch-50,0,2,saliency,-0.07480634119978383
cornell,BundleSheaf,false,2,2,epoch-50,1,2,saliency,0.4970099394547008
cornell,BundleSheaf,false,2,2,epoch-50,2,2,saliency,0.621719157535266
cornell,BundleSheaf,false,2,2,epoch-50,0,2,cohens_d_train,0.8963866
cornell,BundleSheaf,false,2,2,epoch-50,1,2,cohens_d_train,0.5517649
cornell,BundleSheaf,false,2,2,epoch-50,2,2,cohens_d_train,0.18956132
cornell,BundleSheaf,false,2,2,epoch-50,0,2,cohens_d_test,0.65009594
cornell,BundleSheaf,false,2,2,epoch-50,1,2,cohens_d_test,0.581212
cornell,BundleSheaf,false,2,2,epoch-50,2,2,cohens_d_test,0.20963694
cornell,BundleSheaf,false,2,2,epoch-50,0,3,degree,-0.12261339596345133
cornell,BundleSheaf,false,2,2,epoch-50,1,3,degree,0.4622340070349095
cornell,BundleSheaf,false,2,2,epoch-50,2,3,degree,0.1923434892092722
cornell,BundleSheaf,false,2,2,epoch-50,0,3,betweenness,-0.10748402269931671
cornell,BundleSheaf,false,2,2,epoch-50,1,3,betweenness,0.3913636646284436
cornell,BundleSheaf,false,2,2,epoch-50,2,3,betweenness,0.22621017053144057
cornell,BundleSheaf,false,2,2,epoch-50,0,3,confidence,0.2575446648860762
cornell,BundleSheaf,false,2,2,epoch-50,1,3,confidence,0.3849012712163104
cornell,BundleSheaf,false,2,2,epoch-50,2,3,confidence,0.7888805777259095
cornell,BundleSheaf,false,2,2,epoch-50,0,3,saliency,0.1371119970549764
cornell,BundleSheaf,false,2,2,epoch-50,1,3,saliency,0.44153227385586624
cornell,BundleSheaf,false,2,2,epoch-50,2,3,saliency,0.8142676995136012
cornell,BundleSheaf,false,2,2,epoch-50,0,3,cohens_d_train,0.9658768
cornell,BundleSheaf,false,2,2,epoch-50,1,3,cohens_d_train,0.7789775
cornell,BundleSheaf,false,2,2,epoch-50,2,3,cohens_d_train,0.16900077
cornell,BundleSheaf,false,2,2,epoch-50,0,3,cohens_d_test,0.19689314
cornell,BundleSheaf,false,2,2,epoch-50,1,3,cohens_d_test,0.13010128
cornell,BundleSheaf,false,2,2,epoch-50,2,3,cohens_d_test,0.3027459
cornell,BundleSheaf,false,2,2,epoch-50,0,4,degree,-0.13258185655972363
cornell,BundleSheaf,false,2,2,epoch-50,1,4,degree,0.25544193072460236
cornell,BundleSheaf,false,2,2,epoch-50,2,4,degree,-0.015238776194404115
cornell,BundleSheaf,false,2,2,epoch-50,0,4,betweenness,-0.11486209307639907
cornell,BundleSheaf,false,2,2,epoch-50,1,4,betweenness,0.25081876009454723
cornell,BundleSheaf,false,2,2,epoch-50,2,4,betweenness,-0.010679337662282561
cornell,BundleSheaf,false,2,2,epoch-50,0,4,confidence,-0.1746179693435574
cornell,BundleSheaf,false,2,2,epoch-50,1,4,confidence,-0.18904153579848523
cornell,BundleSheaf,false,2,2,epoch-50,2,4,confidence,-0.7699552763701019
cornell,BundleSheaf,false,2,2,epoch-50,0,4,saliency,-0.09072004260885232
cornell,BundleSheaf,false,2,2,epoch-50,1,4,saliency,0.2975061289387733
cornell,BundleSheaf,false,2,2,epoch-50,2,4,saliency,0.3633990741973636
cornell,BundleSheaf,false,2,2,epoch-50,0,4,cohens_d_train,0.8090489
cornell,BundleSheaf,false,2,2,epoch-50,1,4,cohens_d_train,0.26452765
cornell,BundleSheaf,false,2,2,epoch-50,2,4,cohens_d_train,0.19941376
cornell,BundleSheaf,false,2,2,epoch-50,0,4,cohens_d_test,0.3942421
cornell,BundleSheaf,false,2,2,epoch-50,1,4,cohens_d_test,0.10634742
cornell,BundleSheaf,false,2,2,epoch-50,2,4,cohens_d_test,0.5927903
cornell,BundleSheaf,false,2,2,epoch-50,0,5,degree,-0.0357816454999986
cornell,BundleSheaf,false,2,2,epoch-50,1,5,degree,0.2250738993629839
cornell,BundleSheaf,false,2,2,epoch-50,2,5,degree,0.37223740595397303
cornell,BundleSheaf,false,2,2,epoch-50,0,5,betweenness,-0.04217133152037174
cornell,BundleSheaf,false,2,2,epoch-50,1,5,betweenness,0.2672223904272309
cornell,BundleSheaf,false,2,2,epoch-50,2,5,betweenness,0.3966247318575562
cornell,BundleSheaf,false,2,2,epoch-50,0,5,confidence,0.2657061399042868
cornell,BundleSheaf,false,2,2,epoch-50,1,5,confidence,0.5831753777227763
cornell,BundleSheaf,false,2,2,epoch-50,2,5,confidence,0.5880883193784121
cornell,BundleSheaf,false,2,2,epoch-50,0,5,saliency,0.21496714262216762
cornell,BundleSheaf,false,2,2,epoch-50,1,5,saliency,0.6748686096512184
cornell,BundleSheaf,false,2,2,epoch-50,2,5,saliency,0.7920507859923399
cornell,BundleSheaf,false,2,2,epoch-50,0,5,cohens_d_train,0.15851744
cornell,BundleSheaf,false,2,2,epoch-50,1,5,cohens_d_train,0.34520635
cornell,BundleSheaf,false,2,2,epoch-50,2,5,cohens_d_train,0.389065
cornell,BundleSheaf,false,2,2,epoch-50,0,5,cohens_d_test,0.72624767
cornell,BundleSheaf,false,2,2,epoch-50,1,5,cohens_d_test,0.76889324
cornell,BundleSheaf,false,2,2,epoch-50,2,5,cohens_d_test,0.7379781
cornell,BundleSheaf,false,2,2,epoch-50,0,6,degree,-0.1366361816877485
cornell,BundleSheaf,false,2,2,epoch-50,1,6,degree,0.287657489694422
cornell,BundleSheaf,false,2,2,epoch-50,2,6,degree,0.2964007477715714
cornell,BundleSheaf,false,2,2,epoch-50,0,6,betweenness,-0.11600548438057474
cornell,BundleSheaf,false,2,2,epoch-50,1,6,betweenness,0.32708432251083425
cornell,BundleSheaf,false,2,2,epoch-50,2,6,betweenness,0.3761715469883603
cornell,BundleSheaf,false,2,2,epoch-50,0,6,confidence,0.28628018453392656
cornell,BundleSheaf,false,2,2,epoch-50,1,6,confidence,0.34913803231693474
cornell,BundleSheaf,false,2,2,epoch-50,2,6,confidence,0.49771094906519003
cornell,BundleSheaf,false,2,2,epoch-50,0,6,saliency,-0.04881024178957181
cornell,BundleSheaf,false,2,2,epoch-50,1,6,saliency,0.4017098368488248
cornell,BundleSheaf,false,2,2,epoch-50,2,6,saliency,0.5176486022886594
cornell,BundleSheaf,false,2,2,epoch-50,0,6,cohens_d_train,0.7181867
cornell,BundleSheaf,false,2,2,epoch-50,1,6,cohens_d_train,0.24624698
cornell,BundleSheaf,false,2,2,epoch-50,2,6,cohens_d_train,0.20824856
cornell,BundleSheaf,false,2,2,epoch-50,0,6,cohens_d_test,0.20218259
cornell,BundleSheaf,false,2,2,epoch-50,1,6,cohens_d_test,0.23236044
cornell,BundleSheaf,false,2,2,epoch-50,2,6,cohens_d_test,0.22765525
cornell,BundleSheaf,false,2,2,epoch-50,0,7,degree,-0.13822372480149925
cornell,BundleSheaf,false,2,2,epoch-50,1,7,degree,0.34019175811044783
cornell,BundleSheaf,false,2,2,epoch-50,2,7,degree,0.327427952418332
cornell,BundleSheaf,false,2,2,epoch-50,0,7,betweenness,-0.08699310906114707
cornell,BundleSheaf,false,2,2,epoch-50,1,7,betweenness,0.36596696300233034
cornell,BundleSheaf,false,2,2,epoch-50,2,7,betweenness,0.386532286157087
cornell,BundleSheaf,false,2,2,epoch-50,0,7,confidence,-0.14678710455617086
cornell,BundleSheaf,false,2,2,epoch-50,1,7,confidence,-0.2726007064923673
cornell,BundleSheaf,false,2,2,epoch-50,2,7,confidence,-0.2943555019463787
cornell,BundleSheaf,false,2,2,epoch-50,0,7,saliency,0.05071549975327595
cornell,BundleSheaf,false,2,2,epoch-50,1,7,saliency,0.613780909041066
cornell,BundleSheaf,false,2,2,epoch-50,2,7,saliency,0.639688892718116
cornell,BundleSheaf,false,2,2,epoch-50,0,7,cohens_d_train,0.7663632
cornell,BundleSheaf,false,2,2,epoch-50,1,7,cohens_d_train,0.21865666
cornell,BundleSheaf,false,2,2,epoch-50,2,7,cohens_d_train,0.19215189
cornell,BundleSheaf,false,2,2,epoch-50,0,7,cohens_d_test,1.045116
cornell,BundleSheaf,false,2,2,epoch-50,1,7,cohens_d_test,1.0259594
cornell,BundleSheaf,false,2,2,epoch-50,2,7,cohens_d_test,0.4615938
cornell,BundleSheaf,false,2,2,epoch-50,0,8,degree,-0.13352353268135525
cornell,BundleSheaf,false,2,2,epoch-50,1,8,degree,0.12277614216273333
cornell,BundleSheaf,false,2,2,epoch-50,2,8,degree,0.23052845594143495
cornell,BundleSheaf,false,2,2,epoch-50,0,8,betweenness,-0.12645320932221313
cornell,BundleSheaf,false,2,2,epoch-50,1,8,betweenness,0.19153533580187423
cornell,BundleSheaf,false,2,2,epoch-50,2,8,betweenness,0.2895494374887881
cornell,BundleSheaf,false,2,2,epoch-50,0,8,confidence,0.5155259921831555
cornell,BundleSheaf,false,2,2,epoch-50,1,8,confidence,0.5482776311357923
cornell,BundleSheaf,false,2,2,epoch-50,2,8,confidence,0.23009759306979555
cornell,BundleSheaf,false,2,2,epoch-50,0,8,saliency,-0.1984914586482655
cornell,BundleSheaf,false,2,2,epoch-50,1,8,saliency,0.08702897245306371
cornell,BundleSheaf,false,2,2,epoch-50,2,8,saliency,0.23308765361509484
cornell,BundleSheaf,false,2,2,epoch-50,0,8,cohens_d_train,0.5682542
cornell,BundleSheaf,false,2,2,epoch-50,1,8,cohens_d_train,0.29609558
cornell,BundleSheaf,false,2,2,epoch-50,2,8,cohens_d_train,0.23171085
cornell,BundleSheaf,false,2,2,epoch-50,0,8,cohens_d_test,0.32417735
cornell,BundleSheaf,false,2,2,epoch-50,1,8,cohens_d_test,0.99291855
cornell,BundleSheaf,false,2,2,epoch-50,2,8,cohens_d_test,0.739008
cornell,BundleSheaf,false,2,2,epoch-50,0,9,degree,-0.13737212204802368
cornell,BundleSheaf,false,2,2,epoch-50,1,9,degree,0.31029968261465396
cornell,BundleSheaf,false,2,2,epoch-50,2,9,degree,0.023663706800001932
cornell,BundleSheaf,false,2,2,epoch-50,0,9,betweenness,-0.11155977776983847
cornell,BundleSheaf,false,2,2,epoch-50,1,9,betweenness,0.347190612309744
cornell,BundleSheaf,false,2,2,epoch-50,2,9,betweenness,0.006922181085316616
cornell,BundleSheaf,false,2,2,epoch-50,0,9,confidence,0.26071487315250685
cornell,BundleSheaf,false,2,2,epoch-50,1,9,confidence,0.701407110352228
cornell,BundleSheaf,false,2,2,epoch-50,2,9,confidence,0.6986206950569033
cornell,BundleSheaf,false,2,2,epoch-50,0,9,saliency,0.1316018265412421
cornell,BundleSheaf,false,2,2,epoch-50,1,9,saliency,0.6248717426550642
cornell,BundleSheaf,false,2,2,epoch-50,2,9,saliency,0.5449429401674591
cornell,BundleSheaf,false,2,2,epoch-50,0,9,cohens_d_train,0.8069496
cornell,BundleSheaf,false,2,2,epoch-50,1,9,cohens_d_train,0.217967
cornell,BundleSheaf,false,2,2,epoch-50,2,9,cohens_d_train,0.20526609
cornell,BundleSheaf,false,2,2,epoch-50,0,9,cohens_d_test,0.49746937
cornell,BundleSheaf,false,2,2,epoch-50,1,9,cohens_d_test,0.52604973
cornell,BundleSheaf,false,2,2,epoch-50,2,9,cohens_d_test,0.3481318
cornell,BundleSheaf,false,2,2,epoch-200,0,0,degree,-0.052045006257178
cornell,BundleSheaf,false,2,2,epoch-200,1,0,degree,0.44379660270996313
cornell,BundleSheaf,false,2,2,epoch-200,2,0,degree,0.4214901377983129
cornell,BundleSheaf,false,2,2,epoch-200,0,0,betweenness,-0.06925849160077949
cornell,BundleSheaf,false,2,2,epoch-200,1,0,betweenness,0.4582410516984373
cornell,BundleSheaf,false,2,2,epoch-200,2,0,betweenness,0.4497091098035754
cornell,BundleSheaf,false,2,2,epoch-200,0,0,confidence,0.6278911751114176
cornell,BundleSheaf,false,2,2,epoch-200,1,0,confidence,0.049147039702991245
cornell,BundleSheaf,false,2,2,epoch-200,2,0,confidence,0.08964503066427515
cornell,BundleSheaf,false,2,2,epoch-200,0,0,saliency,0.12957712280591827
cornell,BundleSheaf,false,2,2,epoch-200,1,0,saliency,0.42123236706273065
cornell,BundleSheaf,false,2,2,epoch-200,2,0,saliency,0.38877836347544126
cornell,BundleSheaf,false,2,2,epoch-200,0,0,cohens_d_train,0.5872396
cornell,BundleSheaf,false,2,2,epoch-200,1,0,cohens_d_train,0.35070392
cornell,BundleSheaf,false,2,2,epoch-200,2,0,cohens_d_train,0.3571494
cornell,BundleSheaf,false,2,2,epoch-200,0,0,cohens_d_test,0.7714599
cornell,BundleSheaf,false,2,2,epoch-200,1,0,cohens_d_test,0.08373524
cornell,BundleSheaf,false,2,2,epoch-200,2,0,cohens_d_test,0.23564556
cornell,BundleSheaf,false,2,2,epoch-200,0,1,degree,-0.008396270897548158
cornell,BundleSheaf,false,2,2,epoch-200,1,1,degree,0.34036269279774395
cornell,BundleSheaf,false,2,2,epoch-200,2,1,degree,0.2585668624630169
cornell,BundleSheaf,false,2,2,epoch-200,0,1,betweenness,-0.03173408679233719
cornell,BundleSheaf,false,2,2,epoch-200,1,1,betweenness,0.2850125530196987
cornell,BundleSheaf,false,2,2,epoch-200,2,1,betweenness,0.27719326564989594
cornell,BundleSheaf,false,2,2,epoch-200,0,1,confidence,0.5693686213999828
cornell,BundleSheaf,false,2,2,epoch-200,1,1,confidence,0.5828229147901279
cornell,BundleSheaf,false,2,2,epoch-200,2,1,confidence,0.6453145927486627
cornell,BundleSheaf,false,2,2,epoch-200,0,1,saliency,-0.06406013800881942
cornell,BundleSheaf,false,2,2,epoch-200,1,1,saliency,0.03979698135079461
cornell,BundleSheaf,false,2,2,epoch-200,2,1,saliency,-0.09814134546850159
cornell,BundleSheaf,false,2,2,epoch-200,0,1,cohens_d_train,0.26911005
cornell,BundleSheaf,false,2,2,epoch-200,1,1,cohens_d_train,0.8220146
cornell,BundleSheaf,false,2,2,epoch-200,2,1,cohens_d_train,0.804891
cornell,BundleSheaf,false,2,2,epoch-200,0,1,cohens_d_test,0.050435916
cornell,BundleSheaf,false,2,2,epoch-200,1,1,cohens_d_test,0.47294754
cornell,BundleSheaf,false,2,2,epoch-200,2,1,cohens_d_test,0.48402402
cornell,BundleSheaf,false,2,2,epoch-200,0,2,degree,-0.040439871619069874
cornell,BundleSheaf,false,2,2,epoch-200,1,2,degree,0.5765299462979492
cornell,BundleSheaf,false,2,2,epoch-200,2,2,degree,0.6875402547452959
cornell,BundleSheaf,false,2,2,epoch-200,0,2,betweenness,-0.041497453785646746
cornell,BundleSheaf,false,2,2,epoch-200,1,2,betweenness,0.49331832663038994
cornell,BundleSheaf,false,2,2,epoch-200,2,2,betweenness,0.5923165203747015
cornell,BundleSheaf,false,2,2,epoch-200,0,2,confidence,0.5240849670642972
cornell,BundleSheaf,false,2,2,epoch-200,1,2,confidence,0.865431610442302
cornell,BundleSheaf,false,2,2,epoch-200,2,2,confidence,0.7537713533793364
cornell,BundleSheaf,false,2,2,epoch-200,0,2,saliency,-0.4722220046525108
cornell,BundleSheaf,false,2,2,epoch-200,1,2,saliency,-0.3760838235178934
cornell,BundleSheaf,false,2,2,epoch-200,2,2,saliency,-0.23510648296820788
cornell,BundleSheaf,false,2,2,epoch-200,0,2,cohens_d_train,0.044249136
cornell,BundleSheaf,false,2,2,epoch-200,1,2,cohens_d_train,1.0560076
cornell,BundleSheaf,false,2,2,epoch-200,2,2,cohens_d_train,0.7947934
cornell,BundleSheaf,false,2,2,epoch-200,0,2,cohens_d_test,0.45417717
cornell,BundleSheaf,false,2,2,epoch-200,1,2,cohens_d_test,0.061962523
cornell,BundleSheaf,false,2,2,epoch-200,2,2,cohens_d_test,0.45317033
cornell,BundleSheaf,false,2,2,epoch-200,0,3,degree,-0.004066607860046182
cornell,BundleSheaf,false,2,2,epoch-200,1,3,degree,0.48339715430757874
cornell,BundleSheaf,false,2,2,epoch-200,2,3,degree,0.503927740881152
cornell,BundleSheaf,false,2,2,epoch-200,0,3,betweenness,-0.05129121339840734
cornell,BundleSheaf,false,2,2,epoch-200,1,3,betweenness,0.39526754419586274
cornell,BundleSheaf,false,2,2,epoch-200,2,3,betweenness,0.4197943880928597
cornell,BundleSheaf,false,2,2,epoch-200,0,3,confidence,0.6525988266900598
cornell,BundleSheaf,false,2,2,epoch-200,1,3,confidence,0.8622751090676966
cornell,BundleSheaf,false,2,2,epoch-200,2,3,confidence,0.8480179834420748
cornell,BundleSheaf,false,2,2,epoch-200,0,3,saliency,-0.3538434124677889
cornell,BundleSheaf,false,2,2,epoch-200,1,3,saliency,-0.38618580279307296
cornell,BundleSheaf,false,2,2,epoch-200,2,3,saliency,-0.3684510428986552
cornell,BundleSheaf,false,2,2,epoch-200,0,3,cohens_d_train,0.90638226
cornell,BundleSheaf,false,2,2,epoch-200,1,3,cohens_d_train,0.9178955
cornell,BundleSheaf,false,2,2,epoch-200,2,3,cohens_d_train,0.8431018
cornell,BundleSheaf,false,2,2,epoch-200,0,3,cohens_d_test,0.44317093
cornell,BundleSheaf,false,2,2,epoch-200,1,3,cohens_d_test,0.46370077
cornell,BundleSheaf,false,2,2,epoch-200,2,3,cohens_d_test,0.4639028
cornell,BundleSheaf,false,2,2,epoch-200,0,4,degree,-0.05280755920349926
cornell,BundleSheaf,false,2,2,epoch-200,1,4,degree,0.03140592221741681
cornell,BundleSheaf,false,2,2,epoch-200,2,4,degree,-0.027895107981333652
cornell,BundleSheaf,false,2,2,epoch-200,0,4,betweenness,-0.06803964275865637
cornell,BundleSheaf,false,2,2,epoch-200,1,4,betweenness,0.040487161194239445
cornell,BundleSheaf,false,2,2,epoch-200,2,4,betweenness,0.025358972857139464
cornell,BundleSheaf,false,2,2,epoch-200,0,4,confidence,0.703559092368786
cornell,BundleSheaf,false,2,2,epoch-200,1,4,confidence,0.8613175847673354
cornell,BundleSheaf,false,2,2,epoch-200,2,4,confidence,0.869798234552333
cornell,BundleSheaf,false,2,2,epoch-200,0,4,saliency,-0.3060964338583726
cornell,BundleSheaf,false,2,2,epoch-200,1,4,saliency,-0.2816531294792165
cornell,BundleSheaf,false,2,2,epoch-200,2,4,saliency,-0.3099794004997142
cornell,BundleSheaf,false,2,2,epoch-200,0,4,cohens_d_train,1.3255465
cornell,BundleSheaf,false,2,2,epoch-200,1,4,cohens_d_train,0.3897687
cornell,BundleSheaf,false,2,2,epoch-200,2,4,cohens_d_train,0.22151394
cornell,BundleSheaf,false,2,2,epoch-200,0,4,cohens_d_test,0.47584873
cornell,BundleSheaf,false,2,2,epoch-200,1,4,cohens_d_test,0.7077549
cornell,BundleSheaf,false,2,2,epoch-200,2,4,cohens_d_test,0.8015085
cornell,BundleSheaf,false,2,2,epoch-200,0,5,degree,0.023070041418973293
cornell,BundleSheaf,false,2,2,epoch-200,1,5,degree,0.5635041089893794
cornell,BundleSheaf,false,2,2,epoch-200,2,5,degree,0.679021156527535
cornell,BundleSheaf,false,2,2,epoch-200,0,5,betweenness,-0.001981808392480503
cornell,BundleSheaf,false,2,2,epoch-200,1,5,betweenness,0.44248824263055025
cornell,BundleSheaf,false,2,2,epoch-200,2,5,betweenness,0.5540427802935869
cornell,BundleSheaf,false,2,2,epoch-200,0,5,confidence,0.5795313026246741
cornell,BundleSheaf,false,2,2,epoch-200,1,5,confidence,0.8984613034862501
cornell,BundleSheaf,false,2,2,epoch-200,2,5,confidence,0.8381646863471527
cornell,BundleSheaf,false,2,2,epoch-200,0,5,saliency,-0.4796491818943709
cornell,BundleSheaf,false,2,2,epoch-200,1,5,saliency,-0.27965975578235025
cornell,BundleSheaf,false,2,2,epoch-200,2,5,saliency,-0.14170184768901806
cornell,BundleSheaf,false,2,2,epoch-200,0,5,cohens_d_train,1.7936076
cornell,BundleSheaf,false,2,2,epoch-200,1,5,cohens_d_train,1.1707066
cornell,BundleSheaf,false,2,2,epoch-200,2,5,cohens_d_train,0.82487327
cornell,BundleSheaf,false,2,2,epoch-200,0,5,cohens_d_test,0.5006201
cornell,BundleSheaf,false,2,2,epoch-200,1,5,cohens_d_test,0.13002472
cornell,BundleSheaf,false,2,2,epoch-200,2,5,cohens_d_test,0.46692446
cornell,BundleSheaf,false,2,2,epoch-200,0,6,degree,-0.10293031789934662
cornell,BundleSheaf,false,2,2,epoch-200,1,6,degree,0.017043314240530825
cornell,BundleSheaf,false,2,2,epoch-200,2,6,degree,0.2476597964281183
cornell,BundleSheaf,false,2,2,epoch-200,0,6,betweenness,-0.09813881622879916
cornell,BundleSheaf,false,2,2,epoch-200,1,6,betweenness,0.030337074318949296
cornell,BundleSheaf,false,2,2,epoch-200,2,6,betweenness,0.20833721425150273
cornell,BundleSheaf,false,2,2,epoch-200,0,6,confidence,0.2522890509348101
cornell,BundleSheaf,false,2,2,epoch-200,1,6,confidence,0.42264221879332364
cornell,BundleSheaf,false,2,2,epoch-200,2,6,confidence,-0.015856915714364043
cornell,BundleSheaf,false,2,2,epoch-200,0,6,saliency,-0.07732057678600802
cornell,BundleSheaf,false,2,2,epoch-200,1,6,saliency,-0.03931136575470147
cornell,BundleSheaf,false,2,2,epoch-200,2,6,saliency,0.282967032967033
cornell,BundleSheaf,false,2,2,epoch-200,0,6,cohens_d_train,0.17936608
cornell,BundleSheaf,false,2,2,epoch-200,1,6,cohens_d_train,0.2844258
cornell,BundleSheaf,false,2,2,epoch-200,2,6,cohens_d_train,0.19608174
cornell,BundleSheaf,false,2,2,epoch-200,0,6,cohens_d_test,0.31358403
cornell,BundleSheaf,false,2,2,epoch-200,1,6,cohens_d_test,0.09878594
cornell,BundleSheaf,false,2,2,epoch-200,2,6,cohens_d_test,0.36773318
cornell,BundleSheaf,false,2,2,epoch-200,0,7,degree,-0.04559145414099598
cornell,BundleSheaf,false,2,2,epoch-200,1,7,degree,0.42452294904656784
cornell,BundleSheaf,false,2,2,epoch-200,2,7,degree,0.35841523818602344
cornell,BundleSheaf,false,2,2,epoch-200,0,7,betweenness,-0.03746257154817983
cornell,BundleSheaf,false,2,2,epoch-200,1,7,betweenness,0.35814977167524836
cornell,BundleSheaf,false,2,2,epoch-200,2,7,betweenness,0.3631299691797789
cornell,BundleSheaf,false,2,2,epoch-200,0,7,confidence,0.2799554330202941
cornell,BundleSheaf,false,2,2,epoch-200,1,7,confidence,0.3321571514729035
cornell,BundleSheaf,false,2,2,epoch-200,2,7,confidence,0.3942082507656279
cornell,BundleSheaf,false,2,2,epoch-200,0,7,saliency,-0.23178354076429636
cornell,BundleSheaf,false,2,2,epoch-200,1,7,saliency,0.029888856688571587
cornell,BundleSheaf,false,2,2,epoch-200,2,7,saliency,0.05281852858474384
cornell,BundleSheaf,false,2,2,epoch-200,0,7,cohens_d_train,0.09992836
cornell,BundleSheaf,false,2,2,epoch-200,1,7,cohens_d_train,0.21260089
cornell,BundleSheaf,false,2,2,epoch-200,2,7,cohens_d_train,0.18745153
cornell,BundleSheaf,false,2,2,epoch-200,0,7,cohens_d_test,1.0159086
cornell,BundleSheaf,false,2,2,epoch-200,1,7,cohens_d_test,0.9059032
cornell,BundleSheaf,false,2,2,epoch-200,2,7,cohens_d_test,0.5495506
cornell,BundleSheaf,false,2,2,epoch-200,0,8,degree,-0.01847015827700311
cornell,BundleSheaf,false,2,2,epoch-200,1,8,degree,0.2590039230107742
cornell,BundleSheaf,false,2,2,epoch-200,2,8,degree,0.3485583457389445
cornell,BundleSheaf,false,2,2,epoch-200,0,8,betweenness,-0.03654136077240491
cornell,BundleSheaf,false,2,2,epoch-200,1,8,betweenness,0.25018785123559784
cornell,BundleSheaf,false,2,2,epoch-200,2,8,betweenness,0.3415103365364789
cornell,BundleSheaf,false,2,2,epoch-200,0,8,confidence,0.4555798798493026
cornell,BundleSheaf,false,2,2,epoch-200,1,8,confidence,0.6293852263203653
cornell,BundleSheaf,false,2,2,epoch-200,2,8,confidence,0.42355470616340185
cornell,BundleSheaf,false,2,2,epoch-200,0,8,saliency,-0.12665755484714858
cornell,BundleSheaf,false,2,2,epoch-200,1,8,saliency,-0.05554815818536418
cornell,BundleSheaf,false,2,2,epoch-200,2,8,saliency,0.07327508557016756
cornell,BundleSheaf,false,2,2,epoch-200,0,8,cohens_d_train,0.64941096
cornell,BundleSheaf,false,2,2,epoch-200,1,8,cohens_d_train,0.3898307
cornell,BundleSheaf,false,2,2,epoch-200,2,8,cohens_d_train,0.20701286
cornell,BundleSheaf,false,2,2,epoch-200,0,8,cohens_d_test,0.07428591
cornell,BundleSheaf,false,2,2,epoch-200,1,8,cohens_d_test,0.71888334
cornell,BundleSheaf,false,2,2,epoch-200,2,8,cohens_d_test,0.70279026
cornell,BundleSheaf,false,2,2,epoch-200,0,9,degree,-0.0555466084442452
cornell,BundleSheaf,false,2,2,epoch-200,1,9,degree,0.29288583929148115
cornell,BundleSheaf,false,2,2,epoch-200,2,9,degree,0.3739273051679011
cornell,BundleSheaf,false,2,2,epoch-200,0,9,betweenness,-0.062327926344579836
cornell,BundleSheaf,false,2,2,epoch-200,1,9,betweenness,0.27885228346337904
cornell,BundleSheaf,false,2,2,epoch-200,2,9,betweenness,0.3408385548444746
cornell,BundleSheaf,false,2,2,epoch-200,0,9,confidence,0.4350606627869636
cornell,BundleSheaf,false,2,2,epoch-200,1,9,confidence,0.5735609721710934
cornell,BundleSheaf,false,2,2,epoch-200,2,9,confidence,0.5395091366224652
cornell,BundleSheaf,false,2,2,epoch-200,0,9,saliency,-0.1488196408011091
cornell,BundleSheaf,false,2,2,epoch-200,1,9,saliency,0.06874789501304114
cornell,BundleSheaf,false,2,2,epoch-200,2,9,saliency,0.15549685524738985
cornell,BundleSheaf,false,2,2,epoch-200,0,9,cohens_d_train,0.6265777
cornell,BundleSheaf,false,2,2,epoch-200,1,9,cohens_d_train,0.2578692
cornell,BundleSheaf,false,2,2,epoch-200,2,9,cohens_d_train,0.20352149
cornell,BundleSheaf,false,2,2,epoch-200,0,9,cohens_d_test,0.37041008
cornell,BundleSheaf,false,2,2,epoch-200,1,9,cohens_d_test,0.5189876
cornell,BundleSheaf,false,2,2,epoch-200,2,9,cohens_d_test,0.49987394
cornell,BundleSheaf,false,2,2,best-epoch,0,0,degree,-0.04788832502897575
cornell,BundleSheaf,false,2,2,best-epoch,1,0,degree,0.5217448672390235
cornell,BundleSheaf,false,2,2,best-epoch,2,0,degree,0.537095211582621
cornell,BundleSheaf,false,2,2,best-epoch,0,0,betweenness,-0.07330490207321061
cornell,BundleSheaf,false,2,2,best-epoch,1,0,betweenness,0.4445601808600235
cornell,BundleSheaf,false,2,2,best-epoch,2,0,betweenness,0.46065778895547593
cornell,BundleSheaf,false,2,2,best-epoch,0,0,confidence,0.5883193784120371
cornell,BundleSheaf,false,2,2,best-epoch,1,0,confidence,0.7128406162618566
cornell,BundleSheaf,false,2,2,best-epoch,2,0,confidence,0.731534858584039
cornell,BundleSheaf,false,2,2,best-epoch,0,0,saliency,-0.2729237975139615
cornell,BundleSheaf,false,2,2,best-epoch,1,0,saliency,-0.35597385508290713
cornell,BundleSheaf,false,2,2,best-epoch,2,0,saliency,-0.3413858059260768
cornell,BundleSheaf,false,2,2,best-epoch,0,0,cohens_d_train,0.32588488
cornell,BundleSheaf,false,2,2,best-epoch,1,0,cohens_d_train,0.6757625
cornell,BundleSheaf,false,2,2,best-epoch,2,0,cohens_d_train,0.6694906
cornell,BundleSheaf,false,2,2,best-epoch,0,0,cohens_d_test,0.7994325
cornell,BundleSheaf,false,2,2,best-epoch,1,0,cohens_d_test,0.5148971
cornell,BundleSheaf,false,2,2,best-epoch,2,0,cohens_d_test,0.54245615
cornell,BundleSheaf,false,2,2,best-epoch,0,1,degree,-0.01036457870395863
cornell,BundleSheaf,false,2,2,best-epoch,1,1,degree,0.6010554914614444
cornell,BundleSheaf,false,2,2,best-epoch,2,1,degree,0.6005631586195913
cornell,BundleSheaf,false,2,2,best-epoch,0,1,betweenness,-0.030020571868114226
cornell,BundleSheaf,false,2,2,best-epoch,1,1,betweenness,0.5089348929214275
cornell,BundleSheaf,false,2,2,best-epoch,2,1,betweenness,0.5088699155970838
cornell,BundleSheaf,false,2,2,best-epoch,0,1,confidence,0.46857597142700497
cornell,BundleSheaf,false,2,2,best-epoch,1,1,confidence,0.7935330884368661
cornell,BundleSheaf,false,2,2,best-epoch,2,1,confidence,0.7998852537341492
cornell,BundleSheaf,false,2,2,best-epoch,0,1,saliency,-0.35350857268177305
cornell,BundleSheaf,false,2,2,best-epoch,1,1,saliency,-0.2904568702858083
cornell,BundleSheaf,false,2,2,best-epoch,2,1,saliency,-0.2954031001073054
cornell,BundleSheaf,false,2,2,best-epoch,0,1,cohens_d_train,nan
cornell,BundleSheaf,false,2,2,best-epoch,1,1,cohens_d_train,nan
cornell,BundleSheaf,false,2,2,best-epoch,2,1,cohens_d_train,nan
cornell,BundleSheaf,false,2,2,best-epoch,0,1,cohens_d_test,0.5440778
cornell,BundleSheaf,false,2,2,best-epoch,1,1,cohens_d_test,0.12223019
cornell,BundleSheaf,false,2,2,best-epoch,2,1,cohens_d_test,0.12585358
cornell,BundleSheaf,false,2,2,best-epoch,0,2,degree,-0.0509743614493229
cornell,BundleSheaf,false,2,2,best-epoch,1,2,degree,0.5998272182593163
cornell,BundleSheaf,false,2,2,best-epoch,2,2,degree,0.6080167298345063
cornell,BundleSheaf,false,2,2,best-epoch,0,2,betweenness,-0.04507959079542906
cornell,BundleSheaf,false,2,2,best-epoch,1,2,betweenness,0.5218098353337083
cornell,BundleSheaf,false,2,2,best-epoch,2,2,betweenness,0.5347067861945571
cornell,BundleSheaf,false,2,2,best-epoch,0,2,confidence,0.5425696897542942
cornell,BundleSheaf,false,2,2,best-epoch,1,2,confidence,0.8508494356676823
cornell,BundleSheaf,false,2,2,best-epoch,2,2,confidence,0.8345891457081765
cornell,BundleSheaf,false,2,2,best-epoch,0,2,saliency,-0.5338383996616356
cornell,BundleSheaf,false,2,2,best-epoch,1,2,saliency,-0.43867536597401174
cornell,BundleSheaf,false,2,2,best-epoch,2,2,saliency,-0.4190882175557871
cornell,BundleSheaf,false,2,2,best-epoch,0,2,cohens_d_train,nan
cornell,BundleSheaf,false,2,2,best-epoch,1,2,cohens_d_train,nan
cornell,BundleSheaf,false,2,2,best-epoch,2,2,cohens_d_train,nan
cornell,BundleSheaf,false,2,2,best-epoch,0,2,cohens_d_test,0.18206492
cornell,BundleSheaf,false,2,2,best-epoch,1,2,cohens_d_test,0.5683334
cornell,BundleSheaf,false,2,2,best-epoch,2,2,cohens_d_test,0.7076865
cornell,BundleSheaf,false,2,2,best-epoch,0,3,degree,-0.013169135848818063
cornell,BundleSheaf,false,2,2,best-epoch,1,3,degree,0.6146944418100766
cornell,BundleSheaf,false,2,2,best-epoch,2,3,degree,0.6191745683148392
cornell,BundleSheaf,false,2,2,best-epoch,0,3,betweenness,-0.02960031530260144
cornell,BundleSheaf,false,2,2,best-epoch,1,3,betweenness,0.5386557306804728
cornell,BundleSheaf,false,2,2,best-epoch,2,3,betweenness,0.5464519615803471
cornell,BundleSheaf,false,2,2,best-epoch,0,3,confidence,0.6627712985517691
cornell,BundleSheaf,false,2,2,best-epoch,1,3,confidence,0.8850500888989843
cornell,BundleSheaf,false,2,2,best-epoch,2,3,confidence,0.8785236502627809
cornell,BundleSheaf,false,2,2,best-epoch,0,3,saliency,-0.5363800490315103
cornell,BundleSheaf,false,2,2,best-epoch,1,3,saliency,-0.47324023090238354
cornell,BundleSheaf,false,2,2,best-epoch,2,3,saliency,-0.4704636062440767
cornell,BundleSheaf,false,2,2,best-epoch,0,3,cohens_d_train,nan
cornell,BundleSheaf,false,2,2,best-epoch,1,3,cohens_d_train,nan
cornell,BundleSheaf,false,2,2,best-epoch,2,3,cohens_d_train,nan
cornell,BundleSheaf,false,2,2,best-epoch,0,3,cohens_d_test,0.64795184
cornell,BundleSheaf,false,2,2,best-epoch,1,3,cohens_d_test,0.4701991
cornell,BundleSheaf,false,2,2,best-epoch,2,3,cohens_d_test,0.4535449
cornell,BundleSheaf,false,2,2,best-epoch,0,4,degree,0.0005680763559843018
cornell,BundleSheaf,false,2,2,best-epoch,1,4,degree,0.5574436042978784
cornell,BundleSheaf,false,2,2,best-epoch,2,4,degree,0.5521006158686207
cornell,BundleSheaf,false,2,2,best-epoch,0,4,betweenness,-0.024052090220744334
cornell,BundleSheaf,false,2,2,best-epoch,1,4,betweenness,0.4957864169340872
cornell,BundleSheaf,false,2,2,best-epoch,2,4,betweenness,0.49661959391559013
cornell,BundleSheaf,false,2,2,best-epoch,0,4,confidence,0.6412691015328221
cornell,BundleSheaf,false,2,2,best-epoch,1,4,confidence,0.8440429848127641
cornell,BundleSheaf,false,2,2,best-epoch,2,4,confidence,0.8597393340800327
cornell,BundleSheaf,false,2,2,best-epoch,0,4,saliency,-0.4687052078356426
cornell,BundleSheaf,false,2,2,best-epoch,1,4,saliency,-0.5727111448779304
cornell,BundleSheaf,false,2,2,best-epoch,2,4,saliency,-0.5858991329411858
cornell,BundleSheaf,false,2,2,best-epoch,0,4,cohens_d_train,nan
cornell,BundleSheaf,false,2,2,best-epoch,1,4,cohens_d_train,nan
cornell,BundleSheaf,false,2,2,best-epoch,2,4,cohens_d_train,nan
cornell,BundleSheaf,false,2,2,best-epoch,0,4,cohens_d_test,0.5578521
cornell,BundleSheaf,false,2,2,best-epoch,1,4,cohens_d_test,0.66010314
cornell,BundleSheaf,false,2,2,best-epoch,2,4,cohens_d_test,0.6789339
cornell,BundleSheaf,false,2,2,best-epoch,0,5,degree,0.021385260010054082
cornell,BundleSheaf,false,2,2,best-epoch,1,5,degree,0.5487126289527504
cornell,BundleSheaf,false,2,2,best-epoch,2,5,degree,0.6607567340118883
cornell,BundleSheaf,false,2,2,best-epoch,0,5,betweenness,-0.006751353603574511
cornell,BundleSheaf,false,2,2,best-epoch,1,5,betweenness,0.4318392975877188
cornell,BundleSheaf,false,2,2,best-epoch,2,5,betweenness,0.5424956809449089
cornell,BundleSheaf,false,2,2,best-epoch,0,5,confidence,0.5920515692433014
cornell,BundleSheaf,false,2,2,best-epoch,1,5,confidence,0.9057161655165934
cornell,BundleSheaf,false,2,2,best-epoch,2,5,confidence,0.8431050417864387
cornell,BundleSheaf,false,2,2,best-epoch,0,5,saliency,-0.49224385735433496
cornell,BundleSheaf,false,2,2,best-epoch,1,5,saliency,-0.30984624783626924
cornell,BundleSheaf,false,2,2,best-epoch,2,5,saliency,-0.17113837694735776
cornell,BundleSheaf,false,2,2,best-epoch,0,5,cohens_d_train,1.1857483
cornell,BundleSheaf,false,2,2,best-epoch,1,5,cohens_d_train,1.1362144
cornell,BundleSheaf,false,2,2,best-epoch,2,5,cohens_d_train,0.82869107
cornell,BundleSheaf,false,2,2,best-epoch,0,5,cohens_d_test,0.56716967
cornell,BundleSheaf,false,2,2,best-epoch,1,5,cohens_d_test,0.058560044
cornell,BundleSheaf,false,2,2,best-epoch,2,5,cohens_d_test,0.4371755
cornell,BundleSheaf,false,2,2,best-epoch,0,6,degree,-0.05795197679841297
cornell,BundleSheaf,false,2,2,best-epoch,1,6,degree,0.06115981697797116
cornell,BundleSheaf,false,2,2,best-epoch,2,6,degree,0.37383723179974504
cornell,BundleSheaf,false,2,2,best-epoch,0,6,betweenness,-0.06750724790758282
cornell,BundleSheaf,false,2,2,best-epoch,1,6,betweenness,0.04582892606810149
cornell,BundleSheaf,false,2,2,best-epoch,2,6,betweenness,0.3460136843220361
cornell,BundleSheaf,false,2,2,best-epoch,0,6,confidence,0.6364344849733304
cornell,BundleSheaf,false,2,2,best-epoch,1,6,confidence,0.7265729637433131
cornell,BundleSheaf,false,2,2,best-epoch,2,6,confidence,0.7714689088530857
cornell,BundleSheaf,false,2,2,best-epoch,0,6,saliency,-0.6302781324164076
cornell,BundleSheaf,false,2,2,best-epoch,1,6,saliency,-0.6207400938334653
cornell,BundleSheaf,false,2,2,best-epoch,2,6,saliency,-0.5670306172800827
cornell,BundleSheaf,false,2,2,best-epoch,0,6,cohens_d_train,nan
cornell,BundleSheaf,false,2,2,best-epoch,1,6,cohens_d_train,nan
cornell,BundleSheaf,false,2,2,best-epoch,2,6,cohens_d_train,nan
cornell,BundleSheaf,false,2,2,best-epoch,0,6,cohens_d_test,0.11438476
cornell,BundleSheaf,false,2,2,best-epoch,1,6,cohens_d_test,0.10345587
cornell,BundleSheaf,false,2,2,best-epoch,2,6,cohens_d_test,0.0770733
cornell,BundleSheaf,false,2,2,best-epoch,0,7,degree,-0.023356638499469874
cornell,BundleSheaf,false,2,2,best-epoch,1,7,degree,0.5044456627480494
cornell,BundleSheaf,false,2,2,best-epoch,2,7,degree,0.5546267644209978
cornell,BundleSheaf,false,2,2,best-epoch,0,7,betweenness,-0.05297643174590001
cornell,BundleSheaf,false,2,2,best-epoch,1,7,betweenness,0.4071133296322494
cornell,BundleSheaf,false,2,2,best-epoch,2,7,betweenness,0.4605728992252851
cornell,BundleSheaf,false,2,2,best-epoch,0,7,confidence,0.5071941600808315
cornell,BundleSheaf,false,2,2,best-epoch,1,7,confidence,0.77977920155397
cornell,BundleSheaf,false,2,2,best-epoch,2,7,confidence,0.7174833363357954
cornell,BundleSheaf,false,2,2,best-epoch,0,7,saliency,-0.5142042561857245
cornell,BundleSheaf,false,2,2,best-epoch,1,7,saliency,-0.4734419180249545
cornell,BundleSheaf,false,2,2,best-epoch,2,7,saliency,-0.4108699568428721
cornell,BundleSheaf,false,2,2,best-epoch,0,7,cohens_d_train,nan
cornell,BundleSheaf,false,2,2,best-epoch,1,7,cohens_d_train,nan
cornell,BundleSheaf,false,2,2,best-epoch,2,7,cohens_d_train,nan
cornell,BundleSheaf,false,2,2,best-epoch,0,7,cohens_d_test,0.07034359
cornell,BundleSheaf,false,2,2,best-epoch,1,7,cohens_d_test,0.105711445
cornell,BundleSheaf,false,2,2,best-epoch,2,7,cohens_d_test,0.04103839
cornell,BundleSheaf,false,2,2,best-epoch,0,8,degree,0.07304131308655815
cornell,BundleSheaf,false,2,2,best-epoch,1,8,degree,0.5742740178500404
cornell,BundleSheaf,false,2,2,best-epoch,2,8,degree,0.5856314507257193
cornell,BundleSheaf,false,2,2,best-epoch,0,8,betweenness,0.08267106897093575
cornell,BundleSheaf,false,2,2,best-epoch,1,8,betweenness,0.5165456240405144
cornell,BundleSheaf,false,2,2,best-epoch,2,8,betweenness,0.5321527581393086
cornell,BundleSheaf,false,2,2,best-epoch,0,8,confidence,0.723036585652409
cornell,BundleSheaf,false,2,2,best-epoch,1,8,confidence,0.7859825491685791
cornell,BundleSheaf,false,2,2,best-epoch,2,8,confidence,0.7739381075090271
cornell,BundleSheaf,false,2,2,best-epoch,0,8,saliency,-0.6440006892608461
cornell,BundleSheaf,false,2,2,best-epoch,1,8,saliency,-0.5199885645359631
cornell,BundleSheaf,false,2,2,best-epoch,2,8,saliency,-0.5067418326505997
cornell,BundleSheaf,false,2,2,best-epoch,0,8,cohens_d_train,nan
cornell,BundleSheaf,false,2,2,best-epoch,1,8,cohens_d_train,nan
cornell,BundleSheaf,false,2,2,best-epoch,2,8,cohens_d_train,nan
cornell,BundleSheaf,false,2,2,best-epoch,0,8,cohens_d_test,0.08157578
cornell,BundleSheaf,false,2,2,best-epoch,1,8,cohens_d_test,0.7682432
cornell,BundleSheaf,false,2,2,best-epoch,2,8,cohens_d_test,0.7732515
cornell,BundleSheaf,false,2,2,best-epoch,0,9,degree,-0.030190955308311646
cornell,BundleSheaf,false,2,2,best-epoch,1,9,degree,0.6587372481553891
cornell,BundleSheaf,false,2,2,best-epoch,2,9,degree,0.5048602049537676
cornell,BundleSheaf,false,2,2,best-epoch,0,9,betweenness,-0.05222500043050683
cornell,BundleSheaf,false,2,2,best-epoch,1,9,betweenness,0.5699601287150536
cornell,BundleSheaf,false,2,2,best-epoch,2,9,betweenness,0.47160751612873686
cornell,BundleSheaf,false,2,2,best-epoch,0,9,confidence,0.5107403288087536
cornell,BundleSheaf,false,2,2,best-epoch,1,9,confidence,0.6973655353911948
cornell,BundleSheaf,false,2,2,best-epoch,2,9,confidence,0.6723191277717294
cornell,BundleSheaf,false,2,2,best-epoch,0,9,saliency,-0.3705540717301231
cornell,BundleSheaf,false,2,2,best-epoch,1,9,saliency,-0.26697109020701326
cornell,BundleSheaf,false,2,2,best-epoch,2,9,saliency,-0.31030444964871196
cornell,BundleSheaf,false,2,2,best-epoch,0,9,cohens_d_train,nan
cornell,BundleSheaf,false,2,2,best-epoch,1,9,cohens_d_train,nan
cornell,BundleSheaf,false,2,2,best-epoch,2,9,cohens_d_train,nan
cornell,BundleSheaf,false,2,2,best-epoch,0,9,cohens_d_test,0.026708925
cornell,BundleSheaf,false,2,2,best-epoch,1,9,cohens_d_test,0.09527168
cornell,BundleSheaf,false,2,2,best-epoch,2,9,cohens_d_test,0.1610706
cornell,BundleSheaf,false,2,2,last,0,0,degree,-0.09778897098743825
cornell,BundleSheaf,false,2,2,last,1,0,degree,0.5762085481433923
cornell,BundleSheaf,false,2,2,last,2,0,degree,0.5846068661629441
cornell,BundleSheaf,false,2,2,last,0,0,betweenness,-0.10981272616208333
cornell,BundleSheaf,false,2,2,last,1,0,betweenness,0.4693836148020083
cornell,BundleSheaf,false,2,2,last,2,0,betweenness,0.47513201196369814
cornell,BundleSheaf,false,2,2,last,0,0,confidence,0.5062349254712476
cornell,BundleSheaf,false,2,2,last,1,0,confidence,0.7149802204559675
cornell,BundleSheaf,false,2,2,last,2,0,confidence,0.7065935566808027
cornell,BundleSheaf,false,2,2,last,0,0,saliency,-0.3166252849075372
cornell,BundleSheaf,false,2,2,last,1,0,saliency,-0.20136403154934876
cornell,BundleSheaf,false,2,2,last,2,0,saliency,-0.2046282299311523
cornell,BundleSheaf,false,2,2,last,0,0,cohens_d_train,nan
cornell,BundleSheaf,false,2,2,last,1,0,cohens_d_train,nan
cornell,BundleSheaf,false,2,2,last,2,0,cohens_d_train,nan
cornell,BundleSheaf,false,2,2,last,0,0,cohens_d_test,0.5287064
cornell,BundleSheaf,false,2,2,last,1,0,cohens_d_test,0.69839
cornell,BundleSheaf,false,2,2,last,2,0,cohens_d_test,0.6936763
cornell,BundleSheaf,false,2,2,last,0,1,degree,-0.002187349860790005
cornell,BundleSheaf,false,2,2,last,1,1,degree,0.6654518083270236
cornell,BundleSheaf,false,2,2,last,2,1,degree,0.6601170083857799
cornell,BundleSheaf,false,2,2,last,0,1,betweenness,-0.02211220268267907
cornell,BundleSheaf,false,2,2,last,1,1,betweenness,0.5651863914185182
cornell,BundleSheaf,false,2,2,last,2,1,betweenness,0.5636803847236507
cornell,BundleSheaf,false,2,2,last,0,1,confidence,0.3718916547996375
cornell,BundleSheaf,false,2,2,last,1,1,confidence,0.752149413026637
cornell,BundleSheaf,false,2,2,last,2,1,confidence,0.7560950416764053
cornell,BundleSheaf,false,2,2,last,0,1,saliency,-0.23366530119915727
cornell,BundleSheaf,false,2,2,last,1,1,saliency,-0.02113994344928059
cornell,BundleSheaf,false,2,2,last,2,1,saliency,-0.027161185215354856
cornell,BundleSheaf,false,2,2,last,0,1,cohens_d_train,nan
cornell,BundleSheaf,false,2,2,last,1,1,cohens_d_train,nan
cornell,BundleSheaf,false,2,2,last,2,1,cohens_d_train,nan
cornell,BundleSheaf,false,2,2,last,0,1,cohens_d_test,0.06494879
cornell,BundleSheaf,false,2,2,last,1,1,cohens_d_test,0.0021931995
cornell,BundleSheaf,false,2,2,last,2,1,cohens_d_test,0.023251146
cornell,BundleSheaf,false,2,2,last,0,2,degree,0.006093258643557745
cornell,BundleSheaf,false,2,2,last,1,2,degree,0.7064966044981414
cornell,BundleSheaf,false,2,2,last,2,2,degree,0.704402398688513
cornell,BundleSheaf,false,2,2,last,0,2,betweenness,0.01892831378984154
cornell,BundleSheaf,false,2,2,last,1,2,betweenness,0.6061881311007047
cornell,BundleSheaf,false,2,2,last,2,2,betweenness,0.6057993151760034
cornell,BundleSheaf,false,2,2,last,0,2,confidence,0.5779944555596118
cornell,BundleSheaf,false,2,2,last,1,2,confidence,0.7847365852298339
cornell,BundleSheaf,false,2,2,last,2,2,confidence,0.7911572881293822
cornell,BundleSheaf,false,2,2,last,0,2,saliency,-0.2868284602069349
cornell,BundleSheaf,false,2,2,last,1,2,saliency,-0.11205384067108945
cornell,BundleSheaf,false,2,2,last,2,2,saliency,-0.10147212018202753
cornell,BundleSheaf,false,2,2,last,0,2,cohens_d_train,nan
cornell,BundleSheaf,false,2,2,last,1,2,cohens_d_train,nan
cornell,BundleSheaf,false,2,2,last,2,2,cohens_d_train,nan
cornell,BundleSheaf,false,2,2,last,0,2,cohens_d_test,0.039129157
cornell,BundleSheaf,false,2,2,last,1,2,cohens_d_test,0.5515604
cornell,BundleSheaf,false,2,2,last,2,2,cohens_d_test,0.60715735
cornell,BundleSheaf,false,2,2,last,0,3,degree,0.016466025835530564
cornell,BundleSheaf,false,2,2,last,1,3,degree,0.7273035525421936
cornell,BundleSheaf,false,2,2,last,2,3,degree,0.7268623977504292
cornell,BundleSheaf,false,2,2,last,0,3,betweenness,0.024276366791865876
cornell,BundleSheaf,false,2,2,last,1,3,betweenness,0.6525987090238177
cornell,BundleSheaf,false,2,2,last,2,3,betweenness,0.6518839584560379
cornell,BundleSheaf,false,2,2,last,0,3,confidence,0.5834338505400516
cornell,BundleSheaf,false,2,2,last,1,3,confidence,0.8402598826690062
cornell,BundleSheaf,false,2,2,last,2,3,confidence,0.8407964095775928
cornell,BundleSheaf,false,2,2,last,0,3,saliency,-0.4342147517486078
cornell,BundleSheaf,false,2,2,last,1,3,saliency,-0.20588338959686078
cornell,BundleSheaf,false,2,2,last,2,3,saliency,-0.20673321689002377
cornell,BundleSheaf,false,2,2,last,0,3,cohens_d_train,nan
cornell,BundleSheaf,false,2,2,last,1,3,cohens_d_train,nan
cornell,BundleSheaf,false,2,2,last,2,3,cohens_d_train,nan
cornell,BundleSheaf,false,2,2,last,0,3,cohens_d_test,0.3721398
cornell,BundleSheaf,false,2,2,last,1,3,cohens_d_test,0.09106275
cornell,BundleSheaf,false,2,2,last,2,3,cohens_d_test,0.087767854
cornell,BundleSheaf,false,2,2,last,0,4,degree,0.0005680763559843018
cornell,BundleSheaf,false,2,2,last,1,4,degree,0.5574436042978784
cornell,BundleSheaf,false,2,2,last,2,4,degree,0.5521006158686207
cornell,BundleSheaf,false,2,2,last,0,4,betweenness,-0.024052090220744334
cornell,BundleSheaf,false,2,2,last,1,4,betweenness,0.4957864169340872
cornell,BundleSheaf,false,2,2,last,2,4,betweenness,0.49661959391559013
cornell,BundleSheaf,false,2,2,last,0,4,confidence,0.6412691015328221
cornell,BundleSheaf,false,2,2,last,1,4,confidence,0.8440429848127641
cornell,BundleSheaf,false,2,2,last,2,4,confidence,0.8597393340800327
cornell,BundleSheaf,false,2,2,last,0,4,saliency,-0.4687052078356426
cornell,BundleSheaf,false,2,2,last,1,4,saliency,-0.5727111448779304
cornell,BundleSheaf,false,2,2,last,2,4,saliency,-0.5858991329411858
cornell,BundleSheaf,false,2,2,last,0,4,cohens_d_train,nan
cornell,BundleSheaf,false,2,2,last,1,4,cohens_d_train,nan
cornell,BundleSheaf,false,2,2,last,2,4,cohens_d_train,nan
cornell,BundleSheaf,false,2,2,last,0,4,cohens_d_test,0.5578521
cornell,BundleSheaf,false,2,2,last,1,4,cohens_d_test,0.66010314
cornell,BundleSheaf,false,2,2,last,2,4,cohens_d_test,0.67893386
cornell,BundleSheaf,false,2,2,last,0,5,degree,0.059863988749725885
cornell,BundleSheaf,false,2,2,last,1,5,degree,0.6998680234506562
cornell,BundleSheaf,false,2,2,last,2,5,degree,0.7194313448775534
cornell,BundleSheaf,false,2,2,last,0,5,betweenness,0.08783781427761415
cornell,BundleSheaf,false,2,2,last,1,5,betweenness,0.6031603973905639
cornell,BundleSheaf,false,2,2,last,2,5,betweenness,0.6175853633948482
cornell,BundleSheaf,false,2,2,last,0,5,confidence,0.5233528836133187
cornell,BundleSheaf,false,2,2,last,1,5,confidence,0.8127436951939203
cornell,BundleSheaf,false,2,2,last,2,5,confidence,0.7919033350353682
cornell,BundleSheaf,false,2,2,last,0,5,saliency,-0.34960210851158824
cornell,BundleSheaf,false,2,2,last,1,5,saliency,-0.06597127035473438
cornell,BundleSheaf,false,2,2,last,2,5,saliency,-0.04009461671614202
cornell,BundleSheaf,false,2,2,last,0,5,cohens_d_train,nan
cornell,BundleSheaf,false,2,2,last,1,5,cohens_d_train,nan
cornell,BundleSheaf,false,2,2,last,2,5,cohens_d_train,nan
cornell,BundleSheaf,false,2,2,last,0,5,cohens_d_test,0.49222368
cornell,BundleSheaf,false,2,2,last,1,5,cohens_d_test,0.44212362
cornell,BundleSheaf,false,2,2,last,2,5,cohens_d_test,0.5071532
cornell,BundleSheaf,false,2,2,last,0,6,degree,-0.05795197679841297
cornell,BundleSheaf,false,2,2,last,1,6,degree,0.06115981697797116
cornell,BundleSheaf,false,2,2,last,2,6,degree,0.37383723179974504
cornell,BundleSheaf,false,2,2,last,0,6,betweenness,-0.06750724790758282
cornell,BundleSheaf,false,2,2,last,1,6,betweenness,0.04582892606810149
cornell,BundleSheaf,false,2,2,last,2,6,betweenness,0.3460136843220361
cornell,BundleSheaf,false,2,2,last,0,6,confidence,0.6364344849733304
cornell,BundleSheaf,false,2,2,last,1,6,confidence,0.7265729637433131
cornell,BundleSheaf,false,2,2,last,2,6,confidence,0.7714689088530857
cornell,BundleSheaf,false,2,2,last,0,6,saliency,-0.6302781324164076
cornell,BundleSheaf,false,2,2,last,1,6,saliency,-0.6207400938334653
cornell,BundleSheaf,false,2,2,last,2,6,saliency,-0.5670306172800827
cornell,BundleSheaf,false,2,2,last,0,6,cohens_d_train,nan
cornell,BundleSheaf,false,2,2,last,1,6,cohens_d_train,nan
cornell,BundleSheaf,false,2,2,last,2,6,cohens_d_train,nan
cornell,BundleSheaf,false,2,2,last,0,6,cohens_d_test,0.11438476
cornell,BundleSheaf,false,2,2,last,1,6,cohens_d_test,0.10345587
cornell,BundleSheaf,false,2,2,last,2,6,cohens_d_test,0.0770733
cornell,BundleSheaf,false,2,2,last,0,7,degree,-0.027738503148062303
cornell,BundleSheaf,false,2,2,last,1,7,degree,0.5023391742063994
cornell,BundleSheaf,false,2,2,last,2,7,degree,0.5333366955841086
cornell,BundleSheaf,false,2,2,last,0,7,betweenness,-0.05483352559649519
cornell,BundleSheaf,false,2,2,last,1,7,betweenness,0.40680521135229736
cornell,BundleSheaf,false,2,2,last,2,7,betweenness,0.4425029149295956
cornell,BundleSheaf,false,2,2,last,0,7,confidence,0.5287727240685188
cornell,BundleSheaf,false,2,2,last,1,7,confidence,0.7814964792869286
cornell,BundleSheaf,false,2,2,last,2,7,confidence,0.7393438706696014
cornell,BundleSheaf,false,2,2,last,0,7,saliency,-0.5064167835016019
cornell,BundleSheaf,false,2,2,last,1,7,saliency,-0.437559233353959
cornell,BundleSheaf,false,2,2,last,2,7,saliency,-0.38410039710823757
cornell,BundleSheaf,false,2,2,last,0,7,cohens_d_train,nan
cornell,BundleSheaf,false,2,2,last,1,7,cohens_d_train,nan
cornell,BundleSheaf,false,2,2,last,2,7,cohens_d_train,nan
cornell,BundleSheaf,false,2,2,last,0,7,cohens_d_test,0.008390031
cornell,BundleSheaf,false,2,2,last,1,7,cohens_d_test,0.11207775
cornell,BundleSheaf,false,2,2,last,2,7,cohens_d_test,0.056387093
cornell,BundleSheaf,false,2,2,last,0,8,degree,0.06458055784589825
cornell,BundleSheaf,false,2,2,last,1,8,degree,0.5694213151406321
cornell,BundleSheaf,false,2,2,last,2,8,degree,0.5744592823913613
cornell,BundleSheaf,false,2,2,last,0,8,betweenness,0.07595744413633494
cornell,BundleSheaf,false,2,2,last,1,8,betweenness,0.5129792073511379
cornell,BundleSheaf,false,2,2,last,2,8,betweenness,0.521085652573685
cornell,BundleSheaf,false,2,2,last,0,8,confidence,0.742657022236495
cornell,BundleSheaf,false,2,2,last,1,8,confidence,0.8224507139332515
cornell,BundleSheaf,false,2,2,last,2,8,confidence,0.814908007174579
cornell,BundleSheaf,false,2,2,last,0,8,saliency,-0.6635153869651377
cornell,BundleSheaf,false,2,2,last,1,8,saliency,-0.5324148410392175
cornell,BundleSheaf,false,2,2,last,2,8,saliency,-0.5264640918596728
cornell,BundleSheaf,false,2,2,last,0,8,cohens_d_train,nan
cornell,BundleSheaf,false,2,2,last,1,8,cohens_d_train,nan
cornell,BundleSheaf,false,2,2,last,2,8,cohens_d_train,nan
cornell,BundleSheaf,false,2,2,last,0,8,cohens_d_test,0.022385487
cornell,BundleSheaf,false,2,2,last,1,8,cohens_d_test,0.6647292
cornell,BundleSheaf,false,2,2,last,2,8,cohens_d_test,0.69800484
cornell,BundleSheaf,false,2,2,last,0,9,degree,-0.030190955308311646
cornell,BundleSheaf,false,2,2,last,1,9,degree,0.6587372481553891
cornell,BundleSheaf,false,2,2,last,2,9,degree,0.5048602049537676
cornell,BundleSheaf,false,2,2,last,0,9,betweenness,-0.05222500043050683
cornell,BundleSheaf,false,2,2,last,1,9,betweenness,0.5699601287150536
cornell,BundleSheaf,false,2,2,last,2,9,betweenness,0.47160751612873686
cornell,BundleSheaf,false,2,2,last,0,9,confidence,0.5107403288087536
cornell,BundleSheaf,false,2,2,last,1,9,confidence,0.6973655353911948
cornell,BundleSheaf,false,2,2,last,2,9,confidence,0.6723191277717294
cornell,BundleSheaf,false,2,2,last,0,9,saliency,-0.3705540717301231
cornell,BundleSheaf,false,2,2,last,1,9,saliency,-0.26697109020701326
cornell,BundleSheaf,false,2,2,last,2,9,saliency,-0.31030444964871196
cornell,BundleSheaf,false,2,2,last,0,9,cohens_d_train,nan
cornell,BundleSheaf,false,2,2,last,1,9,cohens_d_train,nan
cornell,BundleSheaf,false,2,2,last,2,9,cohens_d_train,nan
cornell,BundleSheaf,false,2,2,last,0,9,cohens_d_test,0.026708925
cornell,BundleSheaf,false,2,2,last,1,9,cohens_d_test,0.09527168
cornell,BundleSheaf,false,2,2,last,2,9,cohens_d_test,0.1610706
