dataset,model,normalised,d,layers,checkpoint,layer,fold,observable,value
minesweeper,BundleSheaf,false,5,6,epoch-0,0,0,degree,0.011013339084604102
minesweeper,BundleSheaf,false,5,6,epoch-0,1,0,degree,0.14910910262176125
minesweeper,BundleSheaf,false,5,6,epoch-0,2,0,degree,0.24918390694249268
minesweeper,BundleSheaf,false,5,6,epoch-0,3,0,degree,0.3120602727274206
minesweeper,BundleSheaf,false,5,6,epoch-0,4,0,degree,0.33387622691854024
minesweeper,BundleSheaf,false,5,6,epoch-0,5,0,degree,0.3351942908250544
minesweeper,BundleSheaf,false,5,6,epoch-0,6,0,degree,0.33607003873788505
minesweeper,BundleSheaf,false,5,6,epoch-0,0,0,betweenness,0.008264540947826448
minesweeper,BundleSheaf,false,5,6,epoch-0,1,0,betweenness,0.08080300436754695
minesweeper,BundleSheaf,false,5,6,epoch-0,2,0,betweenness,0.11012624459021812
minesweeper,BundleSheaf,false,5,6,epoch-0,3,0,betweenness,0.1339623036244457
minesweeper,BundleSheaf,false,5,6,epoch-0,4,0,betweenness,0.14630046082627143
minesweeper,BundleSheaf,false,5,6,epoch-0,5,0,betweenness,0.14972380880107733
minesweeper,BundleSheaf,false,5,6,epoch-0,6,0,betweenness,0.15645807778021326
minesweeper,BundleSheaf,false,5,6,epoch-0,0,0,confidence,0.0066692972841578485
minesweeper,BundleSheaf,false,5,6,epoch-0,1,0,confidence,0.018140521363608223
minesweeper,BundleSheaf,false,5,6,epoch-0,2,0,confidence,0.011441384307896242
minesweeper,BundleSheaf,false,5,6,epoch-0,3,0,confidence,0.010446481034977953
minesweeper,BundleSheaf,false,5,6,epoch-0,4,0,confidence,0.004500934053201147
minesweeper,BundleSheaf,false,5,6,epoch-0,5,0,confidence,0.011303038626298712
minesweeper,BundleSheaf,false,5,6,epoch-0,6,0,confidence,0.01667434349930637
minesweeper,BundleSheaf,false,5,6,epoch-0,0,0,saliency,0.04299587095880595
minesweeper,BundleSheaf,false,5,6,epoch-0,1,0,saliency,0.09087564843789912
minesweeper,BundleSheaf,false,5,6,epoch-0,2,0,saliency,0.14306743679924958
minesweeper,BundleSheaf,false,5,6,epoch-0,3,0,saliency,0.15519586342735536
minesweeper,BundleSheaf,false,5,6,epoch-0,4,0,saliency,0.16927669067629042
minesweeper,BundleSheaf,false,5,6,epoch-0,5,0,saliency,0.16626668555066207
minesweeper,BundleSheaf,false,5,6,epoch-0,6,0,saliency,0.16797346978924646
minesweeper,BundleSheaf,false,5,6,epoch-0,0,0,cohens_d_train,0.14989223
minesweeper,BundleSheaf,false,5,6,epoch-0,1,0,cohens_d_train,0.011191495
minesweeper,BundleSheaf,false,5,6,epoch-0,2,0,cohens_d_train,0.083897725
minesweeper,BundleSheaf,false,5,6,epoch-0,3,0,cohens_d_train,0.062108498
minesweeper,BundleSheaf,false,5,6,epoch-0,4,0,cohens_d_train,0.095167436
minesweeper,BundleSheaf,false,5,6,epoch-0,5,0,cohens_d_train,0.060428638
minesweeper,BundleSheaf,false,5,6,epoch-0,6,0,cohens_d_train,0.057684124
minesweeper,BundleSheaf,false,5,6,epoch-0,0,0,cohens_d_test,0.037662312
minesweeper,BundleSheaf,false,5,6,epoch-0,1,0,cohens_d_test,0.010748016
minesweeper,BundleSheaf,false,5,6,epoch-0,2,0,cohens_d_test,0.12891634
minesweeper,BundleSheaf,false,5,6,epoch-0,3,0,cohens_d_test,0.08396476
minesweeper,BundleSheaf,false,5,6,epoch-0,4,0,cohens_d_test,0.17540812
minesweeper,BundleSheaf,false,5,6,epoch-0,5,0,cohens_d_test,0.11845092
minesweeper,BundleSheaf,false,5,6,epoch-0,6,0,cohens_d_test,0.11898475
minesweeper,BundleSheaf,false,5,6,epoch-0,0,1,degree,-0.012524177631766643
minesweeper,BundleSheaf,false,5,6,epoch-0,1,1,degree,0.1935010700114721
minesweeper,BundleSheaf,false,5,6,epoch-0,2,1,degree,0.252502761290037
minesweeper,BundleSheaf,false,5,6,epoch-0,3,1,degree,0.31290865777725724
minesweeper,BundleSheaf,false,5,6,epoch-0,4,1,degree,0.33102852912417763
minesweeper,BundleSheaf,false,5,6,epoch-0,5,1,degree,0.33456863887865745
minesweeper,BundleSheaf,false,5,6,epoch-0,6,1,degree,0.33472164080689454
minesweeper,BundleSheaf,false,5,6,epoch-0,0,1,betweenness,0.015435601436771411
minesweeper,BundleSheaf,false,5,6,epoch-0,1,1,betweenness,0.08957122061950216
minesweeper,BundleSheaf,false,5,6,epoch-0,2,1,betweenness,0.10859144764745264
minesweeper,BundleSheaf,false,5,6,epoch-0,3,1,betweenness,0.12896890704510577
minesweeper,BundleSheaf,false,5,6,epoch-0,4,1,betweenness,0.12721605859674034
minesweeper,BundleSheaf,false,5,6,epoch-0,5,1,betweenness,0.13033376923842072
minesweeper,BundleSheaf,false,5,6,epoch-0,6,1,betweenness,0.13713031265106262
minesweeper,BundleSheaf,false,5,6,epoch-0,0,1,confidence,0.0014598359871796493
minesweeper,BundleSheaf,false,5,6,epoch-0,1,1,confidence,0.014253717173648178
minesweeper,BundleSheaf,false,5,6,epoch-0,2,1,confidence,0.014684514478955694
minesweeper,BundleSheaf,false,5,6,epoch-0,3,1,confidence,0.01896728010409682
minesweeper,BundleSheaf,false,5,6,epoch-0,4,1,confidence,0.024059972030145572
minesweeper,BundleSheaf,false,5,6,epoch-0,5,1,confidence,0.024099867015968883
minesweeper,BundleSheaf,false,5,6,epoch-0,6,1,confidence,0.025462569365193297
minesweeper,BundleSheaf,false,5,6,epoch-0,0,1,saliency,0.011068339481181418
minesweeper,BundleSheaf,false,5,6,epoch-0,1,1,saliency,0.09764563504019014
minesweeper,BundleSheaf,false,5,6,epoch-0,2,1,saliency,0.10816491624424511
minesweeper,BundleSheaf,false,5,6,epoch-0,3,1,saliency,0.12301796981002497
minesweeper,BundleSheaf,false,5,6,epoch-0,4,1,saliency,0.1296651427098184
minesweeper,BundleSheaf,false,5,6,epoch-0,5,1,saliency,0.12401090821159722
minesweeper,BundleSheaf,false,5,6,epoch-0,6,1,saliency,0.12574031231328922
minesweeper,BundleSheaf,false,5,6,epoch-0,0,1,cohens_d_train,0.42322946
minesweeper,BundleSheaf,false,5,6,epoch-0,1,1,cohens_d_train,0.13894308
minesweeper,BundleSheaf,false,5,6,epoch-0,2,1,cohens_d_train,0.10775795
minesweeper,BundleSheaf,false,5,6,epoch-0,3,1,cohens_d_train,0.026550276
minesweeper,BundleSheaf,false,5,6,epoch-0,4,1,cohens_d_train,0.0535148
minesweeper,BundleSheaf,false,5,6,epoch-0,5,1,cohens_d_train,0.022846363
minesweeper,BundleSheaf,false,5,6,epoch-0,6,1,cohens_d_train,0.04256306
minesweeper,BundleSheaf,false,5,6,epoch-0,0,1,cohens_d_test,0.20957382
minesweeper,BundleSheaf,false,5,6,epoch-0,1,1,cohens_d_test,0.039661303
minesweeper,BundleSheaf,false,5,6,epoch-0,2,1,cohens_d_test,0.026370661
minesweeper,BundleSheaf,false,5,6,epoch-0,3,1,cohens_d_test,0.07146221
minesweeper,BundleSheaf,false,5,6,epoch-0,4,1,cohens_d_test,0.14592355
minesweeper,BundleSheaf,false,5,6,epoch-0,5,1,cohens_d_test,0.13100815
minesweeper,BundleSheaf,false,5,6,epoch-0,6,1,cohens_d_test,0.11175351
minesweeper,BundleSheaf,false,5,6,epoch-0,0,2,degree,-0.0012919568026631154
minesweeper,BundleSheaf,false,5,6,epoch-0,1,2,degree,0.1933976778400603
minesweeper,BundleSheaf,false,5,6,epoch-0,2,2,degree,0.25666989058818046
minesweeper,BundleSheaf,false,5,6,epoch-0,3,2,degree,0.31352753268805655
minesweeper,BundleSheaf,false,5,6,epoch-0,4,2,degree,0.3309257108178721
minesweeper,BundleSheaf,false,5,6,epoch-0,5,2,degree,0.33463686667176784
minesweeper,BundleSheaf,false,5,6,epoch-0,6,2,degree,0.3368255173844472
minesweeper,BundleSheaf,false,5,6,epoch-0,0,2,betweenness,-0.01777902838653541
minesweeper,BundleSheaf,false,5,6,epoch-0,1,2,betweenness,0.09502159024766572
minesweeper,BundleSheaf,false,5,6,epoch-0,2,2,betweenness,0.11773346394063264
minesweeper,BundleSheaf,false,5,6,epoch-0,3,2,betweenness,0.13387079593873216
minesweeper,BundleSheaf,false,5,6,epoch-0,4,2,betweenness,0.13727420709968394
minesweeper,BundleSheaf,false,5,6,epoch-0,5,2,betweenness,0.13099697847629269
minesweeper,BundleSheaf,false,5,6,epoch-0,6,2,betweenness,0.14240762928291187
minesweeper,BundleSheaf,false,5,6,epoch-0,0,2,confidence,0.001121717656680544
minesweeper,BundleSheaf,false,5,6,epoch-0,1,2,confidence,0.02158960623308465
minesweeper,BundleSheaf,false,5,6,epoch-0,2,2,confidence,0.027974404357086157
minesweeper,BundleSheaf,false,5,6,epoch-0,3,2,confidence,0.030125669775371847
minesweeper,BundleSheaf,false,5,6,epoch-0,4,2,confidence,0.028809960143780476
minesweeper,BundleSheaf,false,5,6,epoch-0,5,2,confidence,0.02765275333602157
minesweeper,BundleSheaf,false,5,6,epoch-0,6,2,confidence,0.026848207619266207
minesweeper,BundleSheaf,false,5,6,epoch-0,0,2,saliency,-0.016423236107418526
minesweeper,BundleSheaf,false,5,6,epoch-0,1,2,saliency,0.07863070140866817
minesweeper,BundleSheaf,false,5,6,epoch-0,2,2,saliency,0.09586995090042516
minesweeper,BundleSheaf,false,5,6,epoch-0,3,2,saliency,0.11982307222238754
minesweeper,BundleSheaf,false,5,6,epoch-0,4,2,saliency,0.13379345784113872
minesweeper,BundleSheaf,false,5,6,epoch-0,5,2,saliency,0.14525781853344974
minesweeper,BundleSheaf,false,5,6,epoch-0,6,2,saliency,0.1403488889304362
minesweeper,BundleSheaf,false,5,6,epoch-0,0,2,cohens_d_train,0.403056
minesweeper,BundleSheaf,false,5,6,epoch-0,1,2,cohens_d_train,0.39822844
minesweeper,BundleSheaf,false,5,6,epoch-0,2,2,cohens_d_train,0.3636237
minesweeper,BundleSheaf,false,5,6,epoch-0,3,2,cohens_d_train,0.35826245
minesweeper,BundleSheaf,false,5,6,epoch-0,4,2,cohens_d_train,0.3641708
minesweeper,BundleSheaf,false,5,6,epoch-0,5,2,cohens_d_train,0.36004093
minesweeper,BundleSheaf,false,5,6,epoch-0,6,2,cohens_d_train,0.34502056
minesweeper,BundleSheaf,false,5,6,epoch-0,0,2,cohens_d_test,0.35561153
minesweeper,BundleSheaf,false,5,6,epoch-0,1,2,cohens_d_test,0.30975926
minesweeper,BundleSheaf,false,5,6,epoch-0,2,2,cohens_d_test,0.31457093
minesweeper,BundleSheaf,false,5,6,epoch-0,3,2,cohens_d_test,0.31166765
minesweeper,BundleSheaf,false,5,6,epoch-0,4,2,cohens_d_test,0.33461225
minesweeper,BundleSheaf,false,5,6,epoch-0,5,2,cohens_d_test,0.30203158
minesweeper,BundleSheaf,false,5,6,epoch-0,6,2,cohens_d_test,0.310722
minesweeper,BundleSheaf,false,5,6,epoch-0,0,3,degree,-0.019728243185258725
minesweeper,BundleSheaf,false,5,6,epoch-0,1,3,degree,0.17296247465435566
minesweeper,BundleSheaf,false,5,6,epoch-0,2,3,degree,0.27082548001428675
minesweeper,BundleSheaf,false,5,6,epoch-0,3,3,degree,0.32084836576619163
minesweeper,BundleSheaf,false,5,6,epoch-0,4,3,degree,0.3337571208307359
minesweeper,BundleSheaf,false,5,6,epoch-0,5,3,degree,0.33555539769285786
minesweeper,BundleSheaf,false,5,6,epoch-0,6,3,degree,0.3352789683981469
minesweeper,BundleSheaf,false,5,6,epoch-0,0,3,betweenness,0.017691896271515083
minesweeper,BundleSheaf,false,5,6,epoch-0,1,3,betweenness,0.08526190404972225
minesweeper,BundleSheaf,false,5,6,epoch-0,2,3,betweenness,0.12306627321546232
minesweeper,BundleSheaf,false,5,6,epoch-0,3,3,betweenness,0.1437132479847373
minesweeper,BundleSheaf,false,5,6,epoch-0,4,3,betweenness,0.16196885500103353
minesweeper,BundleSheaf,false,5,6,epoch-0,5,3,betweenness,0.16181160825945587
minesweeper,BundleSheaf,false,5,6,epoch-0,6,3,betweenness,0.16832961186986098
minesweeper,BundleSheaf,false,5,6,epoch-0,0,3,confidence,0.0035253287727657536
minesweeper,BundleSheaf,false,5,6,epoch-0,1,3,confidence,-0.00409562986925896
minesweeper,BundleSheaf,false,5,6,epoch-0,2,3,confidence,-0.005525354144182262
minesweeper,BundleSheaf,false,5,6,epoch-0,3,3,confidence,-0.005606241824572358
minesweeper,BundleSheaf,false,5,6,epoch-0,4,3,confidence,-0.003249912144244282
minesweeper,BundleSheaf,false,5,6,epoch-0,5,3,confidence,0.0012904189395430221
minesweeper,BundleSheaf,false,5,6,epoch-0,6,3,confidence,0.00837900369386397
minesweeper,BundleSheaf,false,5,6,epoch-0,0,3,saliency,0.06333375058580511
minesweeper,BundleSheaf,false,5,6,epoch-0,1,3,saliency,0.09832390776921994
minesweeper,BundleSheaf,false,5,6,epoch-0,2,3,saliency,0.11638533499890082
minesweeper,BundleSheaf,false,5,6,epoch-0,3,3,saliency,0.10203011477521942
minesweeper,BundleSheaf,false,5,6,epoch-0,4,3,saliency,0.10460535417836736
minesweeper,BundleSheaf,false,5,6,epoch-0,5,3,saliency,0.1030281118305902
minesweeper,BundleSheaf,false,5,6,epoch-0,6,3,saliency,0.11727705050782601
minesweeper,BundleSheaf,false,5,6,epoch-0,0,3,cohens_d_train,0.23908553
minesweeper,BundleSheaf,false,5,6,epoch-0,1,3,cohens_d_train,0.21301043
minesweeper,BundleSheaf,false,5,6,epoch-0,2,3,cohens_d_train,0.1420539
minesweeper,BundleSheaf,false,5,6,epoch-0,3,3,cohens_d_train,0.13435674
minesweeper,BundleSheaf,false,5,6,epoch-0,4,3,cohens_d_train,0.18661043
minesweeper,BundleSheaf,false,5,6,epoch-0,5,3,cohens_d_train,0.2204182
minesweeper,BundleSheaf,false,5,6,epoch-0,6,3,cohens_d_train,0.2675008
minesweeper,BundleSheaf,false,5,6,epoch-0,0,3,cohens_d_test,0.22413418
minesweeper,BundleSheaf,false,5,6,epoch-0,1,3,cohens_d_test,0.18827195
minesweeper,BundleSheaf,false,5,6,epoch-0,2,3,cohens_d_test,0.09918725
minesweeper,BundleSheaf,false,5,6,epoch-0,3,3,cohens_d_test,0.08897587
minesweeper,BundleSheaf,false,5,6,epoch-0,4,3,cohens_d_test,0.1199598
minesweeper,BundleSheaf,false,5,6,epoch-0,5,3,cohens_d_test,0.13892911
minesweeper,BundleSheaf,false,5,6,epoch-0,6,3,cohens_d_test,0.19614586
minesweeper,BundleSheaf,false,5,6,epoch-0,0,4,degree,-0.009350791654819127
minesweeper,BundleSheaf,false,5,6,epoch-0,1,4,degree,0.18420606034136705
minesweeper,BundleSheaf,false,5,6,epoch-0,2,4,degree,0.23456638352068593
minesweeper,BundleSheaf,false,5,6,epoch-0,3,4,degree,0.2974045584029404
minesweeper,BundleSheaf,false,5,6,epoch-0,4,4,degree,0.3273827266749595
minesweeper,BundleSheaf,false,5,6,epoch-0,5,4,degree,0.3335417375180578
minesweeper,BundleSheaf,false,5,6,epoch-0,6,4,degree,0.33544265000801726
minesweeper,BundleSheaf,false,5,6,epoch-0,0,4,betweenness,0.013962520932365252
minesweeper,BundleSheaf,false,5,6,epoch-0,1,4,betweenness,0.08796722549821873
minesweeper,BundleSheaf,false,5,6,epoch-0,2,4,betweenness,0.10320361984606115
minesweeper,BundleSheaf,false,5,6,epoch-0,3,4,betweenness,0.12656051791654105
minesweeper,BundleSheaf,false,5,6,epoch-0,4,4,betweenness,0.13560617314694356
minesweeper,BundleSheaf,false,5,6,epoch-0,5,4,betweenness,0.14089963950618228
minesweeper,BundleSheaf,false,5,6,epoch-0,6,4,betweenness,0.1452095051393226
minesweeper,BundleSheaf,false,5,6,epoch-0,0,4,confidence,0.007418882898964652
minesweeper,BundleSheaf,false,5,6,epoch-0,1,4,confidence,0.023326160336747722
minesweeper,BundleSheaf,false,5,6,epoch-0,2,4,confidence,0.026963921222799482
minesweeper,BundleSheaf,false,5,6,epoch-0,3,4,confidence,0.03265028501716091
minesweeper,BundleSheaf,false,5,6,epoch-0,4,4,confidence,0.03647466006646346
minesweeper,BundleSheaf,false,5,6,epoch-0,5,4,confidence,0.03499225309344428
minesweeper,BundleSheaf,false,5,6,epoch-0,6,4,confidence,0.030201177135186393
minesweeper,BundleSheaf,false,5,6,epoch-0,0,4,saliency,0.08458064931972549
minesweeper,BundleSheaf,false,5,6,epoch-0,1,4,saliency,0.1553542091413219
minesweeper,BundleSheaf,false,5,6,epoch-0,2,4,saliency,0.175663306849268
minesweeper,BundleSheaf,false,5,6,epoch-0,3,4,saliency,0.18412908987205281
minesweeper,BundleSheaf,false,5,6,epoch-0,4,4,saliency,0.17910040533515328
minesweeper,BundleSheaf,false,5,6,epoch-0,5,4,saliency,0.17622062040896413
minesweeper,BundleSheaf,false,5,6,epoch-0,6,4,saliency,0.17326393871471857
minesweeper,BundleSheaf,false,5,6,epoch-0,0,4,cohens_d_train,0.040716626
minesweeper,BundleSheaf,false,5,6,epoch-0,1,4,cohens_d_train,0.011507794
minesweeper,BundleSheaf,false,5,6,epoch-0,2,4,cohens_d_train,0.032543883
minesweeper,BundleSheaf,false,5,6,epoch-0,3,4,cohens_d_train,0.0020445709
minesweeper,BundleSheaf,false,5,6,epoch-0,4,4,cohens_d_train,0.0009014223
minesweeper,BundleSheaf,false,5,6,epoch-0,5,4,cohens_d_train,0.014976434
minesweeper,BundleSheaf,false,5,6,epoch-0,6,4,cohens_d_train,0.039523713
minesweeper,BundleSheaf,false,5,6,epoch-0,0,4,cohens_d_test,0.12424094
minesweeper,BundleSheaf,false,5,6,epoch-0,1,4,cohens_d_test,0.0025579506
minesweeper,BundleSheaf,false,5,6,epoch-0,2,4,cohens_d_test,0.026970353
minesweeper,BundleSheaf,false,5,6,epoch-0,3,4,cohens_d_test,0.008690281
minesweeper,BundleSheaf,false,5,6,epoch-0,4,4,cohens_d_test,0.0023284291
minesweeper,BundleSheaf,false,5,6,epoch-0,5,4,cohens_d_test,0.03252371
minesweeper,BundleSheaf,false,5,6,epoch-0,6,4,cohens_d_test,0.028070811
minesweeper,BundleSheaf,false,5,6,epoch-0,0,5,degree,0.03704340666336333
minesweeper,BundleSheaf,false,5,6,epoch-0,1,5,degree,0.20908100645868044
minesweeper,BundleSheaf,false,5,6,epoch-0,2,5,degree,0.27019780117860953
minesweeper,BundleSheaf,false,5,6,epoch-0,3,5,degree,0.3124740121538813
minesweeper,BundleSheaf,false,5,6,epoch-0,4,5,degree,0.32787267013790194
minesweeper,BundleSheaf,false,5,6,epoch-0,5,5,degree,0.33188393015495493
minesweeper,BundleSheaf,false,5,6,epoch-0,6,5,degree,0.3341556832253804
minesweeper,BundleSheaf,false,5,6,epoch-0,0,5,betweenness,-0.009385840997084892
minesweeper,BundleSheaf,false,5,6,epoch-0,1,5,betweenness,0.0949125618684069
minesweeper,BundleSheaf,false,5,6,epoch-0,2,5,betweenness,0.11721917973570839
minesweeper,BundleSheaf,false,5,6,epoch-0,3,5,betweenness,0.12475150445912886
minesweeper,BundleSheaf,false,5,6,epoch-0,4,5,betweenness,0.12567892105931364
minesweeper,BundleSheaf,false,5,6,epoch-0,5,5,betweenness,0.13093089480602246
minesweeper,BundleSheaf,false,5,6,epoch-0,6,5,betweenness,0.13237698074132964
minesweeper,BundleSheaf,false,5,6,epoch-0,0,5,confidence,0.01628993607303097
minesweeper,BundleSheaf,false,5,6,epoch-0,1,5,confidence,0.0031853437829256434
minesweeper,BundleSheaf,false,5,6,epoch-0,2,5,confidence,0.009013282133574852
minesweeper,BundleSheaf,false,5,6,epoch-0,3,5,confidence,0.011852989692543428
minesweeper,BundleSheaf,false,5,6,epoch-0,4,5,confidence,0.009522850006701623
minesweeper,BundleSheaf,false,5,6,epoch-0,5,5,confidence,0.008591450542802467
minesweeper,BundleSheaf,false,5,6,epoch-0,6,5,confidence,0.00668566089050046
minesweeper,BundleSheaf,false,5,6,epoch-0,0,5,saliency,0.023038033984574675
minesweeper,BundleSheaf,false,5,6,epoch-0,1,5,saliency,0.0971185959784692
minesweeper,BundleSheaf,false,5,6,epoch-0,2,5,saliency,0.11744139683276629
minesweeper,BundleSheaf,false,5,6,epoch-0,3,5,saliency,0.12837618147207258
minesweeper,BundleSheaf,false,5,6,epoch-0,4,5,saliency,0.13180349565522118
minesweeper,BundleSheaf,false,5,6,epoch-0,5,5,saliency,0.11638745911892208
minesweeper,BundleSheaf,false,5,6,epoch-0,6,5,saliency,0.10973193546096531
minesweeper,BundleSheaf,false,5,6,epoch-0,0,5,cohens_d_train,0.22528194
minesweeper,BundleSheaf,false,5,6,epoch-0,1,5,cohens_d_train,0.03266839
minesweeper,BundleSheaf,false,5,6,epoch-0,2,5,cohens_d_train,0.020098938
minesweeper,BundleSheaf,false,5,6,epoch-0,3,5,cohens_d_train,0.036730908
minesweeper,BundleSheaf,false,5,6,epoch-0,4,5,cohens_d_train,0.0055583566
minesweeper,BundleSheaf,false,5,6,epoch-0,5,5,cohens_d_train,0.007160005
minesweeper,BundleSheaf,false,5,6,epoch-0,6,5,cohens_d_train,0.022743493
minesweeper,BundleSheaf,false,5,6,epoch-0,0,5,cohens_d_test,0.13481615
minesweeper,BundleSheaf,false,5,6,epoch-0,1,5,cohens_d_test,0.03409998
minesweeper,BundleSheaf,false,5,6,epoch-0,2,5,cohens_d_test,0.06257021
minesweeper,BundleSheaf,false,5,6,epoch-0,3,5,cohens_d_test,0.08470632
minesweeper,BundleSheaf,false,5,6,epoch-0,4,5,cohens_d_test,0.027794026
minesweeper,BundleSheaf,false,5,6,epoch-0,5,5,cohens_d_test,0.034368373
minesweeper,BundleSheaf,false,5,6,epoch-0,6,5,cohens_d_test,0.05449862
minesweeper,BundleSheaf,false,5,6,epoch-0,0,6,degree,0.030118140298121023
minesweeper,BundleSheaf,false,5,6,epoch-0,1,6,degree,0.22732039302783025
minesweeper,BundleSheaf,false,5,6,epoch-0,2,6,degree,0.24992173510582807
minesweeper,BundleSheaf,false,5,6,epoch-0,3,6,degree,0.3117999606912768
minesweeper,BundleSheaf,false,5,6,epoch-0,4,6,degree,0.33235316629045314
minesweeper,BundleSheaf,false,5,6,epoch-0,5,6,degree,0.3340803708096664
minesweeper,BundleSheaf,false,5,6,epoch-0,6,6,degree,0.33541338303635165
minesweeper,BundleSheaf,false,5,6,epoch-0,0,6,betweenness,0.0016496027261991887
minesweeper,BundleSheaf,false,5,6,epoch-0,1,6,betweenness,0.10326757422781856
minesweeper,BundleSheaf,false,5,6,epoch-0,2,6,betweenness,0.10971105468338929
minesweeper,BundleSheaf,false,5,6,epoch-0,3,6,betweenness,0.133123706747627
minesweeper,BundleSheaf,false,5,6,epoch-0,4,6,betweenness,0.14205190503363294
minesweeper,BundleSheaf,false,5,6,epoch-0,5,6,betweenness,0.14599020933715776
minesweeper,BundleSheaf,false,5,6,epoch-0,6,6,betweenness,0.14757588284484247
minesweeper,BundleSheaf,false,5,6,epoch-0,0,6,confidence,-0.00043176956910007184
minesweeper,BundleSheaf,false,5,6,epoch-0,1,6,confidence,0.02315160699395146
minesweeper,BundleSheaf,false,5,6,epoch-0,2,6,confidence,0.018409140977717973
minesweeper,BundleSheaf,false,5,6,epoch-0,3,6,confidence,0.018526320598358247
minesweeper,BundleSheaf,false,5,6,epoch-0,4,6,confidence,0.0215832066274815
minesweeper,BundleSheaf,false,5,6,epoch-0,5,6,confidence,0.02387779831661853
minesweeper,BundleSheaf,false,5,6,epoch-0,6,6,confidence,0.027715525558869466
minesweeper,BundleSheaf,false,5,6,epoch-0,0,6,saliency,0.024166843465839614
minesweeper,BundleSheaf,false,5,6,epoch-0,1,6,saliency,0.10314829256595714
minesweeper,BundleSheaf,false,5,6,epoch-0,2,6,saliency,0.0922152275635355
minesweeper,BundleSheaf,false,5,6,epoch-0,3,6,saliency,0.11534423029021056
minesweeper,BundleSheaf,false,5,6,epoch-0,4,6,saliency,0.1251306555348081
minesweeper,BundleSheaf,false,5,6,epoch-0,5,6,saliency,0.12316069975508491
minesweeper,BundleSheaf,false,5,6,epoch-0,6,6,saliency,0.11189829854366855
minesweeper,BundleSheaf,false,5,6,epoch-0,0,6,cohens_d_train,0.085263796
minesweeper,BundleSheaf,false,5,6,epoch-0,1,6,cohens_d_train,0.054506898
minesweeper,BundleSheaf,false,5,6,epoch-0,2,6,cohens_d_train,0.04100535
minesweeper,BundleSheaf,false,5,6,epoch-0,3,6,cohens_d_train,0.034026146
minesweeper,BundleSheaf,false,5,6,epoch-0,4,6,cohens_d_train,0.033499315
minesweeper,BundleSheaf,false,5,6,epoch-0,5,6,cohens_d_train,0.06018602
minesweeper,BundleSheaf,false,5,6,epoch-0,6,6,cohens_d_train,0.08969254
minesweeper,BundleSheaf,false,5,6,epoch-0,0,6,cohens_d_test,0.076681465
minesweeper,BundleSheaf,false,5,6,epoch-0,1,6,cohens_d_test,0.0061589256
minesweeper,BundleSheaf,false,5,6,epoch-0,2,6,cohens_d_test,0.008978133
minesweeper,BundleSheaf,false,5,6,epoch-0,3,6,cohens_d_test,0.024799116
minesweeper,BundleSheaf,false,5,6,epoch-0,4,6,cohens_d_test,0.03337111
minesweeper,BundleSheaf,false,5,6,epoch-0,5,6,cohens_d_test,0.016229557
minesweeper,BundleSheaf,false,5,6,epoch-0,6,6,cohens_d_test,0.031437814
minesweeper,BundleSheaf,false,5,6,epoch-0,0,7,degree,0.006687040733183985
minesweeper,BundleSheaf,false,5,6,epoch-0,1,7,degree,0.21450480078612197
minesweeper,BundleSheaf,false,5,6,epoch-0,2,7,degree,0.26263377194873405
minesweeper,BundleSheaf,false,5,6,epoch-0,3,7,degree,0.31134646942689936
minesweeper,BundleSheaf,false,5,6,epoch-0,4,7,degree,0.32818081385113984
minesweeper,BundleSheaf,false,5,6,epoch-0,5,7,degree,0.32940112954406264
minesweeper,BundleSheaf,false,5,6,epoch-0,6,7,degree,0.33302374546497016
minesweeper,BundleSheaf,false,5,6,epoch-0,0,7,betweenness,-0.014513696846787973
minesweeper,BundleSheaf,false,5,6,epoch-0,1,7,betweenness,0.0951990364062934
minesweeper,BundleSheaf,false,5,6,epoch-0,2,7,betweenness,0.10961513452508403
minesweeper,BundleSheaf,false,5,6,epoch-0,3,7,betweenness,0.12334320333750237
minesweeper,BundleSheaf,false,5,6,epoch-0,4,7,betweenness,0.12358231523227213
minesweeper,BundleSheaf,false,5,6,epoch-0,5,7,betweenness,0.120199840499965
minesweeper,BundleSheaf,false,5,6,epoch-0,6,7,betweenness,0.1298546993708322
minesweeper,BundleSheaf,false,5,6,epoch-0,0,7,confidence,-0.028798994185031956
minesweeper,BundleSheaf,false,5,6,epoch-0,1,7,confidence,0.026927231203318178
minesweeper,BundleSheaf,false,5,6,epoch-0,2,7,confidence,0.02750154485953335
minesweeper,BundleSheaf,false,5,6,epoch-0,3,7,confidence,0.028291484480818526
minesweeper,BundleSheaf,false,5,6,epoch-0,4,7,confidence,0.02164911391303515
minesweeper,BundleSheaf,false,5,6,epoch-0,5,7,confidence,0.027209650838368737
minesweeper,BundleSheaf,false,5,6,epoch-0,6,7,confidence,0.027615539549934065
minesweeper,BundleSheaf,false,5,6,epoch-0,0,7,saliency,-0.024978109870709416
minesweeper,BundleSheaf,false,5,6,epoch-0,1,7,saliency,0.14280934564089628
minesweeper,BundleSheaf,false,5,6,epoch-0,2,7,saliency,0.15251294786141717
minesweeper,BundleSheaf,false,5,6,epoch-0,3,7,saliency,0.16959586352846742
minesweeper,BundleSheaf,false,5,6,epoch-0,4,7,saliency,0.17351342447617532
minesweeper,BundleSheaf,false,5,6,epoch-0,5,7,saliency,0.17087830876729573
minesweeper,BundleSheaf,false,5,6,epoch-0,6,7,saliency,0.1696831126733402
minesweeper,BundleSheaf,false,5,6,epoch-0,0,7,cohens_d_train,0.0701089
minesweeper,BundleSheaf,false,5,6,epoch-0,1,7,cohens_d_train,0.078808635
minesweeper,BundleSheaf,false,5,6,epoch-0,2,7,cohens_d_train,0.026176823
minesweeper,BundleSheaf,false,5,6,epoch-0,3,7,cohens_d_train,0.01907858
minesweeper,BundleSheaf,false,5,6,epoch-0,4,7,cohens_d_train,0.005582219
minesweeper,BundleSheaf,false,5,6,epoch-0,5,7,cohens_d_train,0.0071501243
minesweeper,BundleSheaf,false,5,6,epoch-0,6,7,cohens_d_train,0.0013491869
minesweeper,BundleSheaf,false,5,6,epoch-0,0,7,cohens_d_test,0.10468533
minesweeper,BundleSheaf,false,5,6,epoch-0,1,7,cohens_d_test,0.0067804754
minesweeper,BundleSheaf,false,5,6,epoch-0,2,7,cohens_d_test,0.039429363
minesweeper,BundleSheaf,false,5,6,epoch-0,3,7,cohens_d_test,0.07148289
minesweeper,BundleSheaf,false,5,6,epoch-0,4,7,cohens_d_test,0.11802071
minesweeper,BundleSheaf,false,5,6,epoch-0,5,7,cohens_d_test,0.10471765
minesweeper,BundleSheaf,false,5,6,epoch-0,6,7,cohens_d_test,0.124623954
minesweeper,BundleSheaf,false,5,6,epoch-0,0,8,degree,0.014572053414225693
minesweeper,BundleSheaf,false,5,6,epoch-0,1,8,degree,0.19883933228146364
minesweeper,BundleSheaf,false,5,6,epoch-0,2,8,degree,0.2543599742166257
minesweeper,BundleSheaf,false,5,6,epoch-0,3,8,degree,0.31802418829827567
minesweeper,BundleSheaf,false,5,6,epoch-0,4,8,degree,0.33329824635625727
minesweeper,BundleSheaf,false,5,6,epoch-0,5,8,degree,0.33635743824995534
minesweeper,BundleSheaf,false,5,6,epoch-0,6,8,degree,0.3369572756873277
minesweeper,BundleSheaf,false,5,6,epoch-0,0,8,betweenness,-0.01959299976123621
minesweeper,BundleSheaf,false,5,6,epoch-0,1,8,betweenness,0.09884215918324435
minesweeper,BundleSheaf,false,5,6,epoch-0,2,8,betweenness,0.11531955595769303
minesweeper,BundleSheaf,false,5,6,epoch-0,3,8,betweenness,0.13479640318441233
minesweeper,BundleSheaf,false,5,6,epoch-0,4,8,betweenness,0.14037540355207093
minesweeper,BundleSheaf,false,5,6,epoch-0,5,8,betweenness,0.1493789361960633
minesweeper,BundleSheaf,false,5,6,epoch-0,6,8,betweenness,0.15253677454468953
minesweeper,BundleSheaf,false,5,6,epoch-0,0,8,confidence,-0.008533784743861995
minesweeper,BundleSheaf,false,5,6,epoch-0,1,8,confidence,0.02925245359361203
minesweeper,BundleSheaf,false,5,6,epoch-0,2,8,confidence,0.03430189251521853
minesweeper,BundleSheaf,false,5,6,epoch-0,3,8,confidence,0.03507308622654771
minesweeper,BundleSheaf,false,5,6,epoch-0,4,8,confidence,0.033174602651893564
minesweeper,BundleSheaf,false,5,6,epoch-0,5,8,confidence,0.030876596727835083
minesweeper,BundleSheaf,false,5,6,epoch-0,6,8,confidence,0.03466215446094675
minesweeper,BundleSheaf,false,5,6,epoch-0,0,8,saliency,-0.010784576420580078
minesweeper,BundleSheaf,false,5,6,epoch-0,1,8,saliency,0.08027615764392136
minesweeper,BundleSheaf,false,5,6,epoch-0,2,8,saliency,0.10284458670968
minesweeper,BundleSheaf,false,5,6,epoch-0,3,8,saliency,0.13183323397712335
minesweeper,BundleSheaf,false,5,6,epoch-0,4,8,saliency,0.13103017669066028
minesweeper,BundleSheaf,false,5,6,epoch-0,5,8,saliency,0.13117570089572464
minesweeper,BundleSheaf,false,5,6,epoch-0,6,8,saliency,0.12213103810187513
minesweeper,BundleSheaf,false,5,6,epoch-0,0,8,cohens_d_train,0.09739468
minesweeper,BundleSheaf,false,5,6,epoch-0,1,8,cohens_d_train,0.02550622
minesweeper,BundleSheaf,false,5,6,epoch-0,2,8,cohens_d_train,0.0020763937
minesweeper,BundleSheaf,false,5,6,epoch-0,3,8,cohens_d_train,0.084879465
minesweeper,BundleSheaf,false,5,6,epoch-0,4,8,cohens_d_train,0.10060223
minesweeper,BundleSheaf,false,5,6,epoch-0,5,8,cohens_d_train,0.10922229
minesweeper,BundleSheaf,false,5,6,epoch-0,6,8,cohens_d_train,0.083322786
minesweeper,BundleSheaf,false,5,6,epoch-0,0,8,cohens_d_test,0.057380315
minesweeper,BundleSheaf,false,5,6,epoch-0,1,8,cohens_d_test,0.09316536
minesweeper,BundleSheaf,false,5,6,epoch-0,2,8,cohens_d_test,0.104110755
minesweeper,BundleSheaf,false,5,6,epoch-0,3,8,cohens_d_test,0.032094765
minesweeper,BundleSheaf,false,5,6,epoch-0,4,8,cohens_d_test,0.006620165
minesweeper,BundleSheaf,false,5,6,epoch-0,5,8,cohens_d_test,0.00032739402
minesweeper,BundleSheaf,false,5,6,epoch-0,6,8,cohens_d_test,0.02880846
minesweeper,BundleSheaf,false,5,6,epoch-0,0,9,degree,0.006511030071042912
minesweeper,BundleSheaf,false,5,6,epoch-0,1,9,degree,0.18806094184783198
minesweeper,BundleSheaf,false,5,6,epoch-0,2,9,degree,0.2549143253161104
minesweeper,BundleSheaf,false,5,6,epoch-0,3,9,degree,0.3222317832895738
minesweeper,BundleSheaf,false,5,6,epoch-0,4,9,degree,0.33587752434819407
minesweeper,BundleSheaf,false,5,6,epoch-0,5,9,degree,0.33703765425036386
minesweeper,BundleSheaf,false,5,6,epoch-0,6,9,degree,0.33729734825159785
minesweeper,BundleSheaf,false,5,6,epoch-0,0,9,betweenness,-0.010202142645325755
minesweeper,BundleSheaf,false,5,6,epoch-0,1,9,betweenness,0.09218492105149571
minesweeper,BundleSheaf,false,5,6,epoch-0,2,9,betweenness,0.11535685506502927
minesweeper,BundleSheaf,false,5,6,epoch-0,3,9,betweenness,0.14596070767886168
minesweeper,BundleSheaf,false,5,6,epoch-0,4,9,betweenness,0.15551465697121167
minesweeper,BundleSheaf,false,5,6,epoch-0,5,9,betweenness,0.1525253429596595
minesweeper,BundleSheaf,false,5,6,epoch-0,6,9,betweenness,0.14421607202151573
minesweeper,BundleSheaf,false,5,6,epoch-0,0,9,confidence,-0.007198976994224
minesweeper,BundleSheaf,false,5,6,epoch-0,1,9,confidence,0.016092176859181025
minesweeper,BundleSheaf,false,5,6,epoch-0,2,9,confidence,0.012108863572934257
minesweeper,BundleSheaf,false,5,6,epoch-0,3,9,confidence,0.009068071007053344
minesweeper,BundleSheaf,false,5,6,epoch-0,4,9,confidence,0.011585444035040486
minesweeper,BundleSheaf,false,5,6,epoch-0,5,9,confidence,0.015187131181901563
minesweeper,BundleSheaf,false,5,6,epoch-0,6,9,confidence,0.012629089869976191
minesweeper,BundleSheaf,false,5,6,epoch-0,0,9,saliency,-0.03855172461412615
minesweeper,BundleSheaf,false,5,6,epoch-0,1,9,saliency,0.10552273725343385
minesweeper,BundleSheaf,false,5,6,epoch-0,2,9,saliency,0.12589791859173458
minesweeper,BundleSheaf,false,5,6,epoch-0,3,9,saliency,0.13626373885427254
minesweeper,BundleSheaf,false,5,6,epoch-0,4,9,saliency,0.13267514049874155
minesweeper,BundleSheaf,false,5,6,epoch-0,5,9,saliency,0.12504400015069078
minesweeper,BundleSheaf,false,5,6,epoch-0,6,9,saliency,0.12318041319512998
minesweeper,BundleSheaf,false,5,6,epoch-0,0,9,cohens_d_train,0.035773583
minesweeper,BundleSheaf,false,5,6,epoch-0,1,9,cohens_d_train,0.10010425
minesweeper,BundleSheaf,false,5,6,epoch-0,2,9,cohens_d_train,0.07694507
minesweeper,BundleSheaf,false,5,6,epoch-0,3,9,cohens_d_train,0.015130273
minesweeper,BundleSheaf,false,5,6,epoch-0,4,9,cohens_d_train,0.010541175
minesweeper,BundleSheaf,false,5,6,epoch-0,5,9,cohens_d_train,0.027405454
minesweeper,BundleSheaf,false,5,6,epoch-0,6,9,cohens_d_train,0.07502991
minesweeper,BundleSheaf,false,5,6,epoch-0,0,9,cohens_d_test,0.09279918
minesweeper,BundleSheaf,false,5,6,epoch-0,1,9,cohens_d_test,0.15872689
minesweeper,BundleSheaf,false,5,6,epoch-0,2,9,cohens_d_test,0.13771741
minesweeper,BundleSheaf,false,5,6,epoch-0,3,9,cohens_d_test,0.05779912
minesweeper,BundleSheaf,false,5,6,epoch-0,4,9,cohens_d_test,0.051070224
minesweeper,BundleSheaf,false,5,6,epoch-0,5,9,cohens_d_test,0.027402861
minesweeper,BundleSheaf,false,5,6,epoch-0,6,9,cohens_d_test,0.041615322
minesweeper,BundleSheaf,false,5,6,epoch-1,0,0,degree,0.02594337467801503
minesweeper,BundleSheaf,false,5,6,epoch-1,1,0,degree,0.15824143727207954
minesweeper,BundleSheaf,false,5,6,epoch-1,2,0,degree,0.2602208304066652
minesweeper,BundleSheaf,false,5,6,epoch-1,3,0,degree,0.31196951257726363
minesweeper,BundleSheaf,false,5,6,epoch-1,4,0,degree,0.33278252738755243
minesweeper,BundleSheaf,false,5,6,epoch-1,5,0,degree,0.33484908869596053
minesweeper,BundleSheaf,false,5,6,epoch-1,6,0,degree,0.3365792396528759
minesweeper,BundleSheaf,false,5,6,epoch-1,0,0,betweenness,-0.004527290627737815
minesweeper,BundleSheaf,false,5,6,epoch-1,1,0,betweenness,0.08552779525388289
minesweeper,BundleSheaf,false,5,6,epoch-1,2,0,betweenness,0.11869383276463565
minesweeper,BundleSheaf,false,5,6,epoch-1,3,0,betweenness,0.13490145388068042
minesweeper,BundleSheaf,false,5,6,epoch-1,4,0,betweenness,0.14380497213365812
minesweeper,BundleSheaf,false,5,6,epoch-1,5,0,betweenness,0.15220301192750946
minesweeper,BundleSheaf,false,5,6,epoch-1,6,0,betweenness,0.15715160431811642
minesweeper,BundleSheaf,false,5,6,epoch-1,0,0,confidence,0.0013605299848514067
minesweeper,BundleSheaf,false,5,6,epoch-1,1,0,confidence,0.012875929451081881
minesweeper,BundleSheaf,false,5,6,epoch-1,2,0,confidence,0.017040161713349444
minesweeper,BundleSheaf,false,5,6,epoch-1,3,0,confidence,0.023008087393161993
minesweeper,BundleSheaf,false,5,6,epoch-1,4,0,confidence,0.01838621460670287
minesweeper,BundleSheaf,false,5,6,epoch-1,5,0,confidence,0.018463378886157816
minesweeper,BundleSheaf,false,5,6,epoch-1,6,0,confidence,0.02070873768602649
minesweeper,BundleSheaf,false,5,6,epoch-1,0,0,saliency,-0.028314117670266436
minesweeper,BundleSheaf,false,5,6,epoch-1,1,0,saliency,0.08865608584928113
minesweeper,BundleSheaf,false,5,6,epoch-1,2,0,saliency,0.11799567687608069
minesweeper,BundleSheaf,false,5,6,epoch-1,3,0,saliency,0.13163012201788077
minesweeper,BundleSheaf,false,5,6,epoch-1,4,0,saliency,0.1377420228706599
minesweeper,BundleSheaf,false,5,6,epoch-1,5,0,saliency,0.1386178409770101
minesweeper,BundleSheaf,false,5,6,epoch-1,6,0,saliency,0.14102748417196717
minesweeper,BundleSheaf,false,5,6,epoch-1,0,0,cohens_d_train,0.07128322
minesweeper,BundleSheaf,false,5,6,epoch-1,1,0,cohens_d_train,0.029221235
minesweeper,BundleSheaf,false,5,6,epoch-1,2,0,cohens_d_train,0.0629989
minesweeper,BundleSheaf,false,5,6,epoch-1,3,0,cohens_d_train,0.061489854
minesweeper,BundleSheaf,false,5,6,epoch-1,4,0,cohens_d_train,0.058861088
minesweeper,BundleSheaf,false,5,6,epoch-1,5,0,cohens_d_train,0.05038656
minesweeper,BundleSheaf,false,5,6,epoch-1,6,0,cohens_d_train,0.010236679
minesweeper,BundleSheaf,false,5,6,epoch-1,0,0,cohens_d_test,0.0024823663
minesweeper,BundleSheaf,false,5,6,epoch-1,1,0,cohens_d_test,0.004302165
minesweeper,BundleSheaf,false,5,6,epoch-1,2,0,cohens_d_test,0.013746915
minesweeper,BundleSheaf,false,5,6,epoch-1,3,0,cohens_d_test,0.014460583
minesweeper,BundleSheaf,false,5,6,epoch-1,4,0,cohens_d_test,0.01465219
minesweeper,BundleSheaf,false,5,6,epoch-1,5,0,cohens_d_test,0.0061491267
minesweeper,BundleSheaf,false,5,6,epoch-1,6,0,cohens_d_test,0.022645662
minesweeper,BundleSheaf,false,5,6,epoch-1,0,1,degree,-0.012524177631766643
minesweeper,BundleSheaf,false,5,6,epoch-1,1,1,degree,0.1965726042494403
minesweeper,BundleSheaf,false,5,6,epoch-1,2,1,degree,0.2634625975042687
minesweeper,BundleSheaf,false,5,6,epoch-1,3,1,degree,0.3072420757834869
minesweeper,BundleSheaf,false,5,6,epoch-1,4,1,degree,0.33174715632593443
minesweeper,BundleSheaf,false,5,6,epoch-1,5,1,degree,0.33327564387149133
minesweeper,BundleSheaf,false,5,6,epoch-1,6,1,degree,0.3345917036936877
minesweeper,BundleSheaf,false,5,6,epoch-1,0,1,betweenness,0.015435601436771411
minesweeper,BundleSheaf,false,5,6,epoch-1,1,1,betweenness,0.09400475186090154
minesweeper,BundleSheaf,false,5,6,epoch-1,2,1,betweenness,0.11759935214222711
minesweeper,BundleSheaf,false,5,6,epoch-1,3,1,betweenness,0.13637306842904923
minesweeper,BundleSheaf,false,5,6,epoch-1,4,1,betweenness,0.14503431051999943
minesweeper,BundleSheaf,false,5,6,epoch-1,5,1,betweenness,0.15241981177305702
minesweeper,BundleSheaf,false,5,6,epoch-1,6,1,betweenness,0.1678097167536349
minesweeper,BundleSheaf,false,5,6,epoch-1,0,1,confidence,0.002526226950017567
minesweeper,BundleSheaf,false,5,6,epoch-1,1,1,confidence,0.013036597294883587
minesweeper,BundleSheaf,false,5,6,epoch-1,2,1,confidence,0.017911904490114997
minesweeper,BundleSheaf,false,5,6,epoch-1,3,1,confidence,0.021555123276323352
minesweeper,BundleSheaf,false,5,6,epoch-1,4,1,confidence,0.02271158277818593
minesweeper,BundleSheaf,false,5,6,epoch-1,5,1,confidence,0.02147704876081327
minesweeper,BundleSheaf,false,5,6,epoch-1,6,1,confidence,0.018687068170840596
minesweeper,BundleSheaf,false,5,6,epoch-1,0,1,saliency,0.0007072752626055737
minesweeper,BundleSheaf,false,5,6,epoch-1,1,1,saliency,0.07490426865583961
minesweeper,BundleSheaf,false,5,6,epoch-1,2,1,saliency,0.09911255284401754
minesweeper,BundleSheaf,false,5,6,epoch-1,3,1,saliency,0.11086401794397054
minesweeper,BundleSheaf,false,5,6,epoch-1,4,1,saliency,0.12453366476883104
minesweeper,BundleSheaf,false,5,6,epoch-1,5,1,saliency,0.10497727860166238
minesweeper,BundleSheaf,false,5,6,epoch-1,6,1,saliency,0.10912337665788852
minesweeper,BundleSheaf,false,5,6,epoch-1,0,1,cohens_d_train,0.05007744
minesweeper,BundleSheaf,false,5,6,epoch-1,1,1,cohens_d_train,0.044216733
minesweeper,BundleSheaf,false,5,6,epoch-1,2,1,cohens_d_train,0.07110763
minesweeper,BundleSheaf,false,5,6,epoch-1,3,1,cohens_d_train,0.067509286
minesweeper,BundleSheaf,false,5,6,epoch-1,4,1,cohens_d_train,0.109315865
minesweeper,BundleSheaf,false,5,6,epoch-1,5,1,cohens_d_train,0.08025347
minesweeper,BundleSheaf,false,5,6,epoch-1,6,1,cohens_d_train,0.005558458
minesweeper,BundleSheaf,false,5,6,epoch-1,0,1,cohens_d_test,0.06435231
minesweeper,BundleSheaf,false,5,6,epoch-1,1,1,cohens_d_test,0.14666209
minesweeper,BundleSheaf,false,5,6,epoch-1,2,1,cohens_d_test,0.17566244
minesweeper,BundleSheaf,false,5,6,epoch-1,3,1,cohens_d_test,0.18679304
minesweeper,BundleSheaf,false,5,6,epoch-1,4,1,cohens_d_test,0.20755492
minesweeper,BundleSheaf,false,5,6,epoch-1,5,1,cohens_d_test,0.20054123
minesweeper,BundleSheaf,false,5,6,epoch-1,6,1,cohens_d_test,0.10851378
minesweeper,BundleSheaf,false,5,6,epoch-1,0,2,degree,-0.0012919568026631154
minesweeper,BundleSheaf,false,5,6,epoch-1,1,2,degree,0.19540655742814794
minesweeper,BundleSheaf,false,5,6,epoch-1,2,2,degree,0.24828120861687297
minesweeper,BundleSheaf,false,5,6,epoch-1,3,2,degree,0.31171419858303306
minesweeper,BundleSheaf,false,5,6,epoch-1,4,2,degree,0.3317504421027043
minesweeper,BundleSheaf,false,5,6,epoch-1,5,2,degree,0.3353117848228054
minesweeper,BundleSheaf,false,5,6,epoch-1,6,2,degree,0.3349560274943496
minesweeper,BundleSheaf,false,5,6,epoch-1,0,2,betweenness,-0.01777902838653541
minesweeper,BundleSheaf,false,5,6,epoch-1,1,2,betweenness,0.09381193993062788
minesweeper,BundleSheaf,false,5,6,epoch-1,2,2,betweenness,0.1073290769021206
minesweeper,BundleSheaf,false,5,6,epoch-1,3,2,betweenness,0.1268882269390696
minesweeper,BundleSheaf,false,5,6,epoch-1,4,2,betweenness,0.12820002102861539
minesweeper,BundleSheaf,false,5,6,epoch-1,5,2,betweenness,0.13321372136893292
minesweeper,BundleSheaf,false,5,6,epoch-1,6,2,betweenness,0.12264015291718451
minesweeper,BundleSheaf,false,5,6,epoch-1,0,2,confidence,0.005223178741325245
minesweeper,BundleSheaf,false,5,6,epoch-1,1,2,confidence,-0.0007569473592437572
minesweeper,BundleSheaf,false,5,6,epoch-1,2,2,confidence,9.873183324162443e-05
minesweeper,BundleSheaf,false,5,6,epoch-1,3,2,confidence,0.0023435819363914886
minesweeper,BundleSheaf,false,5,6,epoch-1,4,2,confidence,0.0006980513823862551
minesweeper,BundleSheaf,false,5,6,epoch-1,5,2,confidence,-0.0012211568848196277
minesweeper,BundleSheaf,false,5,6,epoch-1,6,2,confidence,-0.002845901789737117
minesweeper,BundleSheaf,false,5,6,epoch-1,0,2,saliency,-0.02410631974138145
minesweeper,BundleSheaf,false,5,6,epoch-1,1,2,saliency,0.07545498455842023
minesweeper,BundleSheaf,false,5,6,epoch-1,2,2,saliency,0.08666055458816542
minesweeper,BundleSheaf,false,5,6,epoch-1,3,2,saliency,0.11915788747629381
minesweeper,BundleSheaf,false,5,6,epoch-1,4,2,saliency,0.12547272386585648
minesweeper,BundleSheaf,false,5,6,epoch-1,5,2,saliency,0.1281823064569767
minesweeper,BundleSheaf,false,5,6,epoch-1,6,2,saliency,0.12548505279835634
minesweeper,BundleSheaf,false,5,6,epoch-1,0,2,cohens_d_train,0.030442296
minesweeper,BundleSheaf,false,5,6,epoch-1,1,2,cohens_d_train,0.048323363
minesweeper,BundleSheaf,false,5,6,epoch-1,2,2,cohens_d_train,0.02608765
minesweeper,BundleSheaf,false,5,6,epoch-1,3,2,cohens_d_train,0.010346195
minesweeper,BundleSheaf,false,5,6,epoch-1,4,2,cohens_d_train,0.036272496
minesweeper,BundleSheaf,false,5,6,epoch-1,5,2,cohens_d_train,0.026457034
minesweeper,BundleSheaf,false,5,6,epoch-1,6,2,cohens_d_train,0.073330775
minesweeper,BundleSheaf,false,5,6,epoch-1,0,2,cohens_d_test,0.1822049
minesweeper,BundleSheaf,false,5,6,epoch-1,1,2,cohens_d_test,0.0856777
minesweeper,BundleSheaf,false,5,6,epoch-1,2,2,cohens_d_test,0.0546217
minesweeper,BundleSheaf,false,5,6,epoch-1,3,2,cohens_d_test,0.04168366
minesweeper,BundleSheaf,false,5,6,epoch-1,4,2,cohens_d_test,0.015636498
minesweeper,BundleSheaf,false,5,6,epoch-1,5,2,cohens_d_test,0.04260006
minesweeper,BundleSheaf,false,5,6,epoch-1,6,2,cohens_d_test,0.09979896
minesweeper,BundleSheaf,false,5,6,epoch-1,0,3,degree,-0.019728243185258725
minesweeper,BundleSheaf,false,5,6,epoch-1,1,3,degree,0.16356654592020206
minesweeper,BundleSheaf,false,5,6,epoch-1,2,3,degree,0.25346291798754067
minesweeper,BundleSheaf,false,5,6,epoch-1,3,3,degree,0.3105116139411099
minesweeper,BundleSheaf,false,5,6,epoch-1,4,3,degree,0.3296432077041628
minesweeper,BundleSheaf,false,5,6,epoch-1,5,3,degree,0.3341861108287316
minesweeper,BundleSheaf,false,5,6,epoch-1,6,3,degree,0.33287076101741186
minesweeper,BundleSheaf,false,5,6,epoch-1,0,3,betweenness,0.017691896271515083
minesweeper,BundleSheaf,false,5,6,epoch-1,1,3,betweenness,0.08353183363529075
minesweeper,BundleSheaf,false,5,6,epoch-1,2,3,betweenness,0.11310252324811484
minesweeper,BundleSheaf,false,5,6,epoch-1,3,3,betweenness,0.13616914609100206
minesweeper,BundleSheaf,false,5,6,epoch-1,4,3,betweenness,0.14169815593850782
minesweeper,BundleSheaf,false,5,6,epoch-1,5,3,betweenness,0.14737403388437217
minesweeper,BundleSheaf,false,5,6,epoch-1,6,3,betweenness,0.15939015629163963
minesweeper,BundleSheaf,false,5,6,epoch-1,0,3,confidence,0.006817426458468801
minesweeper,BundleSheaf,false,5,6,epoch-1,1,3,confidence,0.0029927758299325533
minesweeper,BundleSheaf,false,5,6,epoch-1,2,3,confidence,0.008981287492028162
minesweeper,BundleSheaf,false,5,6,epoch-1,3,3,confidence,0.006942219034669879
minesweeper,BundleSheaf,false,5,6,epoch-1,4,3,confidence,0.0067638630546108846
minesweeper,BundleSheaf,false,5,6,epoch-1,5,3,confidence,0.006844385617488735
minesweeper,BundleSheaf,false,5,6,epoch-1,6,3,confidence,0.00697572614719411
minesweeper,BundleSheaf,false,5,6,epoch-1,0,3,saliency,-0.006946645180697152
minesweeper,BundleSheaf,false,5,6,epoch-1,1,3,saliency,0.07972997769720921
minesweeper,BundleSheaf,false,5,6,epoch-1,2,3,saliency,0.09856401774311863
minesweeper,BundleSheaf,false,5,6,epoch-1,3,3,saliency,0.12279825336508772
minesweeper,BundleSheaf,false,5,6,epoch-1,4,3,saliency,0.14119702707924103
minesweeper,BundleSheaf,false,5,6,epoch-1,5,3,saliency,0.13177778527775452
minesweeper,BundleSheaf,false,5,6,epoch-1,6,3,saliency,0.1382980723538105
minesweeper,BundleSheaf,false,5,6,epoch-1,0,3,cohens_d_train,0.09365929
minesweeper,BundleSheaf,false,5,6,epoch-1,1,3,cohens_d_train,0.028216308
minesweeper,BundleSheaf,false,5,6,epoch-1,2,3,cohens_d_train,0.06286327
minesweeper,BundleSheaf,false,5,6,epoch-1,3,3,cohens_d_train,0.045778133
minesweeper,BundleSheaf,false,5,6,epoch-1,4,3,cohens_d_train,0.11677326
minesweeper,BundleSheaf,false,5,6,epoch-1,5,3,cohens_d_train,0.1245321
minesweeper,BundleSheaf,false,5,6,epoch-1,6,3,cohens_d_train,0.18841219
minesweeper,BundleSheaf,false,5,6,epoch-1,0,3,cohens_d_test,0.003427275
minesweeper,BundleSheaf,false,5,6,epoch-1,1,3,cohens_d_test,0.14506315
minesweeper,BundleSheaf,false,5,6,epoch-1,2,3,cohens_d_test,0.15296188
minesweeper,BundleSheaf,false,5,6,epoch-1,3,3,cohens_d_test,0.22026886
minesweeper,BundleSheaf,false,5,6,epoch-1,4,3,cohens_d_test,0.2827712
minesweeper,BundleSheaf,false,5,6,epoch-1,5,3,cohens_d_test,0.30489096
minesweeper,BundleSheaf,false,5,6,epoch-1,6,3,cohens_d_test,0.3342591
minesweeper,BundleSheaf,false,5,6,epoch-1,0,4,degree,-0.009350791654819127
minesweeper,BundleSheaf,false,5,6,epoch-1,1,4,degree,0.17457272974922491
minesweeper,BundleSheaf,false,5,6,epoch-1,2,4,degree,0.221938631621722
minesweeper,BundleSheaf,false,5,6,epoch-1,3,4,degree,0.2914672607191295
minesweeper,BundleSheaf,false,5,6,epoch-1,4,4,degree,0.3260526563100492
minesweeper,BundleSheaf,false,5,6,epoch-1,5,4,degree,0.33300489450371185
minesweeper,BundleSheaf,false,5,6,epoch-1,6,4,degree,0.3348846599293357
minesweeper,BundleSheaf,false,5,6,epoch-1,0,4,betweenness,0.013962520932365252
minesweeper,BundleSheaf,false,5,6,epoch-1,1,4,betweenness,0.08514119511465773
minesweeper,BundleSheaf,false,5,6,epoch-1,2,4,betweenness,0.0998370936902646
minesweeper,BundleSheaf,false,5,6,epoch-1,3,4,betweenness,0.12301858410387641
minesweeper,BundleSheaf,false,5,6,epoch-1,4,4,betweenness,0.13843637019542396
minesweeper,BundleSheaf,false,5,6,epoch-1,5,4,betweenness,0.1507369062077
minesweeper,BundleSheaf,false,5,6,epoch-1,6,4,betweenness,0.15803790276712018
minesweeper,BundleSheaf,false,5,6,epoch-1,0,4,confidence,0.019954253368426787
minesweeper,BundleSheaf,false,5,6,epoch-1,1,4,confidence,0.020270777349540973
minesweeper,BundleSheaf,false,5,6,epoch-1,2,4,confidence,0.02146492403541898
minesweeper,BundleSheaf,false,5,6,epoch-1,3,4,confidence,0.02185597603720388
minesweeper,BundleSheaf,false,5,6,epoch-1,4,4,confidence,0.018504190722228232
minesweeper,BundleSheaf,false,5,6,epoch-1,5,4,confidence,0.016829811844498475
minesweeper,BundleSheaf,false,5,6,epoch-1,6,4,confidence,0.01584759443028528
minesweeper,BundleSheaf,false,5,6,epoch-1,0,4,saliency,0.01819823017236432
minesweeper,BundleSheaf,false,5,6,epoch-1,1,4,saliency,0.09209941346550807
minesweeper,BundleSheaf,false,5,6,epoch-1,2,4,saliency,0.1080932944228786
minesweeper,BundleSheaf,false,5,6,epoch-1,3,4,saliency,0.13266027431579666
minesweeper,BundleSheaf,false,5,6,epoch-1,4,4,saliency,0.14679481226635197
minesweeper,BundleSheaf,false,5,6,epoch-1,5,4,saliency,0.1504596661157563
minesweeper,BundleSheaf,false,5,6,epoch-1,6,4,saliency,0.14901282680746938
minesweeper,BundleSheaf,false,5,6,epoch-1,0,4,cohens_d_train,0.13776006
minesweeper,BundleSheaf,false,5,6,epoch-1,1,4,cohens_d_train,0.08338603
minesweeper,BundleSheaf,false,5,6,epoch-1,2,4,cohens_d_train,0.07824215
minesweeper,BundleSheaf,false,5,6,epoch-1,3,4,cohens_d_train,0.036606263
minesweeper,BundleSheaf,false,5,6,epoch-1,4,4,cohens_d_train,0.038987666
minesweeper,BundleSheaf,false,5,6,epoch-1,5,4,cohens_d_train,0.05365323
minesweeper,BundleSheaf,false,5,6,epoch-1,6,4,cohens_d_train,0.023899833
minesweeper,BundleSheaf,false,5,6,epoch-1,0,4,cohens_d_test,0.12354778
minesweeper,BundleSheaf,false,5,6,epoch-1,1,4,cohens_d_test,0.16221775
minesweeper,BundleSheaf,false,5,6,epoch-1,2,4,cohens_d_test,0.16046774
minesweeper,BundleSheaf,false,5,6,epoch-1,3,4,cohens_d_test,0.11307299
minesweeper,BundleSheaf,false,5,6,epoch-1,4,4,cohens_d_test,0.04042273
minesweeper,BundleSheaf,false,5,6,epoch-1,5,4,cohens_d_test,0.007293754
minesweeper,BundleSheaf,false,5,6,epoch-1,6,4,cohens_d_test,0.0030752094
minesweeper,BundleSheaf,false,5,6,epoch-1,0,5,degree,0.019739212441046768
minesweeper,BundleSheaf,false,5,6,epoch-1,1,5,degree,0.22420195556338313
minesweeper,BundleSheaf,false,5,6,epoch-1,2,5,degree,0.2678797368700372
minesweeper,BundleSheaf,false,5,6,epoch-1,3,5,degree,0.31043479644295036
minesweeper,BundleSheaf,false,5,6,epoch-1,4,5,degree,0.3280596825827249
minesweeper,BundleSheaf,false,5,6,epoch-1,5,5,degree,0.3318030625067265
minesweeper,BundleSheaf,false,5,6,epoch-1,6,5,degree,0.33458242507606556
minesweeper,BundleSheaf,false,5,6,epoch-1,0,5,betweenness,-0.01975119676850757
minesweeper,BundleSheaf,false,5,6,epoch-1,1,5,betweenness,0.10227783126419523
minesweeper,BundleSheaf,false,5,6,epoch-1,2,5,betweenness,0.12447301545121119
minesweeper,BundleSheaf,false,5,6,epoch-1,3,5,betweenness,0.14023543895182358
minesweeper,BundleSheaf,false,5,6,epoch-1,4,5,betweenness,0.14659484157722585
minesweeper,BundleSheaf,false,5,6,epoch-1,5,5,betweenness,0.13924020184141467
minesweeper,BundleSheaf,false,5,6,epoch-1,6,5,betweenness,0.1370614563375488
minesweeper,BundleSheaf,false,5,6,epoch-1,0,5,confidence,0.006453050558683148
minesweeper,BundleSheaf,false,5,6,epoch-1,1,5,confidence,0.012719696090084335
minesweeper,BundleSheaf,false,5,6,epoch-1,2,5,confidence,0.008398883056996754
minesweeper,BundleSheaf,false,5,6,epoch-1,3,5,confidence,0.0077993419240985915
minesweeper,BundleSheaf,false,5,6,epoch-1,4,5,confidence,0.011188088245924046
minesweeper,BundleSheaf,false,5,6,epoch-1,5,5,confidence,0.012314706842004988
minesweeper,BundleSheaf,false,5,6,epoch-1,6,5,confidence,0.0077058186953176434
minesweeper,BundleSheaf,false,5,6,epoch-1,0,5,saliency,0.056775254137036345
minesweeper,BundleSheaf,false,5,6,epoch-1,1,5,saliency,0.06762965943501338
minesweeper,BundleSheaf,false,5,6,epoch-1,2,5,saliency,0.08326241445512372
minesweeper,BundleSheaf,false,5,6,epoch-1,3,5,saliency,0.10571040738205546
minesweeper,BundleSheaf,false,5,6,epoch-1,4,5,saliency,0.11423138859299926
minesweeper,BundleSheaf,false,5,6,epoch-1,5,5,saliency,0.09262067661876248
minesweeper,BundleSheaf,false,5,6,epoch-1,6,5,saliency,0.0933909253304696
minesweeper,BundleSheaf,false,5,6,epoch-1,0,5,cohens_d_train,0.013075189
minesweeper,BundleSheaf,false,5,6,epoch-1,1,5,cohens_d_train,0.0556111
minesweeper,BundleSheaf,false,5,6,epoch-1,2,5,cohens_d_train,0.115606636
minesweeper,BundleSheaf,false,5,6,epoch-1,3,5,cohens_d_train,0.22021313
minesweeper,BundleSheaf,false,5,6,epoch-1,4,5,cohens_d_train,0.26556298
minesweeper,BundleSheaf,false,5,6,epoch-1,5,5,cohens_d_train,0.19674227
minesweeper,BundleSheaf,false,5,6,epoch-1,6,5,cohens_d_train,0.1937302
minesweeper,BundleSheaf,false,5,6,epoch-1,0,5,cohens_d_test,0.032724407
minesweeper,BundleSheaf,false,5,6,epoch-1,1,5,cohens_d_test,0.046928883
minesweeper,BundleSheaf,false,5,6,epoch-1,2,5,cohens_d_test,0.12692906
minesweeper,BundleSheaf,false,5,6,epoch-1,3,5,cohens_d_test,0.21798906
minesweeper,BundleSheaf,false,5,6,epoch-1,4,5,cohens_d_test,0.2600943
minesweeper,BundleSheaf,false,5,6,epoch-1,5,5,cohens_d_test,0.19995081
minesweeper,BundleSheaf,false,5,6,epoch-1,6,5,cohens_d_test,0.20785823
minesweeper,BundleSheaf,false,5,6,epoch-1,0,6,degree,0.018893463280508456
minesweeper,BundleSheaf,false,5,6,epoch-1,1,6,degree,0.22876280709343752
minesweeper,BundleSheaf,false,5,6,epoch-1,2,6,degree,0.27685657231685595
minesweeper,BundleSheaf,false,5,6,epoch-1,3,6,degree,0.31267412507509973
minesweeper,BundleSheaf,false,5,6,epoch-1,4,6,degree,0.3328645028001046
minesweeper,BundleSheaf,false,5,6,epoch-1,5,6,degree,0.33567827107663056
minesweeper,BundleSheaf,false,5,6,epoch-1,6,6,degree,0.3364116848061894
minesweeper,BundleSheaf,false,5,6,epoch-1,0,6,betweenness,0.0018309179319015549
minesweeper,BundleSheaf,false,5,6,epoch-1,1,6,betweenness,0.10897203339008504
minesweeper,BundleSheaf,false,5,6,epoch-1,2,6,betweenness,0.12284788186563844
minesweeper,BundleSheaf,false,5,6,epoch-1,3,6,betweenness,0.134108240269508
minesweeper,BundleSheaf,false,5,6,epoch-1,4,6,betweenness,0.14081226473161434
minesweeper,BundleSheaf,false,5,6,epoch-1,5,6,betweenness,0.14777431145594966
minesweeper,BundleSheaf,false,5,6,epoch-1,6,6,betweenness,0.15882466841101142
minesweeper,BundleSheaf,false,5,6,epoch-1,0,6,confidence,0.012897379031032679
minesweeper,BundleSheaf,false,5,6,epoch-1,1,6,confidence,0.031118811535626397
minesweeper,BundleSheaf,false,5,6,epoch-1,2,6,confidence,0.035790130013540755
minesweeper,BundleSheaf,false,5,6,epoch-1,3,6,confidence,0.03748252689702635
minesweeper,BundleSheaf,false,5,6,epoch-1,4,6,confidence,0.03816628464380782
minesweeper,BundleSheaf,false,5,6,epoch-1,5,6,confidence,0.036891407965315245
minesweeper,BundleSheaf,false,5,6,epoch-1,6,6,confidence,0.03890951546773614
minesweeper,BundleSheaf,false,5,6,epoch-1,0,6,saliency,0.025245521741290994
minesweeper,BundleSheaf,false,5,6,epoch-1,1,6,saliency,0.06696565697582117
minesweeper,BundleSheaf,false,5,6,epoch-1,2,6,saliency,0.0840777538760387
minesweeper,BundleSheaf,false,5,6,epoch-1,3,6,saliency,0.10411920747381678
minesweeper,BundleSheaf,false,5,6,epoch-1,4,6,saliency,0.121362164763078
minesweeper,BundleSheaf,false,5,6,epoch-1,5,6,saliency,0.12236482161748369
minesweeper,BundleSheaf,false,5,6,epoch-1,6,6,saliency,0.11848410265519647
minesweeper,BundleSheaf,false,5,6,epoch-1,0,6,cohens_d_train,0.0007895816
minesweeper,BundleSheaf,false,5,6,epoch-1,1,6,cohens_d_train,0.019445034
minesweeper,BundleSheaf,false,5,6,epoch-1,2,6,cohens_d_train,0.040028173
minesweeper,BundleSheaf,false,5,6,epoch-1,3,6,cohens_d_train,0.03561064
minesweeper,BundleSheaf,false,5,6,epoch-1,4,6,cohens_d_train,0.05763075
minesweeper,BundleSheaf,false,5,6,epoch-1,5,6,cohens_d_train,0.005712858
minesweeper,BundleSheaf,false,5,6,epoch-1,6,6,cohens_d_train,0.008432345
minesweeper,BundleSheaf,false,5,6,epoch-1,0,6,cohens_d_test,0.055612687
minesweeper,BundleSheaf,false,5,6,epoch-1,1,6,cohens_d_test,0.036251962
minesweeper,BundleSheaf,false,5,6,epoch-1,2,6,cohens_d_test,0.089172386
minesweeper,BundleSheaf,false,5,6,epoch-1,3,6,cohens_d_test,0.059906367
minesweeper,BundleSheaf,false,5,6,epoch-1,4,6,cohens_d_test,0.06802084
minesweeper,BundleSheaf,false,5,6,epoch-1,5,6,cohens_d_test,0.030930482
minesweeper,BundleSheaf,false,5,6,epoch-1,6,6,cohens_d_test,0.008333023
minesweeper,BundleSheaf,false,5,6,epoch-1,0,7,degree,0.0036254338710315563
minesweeper,BundleSheaf,false,5,6,epoch-1,1,7,degree,0.22280819824617637
minesweeper,BundleSheaf,false,5,6,epoch-1,2,7,degree,0.26450845854036903
minesweeper,BundleSheaf,false,5,6,epoch-1,3,7,degree,0.3108918441857956
minesweeper,BundleSheaf,false,5,6,epoch-1,4,7,degree,0.32775106076475974
minesweeper,BundleSheaf,false,5,6,epoch-1,5,7,degree,0.33232366846736144
minesweeper,BundleSheaf,false,5,6,epoch-1,6,7,degree,0.33221185972741507
minesweeper,BundleSheaf,false,5,6,epoch-1,0,7,betweenness,-0.01312053757461674
minesweeper,BundleSheaf,false,5,6,epoch-1,1,7,betweenness,0.09738479394499358
minesweeper,BundleSheaf,false,5,6,epoch-1,2,7,betweenness,0.10927247874400296
minesweeper,BundleSheaf,false,5,6,epoch-1,3,7,betweenness,0.12685160907108273
minesweeper,BundleSheaf,false,5,6,epoch-1,4,7,betweenness,0.12066206433532647
minesweeper,BundleSheaf,false,5,6,epoch-1,5,7,betweenness,0.12533985662753477
minesweeper,BundleSheaf,false,5,6,epoch-1,6,7,betweenness,0.14038586977649142
minesweeper,BundleSheaf,false,5,6,epoch-1,0,7,confidence,-0.021661004312250393
minesweeper,BundleSheaf,false,5,6,epoch-1,1,7,confidence,0.02845943785144701
minesweeper,BundleSheaf,false,5,6,epoch-1,2,7,confidence,0.029514848757208164
minesweeper,BundleSheaf,false,5,6,epoch-1,3,7,confidence,0.026869773416595848
minesweeper,BundleSheaf,false,5,6,epoch-1,4,7,confidence,0.02654948346454237
minesweeper,BundleSheaf,false,5,6,epoch-1,5,7,confidence,0.026528928086647727
minesweeper,BundleSheaf,false,5,6,epoch-1,6,7,confidence,0.02489515361755265
minesweeper,BundleSheaf,false,5,6,epoch-1,0,7,saliency,-0.026975518147854486
minesweeper,BundleSheaf,false,5,6,epoch-1,1,7,saliency,0.08298776016294318
minesweeper,BundleSheaf,false,5,6,epoch-1,2,7,saliency,0.09092240724949684
minesweeper,BundleSheaf,false,5,6,epoch-1,3,7,saliency,0.09690553916792755
minesweeper,BundleSheaf,false,5,6,epoch-1,4,7,saliency,0.10379163621716186
minesweeper,BundleSheaf,false,5,6,epoch-1,5,7,saliency,0.107749451098141
minesweeper,BundleSheaf,false,5,6,epoch-1,6,7,saliency,0.10152274794783663
minesweeper,BundleSheaf,false,5,6,epoch-1,0,7,cohens_d_train,0.17295045
minesweeper,BundleSheaf,false,5,6,epoch-1,1,7,cohens_d_train,0.037637115
minesweeper,BundleSheaf,false,5,6,epoch-1,2,7,cohens_d_train,0.03246923
minesweeper,BundleSheaf,false,5,6,epoch-1,3,7,cohens_d_train,0.0575709
minesweeper,BundleSheaf,false,5,6,epoch-1,4,7,cohens_d_train,0.04328092
minesweeper,BundleSheaf,false,5,6,epoch-1,5,7,cohens_d_train,0.027261745
minesweeper,BundleSheaf,false,5,6,epoch-1,6,7,cohens_d_train,0.037189685
minesweeper,BundleSheaf,false,5,6,epoch-1,0,7,cohens_d_test,0.04931068
minesweeper,BundleSheaf,false,5,6,epoch-1,1,7,cohens_d_test,0.024047967
minesweeper,BundleSheaf,false,5,6,epoch-1,2,7,cohens_d_test,0.03496651
minesweeper,BundleSheaf,false,5,6,epoch-1,3,7,cohens_d_test,0.012885774
minesweeper,BundleSheaf,false,5,6,epoch-1,4,7,cohens_d_test,0.042860825
minesweeper,BundleSheaf,false,5,6,epoch-1,5,7,cohens_d_test,0.042041406
minesweeper,BundleSheaf,false,5,6,epoch-1,6,7,cohens_d_test,0.00276713
minesweeper,BundleSheaf,false,5,6,epoch-1,0,8,degree,0.015055760554599812
minesweeper,BundleSheaf,false,5,6,epoch-1,1,8,degree,0.19304966487508832
minesweeper,BundleSheaf,false,5,6,epoch-1,2,8,degree,0.25767447306941105
minesweeper,BundleSheaf,false,5,6,epoch-1,3,8,degree,0.3135477092577887
minesweeper,BundleSheaf,false,5,6,epoch-1,4,8,degree,0.3332206062945945
minesweeper,BundleSheaf,false,5,6,epoch-1,5,8,degree,0.3361406984155598
minesweeper,BundleSheaf,false,5,6,epoch-1,6,8,degree,0.3360915253594618
minesweeper,BundleSheaf,false,5,6,epoch-1,0,8,betweenness,-0.019972490496056528
minesweeper,BundleSheaf,false,5,6,epoch-1,1,8,betweenness,0.09208781341361368
minesweeper,BundleSheaf,false,5,6,epoch-1,2,8,betweenness,0.11325267387328335
minesweeper,BundleSheaf,false,5,6,epoch-1,3,8,betweenness,0.1322788431795505
minesweeper,BundleSheaf,false,5,6,epoch-1,4,8,betweenness,0.14360219589848405
minesweeper,BundleSheaf,false,5,6,epoch-1,5,8,betweenness,0.14464393296651437
minesweeper,BundleSheaf,false,5,6,epoch-1,6,8,betweenness,0.14520389378970192
minesweeper,BundleSheaf,false,5,6,epoch-1,0,8,confidence,0.01850326829952713
minesweeper,BundleSheaf,false,5,6,epoch-1,1,8,confidence,0.006246263942198985
minesweeper,BundleSheaf,false,5,6,epoch-1,2,8,confidence,0.013122926351892206
minesweeper,BundleSheaf,false,5,6,epoch-1,3,8,confidence,0.021092055350403094
minesweeper,BundleSheaf,false,5,6,epoch-1,4,8,confidence,0.0220536419504351
minesweeper,BundleSheaf,false,5,6,epoch-1,5,8,confidence,0.022470337849468527
minesweeper,BundleSheaf,false,5,6,epoch-1,6,8,confidence,0.026312584582661728
minesweeper,BundleSheaf,false,5,6,epoch-1,0,8,saliency,-0.011048630031933638
minesweeper,BundleSheaf,false,5,6,epoch-1,1,8,saliency,0.08109599473837423
minesweeper,BundleSheaf,false,5,6,epoch-1,2,8,saliency,0.09209782595835972
minesweeper,BundleSheaf,false,5,6,epoch-1,3,8,saliency,0.1023766292266877
minesweeper,BundleSheaf,false,5,6,epoch-1,4,8,saliency,0.1057382915912862
minesweeper,BundleSheaf,false,5,6,epoch-1,5,8,saliency,0.09705072106796298
minesweeper,BundleSheaf,false,5,6,epoch-1,6,8,saliency,0.09229059310201343
minesweeper,BundleSheaf,false,5,6,epoch-1,0,8,cohens_d_train,0.117064126
minesweeper,BundleSheaf,false,5,6,epoch-1,1,8,cohens_d_train,0.22057502
minesweeper,BundleSheaf,false,5,6,epoch-1,2,8,cohens_d_train,0.18051803
minesweeper,BundleSheaf,false,5,6,epoch-1,3,8,cohens_d_train,0.17570962
minesweeper,BundleSheaf,false,5,6,epoch-1,4,8,cohens_d_train,0.2099475
minesweeper,BundleSheaf,false,5,6,epoch-1,5,8,cohens_d_train,0.1632002
minesweeper,BundleSheaf,false,5,6,epoch-1,6,8,cohens_d_train,0.10964701
minesweeper,BundleSheaf,false,5,6,epoch-1,0,8,cohens_d_test,0.2327258
minesweeper,BundleSheaf,false,5,6,epoch-1,1,8,cohens_d_test,0.19474481
minesweeper,BundleSheaf,false,5,6,epoch-1,2,8,cohens_d_test,0.14827226
minesweeper,BundleSheaf,false,5,6,epoch-1,3,8,cohens_d_test,0.15427807
minesweeper,BundleSheaf,false,5,6,epoch-1,4,8,cohens_d_test,0.19058116
minesweeper,BundleSheaf,false,5,6,epoch-1,5,8,cohens_d_test,0.1462177
minesweeper,BundleSheaf,false,5,6,epoch-1,6,8,cohens_d_test,0.11644638
minesweeper,BundleSheaf,false,5,6,epoch-1,0,9,degree,0.006511030071042912
minesweeper,BundleSheaf,false,5,6,epoch-1,1,9,degree,0.19045319419841897
minesweeper,BundleSheaf,false,5,6,epoch-1,2,9,degree,0.24943685640872762
minesweeper,BundleSheaf,false,5,6,epoch-1,3,9,degree,0.31375154194229493
minesweeper,BundleSheaf,false,5,6,epoch-1,4,9,degree,0.3327746462083199
minesweeper,BundleSheaf,false,5,6,epoch-1,5,9,degree,0.3355404125029846
minesweeper,BundleSheaf,false,5,6,epoch-1,6,9,degree,0.3356338289873208
minesweeper,BundleSheaf,false,5,6,epoch-1,0,9,betweenness,-0.010202142645325755
minesweeper,BundleSheaf,false,5,6,epoch-1,1,9,betweenness,0.09342674283842609
minesweeper,BundleSheaf,false,5,6,epoch-1,2,9,betweenness,0.10762775356847502
minesweeper,BundleSheaf,false,5,6,epoch-1,3,9,betweenness,0.13283148252669827
minesweeper,BundleSheaf,false,5,6,epoch-1,4,9,betweenness,0.1406229118988697
minesweeper,BundleSheaf,false,5,6,epoch-1,5,9,betweenness,0.15350674185551472
minesweeper,BundleSheaf,false,5,6,epoch-1,6,9,betweenness,0.151515133707515
minesweeper,BundleSheaf,false,5,6,epoch-1,0,9,confidence,-0.017230676454351855
minesweeper,BundleSheaf,false,5,6,epoch-1,1,9,confidence,0.022492070870090006
minesweeper,BundleSheaf,false,5,6,epoch-1,2,9,confidence,0.026232435643066838
minesweeper,BundleSheaf,false,5,6,epoch-1,3,9,confidence,0.03102645849909305
minesweeper,BundleSheaf,false,5,6,epoch-1,4,9,confidence,0.033551889582028954
minesweeper,BundleSheaf,false,5,6,epoch-1,5,9,confidence,0.03404747957743527
minesweeper,BundleSheaf,false,5,6,epoch-1,6,9,confidence,0.036696169989349076
minesweeper,BundleSheaf,false,5,6,epoch-1,0,9,saliency,-0.06270184146579892
minesweeper,BundleSheaf,false,5,6,epoch-1,1,9,saliency,0.11585675979477095
minesweeper,BundleSheaf,false,5,6,epoch-1,2,9,saliency,0.147324310733011
minesweeper,BundleSheaf,false,5,6,epoch-1,3,9,saliency,0.13993197560015935
minesweeper,BundleSheaf,false,5,6,epoch-1,4,9,saliency,0.1510146705170528
minesweeper,BundleSheaf,false,5,6,epoch-1,5,9,saliency,0.15346721164897412
minesweeper,BundleSheaf,false,5,6,epoch-1,6,9,saliency,0.14347177138486977
minesweeper,BundleSheaf,false,5,6,epoch-1,0,9,cohens_d_train,0.054816097
minesweeper,BundleSheaf,false,5,6,epoch-1,1,9,cohens_d_train,0.07587061
minesweeper,BundleSheaf,false,5,6,epoch-1,2,9,cohens_d_train,0.1544617
minesweeper,BundleSheaf,false,5,6,epoch-1,3,9,cohens_d_train,0.08027586
minesweeper,BundleSheaf,false,5,6,epoch-1,4,9,cohens_d_train,0.1117253
minesweeper,BundleSheaf,false,5,6,epoch-1,5,9,cohens_d_train,0.034135006
minesweeper,BundleSheaf,false,5,6,epoch-1,6,9,cohens_d_train,0.023176642
minesweeper,BundleSheaf,false,5,6,epoch-1,0,9,cohens_d_test,0.01345019
minesweeper,BundleSheaf,false,5,6,epoch-1,1,9,cohens_d_test,0.063486576
minesweeper,BundleSheaf,false,5,6,epoch-1,2,9,cohens_d_test,0.17377529
minesweeper,BundleSheaf,false,5,6,epoch-1,3,9,cohens_d_test,0.091738135
minesweeper,BundleSheaf,false,5,6,epoch-1,4,9,cohens_d_test,0.11875611
minesweeper,BundleSheaf,false,5,6,epoch-1,5,9,cohens_d_test,0.037346568
minesweeper,BundleSheaf,false,5,6,epoch-1,6,9,cohens_d_test,0.011817735
minesweeper,BundleSheaf,false,5,6,epoch-5,0,0,degree,0.011013339084604102
minesweeper,BundleSheaf,false,5,6,epoch-5,1,0,degree,0.17732934506269113
minesweeper,BundleSheaf,false,5,6,epoch-5,2,0,degree,0.24996189129685906
minesweeper,BundleSheaf,false,5,6,epoch-5,3,0,degree,0.30666874539655875
minesweeper,BundleSheaf,false,5,6,epoch-5,4,0,degree,0.3282754591735668
minesweeper,BundleSheaf,false,5,6,epoch-5,5,0,degree,0.3345693525201727
minesweeper,BundleSheaf,false,5,6,epoch-5,6,0,degree,0.33460645313862525
minesweeper,BundleSheaf,false,5,6,epoch-5,0,0,betweenness,0.008264540947826448
minesweeper,BundleSheaf,false,5,6,epoch-5,1,0,betweenness,0.09067884412613934
minesweeper,BundleSheaf,false,5,6,epoch-5,2,0,betweenness,0.11030754519370836
minesweeper,BundleSheaf,false,5,6,epoch-5,3,0,betweenness,0.13016934578798903
minesweeper,BundleSheaf,false,5,6,epoch-5,4,0,betweenness,0.1440142630201912
minesweeper,BundleSheaf,false,5,6,epoch-5,5,0,betweenness,0.14759673862172368
minesweeper,BundleSheaf,false,5,6,epoch-5,6,0,betweenness,0.17181857175837117
minesweeper,BundleSheaf,false,5,6,epoch-5,0,0,confidence,nan
minesweeper,BundleSheaf,false,5,6,epoch-5,1,0,confidence,nan
minesweeper,BundleSheaf,false,5,6,epoch-5,2,0,confidence,nan
minesweeper,BundleSheaf,false,5,6,epoch-5,3,0,confidence,nan
minesweeper,BundleSheaf,false,5,6,epoch-5,4,0,confidence,nan
minesweeper,BundleSheaf,false,5,6,epoch-5,5,0,confidence,nan
minesweeper,BundleSheaf,false,5,6,epoch-5,6,0,confidence,nan
minesweeper,BundleSheaf,false,5,6,epoch-5,0,0,saliency,0.0012194505001213035
minesweeper,BundleSheaf,false,5,6,epoch-5,1,0,saliency,0.01760621634010862
minesweeper,BundleSheaf,false,5,6,epoch-5,2,0,saliency,0.04025656837904876
minesweeper,BundleSheaf,false,5,6,epoch-5,3,0,saliency,0.06777328522793617
minesweeper,BundleSheaf,false,5,6,epoch-5,4,0,saliency,0.0692310032491408
minesweeper,BundleSheaf,false,5,6,epoch-5,5,0,saliency,0.08262452134698883
minesweeper,BundleSheaf,false,5,6,epoch-5,6,0,saliency,0.0933603645281638
minesweeper,BundleSheaf,false,5,6,epoch-5,0,0,cohens_d_train,0.027002176
minesweeper,BundleSheaf,false,5,6,epoch-5,1,0,cohens_d_train,0.027986383
minesweeper,BundleSheaf,false,5,6,epoch-5,2,0,cohens_d_train,0.054414093
minesweeper,BundleSheaf,false,5,6,epoch-5,3,0,cohens_d_train,0.049922124
minesweeper,BundleSheaf,false,5,6,epoch-5,4,0,cohens_d_train,0.016174523
minesweeper,BundleSheaf,false,5,6,epoch-5,5,0,cohens_d_train,0.030771792
minesweeper,BundleSheaf,false,5,6,epoch-5,6,0,cohens_d_train,0.06225441
minesweeper,BundleSheaf,false,5,6,epoch-5,0,0,cohens_d_test,0.030470492
minesweeper,BundleSheaf,false,5,6,epoch-5,1,0,cohens_d_test,0.038535595
minesweeper,BundleSheaf,false,5,6,epoch-5,2,0,cohens_d_test,0.058389284
minesweeper,BundleSheaf,false,5,6,epoch-5,3,0,cohens_d_test,0.045603964
minesweeper,BundleSheaf,false,5,6,epoch-5,4,0,cohens_d_test,0.010405524
minesweeper,BundleSheaf,false,5,6,epoch-5,5,0,cohens_d_test,0.013137587
minesweeper,BundleSheaf,false,5,6,epoch-5,6,0,cohens_d_test,0.035564885
minesweeper,BundleSheaf,false,5,6,epoch-5,0,1,degree,-0.004632057737925312
minesweeper,BundleSheaf,false,5,6,epoch-5,1,1,degree,0.17639095392572213
minesweeper,BundleSheaf,false,5,6,epoch-5,2,1,degree,0.2407500484570668
minesweeper,BundleSheaf,false,5,6,epoch-5,3,1,degree,0.2992905822631399
minesweeper,BundleSheaf,false,5,6,epoch-5,4,1,degree,0.3255999555291961
minesweeper,BundleSheaf,false,5,6,epoch-5,5,1,degree,0.332404812793219
minesweeper,BundleSheaf,false,5,6,epoch-5,6,1,degree,0.3307522897491722
minesweeper,BundleSheaf,false,5,6,epoch-5,0,1,betweenness,0.01467200585352459
minesweeper,BundleSheaf,false,5,6,epoch-5,1,1,betweenness,0.09409703475814679
minesweeper,BundleSheaf,false,5,6,epoch-5,2,1,betweenness,0.11428189929761884
minesweeper,BundleSheaf,false,5,6,epoch-5,3,1,betweenness,0.12655781848613426
minesweeper,BundleSheaf,false,5,6,epoch-5,4,1,betweenness,0.13566698867355392
minesweeper,BundleSheaf,false,5,6,epoch-5,5,1,betweenness,0.14252917982127802
minesweeper,BundleSheaf,false,5,6,epoch-5,6,1,betweenness,0.1635721494221008
minesweeper,BundleSheaf,false,5,6,epoch-5,0,1,confidence,0.022499104329443895
minesweeper,BundleSheaf,false,5,6,epoch-5,1,1,confidence,0.020616838026718088
minesweeper,BundleSheaf,false,5,6,epoch-5,2,1,confidence,0.021302682767646255
minesweeper,BundleSheaf,false,5,6,epoch-5,3,1,confidence,0.019545792852856406
minesweeper,BundleSheaf,false,5,6,epoch-5,4,1,confidence,0.017505743629339217
minesweeper,BundleSheaf,false,5,6,epoch-5,5,1,confidence,0.007682669260928549
minesweeper,BundleSheaf,false,5,6,epoch-5,6,1,confidence,0.019375480271808177
minesweeper,BundleSheaf,false,5,6,epoch-5,0,1,saliency,-0.08967011649152874
minesweeper,BundleSheaf,false,5,6,epoch-5,1,1,saliency,-0.054067757306365274
minesweeper,BundleSheaf,false,5,6,epoch-5,2,1,saliency,-0.023586155576215344
minesweeper,BundleSheaf,false,5,6,epoch-5,3,1,saliency,0.010861496178712715
minesweeper,BundleSheaf,false,5,6,epoch-5,4,1,saliency,0.022630149154505164
minesweeper,BundleSheaf,false,5,6,epoch-5,5,1,saliency,0.03469722040749266
minesweeper,BundleSheaf,false,5,6,epoch-5,6,1,saliency,0.0226474629947464
minesweeper,BundleSheaf,false,5,6,epoch-5,0,1,cohens_d_train,0.05468204
minesweeper,BundleSheaf,false,5,6,epoch-5,1,1,cohens_d_train,0.041221622
minesweeper,BundleSheaf,false,5,6,epoch-5,2,1,cohens_d_train,0.022646833
minesweeper,BundleSheaf,false,5,6,epoch-5,3,1,cohens_d_train,0.046731938
minesweeper,BundleSheaf,false,5,6,epoch-5,4,1,cohens_d_train,0.07966811
minesweeper,BundleSheaf,false,5,6,epoch-5,5,1,cohens_d_train,0.03242806
minesweeper,BundleSheaf,false,5,6,epoch-5,6,1,cohens_d_train,0.01986324
minesweeper,BundleSheaf,false,5,6,epoch-5,0,1,cohens_d_test,0.0014497174
minesweeper,BundleSheaf,false,5,6,epoch-5,1,1,cohens_d_test,0.03918204
minesweeper,BundleSheaf,false,5,6,epoch-5,2,1,cohens_d_test,0.03486164
minesweeper,BundleSheaf,false,5,6,epoch-5,3,1,cohens_d_test,0.03146167
minesweeper,BundleSheaf,false,5,6,epoch-5,4,1,cohens_d_test,0.036519628
minesweeper,BundleSheaf,false,5,6,epoch-5,5,1,cohens_d_test,0.0028115043
minesweeper,BundleSheaf,false,5,6,epoch-5,6,1,cohens_d_test,0.058597255
minesweeper,BundleSheaf,false,5,6,epoch-5,0,2,degree,0.005570306264017538
minesweeper,BundleSheaf,false,5,6,epoch-5,1,2,degree,0.19540362404343464
minesweeper,BundleSheaf,false,5,6,epoch-5,2,2,degree,0.2574343480451076
minesweeper,BundleSheaf,false,5,6,epoch-5,3,2,degree,0.3174898061564985
minesweeper,BundleSheaf,false,5,6,epoch-5,4,2,degree,0.331123074264965
minesweeper,BundleSheaf,false,5,6,epoch-5,5,2,degree,0.33545858288816116
minesweeper,BundleSheaf,false,5,6,epoch-5,6,2,degree,0.33637063379704146
minesweeper,BundleSheaf,false,5,6,epoch-5,0,2,betweenness,-0.020095419716387813
minesweeper,BundleSheaf,false,5,6,epoch-5,1,2,betweenness,0.09266093855362935
minesweeper,BundleSheaf,false,5,6,epoch-5,2,2,betweenness,0.1137589074856844
minesweeper,BundleSheaf,false,5,6,epoch-5,3,2,betweenness,0.14226920746738697
minesweeper,BundleSheaf,false,5,6,epoch-5,4,2,betweenness,0.14212332929962884
minesweeper,BundleSheaf,false,5,6,epoch-5,5,2,betweenness,0.14671953150335754
minesweeper,BundleSheaf,false,5,6,epoch-5,6,2,betweenness,0.16607043878967934
minesweeper,BundleSheaf,false,5,6,epoch-5,0,2,confidence,0.0035517205943253363
minesweeper,BundleSheaf,false,5,6,epoch-5,1,2,confidence,-0.01324544997541387
minesweeper,BundleSheaf,false,5,6,epoch-5,2,2,confidence,-0.006930681033644444
minesweeper,BundleSheaf,false,5,6,epoch-5,3,2,confidence,-0.0052898107653645944
minesweeper,BundleSheaf,false,5,6,epoch-5,4,2,confidence,-0.005971189046867255
minesweeper,BundleSheaf,false,5,6,epoch-5,5,2,confidence,-0.0015046520101311472
minesweeper,BundleSheaf,false,5,6,epoch-5,6,2,confidence,0.000920288326948052
minesweeper,BundleSheaf,false,5,6,epoch-5,0,2,saliency,0.004228192167579146
minesweeper,BundleSheaf,false,5,6,epoch-5,1,2,saliency,0.01634539638766768
minesweeper,BundleSheaf,false,5,6,epoch-5,2,2,saliency,0.03843008614264673
minesweeper,BundleSheaf,false,5,6,epoch-5,3,2,saliency,0.06038390425020135
minesweeper,BundleSheaf,false,5,6,epoch-5,4,2,saliency,0.05767823989382061
minesweeper,BundleSheaf,false,5,6,epoch-5,5,2,saliency,0.06222878155122124
minesweeper,BundleSheaf,false,5,6,epoch-5,6,2,saliency,0.07189282666200666
minesweeper,BundleSheaf,false,5,6,epoch-5,0,2,cohens_d_train,0.23581693
minesweeper,BundleSheaf,false,5,6,epoch-5,1,2,cohens_d_train,0.04648574
minesweeper,BundleSheaf,false,5,6,epoch-5,2,2,cohens_d_train,0.029959764
minesweeper,BundleSheaf,false,5,6,epoch-5,3,2,cohens_d_train,0.038616702
minesweeper,BundleSheaf,false,5,6,epoch-5,4,2,cohens_d_train,0.004178701
minesweeper,BundleSheaf,false,5,6,epoch-5,5,2,cohens_d_train,0.021423765
minesweeper,BundleSheaf,false,5,6,epoch-5,6,2,cohens_d_train,0.015027065
minesweeper,BundleSheaf,false,5,6,epoch-5,0,2,cohens_d_test,0.22055134
minesweeper,BundleSheaf,false,5,6,epoch-5,1,2,cohens_d_test,0.13139011
minesweeper,BundleSheaf,false,5,6,epoch-5,2,2,cohens_d_test,0.03887716
minesweeper,BundleSheaf,false,5,6,epoch-5,3,2,cohens_d_test,0.03342936
minesweeper,BundleSheaf,false,5,6,epoch-5,4,2,cohens_d_test,0.0035686602
minesweeper,BundleSheaf,false,5,6,epoch-5,5,2,cohens_d_test,0.01999596
minesweeper,BundleSheaf,false,5,6,epoch-5,6,2,cohens_d_test,0.036352374
minesweeper,BundleSheaf,false,5,6,epoch-5,0,3,degree,-0.019728243185258725
minesweeper,BundleSheaf,false,5,6,epoch-5,1,3,degree,0.1707050739141982
minesweeper,BundleSheaf,false,5,6,epoch-5,2,3,degree,0.2563734588646495
minesweeper,BundleSheaf,false,5,6,epoch-5,3,3,degree,0.3097442743141504
minesweeper,BundleSheaf,false,5,6,epoch-5,4,3,degree,0.3280419918178341
minesweeper,BundleSheaf,false,5,6,epoch-5,5,3,degree,0.334197659118269
minesweeper,BundleSheaf,false,5,6,epoch-5,6,3,degree,0.3268340768225071
minesweeper,BundleSheaf,false,5,6,epoch-5,0,3,betweenness,0.017691896271515083
minesweeper,BundleSheaf,false,5,6,epoch-5,1,3,betweenness,0.0837049299991632
minesweeper,BundleSheaf,false,5,6,epoch-5,2,3,betweenness,0.11849818143160325
minesweeper,BundleSheaf,false,5,6,epoch-5,3,3,betweenness,0.1458539745971032
minesweeper,BundleSheaf,false,5,6,epoch-5,4,3,betweenness,0.15406373610372145
minesweeper,BundleSheaf,false,5,6,epoch-5,5,3,betweenness,0.16227854326657484
minesweeper,BundleSheaf,false,5,6,epoch-5,6,3,betweenness,0.16218826953966775
minesweeper,BundleSheaf,false,5,6,epoch-5,0,3,confidence,-0.01786296775569319
minesweeper,BundleSheaf,false,5,6,epoch-5,1,3,confidence,-0.006032339027809629
minesweeper,BundleSheaf,false,5,6,epoch-5,2,3,confidence,-0.0030833030274051054
minesweeper,BundleSheaf,false,5,6,epoch-5,3,3,confidence,0.0023104628774002255
minesweeper,BundleSheaf,false,5,6,epoch-5,4,3,confidence,0.0013861594204128797
minesweeper,BundleSheaf,false,5,6,epoch-5,5,3,confidence,-0.0005206297910276843
minesweeper,BundleSheaf,false,5,6,epoch-5,6,3,confidence,0.004979504412046295
minesweeper,BundleSheaf,false,5,6,epoch-5,0,3,saliency,-0.014954926232203371
minesweeper,BundleSheaf,false,5,6,epoch-5,1,3,saliency,0.026679478311605873
minesweeper,BundleSheaf,false,5,6,epoch-5,2,3,saliency,0.04868514094943562
minesweeper,BundleSheaf,false,5,6,epoch-5,3,3,saliency,0.0667919958331222
minesweeper,BundleSheaf,false,5,6,epoch-5,4,3,saliency,0.07127104316313805
minesweeper,BundleSheaf,false,5,6,epoch-5,5,3,saliency,0.0852257862080476
minesweeper,BundleSheaf,false,5,6,epoch-5,6,3,saliency,0.0806904304485988
minesweeper,BundleSheaf,false,5,6,epoch-5,0,3,cohens_d_train,0.30444255
minesweeper,BundleSheaf,false,5,6,epoch-5,1,3,cohens_d_train,0.14355245
minesweeper,BundleSheaf,false,5,6,epoch-5,2,3,cohens_d_train,0.069769815
minesweeper,BundleSheaf,false,5,6,epoch-5,3,3,cohens_d_train,0.036655378
minesweeper,BundleSheaf,false,5,6,epoch-5,4,3,cohens_d_train,0.021119835
minesweeper,BundleSheaf,false,5,6,epoch-5,5,3,cohens_d_train,0.13364862
minesweeper,BundleSheaf,false,5,6,epoch-5,6,3,cohens_d_train,0.19705635
minesweeper,BundleSheaf,false,5,6,epoch-5,0,3,cohens_d_test,0.24522057
minesweeper,BundleSheaf,false,5,6,epoch-5,1,3,cohens_d_test,0.11100328
minesweeper,BundleSheaf,false,5,6,epoch-5,2,3,cohens_d_test,0.059263304
minesweeper,BundleSheaf,false,5,6,epoch-5,3,3,cohens_d_test,0.029216029
minesweeper,BundleSheaf,false,5,6,epoch-5,4,3,cohens_d_test,0.016212318
minesweeper,BundleSheaf,false,5,6,epoch-5,5,3,cohens_d_test,0.07785685
minesweeper,BundleSheaf,false,5,6,epoch-5,6,3,cohens_d_test,0.122606084
minesweeper,BundleSheaf,false,5,6,epoch-5,0,4,degree,-0.009350791654819127
minesweeper,BundleSheaf,false,5,6,epoch-5,1,4,degree,0.17803006223093482
minesweeper,BundleSheaf,false,5,6,epoch-5,2,4,degree,0.24365188559277365
minesweeper,BundleSheaf,false,5,6,epoch-5,3,4,degree,0.30450272701716485
minesweeper,BundleSheaf,false,5,6,epoch-5,4,4,degree,0.33041243524403796
minesweeper,BundleSheaf,false,5,6,epoch-5,5,4,degree,0.33499703651708806
minesweeper,BundleSheaf,false,5,6,epoch-5,6,4,degree,0.33697511778491684
minesweeper,BundleSheaf,false,5,6,epoch-5,0,4,betweenness,0.013962520932365252
minesweeper,BundleSheaf,false,5,6,epoch-5,1,4,betweenness,0.08583967475490524
minesweeper,BundleSheaf,false,5,6,epoch-5,2,4,betweenness,0.10824726547804482
minesweeper,BundleSheaf,false,5,6,epoch-5,3,4,betweenness,0.12952118059026313
minesweeper,BundleSheaf,false,5,6,epoch-5,4,4,betweenness,0.14479461621202752
minesweeper,BundleSheaf,false,5,6,epoch-5,5,4,betweenness,0.15426810821516035
minesweeper,BundleSheaf,false,5,6,epoch-5,6,4,betweenness,0.1618308368491633
minesweeper,BundleSheaf,false,5,6,epoch-5,0,4,confidence,0.002528354086203643
minesweeper,BundleSheaf,false,5,6,epoch-5,1,4,confidence,0.011366233542772972
minesweeper,BundleSheaf,false,5,6,epoch-5,2,4,confidence,0.01774107664829107
minesweeper,BundleSheaf,false,5,6,epoch-5,3,4,confidence,0.018654653525998342
minesweeper,BundleSheaf,false,5,6,epoch-5,4,4,confidence,0.016084175047354137
minesweeper,BundleSheaf,false,5,6,epoch-5,5,4,confidence,0.014366898019058532
minesweeper,BundleSheaf,false,5,6,epoch-5,6,4,confidence,0.012914020369911567
minesweeper,BundleSheaf,false,5,6,epoch-5,0,4,saliency,-0.032757609704758626
minesweeper,BundleSheaf,false,5,6,epoch-5,1,4,saliency,0.06215673250837629
minesweeper,BundleSheaf,false,5,6,epoch-5,2,4,saliency,0.06799442753614826
minesweeper,BundleSheaf,false,5,6,epoch-5,3,4,saliency,0.10143997006931267
minesweeper,BundleSheaf,false,5,6,epoch-5,4,4,saliency,0.1274526775240562
minesweeper,BundleSheaf,false,5,6,epoch-5,5,4,saliency,0.12908056683235464
minesweeper,BundleSheaf,false,5,6,epoch-5,6,4,saliency,0.13030395309103956
minesweeper,BundleSheaf,false,5,6,epoch-5,0,4,cohens_d_train,0.07480687
minesweeper,BundleSheaf,false,5,6,epoch-5,1,4,cohens_d_train,0.036018036
minesweeper,BundleSheaf,false,5,6,epoch-5,2,4,cohens_d_train,0.030663362
minesweeper,BundleSheaf,false,5,6,epoch-5,3,4,cohens_d_train,0.037830267
minesweeper,BundleSheaf,false,5,6,epoch-5,4,4,cohens_d_train,0.109157264
minesweeper,BundleSheaf,false,5,6,epoch-5,5,4,cohens_d_train,0.12565446
minesweeper,BundleSheaf,false,5,6,epoch-5,6,4,cohens_d_train,0.10797469
minesweeper,BundleSheaf,false,5,6,epoch-5,0,4,cohens_d_test,0.03706543
minesweeper,BundleSheaf,false,5,6,epoch-5,1,4,cohens_d_test,0.01976618
minesweeper,BundleSheaf,false,5,6,epoch-5,2,4,cohens_d_test,0.030754274
minesweeper,BundleSheaf,false,5,6,epoch-5,3,4,cohens_d_test,0.0039248858
minesweeper,BundleSheaf,false,5,6,epoch-5,4,4,cohens_d_test,0.09788602
minesweeper,BundleSheaf,false,5,6,epoch-5,5,4,cohens_d_test,0.1357317
minesweeper,BundleSheaf,false,5,6,epoch-5,6,4,cohens_d_test,0.13053615
minesweeper,BundleSheaf,false,5,6,epoch-5,0,5,degree,0.018494821416533677
minesweeper,BundleSheaf,false,5,6,epoch-5,1,5,degree,0.21982645826061684
minesweeper,BundleSheaf,false,5,6,epoch-5,2,5,degree,0.261473350238956
minesweeper,BundleSheaf,false,5,6,epoch-5,3,5,degree,0.31154027638974074
minesweeper,BundleSheaf,false,5,6,epoch-5,4,5,degree,0.33026455264724686
minesweeper,BundleSheaf,false,5,6,epoch-5,5,5,degree,0.335489305708589
minesweeper,BundleSheaf,false,5,6,epoch-5,6,5,degree,0.33614937572513126
minesweeper,BundleSheaf,false,5,6,epoch-5,0,5,betweenness,-0.01672460083872121
minesweeper,BundleSheaf,false,5,6,epoch-5,1,5,betweenness,0.09773419893991342
minesweeper,BundleSheaf,false,5,6,epoch-5,2,5,betweenness,0.11324574719755354
minesweeper,BundleSheaf,false,5,6,epoch-5,3,5,betweenness,0.13088839837838132
minesweeper,BundleSheaf,false,5,6,epoch-5,4,5,betweenness,0.1478714951535947
minesweeper,BundleSheaf,false,5,6,epoch-5,5,5,betweenness,0.13901484074157
minesweeper,BundleSheaf,false,5,6,epoch-5,6,5,betweenness,0.15214656954985586
minesweeper,BundleSheaf,false,5,6,epoch-5,0,5,confidence,-0.008440581880160877
minesweeper,BundleSheaf,false,5,6,epoch-5,1,5,confidence,0.006002524346634529
minesweeper,BundleSheaf,false,5,6,epoch-5,2,5,confidence,0.013152150038102862
minesweeper,BundleSheaf,false,5,6,epoch-5,3,5,confidence,0.015094261796117779
minesweeper,BundleSheaf,false,5,6,epoch-5,4,5,confidence,0.012967134219799755
minesweeper,BundleSheaf,false,5,6,epoch-5,5,5,confidence,0.017867969440992962
minesweeper,BundleSheaf,false,5,6,epoch-5,6,5,confidence,0.023347828599616045
minesweeper,BundleSheaf,false,5,6,epoch-5,0,5,saliency,0.10917542176707629
minesweeper,BundleSheaf,false,5,6,epoch-5,1,5,saliency,0.02324508404176726
minesweeper,BundleSheaf,false,5,6,epoch-5,2,5,saliency,0.012353621115758577
minesweeper,BundleSheaf,false,5,6,epoch-5,3,5,saliency,0.03291848837367866
minesweeper,BundleSheaf,false,5,6,epoch-5,4,5,saliency,0.05114485994575547
minesweeper,BundleSheaf,false,5,6,epoch-5,5,5,saliency,0.06837808309260136
minesweeper,BundleSheaf,false,5,6,epoch-5,6,5,saliency,0.07679102014906207
minesweeper,BundleSheaf,false,5,6,epoch-5,0,5,cohens_d_train,0.030073652
minesweeper,BundleSheaf,false,5,6,epoch-5,1,5,cohens_d_train,0.023725113
minesweeper,BundleSheaf,false,5,6,epoch-5,2,5,cohens_d_train,0.041927487
minesweeper,BundleSheaf,false,5,6,epoch-5,3,5,cohens_d_train,0.06390629
minesweeper,BundleSheaf,false,5,6,epoch-5,4,5,cohens_d_train,0.016904486
minesweeper,BundleSheaf,false,5,6,epoch-5,5,5,cohens_d_train,0.0137968
minesweeper,BundleSheaf,false,5,6,epoch-5,6,5,cohens_d_train,0.016611923
minesweeper,BundleSheaf,false,5,6,epoch-5,0,5,cohens_d_test,0.0018554567
minesweeper,BundleSheaf,false,5,6,epoch-5,1,5,cohens_d_test,0.0469154
minesweeper,BundleSheaf,false,5,6,epoch-5,2,5,cohens_d_test,0.013237649
minesweeper,BundleSheaf,false,5,6,epoch-5,3,5,cohens_d_test,0.016252497
minesweeper,BundleSheaf,false,5,6,epoch-5,4,5,cohens_d_test,0.056882437
minesweeper,BundleSheaf,false,5,6,epoch-5,5,5,cohens_d_test,0.0670058
minesweeper,BundleSheaf,false,5,6,epoch-5,6,5,cohens_d_test,0.07298403
minesweeper,BundleSheaf,false,5,6,epoch-5,0,6,degree,0.018893463280508456
minesweeper,BundleSheaf,false,5,6,epoch-5,1,6,degree,0.2166703392844334
minesweeper,BundleSheaf,false,5,6,epoch-5,2,6,degree,0.2856268251720244
minesweeper,BundleSheaf,false,5,6,epoch-5,3,6,degree,0.31824367953382576
minesweeper,BundleSheaf,false,5,6,epoch-5,4,6,degree,0.331982012598901
minesweeper,BundleSheaf,false,5,6,epoch-5,5,6,degree,0.333034647043525
minesweeper,BundleSheaf,false,5,6,epoch-5,6,6,degree,0.33407632556616135
minesweeper,BundleSheaf,false,5,6,epoch-5,0,6,betweenness,0.0018309179319015549
minesweeper,BundleSheaf,false,5,6,epoch-5,1,6,betweenness,0.10349886589708249
minesweeper,BundleSheaf,false,5,6,epoch-5,2,6,betweenness,0.1288277672328479
minesweeper,BundleSheaf,false,5,6,epoch-5,3,6,betweenness,0.1375973194033395
minesweeper,BundleSheaf,false,5,6,epoch-5,4,6,betweenness,0.1457895437597681
minesweeper,BundleSheaf,false,5,6,epoch-5,5,6,betweenness,0.14926222928799573
minesweeper,BundleSheaf,false,5,6,epoch-5,6,6,betweenness,0.16688805248089117
minesweeper,BundleSheaf,false,5,6,epoch-5,0,6,confidence,0.00616696319931401
minesweeper,BundleSheaf,false,5,6,epoch-5,1,6,confidence,0.011117419022546114
minesweeper,BundleSheaf,false,5,6,epoch-5,2,6,confidence,0.010072644259509685
minesweeper,BundleSheaf,false,5,6,epoch-5,3,6,confidence,0.01370799804758913
minesweeper,BundleSheaf,false,5,6,epoch-5,4,6,confidence,0.014545437168811971
minesweeper,BundleSheaf,false,5,6,epoch-5,5,6,confidence,0.018771108851066635
minesweeper,BundleSheaf,false,5,6,epoch-5,6,6,confidence,0.01604036632455377
minesweeper,BundleSheaf,false,5,6,epoch-5,0,6,saliency,0.025265808100698346
minesweeper,BundleSheaf,false,5,6,epoch-5,1,6,saliency,0.03482086288430541
minesweeper,BundleSheaf,false,5,6,epoch-5,2,6,saliency,0.059413202905736186
minesweeper,BundleSheaf,false,5,6,epoch-5,3,6,saliency,0.06356109038456433
minesweeper,BundleSheaf,false,5,6,epoch-5,4,6,saliency,0.06856772241973426
minesweeper,BundleSheaf,false,5,6,epoch-5,5,6,saliency,0.07636987955661523
minesweeper,BundleSheaf,false,5,6,epoch-5,6,6,saliency,0.0792844389627472
minesweeper,BundleSheaf,false,5,6,epoch-5,0,6,cohens_d_train,0.2628497
minesweeper,BundleSheaf,false,5,6,epoch-5,1,6,cohens_d_train,0.17512476
minesweeper,BundleSheaf,false,5,6,epoch-5,2,6,cohens_d_train,0.1482145
minesweeper,BundleSheaf,false,5,6,epoch-5,3,6,cohens_d_train,0.17891492
minesweeper,BundleSheaf,false,5,6,epoch-5,4,6,cohens_d_train,0.18184893
minesweeper,BundleSheaf,false,5,6,epoch-5,5,6,cohens_d_train,0.11246924
minesweeper,BundleSheaf,false,5,6,epoch-5,6,6,cohens_d_train,0.13069898
minesweeper,BundleSheaf,false,5,6,epoch-5,0,6,cohens_d_test,0.29578015
minesweeper,BundleSheaf,false,5,6,epoch-5,1,6,cohens_d_test,0.23146045
minesweeper,BundleSheaf,false,5,6,epoch-5,2,6,cohens_d_test,0.19588779
minesweeper,BundleSheaf,false,5,6,epoch-5,3,6,cohens_d_test,0.22207628
minesweeper,BundleSheaf,false,5,6,epoch-5,4,6,cohens_d_test,0.24232373
minesweeper,BundleSheaf,false,5,6,epoch-5,5,6,cohens_d_test,0.16842937
minesweeper,BundleSheaf,false,5,6,epoch-5,6,6,cohens_d_test,0.17491908
minesweeper,BundleSheaf,false,5,6,epoch-5,0,7,degree,0.02092962809334812
minesweeper,BundleSheaf,false,5,6,epoch-5,1,7,degree,0.2145340534511644
minesweeper,BundleSheaf,false,5,6,epoch-5,2,7,degree,0.2706780316187727
minesweeper,BundleSheaf,false,5,6,epoch-5,3,7,degree,0.31551091617524185
minesweeper,BundleSheaf,false,5,6,epoch-5,4,7,degree,0.3274726783307049
minesweeper,BundleSheaf,false,5,6,epoch-5,5,7,degree,0.3313691899960454
minesweeper,BundleSheaf,false,5,6,epoch-5,6,7,degree,0.3273917416272698
minesweeper,BundleSheaf,false,5,6,epoch-5,0,7,betweenness,-0.0027551818031940653
minesweeper,BundleSheaf,false,5,6,epoch-5,1,7,betweenness,0.10189316181637618
minesweeper,BundleSheaf,false,5,6,epoch-5,2,7,betweenness,0.10930086651025511
minesweeper,BundleSheaf,false,5,6,epoch-5,3,7,betweenness,0.12667170125851718
minesweeper,BundleSheaf,false,5,6,epoch-5,4,7,betweenness,0.12436594889376357
minesweeper,BundleSheaf,false,5,6,epoch-5,5,7,betweenness,0.11649588147585165
minesweeper,BundleSheaf,false,5,6,epoch-5,6,7,betweenness,0.1324281941634331
minesweeper,BundleSheaf,false,5,6,epoch-5,0,7,confidence,nan
minesweeper,BundleSheaf,false,5,6,epoch-5,1,7,confidence,nan
minesweeper,BundleSheaf,false,5,6,epoch-5,2,7,confidence,nan
minesweeper,BundleSheaf,false,5,6,epoch-5,3,7,confidence,nan
minesweeper,BundleSheaf,false,5,6,epoch-5,4,7,confidence,nan
minesweeper,BundleSheaf,false,5,6,epoch-5,5,7,confidence,nan
minesweeper,BundleSheaf,false,5,6,epoch-5,6,7,confidence,nan
minesweeper,BundleSheaf,false,5,6,epoch-5,0,7,saliency,0.05788578130816453
minesweeper,BundleSheaf,false,5,6,epoch-5,1,7,saliency,0.019574363162430497
minesweeper,BundleSheaf,false,5,6,epoch-5,2,7,saliency,0.0870591474626809
minesweeper,BundleSheaf,false,5,6,epoch-5,3,7,saliency,0.08694113429393299
minesweeper,BundleSheaf,false,5,6,epoch-5,4,7,saliency,0.12097917550688056
minesweeper,BundleSheaf,false,5,6,epoch-5,5,7,saliency,0.11924255454057191
minesweeper,BundleSheaf,false,5,6,epoch-5,6,7,saliency,0.1420235974824967
minesweeper,BundleSheaf,false,5,6,epoch-5,0,7,cohens_d_train,0.0056858216
minesweeper,BundleSheaf,false,5,6,epoch-5,1,7,cohens_d_train,0.02068348
minesweeper,BundleSheaf,false,5,6,epoch-5,2,7,cohens_d_train,0.12100583
minesweeper,BundleSheaf,false,5,6,epoch-5,3,7,cohens_d_train,0.0736419
minesweeper,BundleSheaf,false,5,6,epoch-5,4,7,cohens_d_train,0.18278345
minesweeper,BundleSheaf,false,5,6,epoch-5,5,7,cohens_d_train,0.10354398
minesweeper,BundleSheaf,false,5,6,epoch-5,6,7,cohens_d_train,0.10830545
minesweeper,BundleSheaf,false,5,6,epoch-5,0,7,cohens_d_test,0.0048608053
minesweeper,BundleSheaf,false,5,6,epoch-5,1,7,cohens_d_test,0.058684584
minesweeper,BundleSheaf,false,5,6,epoch-5,2,7,cohens_d_test,0.15996408
minesweeper,BundleSheaf,false,5,6,epoch-5,3,7,cohens_d_test,0.13884273
minesweeper,BundleSheaf,false,5,6,epoch-5,4,7,cohens_d_test,0.23034698
minesweeper,BundleSheaf,false,5,6,epoch-5,5,7,cohens_d_test,0.16801968
minesweeper,BundleSheaf,false,5,6,epoch-5,6,7,cohens_d_test,0.20044181
minesweeper,BundleSheaf,false,5,6,epoch-5,0,8,degree,-0.0020175036547663565
minesweeper,BundleSheaf,false,5,6,epoch-5,1,8,degree,0.17040966466744784
minesweeper,BundleSheaf,false,5,6,epoch-5,2,8,degree,0.2645292854499103
minesweeper,BundleSheaf,false,5,6,epoch-5,3,8,degree,0.31452439993271697
minesweeper,BundleSheaf,false,5,6,epoch-5,4,8,degree,0.3339371855032058
minesweeper,BundleSheaf,false,5,6,epoch-5,5,8,degree,0.3353630885720271
minesweeper,BundleSheaf,false,5,6,epoch-5,6,8,degree,0.3361716303396146
minesweeper,BundleSheaf,false,5,6,epoch-5,0,8,betweenness,-0.019422651914569412
minesweeper,BundleSheaf,false,5,6,epoch-5,1,8,betweenness,0.08434444580927596
minesweeper,BundleSheaf,false,5,6,epoch-5,2,8,betweenness,0.1149228490817105
minesweeper,BundleSheaf,false,5,6,epoch-5,3,8,betweenness,0.13325631975015997
minesweeper,BundleSheaf,false,5,6,epoch-5,4,8,betweenness,0.15261704104966464
minesweeper,BundleSheaf,false,5,6,epoch-5,5,8,betweenness,0.16185929362690546
minesweeper,BundleSheaf,false,5,6,epoch-5,6,8,betweenness,0.1618707447165348
minesweeper,BundleSheaf,false,5,6,epoch-5,0,8,confidence,-0.002209089767722743
minesweeper,BundleSheaf,false,5,6,epoch-5,1,8,confidence,-0.0031364035498146073
minesweeper,BundleSheaf,false,5,6,epoch-5,2,8,confidence,-0.005586114668127964
minesweeper,BundleSheaf,false,5,6,epoch-5,3,8,confidence,-0.0031111045565767378
minesweeper,BundleSheaf,false,5,6,epoch-5,4,8,confidence,-0.007580372668290726
minesweeper,BundleSheaf,false,5,6,epoch-5,5,8,confidence,-0.000934714413705905
minesweeper,BundleSheaf,false,5,6,epoch-5,6,8,confidence,0.0027691394715204523
minesweeper,BundleSheaf,false,5,6,epoch-5,0,8,saliency,-0.007264221766462624
minesweeper,BundleSheaf,false,5,6,epoch-5,1,8,saliency,0.0675232883794498
minesweeper,BundleSheaf,false,5,6,epoch-5,2,8,saliency,0.09339127421303343
minesweeper,BundleSheaf,false,5,6,epoch-5,3,8,saliency,0.12041391195594532
minesweeper,BundleSheaf,false,5,6,epoch-5,4,8,saliency,0.12246540234775621
minesweeper,BundleSheaf,false,5,6,epoch-5,5,8,saliency,0.10017811906298332
minesweeper,BundleSheaf,false,5,6,epoch-5,6,8,saliency,0.10416943186663183
minesweeper,BundleSheaf,false,5,6,epoch-5,0,8,cohens_d_train,0.06410783
minesweeper,BundleSheaf,false,5,6,epoch-5,1,8,cohens_d_train,0.08853242
minesweeper,BundleSheaf,false,5,6,epoch-5,2,8,cohens_d_train,0.1829915
minesweeper,BundleSheaf,false,5,6,epoch-5,3,8,cohens_d_train,0.2321859
minesweeper,BundleSheaf,false,5,6,epoch-5,4,8,cohens_d_train,0.1853044
minesweeper,BundleSheaf,false,5,6,epoch-5,5,8,cohens_d_train,0.15225106
minesweeper,BundleSheaf,false,5,6,epoch-5,6,8,cohens_d_train,0.14433098
minesweeper,BundleSheaf,false,5,6,epoch-5,0,8,cohens_d_test,0.03938499
minesweeper,BundleSheaf,false,5,6,epoch-5,1,8,cohens_d_test,0.107467934
minesweeper,BundleSheaf,false,5,6,epoch-5,2,8,cohens_d_test,0.17383374
minesweeper,BundleSheaf,false,5,6,epoch-5,3,8,cohens_d_test,0.23055534
minesweeper,BundleSheaf,false,5,6,epoch-5,4,8,cohens_d_test,0.19853695
minesweeper,BundleSheaf,false,5,6,epoch-5,5,8,cohens_d_test,0.13232113
minesweeper,BundleSheaf,false,5,6,epoch-5,6,8,cohens_d_test,0.120090544
minesweeper,BundleSheaf,false,5,6,epoch-5,0,9,degree,0.013830179237085178
minesweeper,BundleSheaf,false,5,6,epoch-5,1,9,degree,0.2013238430215365
minesweeper,BundleSheaf,false,5,6,epoch-5,2,9,degree,0.23472313696702085
minesweeper,BundleSheaf,false,5,6,epoch-5,3,9,degree,0.31493496441898144
minesweeper,BundleSheaf,false,5,6,epoch-5,4,9,degree,0.33287244365862395
minesweeper,BundleSheaf,false,5,6,epoch-5,5,9,degree,0.33590853194716286
minesweeper,BundleSheaf,false,5,6,epoch-5,6,9,degree,0.33527758822127146
minesweeper,BundleSheaf,false,5,6,epoch-5,0,9,betweenness,-0.010353096040434301
minesweeper,BundleSheaf,false,5,6,epoch-5,1,9,betweenness,0.1009603912039907
minesweeper,BundleSheaf,false,5,6,epoch-5,2,9,betweenness,0.10659291846744676
minesweeper,BundleSheaf,false,5,6,epoch-5,3,9,betweenness,0.13999417572182152
minesweeper,BundleSheaf,false,5,6,epoch-5,4,9,betweenness,0.13769571019950105
minesweeper,BundleSheaf,false,5,6,epoch-5,5,9,betweenness,0.15109554946220807
minesweeper,BundleSheaf,false,5,6,epoch-5,6,9,betweenness,0.16938066136390434
minesweeper,BundleSheaf,false,5,6,epoch-5,0,9,confidence,-0.027713364157820167
minesweeper,BundleSheaf,false,5,6,epoch-5,1,9,confidence,0.031752569138269744
minesweeper,BundleSheaf,false,5,6,epoch-5,2,9,confidence,0.03259208000342079
minesweeper,BundleSheaf,false,5,6,epoch-5,3,9,confidence,0.035757228931969684
minesweeper,BundleSheaf,false,5,6,epoch-5,4,9,confidence,0.03856782306661716
minesweeper,BundleSheaf,false,5,6,epoch-5,5,9,confidence,0.03354125677246182
minesweeper,BundleSheaf,false,5,6,epoch-5,6,9,confidence,0.03158529597574347
minesweeper,BundleSheaf,false,5,6,epoch-5,0,9,saliency,0.02402118458270418
minesweeper,BundleSheaf,false,5,6,epoch-5,1,9,saliency,0.04152804404046583
minesweeper,BundleSheaf,false,5,6,epoch-5,2,9,saliency,0.08301704880291765
minesweeper,BundleSheaf,false,5,6,epoch-5,3,9,saliency,0.10637352513964997
minesweeper,BundleSheaf,false,5,6,epoch-5,4,9,saliency,0.1073199235861651
minesweeper,BundleSheaf,false,5,6,epoch-5,5,9,saliency,0.12655953585863278
minesweeper,BundleSheaf,false,5,6,epoch-5,6,9,saliency,0.11327791729213851
minesweeper,BundleSheaf,false,5,6,epoch-5,0,9,cohens_d_train,0.06330344
minesweeper,BundleSheaf,false,5,6,epoch-5,1,9,cohens_d_train,0.05390378
minesweeper,BundleSheaf,false,5,6,epoch-5,2,9,cohens_d_train,0.05926729
minesweeper,BundleSheaf,false,5,6,epoch-5,3,9,cohens_d_train,0.022024527
minesweeper,BundleSheaf,false,5,6,epoch-5,4,9,cohens_d_train,0.06175949
minesweeper,BundleSheaf,false,5,6,epoch-5,5,9,cohens_d_train,0.016449835
minesweeper,BundleSheaf,false,5,6,epoch-5,6,9,cohens_d_train,0.107822485
minesweeper,BundleSheaf,false,5,6,epoch-5,0,9,cohens_d_test,0.04833824
minesweeper,BundleSheaf,false,5,6,epoch-5,1,9,cohens_d_test,0.061073195
minesweeper,BundleSheaf,false,5,6,epoch-5,2,9,cohens_d_test,0.08688727
minesweeper,BundleSheaf,false,5,6,epoch-5,3,9,cohens_d_test,0.04209995
minesweeper,BundleSheaf,false,5,6,epoch-5,4,9,cohens_d_test,0.06500465
minesweeper,BundleSheaf,false,5,6,epoch-5,5,9,cohens_d_test,0.053208522
minesweeper,BundleSheaf,false,5,6,epoch-5,6,9,cohens_d_test,0.13885798
minesweeper,BundleSheaf,false,5,6,epoch-15,0,0,degree,0.0007341089739207131
minesweeper,BundleSheaf,false,5,6,epoch-15,1,0,degree,0.1867930550089988
minesweeper,BundleSheaf,false,5,6,epoch-15,2,0,degree,0.23458378247527642
minesweeper,BundleSheaf,false,5,6,epoch-15,3,0,degree,0.2935800047416107
minesweeper,BundleSheaf,false,5,6,epoch-15,4,0,degree,0.32614423337405063
minesweeper,BundleSheaf,false,5,6,epoch-15,5,0,degree,0.335873459917776
minesweeper,BundleSheaf,false,5,6,epoch-15,6,0,degree,0.32961417243046115
minesweeper,BundleSheaf,false,5,6,epoch-15,0,0,betweenness,0.008375584361924074
minesweeper,BundleSheaf,false,5,6,epoch-15,1,0,betweenness,0.09260930812793307
minesweeper,BundleSheaf,false,5,6,epoch-15,2,0,betweenness,0.10890294500494996
minesweeper,BundleSheaf,false,5,6,epoch-15,3,0,betweenness,0.13491944312886106
minesweeper,BundleSheaf,false,5,6,epoch-15,4,0,betweenness,0.15144349997079565
minesweeper,BundleSheaf,false,5,6,epoch-15,5,0,betweenness,0.15859833917064453
minesweeper,BundleSheaf,false,5,6,epoch-15,6,0,betweenness,0.2029841852995851
minesweeper,BundleSheaf,false,5,6,epoch-15,0,0,confidence,0.007926544053571048
minesweeper,BundleSheaf,false,5,6,epoch-15,1,0,confidence,0.03889738924127288
minesweeper,BundleSheaf,false,5,6,epoch-15,2,0,confidence,0.033038322367203284
minesweeper,BundleSheaf,false,5,6,epoch-15,3,0,confidence,0.028640961894240157
minesweeper,BundleSheaf,false,5,6,epoch-15,4,0,confidence,0.029620843540144486
minesweeper,BundleSheaf,false,5,6,epoch-15,5,0,confidence,0.03131429728622207
minesweeper,BundleSheaf,false,5,6,epoch-15,6,0,confidence,0.028423787151421864
minesweeper,BundleSheaf,false,5,6,epoch-15,0,0,saliency,0.01158206938991936
minesweeper,BundleSheaf,false,5,6,epoch-15,1,0,saliency,0.050947422203123746
minesweeper,BundleSheaf,false,5,6,epoch-15,2,0,saliency,0.05559362542043659
minesweeper,BundleSheaf,false,5,6,epoch-15,3,0,saliency,0.057894957777817994
minesweeper,BundleSheaf,false,5,6,epoch-15,4,0,saliency,0.07305406544363646
minesweeper,BundleSheaf,false,5,6,epoch-15,5,0,saliency,0.0749889679510145
minesweeper,BundleSheaf,false,5,6,epoch-15,6,0,saliency,0.07232862458280515
minesweeper,BundleSheaf,false,5,6,epoch-15,0,0,cohens_d_train,0.018425755
minesweeper,BundleSheaf,false,5,6,epoch-15,1,0,cohens_d_train,0.049682353
minesweeper,BundleSheaf,false,5,6,epoch-15,2,0,cohens_d_train,0.047115125
minesweeper,BundleSheaf,false,5,6,epoch-15,3,0,cohens_d_train,0.018056273
minesweeper,BundleSheaf,false,5,6,epoch-15,4,0,cohens_d_train,0.00407855
minesweeper,BundleSheaf,false,5,6,epoch-15,5,0,cohens_d_train,0.020322707
minesweeper,BundleSheaf,false,5,6,epoch-15,6,0,cohens_d_train,0.06403063
minesweeper,BundleSheaf,false,5,6,epoch-15,0,0,cohens_d_test,0.007135239
minesweeper,BundleSheaf,false,5,6,epoch-15,1,0,cohens_d_test,0.13361639
minesweeper,BundleSheaf,false,5,6,epoch-15,2,0,cohens_d_test,0.06560434
minesweeper,BundleSheaf,false,5,6,epoch-15,3,0,cohens_d_test,0.04282382
minesweeper,BundleSheaf,false,5,6,epoch-15,4,0,cohens_d_test,0.02244873
minesweeper,BundleSheaf,false,5,6,epoch-15,5,0,cohens_d_test,0.012474391
minesweeper,BundleSheaf,false,5,6,epoch-15,6,0,cohens_d_test,0.022667706
minesweeper,BundleSheaf,false,5,6,epoch-15,0,1,degree,-0.004632057737925312
minesweeper,BundleSheaf,false,5,6,epoch-15,1,1,degree,0.17790913314871376
minesweeper,BundleSheaf,false,5,6,epoch-15,2,1,degree,0.2363034740417813
minesweeper,BundleSheaf,false,5,6,epoch-15,3,1,degree,0.3156964499686748
minesweeper,BundleSheaf,false,5,6,epoch-15,4,1,degree,0.3292574590987787
minesweeper,BundleSheaf,false,5,6,epoch-15,5,1,degree,0.3331075653070525
minesweeper,BundleSheaf,false,5,6,epoch-15,6,1,degree,0.32578645981546817
minesweeper,BundleSheaf,false,5,6,epoch-15,0,1,betweenness,0.01467200585352459
minesweeper,BundleSheaf,false,5,6,epoch-15,1,1,betweenness,0.09499634595295944
minesweeper,BundleSheaf,false,5,6,epoch-15,2,1,betweenness,0.1102029987199973
minesweeper,BundleSheaf,false,5,6,epoch-15,3,1,betweenness,0.1450057696232779
minesweeper,BundleSheaf,false,5,6,epoch-15,4,1,betweenness,0.12715316012210912
minesweeper,BundleSheaf,false,5,6,epoch-15,5,1,betweenness,0.134897729464643
minesweeper,BundleSheaf,false,5,6,epoch-15,6,1,betweenness,0.18160345287566187
minesweeper,BundleSheaf,false,5,6,epoch-15,0,1,confidence,-0.007045945673070122
minesweeper,BundleSheaf,false,5,6,epoch-15,1,1,confidence,-0.0008791341664071872
minesweeper,BundleSheaf,false,5,6,epoch-15,2,1,confidence,-0.0009136281484028761
minesweeper,BundleSheaf,false,5,6,epoch-15,3,1,confidence,2.7390388945617498e-05
minesweeper,BundleSheaf,false,5,6,epoch-15,4,1,confidence,-0.0021721359422561515
minesweeper,BundleSheaf,false,5,6,epoch-15,5,1,confidence,-0.0017358846493657314
minesweeper,BundleSheaf,false,5,6,epoch-15,6,1,confidence,0.008196483086594562
minesweeper,BundleSheaf,false,5,6,epoch-15,0,1,saliency,-0.07817915941800811
minesweeper,BundleSheaf,false,5,6,epoch-15,1,1,saliency,-0.05085084559332558
minesweeper,BundleSheaf,false,5,6,epoch-15,2,1,saliency,-0.03495986361801815
minesweeper,BundleSheaf,false,5,6,epoch-15,3,1,saliency,0.01889854703121225
minesweeper,BundleSheaf,false,5,6,epoch-15,4,1,saliency,0.06592540320604513
minesweeper,BundleSheaf,false,5,6,epoch-15,5,1,saliency,0.050004810380948186
minesweeper,BundleSheaf,false,5,6,epoch-15,6,1,saliency,0.0828259733777506
minesweeper,BundleSheaf,false,5,6,epoch-15,0,1,cohens_d_train,0.04111567
minesweeper,BundleSheaf,false,5,6,epoch-15,1,1,cohens_d_train,0.016876439
minesweeper,BundleSheaf,false,5,6,epoch-15,2,1,cohens_d_train,0.024032306
minesweeper,BundleSheaf,false,5,6,epoch-15,3,1,cohens_d_train,0.09670823
minesweeper,BundleSheaf,false,5,6,epoch-15,4,1,cohens_d_train,0.17658377
minesweeper,BundleSheaf,false,5,6,epoch-15,5,1,cohens_d_train,0.16166587
minesweeper,BundleSheaf,false,5,6,epoch-15,6,1,cohens_d_train,0.026220394
minesweeper,BundleSheaf,false,5,6,epoch-15,0,1,cohens_d_test,0.04963837
minesweeper,BundleSheaf,false,5,6,epoch-15,1,1,cohens_d_test,0.0899572
minesweeper,BundleSheaf,false,5,6,epoch-15,2,1,cohens_d_test,0.18408255
minesweeper,BundleSheaf,false,5,6,epoch-15,3,1,cohens_d_test,0.23257805
minesweeper,BundleSheaf,false,5,6,epoch-15,4,1,cohens_d_test,0.33304098
minesweeper,BundleSheaf,false,5,6,epoch-15,5,1,cohens_d_test,0.35206977
minesweeper,BundleSheaf,false,5,6,epoch-15,6,1,cohens_d_test,0.23257476
minesweeper,BundleSheaf,false,5,6,epoch-15,0,2,degree,0.005570306264017538
minesweeper,BundleSheaf,false,5,6,epoch-15,1,2,degree,0.20180766626711158
minesweeper,BundleSheaf,false,5,6,epoch-15,2,2,degree,0.2539417439481096
minesweeper,BundleSheaf,false,5,6,epoch-15,3,2,degree,0.3089814563305349
minesweeper,BundleSheaf,false,5,6,epoch-15,4,2,degree,0.32776801316220383
minesweeper,BundleSheaf,false,5,6,epoch-15,5,2,degree,0.33440109788904926
minesweeper,BundleSheaf,false,5,6,epoch-15,6,2,degree,0.33569642566589836
minesweeper,BundleSheaf,false,5,6,epoch-15,0,2,betweenness,-0.020095419716387813
minesweeper,BundleSheaf,false,5,6,epoch-15,1,2,betweenness,0.09571627093703997
minesweeper,BundleSheaf,false,5,6,epoch-15,2,2,betweenness,0.11580896400564845
minesweeper,BundleSheaf,false,5,6,epoch-15,3,2,betweenness,0.13738847744883076
minesweeper,BundleSheaf,false,5,6,epoch-15,4,2,betweenness,0.1478143597403518
minesweeper,BundleSheaf,false,5,6,epoch-15,5,2,betweenness,0.15491437782025597
minesweeper,BundleSheaf,false,5,6,epoch-15,6,2,betweenness,0.17346757929248185
minesweeper,BundleSheaf,false,5,6,epoch-15,0,2,confidence,-0.032203248254983996
minesweeper,BundleSheaf,false,5,6,epoch-15,1,2,confidence,0.027042112476336873
minesweeper,BundleSheaf,false,5,6,epoch-15,2,2,confidence,0.02964764955128067
minesweeper,BundleSheaf,false,5,6,epoch-15,3,2,confidence,0.0290756695472311
minesweeper,BundleSheaf,false,5,6,epoch-15,4,2,confidence,0.027271195908789573
minesweeper,BundleSheaf,false,5,6,epoch-15,5,2,confidence,0.018448382388616867
minesweeper,BundleSheaf,false,5,6,epoch-15,6,2,confidence,0.01914278309091015
minesweeper,BundleSheaf,false,5,6,epoch-15,0,2,saliency,0.08089405172805117
minesweeper,BundleSheaf,false,5,6,epoch-15,1,2,saliency,-0.032378976814443024
minesweeper,BundleSheaf,false,5,6,epoch-15,2,2,saliency,-0.02271952361367234
minesweeper,BundleSheaf,false,5,6,epoch-15,3,2,saliency,-0.00166192825063424
minesweeper,BundleSheaf,false,5,6,epoch-15,4,2,saliency,0.006126308107354975
minesweeper,BundleSheaf,false,5,6,epoch-15,5,2,saliency,0.024952068615670397
minesweeper,BundleSheaf,false,5,6,epoch-15,6,2,saliency,0.018244723940775646
minesweeper,BundleSheaf,false,5,6,epoch-15,0,2,cohens_d_train,0.09253677
minesweeper,BundleSheaf,false,5,6,epoch-15,1,2,cohens_d_train,0.062550046
minesweeper,BundleSheaf,false,5,6,epoch-15,2,2,cohens_d_train,0.0808136
minesweeper,BundleSheaf,false,5,6,epoch-15,3,2,cohens_d_train,0.0843248
minesweeper,BundleSheaf,false,5,6,epoch-15,4,2,cohens_d_train,0.08484321
minesweeper,BundleSheaf,false,5,6,epoch-15,5,2,cohens_d_train,0.017469639
minesweeper,BundleSheaf,false,5,6,epoch-15,6,2,cohens_d_train,0.023904672
minesweeper,BundleSheaf,false,5,6,epoch-15,0,2,cohens_d_test,0.21973842
minesweeper,BundleSheaf,false,5,6,epoch-15,1,2,cohens_d_test,0.023304543
minesweeper,BundleSheaf,false,5,6,epoch-15,2,2,cohens_d_test,0.04559688
minesweeper,BundleSheaf,false,5,6,epoch-15,3,2,cohens_d_test,0.029634088
minesweeper,BundleSheaf,false,5,6,epoch-15,4,2,cohens_d_test,0.036568176
minesweeper,BundleSheaf,false,5,6,epoch-15,5,2,cohens_d_test,0.07148439
minesweeper,BundleSheaf,false,5,6,epoch-15,6,2,cohens_d_test,0.10196434
minesweeper,BundleSheaf,false,5,6,epoch-15,0,3,degree,-0.019728243185258725
minesweeper,BundleSheaf,false,5,6,epoch-15,1,3,degree,0.19193761965668363
minesweeper,BundleSheaf,false,5,6,epoch-15,2,3,degree,0.25812102017861466
minesweeper,BundleSheaf,false,5,6,epoch-15,3,3,degree,0.31351113939604447
minesweeper,BundleSheaf,false,5,6,epoch-15,4,3,degree,0.33231849862129753
minesweeper,BundleSheaf,false,5,6,epoch-15,5,3,degree,0.33436107023298295
minesweeper,BundleSheaf,false,5,6,epoch-15,6,3,degree,0.3166368549169474
minesweeper,BundleSheaf,false,5,6,epoch-15,0,3,betweenness,0.017691896271515083
minesweeper,BundleSheaf,false,5,6,epoch-15,1,3,betweenness,0.09481001470970027
minesweeper,BundleSheaf,false,5,6,epoch-15,2,3,betweenness,0.12555405155443713
minesweeper,BundleSheaf,false,5,6,epoch-15,3,3,betweenness,0.14208294353322318
minesweeper,BundleSheaf,false,5,6,epoch-15,4,3,betweenness,0.15070041797023778
minesweeper,BundleSheaf,false,5,6,epoch-15,5,3,betweenness,0.15176160970753483
minesweeper,BundleSheaf,false,5,6,epoch-15,6,3,betweenness,0.1713178587179158
minesweeper,BundleSheaf,false,5,6,epoch-15,0,3,confidence,0.022672027338832303
minesweeper,BundleSheaf,false,5,6,epoch-15,1,3,confidence,0.01725868637570209
minesweeper,BundleSheaf,false,5,6,epoch-15,2,3,confidence,0.0158813818616075
minesweeper,BundleSheaf,false,5,6,epoch-15,3,3,confidence,0.016959224983425177
minesweeper,BundleSheaf,false,5,6,epoch-15,4,3,confidence,0.012380337749021786
minesweeper,BundleSheaf,false,5,6,epoch-15,5,3,confidence,0.016608592553953822
minesweeper,BundleSheaf,false,5,6,epoch-15,6,3,confidence,0.027266073449277464
minesweeper,BundleSheaf,false,5,6,epoch-15,0,3,saliency,-0.022067761722726762
minesweeper,BundleSheaf,false,5,6,epoch-15,1,3,saliency,-0.0009417781600511968
minesweeper,BundleSheaf,false,5,6,epoch-15,2,3,saliency,0.011038595432518417
minesweeper,BundleSheaf,false,5,6,epoch-15,3,3,saliency,0.03384275843103675
minesweeper,BundleSheaf,false,5,6,epoch-15,4,3,saliency,0.04598520373681773
minesweeper,BundleSheaf,false,5,6,epoch-15,5,3,saliency,0.046736743859928286
minesweeper,BundleSheaf,false,5,6,epoch-15,6,3,saliency,0.06770527974067772
minesweeper,BundleSheaf,false,5,6,epoch-15,0,3,cohens_d_train,0.16137889
minesweeper,BundleSheaf,false,5,6,epoch-15,1,3,cohens_d_train,0.1766425
minesweeper,BundleSheaf,false,5,6,epoch-15,2,3,cohens_d_train,0.15906517
minesweeper,BundleSheaf,false,5,6,epoch-15,3,3,cohens_d_train,0.18924424
minesweeper,BundleSheaf,false,5,6,epoch-15,4,3,cohens_d_train,0.14745407
minesweeper,BundleSheaf,false,5,6,epoch-15,5,3,cohens_d_train,0.0789383
minesweeper,BundleSheaf,false,5,6,epoch-15,6,3,cohens_d_train,0.08669669
minesweeper,BundleSheaf,false,5,6,epoch-15,0,3,cohens_d_test,0.14813828
minesweeper,BundleSheaf,false,5,6,epoch-15,1,3,cohens_d_test,0.14504576
minesweeper,BundleSheaf,false,5,6,epoch-15,2,3,cohens_d_test,0.17141111
minesweeper,BundleSheaf,false,5,6,epoch-15,3,3,cohens_d_test,0.22377422
minesweeper,BundleSheaf,false,5,6,epoch-15,4,3,cohens_d_test,0.17228022
minesweeper,BundleSheaf,false,5,6,epoch-15,5,3,cohens_d_test,0.111923605
minesweeper,BundleSheaf,false,5,6,epoch-15,6,3,cohens_d_test,0.10288375
minesweeper,BundleSheaf,false,5,6,epoch-15,0,4,degree,-0.0039644083161623775
minesweeper,BundleSheaf,false,5,6,epoch-15,1,4,degree,0.18990780806383903
minesweeper,BundleSheaf,false,5,6,epoch-15,2,4,degree,0.257565830314358
minesweeper,BundleSheaf,false,5,6,epoch-15,3,4,degree,0.30587204180580596
minesweeper,BundleSheaf,false,5,6,epoch-15,4,4,degree,0.33200729933922324
minesweeper,BundleSheaf,false,5,6,epoch-15,5,4,degree,0.33525491347911657
minesweeper,BundleSheaf,false,5,6,epoch-15,6,4,degree,0.3364125583176724
minesweeper,BundleSheaf,false,5,6,epoch-15,0,4,betweenness,0.013911759557222774
minesweeper,BundleSheaf,false,5,6,epoch-15,1,4,betweenness,0.08774626004380821
minesweeper,BundleSheaf,false,5,6,epoch-15,2,4,betweenness,0.10296188282594322
minesweeper,BundleSheaf,false,5,6,epoch-15,3,4,betweenness,0.1178011260655453
minesweeper,BundleSheaf,false,5,6,epoch-15,4,4,betweenness,0.13704864080788706
minesweeper,BundleSheaf,false,5,6,epoch-15,5,4,betweenness,0.14461956022826963
minesweeper,BundleSheaf,false,5,6,epoch-15,6,4,betweenness,0.1548658041671624
minesweeper,BundleSheaf,false,5,6,epoch-15,0,4,confidence,0.030932178349114502
minesweeper,BundleSheaf,false,5,6,epoch-15,1,4,confidence,0.043422903665581915
minesweeper,BundleSheaf,false,5,6,epoch-15,2,4,confidence,0.04086310426072372
minesweeper,BundleSheaf,false,5,6,epoch-15,3,4,confidence,0.033432061839861076
minesweeper,BundleSheaf,false,5,6,epoch-15,4,4,confidence,0.023767323326475825
minesweeper,BundleSheaf,false,5,6,epoch-15,5,4,confidence,0.021041610302193554
minesweeper,BundleSheaf,false,5,6,epoch-15,6,4,confidence,0.017062425798422945
minesweeper,BundleSheaf,false,5,6,epoch-15,0,4,saliency,-0.0829148998487448
minesweeper,BundleSheaf,false,5,6,epoch-15,1,4,saliency,-0.007004238362868188
minesweeper,BundleSheaf,false,5,6,epoch-15,2,4,saliency,0.004124899937298498
minesweeper,BundleSheaf,false,5,6,epoch-15,3,4,saliency,0.03813293543732935
minesweeper,BundleSheaf,false,5,6,epoch-15,4,4,saliency,0.08801025799821482
minesweeper,BundleSheaf,false,5,6,epoch-15,5,4,saliency,0.10952068399052108
minesweeper,BundleSheaf,false,5,6,epoch-15,6,4,saliency,0.1141180277005497
minesweeper,BundleSheaf,false,5,6,epoch-15,0,4,cohens_d_train,0.20117858
minesweeper,BundleSheaf,false,5,6,epoch-15,1,4,cohens_d_train,0.055755768
minesweeper,BundleSheaf,false,5,6,epoch-15,2,4,cohens_d_train,0.114491254
minesweeper,BundleSheaf,false,5,6,epoch-15,3,4,cohens_d_train,0.07994019
minesweeper,BundleSheaf,false,5,6,epoch-15,4,4,cohens_d_train,0.00049356156
minesweeper,BundleSheaf,false,5,6,epoch-15,5,4,cohens_d_train,0.096461385
minesweeper,BundleSheaf,false,5,6,epoch-15,6,4,cohens_d_train,0.12055332
minesweeper,BundleSheaf,false,5,6,epoch-15,0,4,cohens_d_test,0.119085506
minesweeper,BundleSheaf,false,5,6,epoch-15,1,4,cohens_d_test,0.06516107
minesweeper,BundleSheaf,false,5,6,epoch-15,2,4,cohens_d_test,0.12505135
minesweeper,BundleSheaf,false,5,6,epoch-15,3,4,cohens_d_test,0.07523355
minesweeper,BundleSheaf,false,5,6,epoch-15,4,4,cohens_d_test,0.008778279
minesweeper,BundleSheaf,false,5,6,epoch-15,5,4,cohens_d_test,0.11197119
minesweeper,BundleSheaf,false,5,6,epoch-15,6,4,cohens_d_test,0.16890721
minesweeper,BundleSheaf,false,5,6,epoch-15,0,5,degree,0.016037603437115397
minesweeper,BundleSheaf,false,5,6,epoch-15,1,5,degree,0.21909982369822273
minesweeper,BundleSheaf,false,5,6,epoch-15,2,5,degree,0.27347635428508166
minesweeper,BundleSheaf,false,5,6,epoch-15,3,5,degree,0.3099138332351798
minesweeper,BundleSheaf,false,5,6,epoch-15,4,5,degree,0.32820111511715055
minesweeper,BundleSheaf,false,5,6,epoch-15,5,5,degree,0.3319696995057775
minesweeper,BundleSheaf,false,5,6,epoch-15,6,5,degree,0.33295958210227683
minesweeper,BundleSheaf,false,5,6,epoch-15,0,5,betweenness,-0.015875983953173963
minesweeper,BundleSheaf,false,5,6,epoch-15,1,5,betweenness,0.09952356193790025
minesweeper,BundleSheaf,false,5,6,epoch-15,2,5,betweenness,0.11229029290128227
minesweeper,BundleSheaf,false,5,6,epoch-15,3,5,betweenness,0.1333163915227632
minesweeper,BundleSheaf,false,5,6,epoch-15,4,5,betweenness,0.14651876809158323
minesweeper,BundleSheaf,false,5,6,epoch-15,5,5,betweenness,0.1384613191955978
minesweeper,BundleSheaf,false,5,6,epoch-15,6,5,betweenness,0.14167630904986345
minesweeper,BundleSheaf,false,5,6,epoch-15,0,5,confidence,-0.004399039661665917
minesweeper,BundleSheaf,false,5,6,epoch-15,1,5,confidence,0.00192594247390777
minesweeper,BundleSheaf,false,5,6,epoch-15,2,5,confidence,0.00010535785339507405
minesweeper,BundleSheaf,false,5,6,epoch-15,3,5,confidence,0.0015285546249875488
minesweeper,BundleSheaf,false,5,6,epoch-15,4,5,confidence,0.0034789296082783847
minesweeper,BundleSheaf,false,5,6,epoch-15,5,5,confidence,0.003081775940906375
minesweeper,BundleSheaf,false,5,6,epoch-15,6,5,confidence,0.0019885022622480454
minesweeper,BundleSheaf,false,5,6,epoch-15,0,5,saliency,0.12012415048761826
minesweeper,BundleSheaf,false,5,6,epoch-15,1,5,saliency,0.018114803946754573
minesweeper,BundleSheaf,false,5,6,epoch-15,2,5,saliency,0.06808704498368749
minesweeper,BundleSheaf,false,5,6,epoch-15,3,5,saliency,0.05391095533191822
minesweeper,BundleSheaf,false,5,6,epoch-15,4,5,saliency,0.0734203232004235
minesweeper,BundleSheaf,false,5,6,epoch-15,5,5,saliency,0.08117452052047577
minesweeper,BundleSheaf,false,5,6,epoch-15,6,5,saliency,0.08343145452106543
minesweeper,BundleSheaf,false,5,6,epoch-15,0,5,cohens_d_train,0.009793377
minesweeper,BundleSheaf,false,5,6,epoch-15,1,5,cohens_d_train,0.044615317
minesweeper,BundleSheaf,false,5,6,epoch-15,2,5,cohens_d_train,0.124165975
minesweeper,BundleSheaf,false,5,6,epoch-15,3,5,cohens_d_train,0.057103273
minesweeper,BundleSheaf,false,5,6,epoch-15,4,5,cohens_d_train,0.028204346
minesweeper,BundleSheaf,false,5,6,epoch-15,5,5,cohens_d_train,0.01867873
minesweeper,BundleSheaf,false,5,6,epoch-15,6,5,cohens_d_train,0.05897004
minesweeper,BundleSheaf,false,5,6,epoch-15,0,5,cohens_d_test,0.04556191
minesweeper,BundleSheaf,false,5,6,epoch-15,1,5,cohens_d_test,0.0055985143
minesweeper,BundleSheaf,false,5,6,epoch-15,2,5,cohens_d_test,0.17205517
minesweeper,BundleSheaf,false,5,6,epoch-15,3,5,cohens_d_test,0.110261045
minesweeper,BundleSheaf,false,5,6,epoch-15,4,5,cohens_d_test,0.077724464
minesweeper,BundleSheaf,false,5,6,epoch-15,5,5,cohens_d_test,0.09549003
minesweeper,BundleSheaf,false,5,6,epoch-15,6,5,cohens_d_test,0.14190501
minesweeper,BundleSheaf,false,5,6,epoch-15,0,6,degree,0.02257536189220825
minesweeper,BundleSheaf,false,5,6,epoch-15,1,6,degree,0.20566281972746342
minesweeper,BundleSheaf,false,5,6,epoch-15,2,6,degree,0.2570824040502127
minesweeper,BundleSheaf,false,5,6,epoch-15,3,6,degree,0.31271840900465303
minesweeper,BundleSheaf,false,5,6,epoch-15,4,6,degree,0.3259017297554847
minesweeper,BundleSheaf,false,5,6,epoch-15,5,6,degree,0.3279290823506166
minesweeper,BundleSheaf,false,5,6,epoch-15,6,6,degree,0.33387821842373266
minesweeper,BundleSheaf,false,5,6,epoch-15,0,6,betweenness,-3.091604352623401e-05
minesweeper,BundleSheaf,false,5,6,epoch-15,1,6,betweenness,0.09895795133783292
minesweeper,BundleSheaf,false,5,6,epoch-15,2,6,betweenness,0.12084333706842122
minesweeper,BundleSheaf,false,5,6,epoch-15,3,6,betweenness,0.1363640477705496
minesweeper,BundleSheaf,false,5,6,epoch-15,4,6,betweenness,0.1334564705345684
minesweeper,BundleSheaf,false,5,6,epoch-15,5,6,betweenness,0.14673187535148152
minesweeper,BundleSheaf,false,5,6,epoch-15,6,6,betweenness,0.18122499883986146
minesweeper,BundleSheaf,false,5,6,epoch-15,0,6,confidence,0.009158901542933045
minesweeper,BundleSheaf,false,5,6,epoch-15,1,6,confidence,0.01123956678745887
minesweeper,BundleSheaf,false,5,6,epoch-15,2,6,confidence,0.012461175340676865
minesweeper,BundleSheaf,false,5,6,epoch-15,3,6,confidence,0.016592603859246248
minesweeper,BundleSheaf,false,5,6,epoch-15,4,6,confidence,0.0155070751047742
minesweeper,BundleSheaf,false,5,6,epoch-15,5,6,confidence,0.014824032854106162
minesweeper,BundleSheaf,false,5,6,epoch-15,6,6,confidence,0.028250884573232105
minesweeper,BundleSheaf,false,5,6,epoch-15,0,6,saliency,0.036308348695411684
minesweeper,BundleSheaf,false,5,6,epoch-15,1,6,saliency,-0.002108350066696949
minesweeper,BundleSheaf,false,5,6,epoch-15,2,6,saliency,-0.024693091255227232
minesweeper,BundleSheaf,false,5,6,epoch-15,3,6,saliency,0.0022679525267135445
minesweeper,BundleSheaf,false,5,6,epoch-15,4,6,saliency,0.04286653398905114
minesweeper,BundleSheaf,false,5,6,epoch-15,5,6,saliency,0.03364321700513868
minesweeper,BundleSheaf,false,5,6,epoch-15,6,6,saliency,0.05570238863119364
minesweeper,BundleSheaf,false,5,6,epoch-15,0,6,cohens_d_train,0.0026718248
minesweeper,BundleSheaf,false,5,6,epoch-15,1,6,cohens_d_train,0.040953808
minesweeper,BundleSheaf,false,5,6,epoch-15,2,6,cohens_d_train,0.0022364436
minesweeper,BundleSheaf,false,5,6,epoch-15,3,6,cohens_d_train,0.022362169
minesweeper,BundleSheaf,false,5,6,epoch-15,4,6,cohens_d_train,0.045759365
minesweeper,BundleSheaf,false,5,6,epoch-15,5,6,cohens_d_train,0.0027632192
minesweeper,BundleSheaf,false,5,6,epoch-15,6,6,cohens_d_train,0.044804204
minesweeper,BundleSheaf,false,5,6,epoch-15,0,6,cohens_d_test,0.11054128
minesweeper,BundleSheaf,false,5,6,epoch-15,1,6,cohens_d_test,0.06589508
minesweeper,BundleSheaf,false,5,6,epoch-15,2,6,cohens_d_test,0.0138372835
minesweeper,BundleSheaf,false,5,6,epoch-15,3,6,cohens_d_test,0.04267504
minesweeper,BundleSheaf,false,5,6,epoch-15,4,6,cohens_d_test,0.06555318
minesweeper,BundleSheaf,false,5,6,epoch-15,5,6,cohens_d_test,0.005173644
minesweeper,BundleSheaf,false,5,6,epoch-15,6,6,cohens_d_test,0.0088075
minesweeper,BundleSheaf,false,5,6,epoch-15,0,7,degree,0.02092962809334812
minesweeper,BundleSheaf,false,5,6,epoch-15,1,7,degree,0.20624760287329677
minesweeper,BundleSheaf,false,5,6,epoch-15,2,7,degree,0.25951474500634425
minesweeper,BundleSheaf,false,5,6,epoch-15,3,7,degree,0.3136391602428524
minesweeper,BundleSheaf,false,5,6,epoch-15,4,7,degree,0.32662318477924296
minesweeper,BundleSheaf,false,5,6,epoch-15,5,7,degree,0.32831213220100713
minesweeper,BundleSheaf,false,5,6,epoch-15,6,7,degree,0.3268004949548439
minesweeper,BundleSheaf,false,5,6,epoch-15,0,7,betweenness,-0.0027551818031940653
minesweeper,BundleSheaf,false,5,6,epoch-15,1,7,betweenness,0.10124085169798404
minesweeper,BundleSheaf,false,5,6,epoch-15,2,7,betweenness,0.10839411210849367
minesweeper,BundleSheaf,false,5,6,epoch-15,3,7,betweenness,0.12905129570877166
minesweeper,BundleSheaf,false,5,6,epoch-15,4,7,betweenness,0.12454706675819623
minesweeper,BundleSheaf,false,5,6,epoch-15,5,7,betweenness,0.12128928469653152
minesweeper,BundleSheaf,false,5,6,epoch-15,6,7,betweenness,0.1462150759594145
minesweeper,BundleSheaf,false,5,6,epoch-15,0,7,confidence,-0.0036030011835292094
minesweeper,BundleSheaf,false,5,6,epoch-15,1,7,confidence,-0.0013701014720535224
minesweeper,BundleSheaf,false,5,6,epoch-15,2,7,confidence,0.0012085309952694302
minesweeper,BundleSheaf,false,5,6,epoch-15,3,7,confidence,0.0007825210732086167
minesweeper,BundleSheaf,false,5,6,epoch-15,4,7,confidence,0.004021192677094411
minesweeper,BundleSheaf,false,5,6,epoch-15,5,7,confidence,0.0018386771169626183
minesweeper,BundleSheaf,false,5,6,epoch-15,6,7,confidence,0.008225652386915519
minesweeper,BundleSheaf,false,5,6,epoch-15,0,7,saliency,0.014761575977922369
minesweeper,BundleSheaf,false,5,6,epoch-15,1,7,saliency,0.01998937183116706
minesweeper,BundleSheaf,false,5,6,epoch-15,2,7,saliency,0.06395874952054688
minesweeper,BundleSheaf,false,5,6,epoch-15,3,7,saliency,0.08184877775097886
minesweeper,BundleSheaf,false,5,6,epoch-15,4,7,saliency,0.0833678962879299
minesweeper,BundleSheaf,false,5,6,epoch-15,5,7,saliency,0.08576515551590885
minesweeper,BundleSheaf,false,5,6,epoch-15,6,7,saliency,0.0953119103219769
minesweeper,BundleSheaf,false,5,6,epoch-15,0,7,cohens_d_train,0.055349514
minesweeper,BundleSheaf,false,5,6,epoch-15,1,7,cohens_d_train,0.018140804
minesweeper,BundleSheaf,false,5,6,epoch-15,2,7,cohens_d_train,0.09781601
minesweeper,BundleSheaf,false,5,6,epoch-15,3,7,cohens_d_train,0.099913865
minesweeper,BundleSheaf,false,5,6,epoch-15,4,7,cohens_d_train,0.12825081
minesweeper,BundleSheaf,false,5,6,epoch-15,5,7,cohens_d_train,0.104035735
minesweeper,BundleSheaf,false,5,6,epoch-15,6,7,cohens_d_train,0.108216815
minesweeper,BundleSheaf,false,5,6,epoch-15,0,7,cohens_d_test,0.011769428
minesweeper,BundleSheaf,false,5,6,epoch-15,1,7,cohens_d_test,0.060522113
minesweeper,BundleSheaf,false,5,6,epoch-15,2,7,cohens_d_test,0.16828576
minesweeper,BundleSheaf,false,5,6,epoch-15,3,7,cohens_d_test,0.14912981
minesweeper,BundleSheaf,false,5,6,epoch-15,4,7,cohens_d_test,0.18750773
minesweeper,BundleSheaf,false,5,6,epoch-15,5,7,cohens_d_test,0.16563758
minesweeper,BundleSheaf,false,5,6,epoch-15,6,7,cohens_d_test,0.17687818
minesweeper,BundleSheaf,false,5,6,epoch-15,0,8,degree,-0.0030598257639758903
minesweeper,BundleSheaf,false,5,6,epoch-15,1,8,degree,0.1745465678027959
minesweeper,BundleSheaf,false,5,6,epoch-15,2,8,degree,0.24862309970689042
minesweeper,BundleSheaf,false,5,6,epoch-15,3,8,degree,0.31041415583009413
minesweeper,BundleSheaf,false,5,6,epoch-15,4,8,degree,0.3309040383275074
minesweeper,BundleSheaf,false,5,6,epoch-15,5,8,degree,0.3346865566277043
minesweeper,BundleSheaf,false,5,6,epoch-15,6,8,degree,0.3369486495348541
minesweeper,BundleSheaf,false,5,6,epoch-15,0,8,betweenness,-0.018963415555196168
minesweeper,BundleSheaf,false,5,6,epoch-15,1,8,betweenness,0.08490134903362222
minesweeper,BundleSheaf,false,5,6,epoch-15,2,8,betweenness,0.10193985911137425
minesweeper,BundleSheaf,false,5,6,epoch-15,3,8,betweenness,0.12913614120523553
minesweeper,BundleSheaf,false,5,6,epoch-15,4,8,betweenness,0.1422521363160692
minesweeper,BundleSheaf,false,5,6,epoch-15,5,8,betweenness,0.14713849870868198
minesweeper,BundleSheaf,false,5,6,epoch-15,6,8,betweenness,0.1636979136068366
minesweeper,BundleSheaf,false,5,6,epoch-15,0,8,confidence,-0.005797972725890585
minesweeper,BundleSheaf,false,5,6,epoch-15,1,8,confidence,-0.00309306075522464
minesweeper,BundleSheaf,false,5,6,epoch-15,2,8,confidence,-0.00043906595871338725
minesweeper,BundleSheaf,false,5,6,epoch-15,3,8,confidence,0.007667786989364296
minesweeper,BundleSheaf,false,5,6,epoch-15,4,8,confidence,0.009516641569938556
minesweeper,BundleSheaf,false,5,6,epoch-15,5,8,confidence,0.009391413033701458
minesweeper,BundleSheaf,false,5,6,epoch-15,6,8,confidence,0.01013958737485278
minesweeper,BundleSheaf,false,5,6,epoch-15,0,8,saliency,-0.014030014446930836
minesweeper,BundleSheaf,false,5,6,epoch-15,1,8,saliency,0.06170318827222463
minesweeper,BundleSheaf,false,5,6,epoch-15,2,8,saliency,0.10417425263299261
minesweeper,BundleSheaf,false,5,6,epoch-15,3,8,saliency,0.12227354078310222
minesweeper,BundleSheaf,false,5,6,epoch-15,4,8,saliency,0.14621045332185906
minesweeper,BundleSheaf,false,5,6,epoch-15,5,8,saliency,0.11693430041439543
minesweeper,BundleSheaf,false,5,6,epoch-15,6,8,saliency,0.10689639514520877
minesweeper,BundleSheaf,false,5,6,epoch-15,0,8,cohens_d_train,0.023296002
minesweeper,BundleSheaf,false,5,6,epoch-15,1,8,cohens_d_train,0.15363614
minesweeper,BundleSheaf,false,5,6,epoch-15,2,8,cohens_d_train,0.23787674
minesweeper,BundleSheaf,false,5,6,epoch-15,3,8,cohens_d_train,0.27685735
minesweeper,BundleSheaf,false,5,6,epoch-15,4,8,cohens_d_train,0.35346743
minesweeper,BundleSheaf,false,5,6,epoch-15,5,8,cohens_d_train,0.25811377
minesweeper,BundleSheaf,false,5,6,epoch-15,6,8,cohens_d_train,0.30475113
minesweeper,BundleSheaf,false,5,6,epoch-15,0,8,cohens_d_test,0.062318966
minesweeper,BundleSheaf,false,5,6,epoch-15,1,8,cohens_d_test,0.15348615
minesweeper,BundleSheaf,false,5,6,epoch-15,2,8,cohens_d_test,0.22138113
minesweeper,BundleSheaf,false,5,6,epoch-15,3,8,cohens_d_test,0.24924771
minesweeper,BundleSheaf,false,5,6,epoch-15,4,8,cohens_d_test,0.30980167
minesweeper,BundleSheaf,false,5,6,epoch-15,5,8,cohens_d_test,0.20513979
minesweeper,BundleSheaf,false,5,6,epoch-15,6,8,cohens_d_test,0.27797315
minesweeper,BundleSheaf,false,5,6,epoch-15,0,9,degree,0.013830179237085178
minesweeper,BundleSheaf,false,5,6,epoch-15,1,9,degree,0.18768367500475816
minesweeper,BundleSheaf,false,5,6,epoch-15,2,9,degree,0.2411132001172707
minesweeper,BundleSheaf,false,5,6,epoch-15,3,9,degree,0.3070484165386472
minesweeper,BundleSheaf,false,5,6,epoch-15,4,9,degree,0.3225406634547693
minesweeper,BundleSheaf,false,5,6,epoch-15,5,9,degree,0.33332795136159865
minesweeper,BundleSheaf,false,5,6,epoch-15,6,9,degree,0.3299231090747606
minesweeper,BundleSheaf,false,5,6,epoch-15,0,9,betweenness,-0.010353096040434301
minesweeper,BundleSheaf,false,5,6,epoch-15,1,9,betweenness,0.10684514369640899
minesweeper,BundleSheaf,false,5,6,epoch-15,2,9,betweenness,0.1196659139469671
minesweeper,BundleSheaf,false,5,6,epoch-15,3,9,betweenness,0.14622704708753465
minesweeper,BundleSheaf,false,5,6,epoch-15,4,9,betweenness,0.1533451634323522
minesweeper,BundleSheaf,false,5,6,epoch-15,5,9,betweenness,0.1799413804198917
minesweeper,BundleSheaf,false,5,6,epoch-15,6,9,betweenness,0.20971196999866934
minesweeper,BundleSheaf,false,5,6,epoch-15,0,9,confidence,0.004801327097341556
minesweeper,BundleSheaf,false,5,6,epoch-15,1,9,confidence,0.0017540955656311047
minesweeper,BundleSheaf,false,5,6,epoch-15,2,9,confidence,0.0058994287202547
minesweeper,BundleSheaf,false,5,6,epoch-15,3,9,confidence,0.018328984414601585
minesweeper,BundleSheaf,false,5,6,epoch-15,4,9,confidence,0.02211482343576341
minesweeper,BundleSheaf,false,5,6,epoch-15,5,9,confidence,0.017038665813131737
minesweeper,BundleSheaf,false,5,6,epoch-15,6,9,confidence,0.03165753957497528
minesweeper,BundleSheaf,false,5,6,epoch-15,0,9,saliency,-0.02472269679887379
minesweeper,BundleSheaf,false,5,6,epoch-15,1,9,saliency,0.07399485780545925
minesweeper,BundleSheaf,false,5,6,epoch-15,2,9,saliency,0.11072727018393706
minesweeper,BundleSheaf,false,5,6,epoch-15,3,9,saliency,0.13199643103275627
minesweeper,BundleSheaf,false,5,6,epoch-15,4,9,saliency,0.11396795659938908
minesweeper,BundleSheaf,false,5,6,epoch-15,5,9,saliency,0.12339727450671312
minesweeper,BundleSheaf,false,5,6,epoch-15,6,9,saliency,0.1414174190390227
minesweeper,BundleSheaf,false,5,6,epoch-15,0,9,cohens_d_train,0.05576007
minesweeper,BundleSheaf,false,5,6,epoch-15,1,9,cohens_d_train,0.022268746
minesweeper,BundleSheaf,false,5,6,epoch-15,2,9,cohens_d_train,0.0505306
minesweeper,BundleSheaf,false,5,6,epoch-15,3,9,cohens_d_train,0.01790612
minesweeper,BundleSheaf,false,5,6,epoch-15,4,9,cohens_d_train,0.07193605
minesweeper,BundleSheaf,false,5,6,epoch-15,5,9,cohens_d_train,0.098663
minesweeper,BundleSheaf,false,5,6,epoch-15,6,9,cohens_d_train,0.026042394
minesweeper,BundleSheaf,false,5,6,epoch-15,0,9,cohens_d_test,0.14190716
minesweeper,BundleSheaf,false,5,6,epoch-15,1,9,cohens_d_test,0.017705612
minesweeper,BundleSheaf,false,5,6,epoch-15,2,9,cohens_d_test,0.04704131
minesweeper,BundleSheaf,false,5,6,epoch-15,3,9,cohens_d_test,0.0068547074
minesweeper,BundleSheaf,false,5,6,epoch-15,4,9,cohens_d_test,0.1270052
minesweeper,BundleSheaf,false,5,6,epoch-15,5,9,cohens_d_test,0.09183259
minesweeper,BundleSheaf,false,5,6,epoch-15,6,9,cohens_d_test,0.012624692
minesweeper,BundleSheaf,false,5,6,epoch-50,0,0,degree,0.007596372040601368
minesweeper,BundleSheaf,false,5,6,epoch-50,1,0,degree,0.19230764783417736
minesweeper,BundleSheaf,false,5,6,epoch-50,2,0,degree,0.24796036877622635
minesweeper,BundleSheaf,false,5,6,epoch-50,3,0,degree,0.30671911553141884
minesweeper,BundleSheaf,false,5,6,epoch-50,4,0,degree,0.3225250769499188
minesweeper,BundleSheaf,false,5,6,epoch-50,5,0,degree,0.3340640126911658
minesweeper,BundleSheaf,false,5,6,epoch-50,6,0,degree,0.3102650013466546
minesweeper,BundleSheaf,false,5,6,epoch-50,0,0,betweenness,0.0060591930320716735
minesweeper,BundleSheaf,false,5,6,epoch-50,1,0,betweenness,0.0909288979919766
minesweeper,BundleSheaf,false,5,6,epoch-50,2,0,betweenness,0.10848507485108168
minesweeper,BundleSheaf,false,5,6,epoch-50,3,0,betweenness,0.13203704985631215
minesweeper,BundleSheaf,false,5,6,epoch-50,4,0,betweenness,0.1393645783026629
minesweeper,BundleSheaf,false,5,6,epoch-50,5,0,betweenness,0.14985196312126298
minesweeper,BundleSheaf,false,5,6,epoch-50,6,0,betweenness,0.18322289682392434
minesweeper,BundleSheaf,false,5,6,epoch-50,0,0,confidence,0.009442902048995188
minesweeper,BundleSheaf,false,5,6,epoch-50,1,0,confidence,-0.016745492165714953
minesweeper,BundleSheaf,false,5,6,epoch-50,2,0,confidence,-0.01599426061053527
minesweeper,BundleSheaf,false,5,6,epoch-50,3,0,confidence,-0.010989752527550415
minesweeper,BundleSheaf,false,5,6,epoch-50,4,0,confidence,-0.0016097855359969019
minesweeper,BundleSheaf,false,5,6,epoch-50,5,0,confidence,-0.007570382210957651
minesweeper,BundleSheaf,false,5,6,epoch-50,6,0,confidence,0.02170087982730012
minesweeper,BundleSheaf,false,5,6,epoch-50,0,0,saliency,0.04633190168068232
minesweeper,BundleSheaf,false,5,6,epoch-50,1,0,saliency,0.0864884157387811
minesweeper,BundleSheaf,false,5,6,epoch-50,2,0,saliency,0.08958828065722663
minesweeper,BundleSheaf,false,5,6,epoch-50,3,0,saliency,0.10379698161214955
minesweeper,BundleSheaf,false,5,6,epoch-50,4,0,saliency,0.10172183086643896
minesweeper,BundleSheaf,false,5,6,epoch-50,5,0,saliency,0.10655920118982974
minesweeper,BundleSheaf,false,5,6,epoch-50,6,0,saliency,0.10382273925809621
minesweeper,BundleSheaf,false,5,6,epoch-50,0,0,cohens_d_train,0.027371347
minesweeper,BundleSheaf,false,5,6,epoch-50,1,0,cohens_d_train,0.101169765
minesweeper,BundleSheaf,false,5,6,epoch-50,2,0,cohens_d_train,0.063508734
minesweeper,BundleSheaf,false,5,6,epoch-50,3,0,cohens_d_train,0.06305582
minesweeper,BundleSheaf,false,5,6,epoch-50,4,0,cohens_d_train,0.0042493525
minesweeper,BundleSheaf,false,5,6,epoch-50,5,0,cohens_d_train,0.012349763
minesweeper,BundleSheaf,false,5,6,epoch-50,6,0,cohens_d_train,0.045040905
minesweeper,BundleSheaf,false,5,6,epoch-50,0,0,cohens_d_test,0.033344507
minesweeper,BundleSheaf,false,5,6,epoch-50,1,0,cohens_d_test,0.14592858
minesweeper,BundleSheaf,false,5,6,epoch-50,2,0,cohens_d_test,0.07557417
minesweeper,BundleSheaf,false,5,6,epoch-50,3,0,cohens_d_test,0.094884224
minesweeper,BundleSheaf,false,5,6,epoch-50,4,0,cohens_d_test,0.011853244
minesweeper,BundleSheaf,false,5,6,epoch-50,5,0,cohens_d_test,0.01765258
minesweeper,BundleSheaf,false,5,6,epoch-50,6,0,cohens_d_test,0.0007560291
minesweeper,BundleSheaf,false,5,6,epoch-50,0,1,degree,-0.025211294421990337
minesweeper,BundleSheaf,false,5,6,epoch-50,1,1,degree,0.1811155412533255
minesweeper,BundleSheaf,false,5,6,epoch-50,2,1,degree,0.2499969878370065
minesweeper,BundleSheaf,false,5,6,epoch-50,3,1,degree,0.3145017780480543
minesweeper,BundleSheaf,false,5,6,epoch-50,4,1,degree,0.3288275214195539
minesweeper,BundleSheaf,false,5,6,epoch-50,5,1,degree,0.33315686113617876
minesweeper,BundleSheaf,false,5,6,epoch-50,6,1,degree,0.33560241533090396
minesweeper,BundleSheaf,false,5,6,epoch-50,0,1,betweenness,0.017149640672821476
minesweeper,BundleSheaf,false,5,6,epoch-50,1,1,betweenness,0.09641582003858505
minesweeper,BundleSheaf,false,5,6,epoch-50,2,1,betweenness,0.11236046686232382
minesweeper,BundleSheaf,false,5,6,epoch-50,3,1,betweenness,0.13832788270384366
minesweeper,BundleSheaf,false,5,6,epoch-50,4,1,betweenness,0.13827260548370388
minesweeper,BundleSheaf,false,5,6,epoch-50,5,1,betweenness,0.14607201775954054
minesweeper,BundleSheaf,false,5,6,epoch-50,6,1,betweenness,0.19987907769258606
minesweeper,BundleSheaf,false,5,6,epoch-50,0,1,confidence,nan
minesweeper,BundleSheaf,false,5,6,epoch-50,1,1,confidence,nan
minesweeper,BundleSheaf,false,5,6,epoch-50,2,1,confidence,nan
minesweeper,BundleSheaf,false,5,6,epoch-50,3,1,confidence,nan
minesweeper,BundleSheaf,false,5,6,epoch-50,4,1,confidence,nan
minesweeper,BundleSheaf,false,5,6,epoch-50,5,1,confidence,nan
minesweeper,BundleSheaf,false,5,6,epoch-50,6,1,confidence,nan
minesweeper,BundleSheaf,false,5,6,epoch-50,0,1,saliency,-0.1083897269158658
minesweeper,BundleSheaf,false,5,6,epoch-50,1,1,saliency,-0.049627880666798595
minesweeper,BundleSheaf,false,5,6,epoch-50,2,1,saliency,-0.025595552452262672
minesweeper,BundleSheaf,false,5,6,epoch-50,3,1,saliency,0.013253348916573248
minesweeper,BundleSheaf,false,5,6,epoch-50,4,1,saliency,0.02382937049243668
minesweeper,BundleSheaf,false,5,6,epoch-50,5,1,saliency,0.019456849334626866
minesweeper,BundleSheaf,false,5,6,epoch-50,6,1,saliency,0.06664877856108763
minesweeper,BundleSheaf,false,5,6,epoch-50,0,1,cohens_d_train,0.04977889
minesweeper,BundleSheaf,false,5,6,epoch-50,1,1,cohens_d_train,0.005332436
minesweeper,BundleSheaf,false,5,6,epoch-50,2,1,cohens_d_train,0.063165784
minesweeper,BundleSheaf,false,5,6,epoch-50,3,1,cohens_d_train,0.14500318
minesweeper,BundleSheaf,false,5,6,epoch-50,4,1,cohens_d_train,0.17935303
minesweeper,BundleSheaf,false,5,6,epoch-50,5,1,cohens_d_train,0.17813618
minesweeper,BundleSheaf,false,5,6,epoch-50,6,1,cohens_d_train,0.025496894
minesweeper,BundleSheaf,false,5,6,epoch-50,0,1,cohens_d_test,0.03818006
minesweeper,BundleSheaf,false,5,6,epoch-50,1,1,cohens_d_test,0.12679759
minesweeper,BundleSheaf,false,5,6,epoch-50,2,1,cohens_d_test,0.23543204
minesweeper,BundleSheaf,false,5,6,epoch-50,3,1,cohens_d_test,0.29693586
minesweeper,BundleSheaf,false,5,6,epoch-50,4,1,cohens_d_test,0.31518197
minesweeper,BundleSheaf,false,5,6,epoch-50,5,1,cohens_d_test,0.3282889
minesweeper,BundleSheaf,false,5,6,epoch-50,6,1,cohens_d_test,0.15750892
minesweeper,BundleSheaf,false,5,6,epoch-50,0,2,degree,0.005570306264017538
minesweeper,BundleSheaf,false,5,6,epoch-50,1,2,degree,0.20503501423974374
minesweeper,BundleSheaf,false,5,6,epoch-50,2,2,degree,0.25526737345399075
minesweeper,BundleSheaf,false,5,6,epoch-50,3,2,degree,0.3119380470168431
minesweeper,BundleSheaf,false,5,6,epoch-50,4,2,degree,0.32991741656770557
minesweeper,BundleSheaf,false,5,6,epoch-50,5,2,degree,0.33355457624038376
minesweeper,BundleSheaf,false,5,6,epoch-50,6,2,degree,0.3334622916068382
minesweeper,BundleSheaf,false,5,6,epoch-50,0,2,betweenness,-0.020095419716387813
minesweeper,BundleSheaf,false,5,6,epoch-50,1,2,betweenness,0.09616366541541951
minesweeper,BundleSheaf,false,5,6,epoch-50,2,2,betweenness,0.11100754964873781
minesweeper,BundleSheaf,false,5,6,epoch-50,3,2,betweenness,0.1248113680366069
minesweeper,BundleSheaf,false,5,6,epoch-50,4,2,betweenness,0.13852829915785445
minesweeper,BundleSheaf,false,5,6,epoch-50,5,2,betweenness,0.14789856929075373
minesweeper,BundleSheaf,false,5,6,epoch-50,6,2,betweenness,0.1553339055173971
minesweeper,BundleSheaf,false,5,6,epoch-50,0,2,confidence,-0.028940491702477297
minesweeper,BundleSheaf,false,5,6,epoch-50,1,2,confidence,0.033752486011485776
minesweeper,BundleSheaf,false,5,6,epoch-50,2,2,confidence,0.03728003451888071
minesweeper,BundleSheaf,false,5,6,epoch-50,3,2,confidence,0.02848319057682387
minesweeper,BundleSheaf,false,5,6,epoch-50,4,2,confidence,0.035831312415987145
minesweeper,BundleSheaf,false,5,6,epoch-50,5,2,confidence,0.040055473282758554
minesweeper,BundleSheaf,false,5,6,epoch-50,6,2,confidence,0.03651433803933254
minesweeper,BundleSheaf,false,5,6,epoch-50,0,2,saliency,0.007471481999695964
minesweeper,BundleSheaf,false,5,6,epoch-50,1,2,saliency,0.0376678105606756
minesweeper,BundleSheaf,false,5,6,epoch-50,2,2,saliency,0.04753740677008712
minesweeper,BundleSheaf,false,5,6,epoch-50,3,2,saliency,0.05738511923236766
minesweeper,BundleSheaf,false,5,6,epoch-50,4,2,saliency,0.0744195286506418
minesweeper,BundleSheaf,false,5,6,epoch-50,5,2,saliency,0.09193660769046932
minesweeper,BundleSheaf,false,5,6,epoch-50,6,2,saliency,0.08485839242760222
minesweeper,BundleSheaf,false,5,6,epoch-50,0,2,cohens_d_train,0.026083535
minesweeper,BundleSheaf,false,5,6,epoch-50,1,2,cohens_d_train,0.0026388913
minesweeper,BundleSheaf,false,5,6,epoch-50,2,2,cohens_d_train,0.0046252552
minesweeper,BundleSheaf,false,5,6,epoch-50,3,2,cohens_d_train,0.047868796
minesweeper,BundleSheaf,false,5,6,epoch-50,4,2,cohens_d_train,0.002379802
minesweeper,BundleSheaf,false,5,6,epoch-50,5,2,cohens_d_train,0.08824181
minesweeper,BundleSheaf,false,5,6,epoch-50,6,2,cohens_d_train,0.032887474
minesweeper,BundleSheaf,false,5,6,epoch-50,0,2,cohens_d_test,0.16110253
minesweeper,BundleSheaf,false,5,6,epoch-50,1,2,cohens_d_test,0.055891573
minesweeper,BundleSheaf,false,5,6,epoch-50,2,2,cohens_d_test,0.025807213
minesweeper,BundleSheaf,false,5,6,epoch-50,3,2,cohens_d_test,0.0020841276
minesweeper,BundleSheaf,false,5,6,epoch-50,4,2,cohens_d_test,0.07010666
minesweeper,BundleSheaf,false,5,6,epoch-50,5,2,cohens_d_test,0.16150446
minesweeper,BundleSheaf,false,5,6,epoch-50,6,2,cohens_d_test,0.10389667
minesweeper,BundleSheaf,false,5,6,epoch-50,0,3,degree,-0.02007189468814385
minesweeper,BundleSheaf,false,5,6,epoch-50,1,3,degree,0.1916472660381824
minesweeper,BundleSheaf,false,5,6,epoch-50,2,3,degree,0.26697033376808715
minesweeper,BundleSheaf,false,5,6,epoch-50,3,3,degree,0.3132613736012778
minesweeper,BundleSheaf,false,5,6,epoch-50,4,3,degree,0.3312019484906203
minesweeper,BundleSheaf,false,5,6,epoch-50,5,3,degree,0.3350309604929164
minesweeper,BundleSheaf,false,5,6,epoch-50,6,3,degree,0.29783619556537566
minesweeper,BundleSheaf,false,5,6,epoch-50,0,3,betweenness,0.017627577822125286
minesweeper,BundleSheaf,false,5,6,epoch-50,1,3,betweenness,0.09417349554484317
minesweeper,BundleSheaf,false,5,6,epoch-50,2,3,betweenness,0.11734709136804744
minesweeper,BundleSheaf,false,5,6,epoch-50,3,3,betweenness,0.1435945881726845
minesweeper,BundleSheaf,false,5,6,epoch-50,4,3,betweenness,0.16112944271806187
minesweeper,BundleSheaf,false,5,6,epoch-50,5,3,betweenness,0.16267532818309763
minesweeper,BundleSheaf,false,5,6,epoch-50,6,3,betweenness,0.17271421761691433
minesweeper,BundleSheaf,false,5,6,epoch-50,0,3,confidence,-0.035770495096412246
minesweeper,BundleSheaf,false,5,6,epoch-50,1,3,confidence,-0.006931641334574329
minesweeper,BundleSheaf,false,5,6,epoch-50,2,3,confidence,0.0007584786448384374
minesweeper,BundleSheaf,false,5,6,epoch-50,3,3,confidence,-0.00313272109810234
minesweeper,BundleSheaf,false,5,6,epoch-50,4,3,confidence,-0.007714135707661047
minesweeper,BundleSheaf,false,5,6,epoch-50,5,3,confidence,-0.005008712082832558
minesweeper,BundleSheaf,false,5,6,epoch-50,6,3,confidence,0.005655411130226893
minesweeper,BundleSheaf,false,5,6,epoch-50,0,3,saliency,-0.02074108562010055
minesweeper,BundleSheaf,false,5,6,epoch-50,1,3,saliency,-0.035383752233262476
minesweeper,BundleSheaf,false,5,6,epoch-50,2,3,saliency,-0.01948162022704998
minesweeper,BundleSheaf,false,5,6,epoch-50,3,3,saliency,0.001612689184136568
minesweeper,BundleSheaf,false,5,6,epoch-50,4,3,saliency,0.0012115675561338488
minesweeper,BundleSheaf,false,5,6,epoch-50,5,3,saliency,0.005623786556305352
minesweeper,BundleSheaf,false,5,6,epoch-50,6,3,saliency,0.01047574873494605
minesweeper,BundleSheaf,false,5,6,epoch-50,0,3,cohens_d_train,0.07004444
minesweeper,BundleSheaf,false,5,6,epoch-50,1,3,cohens_d_train,0.005439033
minesweeper,BundleSheaf,false,5,6,epoch-50,2,3,cohens_d_train,0.00087916
minesweeper,BundleSheaf,false,5,6,epoch-50,3,3,cohens_d_train,0.013858368
minesweeper,BundleSheaf,false,5,6,epoch-50,4,3,cohens_d_train,0.08197009
minesweeper,BundleSheaf,false,5,6,epoch-50,5,3,cohens_d_train,0.08302368
minesweeper,BundleSheaf,false,5,6,epoch-50,6,3,cohens_d_train,0.22989191
minesweeper,BundleSheaf,false,5,6,epoch-50,0,3,cohens_d_test,0.01985515
minesweeper,BundleSheaf,false,5,6,epoch-50,1,3,cohens_d_test,0.16237399
minesweeper,BundleSheaf,false,5,6,epoch-50,2,3,cohens_d_test,0.09713535
minesweeper,BundleSheaf,false,5,6,epoch-50,3,3,cohens_d_test,0.06443605
minesweeper,BundleSheaf,false,5,6,epoch-50,4,3,cohens_d_test,0.17615916
minesweeper,BundleSheaf,false,5,6,epoch-50,5,3,cohens_d_test,0.20626514
minesweeper,BundleSheaf,false,5,6,epoch-50,6,3,cohens_d_test,0.26117328
minesweeper,BundleSheaf,false,5,6,epoch-50,0,4,degree,-0.0040760330408640974
minesweeper,BundleSheaf,false,5,6,epoch-50,1,4,degree,0.1916670875662386
minesweeper,BundleSheaf,false,5,6,epoch-50,2,4,degree,0.23507431904434845
minesweeper,BundleSheaf,false,5,6,epoch-50,3,4,degree,0.31236174107885034
minesweeper,BundleSheaf,false,5,6,epoch-50,4,4,degree,0.332491784119695
minesweeper,BundleSheaf,false,5,6,epoch-50,5,4,degree,0.3345242528479973
minesweeper,BundleSheaf,false,5,6,epoch-50,6,4,degree,0.33264276129362014
minesweeper,BundleSheaf,false,5,6,epoch-50,0,4,betweenness,0.014063132270075987
minesweeper,BundleSheaf,false,5,6,epoch-50,1,4,betweenness,0.08911060957277696
minesweeper,BundleSheaf,false,5,6,epoch-50,2,4,betweenness,0.10023833599749551
minesweeper,BundleSheaf,false,5,6,epoch-50,3,4,betweenness,0.12722098221478978
minesweeper,BundleSheaf,false,5,6,epoch-50,4,4,betweenness,0.14095893942424106
minesweeper,BundleSheaf,false,5,6,epoch-50,5,4,betweenness,0.1486849946442026
minesweeper,BundleSheaf,false,5,6,epoch-50,6,4,betweenness,0.17471585567597248
minesweeper,BundleSheaf,false,5,6,epoch-50,0,4,confidence,0.0038921497067251312
minesweeper,BundleSheaf,false,5,6,epoch-50,1,4,confidence,0.01517350891775845
minesweeper,BundleSheaf,false,5,6,epoch-50,2,4,confidence,0.021080232698844344
minesweeper,BundleSheaf,false,5,6,epoch-50,3,4,confidence,0.021978315894775474
minesweeper,BundleSheaf,false,5,6,epoch-50,4,4,confidence,0.026615465562463216
minesweeper,BundleSheaf,false,5,6,epoch-50,5,4,confidence,0.029229556260929795
minesweeper,BundleSheaf,false,5,6,epoch-50,6,4,confidence,0.048099990067907335
minesweeper,BundleSheaf,false,5,6,epoch-50,0,4,saliency,-0.09649399633737694
minesweeper,BundleSheaf,false,5,6,epoch-50,1,4,saliency,-0.04321638355365883
minesweeper,BundleSheaf,false,5,6,epoch-50,2,4,saliency,-0.028777178430462437
minesweeper,BundleSheaf,false,5,6,epoch-50,3,4,saliency,0.0047271875093144195
minesweeper,BundleSheaf,false,5,6,epoch-50,4,4,saliency,0.048918772467481234
minesweeper,BundleSheaf,false,5,6,epoch-50,5,4,saliency,0.06902117577083296
minesweeper,BundleSheaf,false,5,6,epoch-50,6,4,saliency,0.10282838352951777
minesweeper,BundleSheaf,false,5,6,epoch-50,0,4,cohens_d_train,0.08115218
minesweeper,BundleSheaf,false,5,6,epoch-50,1,4,cohens_d_train,0.2003993
minesweeper,BundleSheaf,false,5,6,epoch-50,2,4,cohens_d_train,0.23333582
minesweeper,BundleSheaf,false,5,6,epoch-50,3,4,cohens_d_train,0.21446146
minesweeper,BundleSheaf,false,5,6,epoch-50,4,4,cohens_d_train,0.1910384
minesweeper,BundleSheaf,false,5,6,epoch-50,5,4,cohens_d_train,0.13192835
minesweeper,BundleSheaf,false,5,6,epoch-50,6,4,cohens_d_train,0.065477684
minesweeper,BundleSheaf,false,5,6,epoch-50,0,4,cohens_d_test,0.03853436
minesweeper,BundleSheaf,false,5,6,epoch-50,1,4,cohens_d_test,0.19335003
minesweeper,BundleSheaf,false,5,6,epoch-50,2,4,cohens_d_test,0.21359393
minesweeper,BundleSheaf,false,5,6,epoch-50,3,4,cohens_d_test,0.20664665
minesweeper,BundleSheaf,false,5,6,epoch-50,4,4,cohens_d_test,0.19734824
minesweeper,BundleSheaf,false,5,6,epoch-50,5,4,cohens_d_test,0.15904224
minesweeper,BundleSheaf,false,5,6,epoch-50,6,4,cohens_d_test,0.09289535
minesweeper,BundleSheaf,false,5,6,epoch-50,0,5,degree,0.04075021041289917
minesweeper,BundleSheaf,false,5,6,epoch-50,1,5,degree,0.222859396916866
minesweeper,BundleSheaf,false,5,6,epoch-50,2,5,degree,0.2916843119741058
minesweeper,BundleSheaf,false,5,6,epoch-50,3,5,degree,0.3157672094035155
minesweeper,BundleSheaf,false,5,6,epoch-50,4,5,degree,0.32868175353128315
minesweeper,BundleSheaf,false,5,6,epoch-50,5,5,degree,0.33392443651795856
minesweeper,BundleSheaf,false,5,6,epoch-50,6,5,degree,0.330326451459713
minesweeper,BundleSheaf,false,5,6,epoch-50,0,5,betweenness,-0.005894733030177789
minesweeper,BundleSheaf,false,5,6,epoch-50,1,5,betweenness,0.10158174975459629
minesweeper,BundleSheaf,false,5,6,epoch-50,2,5,betweenness,0.1164071032722617
minesweeper,BundleSheaf,false,5,6,epoch-50,3,5,betweenness,0.1299200095650465
minesweeper,BundleSheaf,false,5,6,epoch-50,4,5,betweenness,0.1406285453769262
minesweeper,BundleSheaf,false,5,6,epoch-50,5,5,betweenness,0.14027737977508628
minesweeper,BundleSheaf,false,5,6,epoch-50,6,5,betweenness,0.1638105729969858
minesweeper,BundleSheaf,false,5,6,epoch-50,0,5,confidence,0.036112485820820495
minesweeper,BundleSheaf,false,5,6,epoch-50,1,5,confidence,0.04703715873953979
minesweeper,BundleSheaf,false,5,6,epoch-50,2,5,confidence,0.06336300797074301
minesweeper,BundleSheaf,false,5,6,epoch-50,3,5,confidence,0.06487095443300182
minesweeper,BundleSheaf,false,5,6,epoch-50,4,5,confidence,0.07261890235435198
minesweeper,BundleSheaf,false,5,6,epoch-50,5,5,confidence,0.08157478790336109
minesweeper,BundleSheaf,false,5,6,epoch-50,6,5,confidence,0.11527532479162021
minesweeper,BundleSheaf,false,5,6,epoch-50,0,5,saliency,0.03676609074816502
minesweeper,BundleSheaf,false,5,6,epoch-50,1,5,saliency,-0.056438147368043395
minesweeper,BundleSheaf,false,5,6,epoch-50,2,5,saliency,-0.019529751585414694
minesweeper,BundleSheaf,false,5,6,epoch-50,3,5,saliency,-0.02424797746484349
minesweeper,BundleSheaf,false,5,6,epoch-50,4,5,saliency,-0.007555965801582325
minesweeper,BundleSheaf,false,5,6,epoch-50,5,5,saliency,-0.006317272251267482
minesweeper,BundleSheaf,false,5,6,epoch-50,6,5,saliency,0.01687108267891328
minesweeper,BundleSheaf,false,5,6,epoch-50,0,5,cohens_d_train,0.025151903
minesweeper,BundleSheaf,false,5,6,epoch-50,1,5,cohens_d_train,0.021228364
minesweeper,BundleSheaf,false,5,6,epoch-50,2,5,cohens_d_train,0.074857384
minesweeper,BundleSheaf,false,5,6,epoch-50,3,5,cohens_d_train,0.03925238
minesweeper,BundleSheaf,false,5,6,epoch-50,4,5,cohens_d_train,0.028609468
minesweeper,BundleSheaf,false,5,6,epoch-50,5,5,cohens_d_train,0.018289465
minesweeper,BundleSheaf,false,5,6,epoch-50,6,5,cohens_d_train,0.026238164
minesweeper,BundleSheaf,false,5,6,epoch-50,0,5,cohens_d_test,0.028397314
minesweeper,BundleSheaf,false,5,6,epoch-50,1,5,cohens_d_test,0.04532342
minesweeper,BundleSheaf,false,5,6,epoch-50,2,5,cohens_d_test,0.0857098
minesweeper,BundleSheaf,false,5,6,epoch-50,3,5,cohens_d_test,0.05184248
minesweeper,BundleSheaf,false,5,6,epoch-50,4,5,cohens_d_test,0.04190463
minesweeper,BundleSheaf,false,5,6,epoch-50,5,5,cohens_d_test,0.029875692
minesweeper,BundleSheaf,false,5,6,epoch-50,6,5,cohens_d_test,0.0035249759
minesweeper,BundleSheaf,false,5,6,epoch-50,0,6,degree,0.013464165451596182
minesweeper,BundleSheaf,false,5,6,epoch-50,1,6,degree,0.22070287901775845
minesweeper,BundleSheaf,false,5,6,epoch-50,2,6,degree,0.27163871054405697
minesweeper,BundleSheaf,false,5,6,epoch-50,3,6,degree,0.30534441410984964
minesweeper,BundleSheaf,false,5,6,epoch-50,4,6,degree,0.3244963952534411
minesweeper,BundleSheaf,false,5,6,epoch-50,5,6,degree,0.32492791837639073
minesweeper,BundleSheaf,false,5,6,epoch-50,6,6,degree,0.3354360820781273
minesweeper,BundleSheaf,false,5,6,epoch-50,0,6,betweenness,0.0008126868252003826
minesweeper,BundleSheaf,false,5,6,epoch-50,1,6,betweenness,0.10595662174219313
minesweeper,BundleSheaf,false,5,6,epoch-50,2,6,betweenness,0.1317246265523835
minesweeper,BundleSheaf,false,5,6,epoch-50,3,6,betweenness,0.1261912879512129
minesweeper,BundleSheaf,false,5,6,epoch-50,4,6,betweenness,0.128021521524824
minesweeper,BundleSheaf,false,5,6,epoch-50,5,6,betweenness,0.1333217201760168
minesweeper,BundleSheaf,false,5,6,epoch-50,6,6,betweenness,0.15053836504770626
minesweeper,BundleSheaf,false,5,6,epoch-50,0,6,confidence,-0.049470235042294496
minesweeper,BundleSheaf,false,5,6,epoch-50,1,6,confidence,0.027169487523730124
minesweeper,BundleSheaf,false,5,6,epoch-50,2,6,confidence,0.034730366744677055
minesweeper,BundleSheaf,false,5,6,epoch-50,3,6,confidence,0.05684682493558739
minesweeper,BundleSheaf,false,5,6,epoch-50,4,6,confidence,0.06565766864152218
minesweeper,BundleSheaf,false,5,6,epoch-50,5,6,confidence,0.08530419258253476
minesweeper,BundleSheaf,false,5,6,epoch-50,6,6,confidence,0.08718580015002955
minesweeper,BundleSheaf,false,5,6,epoch-50,0,6,saliency,-0.07046506040163138
minesweeper,BundleSheaf,false,5,6,epoch-50,1,6,saliency,-0.05101599785383127
minesweeper,BundleSheaf,false,5,6,epoch-50,2,6,saliency,-0.033253025739128805
minesweeper,BundleSheaf,false,5,6,epoch-50,3,6,saliency,0.007587497956034317
minesweeper,BundleSheaf,false,5,6,epoch-50,4,6,saliency,0.022890240571245758
minesweeper,BundleSheaf,false,5,6,epoch-50,5,6,saliency,0.021891943527247812
minesweeper,BundleSheaf,false,5,6,epoch-50,6,6,saliency,0.028471354329311437
minesweeper,BundleSheaf,false,5,6,epoch-50,0,6,cohens_d_train,0.3237414
minesweeper,BundleSheaf,false,5,6,epoch-50,1,6,cohens_d_train,0.17323223
minesweeper,BundleSheaf,false,5,6,epoch-50,2,6,cohens_d_train,0.18609795
minesweeper,BundleSheaf,false,5,6,epoch-50,3,6,cohens_d_train,0.21167557
minesweeper,BundleSheaf,false,5,6,epoch-50,4,6,cohens_d_train,0.11632803
minesweeper,BundleSheaf,false,5,6,epoch-50,5,6,cohens_d_train,0.061740477
minesweeper,BundleSheaf,false,5,6,epoch-50,6,6,cohens_d_train,0.15167446
minesweeper,BundleSheaf,false,5,6,epoch-50,0,6,cohens_d_test,0.3122449
minesweeper,BundleSheaf,false,5,6,epoch-50,1,6,cohens_d_test,0.18332551
minesweeper,BundleSheaf,false,5,6,epoch-50,2,6,cohens_d_test,0.178247
minesweeper,BundleSheaf,false,5,6,epoch-50,3,6,cohens_d_test,0.21042596
minesweeper,BundleSheaf,false,5,6,epoch-50,4,6,cohens_d_test,0.13218692
minesweeper,BundleSheaf,false,5,6,epoch-50,5,6,cohens_d_test,0.08260666
minesweeper,BundleSheaf,false,5,6,epoch-50,6,6,cohens_d_test,0.16488327
minesweeper,BundleSheaf,false,5,6,epoch-50,0,7,degree,0.02092962809334812
minesweeper,BundleSheaf,false,5,6,epoch-50,1,7,degree,0.21048475786836032
minesweeper,BundleSheaf,false,5,6,epoch-50,2,7,degree,0.26971289626430994
minesweeper,BundleSheaf,false,5,6,epoch-50,3,7,degree,0.30962676091739766
minesweeper,BundleSheaf,false,5,6,epoch-50,4,7,degree,0.3234350570630731
minesweeper,BundleSheaf,false,5,6,epoch-50,5,7,degree,0.33290347214471644
minesweeper,BundleSheaf,false,5,6,epoch-50,6,7,degree,0.3228258141830951
minesweeper,BundleSheaf,false,5,6,epoch-50,0,7,betweenness,-0.0027551818031940653
minesweeper,BundleSheaf,false,5,6,epoch-50,1,7,betweenness,0.10396621920567985
minesweeper,BundleSheaf,false,5,6,epoch-50,2,7,betweenness,0.11005166381414837
minesweeper,BundleSheaf,false,5,6,epoch-50,3,7,betweenness,0.12180913901320738
minesweeper,BundleSheaf,false,5,6,epoch-50,4,7,betweenness,0.12336302486644142
minesweeper,BundleSheaf,false,5,6,epoch-50,5,7,betweenness,0.1354289966191654
minesweeper,BundleSheaf,false,5,6,epoch-50,6,7,betweenness,0.14938925919016693
minesweeper,BundleSheaf,false,5,6,epoch-50,0,7,confidence,0.03098828313652174
minesweeper,BundleSheaf,false,5,6,epoch-50,1,7,confidence,0.07217665280005975
minesweeper,BundleSheaf,false,5,6,epoch-50,2,7,confidence,0.07836420086016518
minesweeper,BundleSheaf,false,5,6,epoch-50,3,7,confidence,0.07758579972584809
minesweeper,BundleSheaf,false,5,6,epoch-50,4,7,confidence,0.0806723909033401
minesweeper,BundleSheaf,false,5,6,epoch-50,5,7,confidence,0.0925791255711833
minesweeper,BundleSheaf,false,5,6,epoch-50,6,7,confidence,0.09853140592895561
minesweeper,BundleSheaf,false,5,6,epoch-50,0,7,saliency,0.050017819531283016
minesweeper,BundleSheaf,false,5,6,epoch-50,1,7,saliency,-0.1029892192598651
minesweeper,BundleSheaf,false,5,6,epoch-50,2,7,saliency,-0.08345393886104012
minesweeper,BundleSheaf,false,5,6,epoch-50,3,7,saliency,-0.0603359063622641
minesweeper,BundleSheaf,false,5,6,epoch-50,4,7,saliency,-0.061339582958131904
minesweeper,BundleSheaf,false,5,6,epoch-50,5,7,saliency,-0.05147814337124473
minesweeper,BundleSheaf,false,5,6,epoch-50,6,7,saliency,0.008908401893217644
minesweeper,BundleSheaf,false,5,6,epoch-50,0,7,cohens_d_train,0.038403716
minesweeper,BundleSheaf,false,5,6,epoch-50,1,7,cohens_d_train,0.244402
minesweeper,BundleSheaf,false,5,6,epoch-50,2,7,cohens_d_train,0.30389595
minesweeper,BundleSheaf,false,5,6,epoch-50,3,7,cohens_d_train,0.3612419
minesweeper,BundleSheaf,false,5,6,epoch-50,4,7,cohens_d_train,0.29972878
minesweeper,BundleSheaf,false,5,6,epoch-50,5,7,cohens_d_train,0.28977606
minesweeper,BundleSheaf,false,5,6,epoch-50,6,7,cohens_d_train,0.32843646
minesweeper,BundleSheaf,false,5,6,epoch-50,0,7,cohens_d_test,0.049269322
minesweeper,BundleSheaf,false,5,6,epoch-50,1,7,cohens_d_test,0.28096297
minesweeper,BundleSheaf,false,5,6,epoch-50,2,7,cohens_d_test,0.33155373
minesweeper,BundleSheaf,false,5,6,epoch-50,3,7,cohens_d_test,0.35057938
minesweeper,BundleSheaf,false,5,6,epoch-50,4,7,cohens_d_test,0.26546538
minesweeper,BundleSheaf,false,5,6,epoch-50,5,7,cohens_d_test,0.26579285
minesweeper,BundleSheaf,false,5,6,epoch-50,6,7,cohens_d_test,0.25086048
minesweeper,BundleSheaf,false,5,6,epoch-50,0,8,degree,-0.0030598257639758903
minesweeper,BundleSheaf,false,5,6,epoch-50,1,8,degree,0.1796582258807429
minesweeper,BundleSheaf,false,5,6,epoch-50,2,8,degree,0.24946413891308494
minesweeper,BundleSheaf,false,5,6,epoch-50,3,8,degree,0.3060929748179057
minesweeper,BundleSheaf,false,5,6,epoch-50,4,8,degree,0.3294291715204137
minesweeper,BundleSheaf,false,5,6,epoch-50,5,8,degree,0.33465193627788825
minesweeper,BundleSheaf,false,5,6,epoch-50,6,8,degree,0.337384773596262
minesweeper,BundleSheaf,false,5,6,epoch-50,0,8,betweenness,-0.018963415555196168
minesweeper,BundleSheaf,false,5,6,epoch-50,1,8,betweenness,0.08439082966732171
minesweeper,BundleSheaf,false,5,6,epoch-50,2,8,betweenness,0.09771249296005631
minesweeper,BundleSheaf,false,5,6,epoch-50,3,8,betweenness,0.11992210305317846
minesweeper,BundleSheaf,false,5,6,epoch-50,4,8,betweenness,0.12832768289151164
minesweeper,BundleSheaf,false,5,6,epoch-50,5,8,betweenness,0.14829929661166644
minesweeper,BundleSheaf,false,5,6,epoch-50,6,8,betweenness,0.16271225088746832
minesweeper,BundleSheaf,false,5,6,epoch-50,0,8,confidence,0.031001740216376385
minesweeper,BundleSheaf,false,5,6,epoch-50,1,8,confidence,0.01234323938246776
minesweeper,BundleSheaf,false,5,6,epoch-50,2,8,confidence,0.018080596120102713
minesweeper,BundleSheaf,false,5,6,epoch-50,3,8,confidence,0.025369529481510885
minesweeper,BundleSheaf,false,5,6,epoch-50,4,8,confidence,0.04284220775365897
minesweeper,BundleSheaf,false,5,6,epoch-50,5,8,confidence,0.06033986512294052
minesweeper,BundleSheaf,false,5,6,epoch-50,6,8,confidence,0.05994681416648675
minesweeper,BundleSheaf,false,5,6,epoch-50,0,8,saliency,-0.04702324132150475
minesweeper,BundleSheaf,false,5,6,epoch-50,1,8,saliency,0.09565132293854318
minesweeper,BundleSheaf,false,5,6,epoch-50,2,8,saliency,0.13359118226871336
minesweeper,BundleSheaf,false,5,6,epoch-50,3,8,saliency,0.1405280837605456
minesweeper,BundleSheaf,false,5,6,epoch-50,4,8,saliency,0.15355383754892035
minesweeper,BundleSheaf,false,5,6,epoch-50,5,8,saliency,0.11805226517500174
minesweeper,BundleSheaf,false,5,6,epoch-50,6,8,saliency,0.1236238847720932
minesweeper,BundleSheaf,false,5,6,epoch-50,0,8,cohens_d_train,0.01309742
minesweeper,BundleSheaf,false,5,6,epoch-50,1,8,cohens_d_train,0.18926924
minesweeper,BundleSheaf,false,5,6,epoch-50,2,8,cohens_d_train,0.2604902
minesweeper,BundleSheaf,false,5,6,epoch-50,3,8,cohens_d_train,0.29355457
minesweeper,BundleSheaf,false,5,6,epoch-50,4,8,cohens_d_train,0.3558226
minesweeper,BundleSheaf,false,5,6,epoch-50,5,8,cohens_d_train,0.24910142
minesweeper,BundleSheaf,false,5,6,epoch-50,6,8,cohens_d_train,0.3180303
minesweeper,BundleSheaf,false,5,6,epoch-50,0,8,cohens_d_test,0.09913996
minesweeper,BundleSheaf,false,5,6,epoch-50,1,8,cohens_d_test,0.19666615
minesweeper,BundleSheaf,false,5,6,epoch-50,2,8,cohens_d_test,0.25333175
minesweeper,BundleSheaf,false,5,6,epoch-50,3,8,cohens_d_test,0.31341022
minesweeper,BundleSheaf,false,5,6,epoch-50,4,8,cohens_d_test,0.3718686
minesweeper,BundleSheaf,false,5,6,epoch-50,5,8,cohens_d_test,0.27313358
minesweeper,BundleSheaf,false,5,6,epoch-50,6,8,cohens_d_test,0.3208659
minesweeper,BundleSheaf,false,5,6,epoch-50,0,9,degree,0.015006341293600392
minesweeper,BundleSheaf,false,5,6,epoch-50,1,9,degree,0.19635112856773881
minesweeper,BundleSheaf,false,5,6,epoch-50,2,9,degree,0.2223866954317388
minesweeper,BundleSheaf,false,5,6,epoch-50,3,9,degree,0.2996956863695673
minesweeper,BundleSheaf,false,5,6,epoch-50,4,9,degree,0.3273177213526619
minesweeper,BundleSheaf,false,5,6,epoch-50,5,9,degree,0.33385587982332837
minesweeper,BundleSheaf,false,5,6,epoch-50,6,9,degree,0.3218958440086042
minesweeper,BundleSheaf,false,5,6,epoch-50,0,9,betweenness,-0.011502095807757745
minesweeper,BundleSheaf,false,5,6,epoch-50,1,9,betweenness,0.10934400541474573
minesweeper,BundleSheaf,false,5,6,epoch-50,2,9,betweenness,0.10454426440689261
minesweeper,BundleSheaf,false,5,6,epoch-50,3,9,betweenness,0.13369721741218638
minesweeper,BundleSheaf,false,5,6,epoch-50,4,9,betweenness,0.15669878970156925
minesweeper,BundleSheaf,false,5,6,epoch-50,5,9,betweenness,0.16248540156519095
minesweeper,BundleSheaf,false,5,6,epoch-50,6,9,betweenness,0.18702961144215136
minesweeper,BundleSheaf,false,5,6,epoch-50,0,9,confidence,0.08144279508524957
minesweeper,BundleSheaf,false,5,6,epoch-50,1,9,confidence,-0.1161447691564233
minesweeper,BundleSheaf,false,5,6,epoch-50,2,9,confidence,-0.1075059607829208
minesweeper,BundleSheaf,false,5,6,epoch-50,3,9,confidence,-0.10943599548887975
minesweeper,BundleSheaf,false,5,6,epoch-50,4,9,confidence,-0.09365814552470902
minesweeper,BundleSheaf,false,5,6,epoch-50,5,9,confidence,-0.07731477942051387
minesweeper,BundleSheaf,false,5,6,epoch-50,6,9,confidence,-0.07704316864695582
minesweeper,BundleSheaf,false,5,6,epoch-50,0,9,saliency,-0.021914430592515383
minesweeper,BundleSheaf,false,5,6,epoch-50,1,9,saliency,0.057698105697594454
minesweeper,BundleSheaf,false,5,6,epoch-50,2,9,saliency,0.08067275087721154
minesweeper,BundleSheaf,false,5,6,epoch-50,3,9,saliency,0.09978749211307236
minesweeper,BundleSheaf,false,5,6,epoch-50,4,9,saliency,0.09322651181766352
minesweeper,BundleSheaf,false,5,6,epoch-50,5,9,saliency,0.09805651712174186
minesweeper,BundleSheaf,false,5,6,epoch-50,6,9,saliency,0.09759042619736812
minesweeper,BundleSheaf,false,5,6,epoch-50,0,9,cohens_d_train,0.04549625
minesweeper,BundleSheaf,false,5,6,epoch-50,1,9,cohens_d_train,0.117935285
minesweeper,BundleSheaf,false,5,6,epoch-50,2,9,cohens_d_train,0.26011786
minesweeper,BundleSheaf,false,5,6,epoch-50,3,9,cohens_d_train,0.2805525
minesweeper,BundleSheaf,false,5,6,epoch-50,4,9,cohens_d_train,0.1967135
minesweeper,BundleSheaf,false,5,6,epoch-50,5,9,cohens_d_train,0.0985674
minesweeper,BundleSheaf,false,5,6,epoch-50,6,9,cohens_d_train,0.24451935
minesweeper,BundleSheaf,false,5,6,epoch-50,0,9,cohens_d_test,0.07886308
minesweeper,BundleSheaf,false,5,6,epoch-50,1,9,cohens_d_test,0.07573553
minesweeper,BundleSheaf,false,5,6,epoch-50,2,9,cohens_d_test,0.24413598
minesweeper,BundleSheaf,false,5,6,epoch-50,3,9,cohens_d_test,0.28868783
minesweeper,BundleSheaf,false,5,6,epoch-50,4,9,cohens_d_test,0.19261381
minesweeper,BundleSheaf,false,5,6,epoch-50,5,9,cohens_d_test,0.13839617
minesweeper,BundleSheaf,false,5,6,epoch-50,6,9,cohens_d_test,0.35023633
minesweeper,BundleSheaf,false,5,6,epoch-200,0,0,degree,0.007596372040601368
minesweeper,BundleSheaf,false,5,6,epoch-200,1,0,degree,0.19356041827355291
minesweeper,BundleSheaf,false,5,6,epoch-200,2,0,degree,0.25104987551449387
minesweeper,BundleSheaf,false,5,6,epoch-200,3,0,degree,0.30094598843586134
minesweeper,BundleSheaf,false,5,6,epoch-200,4,0,degree,0.31996314696734085
minesweeper,BundleSheaf,false,5,6,epoch-200,5,0,degree,0.33065780258742494
minesweeper,BundleSheaf,false,5,6,epoch-200,6,0,degree,0.2682967831761684
minesweeper,BundleSheaf,false,5,6,epoch-200,0,0,betweenness,0.0060591930320716735
minesweeper,BundleSheaf,false,5,6,epoch-200,1,0,betweenness,0.09130430413797316
minesweeper,BundleSheaf,false,5,6,epoch-200,2,0,betweenness,0.10951992892347058
minesweeper,BundleSheaf,false,5,6,epoch-200,3,0,betweenness,0.116381013490349
minesweeper,BundleSheaf,false,5,6,epoch-200,4,0,betweenness,0.1331679426284735
minesweeper,BundleSheaf,false,5,6,epoch-200,5,0,betweenness,0.1425666806843715
minesweeper,BundleSheaf,false,5,6,epoch-200,6,0,betweenness,0.15170105261983707
minesweeper,BundleSheaf,false,5,6,epoch-200,0,0,confidence,0.004612495372761649
minesweeper,BundleSheaf,false,5,6,epoch-200,1,0,confidence,0.04408954781048139
minesweeper,BundleSheaf,false,5,6,epoch-200,2,0,confidence,0.04354620945329163
minesweeper,BundleSheaf,false,5,6,epoch-200,3,0,confidence,0.04182832464899557
minesweeper,BundleSheaf,false,5,6,epoch-200,4,0,confidence,0.049747006550054734
minesweeper,BundleSheaf,false,5,6,epoch-200,5,0,confidence,0.05352100063328134
minesweeper,BundleSheaf,false,5,6,epoch-200,6,0,confidence,0.07350881651891537
minesweeper,BundleSheaf,false,5,6,epoch-200,0,0,saliency,0.04657207429443566
minesweeper,BundleSheaf,false,5,6,epoch-200,1,0,saliency,0.07563925048586918
minesweeper,BundleSheaf,false,5,6,epoch-200,2,0,saliency,0.08014077571612903
minesweeper,BundleSheaf,false,5,6,epoch-200,3,0,saliency,0.08793080710009946
minesweeper,BundleSheaf,false,5,6,epoch-200,4,0,saliency,0.09877211465231378
minesweeper,BundleSheaf,false,5,6,epoch-200,5,0,saliency,0.10232552957756227
minesweeper,BundleSheaf,false,5,6,epoch-200,6,0,saliency,0.07904311502961679
minesweeper,BundleSheaf,false,5,6,epoch-200,0,0,cohens_d_train,0.023162587
minesweeper,BundleSheaf,false,5,6,epoch-200,1,0,cohens_d_train,0.10218369
minesweeper,BundleSheaf,false,5,6,epoch-200,2,0,cohens_d_train,0.07070015
minesweeper,BundleSheaf,false,5,6,epoch-200,3,0,cohens_d_train,0.0818015
minesweeper,BundleSheaf,false,5,6,epoch-200,4,0,cohens_d_train,0.055866394
minesweeper,BundleSheaf,false,5,6,epoch-200,5,0,cohens_d_train,0.03796122
minesweeper,BundleSheaf,false,5,6,epoch-200,6,0,cohens_d_train,0.05174064
minesweeper,BundleSheaf,false,5,6,epoch-200,0,0,cohens_d_test,0.037555117
minesweeper,BundleSheaf,false,5,6,epoch-200,1,0,cohens_d_test,0.14247714
minesweeper,BundleSheaf,false,5,6,epoch-200,2,0,cohens_d_test,0.089037105
minesweeper,BundleSheaf,false,5,6,epoch-200,3,0,cohens_d_test,0.1371926
minesweeper,BundleSheaf,false,5,6,epoch-200,4,0,cohens_d_test,0.09757015
minesweeper,BundleSheaf,false,5,6,epoch-200,5,0,cohens_d_test,0.091018215
minesweeper,BundleSheaf,false,5,6,epoch-200,6,0,cohens_d_test,0.07564781
minesweeper,BundleSheaf,false,5,6,epoch-200,0,1,degree,-0.014932064311306949
minesweeper,BundleSheaf,false,5,6,epoch-200,1,1,degree,0.18069911975533987
minesweeper,BundleSheaf,false,5,6,epoch-200,2,1,degree,0.2543548425210088
minesweeper,BundleSheaf,false,5,6,epoch-200,3,1,degree,0.31711466177998016
minesweeper,BundleSheaf,false,5,6,epoch-200,4,1,degree,0.32706661780256463
minesweeper,BundleSheaf,false,5,6,epoch-200,5,1,degree,0.3332975009567102
minesweeper,BundleSheaf,false,5,6,epoch-200,6,1,degree,0.33699000109194527
minesweeper,BundleSheaf,false,5,6,epoch-200,0,1,betweenness,0.017038597258723847
minesweeper,BundleSheaf,false,5,6,epoch-200,1,1,betweenness,0.09594274512167182
minesweeper,BundleSheaf,false,5,6,epoch-200,2,1,betweenness,0.11116128918628167
minesweeper,BundleSheaf,false,5,6,epoch-200,3,1,betweenness,0.13685122080543885
minesweeper,BundleSheaf,false,5,6,epoch-200,4,1,betweenness,0.13890831486250058
minesweeper,BundleSheaf,false,5,6,epoch-200,5,1,betweenness,0.15449007185277971
minesweeper,BundleSheaf,false,5,6,epoch-200,6,1,betweenness,0.17160237550820145
minesweeper,BundleSheaf,false,5,6,epoch-200,0,1,confidence,0.018617114548119325
minesweeper,BundleSheaf,false,5,6,epoch-200,1,1,confidence,0.03429567089461249
minesweeper,BundleSheaf,false,5,6,epoch-200,2,1,confidence,0.03460118262118376
minesweeper,BundleSheaf,false,5,6,epoch-200,3,1,confidence,0.03460637825367969
minesweeper,BundleSheaf,false,5,6,epoch-200,4,1,confidence,0.03463235607082184
minesweeper,BundleSheaf,false,5,6,epoch-200,5,1,confidence,0.03463408725584639
minesweeper,BundleSheaf,false,5,6,epoch-200,6,1,confidence,0.03463408794828579
minesweeper,BundleSheaf,false,5,6,epoch-200,0,1,saliency,-0.13936649839574347
minesweeper,BundleSheaf,false,5,6,epoch-200,1,1,saliency,-0.08938581581498406
minesweeper,BundleSheaf,false,5,6,epoch-200,2,1,saliency,-0.05552324775406532
minesweeper,BundleSheaf,false,5,6,epoch-200,3,1,saliency,-0.0025958975539823385
minesweeper,BundleSheaf,false,5,6,epoch-200,4,1,saliency,0.005726058909329301
minesweeper,BundleSheaf,false,5,6,epoch-200,5,1,saliency,0.016686256319263033
minesweeper,BundleSheaf,false,5,6,epoch-200,6,1,saliency,0.036599749566326896
minesweeper,BundleSheaf,false,5,6,epoch-200,0,1,cohens_d_train,0.049661785
minesweeper,BundleSheaf,false,5,6,epoch-200,1,1,cohens_d_train,0.0030591504
minesweeper,BundleSheaf,false,5,6,epoch-200,2,1,cohens_d_train,0.08772489
minesweeper,BundleSheaf,false,5,6,epoch-200,3,1,cohens_d_train,0.17176436
minesweeper,BundleSheaf,false,5,6,epoch-200,4,1,cohens_d_train,0.17483011
minesweeper,BundleSheaf,false,5,6,epoch-200,5,1,cohens_d_train,0.20754988
minesweeper,BundleSheaf,false,5,6,epoch-200,6,1,cohens_d_train,0.14235452
minesweeper,BundleSheaf,false,5,6,epoch-200,0,1,cohens_d_test,0.039239693
minesweeper,BundleSheaf,false,5,6,epoch-200,1,1,cohens_d_test,0.13076173
minesweeper,BundleSheaf,false,5,6,epoch-200,2,1,cohens_d_test,0.2570887
minesweeper,BundleSheaf,false,5,6,epoch-200,3,1,cohens_d_test,0.30773708
minesweeper,BundleSheaf,false,5,6,epoch-200,4,1,cohens_d_test,0.29784334
minesweeper,BundleSheaf,false,5,6,epoch-200,5,1,cohens_d_test,0.33757
minesweeper,BundleSheaf,false,5,6,epoch-200,6,1,cohens_d_test,0.2684082
minesweeper,BundleSheaf,false,5,6,epoch-200,0,2,degree,0.005570306264017538
minesweeper,BundleSheaf,false,5,6,epoch-200,1,2,degree,0.19471826489682223
minesweeper,BundleSheaf,false,5,6,epoch-200,2,2,degree,0.2632149871315307
minesweeper,BundleSheaf,false,5,6,epoch-200,3,2,degree,0.31237305213196637
minesweeper,BundleSheaf,false,5,6,epoch-200,4,2,degree,0.3284679150533359
minesweeper,BundleSheaf,false,5,6,epoch-200,5,2,degree,0.3338358699346471
minesweeper,BundleSheaf,false,5,6,epoch-200,6,2,degree,0.257722017623552
minesweeper,BundleSheaf,false,5,6,epoch-200,0,2,betweenness,-0.020095419716387813
minesweeper,BundleSheaf,false,5,6,epoch-200,1,2,betweenness,0.09418164207598158
minesweeper,BundleSheaf,false,5,6,epoch-200,2,2,betweenness,0.1127245277309652
minesweeper,BundleSheaf,false,5,6,epoch-200,3,2,betweenness,0.1288143713210997
minesweeper,BundleSheaf,false,5,6,epoch-200,4,2,betweenness,0.14070479168095754
minesweeper,BundleSheaf,false,5,6,epoch-200,5,2,betweenness,0.14871103097757163
minesweeper,BundleSheaf,false,5,6,epoch-200,6,2,betweenness,0.13415604050119495
minesweeper,BundleSheaf,false,5,6,epoch-200,0,2,confidence,-0.07960107616166529
minesweeper,BundleSheaf,false,5,6,epoch-200,1,2,confidence,0.14697298182089288
minesweeper,BundleSheaf,false,5,6,epoch-200,2,2,confidence,0.14825012313802224
minesweeper,BundleSheaf,false,5,6,epoch-200,3,2,confidence,0.1680067373165578
minesweeper,BundleSheaf,false,5,6,epoch-200,4,2,confidence,0.15992372171013064
minesweeper,BundleSheaf,false,5,6,epoch-200,5,2,confidence,0.12446767338187482
minesweeper,BundleSheaf,false,5,6,epoch-200,6,2,confidence,0.22599749630817786
minesweeper,BundleSheaf,false,5,6,epoch-200,0,2,saliency,0.012919439539434219
minesweeper,BundleSheaf,false,5,6,epoch-200,1,2,saliency,0.0023329756361777313
minesweeper,BundleSheaf,false,5,6,epoch-200,2,2,saliency,0.062464139407390956
minesweeper,BundleSheaf,false,5,6,epoch-200,3,2,saliency,0.06968771925317689
minesweeper,BundleSheaf,false,5,6,epoch-200,4,2,saliency,0.07190386579254864
minesweeper,BundleSheaf,false,5,6,epoch-200,5,2,saliency,0.0808115480448428
minesweeper,BundleSheaf,false,5,6,epoch-200,6,2,saliency,0.06882041059764933
minesweeper,BundleSheaf,false,5,6,epoch-200,0,2,cohens_d_train,0.0150985485
minesweeper,BundleSheaf,false,5,6,epoch-200,1,2,cohens_d_train,0.00998031
minesweeper,BundleSheaf,false,5,6,epoch-200,2,2,cohens_d_train,0.13558714
minesweeper,BundleSheaf,false,5,6,epoch-200,3,2,cohens_d_train,0.076048076
minesweeper,BundleSheaf,false,5,6,epoch-200,4,2,cohens_d_train,0.13690034
minesweeper,BundleSheaf,false,5,6,epoch-200,5,2,cohens_d_train,0.21617755
minesweeper,BundleSheaf,false,5,6,epoch-200,6,2,cohens_d_train,0.10741946
minesweeper,BundleSheaf,false,5,6,epoch-200,0,2,cohens_d_test,0.17605297
minesweeper,BundleSheaf,false,5,6,epoch-200,1,2,cohens_d_test,0.018805735
minesweeper,BundleSheaf,false,5,6,epoch-200,2,2,cohens_d_test,0.14412123
minesweeper,BundleSheaf,false,5,6,epoch-200,3,2,cohens_d_test,0.07976156
minesweeper,BundleSheaf,false,5,6,epoch-200,4,2,cohens_d_test,0.13120489
minesweeper,BundleSheaf,false,5,6,epoch-200,5,2,cohens_d_test,0.2265192
minesweeper,BundleSheaf,false,5,6,epoch-200,6,2,cohens_d_test,0.17478223
minesweeper,BundleSheaf,false,5,6,epoch-200,0,3,degree,-0.027074213392313497
minesweeper,BundleSheaf,false,5,6,epoch-200,1,3,degree,0.19963732194776854
minesweeper,BundleSheaf,false,5,6,epoch-200,2,3,degree,0.2612826311403075
minesweeper,BundleSheaf,false,5,6,epoch-200,3,3,degree,0.30810806377567074
minesweeper,BundleSheaf,false,5,6,epoch-200,4,3,degree,0.32752454630202676
minesweeper,BundleSheaf,false,5,6,epoch-200,5,3,degree,0.33398781227349494
minesweeper,BundleSheaf,false,5,6,epoch-200,6,3,degree,0.22330520865643158
minesweeper,BundleSheaf,false,5,6,epoch-200,0,3,betweenness,0.020387778336187806
minesweeper,BundleSheaf,false,5,6,epoch-200,1,3,betweenness,0.09617475111953964
minesweeper,BundleSheaf,false,5,6,epoch-200,2,3,betweenness,0.11761170144435104
minesweeper,BundleSheaf,false,5,6,epoch-200,3,3,betweenness,0.1444338387219713
minesweeper,BundleSheaf,false,5,6,epoch-200,4,3,betweenness,0.15535895633411465
minesweeper,BundleSheaf,false,5,6,epoch-200,5,3,betweenness,0.158834246404537
minesweeper,BundleSheaf,false,5,6,epoch-200,6,3,betweenness,0.12783786577774783
minesweeper,BundleSheaf,false,5,6,epoch-200,0,3,confidence,0.0003471044501548597
minesweeper,BundleSheaf,false,5,6,epoch-200,1,3,confidence,0.06398583361326877
minesweeper,BundleSheaf,false,5,6,epoch-200,2,3,confidence,0.07969188278879982
minesweeper,BundleSheaf,false,5,6,epoch-200,3,3,confidence,0.08802056926079808
minesweeper,BundleSheaf,false,5,6,epoch-200,4,3,confidence,0.08979577588208255
minesweeper,BundleSheaf,false,5,6,epoch-200,5,3,confidence,0.09068745405958097
minesweeper,BundleSheaf,false,5,6,epoch-200,6,3,confidence,0.09136339821344466
minesweeper,BundleSheaf,false,5,6,epoch-200,0,3,saliency,-0.07086044577494299
minesweeper,BundleSheaf,false,5,6,epoch-200,1,3,saliency,0.002878035687204375
minesweeper,BundleSheaf,false,5,6,epoch-200,2,3,saliency,0.0369991802682138
minesweeper,BundleSheaf,false,5,6,epoch-200,3,3,saliency,0.017217082156325773
minesweeper,BundleSheaf,false,5,6,epoch-200,4,3,saliency,0.02313143495759193
minesweeper,BundleSheaf,false,5,6,epoch-200,5,3,saliency,0.03646442071097238
minesweeper,BundleSheaf,false,5,6,epoch-200,6,3,saliency,0.041078803911280985
minesweeper,BundleSheaf,false,5,6,epoch-200,0,3,cohens_d_train,0.07522626
minesweeper,BundleSheaf,false,5,6,epoch-200,1,3,cohens_d_train,0.015485276
minesweeper,BundleSheaf,false,5,6,epoch-200,2,3,cohens_d_train,0.015253816
minesweeper,BundleSheaf,false,5,6,epoch-200,3,3,cohens_d_train,0.06676066
minesweeper,BundleSheaf,false,5,6,epoch-200,4,3,cohens_d_train,0.04790578
minesweeper,BundleSheaf,false,5,6,epoch-200,5,3,cohens_d_train,0.064676926
minesweeper,BundleSheaf,false,5,6,epoch-200,6,3,cohens_d_train,0.01163514
minesweeper,BundleSheaf,false,5,6,epoch-200,0,3,cohens_d_test,0.009458703
minesweeper,BundleSheaf,false,5,6,epoch-200,1,3,cohens_d_test,0.17024258
minesweeper,BundleSheaf,false,5,6,epoch-200,2,3,cohens_d_test,0.07438974
minesweeper,BundleSheaf,false,5,6,epoch-200,3,3,cohens_d_test,0.046949558
minesweeper,BundleSheaf,false,5,6,epoch-200,4,3,cohens_d_test,0.16718064
minesweeper,BundleSheaf,false,5,6,epoch-200,5,3,cohens_d_test,0.19439521
minesweeper,BundleSheaf,false,5,6,epoch-200,6,3,cohens_d_test,0.10335105
minesweeper,BundleSheaf,false,5,6,epoch-200,0,4,degree,-0.0015702964856795145
minesweeper,BundleSheaf,false,5,6,epoch-200,1,4,degree,0.18981930328510688
minesweeper,BundleSheaf,false,5,6,epoch-200,2,4,degree,0.2396356258234722
minesweeper,BundleSheaf,false,5,6,epoch-200,3,4,degree,0.3097322328906493
minesweeper,BundleSheaf,false,5,6,epoch-200,4,4,degree,0.33246879668076
minesweeper,BundleSheaf,false,5,6,epoch-200,5,4,degree,0.33513625053966756
minesweeper,BundleSheaf,false,5,6,epoch-200,6,4,degree,0.28606255106029227
minesweeper,BundleSheaf,false,5,6,epoch-200,0,4,betweenness,0.013350298061971643
minesweeper,BundleSheaf,false,5,6,epoch-200,1,4,betweenness,0.08730583200119636
minesweeper,BundleSheaf,false,5,6,epoch-200,2,4,betweenness,0.10462412735432162
minesweeper,BundleSheaf,false,5,6,epoch-200,3,4,betweenness,0.12929077924395013
minesweeper,BundleSheaf,false,5,6,epoch-200,4,4,betweenness,0.14369046448493963
minesweeper,BundleSheaf,false,5,6,epoch-200,5,4,betweenness,0.1560841873509292
minesweeper,BundleSheaf,false,5,6,epoch-200,6,4,betweenness,0.17447181172752252
minesweeper,BundleSheaf,false,5,6,epoch-200,0,4,confidence,-0.12255827522537961
minesweeper,BundleSheaf,false,5,6,epoch-200,1,4,confidence,-0.027464308507395157
minesweeper,BundleSheaf,false,5,6,epoch-200,2,4,confidence,-0.002484723852191417
minesweeper,BundleSheaf,false,5,6,epoch-200,3,4,confidence,0.03152972380301658
minesweeper,BundleSheaf,false,5,6,epoch-200,4,4,confidence,0.08675980643861593
minesweeper,BundleSheaf,false,5,6,epoch-200,5,4,confidence,0.09043981628188985
minesweeper,BundleSheaf,false,5,6,epoch-200,6,4,confidence,0.26149258471691605
minesweeper,BundleSheaf,false,5,6,epoch-200,0,4,saliency,-0.030758737271829935
minesweeper,BundleSheaf,false,5,6,epoch-200,1,4,saliency,0.04537170942247411
minesweeper,BundleSheaf,false,5,6,epoch-200,2,4,saliency,0.05604121350325275
minesweeper,BundleSheaf,false,5,6,epoch-200,3,4,saliency,0.06620099400900295
minesweeper,BundleSheaf,false,5,6,epoch-200,4,4,saliency,0.08144578931392392
minesweeper,BundleSheaf,false,5,6,epoch-200,5,4,saliency,0.09799917798346176
minesweeper,BundleSheaf,false,5,6,epoch-200,6,4,saliency,0.0931283873306808
minesweeper,BundleSheaf,false,5,6,epoch-200,0,4,cohens_d_train,0.025486946
minesweeper,BundleSheaf,false,5,6,epoch-200,1,4,cohens_d_train,0.1609935
minesweeper,BundleSheaf,false,5,6,epoch-200,2,4,cohens_d_train,0.15301897
minesweeper,BundleSheaf,false,5,6,epoch-200,3,4,cohens_d_train,0.109170206
minesweeper,BundleSheaf,false,5,6,epoch-200,4,4,cohens_d_train,0.11064678
minesweeper,BundleSheaf,false,5,6,epoch-200,5,4,cohens_d_train,0.11932009
minesweeper,BundleSheaf,false,5,6,epoch-200,6,4,cohens_d_train,0.045159694
minesweeper,BundleSheaf,false,5,6,epoch-200,0,4,cohens_d_test,0.038257193
minesweeper,BundleSheaf,false,5,6,epoch-200,1,4,cohens_d_test,0.1132026
minesweeper,BundleSheaf,false,5,6,epoch-200,2,4,cohens_d_test,0.13547356
minesweeper,BundleSheaf,false,5,6,epoch-200,3,4,cohens_d_test,0.08483065
minesweeper,BundleSheaf,false,5,6,epoch-200,4,4,cohens_d_test,0.117185265
minesweeper,BundleSheaf,false,5,6,epoch-200,5,4,cohens_d_test,0.13832365
minesweeper,BundleSheaf,false,5,6,epoch-200,6,4,cohens_d_test,0.061331134
minesweeper,BundleSheaf,false,5,6,epoch-200,0,5,degree,0.04075021041289917
minesweeper,BundleSheaf,false,5,6,epoch-200,1,5,degree,0.2213701111523145
minesweeper,BundleSheaf,false,5,6,epoch-200,2,5,degree,0.2913845804061487
minesweeper,BundleSheaf,false,5,6,epoch-200,3,5,degree,0.3163503020511663
minesweeper,BundleSheaf,false,5,6,epoch-200,4,5,degree,0.3295482933836209
minesweeper,BundleSheaf,false,5,6,epoch-200,5,5,degree,0.3341069799639751
minesweeper,BundleSheaf,false,5,6,epoch-200,6,5,degree,0.2740312913487857
minesweeper,BundleSheaf,false,5,6,epoch-200,0,5,betweenness,-0.005894733030177789
minesweeper,BundleSheaf,false,5,6,epoch-200,1,5,betweenness,0.10077728370785724
minesweeper,BundleSheaf,false,5,6,epoch-200,2,5,betweenness,0.1143698188998155
minesweeper,BundleSheaf,false,5,6,epoch-200,3,5,betweenness,0.13075172904983212
minesweeper,BundleSheaf,false,5,6,epoch-200,4,5,betweenness,0.14300790404608538
minesweeper,BundleSheaf,false,5,6,epoch-200,5,5,betweenness,0.14075445147987847
minesweeper,BundleSheaf,false,5,6,epoch-200,6,5,betweenness,0.11690635326362289
minesweeper,BundleSheaf,false,5,6,epoch-200,0,5,confidence,0.0005658681684017451
minesweeper,BundleSheaf,false,5,6,epoch-200,1,5,confidence,0.05239467992620879
minesweeper,BundleSheaf,false,5,6,epoch-200,2,5,confidence,0.057884834448735684
minesweeper,BundleSheaf,false,5,6,epoch-200,3,5,confidence,0.059568729963498025
minesweeper,BundleSheaf,false,5,6,epoch-200,4,5,confidence,0.061134759756313786
minesweeper,BundleSheaf,false,5,6,epoch-200,5,5,confidence,0.061555814175999424
minesweeper,BundleSheaf,false,5,6,epoch-200,6,5,confidence,0.062394969612964514
minesweeper,BundleSheaf,false,5,6,epoch-200,0,5,saliency,0.14348538588773121
minesweeper,BundleSheaf,false,5,6,epoch-200,1,5,saliency,-0.01719333514024906
minesweeper,BundleSheaf,false,5,6,epoch-200,2,5,saliency,0.04443746920277463
minesweeper,BundleSheaf,false,5,6,epoch-200,3,5,saliency,0.012466600624740806
minesweeper,BundleSheaf,false,5,6,epoch-200,4,5,saliency,0.030336972255824775
minesweeper,BundleSheaf,false,5,6,epoch-200,5,5,saliency,0.032518389805769224
minesweeper,BundleSheaf,false,5,6,epoch-200,6,5,saliency,0.08061456371711301
minesweeper,BundleSheaf,false,5,6,epoch-200,0,5,cohens_d_train,0.0030279513
minesweeper,BundleSheaf,false,5,6,epoch-200,1,5,cohens_d_train,0.013644949
minesweeper,BundleSheaf,false,5,6,epoch-200,2,5,cohens_d_train,0.11001954
minesweeper,BundleSheaf,false,5,6,epoch-200,3,5,cohens_d_train,0.051736455
minesweeper,BundleSheaf,false,5,6,epoch-200,4,5,cohens_d_train,0.042241894
minesweeper,BundleSheaf,false,5,6,epoch-200,5,5,cohens_d_train,0.043827556
minesweeper,BundleSheaf,false,5,6,epoch-200,6,5,cohens_d_train,0.009446227
minesweeper,BundleSheaf,false,5,6,epoch-200,0,5,cohens_d_test,0.046054874
minesweeper,BundleSheaf,false,5,6,epoch-200,1,5,cohens_d_test,0.016571589
minesweeper,BundleSheaf,false,5,6,epoch-200,2,5,cohens_d_test,0.13875882
minesweeper,BundleSheaf,false,5,6,epoch-200,3,5,cohens_d_test,0.062149055
minesweeper,BundleSheaf,false,5,6,epoch-200,4,5,cohens_d_test,0.044618297
minesweeper,BundleSheaf,false,5,6,epoch-200,5,5,cohens_d_test,0.062232893
minesweeper,BundleSheaf,false,5,6,epoch-200,6,5,cohens_d_test,0.060192868
minesweeper,BundleSheaf,false,5,6,epoch-200,0,6,degree,0.013464165451596182
minesweeper,BundleSheaf,false,5,6,epoch-200,1,6,degree,0.2198432814034529
minesweeper,BundleSheaf,false,5,6,epoch-200,2,6,degree,0.2716225527902943
minesweeper,BundleSheaf,false,5,6,epoch-200,3,6,degree,0.30674763198893273
minesweeper,BundleSheaf,false,5,6,epoch-200,4,6,degree,0.32346142129879846
minesweeper,BundleSheaf,false,5,6,epoch-200,5,6,degree,0.3274525561184617
minesweeper,BundleSheaf,false,5,6,epoch-200,6,6,degree,0.33162934557749013
minesweeper,BundleSheaf,false,5,6,epoch-200,0,6,betweenness,0.0008126868252003826
minesweeper,BundleSheaf,false,5,6,epoch-200,1,6,betweenness,0.10603607406905712
minesweeper,BundleSheaf,false,5,6,epoch-200,2,6,betweenness,0.1319023352153547
minesweeper,BundleSheaf,false,5,6,epoch-200,3,6,betweenness,0.12920896070551638
minesweeper,BundleSheaf,false,5,6,epoch-200,4,6,betweenness,0.13318688994466363
minesweeper,BundleSheaf,false,5,6,epoch-200,5,6,betweenness,0.1467550669370352
minesweeper,BundleSheaf,false,5,6,epoch-200,6,6,betweenness,0.15443895668548607
minesweeper,BundleSheaf,false,5,6,epoch-200,0,6,confidence,0.20725214123592123
minesweeper,BundleSheaf,false,5,6,epoch-200,1,6,confidence,0.1261241944885593
minesweeper,BundleSheaf,false,5,6,epoch-200,2,6,confidence,0.12428426211429613
minesweeper,BundleSheaf,false,5,6,epoch-200,3,6,confidence,0.11448835558443743
minesweeper,BundleSheaf,false,5,6,epoch-200,4,6,confidence,0.12275462189323218
minesweeper,BundleSheaf,false,5,6,epoch-200,5,6,confidence,0.15524690727522786
minesweeper,BundleSheaf,false,5,6,epoch-200,6,6,confidence,0.17143991150446722
minesweeper,BundleSheaf,false,5,6,epoch-200,0,6,saliency,0.0005382156741548175
minesweeper,BundleSheaf,false,5,6,epoch-200,1,6,saliency,-0.02047391138394469
minesweeper,BundleSheaf,false,5,6,epoch-200,2,6,saliency,-0.015146799367740636
minesweeper,BundleSheaf,false,5,6,epoch-200,3,6,saliency,0.012607836672229662
minesweeper,BundleSheaf,false,5,6,epoch-200,4,6,saliency,0.003939404037417677
minesweeper,BundleSheaf,false,5,6,epoch-200,5,6,saliency,0.0023057203731056235
minesweeper,BundleSheaf,false,5,6,epoch-200,6,6,saliency,0.04742121851435445
minesweeper,BundleSheaf,false,5,6,epoch-200,0,6,cohens_d_train,0.102005236
minesweeper,BundleSheaf,false,5,6,epoch-200,1,6,cohens_d_train,0.11509705
minesweeper,BundleSheaf,false,5,6,epoch-200,2,6,cohens_d_train,0.10461319
minesweeper,BundleSheaf,false,5,6,epoch-200,3,6,cohens_d_train,0.14022246
minesweeper,BundleSheaf,false,5,6,epoch-200,4,6,cohens_d_train,0.1112377
minesweeper,BundleSheaf,false,5,6,epoch-200,5,6,cohens_d_train,0.13530865
minesweeper,BundleSheaf,false,5,6,epoch-200,6,6,cohens_d_train,0.13268605
minesweeper,BundleSheaf,false,5,6,epoch-200,0,6,cohens_d_test,0.05681522
minesweeper,BundleSheaf,false,5,6,epoch-200,1,6,cohens_d_test,0.094142765
minesweeper,BundleSheaf,false,5,6,epoch-200,2,6,cohens_d_test,0.093063995
minesweeper,BundleSheaf,false,5,6,epoch-200,3,6,cohens_d_test,0.1271422
minesweeper,BundleSheaf,false,5,6,epoch-200,4,6,cohens_d_test,0.07445389
minesweeper,BundleSheaf,false,5,6,epoch-200,5,6,cohens_d_test,0.111760184
minesweeper,BundleSheaf,false,5,6,epoch-200,6,6,cohens_d_test,0.089909166
minesweeper,BundleSheaf,false,5,6,epoch-200,0,7,degree,0.02092962809334812
minesweeper,BundleSheaf,false,5,6,epoch-200,1,7,degree,0.21218708202012146
minesweeper,BundleSheaf,false,5,6,epoch-200,2,7,degree,0.26970600838820025
minesweeper,BundleSheaf,false,5,6,epoch-200,3,7,degree,0.3075898025134334
minesweeper,BundleSheaf,false,5,6,epoch-200,4,7,degree,0.32366485900881947
minesweeper,BundleSheaf,false,5,6,epoch-200,5,7,degree,0.332956873121789
minesweeper,BundleSheaf,false,5,6,epoch-200,6,7,degree,0.183522450908822
minesweeper,BundleSheaf,false,5,6,epoch-200,0,7,betweenness,-0.0027551818031940653
minesweeper,BundleSheaf,false,5,6,epoch-200,1,7,betweenness,0.10427940407038647
minesweeper,BundleSheaf,false,5,6,epoch-200,2,7,betweenness,0.10814578506535111
minesweeper,BundleSheaf,false,5,6,epoch-200,3,7,betweenness,0.11563013634246405
minesweeper,BundleSheaf,false,5,6,epoch-200,4,7,betweenness,0.11974682536377915
minesweeper,BundleSheaf,false,5,6,epoch-200,5,7,betweenness,0.1337573958767905
minesweeper,BundleSheaf,false,5,6,epoch-200,6,7,betweenness,0.08601729987604378
minesweeper,BundleSheaf,false,5,6,epoch-200,0,7,confidence,-0.0024659799016434904
minesweeper,BundleSheaf,false,5,6,epoch-200,1,7,confidence,0.12408310208066989
minesweeper,BundleSheaf,false,5,6,epoch-200,2,7,confidence,0.1420848065455861
minesweeper,BundleSheaf,false,5,6,epoch-200,3,7,confidence,0.16197563812209453
minesweeper,BundleSheaf,false,5,6,epoch-200,4,7,confidence,0.1659335082092728
minesweeper,BundleSheaf,false,5,6,epoch-200,5,7,confidence,0.17144063841654938
minesweeper,BundleSheaf,false,5,6,epoch-200,6,7,confidence,0.1737619310318346
minesweeper,BundleSheaf,false,5,6,epoch-200,0,7,saliency,0.0693222116675525
minesweeper,BundleSheaf,false,5,6,epoch-200,1,7,saliency,-0.0715794941817821
minesweeper,BundleSheaf,false,5,6,epoch-200,2,7,saliency,-0.0010731519287379583
minesweeper,BundleSheaf,false,5,6,epoch-200,3,7,saliency,0.010431800774380598
minesweeper,BundleSheaf,false,5,6,epoch-200,4,7,saliency,-0.00237303220774456
minesweeper,BundleSheaf,false,5,6,epoch-200,5,7,saliency,0.011498608675089573
minesweeper,BundleSheaf,false,5,6,epoch-200,6,7,saliency,0.034902488749548426
minesweeper,BundleSheaf,false,5,6,epoch-200,0,7,cohens_d_train,2.398385e-06
minesweeper,BundleSheaf,false,5,6,epoch-200,1,7,cohens_d_train,0.00055275596
minesweeper,BundleSheaf,false,5,6,epoch-200,2,7,cohens_d_train,0.14827736
minesweeper,BundleSheaf,false,5,6,epoch-200,3,7,cohens_d_train,0.117921025
minesweeper,BundleSheaf,false,5,6,epoch-200,4,7,cohens_d_train,0.14315996
minesweeper,BundleSheaf,false,5,6,epoch-200,5,7,cohens_d_train,0.09844075
minesweeper,BundleSheaf,false,5,6,epoch-200,6,7,cohens_d_train,0.15855348
minesweeper,BundleSheaf,false,5,6,epoch-200,0,7,cohens_d_test,0.0101685915
minesweeper,BundleSheaf,false,5,6,epoch-200,1,7,cohens_d_test,0.105707705
minesweeper,BundleSheaf,false,5,6,epoch-200,2,7,cohens_d_test,0.23947334
minesweeper,BundleSheaf,false,5,6,epoch-200,3,7,cohens_d_test,0.1635612
minesweeper,BundleSheaf,false,5,6,epoch-200,4,7,cohens_d_test,0.15544547
minesweeper,BundleSheaf,false,5,6,epoch-200,5,7,cohens_d_test,0.14792342
minesweeper,BundleSheaf,false,5,6,epoch-200,6,7,cohens_d_test,0.15112571
minesweeper,BundleSheaf,false,5,6,epoch-200,0,8,degree,-0.0030598257639758903
minesweeper,BundleSheaf,false,5,6,epoch-200,1,8,degree,0.18125290177607328
minesweeper,BundleSheaf,false,5,6,epoch-200,2,8,degree,0.25007686260972717
minesweeper,BundleSheaf,false,5,6,epoch-200,3,8,degree,0.30489766300728516
minesweeper,BundleSheaf,false,5,6,epoch-200,4,8,degree,0.3301269875904223
minesweeper,BundleSheaf,false,5,6,epoch-200,5,8,degree,0.3309672928030732
minesweeper,BundleSheaf,false,5,6,epoch-200,6,8,degree,0.33746623040778406
minesweeper,BundleSheaf,false,5,6,epoch-200,0,8,betweenness,-0.018963415555196168
minesweeper,BundleSheaf,false,5,6,epoch-200,1,8,betweenness,0.08469039826596038
minesweeper,BundleSheaf,false,5,6,epoch-200,2,8,betweenness,0.09767685658428495
minesweeper,BundleSheaf,false,5,6,epoch-200,3,8,betweenness,0.12009503465255321
minesweeper,BundleSheaf,false,5,6,epoch-200,4,8,betweenness,0.13334397026504016
minesweeper,BundleSheaf,false,5,6,epoch-200,5,8,betweenness,0.1756594567870262
minesweeper,BundleSheaf,false,5,6,epoch-200,6,8,betweenness,0.1693125272437602
minesweeper,BundleSheaf,false,5,6,epoch-200,0,8,confidence,-0.014625958165772356
minesweeper,BundleSheaf,false,5,6,epoch-200,1,8,confidence,0.029225553329489652
minesweeper,BundleSheaf,false,5,6,epoch-200,2,8,confidence,0.029977497112149174
minesweeper,BundleSheaf,false,5,6,epoch-200,3,8,confidence,0.02999350031249605
minesweeper,BundleSheaf,false,5,6,epoch-200,4,8,confidence,0.02999349951273595
minesweeper,BundleSheaf,false,5,6,epoch-200,5,8,confidence,0.029995499812966786
minesweeper,BundleSheaf,false,5,6,epoch-200,6,8,confidence,0.029995500213116786
minesweeper,BundleSheaf,false,5,6,epoch-200,0,8,saliency,-0.051813859024872476
minesweeper,BundleSheaf,false,5,6,epoch-200,1,8,saliency,0.10459528344901184
minesweeper,BundleSheaf,false,5,6,epoch-200,2,8,saliency,0.1551293883305516
minesweeper,BundleSheaf,false,5,6,epoch-200,3,8,saliency,0.16942703240881174
minesweeper,BundleSheaf,false,5,6,epoch-200,4,8,saliency,0.18149216517182193
minesweeper,BundleSheaf,false,5,6,epoch-200,5,8,saliency,0.12477256035984309
minesweeper,BundleSheaf,false,5,6,epoch-200,6,8,saliency,0.14826115583994895
minesweeper,BundleSheaf,false,5,6,epoch-200,0,8,cohens_d_train,0.033976402
minesweeper,BundleSheaf,false,5,6,epoch-200,1,8,cohens_d_train,0.20822318
minesweeper,BundleSheaf,false,5,6,epoch-200,2,8,cohens_d_train,0.2903776
minesweeper,BundleSheaf,false,5,6,epoch-200,3,8,cohens_d_train,0.3258454
minesweeper,BundleSheaf,false,5,6,epoch-200,4,8,cohens_d_train,0.38885605
minesweeper,BundleSheaf,false,5,6,epoch-200,5,8,cohens_d_train,0.18119775
minesweeper,BundleSheaf,false,5,6,epoch-200,6,8,cohens_d_train,0.32783616
minesweeper,BundleSheaf,false,5,6,epoch-200,0,8,cohens_d_test,0.06384708
minesweeper,BundleSheaf,false,5,6,epoch-200,1,8,cohens_d_test,0.21042351
minesweeper,BundleSheaf,false,5,6,epoch-200,2,8,cohens_d_test,0.27684858
minesweeper,BundleSheaf,false,5,6,epoch-200,3,8,cohens_d_test,0.34861085
minesweeper,BundleSheaf,false,5,6,epoch-200,4,8,cohens_d_test,0.38899863
minesweeper,BundleSheaf,false,5,6,epoch-200,5,8,cohens_d_test,0.1845977
minesweeper,BundleSheaf,false,5,6,epoch-200,6,8,cohens_d_test,0.33372483
minesweeper,BundleSheaf,false,5,6,epoch-200,0,9,degree,0.015006341293600392
minesweeper,BundleSheaf,false,5,6,epoch-200,1,9,degree,0.21207390088489483
minesweeper,BundleSheaf,false,5,6,epoch-200,2,9,degree,0.22815319587080246
minesweeper,BundleSheaf,false,5,6,epoch-200,3,9,degree,0.2951207648694098
minesweeper,BundleSheaf,false,5,6,epoch-200,4,9,degree,0.3234097892915679
minesweeper,BundleSheaf,false,5,6,epoch-200,5,9,degree,0.328691195645384
minesweeper,BundleSheaf,false,5,6,epoch-200,6,9,degree,0.19902466407567257
minesweeper,BundleSheaf,false,5,6,epoch-200,0,9,betweenness,-0.011502095807757745
minesweeper,BundleSheaf,false,5,6,epoch-200,1,9,betweenness,0.11161920736157208
minesweeper,BundleSheaf,false,5,6,epoch-200,2,9,betweenness,0.1190938244055829
minesweeper,BundleSheaf,false,5,6,epoch-200,3,9,betweenness,0.14860084070046645
minesweeper,BundleSheaf,false,5,6,epoch-200,4,9,betweenness,0.17087402876237914
minesweeper,BundleSheaf,false,5,6,epoch-200,5,9,betweenness,0.19756372286371301
minesweeper,BundleSheaf,false,5,6,epoch-200,6,9,betweenness,0.14354962496466406
minesweeper,BundleSheaf,false,5,6,epoch-200,0,9,confidence,0.0036277045113952363
minesweeper,BundleSheaf,false,5,6,epoch-200,1,9,confidence,0.06908321439203532
minesweeper,BundleSheaf,false,5,6,epoch-200,2,9,confidence,0.0731093401602377
minesweeper,BundleSheaf,false,5,6,epoch-200,3,9,confidence,0.08558634834726093
minesweeper,BundleSheaf,false,5,6,epoch-200,4,9,confidence,0.09844624254272705
minesweeper,BundleSheaf,false,5,6,epoch-200,5,9,confidence,0.10345785482664589
minesweeper,BundleSheaf,false,5,6,epoch-200,6,9,confidence,0.06310966952145367
minesweeper,BundleSheaf,false,5,6,epoch-200,0,9,saliency,-0.003308122331314656
minesweeper,BundleSheaf,false,5,6,epoch-200,1,9,saliency,-0.002797265594669697
minesweeper,BundleSheaf,false,5,6,epoch-200,2,9,saliency,-0.031236542154646548
minesweeper,BundleSheaf,false,5,6,epoch-200,3,9,saliency,-0.03709422973094229
minesweeper,BundleSheaf,false,5,6,epoch-200,4,9,saliency,-0.040091437697034646
minesweeper,BundleSheaf,false,5,6,epoch-200,5,9,saliency,-0.03864744881128608
minesweeper,BundleSheaf,false,5,6,epoch-200,6,9,saliency,0.00931553564721125
minesweeper,BundleSheaf,false,5,6,epoch-200,0,9,cohens_d_train,0.011743011
minesweeper,BundleSheaf,false,5,6,epoch-200,1,9,cohens_d_train,0.031259086
minesweeper,BundleSheaf,false,5,6,epoch-200,2,9,cohens_d_train,0.09599415
minesweeper,BundleSheaf,false,5,6,epoch-200,3,9,cohens_d_train,0.18554744
minesweeper,BundleSheaf,false,5,6,epoch-200,4,9,cohens_d_train,0.16919015
minesweeper,BundleSheaf,false,5,6,epoch-200,5,9,cohens_d_train,0.28070056
minesweeper,BundleSheaf,false,5,6,epoch-200,6,9,cohens_d_train,0.04605597
minesweeper,BundleSheaf,false,5,6,epoch-200,0,9,cohens_d_test,0.017426755
minesweeper,BundleSheaf,false,5,6,epoch-200,1,9,cohens_d_test,0.09301796
minesweeper,BundleSheaf,false,5,6,epoch-200,2,9,cohens_d_test,0.17497689
minesweeper,BundleSheaf,false,5,6,epoch-200,3,9,cohens_d_test,0.26563314
minesweeper,BundleSheaf,false,5,6,epoch-200,4,9,cohens_d_test,0.22650084
minesweeper,BundleSheaf,false,5,6,epoch-200,5,9,cohens_d_test,0.31602713
minesweeper,BundleSheaf,false,5,6,epoch-200,6,9,cohens_d_test,0.07800198
minesweeper,BundleSheaf,false,5,6,best-epoch,0,0,degree,0.007596372040601368
minesweeper,BundleSheaf,false,5,6,best-epoch,1,0,degree,0.1947918431388406
minesweeper,BundleSheaf,false,5,6,best-epoch,2,0,degree,0.2572088232611684
minesweeper,BundleSheaf,false,5,6,best-epoch,3,0,degree,0.30543521646281946
minesweeper,BundleSheaf,false,5,6,best-epoch,4,0,degree,0.3230412601692237
minesweeper,BundleSheaf,false,5,6,best-epoch,5,0,degree,0.3334090319502468
minesweeper,BundleSheaf,false,5,6,best-epoch,6,0,degree,0.21025553539543843
minesweeper,BundleSheaf,false,5,6,best-epoch,0,0,betweenness,0.0060591930320716735
minesweeper,BundleSheaf,false,5,6,best-epoch,1,0,betweenness,0.09120390539638525
minesweeper,BundleSheaf,false,5,6,best-epoch,2,0,betweenness,0.11237809665717513
minesweeper,BundleSheaf,false,5,6,best-epoch,3,0,betweenness,0.12104086250003986
minesweeper,BundleSheaf,false,5,6,best-epoch,4,0,betweenness,0.1395141798870014
minesweeper,BundleSheaf,false,5,6,best-epoch,5,0,betweenness,0.1488968593798822
minesweeper,BundleSheaf,false,5,6,best-epoch,6,0,betweenness,0.13422203771185773
minesweeper,BundleSheaf,false,5,6,best-epoch,0,0,confidence,0.24062979499118556
minesweeper,BundleSheaf,false,5,6,best-epoch,1,0,confidence,0.277721123093879
minesweeper,BundleSheaf,false,5,6,best-epoch,2,0,confidence,0.2187442149582484
minesweeper,BundleSheaf,false,5,6,best-epoch,3,0,confidence,0.30055066185781704
minesweeper,BundleSheaf,false,5,6,best-epoch,4,0,confidence,0.31649330023080036
minesweeper,BundleSheaf,false,5,6,best-epoch,5,0,confidence,0.2513828901029361
minesweeper,BundleSheaf,false,5,6,best-epoch,6,0,confidence,0.4605943370679886
minesweeper,BundleSheaf,false,5,6,best-epoch,0,0,saliency,0.021750034930610434
minesweeper,BundleSheaf,false,5,6,best-epoch,1,0,saliency,0.04784022006221673
minesweeper,BundleSheaf,false,5,6,best-epoch,2,0,saliency,0.053331787134277844
minesweeper,BundleSheaf,false,5,6,best-epoch,3,0,saliency,0.0761083710890837
minesweeper,BundleSheaf,false,5,6,best-epoch,4,0,saliency,0.07420640554695453
minesweeper,BundleSheaf,false,5,6,best-epoch,5,0,saliency,0.08254625880371022
minesweeper,BundleSheaf,false,5,6,best-epoch,6,0,saliency,0.05354592250410178
minesweeper,BundleSheaf,false,5,6,best-epoch,0,0,cohens_d_train,0.04077574
minesweeper,BundleSheaf,false,5,6,best-epoch,1,0,cohens_d_train,0.03413448
minesweeper,BundleSheaf,false,5,6,best-epoch,2,0,cohens_d_train,0.021615215
minesweeper,BundleSheaf,false,5,6,best-epoch,3,0,cohens_d_train,0.071185574
minesweeper,BundleSheaf,false,5,6,best-epoch,4,0,cohens_d_train,0.088575326
minesweeper,BundleSheaf,false,5,6,best-epoch,5,0,cohens_d_train,0.012097448
minesweeper,BundleSheaf,false,5,6,best-epoch,6,0,cohens_d_train,7.411296e-05
minesweeper,BundleSheaf,false,5,6,best-epoch,0,0,cohens_d_test,0.025013255
minesweeper,BundleSheaf,false,5,6,best-epoch,1,0,cohens_d_test,0.002690907
minesweeper,BundleSheaf,false,5,6,best-epoch,2,0,cohens_d_test,0.046831872
minesweeper,BundleSheaf,false,5,6,best-epoch,3,0,cohens_d_test,0.006658336
minesweeper,BundleSheaf,false,5,6,best-epoch,4,0,cohens_d_test,0.020067718
minesweeper,BundleSheaf,false,5,6,best-epoch,5,0,cohens_d_test,0.071018845
minesweeper,BundleSheaf,false,5,6,best-epoch,6,0,cohens_d_test,0.08350872
minesweeper,BundleSheaf,false,5,6,best-epoch,0,1,degree,-0.014932064311306949
minesweeper,BundleSheaf,false,5,6,best-epoch,1,1,degree,0.18084280434679717
minesweeper,BundleSheaf,false,5,6,best-epoch,2,1,degree,0.25432394043581447
minesweeper,BundleSheaf,false,5,6,best-epoch,3,1,degree,0.3175434708047806
minesweeper,BundleSheaf,false,5,6,best-epoch,4,1,degree,0.32850689601291433
minesweeper,BundleSheaf,false,5,6,best-epoch,5,1,degree,0.3319316209371168
minesweeper,BundleSheaf,false,5,6,best-epoch,6,1,degree,0.3357125203263374
minesweeper,BundleSheaf,false,5,6,best-epoch,0,1,betweenness,0.017038597258723847
minesweeper,BundleSheaf,false,5,6,best-epoch,1,1,betweenness,0.09609600003081098
minesweeper,BundleSheaf,false,5,6,best-epoch,2,1,betweenness,0.11158238940417563
minesweeper,BundleSheaf,false,5,6,best-epoch,3,1,betweenness,0.13713291511385456
minesweeper,BundleSheaf,false,5,6,best-epoch,4,1,betweenness,0.1349584161160378
minesweeper,BundleSheaf,false,5,6,best-epoch,5,1,betweenness,0.15519797273942923
minesweeper,BundleSheaf,false,5,6,best-epoch,6,1,betweenness,0.15783587222451434
minesweeper,BundleSheaf,false,5,6,best-epoch,0,1,confidence,0.37060639206479296
minesweeper,BundleSheaf,false,5,6,best-epoch,1,1,confidence,0.5432763058128864
minesweeper,BundleSheaf,false,5,6,best-epoch,2,1,confidence,0.5152178844367354
minesweeper,BundleSheaf,false,5,6,best-epoch,3,1,confidence,0.45151984191434463
minesweeper,BundleSheaf,false,5,6,best-epoch,4,1,confidence,0.5351531835262267
minesweeper,BundleSheaf,false,5,6,best-epoch,5,1,confidence,0.50499362466032
minesweeper,BundleSheaf,false,5,6,best-epoch,6,1,confidence,0.5276779245434292
minesweeper,BundleSheaf,false,5,6,best-epoch,0,1,saliency,-0.13198481114521515
minesweeper,BundleSheaf,false,5,6,best-epoch,1,1,saliency,-0.10957763553871139
minesweeper,BundleSheaf,false,5,6,best-epoch,2,1,saliency,-0.06954926716832725
minesweeper,BundleSheaf,false,5,6,best-epoch,3,1,saliency,-0.028859228154765437
minesweeper,BundleSheaf,false,5,6,best-epoch,4,1,saliency,-0.038236858480598004
minesweeper,BundleSheaf,false,5,6,best-epoch,5,1,saliency,-0.023370904710199838
minesweeper,BundleSheaf,false,5,6,best-epoch,6,1,saliency,-0.02651328505345101
minesweeper,BundleSheaf,false,5,6,best-epoch,0,1,cohens_d_train,0.05446744
minesweeper,BundleSheaf,false,5,6,best-epoch,1,1,cohens_d_train,0.0022219876
minesweeper,BundleSheaf,false,5,6,best-epoch,2,1,cohens_d_train,0.08433524
minesweeper,BundleSheaf,false,5,6,best-epoch,3,1,cohens_d_train,0.18405178
minesweeper,BundleSheaf,false,5,6,best-epoch,4,1,cohens_d_train,0.15436819
minesweeper,BundleSheaf,false,5,6,best-epoch,5,1,cohens_d_train,0.19457355
minesweeper,BundleSheaf,false,5,6,best-epoch,6,1,cohens_d_train,0.16665436
minesweeper,BundleSheaf,false,5,6,best-epoch,0,1,cohens_d_test,0.031699058
minesweeper,BundleSheaf,false,5,6,best-epoch,1,1,cohens_d_test,0.14246567
minesweeper,BundleSheaf,false,5,6,best-epoch,2,1,cohens_d_test,0.27938393
minesweeper,BundleSheaf,false,5,6,best-epoch,3,1,cohens_d_test,0.34479406
minesweeper,BundleSheaf,false,5,6,best-epoch,4,1,cohens_d_test,0.2880683
minesweeper,BundleSheaf,false,5,6,best-epoch,5,1,cohens_d_test,0.35203573
minesweeper,BundleSheaf,false,5,6,best-epoch,6,1,cohens_d_test,0.3386018
minesweeper,BundleSheaf,false,5,6,best-epoch,0,2,degree,0.005570306264017538
minesweeper,BundleSheaf,false,5,6,best-epoch,1,2,degree,0.19590619378965993
minesweeper,BundleSheaf,false,5,6,best-epoch,2,2,degree,0.26312695365676547
minesweeper,BundleSheaf,false,5,6,best-epoch,3,2,degree,0.3143512442414121
minesweeper,BundleSheaf,false,5,6,best-epoch,4,2,degree,0.329536349480196
minesweeper,BundleSheaf,false,5,6,best-epoch,5,2,degree,0.334194290419364
minesweeper,BundleSheaf,false,5,6,best-epoch,6,2,degree,0.17289945529617007
minesweeper,BundleSheaf,false,5,6,best-epoch,0,2,betweenness,-0.020095419716387813
minesweeper,BundleSheaf,false,5,6,best-epoch,1,2,betweenness,0.09440795009131576
minesweeper,BundleSheaf,false,5,6,best-epoch,2,2,betweenness,0.11253857213678758
minesweeper,BundleSheaf,false,5,6,best-epoch,3,2,betweenness,0.12920831002989747
minesweeper,BundleSheaf,false,5,6,best-epoch,4,2,betweenness,0.1420486838984529
minesweeper,BundleSheaf,false,5,6,best-epoch,5,2,betweenness,0.1552156732957445
minesweeper,BundleSheaf,false,5,6,best-epoch,6,2,betweenness,0.1018691316683586
minesweeper,BundleSheaf,false,5,6,best-epoch,0,2,confidence,-0.2389856369201672
minesweeper,BundleSheaf,false,5,6,best-epoch,1,2,confidence,0.29832015177023274
minesweeper,BundleSheaf,false,5,6,best-epoch,2,2,confidence,0.332680433460768
minesweeper,BundleSheaf,false,5,6,best-epoch,3,2,confidence,0.3604274761514451
minesweeper,BundleSheaf,false,5,6,best-epoch,4,2,confidence,0.32702111841393194
minesweeper,BundleSheaf,false,5,6,best-epoch,5,2,confidence,0.29971791402868264
minesweeper,BundleSheaf,false,5,6,best-epoch,6,2,confidence,0.5513001912273271
minesweeper,BundleSheaf,false,5,6,best-epoch,0,2,saliency,0.026116914804462977
minesweeper,BundleSheaf,false,5,6,best-epoch,1,2,saliency,-0.017396712738800377
minesweeper,BundleSheaf,false,5,6,best-epoch,2,2,saliency,0.011590309892111725
minesweeper,BundleSheaf,false,5,6,best-epoch,3,2,saliency,0.014019553862405831
minesweeper,BundleSheaf,false,5,6,best-epoch,4,2,saliency,0.0210174491284267
minesweeper,BundleSheaf,false,5,6,best-epoch,5,2,saliency,0.02237895682392384
minesweeper,BundleSheaf,false,5,6,best-epoch,6,2,saliency,0.00799872489803524
minesweeper,BundleSheaf,false,5,6,best-epoch,0,2,cohens_d_train,0.021696309
minesweeper,BundleSheaf,false,5,6,best-epoch,1,2,cohens_d_train,0.0032306365
minesweeper,BundleSheaf,false,5,6,best-epoch,2,2,cohens_d_train,0.10436194
minesweeper,BundleSheaf,false,5,6,best-epoch,3,2,cohens_d_train,0.015361939
minesweeper,BundleSheaf,false,5,6,best-epoch,4,2,cohens_d_train,0.09626967
minesweeper,BundleSheaf,false,5,6,best-epoch,5,2,cohens_d_train,0.14002831
minesweeper,BundleSheaf,false,5,6,best-epoch,6,2,cohens_d_train,0.048995283
minesweeper,BundleSheaf,false,5,6,best-epoch,0,2,cohens_d_test,0.067530215
minesweeper,BundleSheaf,false,5,6,best-epoch,1,2,cohens_d_test,0.007153112
minesweeper,BundleSheaf,false,5,6,best-epoch,2,2,cohens_d_test,0.074572645
minesweeper,BundleSheaf,false,5,6,best-epoch,3,2,cohens_d_test,0.011285505
minesweeper,BundleSheaf,false,5,6,best-epoch,4,2,cohens_d_test,0.06686169
minesweeper,BundleSheaf,false,5,6,best-epoch,5,2,cohens_d_test,0.11561664
minesweeper,BundleSheaf,false,5,6,best-epoch,6,2,cohens_d_test,0.011571188
minesweeper,BundleSheaf,false,5,6,best-epoch,0,3,degree,-0.020211950325632843
minesweeper,BundleSheaf,false,5,6,best-epoch,1,3,degree,0.201914028539591
minesweeper,BundleSheaf,false,5,6,best-epoch,2,3,degree,0.2510069521500211
minesweeper,BundleSheaf,false,5,6,best-epoch,3,3,degree,0.3066246222976694
minesweeper,BundleSheaf,false,5,6,best-epoch,4,3,degree,0.3287319742401197
minesweeper,BundleSheaf,false,5,6,best-epoch,5,3,degree,0.3353120116283261
minesweeper,BundleSheaf,false,5,6,best-epoch,6,3,degree,0.13253555003887604
minesweeper,BundleSheaf,false,5,6,best-epoch,0,3,betweenness,0.018071387006335406
minesweeper,BundleSheaf,false,5,6,best-epoch,1,3,betweenness,0.09859022470811074
minesweeper,BundleSheaf,false,5,6,best-epoch,2,3,betweenness,0.11694041043926315
minesweeper,BundleSheaf,false,5,6,best-epoch,3,3,betweenness,0.14759684931705314
minesweeper,BundleSheaf,false,5,6,best-epoch,4,3,betweenness,0.1621640272145052
minesweeper,BundleSheaf,false,5,6,best-epoch,5,3,betweenness,0.17518119963484843
minesweeper,BundleSheaf,false,5,6,best-epoch,6,3,betweenness,0.11503779939851935
minesweeper,BundleSheaf,false,5,6,best-epoch,0,3,confidence,0.21620782889644197
minesweeper,BundleSheaf,false,5,6,best-epoch,1,3,confidence,0.17860323857364435
minesweeper,BundleSheaf,false,5,6,best-epoch,2,3,confidence,0.1744840185502155
minesweeper,BundleSheaf,false,5,6,best-epoch,3,3,confidence,0.13062292642002585
minesweeper,BundleSheaf,false,5,6,best-epoch,4,3,confidence,0.20661698821539023
minesweeper,BundleSheaf,false,5,6,best-epoch,5,3,confidence,0.22470913213155888
minesweeper,BundleSheaf,false,5,6,best-epoch,6,3,confidence,0.46604592478630713
minesweeper,BundleSheaf,false,5,6,best-epoch,0,3,saliency,-0.07702322337248653
minesweeper,BundleSheaf,false,5,6,best-epoch,1,3,saliency,-0.04629246929347187
minesweeper,BundleSheaf,false,5,6,best-epoch,2,3,saliency,-0.026581975129899498
minesweeper,BundleSheaf,false,5,6,best-epoch,3,3,saliency,-0.032692125579509713
minesweeper,BundleSheaf,false,5,6,best-epoch,4,3,saliency,-0.012823471328234711
minesweeper,BundleSheaf,false,5,6,best-epoch,5,3,saliency,-0.0074323336645686034
minesweeper,BundleSheaf,false,5,6,best-epoch,6,3,saliency,0.01272634215733978
minesweeper,BundleSheaf,false,5,6,best-epoch,0,3,cohens_d_train,0.16305171
minesweeper,BundleSheaf,false,5,6,best-epoch,1,3,cohens_d_train,0.026982935
minesweeper,BundleSheaf,false,5,6,best-epoch,2,3,cohens_d_train,0.045021936
minesweeper,BundleSheaf,false,5,6,best-epoch,3,3,cohens_d_train,0.08903968
minesweeper,BundleSheaf,false,5,6,best-epoch,4,3,cohens_d_train,0.0005311072
minesweeper,BundleSheaf,false,5,6,best-epoch,5,3,cohens_d_train,0.052482482
minesweeper,BundleSheaf,false,5,6,best-epoch,6,3,cohens_d_train,0.08759066
minesweeper,BundleSheaf,false,5,6,best-epoch,0,3,cohens_d_test,0.06903501
minesweeper,BundleSheaf,false,5,6,best-epoch,1,3,cohens_d_test,0.09236464
minesweeper,BundleSheaf,false,5,6,best-epoch,2,3,cohens_d_test,0.026563736
minesweeper,BundleSheaf,false,5,6,best-epoch,3,3,cohens_d_test,0.0010441528
minesweeper,BundleSheaf,false,5,6,best-epoch,4,3,cohens_d_test,0.10351921
minesweeper,BundleSheaf,false,5,6,best-epoch,5,3,cohens_d_test,0.18904027
minesweeper,BundleSheaf,false,5,6,best-epoch,6,3,cohens_d_test,0.1253462
minesweeper,BundleSheaf,false,5,6,best-epoch,0,4,degree,-0.0015702964856795145
minesweeper,BundleSheaf,false,5,6,best-epoch,1,4,degree,0.1860629981587161
minesweeper,BundleSheaf,false,5,6,best-epoch,2,4,degree,0.24289370521893913
minesweeper,BundleSheaf,false,5,6,best-epoch,3,4,degree,0.3087107598270174
minesweeper,BundleSheaf,false,5,6,best-epoch,4,4,degree,0.3321063784830039
minesweeper,BundleSheaf,false,5,6,best-epoch,5,4,degree,0.33455901558908463
minesweeper,BundleSheaf,false,5,6,best-epoch,6,4,degree,0.21692922756445962
minesweeper,BundleSheaf,false,5,6,best-epoch,0,4,betweenness,0.013350298061971643
minesweeper,BundleSheaf,false,5,6,best-epoch,1,4,betweenness,0.08528983754242254
minesweeper,BundleSheaf,false,5,6,best-epoch,2,4,betweenness,0.10685345637534298
minesweeper,BundleSheaf,false,5,6,best-epoch,3,4,betweenness,0.12522159564309962
minesweeper,BundleSheaf,false,5,6,best-epoch,4,4,betweenness,0.1484593481543834
minesweeper,BundleSheaf,false,5,6,best-epoch,5,4,betweenness,0.15787093932686638
minesweeper,BundleSheaf,false,5,6,best-epoch,6,4,betweenness,0.15469440606590532
minesweeper,BundleSheaf,false,5,6,best-epoch,0,4,confidence,0.12275943726841705
minesweeper,BundleSheaf,false,5,6,best-epoch,1,4,confidence,0.001654485400643516
minesweeper,BundleSheaf,false,5,6,best-epoch,2,4,confidence,-0.02746326420831561
minesweeper,BundleSheaf,false,5,6,best-epoch,3,4,confidence,-0.006769840382481783
minesweeper,BundleSheaf,false,5,6,best-epoch,4,4,confidence,-0.012367670980069117
minesweeper,BundleSheaf,false,5,6,best-epoch,5,4,confidence,0.05677581200464748
minesweeper,BundleSheaf,false,5,6,best-epoch,6,4,confidence,0.5323180766257574
minesweeper,BundleSheaf,false,5,6,best-epoch,0,4,saliency,-0.024287100405935066
minesweeper,BundleSheaf,false,5,6,best-epoch,1,4,saliency,0.01684078593894599
minesweeper,BundleSheaf,false,5,6,best-epoch,2,4,saliency,0.015963247761919815
minesweeper,BundleSheaf,false,5,6,best-epoch,3,4,saliency,0.02148837931714165
minesweeper,BundleSheaf,false,5,6,best-epoch,4,4,saliency,0.046286843521423884
minesweeper,BundleSheaf,false,5,6,best-epoch,5,4,saliency,0.05680596407874132
minesweeper,BundleSheaf,false,5,6,best-epoch,6,4,saliency,0.04068868323561923
minesweeper,BundleSheaf,false,5,6,best-epoch,0,4,cohens_d_train,0.114370756
minesweeper,BundleSheaf,false,5,6,best-epoch,1,4,cohens_d_train,0.094556786
minesweeper,BundleSheaf,false,5,6,best-epoch,2,4,cohens_d_train,0.088320106
minesweeper,BundleSheaf,false,5,6,best-epoch,3,4,cohens_d_train,0.037915442
minesweeper,BundleSheaf,false,5,6,best-epoch,4,4,cohens_d_train,0.063487634
minesweeper,BundleSheaf,false,5,6,best-epoch,5,4,cohens_d_train,0.08665776
minesweeper,BundleSheaf,false,5,6,best-epoch,6,4,cohens_d_train,0.09524991
minesweeper,BundleSheaf,false,5,6,best-epoch,0,4,cohens_d_test,0.051081795
minesweeper,BundleSheaf,false,5,6,best-epoch,1,4,cohens_d_test,0.08110598
minesweeper,BundleSheaf,false,5,6,best-epoch,2,4,cohens_d_test,0.08966521
minesweeper,BundleSheaf,false,5,6,best-epoch,3,4,cohens_d_test,0.025663568
minesweeper,BundleSheaf,false,5,6,best-epoch,4,4,cohens_d_test,0.060944777
minesweeper,BundleSheaf,false,5,6,best-epoch,5,4,cohens_d_test,0.10670187
minesweeper,BundleSheaf,false,5,6,best-epoch,6,4,cohens_d_test,0.06389268
minesweeper,BundleSheaf,false,5,6,best-epoch,0,5,degree,0.04075021041289917
minesweeper,BundleSheaf,false,5,6,best-epoch,1,5,degree,0.2217456873752631
minesweeper,BundleSheaf,false,5,6,best-epoch,2,5,degree,0.29023272100993025
minesweeper,BundleSheaf,false,5,6,best-epoch,3,5,degree,0.3160006908263944
minesweeper,BundleSheaf,false,5,6,best-epoch,4,5,degree,0.3303012877115623
minesweeper,BundleSheaf,false,5,6,best-epoch,5,5,degree,0.33412181743874353
minesweeper,BundleSheaf,false,5,6,best-epoch,6,5,degree,0.16608084913728202
minesweeper,BundleSheaf,false,5,6,best-epoch,0,5,betweenness,-0.005894733030177789
minesweeper,BundleSheaf,false,5,6,best-epoch,1,5,betweenness,0.10128071387680056
minesweeper,BundleSheaf,false,5,6,best-epoch,2,5,betweenness,0.11300061523241318
minesweeper,BundleSheaf,false,5,6,best-epoch,3,5,betweenness,0.1296960371835749
minesweeper,BundleSheaf,false,5,6,best-epoch,4,5,betweenness,0.14173216895612484
minesweeper,BundleSheaf,false,5,6,best-epoch,5,5,betweenness,0.13897777887319795
minesweeper,BundleSheaf,false,5,6,best-epoch,6,5,betweenness,0.08193190191002277
minesweeper,BundleSheaf,false,5,6,best-epoch,0,5,confidence,0.02017213309764415
minesweeper,BundleSheaf,false,5,6,best-epoch,1,5,confidence,0.2022328701378893
minesweeper,BundleSheaf,false,5,6,best-epoch,2,5,confidence,0.12392890699147734
minesweeper,BundleSheaf,false,5,6,best-epoch,3,5,confidence,0.16115296297531947
minesweeper,BundleSheaf,false,5,6,best-epoch,4,5,confidence,0.14259287511476487
minesweeper,BundleSheaf,false,5,6,best-epoch,5,5,confidence,0.16505270814239037
minesweeper,BundleSheaf,false,5,6,best-epoch,6,5,confidence,0.6302718604946735
minesweeper,BundleSheaf,false,5,6,best-epoch,0,5,saliency,0.03428962936383273
minesweeper,BundleSheaf,false,5,6,best-epoch,1,5,saliency,-0.012197326161693372
minesweeper,BundleSheaf,false,5,6,best-epoch,2,5,saliency,0.01653328615563046
minesweeper,BundleSheaf,false,5,6,best-epoch,3,5,saliency,0.021882978279486272
minesweeper,BundleSheaf,false,5,6,best-epoch,4,5,saliency,0.035729730220262
minesweeper,BundleSheaf,false,5,6,best-epoch,5,5,saliency,0.03392110797382166
minesweeper,BundleSheaf,false,5,6,best-epoch,6,5,saliency,0.06373759588414081
minesweeper,BundleSheaf,false,5,6,best-epoch,0,5,cohens_d_train,0.016895559
minesweeper,BundleSheaf,false,5,6,best-epoch,1,5,cohens_d_train,0.09848292
minesweeper,BundleSheaf,false,5,6,best-epoch,2,5,cohens_d_train,0.03729113
minesweeper,BundleSheaf,false,5,6,best-epoch,3,5,cohens_d_train,0.08880429
minesweeper,BundleSheaf,false,5,6,best-epoch,4,5,cohens_d_train,0.081300564
minesweeper,BundleSheaf,false,5,6,best-epoch,5,5,cohens_d_train,0.10808278
minesweeper,BundleSheaf,false,5,6,best-epoch,6,5,cohens_d_train,0.10990708
minesweeper,BundleSheaf,false,5,6,best-epoch,0,5,cohens_d_test,0.025381029
minesweeper,BundleSheaf,false,5,6,best-epoch,1,5,cohens_d_test,0.023901328
minesweeper,BundleSheaf,false,5,6,best-epoch,2,5,cohens_d_test,0.06093464
minesweeper,BundleSheaf,false,5,6,best-epoch,3,5,cohens_d_test,0.01673627
minesweeper,BundleSheaf,false,5,6,best-epoch,4,5,cohens_d_test,0.043010857
minesweeper,BundleSheaf,false,5,6,best-epoch,5,5,cohens_d_test,0.057802916
minesweeper,BundleSheaf,false,5,6,best-epoch,6,5,cohens_d_test,0.11404926
minesweeper,BundleSheaf,false,5,6,best-epoch,0,6,degree,0.013464165451596182
minesweeper,BundleSheaf,false,5,6,best-epoch,1,6,degree,0.2209340103300856
minesweeper,BundleSheaf,false,5,6,best-epoch,2,6,degree,0.27196186566738567
minesweeper,BundleSheaf,false,5,6,best-epoch,3,6,degree,0.30677942889442694
minesweeper,BundleSheaf,false,5,6,best-epoch,4,6,degree,0.32477550348075357
minesweeper,BundleSheaf,false,5,6,best-epoch,5,6,degree,0.32887516296099917
minesweeper,BundleSheaf,false,5,6,best-epoch,6,6,degree,0.33085545762898017
minesweeper,BundleSheaf,false,5,6,best-epoch,0,6,betweenness,0.0008126868252003826
minesweeper,BundleSheaf,false,5,6,best-epoch,1,6,betweenness,0.10625036892693888
minesweeper,BundleSheaf,false,5,6,best-epoch,2,6,betweenness,0.1317429157821719
minesweeper,BundleSheaf,false,5,6,best-epoch,3,6,betweenness,0.12942157713887498
minesweeper,BundleSheaf,false,5,6,best-epoch,4,6,betweenness,0.13252412318960238
minesweeper,BundleSheaf,false,5,6,best-epoch,5,6,betweenness,0.14978062392409705
minesweeper,BundleSheaf,false,5,6,best-epoch,6,6,betweenness,0.15015255262938149
minesweeper,BundleSheaf,false,5,6,best-epoch,0,6,confidence,0.30146578003033364
minesweeper,BundleSheaf,false,5,6,best-epoch,1,6,confidence,0.3481459174234266
minesweeper,BundleSheaf,false,5,6,best-epoch,2,6,confidence,0.3189635427480376
minesweeper,BundleSheaf,false,5,6,best-epoch,3,6,confidence,0.3150245243277271
minesweeper,BundleSheaf,false,5,6,best-epoch,4,6,confidence,0.3409466723360009
minesweeper,BundleSheaf,false,5,6,best-epoch,5,6,confidence,0.4022912785989703
minesweeper,BundleSheaf,false,5,6,best-epoch,6,6,confidence,0.3577845167646686
minesweeper,BundleSheaf,false,5,6,best-epoch,0,6,saliency,-0.013650461870578876
minesweeper,BundleSheaf,false,5,6,best-epoch,1,6,saliency,-0.07478557100105074
minesweeper,BundleSheaf,false,5,6,best-epoch,2,6,saliency,-0.07483682679481729
minesweeper,BundleSheaf,false,5,6,best-epoch,3,6,saliency,-0.028232448942493882
minesweeper,BundleSheaf,false,5,6,best-epoch,4,6,saliency,-0.03304153093301005
minesweeper,BundleSheaf,false,5,6,best-epoch,5,6,saliency,-0.037302930541476945
minesweeper,BundleSheaf,false,5,6,best-epoch,6,6,saliency,-0.02749176436116507
minesweeper,BundleSheaf,false,5,6,best-epoch,0,6,cohens_d_train,0.002414914
minesweeper,BundleSheaf,false,5,6,best-epoch,1,6,cohens_d_train,0.03616241
minesweeper,BundleSheaf,false,5,6,best-epoch,2,6,cohens_d_train,0.04413805
minesweeper,BundleSheaf,false,5,6,best-epoch,3,6,cohens_d_train,0.0646554
minesweeper,BundleSheaf,false,5,6,best-epoch,4,6,cohens_d_train,0.020193389
minesweeper,BundleSheaf,false,5,6,best-epoch,5,6,cohens_d_train,0.04698797
minesweeper,BundleSheaf,false,5,6,best-epoch,6,6,cohens_d_train,0.072359055
minesweeper,BundleSheaf,false,5,6,best-epoch,0,6,cohens_d_test,0.09128136
minesweeper,BundleSheaf,false,5,6,best-epoch,1,6,cohens_d_test,0.045607693
minesweeper,BundleSheaf,false,5,6,best-epoch,2,6,cohens_d_test,0.04712463
minesweeper,BundleSheaf,false,5,6,best-epoch,3,6,cohens_d_test,0.08799752
minesweeper,BundleSheaf,false,5,6,best-epoch,4,6,cohens_d_test,0.016215459
minesweeper,BundleSheaf,false,5,6,best-epoch,5,6,cohens_d_test,0.0052310266
minesweeper,BundleSheaf,false,5,6,best-epoch,6,6,cohens_d_test,0.041605733
minesweeper,BundleSheaf,false,5,6,best-epoch,0,7,degree,0.02092962809334812
minesweeper,BundleSheaf,false,5,6,best-epoch,1,7,degree,0.21188277241383996
minesweeper,BundleSheaf,false,5,6,best-epoch,2,7,degree,0.2696983312007013
minesweeper,BundleSheaf,false,5,6,best-epoch,3,7,degree,0.30555181031072404
minesweeper,BundleSheaf,false,5,6,best-epoch,4,7,degree,0.3234558031827092
minesweeper,BundleSheaf,false,5,6,best-epoch,5,7,degree,0.3328133273719409
minesweeper,BundleSheaf,false,5,6,best-epoch,6,7,degree,0.15691257147084572
minesweeper,BundleSheaf,false,5,6,best-epoch,0,7,betweenness,-0.0027551818031940653
minesweeper,BundleSheaf,false,5,6,best-epoch,1,7,betweenness,0.10428662182708984
minesweeper,BundleSheaf,false,5,6,best-epoch,2,7,betweenness,0.1087270749175111
minesweeper,BundleSheaf,false,5,6,best-epoch,3,7,betweenness,0.11366464437039737
minesweeper,BundleSheaf,false,5,6,best-epoch,4,7,betweenness,0.11359577752770643
minesweeper,BundleSheaf,false,5,6,best-epoch,5,7,betweenness,0.12968952836434225
minesweeper,BundleSheaf,false,5,6,best-epoch,6,7,betweenness,0.0714875753620927
minesweeper,BundleSheaf,false,5,6,best-epoch,0,7,confidence,-0.08561265178813683
minesweeper,BundleSheaf,false,5,6,best-epoch,1,7,confidence,0.0847715796418875
minesweeper,BundleSheaf,false,5,6,best-epoch,2,7,confidence,0.07977430590329701
minesweeper,BundleSheaf,false,5,6,best-epoch,3,7,confidence,0.1153870903663682
minesweeper,BundleSheaf,false,5,6,best-epoch,4,7,confidence,0.13364672456626056
minesweeper,BundleSheaf,false,5,6,best-epoch,5,7,confidence,0.2052303418415196
minesweeper,BundleSheaf,false,5,6,best-epoch,6,7,confidence,0.3012234942474215
minesweeper,BundleSheaf,false,5,6,best-epoch,0,7,saliency,0.003551387600700988
minesweeper,BundleSheaf,false,5,6,best-epoch,1,7,saliency,-0.07487807231812818
minesweeper,BundleSheaf,false,5,6,best-epoch,2,7,saliency,-0.04331590251754887
minesweeper,BundleSheaf,false,5,6,best-epoch,3,7,saliency,-0.03154407297953536
minesweeper,BundleSheaf,false,5,6,best-epoch,4,7,saliency,-0.010401152984042731
minesweeper,BundleSheaf,false,5,6,best-epoch,5,7,saliency,-0.012874267820897166
minesweeper,BundleSheaf,false,5,6,best-epoch,6,7,saliency,0.03716420064619946
minesweeper,BundleSheaf,false,5,6,best-epoch,0,7,cohens_d_train,0.38806105
minesweeper,BundleSheaf,false,5,6,best-epoch,1,7,cohens_d_train,0.30634624
minesweeper,BundleSheaf,false,5,6,best-epoch,2,7,cohens_d_train,0.43077624
minesweeper,BundleSheaf,false,5,6,best-epoch,3,7,cohens_d_train,0.46591464
minesweeper,BundleSheaf,false,5,6,best-epoch,4,7,cohens_d_train,0.5270289
minesweeper,BundleSheaf,false,5,6,best-epoch,5,7,cohens_d_train,0.4380183
minesweeper,BundleSheaf,false,5,6,best-epoch,6,7,cohens_d_train,0.3688719
minesweeper,BundleSheaf,false,5,6,best-epoch,0,7,cohens_d_test,0.40563604
minesweeper,BundleSheaf,false,5,6,best-epoch,1,7,cohens_d_test,0.39042076
minesweeper,BundleSheaf,false,5,6,best-epoch,2,7,cohens_d_test,0.5153173
minesweeper,BundleSheaf,false,5,6,best-epoch,3,7,cohens_d_test,0.5347163
minesweeper,BundleSheaf,false,5,6,best-epoch,4,7,cohens_d_test,0.59524393
minesweeper,BundleSheaf,false,5,6,best-epoch,5,7,cohens_d_test,0.51110727
minesweeper,BundleSheaf,false,5,6,best-epoch,6,7,cohens_d_test,0.40571925
minesweeper,BundleSheaf,false,5,6,best-epoch,0,8,degree,-0.0030598257639758903
minesweeper,BundleSheaf,false,5,6,best-epoch,1,8,degree,0.18096018499789962
minesweeper,BundleSheaf,false,5,6,best-epoch,2,8,degree,0.24923577150039422
minesweeper,BundleSheaf,false,5,6,best-epoch,3,8,degree,0.304275493581244
minesweeper,BundleSheaf,false,5,6,best-epoch,4,8,degree,0.33015129893343065
minesweeper,BundleSheaf,false,5,6,best-epoch,5,8,degree,0.32775822979452884
minesweeper,BundleSheaf,false,5,6,best-epoch,6,8,degree,0.337006157149993
minesweeper,BundleSheaf,false,5,6,best-epoch,0,8,betweenness,-0.018963415555196168
minesweeper,BundleSheaf,false,5,6,best-epoch,1,8,betweenness,0.08476861253665371
minesweeper,BundleSheaf,false,5,6,best-epoch,2,8,betweenness,0.09740199246040303
minesweeper,BundleSheaf,false,5,6,best-epoch,3,8,betweenness,0.1206857559888402
minesweeper,BundleSheaf,false,5,6,best-epoch,4,8,betweenness,0.13157663430050312
minesweeper,BundleSheaf,false,5,6,best-epoch,5,8,betweenness,0.18497920132611606
minesweeper,BundleSheaf,false,5,6,best-epoch,6,8,betweenness,0.17216739296748745
minesweeper,BundleSheaf,false,5,6,best-epoch,0,8,confidence,-0.04226933079377931
minesweeper,BundleSheaf,false,5,6,best-epoch,1,8,confidence,-0.07692350258123949
minesweeper,BundleSheaf,false,5,6,best-epoch,2,8,confidence,-0.06296082160663995
minesweeper,BundleSheaf,false,5,6,best-epoch,3,8,confidence,-0.045939977911165664
minesweeper,BundleSheaf,false,5,6,best-epoch,4,8,confidence,-0.04520079317936612
minesweeper,BundleSheaf,false,5,6,best-epoch,5,8,confidence,0.2511570434511847
minesweeper,BundleSheaf,false,5,6,best-epoch,6,8,confidence,0.11448069057169774
minesweeper,BundleSheaf,false,5,6,best-epoch,0,8,saliency,-0.05118800830138085
minesweeper,BundleSheaf,false,5,6,best-epoch,1,8,saliency,0.09534723685988875
minesweeper,BundleSheaf,false,5,6,best-epoch,2,8,saliency,0.14377362333632415
minesweeper,BundleSheaf,false,5,6,best-epoch,3,8,saliency,0.16364374951741936
minesweeper,BundleSheaf,false,5,6,best-epoch,4,8,saliency,0.1626209532616731
minesweeper,BundleSheaf,false,5,6,best-epoch,5,8,saliency,0.09890086267278884
minesweeper,BundleSheaf,false,5,6,best-epoch,6,8,saliency,0.14500558100040598
minesweeper,BundleSheaf,false,5,6,best-epoch,0,8,cohens_d_train,0.02823734
minesweeper,BundleSheaf,false,5,6,best-epoch,1,8,cohens_d_train,0.20973684
minesweeper,BundleSheaf,false,5,6,best-epoch,2,8,cohens_d_train,0.27338305
minesweeper,BundleSheaf,false,5,6,best-epoch,3,8,cohens_d_train,0.30589676
minesweeper,BundleSheaf,false,5,6,best-epoch,4,8,cohens_d_train,0.3825545
minesweeper,BundleSheaf,false,5,6,best-epoch,5,8,cohens_d_train,0.11557668
minesweeper,BundleSheaf,false,5,6,best-epoch,6,8,cohens_d_train,0.23105343
minesweeper,BundleSheaf,false,5,6,best-epoch,0,8,cohens_d_test,0.013937601
minesweeper,BundleSheaf,false,5,6,best-epoch,1,8,cohens_d_test,0.19128935
minesweeper,BundleSheaf,false,5,6,best-epoch,2,8,cohens_d_test,0.26877755
minesweeper,BundleSheaf,false,5,6,best-epoch,3,8,cohens_d_test,0.34626275
minesweeper,BundleSheaf,false,5,6,best-epoch,4,8,cohens_d_test,0.38640082
minesweeper,BundleSheaf,false,5,6,best-epoch,5,8,cohens_d_test,0.1604688
minesweeper,BundleSheaf,false,5,6,best-epoch,6,8,cohens_d_test,0.29117346
minesweeper,BundleSheaf,false,5,6,best-epoch,0,9,degree,-0.002000011761131625
minesweeper,BundleSheaf,false,5,6,best-epoch,1,9,degree,0.22034209977444602
minesweeper,BundleSheaf,false,5,6,best-epoch,2,9,degree,0.25012774963999945
minesweeper,BundleSheaf,false,5,6,best-epoch,3,9,degree,0.2992657382430736
minesweeper,BundleSheaf,false,5,6,best-epoch,4,9,degree,0.32486607051181515
minesweeper,BundleSheaf,false,5,6,best-epoch,5,9,degree,0.3326067539439761
minesweeper,BundleSheaf,false,5,6,best-epoch,6,9,degree,0.17620796109415712
minesweeper,BundleSheaf,false,5,6,best-epoch,0,9,betweenness,-0.014307479388535788
minesweeper,BundleSheaf,false,5,6,best-epoch,1,9,betweenness,0.10526712487034223
minesweeper,BundleSheaf,false,5,6,best-epoch,2,9,betweenness,0.1184328002042363
minesweeper,BundleSheaf,false,5,6,best-epoch,3,9,betweenness,0.14291402128742764
minesweeper,BundleSheaf,false,5,6,best-epoch,4,9,betweenness,0.17654536598033896
minesweeper,BundleSheaf,false,5,6,best-epoch,5,9,betweenness,0.20111440992898755
minesweeper,BundleSheaf,false,5,6,best-epoch,6,9,betweenness,0.13291356138792051
minesweeper,BundleSheaf,false,5,6,best-epoch,0,9,confidence,0.1677147090706807
minesweeper,BundleSheaf,false,5,6,best-epoch,1,9,confidence,0.019391301167041474
minesweeper,BundleSheaf,false,5,6,best-epoch,2,9,confidence,0.010171580254765222
minesweeper,BundleSheaf,false,5,6,best-epoch,3,9,confidence,0.05272824915653411
minesweeper,BundleSheaf,false,5,6,best-epoch,4,9,confidence,0.07796009422484738
minesweeper,BundleSheaf,false,5,6,best-epoch,5,9,confidence,0.12713911632790634
minesweeper,BundleSheaf,false,5,6,best-epoch,6,9,confidence,0.48372522025940184
minesweeper,BundleSheaf,false,5,6,best-epoch,0,9,saliency,-0.01098347051617712
minesweeper,BundleSheaf,false,5,6,best-epoch,1,9,saliency,-0.018518376677707168
minesweeper,BundleSheaf,false,5,6,best-epoch,2,9,saliency,-0.0029308099673168923
minesweeper,BundleSheaf,false,5,6,best-epoch,3,9,saliency,-0.019032800122328
minesweeper,BundleSheaf,false,5,6,best-epoch,4,9,saliency,-0.005207727538124145
minesweeper,BundleSheaf,false,5,6,best-epoch,5,9,saliency,-0.01115480681164846
minesweeper,BundleSheaf,false,5,6,best-epoch,6,9,saliency,0.009071789730772327
minesweeper,BundleSheaf,false,5,6,best-epoch,0,9,cohens_d_train,0.16269825
minesweeper,BundleSheaf,false,5,6,best-epoch,1,9,cohens_d_train,0.29042023
minesweeper,BundleSheaf,false,5,6,best-epoch,2,9,cohens_d_train,0.2670636
minesweeper,BundleSheaf,false,5,6,best-epoch,3,9,cohens_d_train,0.2184911
minesweeper,BundleSheaf,false,5,6,best-epoch,4,9,cohens_d_train,0.20890328
minesweeper,BundleSheaf,false,5,6,best-epoch,5,9,cohens_d_train,0.25586987
minesweeper,BundleSheaf,false,5,6,best-epoch,6,9,cohens_d_train,0.049438953
minesweeper,BundleSheaf,false,5,6,best-epoch,0,9,cohens_d_test,0.17674889
minesweeper,BundleSheaf,false,5,6,best-epoch,1,9,cohens_d_test,0.25619137
minesweeper,BundleSheaf,false,5,6,best-epoch,2,9,cohens_d_test,0.2406184
minesweeper,BundleSheaf,false,5,6,best-epoch,3,9,cohens_d_test,0.19024384
minesweeper,BundleSheaf,false,5,6,best-epoch,4,9,cohens_d_test,0.20734775
minesweeper,BundleSheaf,false,5,6,best-epoch,5,9,cohens_d_test,0.3005914
minesweeper,BundleSheaf,false,5,6,best-epoch,6,9,cohens_d_test,0.14353389
minesweeper,BundleSheaf,false,5,6,last,0,0,degree,0.007596372040601368
minesweeper,BundleSheaf,false,5,6,last,1,0,degree,0.19383768993656067
minesweeper,BundleSheaf,false,5,6,last,2,0,degree,0.25701807698457835
minesweeper,BundleSheaf,false,5,6,last,3,0,degree,0.3056085198711854
minesweeper,BundleSheaf,false,5,6,last,4,0,degree,0.323855928638784
minesweeper,BundleSheaf,false,5,6,last,5,0,degree,0.3333484020509353
minesweeper,BundleSheaf,false,5,6,last,6,0,degree,0.19682953368449216
minesweeper,BundleSheaf,false,5,6,last,0,0,betweenness,0.0060591930320716735
minesweeper,BundleSheaf,false,5,6,last,1,0,betweenness,0.0908803130932992
minesweeper,BundleSheaf,false,5,6,last,2,0,betweenness,0.11227113947875317
minesweeper,BundleSheaf,false,5,6,last,3,0,betweenness,0.12453034083703933
minesweeper,BundleSheaf,false,5,6,last,4,0,betweenness,0.13862484728965488
minesweeper,BundleSheaf,false,5,6,last,5,0,betweenness,0.15758705158554367
minesweeper,BundleSheaf,false,5,6,last,6,0,betweenness,0.12573748552541025
minesweeper,BundleSheaf,false,5,6,last,0,0,confidence,-0.012271777614568331
minesweeper,BundleSheaf,false,5,6,last,1,0,confidence,0.2796303224349926
minesweeper,BundleSheaf,false,5,6,last,2,0,confidence,0.3480945777335922
minesweeper,BundleSheaf,false,5,6,last,3,0,confidence,0.3240903493997206
minesweeper,BundleSheaf,false,5,6,last,4,0,confidence,0.370923557125431
minesweeper,BundleSheaf,false,5,6,last,5,0,confidence,0.4280827485634487
minesweeper,BundleSheaf,false,5,6,last,6,0,confidence,0.5938248543214499
minesweeper,BundleSheaf,false,5,6,last,0,0,saliency,0.05376344100853925
minesweeper,BundleSheaf,false,5,6,last,1,0,saliency,0.06550842107973807
minesweeper,BundleSheaf,false,5,6,last,2,0,saliency,0.06315459510811434
minesweeper,BundleSheaf,false,5,6,last,3,0,saliency,0.0836277502465284
minesweeper,BundleSheaf,false,5,6,last,4,0,saliency,0.08179110449089254
minesweeper,BundleSheaf,false,5,6,last,5,0,saliency,0.07275395946819437
minesweeper,BundleSheaf,false,5,6,last,6,0,saliency,0.0392783550936084
minesweeper,BundleSheaf,false,5,6,last,0,0,cohens_d_train,0.02217177
minesweeper,BundleSheaf,false,5,6,last,1,0,cohens_d_train,0.11262787
minesweeper,BundleSheaf,false,5,6,last,2,0,cohens_d_train,0.0744291
minesweeper,BundleSheaf,false,5,6,last,3,0,cohens_d_train,0.071111076
minesweeper,BundleSheaf,false,5,6,last,4,0,cohens_d_train,0.05423431
minesweeper,BundleSheaf,false,5,6,last,5,0,cohens_d_train,0.053544577
minesweeper,BundleSheaf,false,5,6,last,6,0,cohens_d_train,0.010898142
minesweeper,BundleSheaf,false,5,6,last,0,0,cohens_d_test,0.03444531
minesweeper,BundleSheaf,false,5,6,last,1,0,cohens_d_test,0.1528584
minesweeper,BundleSheaf,false,5,6,last,2,0,cohens_d_test,0.111278616
minesweeper,BundleSheaf,false,5,6,last,3,0,cohens_d_test,0.13645887
minesweeper,BundleSheaf,false,5,6,last,4,0,cohens_d_test,0.110799305
minesweeper,BundleSheaf,false,5,6,last,5,0,cohens_d_test,0.11471003
minesweeper,BundleSheaf,false,5,6,last,6,0,cohens_d_test,0.010001059
minesweeper,BundleSheaf,false,5,6,last,0,1,degree,-0.014932064311306949
minesweeper,BundleSheaf,false,5,6,last,1,1,degree,0.18107864182531894
minesweeper,BundleSheaf,false,5,6,last,2,1,degree,0.2544114764109871
minesweeper,BundleSheaf,false,5,6,last,3,1,degree,0.31745469896147965
minesweeper,BundleSheaf,false,5,6,last,4,1,degree,0.32847392654226565
minesweeper,BundleSheaf,false,5,6,last,5,1,degree,0.3319970536323169
minesweeper,BundleSheaf,false,5,6,last,6,1,degree,0.3355179029505935
minesweeper,BundleSheaf,false,5,6,last,0,1,betweenness,0.017038597258723847
minesweeper,BundleSheaf,false,5,6,last,1,1,betweenness,0.09616393195622783
minesweeper,BundleSheaf,false,5,6,last,2,1,betweenness,0.11165932838861303
minesweeper,BundleSheaf,false,5,6,last,3,1,betweenness,0.13713698036112956
minesweeper,BundleSheaf,false,5,6,last,4,1,betweenness,0.13482118185266093
minesweeper,BundleSheaf,false,5,6,last,5,1,betweenness,0.1546081614936475
minesweeper,BundleSheaf,false,5,6,last,6,1,betweenness,0.15754351209863407
minesweeper,BundleSheaf,false,5,6,last,0,1,confidence,0.004893859347729139
minesweeper,BundleSheaf,false,5,6,last,1,1,confidence,0.1752798931901343
minesweeper,BundleSheaf,false,5,6,last,2,1,confidence,0.22852187247707537
minesweeper,BundleSheaf,false,5,6,last,3,1,confidence,0.2743462758397449
minesweeper,BundleSheaf,false,5,6,last,4,1,confidence,0.28141545346122715
minesweeper,BundleSheaf,false,5,6,last,5,1,confidence,0.2860818577846668
minesweeper,BundleSheaf,false,5,6,last,6,1,confidence,0.2866386987537503
minesweeper,BundleSheaf,false,5,6,last,0,1,saliency,-0.11700656686291612
minesweeper,BundleSheaf,false,5,6,last,1,1,saliency,-0.05709261367708307
minesweeper,BundleSheaf,false,5,6,last,2,1,saliency,-0.030402099394294613
minesweeper,BundleSheaf,false,5,6,last,3,1,saliency,0.027686368243278976
minesweeper,BundleSheaf,false,5,6,last,4,1,saliency,0.03612677226748448
minesweeper,BundleSheaf,false,5,6,last,5,1,saliency,0.03891982369754852
minesweeper,BundleSheaf,false,5,6,last,6,1,saliency,0.0369540181177619
minesweeper,BundleSheaf,false,5,6,last,0,1,cohens_d_train,0.049869645
minesweeper,BundleSheaf,false,5,6,last,1,1,cohens_d_train,0.0029445915
minesweeper,BundleSheaf,false,5,6,last,2,1,cohens_d_train,0.08506562
minesweeper,BundleSheaf,false,5,6,last,3,1,cohens_d_train,0.17430522
minesweeper,BundleSheaf,false,5,6,last,4,1,cohens_d_train,0.16863771
minesweeper,BundleSheaf,false,5,6,last,5,1,cohens_d_train,0.19874349
minesweeper,BundleSheaf,false,5,6,last,6,1,cohens_d_train,0.18322131
minesweeper,BundleSheaf,false,5,6,last,0,1,cohens_d_test,0.03901536
minesweeper,BundleSheaf,false,5,6,last,1,1,cohens_d_test,0.13095109
minesweeper,BundleSheaf,false,5,6,last,2,1,cohens_d_test,0.25471967
minesweeper,BundleSheaf,false,5,6,last,3,1,cohens_d_test,0.31535915
minesweeper,BundleSheaf,false,5,6,last,4,1,cohens_d_test,0.2903434
minesweeper,BundleSheaf,false,5,6,last,5,1,cohens_d_test,0.3378515
minesweeper,BundleSheaf,false,5,6,last,6,1,cohens_d_test,0.3404067
minesweeper,BundleSheaf,false,5,6,last,0,2,degree,0.005570306264017538
minesweeper,BundleSheaf,false,5,6,last,1,2,degree,0.19631857965543387
minesweeper,BundleSheaf,false,5,6,last,2,2,degree,0.2628412702502462
minesweeper,BundleSheaf,false,5,6,last,3,2,degree,0.3144107120220412
minesweeper,BundleSheaf,false,5,6,last,4,2,degree,0.3293451268032533
minesweeper,BundleSheaf,false,5,6,last,5,2,degree,0.3341025915345893
minesweeper,BundleSheaf,false,5,6,last,6,2,degree,0.14894324586417187
minesweeper,BundleSheaf,false,5,6,last,0,2,betweenness,-0.020095419716387813
minesweeper,BundleSheaf,false,5,6,last,1,2,betweenness,0.09458616972475313
minesweeper,BundleSheaf,false,5,6,last,2,2,betweenness,0.11220209611572364
minesweeper,BundleSheaf,false,5,6,last,3,2,betweenness,0.1290869538062912
minesweeper,BundleSheaf,false,5,6,last,4,2,betweenness,0.1406539741271813
minesweeper,BundleSheaf,false,5,6,last,5,2,betweenness,0.15500981863967855
minesweeper,BundleSheaf,false,5,6,last,6,2,betweenness,0.07534303574391668
minesweeper,BundleSheaf,false,5,6,last,0,2,confidence,-0.21255877529924505
minesweeper,BundleSheaf,false,5,6,last,1,2,confidence,0.2594257142807901
minesweeper,BundleSheaf,false,5,6,last,2,2,confidence,0.31384958454851475
minesweeper,BundleSheaf,false,5,6,last,3,2,confidence,0.34367852526229203
minesweeper,BundleSheaf,false,5,6,last,4,2,confidence,0.3286584911803938
minesweeper,BundleSheaf,false,5,6,last,5,2,confidence,0.32507195959481633
minesweeper,BundleSheaf,false,5,6,last,6,2,confidence,0.5923788122648512
minesweeper,BundleSheaf,false,5,6,last,0,2,saliency,0.013612322918994767
minesweeper,BundleSheaf,false,5,6,last,1,2,saliency,-0.010886459584427747
minesweeper,BundleSheaf,false,5,6,last,2,2,saliency,0.004366966537682765
minesweeper,BundleSheaf,false,5,6,last,3,2,saliency,0.022964993869925517
minesweeper,BundleSheaf,false,5,6,last,4,2,saliency,0.03218846493398121
minesweeper,BundleSheaf,false,5,6,last,5,2,saliency,0.02568333092898741
minesweeper,BundleSheaf,false,5,6,last,6,2,saliency,0.026888841052969074
minesweeper,BundleSheaf,false,5,6,last,0,2,cohens_d_train,0.27038696
minesweeper,BundleSheaf,false,5,6,last,1,2,cohens_d_train,0.2355344
minesweeper,BundleSheaf,false,5,6,last,2,2,cohens_d_train,0.05825218
minesweeper,BundleSheaf,false,5,6,last,3,2,cohens_d_train,0.05803049
minesweeper,BundleSheaf,false,5,6,last,4,2,cohens_d_train,0.12629022
minesweeper,BundleSheaf,false,5,6,last,5,2,cohens_d_train,0.09855582
minesweeper,BundleSheaf,false,5,6,last,6,2,cohens_d_train,0.008510419
minesweeper,BundleSheaf,false,5,6,last,0,2,cohens_d_test,0.30521774
minesweeper,BundleSheaf,false,5,6,last,1,2,cohens_d_test,0.21610992
minesweeper,BundleSheaf,false,5,6,last,2,2,cohens_d_test,0.05519576
minesweeper,BundleSheaf,false,5,6,last,3,2,cohens_d_test,0.009225775
minesweeper,BundleSheaf,false,5,6,last,4,2,cohens_d_test,0.081085466
minesweeper,BundleSheaf,false,5,6,last,5,2,cohens_d_test,0.06490679
minesweeper,BundleSheaf,false,5,6,last,6,2,cohens_d_test,0.0027362718
minesweeper,BundleSheaf,false,5,6,last,0,3,degree,-0.020211950325632843
minesweeper,BundleSheaf,false,5,6,last,1,3,degree,0.20267928964419782
minesweeper,BundleSheaf,false,5,6,last,2,3,degree,0.25097526778980767
minesweeper,BundleSheaf,false,5,6,last,3,3,degree,0.30821812848211566
minesweeper,BundleSheaf,false,5,6,last,4,3,degree,0.3281134474146415
minesweeper,BundleSheaf,false,5,6,last,5,3,degree,0.33471342050173486
minesweeper,BundleSheaf,false,5,6,last,6,3,degree,0.12231744633802522
minesweeper,BundleSheaf,false,5,6,last,0,3,betweenness,0.018071387006335406
minesweeper,BundleSheaf,false,5,6,last,1,3,betweenness,0.09970327903315589
minesweeper,BundleSheaf,false,5,6,last,2,3,betweenness,0.11730170629959183
minesweeper,BundleSheaf,false,5,6,last,3,3,betweenness,0.14919257637240155
minesweeper,BundleSheaf,false,5,6,last,4,3,betweenness,0.16176649907797389
minesweeper,BundleSheaf,false,5,6,last,5,3,betweenness,0.16624738182195498
minesweeper,BundleSheaf,false,5,6,last,6,3,betweenness,0.10137247418137417
minesweeper,BundleSheaf,false,5,6,last,0,3,confidence,-0.05601940773576965
minesweeper,BundleSheaf,false,5,6,last,1,3,confidence,-0.026154702702671322
minesweeper,BundleSheaf,false,5,6,last,2,3,confidence,-0.08390030651499526
minesweeper,BundleSheaf,false,5,6,last,3,3,confidence,-0.0436788618588157
minesweeper,BundleSheaf,false,5,6,last,4,3,confidence,0.06170822003193039
minesweeper,BundleSheaf,false,5,6,last,5,3,confidence,0.10896272231435883
minesweeper,BundleSheaf,false,5,6,last,6,3,confidence,0.29405071547432027
minesweeper,BundleSheaf,false,5,6,last,0,3,saliency,-0.033130443403041485
minesweeper,BundleSheaf,false,5,6,last,1,3,saliency,-0.0248810683816776
minesweeper,BundleSheaf,false,5,6,last,2,3,saliency,-0.023795387410310804
minesweeper,BundleSheaf,false,5,6,last,3,3,saliency,-0.00730524189109625
minesweeper,BundleSheaf,false,5,6,last,4,3,saliency,-0.003969215799751696
minesweeper,BundleSheaf,false,5,6,last,5,3,saliency,-0.00812916173746233
minesweeper,BundleSheaf,false,5,6,last,6,3,saliency,0.02792793544561449
minesweeper,BundleSheaf,false,5,6,last,0,3,cohens_d_train,0.04335656
minesweeper,BundleSheaf,false,5,6,last,1,3,cohens_d_train,0.12063951
minesweeper,BundleSheaf,false,5,6,last,2,3,cohens_d_train,0.17317846
minesweeper,BundleSheaf,false,5,6,last,3,3,cohens_d_train,0.09647581
minesweeper,BundleSheaf,false,5,6,last,4,3,cohens_d_train,0.1639343
minesweeper,BundleSheaf,false,5,6,last,5,3,cohens_d_train,0.17060113
minesweeper,BundleSheaf,false,5,6,last,6,3,cohens_d_train,0.16039643
minesweeper,BundleSheaf,false,5,6,last,0,3,cohens_d_test,0.10090695
minesweeper,BundleSheaf,false,5,6,last,1,3,cohens_d_test,0.22104777
minesweeper,BundleSheaf,false,5,6,last,2,3,cohens_d_test,0.27150774
minesweeper,BundleSheaf,false,5,6,last,3,3,cohens_d_test,0.21962123
minesweeper,BundleSheaf,false,5,6,last,4,3,cohens_d_test,0.2786516
minesweeper,BundleSheaf,false,5,6,last,5,3,cohens_d_test,0.27783966
minesweeper,BundleSheaf,false,5,6,last,6,3,cohens_d_test,0.2752286
minesweeper,BundleSheaf,false,5,6,last,0,4,degree,-0.0015702964856795145
minesweeper,BundleSheaf,false,5,6,last,1,4,degree,0.1879048413562933
minesweeper,BundleSheaf,false,5,6,last,2,4,degree,0.24196429585195325
minesweeper,BundleSheaf,false,5,6,last,3,4,degree,0.3077426938152882
minesweeper,BundleSheaf,false,5,6,last,4,4,degree,0.332030986776789
minesweeper,BundleSheaf,false,5,6,last,5,4,degree,0.33506677451035616
minesweeper,BundleSheaf,false,5,6,last,6,4,degree,0.19847000656598082
minesweeper,BundleSheaf,false,5,6,last,0,4,betweenness,0.013350298061971643
minesweeper,BundleSheaf,false,5,6,last,1,4,betweenness,0.08596311157723047
minesweeper,BundleSheaf,false,5,6,last,2,4,betweenness,0.10629761642280289
minesweeper,BundleSheaf,false,5,6,last,3,4,betweenness,0.12634896035079626
minesweeper,BundleSheaf,false,5,6,last,4,4,betweenness,0.14984000938669337
minesweeper,BundleSheaf,false,5,6,last,5,4,betweenness,0.1587595746813111
minesweeper,BundleSheaf,false,5,6,last,6,4,betweenness,0.14920684860478278
minesweeper,BundleSheaf,false,5,6,last,0,4,confidence,0.08419877731238642
minesweeper,BundleSheaf,false,5,6,last,1,4,confidence,0.2269531187192503
minesweeper,BundleSheaf,false,5,6,last,2,4,confidence,0.24254007404361608
minesweeper,BundleSheaf,false,5,6,last,3,4,confidence,0.2953803655449377
minesweeper,BundleSheaf,false,5,6,last,4,4,confidence,0.34705849386019894
minesweeper,BundleSheaf,false,5,6,last,5,4,confidence,0.4019214630789038
minesweeper,BundleSheaf,false,5,6,last,6,4,confidence,0.7369959782027322
minesweeper,BundleSheaf,false,5,6,last,0,4,saliency,-0.019340939815521048
minesweeper,BundleSheaf,false,5,6,last,1,4,saliency,0.04788461872832217
minesweeper,BundleSheaf,false,5,6,last,2,4,saliency,0.05179212890638742
minesweeper,BundleSheaf,false,5,6,last,3,4,saliency,0.06508224579379869
minesweeper,BundleSheaf,false,5,6,last,4,4,saliency,0.08322734761752187
minesweeper,BundleSheaf,false,5,6,last,5,4,saliency,0.09218526322068231
minesweeper,BundleSheaf,false,5,6,last,6,4,saliency,0.07217640423906321
minesweeper,BundleSheaf,false,5,6,last,0,4,cohens_d_train,0.033329878
minesweeper,BundleSheaf,false,5,6,last,1,4,cohens_d_train,0.16438854
minesweeper,BundleSheaf,false,5,6,last,2,4,cohens_d_train,0.14270197
minesweeper,BundleSheaf,false,5,6,last,3,4,cohens_d_train,0.08784635
minesweeper,BundleSheaf,false,5,6,last,4,4,cohens_d_train,0.08392636
minesweeper,BundleSheaf,false,5,6,last,5,4,cohens_d_train,0.090878464
minesweeper,BundleSheaf,false,5,6,last,6,4,cohens_d_train,0.006520141
minesweeper,BundleSheaf,false,5,6,last,0,4,cohens_d_test,0.035689324
minesweeper,BundleSheaf,false,5,6,last,1,4,cohens_d_test,0.104348935
minesweeper,BundleSheaf,false,5,6,last,2,4,cohens_d_test,0.111269444
minesweeper,BundleSheaf,false,5,6,last,3,4,cohens_d_test,0.052537892
minesweeper,BundleSheaf,false,5,6,last,4,4,cohens_d_test,0.08915934
minesweeper,BundleSheaf,false,5,6,last,5,4,cohens_d_test,0.12722746
minesweeper,BundleSheaf,false,5,6,last,6,4,cohens_d_test,0.06963098
minesweeper,BundleSheaf,false,5,6,last,0,5,degree,0.04075021041289917
minesweeper,BundleSheaf,false,5,6,last,1,5,degree,0.2215171532814371
minesweeper,BundleSheaf,false,5,6,last,2,5,degree,0.2902672630284522
minesweeper,BundleSheaf,false,5,6,last,3,5,degree,0.31607402217674857
minesweeper,BundleSheaf,false,5,6,last,4,5,degree,0.33042635167890355
minesweeper,BundleSheaf,false,5,6,last,5,5,degree,0.334175837202547
minesweeper,BundleSheaf,false,5,6,last,6,5,degree,0.1325049590547388
minesweeper,BundleSheaf,false,5,6,last,0,5,betweenness,-0.005894733030177789
minesweeper,BundleSheaf,false,5,6,last,1,5,betweenness,0.10117827567975725
minesweeper,BundleSheaf,false,5,6,last,2,5,betweenness,0.11286392254104093
minesweeper,BundleSheaf,false,5,6,last,3,5,betweenness,0.13038447240053858
minesweeper,BundleSheaf,false,5,6,last,4,5,betweenness,0.14221432039168957
minesweeper,BundleSheaf,false,5,6,last,5,5,betweenness,0.13930865857851962
minesweeper,BundleSheaf,false,5,6,last,6,5,betweenness,0.07288004448008005
minesweeper,BundleSheaf,false,5,6,last,0,5,confidence,0.12903490323457115
minesweeper,BundleSheaf,false,5,6,last,1,5,confidence,0.3380704467710334
minesweeper,BundleSheaf,false,5,6,last,2,5,confidence,0.33346041943666027
minesweeper,BundleSheaf,false,5,6,last,3,5,confidence,0.3837752123908212
minesweeper,BundleSheaf,false,5,6,last,4,5,confidence,0.41169122782692025
minesweeper,BundleSheaf,false,5,6,last,5,5,confidence,0.42474389199714974
minesweeper,BundleSheaf,false,5,6,last,6,5,confidence,0.8528901554530204
minesweeper,BundleSheaf,false,5,6,last,0,5,saliency,0.17077973734302154
minesweeper,BundleSheaf,false,5,6,last,1,5,saliency,-0.026496141418027336
minesweeper,BundleSheaf,false,5,6,last,2,5,saliency,0.02827726602711199
minesweeper,BundleSheaf,false,5,6,last,3,5,saliency,-0.006804398258105223
minesweeper,BundleSheaf,false,5,6,last,4,5,saliency,0.015701645569204874
minesweeper,BundleSheaf,false,5,6,last,5,5,saliency,0.020652071990768545
minesweeper,BundleSheaf,false,5,6,last,6,5,saliency,0.09115569349919772
minesweeper,BundleSheaf,false,5,6,last,0,5,cohens_d_train,0.0041599725
minesweeper,BundleSheaf,false,5,6,last,1,5,cohens_d_train,0.012096146
minesweeper,BundleSheaf,false,5,6,last,2,5,cohens_d_train,0.1221899
minesweeper,BundleSheaf,false,5,6,last,3,5,cohens_d_train,0.0687115
minesweeper,BundleSheaf,false,5,6,last,4,5,cohens_d_train,0.06746681
minesweeper,BundleSheaf,false,5,6,last,5,5,cohens_d_train,0.061316185
minesweeper,BundleSheaf,false,5,6,last,6,5,cohens_d_train,0.09640923
minesweeper,BundleSheaf,false,5,6,last,0,5,cohens_d_test,0.045810714
minesweeper,BundleSheaf,false,5,6,last,1,5,cohens_d_test,0.018566385
minesweeper,BundleSheaf,false,5,6,last,2,5,cohens_d_test,0.15005916
minesweeper,BundleSheaf,false,5,6,last,3,5,cohens_d_test,0.078747176
minesweeper,BundleSheaf,false,5,6,last,4,5,cohens_d_test,0.06579644
minesweeper,BundleSheaf,false,5,6,last,5,5,cohens_d_test,0.07613574
minesweeper,BundleSheaf,false,5,6,last,6,5,cohens_d_test,0.0042423457
minesweeper,BundleSheaf,false,5,6,last,0,6,degree,0.013464165451596182
minesweeper,BundleSheaf,false,5,6,last,1,6,degree,0.21949808970479817
minesweeper,BundleSheaf,false,5,6,last,2,6,degree,0.27192883992229766
minesweeper,BundleSheaf,false,5,6,last,3,6,degree,0.3067872414358898
minesweeper,BundleSheaf,false,5,6,last,4,6,degree,0.3247761996406708
minesweeper,BundleSheaf,false,5,6,last,5,6,degree,0.3289160153131338
minesweeper,BundleSheaf,false,5,6,last,6,6,degree,0.3307441640836395
minesweeper,BundleSheaf,false,5,6,last,0,6,betweenness,0.0008126868252003826
minesweeper,BundleSheaf,false,5,6,last,1,6,betweenness,0.10573421885123946
minesweeper,BundleSheaf,false,5,6,last,2,6,betweenness,0.1317481839374343
minesweeper,BundleSheaf,false,5,6,last,3,6,betweenness,0.1294270006349294
minesweeper,BundleSheaf,false,5,6,last,4,6,betweenness,0.1326414192655872
minesweeper,BundleSheaf,false,5,6,last,5,6,betweenness,0.15068822350275907
minesweeper,BundleSheaf,false,5,6,last,6,6,betweenness,0.15081253344800702
minesweeper,BundleSheaf,false,5,6,last,0,6,confidence,0.22543503020485187
minesweeper,BundleSheaf,false,5,6,last,1,6,confidence,0.6830096315206496
minesweeper,BundleSheaf,false,5,6,last,2,6,confidence,0.6997480255181027
minesweeper,BundleSheaf,false,5,6,last,3,6,confidence,0.7406815079344506
minesweeper,BundleSheaf,false,5,6,last,4,6,confidence,0.7278937522351266
minesweeper,BundleSheaf,false,5,6,last,5,6,confidence,0.9145383669454191
minesweeper,BundleSheaf,false,5,6,last,6,6,confidence,0.9398315216688562
minesweeper,BundleSheaf,false,5,6,last,0,6,saliency,0.006395829021875172
minesweeper,BundleSheaf,false,5,6,last,1,6,saliency,-0.015015313782645631
minesweeper,BundleSheaf,false,5,6,last,2,6,saliency,-0.013366773097707832
minesweeper,BundleSheaf,false,5,6,last,3,6,saliency,0.022073006788928724
minesweeper,BundleSheaf,false,5,6,last,4,6,saliency,0.011202882856163261
minesweeper,BundleSheaf,false,5,6,last,5,6,saliency,0.02830946062343432
minesweeper,BundleSheaf,false,5,6,last,6,6,saliency,0.03707794958322443
minesweeper,BundleSheaf,false,5,6,last,0,6,cohens_d_train,0.059439935
minesweeper,BundleSheaf,false,5,6,last,1,6,cohens_d_train,0.028131658
minesweeper,BundleSheaf,false,5,6,last,2,6,cohens_d_train,0.04086223
minesweeper,BundleSheaf,false,5,6,last,3,6,cohens_d_train,0.10739663
minesweeper,BundleSheaf,false,5,6,last,4,6,cohens_d_train,0.07403727
minesweeper,BundleSheaf,false,5,6,last,5,6,cohens_d_train,0.11534342
minesweeper,BundleSheaf,false,5,6,last,6,6,cohens_d_train,0.13484643
minesweeper,BundleSheaf,false,5,6,last,0,6,cohens_d_test,0.025942111
minesweeper,BundleSheaf,false,5,6,last,1,6,cohens_d_test,0.06140368
minesweeper,BundleSheaf,false,5,6,last,2,6,cohens_d_test,0.080873944
minesweeper,BundleSheaf,false,5,6,last,3,6,cohens_d_test,0.13733819
minesweeper,BundleSheaf,false,5,6,last,4,6,cohens_d_test,0.048207372
minesweeper,BundleSheaf,false,5,6,last,5,6,cohens_d_test,0.1028348
minesweeper,BundleSheaf,false,5,6,last,6,6,cohens_d_test,0.12665038
minesweeper,BundleSheaf,false,5,6,last,0,7,degree,0.02092962809334812
minesweeper,BundleSheaf,false,5,6,last,1,7,degree,0.2139502897384994
minesweeper,BundleSheaf,false,5,6,last,2,7,degree,0.2660740995680977
minesweeper,BundleSheaf,false,5,6,last,3,7,degree,0.30582650016045937
minesweeper,BundleSheaf,false,5,6,last,4,7,degree,0.3224277648516132
minesweeper,BundleSheaf,false,5,6,last,5,7,degree,0.33130160933920894
minesweeper,BundleSheaf,false,5,6,last,6,7,degree,0.14844235989844212
minesweeper,BundleSheaf,false,5,6,last,0,7,betweenness,-0.0027551818031940653
minesweeper,BundleSheaf,false,5,6,last,1,7,betweenness,0.10520327942579483
minesweeper,BundleSheaf,false,5,6,last,2,7,betweenness,0.10895385963178782
minesweeper,BundleSheaf,false,5,6,last,3,7,betweenness,0.12199337889632555
minesweeper,BundleSheaf,false,5,6,last,4,7,betweenness,0.12201745371620111
minesweeper,BundleSheaf,false,5,6,last,5,7,betweenness,0.13352579470526663
minesweeper,BundleSheaf,false,5,6,last,6,7,betweenness,0.06270158948327316
minesweeper,BundleSheaf,false,5,6,last,0,7,confidence,0.009015590665547451
minesweeper,BundleSheaf,false,5,6,last,1,7,confidence,0.3453355311283768
minesweeper,BundleSheaf,false,5,6,last,2,7,confidence,0.39182135692746584
minesweeper,BundleSheaf,false,5,6,last,3,7,confidence,0.42039515837213437
minesweeper,BundleSheaf,false,5,6,last,4,7,confidence,0.45824912033502796
minesweeper,BundleSheaf,false,5,6,last,5,7,confidence,0.5582316671892268
minesweeper,BundleSheaf,false,5,6,last,6,7,confidence,0.7043761579376662
minesweeper,BundleSheaf,false,5,6,last,0,7,saliency,0.04040965724876882
minesweeper,BundleSheaf,false,5,6,last,1,7,saliency,-0.05102122838451289
minesweeper,BundleSheaf,false,5,6,last,2,7,saliency,0.010381851877911956
minesweeper,BundleSheaf,false,5,6,last,3,7,saliency,0.024004988784193916
minesweeper,BundleSheaf,false,5,6,last,4,7,saliency,0.047894172323085404
minesweeper,BundleSheaf,false,5,6,last,5,7,saliency,0.05525756582540452
minesweeper,BundleSheaf,false,5,6,last,6,7,saliency,0.09846603225725112
minesweeper,BundleSheaf,false,5,6,last,0,7,cohens_d_train,0.0015036094
minesweeper,BundleSheaf,false,5,6,last,1,7,cohens_d_train,0.015975583
minesweeper,BundleSheaf,false,5,6,last,2,7,cohens_d_train,0.15326044
minesweeper,BundleSheaf,false,5,6,last,3,7,cohens_d_train,0.115877025
minesweeper,BundleSheaf,false,5,6,last,4,7,cohens_d_train,0.15712549
minesweeper,BundleSheaf,false,5,6,last,5,7,cohens_d_train,0.05186976
minesweeper,BundleSheaf,false,5,6,last,6,7,cohens_d_train,0.14515677
minesweeper,BundleSheaf,false,5,6,last,0,7,cohens_d_test,0.009317451
minesweeper,BundleSheaf,false,5,6,last,1,7,cohens_d_test,0.12530777
minesweeper,BundleSheaf,false,5,6,last,2,7,cohens_d_test,0.25650173
minesweeper,BundleSheaf,false,5,6,last,3,7,cohens_d_test,0.17718413
minesweeper,BundleSheaf,false,5,6,last,4,7,cohens_d_test,0.22175008
minesweeper,BundleSheaf,false,5,6,last,5,7,cohens_d_test,0.12833734
minesweeper,BundleSheaf,false,5,6,last,6,7,cohens_d_test,0.030962024
minesweeper,BundleSheaf,false,5,6,last,0,8,degree,-0.0030598257639758903
minesweeper,BundleSheaf,false,5,6,last,1,8,degree,0.1805699332983474
minesweeper,BundleSheaf,false,5,6,last,2,8,degree,0.24926489097237173
minesweeper,BundleSheaf,false,5,6,last,3,8,degree,0.3042677698213999
minesweeper,BundleSheaf,false,5,6,last,4,8,degree,0.33010628804609077
minesweeper,BundleSheaf,false,5,6,last,5,8,degree,0.32758367644577024
minesweeper,BundleSheaf,false,5,6,last,6,8,degree,0.33698538288796803
minesweeper,BundleSheaf,false,5,6,last,0,8,betweenness,-0.018963415555196168
minesweeper,BundleSheaf,false,5,6,last,1,8,betweenness,0.08463837715869652
minesweeper,BundleSheaf,false,5,6,last,2,8,betweenness,0.09739905153608128
minesweeper,BundleSheaf,false,5,6,last,3,8,betweenness,0.12068878570195678
minesweeper,BundleSheaf,false,5,6,last,4,8,betweenness,0.13172935493201174
minesweeper,BundleSheaf,false,5,6,last,5,8,betweenness,0.184934157614554
minesweeper,BundleSheaf,false,5,6,last,6,8,betweenness,0.17204273118616922
minesweeper,BundleSheaf,false,5,6,last,0,8,confidence,0.04027137323756797
minesweeper,BundleSheaf,false,5,6,last,1,8,confidence,0.28801285355082956
minesweeper,BundleSheaf,false,5,6,last,2,8,confidence,0.34654205635144014
minesweeper,BundleSheaf,false,5,6,last,3,8,confidence,0.4018904395761698
minesweeper,BundleSheaf,false,5,6,last,4,8,confidence,0.49400477896132744
minesweeper,BundleSheaf,false,5,6,last,5,8,confidence,0.7284611223430103
minesweeper,BundleSheaf,false,5,6,last,6,8,confidence,0.6926144613173213
minesweeper,BundleSheaf,false,5,6,last,0,8,saliency,-0.05850249557597681
minesweeper,BundleSheaf,false,5,6,last,1,8,saliency,0.10846918933368105
minesweeper,BundleSheaf,false,5,6,last,2,8,saliency,0.16403833604835183
minesweeper,BundleSheaf,false,5,6,last,3,8,saliency,0.18452616731347599
minesweeper,BundleSheaf,false,5,6,last,4,8,saliency,0.19810952965125558
minesweeper,BundleSheaf,false,5,6,last,5,8,saliency,0.12515201807264653
minesweeper,BundleSheaf,false,5,6,last,6,8,saliency,0.18008083222550955
minesweeper,BundleSheaf,false,5,6,last,0,8,cohens_d_train,0.03374926
minesweeper,BundleSheaf,false,5,6,last,1,8,cohens_d_train,0.20684429
minesweeper,BundleSheaf,false,5,6,last,2,8,cohens_d_train,0.28900984
minesweeper,BundleSheaf,false,5,6,last,3,8,cohens_d_train,0.32557324
minesweeper,BundleSheaf,false,5,6,last,4,8,cohens_d_train,0.39316988
minesweeper,BundleSheaf,false,5,6,last,5,8,cohens_d_train,0.13508137
minesweeper,BundleSheaf,false,5,6,last,6,8,cohens_d_train,0.24895854
minesweeper,BundleSheaf,false,5,6,last,0,8,cohens_d_test,0.06375849
minesweeper,BundleSheaf,false,5,6,last,1,8,cohens_d_test,0.20872903
minesweeper,BundleSheaf,false,5,6,last,2,8,cohens_d_test,0.27613553
minesweeper,BundleSheaf,false,5,6,last,3,8,cohens_d_test,0.34814307
minesweeper,BundleSheaf,false,5,6,last,4,8,cohens_d_test,0.39471102
minesweeper,BundleSheaf,false,5,6,last,5,8,cohens_d_test,0.16579959
minesweeper,BundleSheaf,false,5,6,last,6,8,cohens_d_test,0.29224417
minesweeper,BundleSheaf,false,5,6,last,0,9,degree,-0.002000011761131625
minesweeper,BundleSheaf,false,5,6,last,1,9,degree,0.21884633231662112
minesweeper,BundleSheaf,false,5,6,last,2,9,degree,0.2516464152361762
minesweeper,BundleSheaf,false,5,6,last,3,9,degree,0.29782700881547775
minesweeper,BundleSheaf,false,5,6,last,4,9,degree,0.32619258876623564
minesweeper,BundleSheaf,false,5,6,last,5,9,degree,0.33303780961994434
minesweeper,BundleSheaf,false,5,6,last,6,9,degree,0.15258818184094947
minesweeper,BundleSheaf,false,5,6,last,0,9,betweenness,-0.014307479388535788
minesweeper,BundleSheaf,false,5,6,last,1,9,betweenness,0.10495615604930068
minesweeper,BundleSheaf,false,5,6,last,2,9,betweenness,0.11868180012980264
minesweeper,BundleSheaf,false,5,6,last,3,9,betweenness,0.14364469700048008
minesweeper,BundleSheaf,false,5,6,last,4,9,betweenness,0.1757561678698889
minesweeper,BundleSheaf,false,5,6,last,5,9,betweenness,0.19319720522008638
minesweeper,BundleSheaf,false,5,6,last,6,9,betweenness,0.11146840721103135
minesweeper,BundleSheaf,false,5,6,last,0,9,confidence,-0.039487065523525884
minesweeper,BundleSheaf,false,5,6,last,1,9,confidence,0.18665214463929708
minesweeper,BundleSheaf,false,5,6,last,2,9,confidence,0.21591472772151693
minesweeper,BundleSheaf,false,5,6,last,3,9,confidence,0.25636786734032924
minesweeper,BundleSheaf,false,5,6,last,4,9,confidence,0.2642264106241084
minesweeper,BundleSheaf,false,5,6,last,5,9,confidence,0.2690840958823038
minesweeper,BundleSheaf,false,5,6,last,6,9,confidence,0.7247441432859262
minesweeper,BundleSheaf,false,5,6,last,0,9,saliency,-0.00936513578397366
minesweeper,BundleSheaf,false,5,6,last,1,9,saliency,-0.01319482766830959
minesweeper,BundleSheaf,false,5,6,last,2,9,saliency,-0.00611001095517343
minesweeper,BundleSheaf,false,5,6,last,3,9,saliency,-0.028994308328291012
minesweeper,BundleSheaf,false,5,6,last,4,9,saliency,-0.011324065235308597
minesweeper,BundleSheaf,false,5,6,last,5,9,saliency,-0.00741907016027973
minesweeper,BundleSheaf,false,5,6,last,6,9,saliency,0.018192421886087953
minesweeper,BundleSheaf,false,5,6,last,0,9,cohens_d_train,0.026708527
minesweeper,BundleSheaf,false,5,6,last,1,9,cohens_d_train,0.060376927
minesweeper,BundleSheaf,false,5,6,last,2,9,cohens_d_train,0.04472051
minesweeper,BundleSheaf,false,5,6,last,3,9,cohens_d_train,0.076106235
minesweeper,BundleSheaf,false,5,6,last,4,9,cohens_d_train,0.029807197
minesweeper,BundleSheaf,false,5,6,last,5,9,cohens_d_train,0.043180536
minesweeper,BundleSheaf,false,5,6,last,6,9,cohens_d_train,0.07866263
minesweeper,BundleSheaf,false,5,6,last,0,9,cohens_d_test,0.030713357
minesweeper,BundleSheaf,false,5,6,last,1,9,cohens_d_test,0.0076327114
minesweeper,BundleSheaf,false,5,6,last,2,9,cohens_d_test,0.02932843
minesweeper,BundleSheaf,false,5,6,last,3,9,cohens_d_test,0.09748833
minesweeper,BundleSheaf,false,5,6,last,4,9,cohens_d_test,0.039468054
minesweeper,BundleSheaf,false,5,6,last,5,9,cohens_d_test,0.027534915
minesweeper,BundleSheaf,false,5,6,last,6,9,cohens_d_test,0.03801928
