dataset,model,normalised,d,layers,checkpoint,layer,fold,observable,value
pubmed,BundleSheaf,false,5,4,epoch-0,0,0,degree,-0.0018232888146370318
pubmed,BundleSheaf,false,5,4,epoch-0,1,0,degree,0.8255840019567307
pubmed,BundleSheaf,false,5,4,epoch-0,2,0,degree,0.7906297488353211
pubmed,BundleSheaf,false,5,4,epoch-0,3,0,degree,0.6512882205854417
pubmed,BundleSheaf,false,5,4,epoch-0,4,0,degree,0.566161563939553
pubmed,BundleSheaf,false,5,4,epoch-0,0,0,betweenness,-0.002245595568569795
pubmed,BundleSheaf,false,5,4,epoch-0,1,0,betweenness,0.7689386706305679
pubmed,BundleSheaf,false,5,4,epoch-0,2,0,betweenness,0.7308435992434588
pubmed,BundleSheaf,false,5,4,epoch-0,3,0,betweenness,0.5986160345986902
pubmed,BundleSheaf,false,5,4,epoch-0,4,0,betweenness,0.5191454092967548
pubmed,BundleSheaf,false,5,4,epoch-0,0,0,confidence,-0.05876010078545417
pubmed,BundleSheaf,false,5,4,epoch-0,1,0,confidence,0.3791935542111252
pubmed,BundleSheaf,false,5,4,epoch-0,2,0,confidence,0.7496831522595933
pubmed,BundleSheaf,false,5,4,epoch-0,3,0,confidence,0.8019375740940984
pubmed,BundleSheaf,false,5,4,epoch-0,4,0,confidence,0.8217208742117438
pubmed,BundleSheaf,false,5,4,epoch-0,0,0,saliency,-0.05396120491598237
pubmed,BundleSheaf,false,5,4,epoch-0,1,0,saliency,0.44219741636450055
pubmed,BundleSheaf,false,5,4,epoch-0,2,0,saliency,0.8228910859994946
pubmed,BundleSheaf,false,5,4,epoch-0,3,0,saliency,0.8908743123350733
pubmed,BundleSheaf,false,5,4,epoch-0,4,0,saliency,0.9143341447194187
pubmed,BundleSheaf,false,5,4,epoch-0,0,0,cohens_d_train,0.08090563
pubmed,BundleSheaf,false,5,4,epoch-0,1,0,cohens_d_train,0.1258827
pubmed,BundleSheaf,false,5,4,epoch-0,2,0,cohens_d_train,0.07245256
pubmed,BundleSheaf,false,5,4,epoch-0,3,0,cohens_d_train,0.027312497
pubmed,BundleSheaf,false,5,4,epoch-0,4,0,cohens_d_train,0.012815308
pubmed,BundleSheaf,false,5,4,epoch-0,0,0,cohens_d_test,0.084406845
pubmed,BundleSheaf,false,5,4,epoch-0,1,0,cohens_d_test,0.09617319
pubmed,BundleSheaf,false,5,4,epoch-0,2,0,cohens_d_test,0.047458895
pubmed,BundleSheaf,false,5,4,epoch-0,3,0,cohens_d_test,0.0011795422
pubmed,BundleSheaf,false,5,4,epoch-0,4,0,cohens_d_test,0.011437508
pubmed,BundleSheaf,false,5,4,epoch-0,0,1,degree,-0.0759006255730436
pubmed,BundleSheaf,false,5,4,epoch-0,1,1,degree,0.8460725103844268
pubmed,BundleSheaf,false,5,4,epoch-0,2,1,degree,0.7940423423737566
pubmed,BundleSheaf,false,5,4,epoch-0,3,1,degree,0.6504291052842032
pubmed,BundleSheaf,false,5,4,epoch-0,4,1,degree,0.573213106866128
pubmed,BundleSheaf,false,5,4,epoch-0,0,1,betweenness,-0.05092857335867872
pubmed,BundleSheaf,false,5,4,epoch-0,1,1,betweenness,0.7933443158792309
pubmed,BundleSheaf,false,5,4,epoch-0,2,1,betweenness,0.734529635426079
pubmed,BundleSheaf,false,5,4,epoch-0,3,1,betweenness,0.5975460308235901
pubmed,BundleSheaf,false,5,4,epoch-0,4,1,betweenness,0.5251475394035975
pubmed,BundleSheaf,false,5,4,epoch-0,0,1,confidence,-0.12335406171122865
pubmed,BundleSheaf,false,5,4,epoch-0,1,1,confidence,0.39463931558951426
pubmed,BundleSheaf,false,5,4,epoch-0,2,1,confidence,0.7566406397801156
pubmed,BundleSheaf,false,5,4,epoch-0,3,1,confidence,0.8227867172579003
pubmed,BundleSheaf,false,5,4,epoch-0,4,1,confidence,0.8529915080021587
pubmed,BundleSheaf,false,5,4,epoch-0,0,1,saliency,-0.14170311618341835
pubmed,BundleSheaf,false,5,4,epoch-0,1,1,saliency,0.476452769377652
pubmed,BundleSheaf,false,5,4,epoch-0,2,1,saliency,0.8510854538633521
pubmed,BundleSheaf,false,5,4,epoch-0,3,1,saliency,0.9259345330681418
pubmed,BundleSheaf,false,5,4,epoch-0,4,1,saliency,0.9483881601942259
pubmed,BundleSheaf,false,5,4,epoch-0,0,1,cohens_d_train,0.047207903
pubmed,BundleSheaf,false,5,4,epoch-0,1,1,cohens_d_train,0.06581661
pubmed,BundleSheaf,false,5,4,epoch-0,2,1,cohens_d_train,0.07625571
pubmed,BundleSheaf,false,5,4,epoch-0,3,1,cohens_d_train,0.05010502
pubmed,BundleSheaf,false,5,4,epoch-0,4,1,cohens_d_train,0.0353353
pubmed,BundleSheaf,false,5,4,epoch-0,0,1,cohens_d_test,0.04516658
pubmed,BundleSheaf,false,5,4,epoch-0,1,1,cohens_d_test,0.016963178
pubmed,BundleSheaf,false,5,4,epoch-0,2,1,cohens_d_test,0.016125219
pubmed,BundleSheaf,false,5,4,epoch-0,3,1,cohens_d_test,0.016018428
pubmed,BundleSheaf,false,5,4,epoch-0,4,1,cohens_d_test,0.026827851
pubmed,BundleSheaf,false,5,4,epoch-0,0,2,degree,0.0004884697655826884
pubmed,BundleSheaf,false,5,4,epoch-0,1,2,degree,0.8423803690880841
pubmed,BundleSheaf,false,5,4,epoch-0,2,2,degree,0.7949756877696982
pubmed,BundleSheaf,false,5,4,epoch-0,3,2,degree,0.6559596281998654
pubmed,BundleSheaf,false,5,4,epoch-0,4,2,degree,0.5672053290076624
pubmed,BundleSheaf,false,5,4,epoch-0,0,2,betweenness,0.001445147572795317
pubmed,BundleSheaf,false,5,4,epoch-0,1,2,betweenness,0.7885353325658955
pubmed,BundleSheaf,false,5,4,epoch-0,2,2,betweenness,0.7357648735892889
pubmed,BundleSheaf,false,5,4,epoch-0,3,2,betweenness,0.6033036827447822
pubmed,BundleSheaf,false,5,4,epoch-0,4,2,betweenness,0.5206154953750004
pubmed,BundleSheaf,false,5,4,epoch-0,0,2,confidence,-0.02201293273383927
pubmed,BundleSheaf,false,5,4,epoch-0,1,2,confidence,0.4012191442842695
pubmed,BundleSheaf,false,5,4,epoch-0,2,2,confidence,0.728510849384646
pubmed,BundleSheaf,false,5,4,epoch-0,3,2,confidence,0.7996079571161178
pubmed,BundleSheaf,false,5,4,epoch-0,4,2,confidence,0.8451630097395313
pubmed,BundleSheaf,false,5,4,epoch-0,0,2,saliency,-0.03524361934697558
pubmed,BundleSheaf,false,5,4,epoch-0,1,2,saliency,0.488535833189009
pubmed,BundleSheaf,false,5,4,epoch-0,2,2,saliency,0.8516058462762848
pubmed,BundleSheaf,false,5,4,epoch-0,3,2,saliency,0.9310248661830712
pubmed,BundleSheaf,false,5,4,epoch-0,4,2,saliency,0.9608581270074441
pubmed,BundleSheaf,false,5,4,epoch-0,0,2,cohens_d_train,0.012095986
pubmed,BundleSheaf,false,5,4,epoch-0,1,2,cohens_d_train,0.0035741774
pubmed,BundleSheaf,false,5,4,epoch-0,2,2,cohens_d_train,0.01405838
pubmed,BundleSheaf,false,5,4,epoch-0,3,2,cohens_d_train,0.018431509
pubmed,BundleSheaf,false,5,4,epoch-0,4,2,cohens_d_train,0.017633231
pubmed,BundleSheaf,false,5,4,epoch-0,0,2,cohens_d_test,0.015777055
pubmed,BundleSheaf,false,5,4,epoch-0,1,2,cohens_d_test,0.0028639813
pubmed,BundleSheaf,false,5,4,epoch-0,2,2,cohens_d_test,0.014621484
pubmed,BundleSheaf,false,5,4,epoch-0,3,2,cohens_d_test,0.02867065
pubmed,BundleSheaf,false,5,4,epoch-0,4,2,cohens_d_test,0.03877506
pubmed,BundleSheaf,false,5,4,epoch-0,0,3,degree,0.04315096852268011
pubmed,BundleSheaf,false,5,4,epoch-0,1,3,degree,0.8407639949987934
pubmed,BundleSheaf,false,5,4,epoch-0,2,3,degree,0.792173758849461
pubmed,BundleSheaf,false,5,4,epoch-0,3,3,degree,0.6520566631654114
pubmed,BundleSheaf,false,5,4,epoch-0,4,3,degree,0.566348866062236
pubmed,BundleSheaf,false,5,4,epoch-0,0,3,betweenness,0.015765342320557253
pubmed,BundleSheaf,false,5,4,epoch-0,1,3,betweenness,0.7843732695447542
pubmed,BundleSheaf,false,5,4,epoch-0,2,3,betweenness,0.7324923948781171
pubmed,BundleSheaf,false,5,4,epoch-0,3,3,betweenness,0.5992231553924036
pubmed,BundleSheaf,false,5,4,epoch-0,4,3,betweenness,0.5180862301009223
pubmed,BundleSheaf,false,5,4,epoch-0,0,3,confidence,-0.0016921738306641654
pubmed,BundleSheaf,false,5,4,epoch-0,1,3,confidence,0.37225906530733505
pubmed,BundleSheaf,false,5,4,epoch-0,2,3,confidence,0.7345248778933945
pubmed,BundleSheaf,false,5,4,epoch-0,3,3,confidence,0.8018092200690359
pubmed,BundleSheaf,false,5,4,epoch-0,4,3,confidence,0.8459605093510644
pubmed,BundleSheaf,false,5,4,epoch-0,0,3,saliency,0.03262275120958523
pubmed,BundleSheaf,false,5,4,epoch-0,1,3,saliency,0.47467665737987563
pubmed,BundleSheaf,false,5,4,epoch-0,2,3,saliency,0.8450044601302759
pubmed,BundleSheaf,false,5,4,epoch-0,3,3,saliency,0.9148559943408328
pubmed,BundleSheaf,false,5,4,epoch-0,4,3,saliency,0.9431510417399503
pubmed,BundleSheaf,false,5,4,epoch-0,0,3,cohens_d_train,0.22286643
pubmed,BundleSheaf,false,5,4,epoch-0,1,3,cohens_d_train,0.0031668826
pubmed,BundleSheaf,false,5,4,epoch-0,2,3,cohens_d_train,0.022327768
pubmed,BundleSheaf,false,5,4,epoch-0,3,3,cohens_d_train,0.031147111
pubmed,BundleSheaf,false,5,4,epoch-0,4,3,cohens_d_train,0.032452226
pubmed,BundleSheaf,false,5,4,epoch-0,0,3,cohens_d_test,0.17967
pubmed,BundleSheaf,false,5,4,epoch-0,1,3,cohens_d_test,0.020124465
pubmed,BundleSheaf,false,5,4,epoch-0,2,3,cohens_d_test,0.009699738
pubmed,BundleSheaf,false,5,4,epoch-0,3,3,cohens_d_test,0.048811477
pubmed,BundleSheaf,false,5,4,epoch-0,4,3,cohens_d_test,0.12255113
pubmed,BundleSheaf,false,5,4,epoch-0,0,4,degree,-0.010509458181236525
pubmed,BundleSheaf,false,5,4,epoch-0,1,4,degree,0.860737752331904
pubmed,BundleSheaf,false,5,4,epoch-0,2,4,degree,0.7907283551594831
pubmed,BundleSheaf,false,5,4,epoch-0,3,4,degree,0.6544330611334268
pubmed,BundleSheaf,false,5,4,epoch-0,4,4,degree,0.5662359816132221
pubmed,BundleSheaf,false,5,4,epoch-0,0,4,betweenness,-0.0033106895138413643
pubmed,BundleSheaf,false,5,4,epoch-0,1,4,betweenness,0.8050685100491873
pubmed,BundleSheaf,false,5,4,epoch-0,2,4,betweenness,0.7319811422022446
pubmed,BundleSheaf,false,5,4,epoch-0,3,4,betweenness,0.6008833078014888
pubmed,BundleSheaf,false,5,4,epoch-0,4,4,betweenness,0.5178699497587782
pubmed,BundleSheaf,false,5,4,epoch-0,0,4,confidence,-0.023661054231743552
pubmed,BundleSheaf,false,5,4,epoch-0,1,4,confidence,0.40106191079652925
pubmed,BundleSheaf,false,5,4,epoch-0,2,4,confidence,0.7590112632435522
pubmed,BundleSheaf,false,5,4,epoch-0,3,4,confidence,0.822560480435382
pubmed,BundleSheaf,false,5,4,epoch-0,4,4,confidence,0.8507986054633939
pubmed,BundleSheaf,false,5,4,epoch-0,0,4,saliency,-0.003073366845630195
pubmed,BundleSheaf,false,5,4,epoch-0,1,4,saliency,0.4887159616454212
pubmed,BundleSheaf,false,5,4,epoch-0,2,4,saliency,0.8218897350286588
pubmed,BundleSheaf,false,5,4,epoch-0,3,4,saliency,0.8800203221713518
pubmed,BundleSheaf,false,5,4,epoch-0,4,4,saliency,0.8846480448664541
pubmed,BundleSheaf,false,5,4,epoch-0,0,4,cohens_d_train,0.042237643
pubmed,BundleSheaf,false,5,4,epoch-0,1,4,cohens_d_train,0.016985867
pubmed,BundleSheaf,false,5,4,epoch-0,2,4,cohens_d_train,0.008811775
pubmed,BundleSheaf,false,5,4,epoch-0,3,4,cohens_d_train,0.013213763
pubmed,BundleSheaf,false,5,4,epoch-0,4,4,cohens_d_train,0.013306992
pubmed,BundleSheaf,false,5,4,epoch-0,0,4,cohens_d_test,0.005677296
pubmed,BundleSheaf,false,5,4,epoch-0,1,4,cohens_d_test,0.061155014
pubmed,BundleSheaf,false,5,4,epoch-0,2,4,cohens_d_test,0.017345624
pubmed,BundleSheaf,false,5,4,epoch-0,3,4,cohens_d_test,0.024484742
pubmed,BundleSheaf,false,5,4,epoch-0,4,4,cohens_d_test,0.050338075
pubmed,BundleSheaf,false,5,4,epoch-0,0,5,degree,0.03205580728250397
pubmed,BundleSheaf,false,5,4,epoch-0,1,5,degree,0.8518399558199593
pubmed,BundleSheaf,false,5,4,epoch-0,2,5,degree,0.7910214493185549
pubmed,BundleSheaf,false,5,4,epoch-0,3,5,degree,0.6535378142563834
pubmed,BundleSheaf,false,5,4,epoch-0,4,5,degree,0.5705580298884174
pubmed,BundleSheaf,false,5,4,epoch-0,0,5,betweenness,0.02051283190367551
pubmed,BundleSheaf,false,5,4,epoch-0,1,5,betweenness,0.7959903499321326
pubmed,BundleSheaf,false,5,4,epoch-0,2,5,betweenness,0.731090320975423
pubmed,BundleSheaf,false,5,4,epoch-0,3,5,betweenness,0.6002676205839654
pubmed,BundleSheaf,false,5,4,epoch-0,4,5,betweenness,0.5229514480541171
pubmed,BundleSheaf,false,5,4,epoch-0,0,5,confidence,-0.030003211883005407
pubmed,BundleSheaf,false,5,4,epoch-0,1,5,confidence,0.3871086149417517
pubmed,BundleSheaf,false,5,4,epoch-0,2,5,confidence,0.738910394339426
pubmed,BundleSheaf,false,5,4,epoch-0,3,5,confidence,0.8042897349666089
pubmed,BundleSheaf,false,5,4,epoch-0,4,5,confidence,0.8454368115615739
pubmed,BundleSheaf,false,5,4,epoch-0,0,5,saliency,-0.03242091637231802
pubmed,BundleSheaf,false,5,4,epoch-0,1,5,saliency,0.4693714836859824
pubmed,BundleSheaf,false,5,4,epoch-0,2,5,saliency,0.8230184630900674
pubmed,BundleSheaf,false,5,4,epoch-0,3,5,saliency,0.8958236221906282
pubmed,BundleSheaf,false,5,4,epoch-0,4,5,saliency,0.9423813661705951
pubmed,BundleSheaf,false,5,4,epoch-0,0,5,cohens_d_train,0.16882412
pubmed,BundleSheaf,false,5,4,epoch-0,1,5,cohens_d_train,0.08477384
pubmed,BundleSheaf,false,5,4,epoch-0,2,5,cohens_d_train,0.040194884
pubmed,BundleSheaf,false,5,4,epoch-0,3,5,cohens_d_train,0.013327004
pubmed,BundleSheaf,false,5,4,epoch-0,4,5,cohens_d_train,0.0023150642
pubmed,BundleSheaf,false,5,4,epoch-0,0,5,cohens_d_test,0.12636511
pubmed,BundleSheaf,false,5,4,epoch-0,1,5,cohens_d_test,0.07327117
pubmed,BundleSheaf,false,5,4,epoch-0,2,5,cohens_d_test,0.007533745
pubmed,BundleSheaf,false,5,4,epoch-0,3,5,cohens_d_test,0.03645234
pubmed,BundleSheaf,false,5,4,epoch-0,4,5,cohens_d_test,0.048041996
pubmed,BundleSheaf,false,5,4,epoch-0,0,6,degree,-0.006587418360271711
pubmed,BundleSheaf,false,5,4,epoch-0,1,6,degree,0.8412544574753746
pubmed,BundleSheaf,false,5,4,epoch-0,2,6,degree,0.7880027182287801
pubmed,BundleSheaf,false,5,4,epoch-0,3,6,degree,0.6483391913769628
pubmed,BundleSheaf,false,5,4,epoch-0,4,6,degree,0.5672054689438333
pubmed,BundleSheaf,false,5,4,epoch-0,0,6,betweenness,-0.008078727716983404
pubmed,BundleSheaf,false,5,4,epoch-0,1,6,betweenness,0.7861929943046851
pubmed,BundleSheaf,false,5,4,epoch-0,2,6,betweenness,0.7288297896030432
pubmed,BundleSheaf,false,5,4,epoch-0,3,6,betweenness,0.5955181476966842
pubmed,BundleSheaf,false,5,4,epoch-0,4,6,betweenness,0.5187202156452887
pubmed,BundleSheaf,false,5,4,epoch-0,0,6,confidence,-0.03316536530476713
pubmed,BundleSheaf,false,5,4,epoch-0,1,6,confidence,0.38504856921053665
pubmed,BundleSheaf,false,5,4,epoch-0,2,6,confidence,0.741399908279276
pubmed,BundleSheaf,false,5,4,epoch-0,3,6,confidence,0.8031145319306081
pubmed,BundleSheaf,false,5,4,epoch-0,4,6,confidence,0.8470168907035134
pubmed,BundleSheaf,false,5,4,epoch-0,0,6,saliency,-0.05540797385485641
pubmed,BundleSheaf,false,5,4,epoch-0,1,6,saliency,0.40981289411375577
pubmed,BundleSheaf,false,5,4,epoch-0,2,6,saliency,0.7885209118635222
pubmed,BundleSheaf,false,5,4,epoch-0,3,6,saliency,0.8647278898662488
pubmed,BundleSheaf,false,5,4,epoch-0,4,6,saliency,0.9290106925378537
pubmed,BundleSheaf,false,5,4,epoch-0,0,6,cohens_d_train,0.062548324
pubmed,BundleSheaf,false,5,4,epoch-0,1,6,cohens_d_train,0.035331003
pubmed,BundleSheaf,false,5,4,epoch-0,2,6,cohens_d_train,0.060802743
pubmed,BundleSheaf,false,5,4,epoch-0,3,6,cohens_d_train,0.043217167
pubmed,BundleSheaf,false,5,4,epoch-0,4,6,cohens_d_train,0.020501435
pubmed,BundleSheaf,false,5,4,epoch-0,0,6,cohens_d_test,0.082360454
pubmed,BundleSheaf,false,5,4,epoch-0,1,6,cohens_d_test,0.05445922
pubmed,BundleSheaf,false,5,4,epoch-0,2,6,cohens_d_test,0.048372626
pubmed,BundleSheaf,false,5,4,epoch-0,3,6,cohens_d_test,0.03547404
pubmed,BundleSheaf,false,5,4,epoch-0,4,6,cohens_d_test,0.02793463
pubmed,BundleSheaf,false,5,4,epoch-0,0,7,degree,-0.038687682110117076
pubmed,BundleSheaf,false,5,4,epoch-0,1,7,degree,0.8539815778518014
pubmed,BundleSheaf,false,5,4,epoch-0,2,7,degree,0.7907864231772227
pubmed,BundleSheaf,false,5,4,epoch-0,3,7,degree,0.6510931893205338
pubmed,BundleSheaf,false,5,4,epoch-0,4,7,degree,0.570087612412469
pubmed,BundleSheaf,false,5,4,epoch-0,0,7,betweenness,-0.03408073321382645
pubmed,BundleSheaf,false,5,4,epoch-0,1,7,betweenness,0.7988263439311956
pubmed,BundleSheaf,false,5,4,epoch-0,2,7,betweenness,0.7320224594542519
pubmed,BundleSheaf,false,5,4,epoch-0,3,7,betweenness,0.5985237235889722
pubmed,BundleSheaf,false,5,4,epoch-0,4,7,betweenness,0.5231008300700446
pubmed,BundleSheaf,false,5,4,epoch-0,0,7,confidence,-0.06759390866184374
pubmed,BundleSheaf,false,5,4,epoch-0,1,7,confidence,0.4053501428244476
pubmed,BundleSheaf,false,5,4,epoch-0,2,7,confidence,0.7591613766322115
pubmed,BundleSheaf,false,5,4,epoch-0,3,7,confidence,0.8241503901192532
pubmed,BundleSheaf,false,5,4,epoch-0,4,7,confidence,0.8581268180723874
pubmed,BundleSheaf,false,5,4,epoch-0,0,7,saliency,-0.06746612922771737
pubmed,BundleSheaf,false,5,4,epoch-0,1,7,saliency,0.46726444339375206
pubmed,BundleSheaf,false,5,4,epoch-0,2,7,saliency,0.834734898966068
pubmed,BundleSheaf,false,5,4,epoch-0,3,7,saliency,0.909028495187646
pubmed,BundleSheaf,false,5,4,epoch-0,4,7,saliency,0.9357292569123148
pubmed,BundleSheaf,false,5,4,epoch-0,0,7,cohens_d_train,0.0930704
pubmed,BundleSheaf,false,5,4,epoch-0,1,7,cohens_d_train,0.09206321
pubmed,BundleSheaf,false,5,4,epoch-0,2,7,cohens_d_train,0.07701298
pubmed,BundleSheaf,false,5,4,epoch-0,3,7,cohens_d_train,0.0492962
pubmed,BundleSheaf,false,5,4,epoch-0,4,7,cohens_d_train,0.035730116
pubmed,BundleSheaf,false,5,4,epoch-0,0,7,cohens_d_test,0.1028111
pubmed,BundleSheaf,false,5,4,epoch-0,1,7,cohens_d_test,0.14561367
pubmed,BundleSheaf,false,5,4,epoch-0,2,7,cohens_d_test,0.11389136
pubmed,BundleSheaf,false,5,4,epoch-0,3,7,cohens_d_test,0.073921494
pubmed,BundleSheaf,false,5,4,epoch-0,4,7,cohens_d_test,0.05533518
pubmed,BundleSheaf,false,5,4,epoch-0,0,8,degree,0.040555994393755235
pubmed,BundleSheaf,false,5,4,epoch-0,1,8,degree,0.8292392601732778
pubmed,BundleSheaf,false,5,4,epoch-0,2,8,degree,0.790036099592658
pubmed,BundleSheaf,false,5,4,epoch-0,3,8,degree,0.6499299428840696
pubmed,BundleSheaf,false,5,4,epoch-0,4,8,degree,0.5711553621834604
pubmed,BundleSheaf,false,5,4,epoch-0,0,8,betweenness,0.023133246369795066
pubmed,BundleSheaf,false,5,4,epoch-0,1,8,betweenness,0.7722944557311365
pubmed,BundleSheaf,false,5,4,epoch-0,2,8,betweenness,0.7305669543397781
pubmed,BundleSheaf,false,5,4,epoch-0,3,8,betweenness,0.5976846356252858
pubmed,BundleSheaf,false,5,4,epoch-0,4,8,betweenness,0.5233779275043074
pubmed,BundleSheaf,false,5,4,epoch-0,0,8,confidence,0.000847574368108803
pubmed,BundleSheaf,false,5,4,epoch-0,1,8,confidence,0.39069008659599974
pubmed,BundleSheaf,false,5,4,epoch-0,2,8,confidence,0.7525770198104416
pubmed,BundleSheaf,false,5,4,epoch-0,3,8,confidence,0.8124173365361481
pubmed,BundleSheaf,false,5,4,epoch-0,4,8,confidence,0.8461807718583215
pubmed,BundleSheaf,false,5,4,epoch-0,0,8,saliency,-0.005906813035023789
pubmed,BundleSheaf,false,5,4,epoch-0,1,8,saliency,0.43620211806717724
pubmed,BundleSheaf,false,5,4,epoch-0,2,8,saliency,0.8235040634086036
pubmed,BundleSheaf,false,5,4,epoch-0,3,8,saliency,0.9041679418243295
pubmed,BundleSheaf,false,5,4,epoch-0,4,8,saliency,0.9496783277707617
pubmed,BundleSheaf,false,5,4,epoch-0,0,8,cohens_d_train,0.17471918
pubmed,BundleSheaf,false,5,4,epoch-0,1,8,cohens_d_train,0.07623947
pubmed,BundleSheaf,false,5,4,epoch-0,2,8,cohens_d_train,0.08047656
pubmed,BundleSheaf,false,5,4,epoch-0,3,8,cohens_d_train,0.055428937
pubmed,BundleSheaf,false,5,4,epoch-0,4,8,cohens_d_train,0.041708913
pubmed,BundleSheaf,false,5,4,epoch-0,0,8,cohens_d_test,0.12542257
pubmed,BundleSheaf,false,5,4,epoch-0,1,8,cohens_d_test,0.054187052
pubmed,BundleSheaf,false,5,4,epoch-0,2,8,cohens_d_test,0.07910272
pubmed,BundleSheaf,false,5,4,epoch-0,3,8,cohens_d_test,0.07292228
pubmed,BundleSheaf,false,5,4,epoch-0,4,8,cohens_d_test,0.06734911
pubmed,BundleSheaf,false,5,4,epoch-0,0,9,degree,0.001517822665740207
pubmed,BundleSheaf,false,5,4,epoch-0,1,9,degree,0.843577724335886
pubmed,BundleSheaf,false,5,4,epoch-0,2,9,degree,0.7899427469896465
pubmed,BundleSheaf,false,5,4,epoch-0,3,9,degree,0.6479584312445873
pubmed,BundleSheaf,false,5,4,epoch-0,4,9,degree,0.5785074444053024
pubmed,BundleSheaf,false,5,4,epoch-0,0,9,betweenness,-0.018133470713519662
pubmed,BundleSheaf,false,5,4,epoch-0,1,9,betweenness,0.7883094656799653
pubmed,BundleSheaf,false,5,4,epoch-0,2,9,betweenness,0.7303000279241914
pubmed,BundleSheaf,false,5,4,epoch-0,3,9,betweenness,0.5960804886724672
pubmed,BundleSheaf,false,5,4,epoch-0,4,9,betweenness,0.5304406309068072
pubmed,BundleSheaf,false,5,4,epoch-0,0,9,confidence,0.021363204014680642
pubmed,BundleSheaf,false,5,4,epoch-0,1,9,confidence,0.4165918655110587
pubmed,BundleSheaf,false,5,4,epoch-0,2,9,confidence,0.7518366116334597
pubmed,BundleSheaf,false,5,4,epoch-0,3,9,confidence,0.8162943693141936
pubmed,BundleSheaf,false,5,4,epoch-0,4,9,confidence,0.8558300739941574
pubmed,BundleSheaf,false,5,4,epoch-0,0,9,saliency,0.03716472297708414
pubmed,BundleSheaf,false,5,4,epoch-0,1,9,saliency,0.4966043796599723
pubmed,BundleSheaf,false,5,4,epoch-0,2,9,saliency,0.8625349002319858
pubmed,BundleSheaf,false,5,4,epoch-0,3,9,saliency,0.9337049333503152
pubmed,BundleSheaf,false,5,4,epoch-0,4,9,saliency,0.9470731253718487
pubmed,BundleSheaf,false,5,4,epoch-0,0,9,cohens_d_train,0.0139290085
pubmed,BundleSheaf,false,5,4,epoch-0,1,9,cohens_d_train,0.034147117
pubmed,BundleSheaf,false,5,4,epoch-0,2,9,cohens_d_train,0.03972381
pubmed,BundleSheaf,false,5,4,epoch-0,3,9,cohens_d_train,0.03647834
pubmed,BundleSheaf,false,5,4,epoch-0,4,9,cohens_d_train,0.029581156
pubmed,BundleSheaf,false,5,4,epoch-0,0,9,cohens_d_test,0.016445182
pubmed,BundleSheaf,false,5,4,epoch-0,1,9,cohens_d_test,0.03201722
pubmed,BundleSheaf,false,5,4,epoch-0,2,9,cohens_d_test,0.0436904
pubmed,BundleSheaf,false,5,4,epoch-0,3,9,cohens_d_test,0.038529653
pubmed,BundleSheaf,false,5,4,epoch-0,4,9,cohens_d_test,0.03464064
pubmed,BundleSheaf,false,5,4,epoch-1,0,0,degree,-0.04269049361118556
pubmed,BundleSheaf,false,5,4,epoch-1,1,0,degree,0.83054395737034
pubmed,BundleSheaf,false,5,4,epoch-1,2,0,degree,0.7872271770078038
pubmed,BundleSheaf,false,5,4,epoch-1,3,0,degree,0.6503106057547413
pubmed,BundleSheaf,false,5,4,epoch-1,4,0,degree,0.5642711421147423
pubmed,BundleSheaf,false,5,4,epoch-1,0,0,betweenness,-0.025687244378923613
pubmed,BundleSheaf,false,5,4,epoch-1,1,0,betweenness,0.7763440163466966
pubmed,BundleSheaf,false,5,4,epoch-1,2,0,betweenness,0.7282459321208016
pubmed,BundleSheaf,false,5,4,epoch-1,3,0,betweenness,0.5978373451822762
pubmed,BundleSheaf,false,5,4,epoch-1,4,0,betweenness,0.5165710324117259
pubmed,BundleSheaf,false,5,4,epoch-1,0,0,confidence,-0.08682487872566858
pubmed,BundleSheaf,false,5,4,epoch-1,1,0,confidence,0.3850712268016506
pubmed,BundleSheaf,false,5,4,epoch-1,2,0,confidence,0.7500433101206397
pubmed,BundleSheaf,false,5,4,epoch-1,3,0,confidence,0.8129024286929615
pubmed,BundleSheaf,false,5,4,epoch-1,4,0,confidence,0.8493420770814045
pubmed,BundleSheaf,false,5,4,epoch-1,0,0,saliency,-0.10384980564258464
pubmed,BundleSheaf,false,5,4,epoch-1,1,0,saliency,0.4656959579679412
pubmed,BundleSheaf,false,5,4,epoch-1,2,0,saliency,0.8491573150292155
pubmed,BundleSheaf,false,5,4,epoch-1,3,0,saliency,0.9217594224834769
pubmed,BundleSheaf,false,5,4,epoch-1,4,0,saliency,0.9522218798325909
pubmed,BundleSheaf,false,5,4,epoch-1,0,0,cohens_d_train,0.13985921
pubmed,BundleSheaf,false,5,4,epoch-1,1,0,cohens_d_train,0.029894346
pubmed,BundleSheaf,false,5,4,epoch-1,2,0,cohens_d_train,0.028196005
pubmed,BundleSheaf,false,5,4,epoch-1,3,0,cohens_d_train,0.008110777
pubmed,BundleSheaf,false,5,4,epoch-1,4,0,cohens_d_train,0.0013934016
pubmed,BundleSheaf,false,5,4,epoch-1,0,0,cohens_d_test,0.045962088
pubmed,BundleSheaf,false,5,4,epoch-1,1,0,cohens_d_test,0.009321019
pubmed,BundleSheaf,false,5,4,epoch-1,2,0,cohens_d_test,0.010581985
pubmed,BundleSheaf,false,5,4,epoch-1,3,0,cohens_d_test,0.032557502
pubmed,BundleSheaf,false,5,4,epoch-1,4,0,cohens_d_test,0.03782037
pubmed,BundleSheaf,false,5,4,epoch-1,0,1,degree,-0.02479144900854291
pubmed,BundleSheaf,false,5,4,epoch-1,1,1,degree,0.8563798448262125
pubmed,BundleSheaf,false,5,4,epoch-1,2,1,degree,0.7910118316100997
pubmed,BundleSheaf,false,5,4,epoch-1,3,1,degree,0.6455989986499419
pubmed,BundleSheaf,false,5,4,epoch-1,4,1,degree,0.5705711722593529
pubmed,BundleSheaf,false,5,4,epoch-1,0,1,betweenness,-0.02448611640404787
pubmed,BundleSheaf,false,5,4,epoch-1,1,1,betweenness,0.8010958734246896
pubmed,BundleSheaf,false,5,4,epoch-1,2,1,betweenness,0.731728740977806
pubmed,BundleSheaf,false,5,4,epoch-1,3,1,betweenness,0.5933388716852329
pubmed,BundleSheaf,false,5,4,epoch-1,4,1,betweenness,0.5231022045540995
pubmed,BundleSheaf,false,5,4,epoch-1,0,1,confidence,-0.05066555309932996
pubmed,BundleSheaf,false,5,4,epoch-1,1,1,confidence,0.4328531168706756
pubmed,BundleSheaf,false,5,4,epoch-1,2,1,confidence,0.7634197182410474
pubmed,BundleSheaf,false,5,4,epoch-1,3,1,confidence,0.8248255079429543
pubmed,BundleSheaf,false,5,4,epoch-1,4,1,confidence,0.8585055629117987
pubmed,BundleSheaf,false,5,4,epoch-1,0,1,saliency,-0.06629698114647432
pubmed,BundleSheaf,false,5,4,epoch-1,1,1,saliency,0.49752235381505217
pubmed,BundleSheaf,false,5,4,epoch-1,2,1,saliency,0.8439777436598127
pubmed,BundleSheaf,false,5,4,epoch-1,3,1,saliency,0.9147133230716696
pubmed,BundleSheaf,false,5,4,epoch-1,4,1,saliency,0.9387795023768832
pubmed,BundleSheaf,false,5,4,epoch-1,0,1,cohens_d_train,0.012474443
pubmed,BundleSheaf,false,5,4,epoch-1,1,1,cohens_d_train,0.114815906
pubmed,BundleSheaf,false,5,4,epoch-1,2,1,cohens_d_train,0.08804866
pubmed,BundleSheaf,false,5,4,epoch-1,3,1,cohens_d_train,0.05970797
pubmed,BundleSheaf,false,5,4,epoch-1,4,1,cohens_d_train,0.039768152
pubmed,BundleSheaf,false,5,4,epoch-1,0,1,cohens_d_test,0.007015953
pubmed,BundleSheaf,false,5,4,epoch-1,1,1,cohens_d_test,0.051917017
pubmed,BundleSheaf,false,5,4,epoch-1,2,1,cohens_d_test,0.04470145
pubmed,BundleSheaf,false,5,4,epoch-1,3,1,cohens_d_test,0.046633508
pubmed,BundleSheaf,false,5,4,epoch-1,4,1,cohens_d_test,0.054467842
pubmed,BundleSheaf,false,5,4,epoch-1,0,2,degree,-0.0011613672228784858
pubmed,BundleSheaf,false,5,4,epoch-1,1,2,degree,0.8462384590999885
pubmed,BundleSheaf,false,5,4,epoch-1,2,2,degree,0.7938539073234985
pubmed,BundleSheaf,false,5,4,epoch-1,3,2,degree,0.6522569024650516
pubmed,BundleSheaf,false,5,4,epoch-1,4,2,degree,0.5685567527606549
pubmed,BundleSheaf,false,5,4,epoch-1,0,2,betweenness,-0.009431981527753108
pubmed,BundleSheaf,false,5,4,epoch-1,1,2,betweenness,0.7904534501930867
pubmed,BundleSheaf,false,5,4,epoch-1,2,2,betweenness,0.7347452477327888
pubmed,BundleSheaf,false,5,4,epoch-1,3,2,betweenness,0.5995552864498677
pubmed,BundleSheaf,false,5,4,epoch-1,4,2,betweenness,0.5216004866424627
pubmed,BundleSheaf,false,5,4,epoch-1,0,2,confidence,-0.007735756997228916
pubmed,BundleSheaf,false,5,4,epoch-1,1,2,confidence,0.4115918161749634
pubmed,BundleSheaf,false,5,4,epoch-1,2,2,confidence,0.7413704073354952
pubmed,BundleSheaf,false,5,4,epoch-1,3,2,confidence,0.8137386364653324
pubmed,BundleSheaf,false,5,4,epoch-1,4,2,confidence,0.8461747637803017
pubmed,BundleSheaf,false,5,4,epoch-1,0,2,saliency,-0.014792293598897596
pubmed,BundleSheaf,false,5,4,epoch-1,1,2,saliency,0.4781530228871012
pubmed,BundleSheaf,false,5,4,epoch-1,2,2,saliency,0.7986287503742329
pubmed,BundleSheaf,false,5,4,epoch-1,3,2,saliency,0.8817352044617598
pubmed,BundleSheaf,false,5,4,epoch-1,4,2,saliency,0.9424323828751643
pubmed,BundleSheaf,false,5,4,epoch-1,0,2,cohens_d_train,0.0033168537
pubmed,BundleSheaf,false,5,4,epoch-1,1,2,cohens_d_train,0.00021929426
pubmed,BundleSheaf,false,5,4,epoch-1,2,2,cohens_d_train,0.009366171
pubmed,BundleSheaf,false,5,4,epoch-1,3,2,cohens_d_train,0.017995121
pubmed,BundleSheaf,false,5,4,epoch-1,4,2,cohens_d_train,0.02332192
pubmed,BundleSheaf,false,5,4,epoch-1,0,2,cohens_d_test,0.03923757
pubmed,BundleSheaf,false,5,4,epoch-1,1,2,cohens_d_test,0.015758697
pubmed,BundleSheaf,false,5,4,epoch-1,2,2,cohens_d_test,0.027134916
pubmed,BundleSheaf,false,5,4,epoch-1,3,2,cohens_d_test,0.036737915
pubmed,BundleSheaf,false,5,4,epoch-1,4,2,cohens_d_test,0.043077625
pubmed,BundleSheaf,false,5,4,epoch-1,0,3,degree,0.05683903710675054
pubmed,BundleSheaf,false,5,4,epoch-1,1,3,degree,0.8454394021252859
pubmed,BundleSheaf,false,5,4,epoch-1,2,3,degree,0.7906499223670911
pubmed,BundleSheaf,false,5,4,epoch-1,3,3,degree,0.6494174544084601
pubmed,BundleSheaf,false,5,4,epoch-1,4,3,degree,0.5650599398950701
pubmed,BundleSheaf,false,5,4,epoch-1,0,3,betweenness,0.022453927951710504
pubmed,BundleSheaf,false,5,4,epoch-1,1,3,betweenness,0.7884365334885333
pubmed,BundleSheaf,false,5,4,epoch-1,2,3,betweenness,0.7314564734921206
pubmed,BundleSheaf,false,5,4,epoch-1,3,3,betweenness,0.5966460495828252
pubmed,BundleSheaf,false,5,4,epoch-1,4,3,betweenness,0.51747934165043
pubmed,BundleSheaf,false,5,4,epoch-1,0,3,confidence,0.02350863803026055
pubmed,BundleSheaf,false,5,4,epoch-1,1,3,confidence,0.38039803057358695
pubmed,BundleSheaf,false,5,4,epoch-1,2,3,confidence,0.7322722069533772
pubmed,BundleSheaf,false,5,4,epoch-1,3,3,confidence,0.8078413291621636
pubmed,BundleSheaf,false,5,4,epoch-1,4,3,confidence,0.8510563178475903
pubmed,BundleSheaf,false,5,4,epoch-1,0,3,saliency,0.03403704010061694
pubmed,BundleSheaf,false,5,4,epoch-1,1,3,saliency,0.47858091589418233
pubmed,BundleSheaf,false,5,4,epoch-1,2,3,saliency,0.8380596261446375
pubmed,BundleSheaf,false,5,4,epoch-1,3,3,saliency,0.9100115329378303
pubmed,BundleSheaf,false,5,4,epoch-1,4,3,saliency,0.942897803302227
pubmed,BundleSheaf,false,5,4,epoch-1,0,3,cohens_d_train,0.07271432
pubmed,BundleSheaf,false,5,4,epoch-1,1,3,cohens_d_train,0.069022864
pubmed,BundleSheaf,false,5,4,epoch-1,2,3,cohens_d_train,0.08824379
pubmed,BundleSheaf,false,5,4,epoch-1,3,3,cohens_d_train,0.07282476
pubmed,BundleSheaf,false,5,4,epoch-1,4,3,cohens_d_train,0.061325677
pubmed,BundleSheaf,false,5,4,epoch-1,0,3,cohens_d_test,0.0032390275
pubmed,BundleSheaf,false,5,4,epoch-1,1,3,cohens_d_test,0.039318603
pubmed,BundleSheaf,false,5,4,epoch-1,2,3,cohens_d_test,0.067085706
pubmed,BundleSheaf,false,5,4,epoch-1,3,3,cohens_d_test,0.08275034
pubmed,BundleSheaf,false,5,4,epoch-1,4,3,cohens_d_test,0.10751833
pubmed,BundleSheaf,false,5,4,epoch-1,0,4,degree,-0.08624306363736525
pubmed,BundleSheaf,false,5,4,epoch-1,1,4,degree,0.8494936200709725
pubmed,BundleSheaf,false,5,4,epoch-1,2,4,degree,0.7904417194284573
pubmed,BundleSheaf,false,5,4,epoch-1,3,4,degree,0.6518897430876668
pubmed,BundleSheaf,false,5,4,epoch-1,4,4,degree,0.5623096018319631
pubmed,BundleSheaf,false,5,4,epoch-1,0,4,betweenness,-0.052578077127144664
pubmed,BundleSheaf,false,5,4,epoch-1,1,4,betweenness,0.7972436559272539
pubmed,BundleSheaf,false,5,4,epoch-1,2,4,betweenness,0.731832556838607
pubmed,BundleSheaf,false,5,4,epoch-1,3,4,betweenness,0.5989959164448146
pubmed,BundleSheaf,false,5,4,epoch-1,4,4,betweenness,0.5151577818854429
pubmed,BundleSheaf,false,5,4,epoch-1,0,4,confidence,-0.0827170453680177
pubmed,BundleSheaf,false,5,4,epoch-1,1,4,confidence,0.3872387062421184
pubmed,BundleSheaf,false,5,4,epoch-1,2,4,confidence,0.7454747729766071
pubmed,BundleSheaf,false,5,4,epoch-1,3,4,confidence,0.8190840314224751
pubmed,BundleSheaf,false,5,4,epoch-1,4,4,confidence,0.8595070633345224
pubmed,BundleSheaf,false,5,4,epoch-1,0,4,saliency,-0.12814043125370644
pubmed,BundleSheaf,false,5,4,epoch-1,1,4,saliency,0.4845548245765936
pubmed,BundleSheaf,false,5,4,epoch-1,2,4,saliency,0.8569938759258079
pubmed,BundleSheaf,false,5,4,epoch-1,3,4,saliency,0.9265112275144928
pubmed,BundleSheaf,false,5,4,epoch-1,4,4,saliency,0.9355145771576446
pubmed,BundleSheaf,false,5,4,epoch-1,0,4,cohens_d_train,0.11555858
pubmed,BundleSheaf,false,5,4,epoch-1,1,4,cohens_d_train,0.009230172
pubmed,BundleSheaf,false,5,4,epoch-1,2,4,cohens_d_train,0.015665153
pubmed,BundleSheaf,false,5,4,epoch-1,3,4,cohens_d_train,0.012183634
pubmed,BundleSheaf,false,5,4,epoch-1,4,4,cohens_d_train,0.012789676
pubmed,BundleSheaf,false,5,4,epoch-1,0,4,cohens_d_test,0.15397018
pubmed,BundleSheaf,false,5,4,epoch-1,1,4,cohens_d_test,0.038981132
pubmed,BundleSheaf,false,5,4,epoch-1,2,4,cohens_d_test,0.0064096255
pubmed,BundleSheaf,false,5,4,epoch-1,3,4,cohens_d_test,0.032459415
pubmed,BundleSheaf,false,5,4,epoch-1,4,4,cohens_d_test,0.057594985
pubmed,BundleSheaf,false,5,4,epoch-1,0,5,degree,0.002105347700388647
pubmed,BundleSheaf,false,5,4,epoch-1,1,5,degree,0.8554231433307268
pubmed,BundleSheaf,false,5,4,epoch-1,2,5,degree,0.7882948101636014
pubmed,BundleSheaf,false,5,4,epoch-1,3,5,degree,0.651056229961162
pubmed,BundleSheaf,false,5,4,epoch-1,4,5,degree,0.5659256484063949
pubmed,BundleSheaf,false,5,4,epoch-1,0,5,betweenness,-0.0034268868346966253
pubmed,BundleSheaf,false,5,4,epoch-1,1,5,betweenness,0.7999919626378498
pubmed,BundleSheaf,false,5,4,epoch-1,2,5,betweenness,0.7289998214397857
pubmed,BundleSheaf,false,5,4,epoch-1,3,5,betweenness,0.5984655835025453
pubmed,BundleSheaf,false,5,4,epoch-1,4,5,betweenness,0.5188989464306347
pubmed,BundleSheaf,false,5,4,epoch-1,0,5,confidence,-0.06049227550385342
pubmed,BundleSheaf,false,5,4,epoch-1,1,5,confidence,0.38962320466167993
pubmed,BundleSheaf,false,5,4,epoch-1,2,5,confidence,0.7400496676887632
pubmed,BundleSheaf,false,5,4,epoch-1,3,5,confidence,0.8045876753143129
pubmed,BundleSheaf,false,5,4,epoch-1,4,5,confidence,0.8418218404095694
pubmed,BundleSheaf,false,5,4,epoch-1,0,5,saliency,-0.09134413135220527
pubmed,BundleSheaf,false,5,4,epoch-1,1,5,saliency,0.42191443498212533
pubmed,BundleSheaf,false,5,4,epoch-1,2,5,saliency,0.7791524591432667
pubmed,BundleSheaf,false,5,4,epoch-1,3,5,saliency,0.8518512154587687
pubmed,BundleSheaf,false,5,4,epoch-1,4,5,saliency,0.9172933106284538
pubmed,BundleSheaf,false,5,4,epoch-1,0,5,cohens_d_train,0.075528204
pubmed,BundleSheaf,false,5,4,epoch-1,1,5,cohens_d_train,0.051492594
pubmed,BundleSheaf,false,5,4,epoch-1,2,5,cohens_d_train,0.034659266
pubmed,BundleSheaf,false,5,4,epoch-1,3,5,cohens_d_train,0.008874785
pubmed,BundleSheaf,false,5,4,epoch-1,4,5,cohens_d_train,0.004029467
pubmed,BundleSheaf,false,5,4,epoch-1,0,5,cohens_d_test,0.09920033
pubmed,BundleSheaf,false,5,4,epoch-1,1,5,cohens_d_test,0.028517319
pubmed,BundleSheaf,false,5,4,epoch-1,2,5,cohens_d_test,0.0011099472
pubmed,BundleSheaf,false,5,4,epoch-1,3,5,cohens_d_test,0.027532872
pubmed,BundleSheaf,false,5,4,epoch-1,4,5,cohens_d_test,0.035952307
pubmed,BundleSheaf,false,5,4,epoch-1,0,6,degree,-0.08456343892813867
pubmed,BundleSheaf,false,5,4,epoch-1,1,6,degree,0.8480048583133089
pubmed,BundleSheaf,false,5,4,epoch-1,2,6,degree,0.7870374763219447
pubmed,BundleSheaf,false,5,4,epoch-1,3,6,degree,0.6450135512766031
pubmed,BundleSheaf,false,5,4,epoch-1,4,6,degree,0.5598590720059716
pubmed,BundleSheaf,false,5,4,epoch-1,0,6,betweenness,-0.059992713449909016
pubmed,BundleSheaf,false,5,4,epoch-1,1,6,betweenness,0.795024307865865
pubmed,BundleSheaf,false,5,4,epoch-1,2,6,betweenness,0.7283395777091879
pubmed,BundleSheaf,false,5,4,epoch-1,3,6,betweenness,0.5916702971895341
pubmed,BundleSheaf,false,5,4,epoch-1,4,6,betweenness,0.5133950182690898
pubmed,BundleSheaf,false,5,4,epoch-1,0,6,confidence,-0.09147803057109852
pubmed,BundleSheaf,false,5,4,epoch-1,1,6,confidence,0.3990466337577996
pubmed,BundleSheaf,false,5,4,epoch-1,2,6,confidence,0.7185816681405961
pubmed,BundleSheaf,false,5,4,epoch-1,3,6,confidence,0.7857878606279337
pubmed,BundleSheaf,false,5,4,epoch-1,4,6,confidence,0.8440565804973469
pubmed,BundleSheaf,false,5,4,epoch-1,0,6,saliency,-0.10954622328407633
pubmed,BundleSheaf,false,5,4,epoch-1,1,6,saliency,0.4813406487077062
pubmed,BundleSheaf,false,5,4,epoch-1,2,6,saliency,0.8497204079816704
pubmed,BundleSheaf,false,5,4,epoch-1,3,6,saliency,0.9270371713654761
pubmed,BundleSheaf,false,5,4,epoch-1,4,6,saliency,0.9512740510008268
pubmed,BundleSheaf,false,5,4,epoch-1,0,6,cohens_d_train,0.04723781
pubmed,BundleSheaf,false,5,4,epoch-1,1,6,cohens_d_train,0.062286705
pubmed,BundleSheaf,false,5,4,epoch-1,2,6,cohens_d_train,0.02733397
pubmed,BundleSheaf,false,5,4,epoch-1,3,6,cohens_d_train,0.01546502
pubmed,BundleSheaf,false,5,4,epoch-1,4,6,cohens_d_train,0.007277149
pubmed,BundleSheaf,false,5,4,epoch-1,0,6,cohens_d_test,0.005621954
pubmed,BundleSheaf,false,5,4,epoch-1,1,6,cohens_d_test,0.067082256
pubmed,BundleSheaf,false,5,4,epoch-1,2,6,cohens_d_test,0.031273372
pubmed,BundleSheaf,false,5,4,epoch-1,3,6,cohens_d_test,0.010288341
pubmed,BundleSheaf,false,5,4,epoch-1,4,6,cohens_d_test,0.008181505
pubmed,BundleSheaf,false,5,4,epoch-1,0,7,degree,0.0013141968490529823
pubmed,BundleSheaf,false,5,4,epoch-1,1,7,degree,0.8510579965256927
pubmed,BundleSheaf,false,5,4,epoch-1,2,7,degree,0.7885015363954484
pubmed,BundleSheaf,false,5,4,epoch-1,3,7,degree,0.6486060448025818
pubmed,BundleSheaf,false,5,4,epoch-1,4,7,degree,0.5674263440185866
pubmed,BundleSheaf,false,5,4,epoch-1,0,7,betweenness,-0.0006137674118919877
pubmed,BundleSheaf,false,5,4,epoch-1,1,7,betweenness,0.7965085030489321
pubmed,BundleSheaf,false,5,4,epoch-1,2,7,betweenness,0.7302713471795345
pubmed,BundleSheaf,false,5,4,epoch-1,3,7,betweenness,0.5959085513495791
pubmed,BundleSheaf,false,5,4,epoch-1,4,7,betweenness,0.521147515103382
pubmed,BundleSheaf,false,5,4,epoch-1,0,7,confidence,-0.05353659357207615
pubmed,BundleSheaf,false,5,4,epoch-1,1,7,confidence,0.3845406600375305
pubmed,BundleSheaf,false,5,4,epoch-1,2,7,confidence,0.7451040274543926
pubmed,BundleSheaf,false,5,4,epoch-1,3,7,confidence,0.8040127560874885
pubmed,BundleSheaf,false,5,4,epoch-1,4,7,confidence,0.8469015223153513
pubmed,BundleSheaf,false,5,4,epoch-1,0,7,saliency,-0.02185324638387827
pubmed,BundleSheaf,false,5,4,epoch-1,1,7,saliency,0.4789685269540202
pubmed,BundleSheaf,false,5,4,epoch-1,2,7,saliency,0.8456627840329756
pubmed,BundleSheaf,false,5,4,epoch-1,3,7,saliency,0.9165659149421479
pubmed,BundleSheaf,false,5,4,epoch-1,4,7,saliency,0.9375473705509442
pubmed,BundleSheaf,false,5,4,epoch-1,0,7,cohens_d_train,0.3436361
pubmed,BundleSheaf,false,5,4,epoch-1,1,7,cohens_d_train,0.026487952
pubmed,BundleSheaf,false,5,4,epoch-1,2,7,cohens_d_train,0.006557952
pubmed,BundleSheaf,false,5,4,epoch-1,3,7,cohens_d_train,0.019968929
pubmed,BundleSheaf,false,5,4,epoch-1,4,7,cohens_d_train,0.02316653
pubmed,BundleSheaf,false,5,4,epoch-1,0,7,cohens_d_test,0.34420955
pubmed,BundleSheaf,false,5,4,epoch-1,1,7,cohens_d_test,0.04893379
pubmed,BundleSheaf,false,5,4,epoch-1,2,7,cohens_d_test,0.019588605
pubmed,BundleSheaf,false,5,4,epoch-1,3,7,cohens_d_test,0.019178787
pubmed,BundleSheaf,false,5,4,epoch-1,4,7,cohens_d_test,0.023419097
pubmed,BundleSheaf,false,5,4,epoch-1,0,8,degree,0.07342495018351984
pubmed,BundleSheaf,false,5,4,epoch-1,1,8,degree,0.8427542838227158
pubmed,BundleSheaf,false,5,4,epoch-1,2,8,degree,0.789390351210123
pubmed,BundleSheaf,false,5,4,epoch-1,3,8,degree,0.6496614801623123
pubmed,BundleSheaf,false,5,4,epoch-1,4,8,degree,0.5678414530335008
pubmed,BundleSheaf,false,5,4,epoch-1,0,8,betweenness,0.045465779899586486
pubmed,BundleSheaf,false,5,4,epoch-1,1,8,betweenness,0.7855156383918499
pubmed,BundleSheaf,false,5,4,epoch-1,2,8,betweenness,0.7298402733872653
pubmed,BundleSheaf,false,5,4,epoch-1,3,8,betweenness,0.5975572759760857
pubmed,BundleSheaf,false,5,4,epoch-1,4,8,betweenness,0.5209230317402184
pubmed,BundleSheaf,false,5,4,epoch-1,0,8,confidence,0.0507730868785727
pubmed,BundleSheaf,false,5,4,epoch-1,1,8,confidence,0.4150454397067061
pubmed,BundleSheaf,false,5,4,epoch-1,2,8,confidence,0.7406573155984857
pubmed,BundleSheaf,false,5,4,epoch-1,3,8,confidence,0.8065386813699483
pubmed,BundleSheaf,false,5,4,epoch-1,4,8,confidence,0.8470832741872216
pubmed,BundleSheaf,false,5,4,epoch-1,0,8,saliency,0.06031023781637179
pubmed,BundleSheaf,false,5,4,epoch-1,1,8,saliency,0.49126982916690165
pubmed,BundleSheaf,false,5,4,epoch-1,2,8,saliency,0.8504883775964842
pubmed,BundleSheaf,false,5,4,epoch-1,3,8,saliency,0.9257319076781437
pubmed,BundleSheaf,false,5,4,epoch-1,4,8,saliency,0.9509776901249811
pubmed,BundleSheaf,false,5,4,epoch-1,0,8,cohens_d_train,0.100291476
pubmed,BundleSheaf,false,5,4,epoch-1,1,8,cohens_d_train,0.038970552
pubmed,BundleSheaf,false,5,4,epoch-1,2,8,cohens_d_train,0.0073891017
pubmed,BundleSheaf,false,5,4,epoch-1,3,8,cohens_d_train,0.007825799
pubmed,BundleSheaf,false,5,4,epoch-1,4,8,cohens_d_train,0.012184649
pubmed,BundleSheaf,false,5,4,epoch-1,0,8,cohens_d_test,0.15078758
pubmed,BundleSheaf,false,5,4,epoch-1,1,8,cohens_d_test,0.03199502
pubmed,BundleSheaf,false,5,4,epoch-1,2,8,cohens_d_test,0.024634527
pubmed,BundleSheaf,false,5,4,epoch-1,3,8,cohens_d_test,0.021510426
pubmed,BundleSheaf,false,5,4,epoch-1,4,8,cohens_d_test,0.005566895
pubmed,BundleSheaf,false,5,4,epoch-1,0,9,degree,0.03237031799444662
pubmed,BundleSheaf,false,5,4,epoch-1,1,9,degree,0.8559441858617607
pubmed,BundleSheaf,false,5,4,epoch-1,2,9,degree,0.7862434722643684
pubmed,BundleSheaf,false,5,4,epoch-1,3,9,degree,0.645028080419012
pubmed,BundleSheaf,false,5,4,epoch-1,4,9,degree,0.5719688121750605
pubmed,BundleSheaf,false,5,4,epoch-1,0,9,betweenness,0.006509535521956761
pubmed,BundleSheaf,false,5,4,epoch-1,1,9,betweenness,0.8000271235265796
pubmed,BundleSheaf,false,5,4,epoch-1,2,9,betweenness,0.7273930392641224
pubmed,BundleSheaf,false,5,4,epoch-1,3,9,betweenness,0.5934523090269651
pubmed,BundleSheaf,false,5,4,epoch-1,4,9,betweenness,0.5252600851013276
pubmed,BundleSheaf,false,5,4,epoch-1,0,9,confidence,0.05560222073383461
pubmed,BundleSheaf,false,5,4,epoch-1,1,9,confidence,0.4287149569999303
pubmed,BundleSheaf,false,5,4,epoch-1,2,9,confidence,0.7314172632507764
pubmed,BundleSheaf,false,5,4,epoch-1,3,9,confidence,0.800078398535487
pubmed,BundleSheaf,false,5,4,epoch-1,4,9,confidence,0.8406751708514308
pubmed,BundleSheaf,false,5,4,epoch-1,0,9,saliency,0.033781259627048366
pubmed,BundleSheaf,false,5,4,epoch-1,1,9,saliency,0.4874658129368604
pubmed,BundleSheaf,false,5,4,epoch-1,2,9,saliency,0.803089624461733
pubmed,BundleSheaf,false,5,4,epoch-1,3,9,saliency,0.8806454441980875
pubmed,BundleSheaf,false,5,4,epoch-1,4,9,saliency,0.9319020251187327
pubmed,BundleSheaf,false,5,4,epoch-1,0,9,cohens_d_train,0.19946025
pubmed,BundleSheaf,false,5,4,epoch-1,1,9,cohens_d_train,0.06808629
pubmed,BundleSheaf,false,5,4,epoch-1,2,9,cohens_d_train,0.0717709
pubmed,BundleSheaf,false,5,4,epoch-1,3,9,cohens_d_train,0.054292955
pubmed,BundleSheaf,false,5,4,epoch-1,4,9,cohens_d_train,0.045385465
pubmed,BundleSheaf,false,5,4,epoch-1,0,9,cohens_d_test,0.2349382
pubmed,BundleSheaf,false,5,4,epoch-1,1,9,cohens_d_test,0.081468225
pubmed,BundleSheaf,false,5,4,epoch-1,2,9,cohens_d_test,0.060374767
pubmed,BundleSheaf,false,5,4,epoch-1,3,9,cohens_d_test,0.034335848
pubmed,BundleSheaf,false,5,4,epoch-1,4,9,cohens_d_test,0.025338177
pubmed,BundleSheaf,false,5,4,epoch-5,0,0,degree,-0.10405112724823089
pubmed,BundleSheaf,false,5,4,epoch-5,1,0,degree,0.8309512371183211
pubmed,BundleSheaf,false,5,4,epoch-5,2,0,degree,0.7808445472227828
pubmed,BundleSheaf,false,5,4,epoch-5,3,0,degree,0.6420419261061835
pubmed,BundleSheaf,false,5,4,epoch-5,4,0,degree,0.5509435900791647
pubmed,BundleSheaf,false,5,4,epoch-5,0,0,betweenness,-0.06388000942165026
pubmed,BundleSheaf,false,5,4,epoch-5,1,0,betweenness,0.7802455941514046
pubmed,BundleSheaf,false,5,4,epoch-5,2,0,betweenness,0.722652312600546
pubmed,BundleSheaf,false,5,4,epoch-5,3,0,betweenness,0.5903927628225881
pubmed,BundleSheaf,false,5,4,epoch-5,4,0,betweenness,0.5063937954415882
pubmed,BundleSheaf,false,5,4,epoch-5,0,0,confidence,-0.06636854020360364
pubmed,BundleSheaf,false,5,4,epoch-5,1,0,confidence,0.4218749491247154
pubmed,BundleSheaf,false,5,4,epoch-5,2,0,confidence,0.7377035955866689
pubmed,BundleSheaf,false,5,4,epoch-5,3,0,confidence,0.8140408171118922
pubmed,BundleSheaf,false,5,4,epoch-5,4,0,confidence,0.8570298282980654
pubmed,BundleSheaf,false,5,4,epoch-5,0,0,saliency,-0.0987283472700838
pubmed,BundleSheaf,false,5,4,epoch-5,1,0,saliency,0.5184457369991898
pubmed,BundleSheaf,false,5,4,epoch-5,2,0,saliency,0.8487229174580616
pubmed,BundleSheaf,false,5,4,epoch-5,3,0,saliency,0.9203434865502826
pubmed,BundleSheaf,false,5,4,epoch-5,4,0,saliency,0.9289729815893686
pubmed,BundleSheaf,false,5,4,epoch-5,0,0,cohens_d_train,0.009391151
pubmed,BundleSheaf,false,5,4,epoch-5,1,0,cohens_d_train,0.13170777
pubmed,BundleSheaf,false,5,4,epoch-5,2,0,cohens_d_train,0.11874639
pubmed,BundleSheaf,false,5,4,epoch-5,3,0,cohens_d_train,0.09408459
pubmed,BundleSheaf,false,5,4,epoch-5,4,0,cohens_d_train,0.088350825
pubmed,BundleSheaf,false,5,4,epoch-5,0,0,cohens_d_test,0.062254235
pubmed,BundleSheaf,false,5,4,epoch-5,1,0,cohens_d_test,0.09711788
pubmed,BundleSheaf,false,5,4,epoch-5,2,0,cohens_d_test,0.0636677
pubmed,BundleSheaf,false,5,4,epoch-5,3,0,cohens_d_test,0.053225473
pubmed,BundleSheaf,false,5,4,epoch-5,4,0,cohens_d_test,0.050296728
pubmed,BundleSheaf,false,5,4,epoch-5,0,1,degree,0.05972507198244208
pubmed,BundleSheaf,false,5,4,epoch-5,1,1,degree,0.8400495509660771
pubmed,BundleSheaf,false,5,4,epoch-5,2,1,degree,0.7801590033007187
pubmed,BundleSheaf,false,5,4,epoch-5,3,1,degree,0.6333910345092458
pubmed,BundleSheaf,false,5,4,epoch-5,4,1,degree,0.5632240942398352
pubmed,BundleSheaf,false,5,4,epoch-5,0,1,betweenness,0.016689034817528568
pubmed,BundleSheaf,false,5,4,epoch-5,1,1,betweenness,0.7823680485916241
pubmed,BundleSheaf,false,5,4,epoch-5,2,1,betweenness,0.7223899353157964
pubmed,BundleSheaf,false,5,4,epoch-5,3,1,betweenness,0.5830985357740158
pubmed,BundleSheaf,false,5,4,epoch-5,4,1,betweenness,0.5162474156034437
pubmed,BundleSheaf,false,5,4,epoch-5,0,1,confidence,0.08955210576127365
pubmed,BundleSheaf,false,5,4,epoch-5,1,1,confidence,0.4653329352617378
pubmed,BundleSheaf,false,5,4,epoch-5,2,1,confidence,0.7441374398495522
pubmed,BundleSheaf,false,5,4,epoch-5,3,1,confidence,0.8133807405949381
pubmed,BundleSheaf,false,5,4,epoch-5,4,1,confidence,0.857891428617293
pubmed,BundleSheaf,false,5,4,epoch-5,0,1,saliency,0.10177061062660084
pubmed,BundleSheaf,false,5,4,epoch-5,1,1,saliency,0.532598146505561
pubmed,BundleSheaf,false,5,4,epoch-5,2,1,saliency,0.8233664523482536
pubmed,BundleSheaf,false,5,4,epoch-5,3,1,saliency,0.8965943139811671
pubmed,BundleSheaf,false,5,4,epoch-5,4,1,saliency,0.933712015046929
pubmed,BundleSheaf,false,5,4,epoch-5,0,1,cohens_d_train,0.12451033
pubmed,BundleSheaf,false,5,4,epoch-5,1,1,cohens_d_train,0.07262328
pubmed,BundleSheaf,false,5,4,epoch-5,2,1,cohens_d_train,0.043935366
pubmed,BundleSheaf,false,5,4,epoch-5,3,1,cohens_d_train,0.015330109
pubmed,BundleSheaf,false,5,4,epoch-5,4,1,cohens_d_train,0.008409263
pubmed,BundleSheaf,false,5,4,epoch-5,0,1,cohens_d_test,0.08524617
pubmed,BundleSheaf,false,5,4,epoch-5,1,1,cohens_d_test,0.03521622
pubmed,BundleSheaf,false,5,4,epoch-5,2,1,cohens_d_test,0.051174194
pubmed,BundleSheaf,false,5,4,epoch-5,3,1,cohens_d_test,0.045608673
pubmed,BundleSheaf,false,5,4,epoch-5,4,1,cohens_d_test,0.04015917
pubmed,BundleSheaf,false,5,4,epoch-5,0,2,degree,0.07232880592793048
pubmed,BundleSheaf,false,5,4,epoch-5,1,2,degree,0.8232291751450249
pubmed,BundleSheaf,false,5,4,epoch-5,2,2,degree,0.7847734045752143
pubmed,BundleSheaf,false,5,4,epoch-5,3,2,degree,0.6470795235724777
pubmed,BundleSheaf,false,5,4,epoch-5,4,2,degree,0.5571184700336989
pubmed,BundleSheaf,false,5,4,epoch-5,0,2,betweenness,0.02960061748315387
pubmed,BundleSheaf,false,5,4,epoch-5,1,2,betweenness,0.7623764480692323
pubmed,BundleSheaf,false,5,4,epoch-5,2,2,betweenness,0.7265555614482924
pubmed,BundleSheaf,false,5,4,epoch-5,3,2,betweenness,0.5952182699457713
pubmed,BundleSheaf,false,5,4,epoch-5,4,2,betweenness,0.5114344830521032
pubmed,BundleSheaf,false,5,4,epoch-5,0,2,confidence,0.06809197507590481
pubmed,BundleSheaf,false,5,4,epoch-5,1,2,confidence,0.423197032004537
pubmed,BundleSheaf,false,5,4,epoch-5,2,2,confidence,0.716664253007006
pubmed,BundleSheaf,false,5,4,epoch-5,3,2,confidence,0.7872343807954659
pubmed,BundleSheaf,false,5,4,epoch-5,4,2,confidence,0.8409356299095254
pubmed,BundleSheaf,false,5,4,epoch-5,0,2,saliency,0.07493682347774651
pubmed,BundleSheaf,false,5,4,epoch-5,1,2,saliency,0.5269469665584734
pubmed,BundleSheaf,false,5,4,epoch-5,2,2,saliency,0.8404439521403693
pubmed,BundleSheaf,false,5,4,epoch-5,3,2,saliency,0.9106160752581534
pubmed,BundleSheaf,false,5,4,epoch-5,4,2,saliency,0.919665706498384
pubmed,BundleSheaf,false,5,4,epoch-5,0,2,cohens_d_train,0.36103413
pubmed,BundleSheaf,false,5,4,epoch-5,1,2,cohens_d_train,0.117605895
pubmed,BundleSheaf,false,5,4,epoch-5,2,2,cohens_d_train,0.072941944
pubmed,BundleSheaf,false,5,4,epoch-5,3,2,cohens_d_train,0.050045736
pubmed,BundleSheaf,false,5,4,epoch-5,4,2,cohens_d_train,0.027320545
pubmed,BundleSheaf,false,5,4,epoch-5,0,2,cohens_d_test,0.3853473
pubmed,BundleSheaf,false,5,4,epoch-5,1,2,cohens_d_test,0.092004
pubmed,BundleSheaf,false,5,4,epoch-5,2,2,cohens_d_test,0.0718101
pubmed,BundleSheaf,false,5,4,epoch-5,3,2,cohens_d_test,0.06788049
pubmed,BundleSheaf,false,5,4,epoch-5,4,2,cohens_d_test,0.059948206
pubmed,BundleSheaf,false,5,4,epoch-5,0,3,degree,-0.0009402997919446311
pubmed,BundleSheaf,false,5,4,epoch-5,1,3,degree,0.8468014559430401
pubmed,BundleSheaf,false,5,4,epoch-5,2,3,degree,0.7797936852065795
pubmed,BundleSheaf,false,5,4,epoch-5,3,3,degree,0.6408164006777436
pubmed,BundleSheaf,false,5,4,epoch-5,4,3,degree,0.5576531251540684
pubmed,BundleSheaf,false,5,4,epoch-5,0,3,betweenness,-0.00620039360245457
pubmed,BundleSheaf,false,5,4,epoch-5,1,3,betweenness,0.791868680421396
pubmed,BundleSheaf,false,5,4,epoch-5,2,3,betweenness,0.7220667456977866
pubmed,BundleSheaf,false,5,4,epoch-5,3,3,betweenness,0.5885491831593362
pubmed,BundleSheaf,false,5,4,epoch-5,4,3,betweenness,0.5124224618547961
pubmed,BundleSheaf,false,5,4,epoch-5,0,3,confidence,0.05407037123174316
pubmed,BundleSheaf,false,5,4,epoch-5,1,3,confidence,0.42651559626484303
pubmed,BundleSheaf,false,5,4,epoch-5,2,3,confidence,0.7222220541307062
pubmed,BundleSheaf,false,5,4,epoch-5,3,3,confidence,0.8021196760023882
pubmed,BundleSheaf,false,5,4,epoch-5,4,3,confidence,0.8423716588523532
pubmed,BundleSheaf,false,5,4,epoch-5,0,3,saliency,0.023054612230970748
pubmed,BundleSheaf,false,5,4,epoch-5,1,3,saliency,0.5409164033365544
pubmed,BundleSheaf,false,5,4,epoch-5,2,3,saliency,0.8408628084302173
pubmed,BundleSheaf,false,5,4,epoch-5,3,3,saliency,0.903569427249641
pubmed,BundleSheaf,false,5,4,epoch-5,4,3,saliency,0.9030194298799358
pubmed,BundleSheaf,false,5,4,epoch-5,0,3,cohens_d_train,0.13502097
pubmed,BundleSheaf,false,5,4,epoch-5,1,3,cohens_d_train,0.025250215
pubmed,BundleSheaf,false,5,4,epoch-5,2,3,cohens_d_train,0.036698252
pubmed,BundleSheaf,false,5,4,epoch-5,3,3,cohens_d_train,0.034641065
pubmed,BundleSheaf,false,5,4,epoch-5,4,3,cohens_d_train,0.028090527
pubmed,BundleSheaf,false,5,4,epoch-5,0,3,cohens_d_test,0.16877331
pubmed,BundleSheaf,false,5,4,epoch-5,1,3,cohens_d_test,0.02125631
pubmed,BundleSheaf,false,5,4,epoch-5,2,3,cohens_d_test,0.05958811
pubmed,BundleSheaf,false,5,4,epoch-5,3,3,cohens_d_test,0.123448744
pubmed,BundleSheaf,false,5,4,epoch-5,4,3,cohens_d_test,0.18876994
pubmed,BundleSheaf,false,5,4,epoch-5,0,4,degree,-0.11526631921561534
pubmed,BundleSheaf,false,5,4,epoch-5,1,4,degree,0.8292745943262109
pubmed,BundleSheaf,false,5,4,epoch-5,2,4,degree,0.7810237139301761
pubmed,BundleSheaf,false,5,4,epoch-5,3,4,degree,0.6441741794696764
pubmed,BundleSheaf,false,5,4,epoch-5,4,4,degree,0.5610577479071497
pubmed,BundleSheaf,false,5,4,epoch-5,0,4,betweenness,-0.08257350923259617
pubmed,BundleSheaf,false,5,4,epoch-5,1,4,betweenness,0.7771167307881768
pubmed,BundleSheaf,false,5,4,epoch-5,2,4,betweenness,0.7232107003960384
pubmed,BundleSheaf,false,5,4,epoch-5,3,4,betweenness,0.5923315466479067
pubmed,BundleSheaf,false,5,4,epoch-5,4,4,betweenness,0.5145976573231561
pubmed,BundleSheaf,false,5,4,epoch-5,0,4,confidence,-0.09929689978824054
pubmed,BundleSheaf,false,5,4,epoch-5,1,4,confidence,0.42571863369800844
pubmed,BundleSheaf,false,5,4,epoch-5,2,4,confidence,0.7302286073630221
pubmed,BundleSheaf,false,5,4,epoch-5,3,4,confidence,0.8142983295643972
pubmed,BundleSheaf,false,5,4,epoch-5,4,4,confidence,0.8560928478235843
pubmed,BundleSheaf,false,5,4,epoch-5,0,4,saliency,-0.1304429693915362
pubmed,BundleSheaf,false,5,4,epoch-5,1,4,saliency,0.528265590728545
pubmed,BundleSheaf,false,5,4,epoch-5,2,4,saliency,0.8542066235819199
pubmed,BundleSheaf,false,5,4,epoch-5,3,4,saliency,0.930056017349672
pubmed,BundleSheaf,false,5,4,epoch-5,4,4,saliency,0.9518152169824615
pubmed,BundleSheaf,false,5,4,epoch-5,0,4,cohens_d_train,0.1047312
pubmed,BundleSheaf,false,5,4,epoch-5,1,4,cohens_d_train,0.023374442
pubmed,BundleSheaf,false,5,4,epoch-5,2,4,cohens_d_train,0.013911904
pubmed,BundleSheaf,false,5,4,epoch-5,3,4,cohens_d_train,0.00540079
pubmed,BundleSheaf,false,5,4,epoch-5,4,4,cohens_d_train,0.009426749
pubmed,BundleSheaf,false,5,4,epoch-5,0,4,cohens_d_test,0.057312787
pubmed,BundleSheaf,false,5,4,epoch-5,1,4,cohens_d_test,0.008168875
pubmed,BundleSheaf,false,5,4,epoch-5,2,4,cohens_d_test,0.009960042
pubmed,BundleSheaf,false,5,4,epoch-5,3,4,cohens_d_test,0.01975658
pubmed,BundleSheaf,false,5,4,epoch-5,4,4,cohens_d_test,0.019317074
pubmed,BundleSheaf,false,5,4,epoch-5,0,5,degree,0.009676227936554661
pubmed,BundleSheaf,false,5,4,epoch-5,1,5,degree,0.8542889069362832
pubmed,BundleSheaf,false,5,4,epoch-5,2,5,degree,0.7820054871326358
pubmed,BundleSheaf,false,5,4,epoch-5,3,5,degree,0.6398941109760766
pubmed,BundleSheaf,false,5,4,epoch-5,4,5,degree,0.5574044039722245
pubmed,BundleSheaf,false,5,4,epoch-5,0,5,betweenness,0.004036085558370312
pubmed,BundleSheaf,false,5,4,epoch-5,1,5,betweenness,0.7978049714109519
pubmed,BundleSheaf,false,5,4,epoch-5,2,5,betweenness,0.7238208086845392
pubmed,BundleSheaf,false,5,4,epoch-5,3,5,betweenness,0.5884264449195742
pubmed,BundleSheaf,false,5,4,epoch-5,4,5,betweenness,0.5112400469798252
pubmed,BundleSheaf,false,5,4,epoch-5,0,5,confidence,-0.023266110944582582
pubmed,BundleSheaf,false,5,4,epoch-5,1,5,confidence,0.37430251679079973
pubmed,BundleSheaf,false,5,4,epoch-5,2,5,confidence,0.7104197097313438
pubmed,BundleSheaf,false,5,4,epoch-5,3,5,confidence,0.7944477737434663
pubmed,BundleSheaf,false,5,4,epoch-5,4,5,confidence,0.8403148407944392
pubmed,BundleSheaf,false,5,4,epoch-5,0,5,saliency,-0.02870108758070907
pubmed,BundleSheaf,false,5,4,epoch-5,1,5,saliency,0.4987353304919291
pubmed,BundleSheaf,false,5,4,epoch-5,2,5,saliency,0.8536945881897462
pubmed,BundleSheaf,false,5,4,epoch-5,3,5,saliency,0.9252480685409845
pubmed,BundleSheaf,false,5,4,epoch-5,4,5,saliency,0.9391067038506875
pubmed,BundleSheaf,false,5,4,epoch-5,0,5,cohens_d_train,0.027027182
pubmed,BundleSheaf,false,5,4,epoch-5,1,5,cohens_d_train,0.013211214
pubmed,BundleSheaf,false,5,4,epoch-5,2,5,cohens_d_train,0.051299278
pubmed,BundleSheaf,false,5,4,epoch-5,3,5,cohens_d_train,0.048664153
pubmed,BundleSheaf,false,5,4,epoch-5,4,5,cohens_d_train,0.04065066
pubmed,BundleSheaf,false,5,4,epoch-5,0,5,cohens_d_test,0.09473973
pubmed,BundleSheaf,false,5,4,epoch-5,1,5,cohens_d_test,0.00816458
pubmed,BundleSheaf,false,5,4,epoch-5,2,5,cohens_d_test,0.035984445
pubmed,BundleSheaf,false,5,4,epoch-5,3,5,cohens_d_test,0.048466027
pubmed,BundleSheaf,false,5,4,epoch-5,4,5,cohens_d_test,0.04936084
pubmed,BundleSheaf,false,5,4,epoch-5,0,6,degree,-0.12600020505960188
pubmed,BundleSheaf,false,5,4,epoch-5,1,6,degree,0.7908727287580194
pubmed,BundleSheaf,false,5,4,epoch-5,2,6,degree,0.7810735540157436
pubmed,BundleSheaf,false,5,4,epoch-5,3,6,degree,0.6355444262580452
pubmed,BundleSheaf,false,5,4,epoch-5,4,6,degree,0.5513329821467886
pubmed,BundleSheaf,false,5,4,epoch-5,0,6,betweenness,-0.08295794866188784
pubmed,BundleSheaf,false,5,4,epoch-5,1,6,betweenness,0.7432118328831482
pubmed,BundleSheaf,false,5,4,epoch-5,2,6,betweenness,0.7232347452408536
pubmed,BundleSheaf,false,5,4,epoch-5,3,6,betweenness,0.5835776709778902
pubmed,BundleSheaf,false,5,4,epoch-5,4,6,betweenness,0.5070819395011026
pubmed,BundleSheaf,false,5,4,epoch-5,0,6,confidence,-0.048089636226073484
pubmed,BundleSheaf,false,5,4,epoch-5,1,6,confidence,0.3697831135104297
pubmed,BundleSheaf,false,5,4,epoch-5,2,6,confidence,0.7105077978106265
pubmed,BundleSheaf,false,5,4,epoch-5,3,6,confidence,0.8046411295000673
pubmed,BundleSheaf,false,5,4,epoch-5,4,6,confidence,0.8541564511360131
pubmed,BundleSheaf,false,5,4,epoch-5,0,6,saliency,-0.06280834131870414
pubmed,BundleSheaf,false,5,4,epoch-5,1,6,saliency,0.4842853381502805
pubmed,BundleSheaf,false,5,4,epoch-5,2,6,saliency,0.8332968849233512
pubmed,BundleSheaf,false,5,4,epoch-5,3,6,saliency,0.9064700442974448
pubmed,BundleSheaf,false,5,4,epoch-5,4,6,saliency,0.9142687480343601
pubmed,BundleSheaf,false,5,4,epoch-5,0,6,cohens_d_train,0.2777184
pubmed,BundleSheaf,false,5,4,epoch-5,1,6,cohens_d_train,0.06363796
pubmed,BundleSheaf,false,5,4,epoch-5,2,6,cohens_d_train,0.017654559
pubmed,BundleSheaf,false,5,4,epoch-5,3,6,cohens_d_train,0.014530239
pubmed,BundleSheaf,false,5,4,epoch-5,4,6,cohens_d_train,0.023040134
pubmed,BundleSheaf,false,5,4,epoch-5,0,6,cohens_d_test,0.2798472
pubmed,BundleSheaf,false,5,4,epoch-5,1,6,cohens_d_test,0.056834105
pubmed,BundleSheaf,false,5,4,epoch-5,2,6,cohens_d_test,0.017629195
pubmed,BundleSheaf,false,5,4,epoch-5,3,6,cohens_d_test,0.0062358403
pubmed,BundleSheaf,false,5,4,epoch-5,4,6,cohens_d_test,0.00025417263
pubmed,BundleSheaf,false,5,4,epoch-5,0,7,degree,0.03483098676253358
pubmed,BundleSheaf,false,5,4,epoch-5,1,7,degree,0.8067097143773189
pubmed,BundleSheaf,false,5,4,epoch-5,2,7,degree,0.7815402281658952
pubmed,BundleSheaf,false,5,4,epoch-5,3,7,degree,0.6383444460049498
pubmed,BundleSheaf,false,5,4,epoch-5,4,7,degree,0.5633434698297264
pubmed,BundleSheaf,false,5,4,epoch-5,0,7,betweenness,0.026430792760597475
pubmed,BundleSheaf,false,5,4,epoch-5,1,7,betweenness,0.7545099368708117
pubmed,BundleSheaf,false,5,4,epoch-5,2,7,betweenness,0.7237124213635442
pubmed,BundleSheaf,false,5,4,epoch-5,3,7,betweenness,0.5870337242407383
pubmed,BundleSheaf,false,5,4,epoch-5,4,7,betweenness,0.5179353871667609
pubmed,BundleSheaf,false,5,4,epoch-5,0,7,confidence,-0.012360429417984781
pubmed,BundleSheaf,false,5,4,epoch-5,1,7,confidence,0.38227164407605463
pubmed,BundleSheaf,false,5,4,epoch-5,2,7,confidence,0.7312042345901313
pubmed,BundleSheaf,false,5,4,epoch-5,3,7,confidence,0.799963684015573
pubmed,BundleSheaf,false,5,4,epoch-5,4,7,confidence,0.8406108653706134
pubmed,BundleSheaf,false,5,4,epoch-5,0,7,saliency,0.028590113184139343
pubmed,BundleSheaf,false,5,4,epoch-5,1,7,saliency,0.4683309387209534
pubmed,BundleSheaf,false,5,4,epoch-5,2,7,saliency,0.803600532307122
pubmed,BundleSheaf,false,5,4,epoch-5,3,7,saliency,0.8687107711982717
pubmed,BundleSheaf,false,5,4,epoch-5,4,7,saliency,0.9056392094825139
pubmed,BundleSheaf,false,5,4,epoch-5,0,7,cohens_d_train,0.30505723
pubmed,BundleSheaf,false,5,4,epoch-5,1,7,cohens_d_train,0.0338042
pubmed,BundleSheaf,false,5,4,epoch-5,2,7,cohens_d_train,0.03849534
pubmed,BundleSheaf,false,5,4,epoch-5,3,7,cohens_d_train,0.036258887
pubmed,BundleSheaf,false,5,4,epoch-5,4,7,cohens_d_train,0.031840425
pubmed,BundleSheaf,false,5,4,epoch-5,0,7,cohens_d_test,0.27616683
pubmed,BundleSheaf,false,5,4,epoch-5,1,7,cohens_d_test,0.035323974
pubmed,BundleSheaf,false,5,4,epoch-5,2,7,cohens_d_test,0.026148608
pubmed,BundleSheaf,false,5,4,epoch-5,3,7,cohens_d_test,0.019683346
pubmed,BundleSheaf,false,5,4,epoch-5,4,7,cohens_d_test,0.007481424
pubmed,BundleSheaf,false,5,4,epoch-5,0,8,degree,0.03682147380608912
pubmed,BundleSheaf,false,5,4,epoch-5,1,8,degree,0.8504682760448301
pubmed,BundleSheaf,false,5,4,epoch-5,2,8,degree,0.7828539280637331
pubmed,BundleSheaf,false,5,4,epoch-5,3,8,degree,0.6421458235337935
pubmed,BundleSheaf,false,5,4,epoch-5,4,8,degree,0.5529397107955726
pubmed,BundleSheaf,false,5,4,epoch-5,0,8,betweenness,0.01617866908745395
pubmed,BundleSheaf,false,5,4,epoch-5,1,8,betweenness,0.7938415211079816
pubmed,BundleSheaf,false,5,4,epoch-5,2,8,betweenness,0.7241746083146154
pubmed,BundleSheaf,false,5,4,epoch-5,3,8,betweenness,0.5905928802296662
pubmed,BundleSheaf,false,5,4,epoch-5,4,8,betweenness,0.5088684870507254
pubmed,BundleSheaf,false,5,4,epoch-5,0,8,confidence,0.0836816422934886
pubmed,BundleSheaf,false,5,4,epoch-5,1,8,confidence,0.41838943693550956
pubmed,BundleSheaf,false,5,4,epoch-5,2,8,confidence,0.7173899056085453
pubmed,BundleSheaf,false,5,4,epoch-5,3,8,confidence,0.7948795961141817
pubmed,BundleSheaf,false,5,4,epoch-5,4,8,confidence,0.8491615657310682
pubmed,BundleSheaf,false,5,4,epoch-5,0,8,saliency,0.06583478749220795
pubmed,BundleSheaf,false,5,4,epoch-5,1,8,saliency,0.5367953106555501
pubmed,BundleSheaf,false,5,4,epoch-5,2,8,saliency,0.8583948292432533
pubmed,BundleSheaf,false,5,4,epoch-5,3,8,saliency,0.9264447836086268
pubmed,BundleSheaf,false,5,4,epoch-5,4,8,saliency,0.9207401155670887
pubmed,BundleSheaf,false,5,4,epoch-5,0,8,cohens_d_train,0.211885
pubmed,BundleSheaf,false,5,4,epoch-5,1,8,cohens_d_train,0.010440383
pubmed,BundleSheaf,false,5,4,epoch-5,2,8,cohens_d_train,0.027966354
pubmed,BundleSheaf,false,5,4,epoch-5,3,8,cohens_d_train,0.025739165
pubmed,BundleSheaf,false,5,4,epoch-5,4,8,cohens_d_train,0.02970907
pubmed,BundleSheaf,false,5,4,epoch-5,0,8,cohens_d_test,0.18594435
pubmed,BundleSheaf,false,5,4,epoch-5,1,8,cohens_d_test,0.053933494
pubmed,BundleSheaf,false,5,4,epoch-5,2,8,cohens_d_test,0.01335495
pubmed,BundleSheaf,false,5,4,epoch-5,3,8,cohens_d_test,0.011681503
pubmed,BundleSheaf,false,5,4,epoch-5,4,8,cohens_d_test,0.013498054
pubmed,BundleSheaf,false,5,4,epoch-5,0,9,degree,-0.035366032226255145
pubmed,BundleSheaf,false,5,4,epoch-5,1,9,degree,0.8372352065422661
pubmed,BundleSheaf,false,5,4,epoch-5,2,9,degree,0.7777453529037717
pubmed,BundleSheaf,false,5,4,epoch-5,3,9,degree,0.6335518298157286
pubmed,BundleSheaf,false,5,4,epoch-5,4,9,degree,0.5557875478712028
pubmed,BundleSheaf,false,5,4,epoch-5,0,9,betweenness,-0.03220766835629267
pubmed,BundleSheaf,false,5,4,epoch-5,1,9,betweenness,0.7811130483512535
pubmed,BundleSheaf,false,5,4,epoch-5,2,9,betweenness,0.7199803594177667
pubmed,BundleSheaf,false,5,4,epoch-5,3,9,betweenness,0.5814249878499987
pubmed,BundleSheaf,false,5,4,epoch-5,4,9,betweenness,0.5113201844642234
pubmed,BundleSheaf,false,5,4,epoch-5,0,9,confidence,0.07435469265674843
pubmed,BundleSheaf,false,5,4,epoch-5,1,9,confidence,0.42392036610695527
pubmed,BundleSheaf,false,5,4,epoch-5,2,9,confidence,0.7279274908994884
pubmed,BundleSheaf,false,5,4,epoch-5,3,9,confidence,0.8069497684820844
pubmed,BundleSheaf,false,5,4,epoch-5,4,9,confidence,0.8562719698958418
pubmed,BundleSheaf,false,5,4,epoch-5,0,9,saliency,0.004146228639276031
pubmed,BundleSheaf,false,5,4,epoch-5,1,9,saliency,0.5018599382497841
pubmed,BundleSheaf,false,5,4,epoch-5,2,9,saliency,0.8244458947254646
pubmed,BundleSheaf,false,5,4,epoch-5,3,9,saliency,0.9040996167524161
pubmed,BundleSheaf,false,5,4,epoch-5,4,9,saliency,0.9184832787589073
pubmed,BundleSheaf,false,5,4,epoch-5,0,9,cohens_d_train,0.42779517
pubmed,BundleSheaf,false,5,4,epoch-5,1,9,cohens_d_train,0.011168917
pubmed,BundleSheaf,false,5,4,epoch-5,2,9,cohens_d_train,0.010973514
pubmed,BundleSheaf,false,5,4,epoch-5,3,9,cohens_d_train,0.010543193
pubmed,BundleSheaf,false,5,4,epoch-5,4,9,cohens_d_train,0.009635974
pubmed,BundleSheaf,false,5,4,epoch-5,0,9,cohens_d_test,0.4267396
pubmed,BundleSheaf,false,5,4,epoch-5,1,9,cohens_d_test,0.0011144703
pubmed,BundleSheaf,false,5,4,epoch-5,2,9,cohens_d_test,0.02561891
pubmed,BundleSheaf,false,5,4,epoch-5,3,9,cohens_d_test,0.034462422
pubmed,BundleSheaf,false,5,4,epoch-5,4,9,cohens_d_test,0.041125566
pubmed,BundleSheaf,false,5,4,epoch-15,0,0,degree,-0.1281212944408846
pubmed,BundleSheaf,false,5,4,epoch-15,1,0,degree,0.8166640647374255
pubmed,BundleSheaf,false,5,4,epoch-15,2,0,degree,0.7764928532473552
pubmed,BundleSheaf,false,5,4,epoch-15,3,0,degree,0.6342734613591392
pubmed,BundleSheaf,false,5,4,epoch-15,4,0,degree,0.5462137083125808
pubmed,BundleSheaf,false,5,4,epoch-15,0,0,betweenness,-0.08225990979066007
pubmed,BundleSheaf,false,5,4,epoch-15,1,0,betweenness,0.7682918132091995
pubmed,BundleSheaf,false,5,4,epoch-15,2,0,betweenness,0.719238170891687
pubmed,BundleSheaf,false,5,4,epoch-15,3,0,betweenness,0.5830468333937626
pubmed,BundleSheaf,false,5,4,epoch-15,4,0,betweenness,0.502163060077774
pubmed,BundleSheaf,false,5,4,epoch-15,0,0,confidence,-0.049536882104783124
pubmed,BundleSheaf,false,5,4,epoch-15,1,0,confidence,0.4399621567877915
pubmed,BundleSheaf,false,5,4,epoch-15,2,0,confidence,0.7250189509919028
pubmed,BundleSheaf,false,5,4,epoch-15,3,0,confidence,0.8137697087030894
pubmed,BundleSheaf,false,5,4,epoch-15,4,0,confidence,0.8714649023712111
pubmed,BundleSheaf,false,5,4,epoch-15,0,0,saliency,-0.11298848611274653
pubmed,BundleSheaf,false,5,4,epoch-15,1,0,saliency,0.5129989888853447
pubmed,BundleSheaf,false,5,4,epoch-15,2,0,saliency,0.8502075174308206
pubmed,BundleSheaf,false,5,4,epoch-15,3,0,saliency,0.9107681747666269
pubmed,BundleSheaf,false,5,4,epoch-15,4,0,saliency,0.8987971957581341
pubmed,BundleSheaf,false,5,4,epoch-15,0,0,cohens_d_train,0.027813213
pubmed,BundleSheaf,false,5,4,epoch-15,1,0,cohens_d_train,0.050726466
pubmed,BundleSheaf,false,5,4,epoch-15,2,0,cohens_d_train,0.05199889
pubmed,BundleSheaf,false,5,4,epoch-15,3,0,cohens_d_train,0.054565422
pubmed,BundleSheaf,false,5,4,epoch-15,4,0,cohens_d_train,0.064939015
pubmed,BundleSheaf,false,5,4,epoch-15,0,0,cohens_d_test,0.028883403
pubmed,BundleSheaf,false,5,4,epoch-15,1,0,cohens_d_test,0.014525626
pubmed,BundleSheaf,false,5,4,epoch-15,2,0,cohens_d_test,0.033857297
pubmed,BundleSheaf,false,5,4,epoch-15,3,0,cohens_d_test,0.033605132
pubmed,BundleSheaf,false,5,4,epoch-15,4,0,cohens_d_test,0.03033943
pubmed,BundleSheaf,false,5,4,epoch-15,0,1,degree,-0.025330139251649873
pubmed,BundleSheaf,false,5,4,epoch-15,1,1,degree,0.8212448129921165
pubmed,BundleSheaf,false,5,4,epoch-15,2,1,degree,0.77472350573312
pubmed,BundleSheaf,false,5,4,epoch-15,3,1,degree,0.6274416952816518
pubmed,BundleSheaf,false,5,4,epoch-15,4,1,degree,0.5576441528529028
pubmed,BundleSheaf,false,5,4,epoch-15,0,1,betweenness,-0.03467594765225535
pubmed,BundleSheaf,false,5,4,epoch-15,1,1,betweenness,0.7640199726640329
pubmed,BundleSheaf,false,5,4,epoch-15,2,1,betweenness,0.7171465146400505
pubmed,BundleSheaf,false,5,4,epoch-15,3,1,betweenness,0.5775540700713437
pubmed,BundleSheaf,false,5,4,epoch-15,4,1,betweenness,0.5129336915460565
pubmed,BundleSheaf,false,5,4,epoch-15,0,1,confidence,0.05189795187311776
pubmed,BundleSheaf,false,5,4,epoch-15,1,1,confidence,0.46937595153047285
pubmed,BundleSheaf,false,5,4,epoch-15,2,1,confidence,0.7399731190009291
pubmed,BundleSheaf,false,5,4,epoch-15,3,1,confidence,0.8201407595666095
pubmed,BundleSheaf,false,5,4,epoch-15,4,1,confidence,0.8730199487341468
pubmed,BundleSheaf,false,5,4,epoch-15,0,1,saliency,0.01854472297319387
pubmed,BundleSheaf,false,5,4,epoch-15,1,1,saliency,0.5433862851440411
pubmed,BundleSheaf,false,5,4,epoch-15,2,1,saliency,0.8450449384140111
pubmed,BundleSheaf,false,5,4,epoch-15,3,1,saliency,0.9065481475141508
pubmed,BundleSheaf,false,5,4,epoch-15,4,1,saliency,0.9146823897005188
pubmed,BundleSheaf,false,5,4,epoch-15,0,1,cohens_d_train,0.28400615
pubmed,BundleSheaf,false,5,4,epoch-15,1,1,cohens_d_train,0.06741043
pubmed,BundleSheaf,false,5,4,epoch-15,2,1,cohens_d_train,0.040861335
pubmed,BundleSheaf,false,5,4,epoch-15,3,1,cohens_d_train,0.014117263
pubmed,BundleSheaf,false,5,4,epoch-15,4,1,cohens_d_train,0.013064884
pubmed,BundleSheaf,false,5,4,epoch-15,0,1,cohens_d_test,0.24944064
pubmed,BundleSheaf,false,5,4,epoch-15,1,1,cohens_d_test,0.06378195
pubmed,BundleSheaf,false,5,4,epoch-15,2,1,cohens_d_test,0.049696587
pubmed,BundleSheaf,false,5,4,epoch-15,3,1,cohens_d_test,0.024273396
pubmed,BundleSheaf,false,5,4,epoch-15,4,1,cohens_d_test,0.018883929
pubmed,BundleSheaf,false,5,4,epoch-15,0,2,degree,0.047551313016463766
pubmed,BundleSheaf,false,5,4,epoch-15,1,2,degree,0.8126430328938173
pubmed,BundleSheaf,false,5,4,epoch-15,2,2,degree,0.7833074049431168
pubmed,BundleSheaf,false,5,4,epoch-15,3,2,degree,0.6414950715970202
pubmed,BundleSheaf,false,5,4,epoch-15,4,2,degree,0.551818236026056
pubmed,BundleSheaf,false,5,4,epoch-15,0,2,betweenness,0.014775199238813562
pubmed,BundleSheaf,false,5,4,epoch-15,1,2,betweenness,0.7529051279132604
pubmed,BundleSheaf,false,5,4,epoch-15,2,2,betweenness,0.7252244864695858
pubmed,BundleSheaf,false,5,4,epoch-15,3,2,betweenness,0.5889968101881098
pubmed,BundleSheaf,false,5,4,epoch-15,4,2,betweenness,0.5059319974540746
pubmed,BundleSheaf,false,5,4,epoch-15,0,2,confidence,0.10295079715723168
pubmed,BundleSheaf,false,5,4,epoch-15,1,2,confidence,0.45449820472527763
pubmed,BundleSheaf,false,5,4,epoch-15,2,2,confidence,0.7116611823329534
pubmed,BundleSheaf,false,5,4,epoch-15,3,2,confidence,0.7896278301034076
pubmed,BundleSheaf,false,5,4,epoch-15,4,2,confidence,0.8572527243063577
pubmed,BundleSheaf,false,5,4,epoch-15,0,2,saliency,0.08988748451918005
pubmed,BundleSheaf,false,5,4,epoch-15,1,2,saliency,0.5414660097557198
pubmed,BundleSheaf,false,5,4,epoch-15,2,2,saliency,0.8316562453711169
pubmed,BundleSheaf,false,5,4,epoch-15,3,2,saliency,0.9005146688490323
pubmed,BundleSheaf,false,5,4,epoch-15,4,2,saliency,0.9072987627741714
pubmed,BundleSheaf,false,5,4,epoch-15,0,2,cohens_d_train,0.34129202
pubmed,BundleSheaf,false,5,4,epoch-15,1,2,cohens_d_train,0.09566629
pubmed,BundleSheaf,false,5,4,epoch-15,2,2,cohens_d_train,0.074919045
pubmed,BundleSheaf,false,5,4,epoch-15,3,2,cohens_d_train,0.058719523
pubmed,BundleSheaf,false,5,4,epoch-15,4,2,cohens_d_train,0.05639916
pubmed,BundleSheaf,false,5,4,epoch-15,0,2,cohens_d_test,0.31422716
pubmed,BundleSheaf,false,5,4,epoch-15,1,2,cohens_d_test,0.029764583
pubmed,BundleSheaf,false,5,4,epoch-15,2,2,cohens_d_test,0.0019299877
pubmed,BundleSheaf,false,5,4,epoch-15,3,2,cohens_d_test,0.016859647
pubmed,BundleSheaf,false,5,4,epoch-15,4,2,cohens_d_test,0.020161573
pubmed,BundleSheaf,false,5,4,epoch-15,0,3,degree,-0.010635793173942334
pubmed,BundleSheaf,false,5,4,epoch-15,1,3,degree,0.8380225261532172
pubmed,BundleSheaf,false,5,4,epoch-15,2,3,degree,0.7758357862270292
pubmed,BundleSheaf,false,5,4,epoch-15,3,3,degree,0.630592471117506
pubmed,BundleSheaf,false,5,4,epoch-15,4,3,degree,0.5462787392045899
pubmed,BundleSheaf,false,5,4,epoch-15,0,3,betweenness,-0.01281056428048452
pubmed,BundleSheaf,false,5,4,epoch-15,1,3,betweenness,0.7849870373085769
pubmed,BundleSheaf,false,5,4,epoch-15,2,3,betweenness,0.7189350421377468
pubmed,BundleSheaf,false,5,4,epoch-15,3,3,betweenness,0.5795882474969324
pubmed,BundleSheaf,false,5,4,epoch-15,4,3,betweenness,0.5024132135016226
pubmed,BundleSheaf,false,5,4,epoch-15,0,3,confidence,0.07283865762223357
pubmed,BundleSheaf,false,5,4,epoch-15,1,3,confidence,0.45655373251780534
pubmed,BundleSheaf,false,5,4,epoch-15,2,3,confidence,0.7460676021752441
pubmed,BundleSheaf,false,5,4,epoch-15,3,3,confidence,0.826970127775431
pubmed,BundleSheaf,false,5,4,epoch-15,4,3,confidence,0.8539915763601501
pubmed,BundleSheaf,false,5,4,epoch-15,0,3,saliency,0.02684439409149786
pubmed,BundleSheaf,false,5,4,epoch-15,1,3,saliency,0.5461921950868623
pubmed,BundleSheaf,false,5,4,epoch-15,2,3,saliency,0.834193780513367
pubmed,BundleSheaf,false,5,4,epoch-15,3,3,saliency,0.8907448279576407
pubmed,BundleSheaf,false,5,4,epoch-15,4,3,saliency,0.8611627085728951
pubmed,BundleSheaf,false,5,4,epoch-15,0,3,cohens_d_train,0.13793272
pubmed,BundleSheaf,false,5,4,epoch-15,1,3,cohens_d_train,0.034696236
pubmed,BundleSheaf,false,5,4,epoch-15,2,3,cohens_d_train,0.0067252456
pubmed,BundleSheaf,false,5,4,epoch-15,3,3,cohens_d_train,0.018660644
pubmed,BundleSheaf,false,5,4,epoch-15,4,3,cohens_d_train,0.018902985
pubmed,BundleSheaf,false,5,4,epoch-15,0,3,cohens_d_test,0.13507909
pubmed,BundleSheaf,false,5,4,epoch-15,1,3,cohens_d_test,0.007180515
pubmed,BundleSheaf,false,5,4,epoch-15,2,3,cohens_d_test,0.046839654
pubmed,BundleSheaf,false,5,4,epoch-15,3,3,cohens_d_test,0.03937085
pubmed,BundleSheaf,false,5,4,epoch-15,4,3,cohens_d_test,0.045236364
pubmed,BundleSheaf,false,5,4,epoch-15,0,4,degree,-0.02974088434577862
pubmed,BundleSheaf,false,5,4,epoch-15,1,4,degree,0.8299496298118613
pubmed,BundleSheaf,false,5,4,epoch-15,2,4,degree,0.7715534946498758
pubmed,BundleSheaf,false,5,4,epoch-15,3,4,degree,0.6353237229191645
pubmed,BundleSheaf,false,5,4,epoch-15,4,4,degree,0.5572000308127678
pubmed,BundleSheaf,false,5,4,epoch-15,0,4,betweenness,-0.03414620417475568
pubmed,BundleSheaf,false,5,4,epoch-15,1,4,betweenness,0.7744377950549973
pubmed,BundleSheaf,false,5,4,epoch-15,2,4,betweenness,0.7148050861047293
pubmed,BundleSheaf,false,5,4,epoch-15,3,4,betweenness,0.5841828356686042
pubmed,BundleSheaf,false,5,4,epoch-15,4,4,betweenness,0.5117943663240849
pubmed,BundleSheaf,false,5,4,epoch-15,0,4,confidence,-0.018178969081565577
pubmed,BundleSheaf,false,5,4,epoch-15,1,4,confidence,0.46103808982675226
pubmed,BundleSheaf,false,5,4,epoch-15,2,4,confidence,0.7556393920794892
pubmed,BundleSheaf,false,5,4,epoch-15,3,4,confidence,0.8278845084780686
pubmed,BundleSheaf,false,5,4,epoch-15,4,4,confidence,0.8583198605591925
pubmed,BundleSheaf,false,5,4,epoch-15,0,4,saliency,-0.0400955792578431
pubmed,BundleSheaf,false,5,4,epoch-15,1,4,saliency,0.5335502232766038
pubmed,BundleSheaf,false,5,4,epoch-15,2,4,saliency,0.8327928556204172
pubmed,BundleSheaf,false,5,4,epoch-15,3,4,saliency,0.908048089677955
pubmed,BundleSheaf,false,5,4,epoch-15,4,4,saliency,0.9294905361102958
pubmed,BundleSheaf,false,5,4,epoch-15,0,4,cohens_d_train,0.19534601
pubmed,BundleSheaf,false,5,4,epoch-15,1,4,cohens_d_train,0.07786317
pubmed,BundleSheaf,false,5,4,epoch-15,2,4,cohens_d_train,0.0703402
pubmed,BundleSheaf,false,5,4,epoch-15,3,4,cohens_d_train,0.06456339
pubmed,BundleSheaf,false,5,4,epoch-15,4,4,cohens_d_train,0.061884977
pubmed,BundleSheaf,false,5,4,epoch-15,0,4,cohens_d_test,0.16971081
pubmed,BundleSheaf,false,5,4,epoch-15,1,4,cohens_d_test,0.001458204
pubmed,BundleSheaf,false,5,4,epoch-15,2,4,cohens_d_test,0.0017140749
pubmed,BundleSheaf,false,5,4,epoch-15,3,4,cohens_d_test,0.008036636
pubmed,BundleSheaf,false,5,4,epoch-15,4,4,cohens_d_test,0.048109878
pubmed,BundleSheaf,false,5,4,epoch-15,0,5,degree,0.01537454366398966
pubmed,BundleSheaf,false,5,4,epoch-15,1,5,degree,0.8494614075610439
pubmed,BundleSheaf,false,5,4,epoch-15,2,5,degree,0.7752818983992974
pubmed,BundleSheaf,false,5,4,epoch-15,3,5,degree,0.6337580569334594
pubmed,BundleSheaf,false,5,4,epoch-15,4,5,degree,0.556339535110013
pubmed,BundleSheaf,false,5,4,epoch-15,0,5,betweenness,0.005678873916231576
pubmed,BundleSheaf,false,5,4,epoch-15,1,5,betweenness,0.7927566460670679
pubmed,BundleSheaf,false,5,4,epoch-15,2,5,betweenness,0.7180321407693085
pubmed,BundleSheaf,false,5,4,epoch-15,3,5,betweenness,0.5838295089485348
pubmed,BundleSheaf,false,5,4,epoch-15,4,5,betweenness,0.5103528465203571
pubmed,BundleSheaf,false,5,4,epoch-15,0,5,confidence,0.030786816354944763
pubmed,BundleSheaf,false,5,4,epoch-15,1,5,confidence,0.42223636468021836
pubmed,BundleSheaf,false,5,4,epoch-15,2,5,confidence,0.7281026282164867
pubmed,BundleSheaf,false,5,4,epoch-15,3,5,confidence,0.8118290024971957
pubmed,BundleSheaf,false,5,4,epoch-15,4,5,confidence,0.8559397360274923
pubmed,BundleSheaf,false,5,4,epoch-15,0,5,saliency,-0.0034847193367023017
pubmed,BundleSheaf,false,5,4,epoch-15,1,5,saliency,0.5242864224787578
pubmed,BundleSheaf,false,5,4,epoch-15,2,5,saliency,0.8485427420453764
pubmed,BundleSheaf,false,5,4,epoch-15,3,5,saliency,0.9147391672654022
pubmed,BundleSheaf,false,5,4,epoch-15,4,5,saliency,0.9158878553324004
pubmed,BundleSheaf,false,5,4,epoch-15,0,5,cohens_d_train,0.16696979
pubmed,BundleSheaf,false,5,4,epoch-15,1,5,cohens_d_train,0.14251387
pubmed,BundleSheaf,false,5,4,epoch-15,2,5,cohens_d_train,0.090082146
pubmed,BundleSheaf,false,5,4,epoch-15,3,5,cohens_d_train,0.06315503
pubmed,BundleSheaf,false,5,4,epoch-15,4,5,cohens_d_train,0.056861337
pubmed,BundleSheaf,false,5,4,epoch-15,0,5,cohens_d_test,0.23552501
pubmed,BundleSheaf,false,5,4,epoch-15,1,5,cohens_d_test,0.10065983
pubmed,BundleSheaf,false,5,4,epoch-15,2,5,cohens_d_test,0.045712214
pubmed,BundleSheaf,false,5,4,epoch-15,3,5,cohens_d_test,0.028837454
pubmed,BundleSheaf,false,5,4,epoch-15,4,5,cohens_d_test,0.034705356
pubmed,BundleSheaf,false,5,4,epoch-15,0,6,degree,-0.12183635361351126
pubmed,BundleSheaf,false,5,4,epoch-15,1,6,degree,0.7596160376636493
pubmed,BundleSheaf,false,5,4,epoch-15,2,6,degree,0.7745388986467858
pubmed,BundleSheaf,false,5,4,epoch-15,3,6,degree,0.6172769489452636
pubmed,BundleSheaf,false,5,4,epoch-15,4,6,degree,0.5397404547248859
pubmed,BundleSheaf,false,5,4,epoch-15,0,6,betweenness,-0.07985978178805044
pubmed,BundleSheaf,false,5,4,epoch-15,1,6,betweenness,0.7119587006568494
pubmed,BundleSheaf,false,5,4,epoch-15,2,6,betweenness,0.7169569866986001
pubmed,BundleSheaf,false,5,4,epoch-15,3,6,betweenness,0.565823732316963
pubmed,BundleSheaf,false,5,4,epoch-15,4,6,betweenness,0.49629425306138725
pubmed,BundleSheaf,false,5,4,epoch-15,0,6,confidence,-0.05247459204485941
pubmed,BundleSheaf,false,5,4,epoch-15,1,6,confidence,0.4006531497436254
pubmed,BundleSheaf,false,5,4,epoch-15,2,6,confidence,0.7457383836910255
pubmed,BundleSheaf,false,5,4,epoch-15,3,6,confidence,0.8253446943642972
pubmed,BundleSheaf,false,5,4,epoch-15,4,6,confidence,0.8587877064646772
pubmed,BundleSheaf,false,5,4,epoch-15,0,6,saliency,-0.0013090049132386966
pubmed,BundleSheaf,false,5,4,epoch-15,1,6,saliency,0.4806827468912737
pubmed,BundleSheaf,false,5,4,epoch-15,2,6,saliency,0.7835048448975136
pubmed,BundleSheaf,false,5,4,epoch-15,3,6,saliency,0.87591477790997
pubmed,BundleSheaf,false,5,4,epoch-15,4,6,saliency,0.9191323067898618
pubmed,BundleSheaf,false,5,4,epoch-15,0,6,cohens_d_train,0.01501038
pubmed,BundleSheaf,false,5,4,epoch-15,1,6,cohens_d_train,0.037284262
pubmed,BundleSheaf,false,5,4,epoch-15,2,6,cohens_d_train,0.016135436
pubmed,BundleSheaf,false,5,4,epoch-15,3,6,cohens_d_train,0.0012284145
pubmed,BundleSheaf,false,5,4,epoch-15,4,6,cohens_d_train,0.0019258887
pubmed,BundleSheaf,false,5,4,epoch-15,0,6,cohens_d_test,0.021667114
pubmed,BundleSheaf,false,5,4,epoch-15,1,6,cohens_d_test,0.020653693
pubmed,BundleSheaf,false,5,4,epoch-15,2,6,cohens_d_test,0.030293765
pubmed,BundleSheaf,false,5,4,epoch-15,3,6,cohens_d_test,0.037839215
pubmed,BundleSheaf,false,5,4,epoch-15,4,6,cohens_d_test,0.03441339
pubmed,BundleSheaf,false,5,4,epoch-15,0,7,degree,0.025394868286151912
pubmed,BundleSheaf,false,5,4,epoch-15,1,7,degree,0.8037843168503119
pubmed,BundleSheaf,false,5,4,epoch-15,2,7,degree,0.7802597948589063
pubmed,BundleSheaf,false,5,4,epoch-15,3,7,degree,0.6232714270007678
pubmed,BundleSheaf,false,5,4,epoch-15,4,7,degree,0.5598455932119907
pubmed,BundleSheaf,false,5,4,epoch-15,0,7,betweenness,0.02138371211335066
pubmed,BundleSheaf,false,5,4,epoch-15,1,7,betweenness,0.7534747983668054
pubmed,BundleSheaf,false,5,4,epoch-15,2,7,betweenness,0.7221007917070894
pubmed,BundleSheaf,false,5,4,epoch-15,3,7,betweenness,0.5735261595470916
pubmed,BundleSheaf,false,5,4,epoch-15,4,7,betweenness,0.5149089296745908
pubmed,BundleSheaf,false,5,4,epoch-15,0,7,confidence,-0.008381297147503661
pubmed,BundleSheaf,false,5,4,epoch-15,1,7,confidence,0.40676078405533844
pubmed,BundleSheaf,false,5,4,epoch-15,2,7,confidence,0.7202865870036702
pubmed,BundleSheaf,false,5,4,epoch-15,3,7,confidence,0.7978708531545907
pubmed,BundleSheaf,false,5,4,epoch-15,4,7,confidence,0.8529210502661039
pubmed,BundleSheaf,false,5,4,epoch-15,0,7,saliency,-0.0007122705681144939
pubmed,BundleSheaf,false,5,4,epoch-15,1,7,saliency,0.5023998169241541
pubmed,BundleSheaf,false,5,4,epoch-15,2,7,saliency,0.8354134884244786
pubmed,BundleSheaf,false,5,4,epoch-15,3,7,saliency,0.9050006749437499
pubmed,BundleSheaf,false,5,4,epoch-15,4,7,saliency,0.9230699451129637
pubmed,BundleSheaf,false,5,4,epoch-15,0,7,cohens_d_train,0.0066202586
pubmed,BundleSheaf,false,5,4,epoch-15,1,7,cohens_d_train,0.000363732
pubmed,BundleSheaf,false,5,4,epoch-15,2,7,cohens_d_train,0.0056670266
pubmed,BundleSheaf,false,5,4,epoch-15,3,7,cohens_d_train,0.01707457
pubmed,BundleSheaf,false,5,4,epoch-15,4,7,cohens_d_train,0.017504888
pubmed,BundleSheaf,false,5,4,epoch-15,0,7,cohens_d_test,0.023867114
pubmed,BundleSheaf,false,5,4,epoch-15,1,7,cohens_d_test,0.06967315
pubmed,BundleSheaf,false,5,4,epoch-15,2,7,cohens_d_test,0.07198562
pubmed,BundleSheaf,false,5,4,epoch-15,3,7,cohens_d_test,0.039739627
pubmed,BundleSheaf,false,5,4,epoch-15,4,7,cohens_d_test,0.019617926
pubmed,BundleSheaf,false,5,4,epoch-15,0,8,degree,-0.07343588608163742
pubmed,BundleSheaf,false,5,4,epoch-15,1,8,degree,0.8146088444474483
pubmed,BundleSheaf,false,5,4,epoch-15,2,8,degree,0.7770230792547139
pubmed,BundleSheaf,false,5,4,epoch-15,3,8,degree,0.6311384673656537
pubmed,BundleSheaf,false,5,4,epoch-15,4,8,degree,0.5625945672156107
pubmed,BundleSheaf,false,5,4,epoch-15,0,8,betweenness,-0.05225799911070587
pubmed,BundleSheaf,false,5,4,epoch-15,1,8,betweenness,0.7619632971041718
pubmed,BundleSheaf,false,5,4,epoch-15,2,8,betweenness,0.7191584768791277
pubmed,BundleSheaf,false,5,4,epoch-15,3,8,betweenness,0.5795211069303011
pubmed,BundleSheaf,false,5,4,epoch-15,4,8,betweenness,0.517132331305753
pubmed,BundleSheaf,false,5,4,epoch-15,0,8,confidence,0.03788805748297179
pubmed,BundleSheaf,false,5,4,epoch-15,1,8,confidence,0.42655211469654086
pubmed,BundleSheaf,false,5,4,epoch-15,2,8,confidence,0.7006274585240133
pubmed,BundleSheaf,false,5,4,epoch-15,3,8,confidence,0.7880031035640797
pubmed,BundleSheaf,false,5,4,epoch-15,4,8,confidence,0.8588231439713792
pubmed,BundleSheaf,false,5,4,epoch-15,0,8,saliency,-0.0807856252685018
pubmed,BundleSheaf,false,5,4,epoch-15,1,8,saliency,0.509465571634166
pubmed,BundleSheaf,false,5,4,epoch-15,2,8,saliency,0.8524240056862038
pubmed,BundleSheaf,false,5,4,epoch-15,3,8,saliency,0.9192743176791968
pubmed,BundleSheaf,false,5,4,epoch-15,4,8,saliency,0.9080904437857515
pubmed,BundleSheaf,false,5,4,epoch-15,0,8,cohens_d_train,0.513574
pubmed,BundleSheaf,false,5,4,epoch-15,1,8,cohens_d_train,0.039791804
pubmed,BundleSheaf,false,5,4,epoch-15,2,8,cohens_d_train,0.03581364
pubmed,BundleSheaf,false,5,4,epoch-15,3,8,cohens_d_train,0.03659231
pubmed,BundleSheaf,false,5,4,epoch-15,4,8,cohens_d_train,0.040227264
pubmed,BundleSheaf,false,5,4,epoch-15,0,8,cohens_d_test,0.46388772
pubmed,BundleSheaf,false,5,4,epoch-15,1,8,cohens_d_test,0.030881032
pubmed,BundleSheaf,false,5,4,epoch-15,2,8,cohens_d_test,0.037621558
pubmed,BundleSheaf,false,5,4,epoch-15,3,8,cohens_d_test,0.02759663
pubmed,BundleSheaf,false,5,4,epoch-15,4,8,cohens_d_test,0.037774485
pubmed,BundleSheaf,false,5,4,epoch-15,0,9,degree,-0.06551837205977024
pubmed,BundleSheaf,false,5,4,epoch-15,1,9,degree,0.8024515761903491
pubmed,BundleSheaf,false,5,4,epoch-15,2,9,degree,0.7714930624410882
pubmed,BundleSheaf,false,5,4,epoch-15,3,9,degree,0.6219435865785597
pubmed,BundleSheaf,false,5,4,epoch-15,4,9,degree,0.5422322245987478
pubmed,BundleSheaf,false,5,4,epoch-15,0,9,betweenness,-0.04942323483735715
pubmed,BundleSheaf,false,5,4,epoch-15,1,9,betweenness,0.746483819381486
pubmed,BundleSheaf,false,5,4,epoch-15,2,9,betweenness,0.7144559947324232
pubmed,BundleSheaf,false,5,4,epoch-15,3,9,betweenness,0.570284084695244
pubmed,BundleSheaf,false,5,4,epoch-15,4,9,betweenness,0.49883139285871575
pubmed,BundleSheaf,false,5,4,epoch-15,0,9,confidence,0.04077333089741483
pubmed,BundleSheaf,false,5,4,epoch-15,1,9,confidence,0.42659110867945055
pubmed,BundleSheaf,false,5,4,epoch-15,2,9,confidence,0.7469270357620238
pubmed,BundleSheaf,false,5,4,epoch-15,3,9,confidence,0.8178726453113553
pubmed,BundleSheaf,false,5,4,epoch-15,4,9,confidence,0.8555395790466056
pubmed,BundleSheaf,false,5,4,epoch-15,0,9,saliency,-0.06232395800948791
pubmed,BundleSheaf,false,5,4,epoch-15,1,9,saliency,0.48898259641424535
pubmed,BundleSheaf,false,5,4,epoch-15,2,9,saliency,0.8429445495582771
pubmed,BundleSheaf,false,5,4,epoch-15,3,9,saliency,0.9157304251509784
pubmed,BundleSheaf,false,5,4,epoch-15,4,9,saliency,0.8901823569499524
pubmed,BundleSheaf,false,5,4,epoch-15,0,9,cohens_d_train,0.43045038
pubmed,BundleSheaf,false,5,4,epoch-15,1,9,cohens_d_train,0.10904224
pubmed,BundleSheaf,false,5,4,epoch-15,2,9,cohens_d_train,0.07538608
pubmed,BundleSheaf,false,5,4,epoch-15,3,9,cohens_d_train,0.07683953
pubmed,BundleSheaf,false,5,4,epoch-15,4,9,cohens_d_train,0.053638488
pubmed,BundleSheaf,false,5,4,epoch-15,0,9,cohens_d_test,0.43865922
pubmed,BundleSheaf,false,5,4,epoch-15,1,9,cohens_d_test,0.09511837
pubmed,BundleSheaf,false,5,4,epoch-15,2,9,cohens_d_test,0.04403893
pubmed,BundleSheaf,false,5,4,epoch-15,3,9,cohens_d_test,0.05107311
pubmed,BundleSheaf,false,5,4,epoch-15,4,9,cohens_d_test,0.01177297
pubmed,BundleSheaf,false,5,4,epoch-50,0,0,degree,-0.09217809349883367
pubmed,BundleSheaf,false,5,4,epoch-50,1,0,degree,0.8382924314304283
pubmed,BundleSheaf,false,5,4,epoch-50,2,0,degree,0.7769567818876487
pubmed,BundleSheaf,false,5,4,epoch-50,3,0,degree,0.6271969063375441
pubmed,BundleSheaf,false,5,4,epoch-50,4,0,degree,0.5293811830140394
pubmed,BundleSheaf,false,5,4,epoch-50,0,0,betweenness,-0.058221773299446215
pubmed,BundleSheaf,false,5,4,epoch-50,1,0,betweenness,0.786912933258909
pubmed,BundleSheaf,false,5,4,epoch-50,2,0,betweenness,0.7207943593694295
pubmed,BundleSheaf,false,5,4,epoch-50,3,0,betweenness,0.5762176572729075
pubmed,BundleSheaf,false,5,4,epoch-50,4,0,betweenness,0.48804810609607974
pubmed,BundleSheaf,false,5,4,epoch-50,0,0,confidence,0.01106033426094182
pubmed,BundleSheaf,false,5,4,epoch-50,1,0,confidence,0.46405232617873565
pubmed,BundleSheaf,false,5,4,epoch-50,2,0,confidence,0.7202351669009511
pubmed,BundleSheaf,false,5,4,epoch-50,3,0,confidence,0.8208853926078934
pubmed,BundleSheaf,false,5,4,epoch-50,4,0,confidence,0.8910596750952648
pubmed,BundleSheaf,false,5,4,epoch-50,0,0,saliency,-0.0632547436420943
pubmed,BundleSheaf,false,5,4,epoch-50,1,0,saliency,0.5446497292892892
pubmed,BundleSheaf,false,5,4,epoch-50,2,0,saliency,0.841508618677507
pubmed,BundleSheaf,false,5,4,epoch-50,3,0,saliency,0.9172397120885639
pubmed,BundleSheaf,false,5,4,epoch-50,4,0,saliency,0.9145258679161398
pubmed,BundleSheaf,false,5,4,epoch-50,0,0,cohens_d_train,0.05182312
pubmed,BundleSheaf,false,5,4,epoch-50,1,0,cohens_d_train,0.025084024
pubmed,BundleSheaf,false,5,4,epoch-50,2,0,cohens_d_train,0.020928575
pubmed,BundleSheaf,false,5,4,epoch-50,3,0,cohens_d_train,0.018241432
pubmed,BundleSheaf,false,5,4,epoch-50,4,0,cohens_d_train,0.029450169
pubmed,BundleSheaf,false,5,4,epoch-50,0,0,cohens_d_test,0.030346565
pubmed,BundleSheaf,false,5,4,epoch-50,1,0,cohens_d_test,0.051972874
pubmed,BundleSheaf,false,5,4,epoch-50,2,0,cohens_d_test,0.035306137
pubmed,BundleSheaf,false,5,4,epoch-50,3,0,cohens_d_test,0.03223304
pubmed,BundleSheaf,false,5,4,epoch-50,4,0,cohens_d_test,0.027942343
pubmed,BundleSheaf,false,5,4,epoch-50,0,1,degree,-0.1336017849165898
pubmed,BundleSheaf,false,5,4,epoch-50,1,1,degree,0.8010377803925247
pubmed,BundleSheaf,false,5,4,epoch-50,2,1,degree,0.7629469167036287
pubmed,BundleSheaf,false,5,4,epoch-50,3,1,degree,0.614235153914022
pubmed,BundleSheaf,false,5,4,epoch-50,4,1,degree,0.5552805941543965
pubmed,BundleSheaf,false,5,4,epoch-50,0,1,betweenness,-0.0910850727142776
pubmed,BundleSheaf,false,5,4,epoch-50,1,1,betweenness,0.7522129852174891
pubmed,BundleSheaf,false,5,4,epoch-50,2,1,betweenness,0.7067991300972275
pubmed,BundleSheaf,false,5,4,epoch-50,3,1,betweenness,0.5645431934753523
pubmed,BundleSheaf,false,5,4,epoch-50,4,1,betweenness,0.5104276862555909
pubmed,BundleSheaf,false,5,4,epoch-50,0,1,confidence,-0.05298090770603154
pubmed,BundleSheaf,false,5,4,epoch-50,1,1,confidence,0.45000525751331866
pubmed,BundleSheaf,false,5,4,epoch-50,2,1,confidence,0.7342328569742326
pubmed,BundleSheaf,false,5,4,epoch-50,3,1,confidence,0.8155194311027955
pubmed,BundleSheaf,false,5,4,epoch-50,4,1,confidence,0.8757845701147868
pubmed,BundleSheaf,false,5,4,epoch-50,0,1,saliency,-0.10358330683002819
pubmed,BundleSheaf,false,5,4,epoch-50,1,1,saliency,0.5167011901780639
pubmed,BundleSheaf,false,5,4,epoch-50,2,1,saliency,0.8289136231979038
pubmed,BundleSheaf,false,5,4,epoch-50,3,1,saliency,0.9072856130979003
pubmed,BundleSheaf,false,5,4,epoch-50,4,1,saliency,0.9242426927597047
pubmed,BundleSheaf,false,5,4,epoch-50,0,1,cohens_d_train,0.13223769
pubmed,BundleSheaf,false,5,4,epoch-50,1,1,cohens_d_train,0.073720306
pubmed,BundleSheaf,false,5,4,epoch-50,2,1,cohens_d_train,0.024947042
pubmed,BundleSheaf,false,5,4,epoch-50,3,1,cohens_d_train,0.014474764
pubmed,BundleSheaf,false,5,4,epoch-50,4,1,cohens_d_train,0.009084623
pubmed,BundleSheaf,false,5,4,epoch-50,0,1,cohens_d_test,0.1584991
pubmed,BundleSheaf,false,5,4,epoch-50,1,1,cohens_d_test,0.052821968
pubmed,BundleSheaf,false,5,4,epoch-50,2,1,cohens_d_test,0.039925005
pubmed,BundleSheaf,false,5,4,epoch-50,3,1,cohens_d_test,0.030043798
pubmed,BundleSheaf,false,5,4,epoch-50,4,1,cohens_d_test,0.04613049
pubmed,BundleSheaf,false,5,4,epoch-50,0,2,degree,-0.021533650484841276
pubmed,BundleSheaf,false,5,4,epoch-50,1,2,degree,0.8278763908413149
pubmed,BundleSheaf,false,5,4,epoch-50,2,2,degree,0.7827110238915912
pubmed,BundleSheaf,false,5,4,epoch-50,3,2,degree,0.6277905014740575
pubmed,BundleSheaf,false,5,4,epoch-50,4,2,degree,0.5395248216992945
pubmed,BundleSheaf,false,5,4,epoch-50,0,2,betweenness,-0.030524412918486832
pubmed,BundleSheaf,false,5,4,epoch-50,1,2,betweenness,0.7717371798143442
pubmed,BundleSheaf,false,5,4,epoch-50,2,2,betweenness,0.72518447467736
pubmed,BundleSheaf,false,5,4,epoch-50,3,2,betweenness,0.5771325378829343
pubmed,BundleSheaf,false,5,4,epoch-50,4,2,betweenness,0.49470664852437574
pubmed,BundleSheaf,false,5,4,epoch-50,0,2,confidence,0.090208327650453
pubmed,BundleSheaf,false,5,4,epoch-50,1,2,confidence,0.4747157008151597
pubmed,BundleSheaf,false,5,4,epoch-50,2,2,confidence,0.7468168767082363
pubmed,BundleSheaf,false,5,4,epoch-50,3,2,confidence,0.8275116953084066
pubmed,BundleSheaf,false,5,4,epoch-50,4,2,confidence,0.8975495340496301
pubmed,BundleSheaf,false,5,4,epoch-50,0,2,saliency,0.032100866597528616
pubmed,BundleSheaf,false,5,4,epoch-50,1,2,saliency,0.5498413875754451
pubmed,BundleSheaf,false,5,4,epoch-50,2,2,saliency,0.8477592559485352
pubmed,BundleSheaf,false,5,4,epoch-50,3,2,saliency,0.9008226500011854
pubmed,BundleSheaf,false,5,4,epoch-50,4,2,saliency,0.875273219461562
pubmed,BundleSheaf,false,5,4,epoch-50,0,2,cohens_d_train,0.14236929
pubmed,BundleSheaf,false,5,4,epoch-50,1,2,cohens_d_train,0.09505986
pubmed,BundleSheaf,false,5,4,epoch-50,2,2,cohens_d_train,0.051189143
pubmed,BundleSheaf,false,5,4,epoch-50,3,2,cohens_d_train,0.021838786
pubmed,BundleSheaf,false,5,4,epoch-50,4,2,cohens_d_train,0.022962276
pubmed,BundleSheaf,false,5,4,epoch-50,0,2,cohens_d_test,0.19853076
pubmed,BundleSheaf,false,5,4,epoch-50,1,2,cohens_d_test,0.103670694
pubmed,BundleSheaf,false,5,4,epoch-50,2,2,cohens_d_test,0.08793552
pubmed,BundleSheaf,false,5,4,epoch-50,3,2,cohens_d_test,0.072148874
pubmed,BundleSheaf,false,5,4,epoch-50,4,2,cohens_d_test,0.09705134
pubmed,BundleSheaf,false,5,4,epoch-50,0,3,degree,-0.027194957898340553
pubmed,BundleSheaf,false,5,4,epoch-50,1,3,degree,0.8484590850693239
pubmed,BundleSheaf,false,5,4,epoch-50,2,3,degree,0.7753186120283478
pubmed,BundleSheaf,false,5,4,epoch-50,3,3,degree,0.6187449531843433
pubmed,BundleSheaf,false,5,4,epoch-50,4,3,degree,0.5307667918567142
pubmed,BundleSheaf,false,5,4,epoch-50,0,3,betweenness,-0.0253471419991125
pubmed,BundleSheaf,false,5,4,epoch-50,1,3,betweenness,0.7947508720866578
pubmed,BundleSheaf,false,5,4,epoch-50,2,3,betweenness,0.718350200462825
pubmed,BundleSheaf,false,5,4,epoch-50,3,3,betweenness,0.5677849421305096
pubmed,BundleSheaf,false,5,4,epoch-50,4,3,betweenness,0.4906823725969223
pubmed,BundleSheaf,false,5,4,epoch-50,0,3,confidence,0.07679510138372683
pubmed,BundleSheaf,false,5,4,epoch-50,1,3,confidence,0.4429762940902476
pubmed,BundleSheaf,false,5,4,epoch-50,2,3,confidence,0.709983467915117
pubmed,BundleSheaf,false,5,4,epoch-50,3,3,confidence,0.8178847575144603
pubmed,BundleSheaf,false,5,4,epoch-50,4,3,confidence,0.8984328235022442
pubmed,BundleSheaf,false,5,4,epoch-50,0,3,saliency,0.04909990702502409
pubmed,BundleSheaf,false,5,4,epoch-50,1,3,saliency,0.5168101129579288
pubmed,BundleSheaf,false,5,4,epoch-50,2,3,saliency,0.7874254575479331
pubmed,BundleSheaf,false,5,4,epoch-50,3,3,saliency,0.8825686652956307
pubmed,BundleSheaf,false,5,4,epoch-50,4,3,saliency,0.9173100059843389
pubmed,BundleSheaf,false,5,4,epoch-50,0,3,cohens_d_train,0.14673243
pubmed,BundleSheaf,false,5,4,epoch-50,1,3,cohens_d_train,0.07479542
pubmed,BundleSheaf,false,5,4,epoch-50,2,3,cohens_d_train,0.053281087
pubmed,BundleSheaf,false,5,4,epoch-50,3,3,cohens_d_train,0.042260967
pubmed,BundleSheaf,false,5,4,epoch-50,4,3,cohens_d_train,0.028656334
pubmed,BundleSheaf,false,5,4,epoch-50,0,3,cohens_d_test,0.1883866
pubmed,BundleSheaf,false,5,4,epoch-50,1,3,cohens_d_test,0.022029359
pubmed,BundleSheaf,false,5,4,epoch-50,2,3,cohens_d_test,0.028345527
pubmed,BundleSheaf,false,5,4,epoch-50,3,3,cohens_d_test,0.08314781
pubmed,BundleSheaf,false,5,4,epoch-50,4,3,cohens_d_test,0.07279151
pubmed,BundleSheaf,false,5,4,epoch-50,0,4,degree,0.06014437002297412
pubmed,BundleSheaf,false,5,4,epoch-50,1,4,degree,0.8343551185127687
pubmed,BundleSheaf,false,5,4,epoch-50,2,4,degree,0.769525381288896
pubmed,BundleSheaf,false,5,4,epoch-50,3,4,degree,0.6359060570872572
pubmed,BundleSheaf,false,5,4,epoch-50,4,4,degree,0.5454450569472443
pubmed,BundleSheaf,false,5,4,epoch-50,0,4,betweenness,0.018428595429529616
pubmed,BundleSheaf,false,5,4,epoch-50,1,4,betweenness,0.7763715125287962
pubmed,BundleSheaf,false,5,4,epoch-50,2,4,betweenness,0.7140419230751563
pubmed,BundleSheaf,false,5,4,epoch-50,3,4,betweenness,0.5846775516407426
pubmed,BundleSheaf,false,5,4,epoch-50,4,4,betweenness,0.5016598282128286
pubmed,BundleSheaf,false,5,4,epoch-50,0,4,confidence,0.0900987176840638
pubmed,BundleSheaf,false,5,4,epoch-50,1,4,confidence,0.4637580124442947
pubmed,BundleSheaf,false,5,4,epoch-50,2,4,confidence,0.744109728887862
pubmed,BundleSheaf,false,5,4,epoch-50,3,4,confidence,0.8461259756706789
pubmed,BundleSheaf,false,5,4,epoch-50,4,4,confidence,0.9119268818031122
pubmed,BundleSheaf,false,5,4,epoch-50,0,4,saliency,0.006370346149589394
pubmed,BundleSheaf,false,5,4,epoch-50,1,4,saliency,0.524790154839479
pubmed,BundleSheaf,false,5,4,epoch-50,2,4,saliency,0.8261515054177926
pubmed,BundleSheaf,false,5,4,epoch-50,3,4,saliency,0.8893197707372786
pubmed,BundleSheaf,false,5,4,epoch-50,4,4,saliency,0.8812218008548378
pubmed,BundleSheaf,false,5,4,epoch-50,0,4,cohens_d_train,0.4212209
pubmed,BundleSheaf,false,5,4,epoch-50,1,4,cohens_d_train,0.08083155
pubmed,BundleSheaf,false,5,4,epoch-50,2,4,cohens_d_train,0.034591608
pubmed,BundleSheaf,false,5,4,epoch-50,3,4,cohens_d_train,0.016862785
pubmed,BundleSheaf,false,5,4,epoch-50,4,4,cohens_d_train,0.0044110953
pubmed,BundleSheaf,false,5,4,epoch-50,0,4,cohens_d_test,0.43500176
pubmed,BundleSheaf,false,5,4,epoch-50,1,4,cohens_d_test,0.10964751
pubmed,BundleSheaf,false,5,4,epoch-50,2,4,cohens_d_test,0.062259
pubmed,BundleSheaf,false,5,4,epoch-50,3,4,cohens_d_test,0.033805992
pubmed,BundleSheaf,false,5,4,epoch-50,4,4,cohens_d_test,0.006259299
pubmed,BundleSheaf,false,5,4,epoch-50,0,5,degree,0.00023711923507924846
pubmed,BundleSheaf,false,5,4,epoch-50,1,5,degree,0.852386375002747
pubmed,BundleSheaf,false,5,4,epoch-50,2,5,degree,0.7774592642877921
pubmed,BundleSheaf,false,5,4,epoch-50,3,5,degree,0.6319704103222711
pubmed,BundleSheaf,false,5,4,epoch-50,4,5,degree,0.5575039570112992
pubmed,BundleSheaf,false,5,4,epoch-50,0,5,betweenness,-0.00697791548206635
pubmed,BundleSheaf,false,5,4,epoch-50,1,5,betweenness,0.7971548608262967
pubmed,BundleSheaf,false,5,4,epoch-50,2,5,betweenness,0.7198685905075524
pubmed,BundleSheaf,false,5,4,epoch-50,3,5,betweenness,0.5816925808729221
pubmed,BundleSheaf,false,5,4,epoch-50,4,5,betweenness,0.5101308608863073
pubmed,BundleSheaf,false,5,4,epoch-50,0,5,confidence,0.03159686888426677
pubmed,BundleSheaf,false,5,4,epoch-50,1,5,confidence,0.5036880389784827
pubmed,BundleSheaf,false,5,4,epoch-50,2,5,confidence,0.780002705930302
pubmed,BundleSheaf,false,5,4,epoch-50,3,5,confidence,0.8504912674743721
pubmed,BundleSheaf,false,5,4,epoch-50,4,5,confidence,0.8763377569773362
pubmed,BundleSheaf,false,5,4,epoch-50,0,5,saliency,-0.03161672907676758
pubmed,BundleSheaf,false,5,4,epoch-50,1,5,saliency,0.5483450433390327
pubmed,BundleSheaf,false,5,4,epoch-50,2,5,saliency,0.8539412199439886
pubmed,BundleSheaf,false,5,4,epoch-50,3,5,saliency,0.9167641661141854
pubmed,BundleSheaf,false,5,4,epoch-50,4,5,saliency,0.9025783692380792
pubmed,BundleSheaf,false,5,4,epoch-50,0,5,cohens_d_train,0.17292638
pubmed,BundleSheaf,false,5,4,epoch-50,1,5,cohens_d_train,0.15004595
pubmed,BundleSheaf,false,5,4,epoch-50,2,5,cohens_d_train,0.09861154
pubmed,BundleSheaf,false,5,4,epoch-50,3,5,cohens_d_train,0.071593836
pubmed,BundleSheaf,false,5,4,epoch-50,4,5,cohens_d_train,0.06011084
pubmed,BundleSheaf,false,5,4,epoch-50,0,5,cohens_d_test,0.19236846
pubmed,BundleSheaf,false,5,4,epoch-50,1,5,cohens_d_test,0.17949918
pubmed,BundleSheaf,false,5,4,epoch-50,2,5,cohens_d_test,0.12873913
pubmed,BundleSheaf,false,5,4,epoch-50,3,5,cohens_d_test,0.11082739
pubmed,BundleSheaf,false,5,4,epoch-50,4,5,cohens_d_test,0.10657675
pubmed,BundleSheaf,false,5,4,epoch-50,0,6,degree,-0.12560331449383366
pubmed,BundleSheaf,false,5,4,epoch-50,1,6,degree,0.8029526257940436
pubmed,BundleSheaf,false,5,4,epoch-50,2,6,degree,0.7654928494359385
pubmed,BundleSheaf,false,5,4,epoch-50,3,6,degree,0.5787746719806177
pubmed,BundleSheaf,false,5,4,epoch-50,4,6,degree,0.5293172002186143
pubmed,BundleSheaf,false,5,4,epoch-50,0,6,betweenness,-0.08022833011428934
pubmed,BundleSheaf,false,5,4,epoch-50,1,6,betweenness,0.7585164985738411
pubmed,BundleSheaf,false,5,4,epoch-50,2,6,betweenness,0.7116683979830958
pubmed,BundleSheaf,false,5,4,epoch-50,3,6,betweenness,0.5313753000732985
pubmed,BundleSheaf,false,5,4,epoch-50,4,6,betweenness,0.48951349916435205
pubmed,BundleSheaf,false,5,4,epoch-50,0,6,confidence,-0.020297374003947936
pubmed,BundleSheaf,false,5,4,epoch-50,1,6,confidence,0.47003289242813606
pubmed,BundleSheaf,false,5,4,epoch-50,2,6,confidence,0.7520397656775607
pubmed,BundleSheaf,false,5,4,epoch-50,3,6,confidence,0.8349861013329909
pubmed,BundleSheaf,false,5,4,epoch-50,4,6,confidence,0.8767126237060473
pubmed,BundleSheaf,false,5,4,epoch-50,0,6,saliency,-0.06707533341558475
pubmed,BundleSheaf,false,5,4,epoch-50,1,6,saliency,0.5188684080992141
pubmed,BundleSheaf,false,5,4,epoch-50,2,6,saliency,0.827509046061276
pubmed,BundleSheaf,false,5,4,epoch-50,3,6,saliency,0.8979831606654087
pubmed,BundleSheaf,false,5,4,epoch-50,4,6,saliency,0.8761113465763538
pubmed,BundleSheaf,false,5,4,epoch-50,0,6,cohens_d_train,0.02735459
pubmed,BundleSheaf,false,5,4,epoch-50,1,6,cohens_d_train,0.03574707
pubmed,BundleSheaf,false,5,4,epoch-50,2,6,cohens_d_train,0.033254948
pubmed,BundleSheaf,false,5,4,epoch-50,3,6,cohens_d_train,0.06669267
pubmed,BundleSheaf,false,5,4,epoch-50,4,6,cohens_d_train,0.06920624
pubmed,BundleSheaf,false,5,4,epoch-50,0,6,cohens_d_test,0.00025554397
pubmed,BundleSheaf,false,5,4,epoch-50,1,6,cohens_d_test,0.02773043
pubmed,BundleSheaf,false,5,4,epoch-50,2,6,cohens_d_test,0.023406051
pubmed,BundleSheaf,false,5,4,epoch-50,3,6,cohens_d_test,0.022543477
pubmed,BundleSheaf,false,5,4,epoch-50,4,6,cohens_d_test,0.024229977
pubmed,BundleSheaf,false,5,4,epoch-50,0,7,degree,0.011898214101688075
pubmed,BundleSheaf,false,5,4,epoch-50,1,7,degree,0.8266037801061736
pubmed,BundleSheaf,false,5,4,epoch-50,2,7,degree,0.7696287181410945
pubmed,BundleSheaf,false,5,4,epoch-50,3,7,degree,0.6083255337088481
pubmed,BundleSheaf,false,5,4,epoch-50,4,7,degree,0.548989680613193
pubmed,BundleSheaf,false,5,4,epoch-50,0,7,betweenness,0.014322338110379945
pubmed,BundleSheaf,false,5,4,epoch-50,1,7,betweenness,0.7773033986117404
pubmed,BundleSheaf,false,5,4,epoch-50,2,7,betweenness,0.7139720181028507
pubmed,BundleSheaf,false,5,4,epoch-50,3,7,betweenness,0.5599963271906844
pubmed,BundleSheaf,false,5,4,epoch-50,4,7,betweenness,0.5057688693781324
pubmed,BundleSheaf,false,5,4,epoch-50,0,7,confidence,0.030815415842754223
pubmed,BundleSheaf,false,5,4,epoch-50,1,7,confidence,0.4515997227717765
pubmed,BundleSheaf,false,5,4,epoch-50,2,7,confidence,0.7074044087410792
pubmed,BundleSheaf,false,5,4,epoch-50,3,7,confidence,0.8000771392955326
pubmed,BundleSheaf,false,5,4,epoch-50,4,7,confidence,0.8875959363076485
pubmed,BundleSheaf,false,5,4,epoch-50,0,7,saliency,0.02611082040808935
pubmed,BundleSheaf,false,5,4,epoch-50,1,7,saliency,0.5584903993641431
pubmed,BundleSheaf,false,5,4,epoch-50,2,7,saliency,0.8342736445941807
pubmed,BundleSheaf,false,5,4,epoch-50,3,7,saliency,0.891631181351738
pubmed,BundleSheaf,false,5,4,epoch-50,4,7,saliency,0.8514883026985087
pubmed,BundleSheaf,false,5,4,epoch-50,0,7,cohens_d_train,0.0051043686
pubmed,BundleSheaf,false,5,4,epoch-50,1,7,cohens_d_train,0.03045492
pubmed,BundleSheaf,false,5,4,epoch-50,2,7,cohens_d_train,0.039284203
pubmed,BundleSheaf,false,5,4,epoch-50,3,7,cohens_d_train,0.05988222
pubmed,BundleSheaf,false,5,4,epoch-50,4,7,cohens_d_train,0.03946346
pubmed,BundleSheaf,false,5,4,epoch-50,0,7,cohens_d_test,0.009393734
pubmed,BundleSheaf,false,5,4,epoch-50,1,7,cohens_d_test,0.03273508
pubmed,BundleSheaf,false,5,4,epoch-50,2,7,cohens_d_test,0.0123883635
pubmed,BundleSheaf,false,5,4,epoch-50,3,7,cohens_d_test,0.12158959
pubmed,BundleSheaf,false,5,4,epoch-50,4,7,cohens_d_test,0.04798527
pubmed,BundleSheaf,false,5,4,epoch-50,0,8,degree,-0.055902277145521706
pubmed,BundleSheaf,false,5,4,epoch-50,1,8,degree,0.7997436341562901
pubmed,BundleSheaf,false,5,4,epoch-50,2,8,degree,0.7688293276075199
pubmed,BundleSheaf,false,5,4,epoch-50,3,8,degree,0.6031068917986697
pubmed,BundleSheaf,false,5,4,epoch-50,4,8,degree,0.5485327469876004
pubmed,BundleSheaf,false,5,4,epoch-50,0,8,betweenness,-0.04496631684732997
pubmed,BundleSheaf,false,5,4,epoch-50,1,8,betweenness,0.7456756801399133
pubmed,BundleSheaf,false,5,4,epoch-50,2,8,betweenness,0.7116234207497797
pubmed,BundleSheaf,false,5,4,epoch-50,3,8,betweenness,0.5518371028197614
pubmed,BundleSheaf,false,5,4,epoch-50,4,8,betweenness,0.5046757384563181
pubmed,BundleSheaf,false,5,4,epoch-50,0,8,confidence,0.05904964623825757
pubmed,BundleSheaf,false,5,4,epoch-50,1,8,confidence,0.4946450622765251
pubmed,BundleSheaf,false,5,4,epoch-50,2,8,confidence,0.7458766650984934
pubmed,BundleSheaf,false,5,4,epoch-50,3,8,confidence,0.8096310507778005
pubmed,BundleSheaf,false,5,4,epoch-50,4,8,confidence,0.8848930573162928
pubmed,BundleSheaf,false,5,4,epoch-50,0,8,saliency,-0.01824769743427945
pubmed,BundleSheaf,false,5,4,epoch-50,1,8,saliency,0.539821292328288
pubmed,BundleSheaf,false,5,4,epoch-50,2,8,saliency,0.8493791194080738
pubmed,BundleSheaf,false,5,4,epoch-50,3,8,saliency,0.8979340244096592
pubmed,BundleSheaf,false,5,4,epoch-50,4,8,saliency,0.847988758707041
pubmed,BundleSheaf,false,5,4,epoch-50,0,8,cohens_d_train,0.11652382
pubmed,BundleSheaf,false,5,4,epoch-50,1,8,cohens_d_train,0.099614665
pubmed,BundleSheaf,false,5,4,epoch-50,2,8,cohens_d_train,0.057263743
pubmed,BundleSheaf,false,5,4,epoch-50,3,8,cohens_d_train,0.06394992
pubmed,BundleSheaf,false,5,4,epoch-50,4,8,cohens_d_train,0.061626863
pubmed,BundleSheaf,false,5,4,epoch-50,0,8,cohens_d_test,0.07607001
pubmed,BundleSheaf,false,5,4,epoch-50,1,8,cohens_d_test,0.19280818
pubmed,BundleSheaf,false,5,4,epoch-50,2,8,cohens_d_test,0.17503294
pubmed,BundleSheaf,false,5,4,epoch-50,3,8,cohens_d_test,0.19382842
pubmed,BundleSheaf,false,5,4,epoch-50,4,8,cohens_d_test,0.19159175
pubmed,BundleSheaf,false,5,4,epoch-50,0,9,degree,-0.09929760255891489
pubmed,BundleSheaf,false,5,4,epoch-50,1,9,degree,0.7766244158717555
pubmed,BundleSheaf,false,5,4,epoch-50,2,9,degree,0.7673213613190503
pubmed,BundleSheaf,false,5,4,epoch-50,3,9,degree,0.5982922536841346
pubmed,BundleSheaf,false,5,4,epoch-50,4,9,degree,0.547415954867801
pubmed,BundleSheaf,false,5,4,epoch-50,0,9,betweenness,-0.05850710634726783
pubmed,BundleSheaf,false,5,4,epoch-50,1,9,betweenness,0.7316339966679313
pubmed,BundleSheaf,false,5,4,epoch-50,2,9,betweenness,0.7119670511358597
pubmed,BundleSheaf,false,5,4,epoch-50,3,9,betweenness,0.5469607567889567
pubmed,BundleSheaf,false,5,4,epoch-50,4,9,betweenness,0.5034080235029686
pubmed,BundleSheaf,false,5,4,epoch-50,0,9,confidence,0.016733965065770268
pubmed,BundleSheaf,false,5,4,epoch-50,1,9,confidence,0.4668379544425282
pubmed,BundleSheaf,false,5,4,epoch-50,2,9,confidence,0.7369737212624908
pubmed,BundleSheaf,false,5,4,epoch-50,3,9,confidence,0.8345276232952823
pubmed,BundleSheaf,false,5,4,epoch-50,4,9,confidence,0.8924013689344455
pubmed,BundleSheaf,false,5,4,epoch-50,0,9,saliency,-0.10563390375218806
pubmed,BundleSheaf,false,5,4,epoch-50,1,9,saliency,0.5104905952211453
pubmed,BundleSheaf,false,5,4,epoch-50,2,9,saliency,0.848564992901327
pubmed,BundleSheaf,false,5,4,epoch-50,3,9,saliency,0.9061467909373331
pubmed,BundleSheaf,false,5,4,epoch-50,4,9,saliency,0.8657975829914468
pubmed,BundleSheaf,false,5,4,epoch-50,0,9,cohens_d_train,0.13507098
pubmed,BundleSheaf,false,5,4,epoch-50,1,9,cohens_d_train,0.08467993
pubmed,BundleSheaf,false,5,4,epoch-50,2,9,cohens_d_train,0.04234491
pubmed,BundleSheaf,false,5,4,epoch-50,3,9,cohens_d_train,0.068014935
pubmed,BundleSheaf,false,5,4,epoch-50,4,9,cohens_d_train,0.017090298
pubmed,BundleSheaf,false,5,4,epoch-50,0,9,cohens_d_test,0.08931381
pubmed,BundleSheaf,false,5,4,epoch-50,1,9,cohens_d_test,0.09950865
pubmed,BundleSheaf,false,5,4,epoch-50,2,9,cohens_d_test,0.042215746
pubmed,BundleSheaf,false,5,4,epoch-50,3,9,cohens_d_test,0.09170548
pubmed,BundleSheaf,false,5,4,epoch-50,4,9,cohens_d_test,0.026828818
pubmed,BundleSheaf,false,5,4,epoch-200,0,0,degree,-0.09059284661861035
pubmed,BundleSheaf,false,5,4,epoch-200,1,0,degree,0.8092206708512704
pubmed,BundleSheaf,false,5,4,epoch-200,2,0,degree,0.7695070239512898
pubmed,BundleSheaf,false,5,4,epoch-200,3,0,degree,0.617636461211538
pubmed,BundleSheaf,false,5,4,epoch-200,4,0,degree,0.502030926238286
pubmed,BundleSheaf,false,5,4,epoch-200,0,0,betweenness,-0.05567870560883052
pubmed,BundleSheaf,false,5,4,epoch-200,1,0,betweenness,0.7565579276195403
pubmed,BundleSheaf,false,5,4,epoch-200,2,0,betweenness,0.711219158247534
pubmed,BundleSheaf,false,5,4,epoch-200,3,0,betweenness,0.5657768950533562
pubmed,BundleSheaf,false,5,4,epoch-200,4,0,betweenness,0.4637458324216571
pubmed,BundleSheaf,false,5,4,epoch-200,0,0,confidence,0.0569749682855278
pubmed,BundleSheaf,false,5,4,epoch-200,1,0,confidence,0.1489854825499589
pubmed,BundleSheaf,false,5,4,epoch-200,2,0,confidence,0.09920346236381784
pubmed,BundleSheaf,false,5,4,epoch-200,3,0,confidence,0.07646283989124418
pubmed,BundleSheaf,false,5,4,epoch-200,4,0,confidence,0.1517388107511822
pubmed,BundleSheaf,false,5,4,epoch-200,0,0,saliency,-0.02867708323977678
pubmed,BundleSheaf,false,5,4,epoch-200,1,0,saliency,0.5296552919144337
pubmed,BundleSheaf,false,5,4,epoch-200,2,0,saliency,0.7731084774457129
pubmed,BundleSheaf,false,5,4,epoch-200,3,0,saliency,0.8250137377983459
pubmed,BundleSheaf,false,5,4,epoch-200,4,0,saliency,0.8032406346373875
pubmed,BundleSheaf,false,5,4,epoch-200,0,0,cohens_d_train,0.6459474
pubmed,BundleSheaf,false,5,4,epoch-200,1,0,cohens_d_train,0.15170182
pubmed,BundleSheaf,false,5,4,epoch-200,2,0,cohens_d_train,0.0949206
pubmed,BundleSheaf,false,5,4,epoch-200,3,0,cohens_d_train,0.07746109
pubmed,BundleSheaf,false,5,4,epoch-200,4,0,cohens_d_train,0.23599388
pubmed,BundleSheaf,false,5,4,epoch-200,0,0,cohens_d_test,0.6507517
pubmed,BundleSheaf,false,5,4,epoch-200,1,0,cohens_d_test,0.13150492
pubmed,BundleSheaf,false,5,4,epoch-200,2,0,cohens_d_test,0.07306831
pubmed,BundleSheaf,false,5,4,epoch-200,3,0,cohens_d_test,0.06051137
pubmed,BundleSheaf,false,5,4,epoch-200,4,0,cohens_d_test,0.08623333
pubmed,BundleSheaf,false,5,4,epoch-200,0,1,degree,-0.13451218500816603
pubmed,BundleSheaf,false,5,4,epoch-200,1,1,degree,0.8047660402570589
pubmed,BundleSheaf,false,5,4,epoch-200,2,1,degree,0.7660299511229309
pubmed,BundleSheaf,false,5,4,epoch-200,3,1,degree,0.6075749066919103
pubmed,BundleSheaf,false,5,4,epoch-200,4,1,degree,0.5370528007929374
pubmed,BundleSheaf,false,5,4,epoch-200,0,1,betweenness,-0.09153995847833019
pubmed,BundleSheaf,false,5,4,epoch-200,1,1,betweenness,0.7549118478525918
pubmed,BundleSheaf,false,5,4,epoch-200,2,1,betweenness,0.7086164284392032
pubmed,BundleSheaf,false,5,4,epoch-200,3,1,betweenness,0.5564455696965875
pubmed,BundleSheaf,false,5,4,epoch-200,4,1,betweenness,0.49411282138143015
pubmed,BundleSheaf,false,5,4,epoch-200,0,1,confidence,0.016889855248371808
pubmed,BundleSheaf,false,5,4,epoch-200,1,1,confidence,0.17300506009084038
pubmed,BundleSheaf,false,5,4,epoch-200,2,1,confidence,0.17489206826803247
pubmed,BundleSheaf,false,5,4,epoch-200,3,1,confidence,0.19406568045608807
pubmed,BundleSheaf,false,5,4,epoch-200,4,1,confidence,0.24706076149712922
pubmed,BundleSheaf,false,5,4,epoch-200,0,1,saliency,-0.15185542642712596
pubmed,BundleSheaf,false,5,4,epoch-200,1,1,saliency,0.5079678914139392
pubmed,BundleSheaf,false,5,4,epoch-200,2,1,saliency,0.8462556606761181
pubmed,BundleSheaf,false,5,4,epoch-200,3,1,saliency,0.8981180056841387
pubmed,BundleSheaf,false,5,4,epoch-200,4,1,saliency,0.8603917567439338
pubmed,BundleSheaf,false,5,4,epoch-200,0,1,cohens_d_train,0.12604237
pubmed,BundleSheaf,false,5,4,epoch-200,1,1,cohens_d_train,0.073309
pubmed,BundleSheaf,false,5,4,epoch-200,2,1,cohens_d_train,0.051470708
pubmed,BundleSheaf,false,5,4,epoch-200,3,1,cohens_d_train,0.050924607
pubmed,BundleSheaf,false,5,4,epoch-200,4,1,cohens_d_train,0.079727255
pubmed,BundleSheaf,false,5,4,epoch-200,0,1,cohens_d_test,0.14746119
pubmed,BundleSheaf,false,5,4,epoch-200,1,1,cohens_d_test,0.15459841
pubmed,BundleSheaf,false,5,4,epoch-200,2,1,cohens_d_test,0.13421138
pubmed,BundleSheaf,false,5,4,epoch-200,3,1,cohens_d_test,0.13607998
pubmed,BundleSheaf,false,5,4,epoch-200,4,1,cohens_d_test,0.14148006
pubmed,BundleSheaf,false,5,4,epoch-200,0,2,degree,-0.04364307273877302
pubmed,BundleSheaf,false,5,4,epoch-200,1,2,degree,0.7615214715291341
pubmed,BundleSheaf,false,5,4,epoch-200,2,2,degree,0.7208207439198353
pubmed,BundleSheaf,false,5,4,epoch-200,3,2,degree,0.5709816205108739
pubmed,BundleSheaf,false,5,4,epoch-200,4,2,degree,0.4849409693630109
pubmed,BundleSheaf,false,5,4,epoch-200,0,2,betweenness,-0.02930670817754417
pubmed,BundleSheaf,false,5,4,epoch-200,1,2,betweenness,0.7095400938632414
pubmed,BundleSheaf,false,5,4,epoch-200,2,2,betweenness,0.6679631438613495
pubmed,BundleSheaf,false,5,4,epoch-200,3,2,betweenness,0.5223225019126502
pubmed,BundleSheaf,false,5,4,epoch-200,4,2,betweenness,0.442058939151509
pubmed,BundleSheaf,false,5,4,epoch-200,0,2,confidence,0.10228368698085528
pubmed,BundleSheaf,false,5,4,epoch-200,1,2,confidence,0.33320262374501763
pubmed,BundleSheaf,false,5,4,epoch-200,2,2,confidence,0.4773044291525399
pubmed,BundleSheaf,false,5,4,epoch-200,3,2,confidence,0.5228175036456081
pubmed,BundleSheaf,false,5,4,epoch-200,4,2,confidence,0.6303372025186312
pubmed,BundleSheaf,false,5,4,epoch-200,0,2,saliency,0.010267461460898093
pubmed,BundleSheaf,false,5,4,epoch-200,1,2,saliency,0.5172045439153784
pubmed,BundleSheaf,false,5,4,epoch-200,2,2,saliency,0.7305927181479055
pubmed,BundleSheaf,false,5,4,epoch-200,3,2,saliency,0.7812708086154249
pubmed,BundleSheaf,false,5,4,epoch-200,4,2,saliency,0.7569875032125379
pubmed,BundleSheaf,false,5,4,epoch-200,0,2,cohens_d_train,0.27658725
pubmed,BundleSheaf,false,5,4,epoch-200,1,2,cohens_d_train,0.03081437
pubmed,BundleSheaf,false,5,4,epoch-200,2,2,cohens_d_train,0.015193337
pubmed,BundleSheaf,false,5,4,epoch-200,3,2,cohens_d_train,0.016723996
pubmed,BundleSheaf,false,5,4,epoch-200,4,2,cohens_d_train,0.05208537
pubmed,BundleSheaf,false,5,4,epoch-200,0,2,cohens_d_test,0.22700824
pubmed,BundleSheaf,false,5,4,epoch-200,1,2,cohens_d_test,0.013784146
pubmed,BundleSheaf,false,5,4,epoch-200,2,2,cohens_d_test,0.024613691
pubmed,BundleSheaf,false,5,4,epoch-200,3,2,cohens_d_test,0.027302431
pubmed,BundleSheaf,false,5,4,epoch-200,4,2,cohens_d_test,0.02545099
pubmed,BundleSheaf,false,5,4,epoch-200,0,3,degree,-0.019095263781931902
pubmed,BundleSheaf,false,5,4,epoch-200,1,3,degree,0.8297130887402956
pubmed,BundleSheaf,false,5,4,epoch-200,2,3,degree,0.7712078311127792
pubmed,BundleSheaf,false,5,4,epoch-200,3,3,degree,0.5946136066362602
pubmed,BundleSheaf,false,5,4,epoch-200,4,3,degree,0.49213199820515613
pubmed,BundleSheaf,false,5,4,epoch-200,0,3,betweenness,-0.019073016059483916
pubmed,BundleSheaf,false,5,4,epoch-200,1,3,betweenness,0.7734345694181602
pubmed,BundleSheaf,false,5,4,epoch-200,2,3,betweenness,0.7139981753647066
pubmed,BundleSheaf,false,5,4,epoch-200,3,3,betweenness,0.544860331130268
pubmed,BundleSheaf,false,5,4,epoch-200,4,3,betweenness,0.4525269657654212
pubmed,BundleSheaf,false,5,4,epoch-200,0,3,confidence,0.1096437003170722
pubmed,BundleSheaf,false,5,4,epoch-200,1,3,confidence,0.21938076937182888
pubmed,BundleSheaf,false,5,4,epoch-200,2,3,confidence,0.25685681680434713
pubmed,BundleSheaf,false,5,4,epoch-200,3,3,confidence,0.3230195041118902
pubmed,BundleSheaf,false,5,4,epoch-200,4,3,confidence,0.4726414854532371
pubmed,BundleSheaf,false,5,4,epoch-200,0,3,saliency,0.06742583654729835
pubmed,BundleSheaf,false,5,4,epoch-200,1,3,saliency,0.5925223454812331
pubmed,BundleSheaf,false,5,4,epoch-200,2,3,saliency,0.8224569918312253
pubmed,BundleSheaf,false,5,4,epoch-200,3,3,saliency,0.8619436491218279
pubmed,BundleSheaf,false,5,4,epoch-200,4,3,saliency,0.8028134057378363
pubmed,BundleSheaf,false,5,4,epoch-200,0,3,cohens_d_train,0.42660245
pubmed,BundleSheaf,false,5,4,epoch-200,1,3,cohens_d_train,0.045551244
pubmed,BundleSheaf,false,5,4,epoch-200,2,3,cohens_d_train,0.018769534
pubmed,BundleSheaf,false,5,4,epoch-200,3,3,cohens_d_train,0.008987473
pubmed,BundleSheaf,false,5,4,epoch-200,4,3,cohens_d_train,0.017440038
pubmed,BundleSheaf,false,5,4,epoch-200,0,3,cohens_d_test,0.3802689
pubmed,BundleSheaf,false,5,4,epoch-200,1,3,cohens_d_test,0.14110138
pubmed,BundleSheaf,false,5,4,epoch-200,2,3,cohens_d_test,0.11699811
pubmed,BundleSheaf,false,5,4,epoch-200,3,3,cohens_d_test,0.052101836
pubmed,BundleSheaf,false,5,4,epoch-200,4,3,cohens_d_test,0.12839857
pubmed,BundleSheaf,false,5,4,epoch-200,0,4,degree,0.0782813021105726
pubmed,BundleSheaf,false,5,4,epoch-200,1,4,degree,0.8446469387274159
pubmed,BundleSheaf,false,5,4,epoch-200,2,4,degree,0.7701607945179115
pubmed,BundleSheaf,false,5,4,epoch-200,3,4,degree,0.6223986782424962
pubmed,BundleSheaf,false,5,4,epoch-200,4,4,degree,0.5320672507690087
pubmed,BundleSheaf,false,5,4,epoch-200,0,4,betweenness,0.02980650077410057
pubmed,BundleSheaf,false,5,4,epoch-200,1,4,betweenness,0.7873313980140161
pubmed,BundleSheaf,false,5,4,epoch-200,2,4,betweenness,0.7151540127136544
pubmed,BundleSheaf,false,5,4,epoch-200,3,4,betweenness,0.5722017826534582
pubmed,BundleSheaf,false,5,4,epoch-200,4,4,betweenness,0.4897779698202098
pubmed,BundleSheaf,false,5,4,epoch-200,0,4,confidence,0.05483534346580455
pubmed,BundleSheaf,false,5,4,epoch-200,1,4,confidence,0.2502814149468573
pubmed,BundleSheaf,false,5,4,epoch-200,2,4,confidence,0.29342331055243515
pubmed,BundleSheaf,false,5,4,epoch-200,3,4,confidence,0.3108235894388305
pubmed,BundleSheaf,false,5,4,epoch-200,4,4,confidence,0.3432281906141934
pubmed,BundleSheaf,false,5,4,epoch-200,0,4,saliency,0.07082619582410633
pubmed,BundleSheaf,false,5,4,epoch-200,1,4,saliency,0.5674898565601746
pubmed,BundleSheaf,false,5,4,epoch-200,2,4,saliency,0.8551905979273917
pubmed,BundleSheaf,false,5,4,epoch-200,3,4,saliency,0.917734083373345
pubmed,BundleSheaf,false,5,4,epoch-200,4,4,saliency,0.8890318621468862
pubmed,BundleSheaf,false,5,4,epoch-200,0,4,cohens_d_train,0.11710325
pubmed,BundleSheaf,false,5,4,epoch-200,1,4,cohens_d_train,0.14847547
pubmed,BundleSheaf,false,5,4,epoch-200,2,4,cohens_d_train,0.07687479
pubmed,BundleSheaf,false,5,4,epoch-200,3,4,cohens_d_train,0.053727195
pubmed,BundleSheaf,false,5,4,epoch-200,4,4,cohens_d_train,0.05222686
pubmed,BundleSheaf,false,5,4,epoch-200,0,4,cohens_d_test,0.063625656
pubmed,BundleSheaf,false,5,4,epoch-200,1,4,cohens_d_test,0.15057324
pubmed,BundleSheaf,false,5,4,epoch-200,2,4,cohens_d_test,0.1162018
pubmed,BundleSheaf,false,5,4,epoch-200,3,4,cohens_d_test,0.13757975
pubmed,BundleSheaf,false,5,4,epoch-200,4,4,cohens_d_test,0.20100106
pubmed,BundleSheaf,false,5,4,epoch-200,0,5,degree,-0.01587306495093087
pubmed,BundleSheaf,false,5,4,epoch-200,1,5,degree,0.8394947763029381
pubmed,BundleSheaf,false,5,4,epoch-200,2,5,degree,0.7799625952583134
pubmed,BundleSheaf,false,5,4,epoch-200,3,5,degree,0.6307211582195532
pubmed,BundleSheaf,false,5,4,epoch-200,4,5,degree,0.5646119716351841
pubmed,BundleSheaf,false,5,4,epoch-200,0,5,betweenness,-0.018577428546589045
pubmed,BundleSheaf,false,5,4,epoch-200,1,5,betweenness,0.7845786080977848
pubmed,BundleSheaf,false,5,4,epoch-200,2,5,betweenness,0.7219579541977968
pubmed,BundleSheaf,false,5,4,epoch-200,3,5,betweenness,0.5803759297286023
pubmed,BundleSheaf,false,5,4,epoch-200,4,5,betweenness,0.514358439195418
pubmed,BundleSheaf,false,5,4,epoch-200,0,5,confidence,0.07662152917444448
pubmed,BundleSheaf,false,5,4,epoch-200,1,5,confidence,0.3203605616242136
pubmed,BundleSheaf,false,5,4,epoch-200,2,5,confidence,0.37848224993235585
pubmed,BundleSheaf,false,5,4,epoch-200,3,5,confidence,0.4177419600812764
pubmed,BundleSheaf,false,5,4,epoch-200,4,5,confidence,0.4678462909710991
pubmed,BundleSheaf,false,5,4,epoch-200,0,5,saliency,-0.0021161074821433898
pubmed,BundleSheaf,false,5,4,epoch-200,1,5,saliency,0.5595052230561948
pubmed,BundleSheaf,false,5,4,epoch-200,2,5,saliency,0.859326048993582
pubmed,BundleSheaf,false,5,4,epoch-200,3,5,saliency,0.9248808051863225
pubmed,BundleSheaf,false,5,4,epoch-200,4,5,saliency,0.9195708233887052
pubmed,BundleSheaf,false,5,4,epoch-200,0,5,cohens_d_train,0.27639735
pubmed,BundleSheaf,false,5,4,epoch-200,1,5,cohens_d_train,0.11770076
pubmed,BundleSheaf,false,5,4,epoch-200,2,5,cohens_d_train,0.07687681
pubmed,BundleSheaf,false,5,4,epoch-200,3,5,cohens_d_train,0.053113054
pubmed,BundleSheaf,false,5,4,epoch-200,4,5,cohens_d_train,0.043278508
pubmed,BundleSheaf,false,5,4,epoch-200,0,5,cohens_d_test,0.34730545
pubmed,BundleSheaf,false,5,4,epoch-200,1,5,cohens_d_test,0.11824037
pubmed,BundleSheaf,false,5,4,epoch-200,2,5,cohens_d_test,0.05041391
pubmed,BundleSheaf,false,5,4,epoch-200,3,5,cohens_d_test,0.0056852875
pubmed,BundleSheaf,false,5,4,epoch-200,4,5,cohens_d_test,0.022614267
pubmed,BundleSheaf,false,5,4,epoch-200,0,6,degree,-0.13295415668679703
pubmed,BundleSheaf,false,5,4,epoch-200,1,6,degree,0.7715956558121836
pubmed,BundleSheaf,false,5,4,epoch-200,2,6,degree,0.7626774178997756
pubmed,BundleSheaf,false,5,4,epoch-200,3,6,degree,0.5754695941483016
pubmed,BundleSheaf,false,5,4,epoch-200,4,6,degree,0.5302153821154568
pubmed,BundleSheaf,false,5,4,epoch-200,0,6,betweenness,-0.08237097031396876
pubmed,BundleSheaf,false,5,4,epoch-200,1,6,betweenness,0.7307838320824211
pubmed,BundleSheaf,false,5,4,epoch-200,2,6,betweenness,0.7090944930956921
pubmed,BundleSheaf,false,5,4,epoch-200,3,6,betweenness,0.5283426903685093
pubmed,BundleSheaf,false,5,4,epoch-200,4,6,betweenness,0.48725742118495535
pubmed,BundleSheaf,false,5,4,epoch-200,0,6,confidence,-0.029927043647767635
pubmed,BundleSheaf,false,5,4,epoch-200,1,6,confidence,0.2731741048519645
pubmed,BundleSheaf,false,5,4,epoch-200,2,6,confidence,0.34041306128161286
pubmed,BundleSheaf,false,5,4,epoch-200,3,6,confidence,0.34096672876938483
pubmed,BundleSheaf,false,5,4,epoch-200,4,6,confidence,0.38768183453193644
pubmed,BundleSheaf,false,5,4,epoch-200,0,6,saliency,-0.08457293368563516
pubmed,BundleSheaf,false,5,4,epoch-200,1,6,saliency,0.5015072784461194
pubmed,BundleSheaf,false,5,4,epoch-200,2,6,saliency,0.756863816522447
pubmed,BundleSheaf,false,5,4,epoch-200,3,6,saliency,0.8161629016293396
pubmed,BundleSheaf,false,5,4,epoch-200,4,6,saliency,0.806579800997541
pubmed,BundleSheaf,false,5,4,epoch-200,0,6,cohens_d_train,0.3949864
pubmed,BundleSheaf,false,5,4,epoch-200,1,6,cohens_d_train,0.09248802
pubmed,BundleSheaf,false,5,4,epoch-200,2,6,cohens_d_train,0.07054322
pubmed,BundleSheaf,false,5,4,epoch-200,3,6,cohens_d_train,0.04195777
pubmed,BundleSheaf,false,5,4,epoch-200,4,6,cohens_d_train,0.058655247
pubmed,BundleSheaf,false,5,4,epoch-200,0,6,cohens_d_test,0.36022776
pubmed,BundleSheaf,false,5,4,epoch-200,1,6,cohens_d_test,0.06795558
pubmed,BundleSheaf,false,5,4,epoch-200,2,6,cohens_d_test,0.049497664
pubmed,BundleSheaf,false,5,4,epoch-200,3,6,cohens_d_test,0.041694947
pubmed,BundleSheaf,false,5,4,epoch-200,4,6,cohens_d_test,0.045795918
pubmed,BundleSheaf,false,5,4,epoch-200,0,7,degree,0.009716309672973383
pubmed,BundleSheaf,false,5,4,epoch-200,1,7,degree,0.8208970154866648
pubmed,BundleSheaf,false,5,4,epoch-200,2,7,degree,0.7628695179296435
pubmed,BundleSheaf,false,5,4,epoch-200,3,7,degree,0.6026180975647386
pubmed,BundleSheaf,false,5,4,epoch-200,4,7,degree,0.5421192360169
pubmed,BundleSheaf,false,5,4,epoch-200,0,7,betweenness,0.014201338504756345
pubmed,BundleSheaf,false,5,4,epoch-200,1,7,betweenness,0.7719094925259274
pubmed,BundleSheaf,false,5,4,epoch-200,2,7,betweenness,0.7087902272241519
pubmed,BundleSheaf,false,5,4,epoch-200,3,7,betweenness,0.5544335876608929
pubmed,BundleSheaf,false,5,4,epoch-200,4,7,betweenness,0.49919069004903743
pubmed,BundleSheaf,false,5,4,epoch-200,0,7,confidence,0.04732163924715199
pubmed,BundleSheaf,false,5,4,epoch-200,1,7,confidence,0.3374756230614369
pubmed,BundleSheaf,false,5,4,epoch-200,2,7,confidence,0.4103185225870504
pubmed,BundleSheaf,false,5,4,epoch-200,3,7,confidence,0.47316205588935756
pubmed,BundleSheaf,false,5,4,epoch-200,4,7,confidence,0.540569032462753
pubmed,BundleSheaf,false,5,4,epoch-200,0,7,saliency,0.0026808878463912018
pubmed,BundleSheaf,false,5,4,epoch-200,1,7,saliency,0.5714091073286832
pubmed,BundleSheaf,false,5,4,epoch-200,2,7,saliency,0.8379437798285996
pubmed,BundleSheaf,false,5,4,epoch-200,3,7,saliency,0.8996676594121585
pubmed,BundleSheaf,false,5,4,epoch-200,4,7,saliency,0.8684323137152232
pubmed,BundleSheaf,false,5,4,epoch-200,0,7,cohens_d_train,0.11872727
pubmed,BundleSheaf,false,5,4,epoch-200,1,7,cohens_d_train,0.092517935
pubmed,BundleSheaf,false,5,4,epoch-200,2,7,cohens_d_train,0.048998743
pubmed,BundleSheaf,false,5,4,epoch-200,3,7,cohens_d_train,0.043483865
pubmed,BundleSheaf,false,5,4,epoch-200,4,7,cohens_d_train,0.0389909
pubmed,BundleSheaf,false,5,4,epoch-200,0,7,cohens_d_test,0.11664174
pubmed,BundleSheaf,false,5,4,epoch-200,1,7,cohens_d_test,0.09064431
pubmed,BundleSheaf,false,5,4,epoch-200,2,7,cohens_d_test,0.045118373
pubmed,BundleSheaf,false,5,4,epoch-200,3,7,cohens_d_test,0.029062834
pubmed,BundleSheaf,false,5,4,epoch-200,4,7,cohens_d_test,0.010596075
pubmed,BundleSheaf,false,5,4,epoch-200,0,8,degree,-0.02247893434174016
pubmed,BundleSheaf,false,5,4,epoch-200,1,8,degree,0.815481463978184
pubmed,BundleSheaf,false,5,4,epoch-200,2,8,degree,0.764529821370917
pubmed,BundleSheaf,false,5,4,epoch-200,3,8,degree,0.5849773387342835
pubmed,BundleSheaf,false,5,4,epoch-200,4,8,degree,0.5566425234741936
pubmed,BundleSheaf,false,5,4,epoch-200,0,8,betweenness,-0.02250703006655737
pubmed,BundleSheaf,false,5,4,epoch-200,1,8,betweenness,0.7600770252940531
pubmed,BundleSheaf,false,5,4,epoch-200,2,8,betweenness,0.7079249241063109
pubmed,BundleSheaf,false,5,4,epoch-200,3,8,betweenness,0.5365117856423053
pubmed,BundleSheaf,false,5,4,epoch-200,4,8,betweenness,0.5125984834756984
pubmed,BundleSheaf,false,5,4,epoch-200,0,8,confidence,0.12284978147426438
pubmed,BundleSheaf,false,5,4,epoch-200,1,8,confidence,0.34331052672587015
pubmed,BundleSheaf,false,5,4,epoch-200,2,8,confidence,0.39027782411255746
pubmed,BundleSheaf,false,5,4,epoch-200,3,8,confidence,0.41280680542722864
pubmed,BundleSheaf,false,5,4,epoch-200,4,8,confidence,0.5435347444956412
pubmed,BundleSheaf,false,5,4,epoch-200,0,8,saliency,0.04424222501786399
pubmed,BundleSheaf,false,5,4,epoch-200,1,8,saliency,0.5696857698128642
pubmed,BundleSheaf,false,5,4,epoch-200,2,8,saliency,0.8455465408663059
pubmed,BundleSheaf,false,5,4,epoch-200,3,8,saliency,0.8583663561185743
pubmed,BundleSheaf,false,5,4,epoch-200,4,8,saliency,0.8154069204215459
pubmed,BundleSheaf,false,5,4,epoch-200,0,8,cohens_d_train,0.5192547
pubmed,BundleSheaf,false,5,4,epoch-200,1,8,cohens_d_train,0.08935276
pubmed,BundleSheaf,false,5,4,epoch-200,2,8,cohens_d_train,0.07156506
pubmed,BundleSheaf,false,5,4,epoch-200,3,8,cohens_d_train,0.07976041
pubmed,BundleSheaf,false,5,4,epoch-200,4,8,cohens_d_train,0.05273531
pubmed,BundleSheaf,false,5,4,epoch-200,0,8,cohens_d_test,0.48145983
pubmed,BundleSheaf,false,5,4,epoch-200,1,8,cohens_d_test,0.07270818
pubmed,BundleSheaf,false,5,4,epoch-200,2,8,cohens_d_test,0.04558843
pubmed,BundleSheaf,false,5,4,epoch-200,3,8,cohens_d_test,0.087343715
pubmed,BundleSheaf,false,5,4,epoch-200,4,8,cohens_d_test,0.08140298
pubmed,BundleSheaf,false,5,4,epoch-200,0,9,degree,-0.11400900163458816
pubmed,BundleSheaf,false,5,4,epoch-200,1,9,degree,0.7381693867942534
pubmed,BundleSheaf,false,5,4,epoch-200,2,9,degree,0.7622231643175574
pubmed,BundleSheaf,false,5,4,epoch-200,3,9,degree,0.583769718393474
pubmed,BundleSheaf,false,5,4,epoch-200,4,9,degree,0.48267607642140503
pubmed,BundleSheaf,false,5,4,epoch-200,0,9,betweenness,-0.06664837290752874
pubmed,BundleSheaf,false,5,4,epoch-200,1,9,betweenness,0.6972721897056803
pubmed,BundleSheaf,false,5,4,epoch-200,2,9,betweenness,0.7084475182500551
pubmed,BundleSheaf,false,5,4,epoch-200,3,9,betweenness,0.5331764130305828
pubmed,BundleSheaf,false,5,4,epoch-200,4,9,betweenness,0.44025588527067133
pubmed,BundleSheaf,false,5,4,epoch-200,0,9,confidence,0.0404217464633718
pubmed,BundleSheaf,false,5,4,epoch-200,1,9,confidence,0.27444001695923825
pubmed,BundleSheaf,false,5,4,epoch-200,2,9,confidence,0.43935652079619253
pubmed,BundleSheaf,false,5,4,epoch-200,3,9,confidence,0.5153656372170546
pubmed,BundleSheaf,false,5,4,epoch-200,4,9,confidence,0.5666292287910398
pubmed,BundleSheaf,false,5,4,epoch-200,0,9,saliency,0.015041122606018871
pubmed,BundleSheaf,false,5,4,epoch-200,1,9,saliency,0.4300966721193735
pubmed,BundleSheaf,false,5,4,epoch-200,2,9,saliency,0.7539090653778833
pubmed,BundleSheaf,false,5,4,epoch-200,3,9,saliency,0.8434664792637392
pubmed,BundleSheaf,false,5,4,epoch-200,4,9,saliency,0.8559189441716273
pubmed,BundleSheaf,false,5,4,epoch-200,0,9,cohens_d_train,0.43268836
pubmed,BundleSheaf,false,5,4,epoch-200,1,9,cohens_d_train,0.03160626
pubmed,BundleSheaf,false,5,4,epoch-200,2,9,cohens_d_train,0.024662817
pubmed,BundleSheaf,false,5,4,epoch-200,3,9,cohens_d_train,0.0035212324
pubmed,BundleSheaf,false,5,4,epoch-200,4,9,cohens_d_train,0.011237696
pubmed,BundleSheaf,false,5,4,epoch-200,0,9,cohens_d_test,0.49692082
pubmed,BundleSheaf,false,5,4,epoch-200,1,9,cohens_d_test,0.05781119
pubmed,BundleSheaf,false,5,4,epoch-200,2,9,cohens_d_test,0.07137201
pubmed,BundleSheaf,false,5,4,epoch-200,3,9,cohens_d_test,0.05427777
pubmed,BundleSheaf,false,5,4,epoch-200,4,9,cohens_d_test,0.011742388
pubmed,BundleSheaf,false,5,4,best-epoch,0,0,degree,-0.09127914038422266
pubmed,BundleSheaf,false,5,4,best-epoch,1,0,degree,0.8149719081743617
pubmed,BundleSheaf,false,5,4,best-epoch,2,0,degree,0.7698658623749328
pubmed,BundleSheaf,false,5,4,best-epoch,3,0,degree,0.6156348569867559
pubmed,BundleSheaf,false,5,4,best-epoch,4,0,degree,0.5835753856162176
pubmed,BundleSheaf,false,5,4,best-epoch,0,0,betweenness,-0.056608446201301
pubmed,BundleSheaf,false,5,4,best-epoch,1,0,betweenness,0.7626784073078687
pubmed,BundleSheaf,false,5,4,best-epoch,2,0,betweenness,0.7117805102303475
pubmed,BundleSheaf,false,5,4,best-epoch,3,0,betweenness,0.563999095183583
pubmed,BundleSheaf,false,5,4,best-epoch,4,0,betweenness,0.5370703730521578
pubmed,BundleSheaf,false,5,4,best-epoch,0,0,confidence,-0.05541795665026484
pubmed,BundleSheaf,false,5,4,best-epoch,1,0,confidence,0.19074181756146613
pubmed,BundleSheaf,false,5,4,best-epoch,2,0,confidence,0.24682502301123063
pubmed,BundleSheaf,false,5,4,best-epoch,3,0,confidence,0.28867912509070076
pubmed,BundleSheaf,false,5,4,best-epoch,4,0,confidence,0.32361758068059826
pubmed,BundleSheaf,false,5,4,best-epoch,0,0,saliency,-0.02431666689713019
pubmed,BundleSheaf,false,5,4,best-epoch,1,0,saliency,0.5302414971024049
pubmed,BundleSheaf,false,5,4,best-epoch,2,0,saliency,0.7874174427895541
pubmed,BundleSheaf,false,5,4,best-epoch,3,0,saliency,0.849438445756162
pubmed,BundleSheaf,false,5,4,best-epoch,4,0,saliency,0.874129186205584
pubmed,BundleSheaf,false,5,4,best-epoch,0,0,cohens_d_train,0.04618555
pubmed,BundleSheaf,false,5,4,best-epoch,1,0,cohens_d_train,0.10582932
pubmed,BundleSheaf,false,5,4,best-epoch,2,0,cohens_d_train,0.072859265
pubmed,BundleSheaf,false,5,4,best-epoch,3,0,cohens_d_train,0.07021378
pubmed,BundleSheaf,false,5,4,best-epoch,4,0,cohens_d_train,0.08461529
pubmed,BundleSheaf,false,5,4,best-epoch,0,0,cohens_d_test,0.013043811
pubmed,BundleSheaf,false,5,4,best-epoch,1,0,cohens_d_test,0.07907859
pubmed,BundleSheaf,false,5,4,best-epoch,2,0,cohens_d_test,0.04700775
pubmed,BundleSheaf,false,5,4,best-epoch,3,0,cohens_d_test,0.043415926
pubmed,BundleSheaf,false,5,4,best-epoch,4,0,cohens_d_test,0.04555453
pubmed,BundleSheaf,false,5,4,best-epoch,0,1,degree,-0.1348571647526771
pubmed,BundleSheaf,false,5,4,best-epoch,1,1,degree,0.8044322164171607
pubmed,BundleSheaf,false,5,4,best-epoch,2,1,degree,0.7657740171577383
pubmed,BundleSheaf,false,5,4,best-epoch,3,1,degree,0.6032546222067467
pubmed,BundleSheaf,false,5,4,best-epoch,4,1,degree,0.5675367893989242
pubmed,BundleSheaf,false,5,4,best-epoch,0,1,betweenness,-0.09177248551252909
pubmed,BundleSheaf,false,5,4,best-epoch,1,1,betweenness,0.7545389170236891
pubmed,BundleSheaf,false,5,4,best-epoch,2,1,betweenness,0.7084058958394469
pubmed,BundleSheaf,false,5,4,best-epoch,3,1,betweenness,0.552495063419459
pubmed,BundleSheaf,false,5,4,best-epoch,4,1,betweenness,0.5206534940134133
pubmed,BundleSheaf,false,5,4,best-epoch,0,1,confidence,0.029439320224567675
pubmed,BundleSheaf,false,5,4,best-epoch,1,1,confidence,0.2506715972293229
pubmed,BundleSheaf,false,5,4,best-epoch,2,1,confidence,0.3326380171956832
pubmed,BundleSheaf,false,5,4,best-epoch,3,1,confidence,0.3722988705171349
pubmed,BundleSheaf,false,5,4,best-epoch,4,1,confidence,0.46610215671315236
pubmed,BundleSheaf,false,5,4,best-epoch,0,1,saliency,-0.06716169548851468
pubmed,BundleSheaf,false,5,4,best-epoch,1,1,saliency,0.533040306275492
pubmed,BundleSheaf,false,5,4,best-epoch,2,1,saliency,0.8372942570280055
pubmed,BundleSheaf,false,5,4,best-epoch,3,1,saliency,0.8926260049596093
pubmed,BundleSheaf,false,5,4,best-epoch,4,1,saliency,0.9098506842316224
pubmed,BundleSheaf,false,5,4,best-epoch,0,1,cohens_d_train,0.0924854
pubmed,BundleSheaf,false,5,4,best-epoch,1,1,cohens_d_train,0.011821944
pubmed,BundleSheaf,false,5,4,best-epoch,2,1,cohens_d_train,0.009265327
pubmed,BundleSheaf,false,5,4,best-epoch,3,1,cohens_d_train,0.041268114
pubmed,BundleSheaf,false,5,4,best-epoch,4,1,cohens_d_train,0.049556725
pubmed,BundleSheaf,false,5,4,best-epoch,0,1,cohens_d_test,0.04603242
pubmed,BundleSheaf,false,5,4,best-epoch,1,1,cohens_d_test,0.0789451
pubmed,BundleSheaf,false,5,4,best-epoch,2,1,cohens_d_test,0.06257525
pubmed,BundleSheaf,false,5,4,best-epoch,3,1,cohens_d_test,0.010393053
pubmed,BundleSheaf,false,5,4,best-epoch,4,1,cohens_d_test,0.0036442
pubmed,BundleSheaf,false,5,4,best-epoch,0,2,degree,-0.07684438779701168
pubmed,BundleSheaf,false,5,4,best-epoch,1,2,degree,0.7555127383491184
pubmed,BundleSheaf,false,5,4,best-epoch,2,2,degree,0.6980103835776434
pubmed,BundleSheaf,false,5,4,best-epoch,3,2,degree,0.5607434744148958
pubmed,BundleSheaf,false,5,4,best-epoch,4,2,degree,0.5486519473596967
pubmed,BundleSheaf,false,5,4,best-epoch,0,2,betweenness,-0.04683846086463147
pubmed,BundleSheaf,false,5,4,best-epoch,1,2,betweenness,0.7090642397447177
pubmed,BundleSheaf,false,5,4,best-epoch,2,2,betweenness,0.6490358681630943
pubmed,BundleSheaf,false,5,4,best-epoch,3,2,betweenness,0.513467941316293
pubmed,BundleSheaf,false,5,4,best-epoch,4,2,betweenness,0.49786404831202274
pubmed,BundleSheaf,false,5,4,best-epoch,0,2,confidence,0.07308379667403134
pubmed,BundleSheaf,false,5,4,best-epoch,1,2,confidence,0.4997668639990215
pubmed,BundleSheaf,false,5,4,best-epoch,2,2,confidence,0.7177772672484024
pubmed,BundleSheaf,false,5,4,best-epoch,3,2,confidence,0.8139471913897482
pubmed,BundleSheaf,false,5,4,best-epoch,4,2,confidence,0.8999228452151242
pubmed,BundleSheaf,false,5,4,best-epoch,0,2,saliency,-0.057797203081323335
pubmed,BundleSheaf,false,5,4,best-epoch,1,2,saliency,0.48826038146491674
pubmed,BundleSheaf,false,5,4,best-epoch,2,2,saliency,0.6822103841851355
pubmed,BundleSheaf,false,5,4,best-epoch,3,2,saliency,0.7392708501313979
pubmed,BundleSheaf,false,5,4,best-epoch,4,2,saliency,0.7505829911790908
pubmed,BundleSheaf,false,5,4,best-epoch,0,2,cohens_d_train,0.13451879
pubmed,BundleSheaf,false,5,4,best-epoch,1,2,cohens_d_train,0.07900361
pubmed,BundleSheaf,false,5,4,best-epoch,2,2,cohens_d_train,0.056709405
pubmed,BundleSheaf,false,5,4,best-epoch,3,2,cohens_d_train,0.07482973
pubmed,BundleSheaf,false,5,4,best-epoch,4,2,cohens_d_train,0.11827877
pubmed,BundleSheaf,false,5,4,best-epoch,0,2,cohens_d_test,0.12265859
pubmed,BundleSheaf,false,5,4,best-epoch,1,2,cohens_d_test,0.026803385
pubmed,BundleSheaf,false,5,4,best-epoch,2,2,cohens_d_test,0.014199521
pubmed,BundleSheaf,false,5,4,best-epoch,3,2,cohens_d_test,0.0020135385
pubmed,BundleSheaf,false,5,4,best-epoch,4,2,cohens_d_test,0.040237963
pubmed,BundleSheaf,false,5,4,best-epoch,0,3,degree,-0.03247832624446816
pubmed,BundleSheaf,false,5,4,best-epoch,1,3,degree,0.8279382734193206
pubmed,BundleSheaf,false,5,4,best-epoch,2,3,degree,0.7726581799277298
pubmed,BundleSheaf,false,5,4,best-epoch,3,3,degree,0.6042317227156462
pubmed,BundleSheaf,false,5,4,best-epoch,4,3,degree,0.48492720581286114
pubmed,BundleSheaf,false,5,4,best-epoch,0,3,betweenness,-0.02688868239567326
pubmed,BundleSheaf,false,5,4,best-epoch,1,3,betweenness,0.7735766409823981
pubmed,BundleSheaf,false,5,4,best-epoch,2,3,betweenness,0.7159512611893248
pubmed,BundleSheaf,false,5,4,best-epoch,3,3,betweenness,0.5546503967103497
pubmed,BundleSheaf,false,5,4,best-epoch,4,3,betweenness,0.4470640795432609
pubmed,BundleSheaf,false,5,4,best-epoch,0,3,confidence,0.07137554264664336
pubmed,BundleSheaf,false,5,4,best-epoch,1,3,confidence,0.25072635025183065
pubmed,BundleSheaf,false,5,4,best-epoch,2,3,confidence,0.28842461543103415
pubmed,BundleSheaf,false,5,4,best-epoch,3,3,confidence,0.30211865876411914
pubmed,BundleSheaf,false,5,4,best-epoch,4,3,confidence,0.3305866210839526
pubmed,BundleSheaf,false,5,4,best-epoch,0,3,saliency,-0.015431707742502708
pubmed,BundleSheaf,false,5,4,best-epoch,1,3,saliency,0.5912592940783195
pubmed,BundleSheaf,false,5,4,best-epoch,2,3,saliency,0.8397751896847677
pubmed,BundleSheaf,false,5,4,best-epoch,3,3,saliency,0.8682905020416716
pubmed,BundleSheaf,false,5,4,best-epoch,4,3,saliency,0.7801190169944142
pubmed,BundleSheaf,false,5,4,best-epoch,0,3,cohens_d_train,0.46545607
pubmed,BundleSheaf,false,5,4,best-epoch,1,3,cohens_d_train,0.12452782
pubmed,BundleSheaf,false,5,4,best-epoch,2,3,cohens_d_train,0.06957082
pubmed,BundleSheaf,false,5,4,best-epoch,3,3,cohens_d_train,0.08751075
pubmed,BundleSheaf,false,5,4,best-epoch,4,3,cohens_d_train,0.1711814
pubmed,BundleSheaf,false,5,4,best-epoch,0,3,cohens_d_test,0.43334675
pubmed,BundleSheaf,false,5,4,best-epoch,1,3,cohens_d_test,0.15920907
pubmed,BundleSheaf,false,5,4,best-epoch,2,3,cohens_d_test,0.13868713
pubmed,BundleSheaf,false,5,4,best-epoch,3,3,cohens_d_test,0.27636507
pubmed,BundleSheaf,false,5,4,best-epoch,4,3,cohens_d_test,0.38936383
pubmed,BundleSheaf,false,5,4,best-epoch,0,4,degree,-0.014847657302512144
pubmed,BundleSheaf,false,5,4,best-epoch,1,4,degree,0.8327485126967691
pubmed,BundleSheaf,false,5,4,best-epoch,2,4,degree,0.7709905197882191
pubmed,BundleSheaf,false,5,4,best-epoch,3,4,degree,0.6178819026261495
pubmed,BundleSheaf,false,5,4,best-epoch,4,4,degree,0.4839377502054729
pubmed,BundleSheaf,false,5,4,best-epoch,0,4,betweenness,-0.02736911642545299
pubmed,BundleSheaf,false,5,4,best-epoch,1,4,betweenness,0.7795988166138328
pubmed,BundleSheaf,false,5,4,best-epoch,2,4,betweenness,0.7173613358166044
pubmed,BundleSheaf,false,5,4,best-epoch,3,4,betweenness,0.5690100265465983
pubmed,BundleSheaf,false,5,4,best-epoch,4,4,betweenness,0.4510395558671564
pubmed,BundleSheaf,false,5,4,best-epoch,0,4,confidence,0.09244214154503522
pubmed,BundleSheaf,false,5,4,best-epoch,1,4,confidence,0.22756818411428323
pubmed,BundleSheaf,false,5,4,best-epoch,2,4,confidence,0.3218851674222489
pubmed,BundleSheaf,false,5,4,best-epoch,3,4,confidence,0.3937817489592994
pubmed,BundleSheaf,false,5,4,best-epoch,4,4,confidence,0.5329362046707529
pubmed,BundleSheaf,false,5,4,best-epoch,0,4,saliency,0.012409757824309598
pubmed,BundleSheaf,false,5,4,best-epoch,1,4,saliency,0.5735849858821928
pubmed,BundleSheaf,false,5,4,best-epoch,2,4,saliency,0.8473096108670827
pubmed,BundleSheaf,false,5,4,best-epoch,3,4,saliency,0.8831984824350033
pubmed,BundleSheaf,false,5,4,best-epoch,4,4,saliency,0.7847210147340605
pubmed,BundleSheaf,false,5,4,best-epoch,0,4,cohens_d_train,0.34351146
pubmed,BundleSheaf,false,5,4,best-epoch,1,4,cohens_d_train,0.080451936
pubmed,BundleSheaf,false,5,4,best-epoch,2,4,cohens_d_train,0.04954551
pubmed,BundleSheaf,false,5,4,best-epoch,3,4,cohens_d_train,0.04475044
pubmed,BundleSheaf,false,5,4,best-epoch,4,4,cohens_d_train,0.08574755
pubmed,BundleSheaf,false,5,4,best-epoch,0,4,cohens_d_test,0.2723924
pubmed,BundleSheaf,false,5,4,best-epoch,1,4,cohens_d_test,0.106886946
pubmed,BundleSheaf,false,5,4,best-epoch,2,4,cohens_d_test,0.08535682
pubmed,BundleSheaf,false,5,4,best-epoch,3,4,cohens_d_test,0.09963213
pubmed,BundleSheaf,false,5,4,best-epoch,4,4,cohens_d_test,0.118928485
pubmed,BundleSheaf,false,5,4,best-epoch,0,5,degree,-0.03370930321391098
pubmed,BundleSheaf,false,5,4,best-epoch,1,5,degree,0.8451111222926431
pubmed,BundleSheaf,false,5,4,best-epoch,2,5,degree,0.7743370858331206
pubmed,BundleSheaf,false,5,4,best-epoch,3,5,degree,0.6276191508919444
pubmed,BundleSheaf,false,5,4,best-epoch,4,5,degree,0.5609821972689955
pubmed,BundleSheaf,false,5,4,best-epoch,0,5,betweenness,-0.03222930432188084
pubmed,BundleSheaf,false,5,4,best-epoch,1,5,betweenness,0.7907249168496175
pubmed,BundleSheaf,false,5,4,best-epoch,2,5,betweenness,0.7186094487189773
pubmed,BundleSheaf,false,5,4,best-epoch,3,5,betweenness,0.5787327573268063
pubmed,BundleSheaf,false,5,4,best-epoch,4,5,betweenness,0.5137685783765842
pubmed,BundleSheaf,false,5,4,best-epoch,0,5,confidence,0.00477443643912463
pubmed,BundleSheaf,false,5,4,best-epoch,1,5,confidence,0.40451877142858206
pubmed,BundleSheaf,false,5,4,best-epoch,2,5,confidence,0.5602628464558947
pubmed,BundleSheaf,false,5,4,best-epoch,3,5,confidence,0.6020425007826753
pubmed,BundleSheaf,false,5,4,best-epoch,4,5,confidence,0.5986146795589093
pubmed,BundleSheaf,false,5,4,best-epoch,0,5,saliency,0.035514143789847366
pubmed,BundleSheaf,false,5,4,best-epoch,1,5,saliency,0.5414352697044432
pubmed,BundleSheaf,false,5,4,best-epoch,2,5,saliency,0.8308402010498703
pubmed,BundleSheaf,false,5,4,best-epoch,3,5,saliency,0.9070323044792794
pubmed,BundleSheaf,false,5,4,best-epoch,4,5,saliency,0.905032685057914
pubmed,BundleSheaf,false,5,4,best-epoch,0,5,cohens_d_train,0.41649362
pubmed,BundleSheaf,false,5,4,best-epoch,1,5,cohens_d_train,0.16764724
pubmed,BundleSheaf,false,5,4,best-epoch,2,5,cohens_d_train,0.09758039
pubmed,BundleSheaf,false,5,4,best-epoch,3,5,cohens_d_train,0.067369446
pubmed,BundleSheaf,false,5,4,best-epoch,4,5,cohens_d_train,0.050455432
pubmed,BundleSheaf,false,5,4,best-epoch,0,5,cohens_d_test,0.44615233
pubmed,BundleSheaf,false,5,4,best-epoch,1,5,cohens_d_test,0.116651736
pubmed,BundleSheaf,false,5,4,best-epoch,2,5,cohens_d_test,0.028027007
pubmed,BundleSheaf,false,5,4,best-epoch,3,5,cohens_d_test,0.005570831
pubmed,BundleSheaf,false,5,4,best-epoch,4,5,cohens_d_test,0.015956732
pubmed,BundleSheaf,false,5,4,best-epoch,0,6,degree,-0.1331759639840519
pubmed,BundleSheaf,false,5,4,best-epoch,1,6,degree,0.766865182937117
pubmed,BundleSheaf,false,5,4,best-epoch,2,6,degree,0.7608479152790686
pubmed,BundleSheaf,false,5,4,best-epoch,3,6,degree,0.5696297121970688
pubmed,BundleSheaf,false,5,4,best-epoch,4,6,degree,0.5107892133858144
pubmed,BundleSheaf,false,5,4,best-epoch,0,6,betweenness,-0.08244592996352042
pubmed,BundleSheaf,false,5,4,best-epoch,1,6,betweenness,0.7259670369248977
pubmed,BundleSheaf,false,5,4,best-epoch,2,6,betweenness,0.7076101251341376
pubmed,BundleSheaf,false,5,4,best-epoch,3,6,betweenness,0.5240415739332485
pubmed,BundleSheaf,false,5,4,best-epoch,4,6,betweenness,0.47490919066908227
pubmed,BundleSheaf,false,5,4,best-epoch,0,6,confidence,0.13218081353131597
pubmed,BundleSheaf,false,5,4,best-epoch,1,6,confidence,0.057743753014854085
pubmed,BundleSheaf,false,5,4,best-epoch,2,6,confidence,0.019128417038321317
pubmed,BundleSheaf,false,5,4,best-epoch,3,6,confidence,0.02712036460246166
pubmed,BundleSheaf,false,5,4,best-epoch,4,6,confidence,0.0673576860428096
pubmed,BundleSheaf,false,5,4,best-epoch,0,6,saliency,-0.12288931094737245
pubmed,BundleSheaf,false,5,4,best-epoch,1,6,saliency,0.5443110616018882
pubmed,BundleSheaf,false,5,4,best-epoch,2,6,saliency,0.8164696318395837
pubmed,BundleSheaf,false,5,4,best-epoch,3,6,saliency,0.8430584486067861
pubmed,BundleSheaf,false,5,4,best-epoch,4,6,saliency,0.7521985669405902
pubmed,BundleSheaf,false,5,4,best-epoch,0,6,cohens_d_train,0.30596945
pubmed,BundleSheaf,false,5,4,best-epoch,1,6,cohens_d_train,0.18360306
pubmed,BundleSheaf,false,5,4,best-epoch,2,6,cohens_d_train,0.1158889
pubmed,BundleSheaf,false,5,4,best-epoch,3,6,cohens_d_train,0.12988158
pubmed,BundleSheaf,false,5,4,best-epoch,4,6,cohens_d_train,0.19069695
pubmed,BundleSheaf,false,5,4,best-epoch,0,6,cohens_d_test,0.28573373
pubmed,BundleSheaf,false,5,4,best-epoch,1,6,cohens_d_test,0.0600703
pubmed,BundleSheaf,false,5,4,best-epoch,2,6,cohens_d_test,0.007042359
pubmed,BundleSheaf,false,5,4,best-epoch,3,6,cohens_d_test,0.001016003
pubmed,BundleSheaf,false,5,4,best-epoch,4,6,cohens_d_test,0.0037072992
pubmed,BundleSheaf,false,5,4,best-epoch,0,7,degree,0.011760557419230865
pubmed,BundleSheaf,false,5,4,best-epoch,1,7,degree,0.8216597442189233
pubmed,BundleSheaf,false,5,4,best-epoch,2,7,degree,0.7656256946449845
pubmed,BundleSheaf,false,5,4,best-epoch,3,7,degree,0.5954433219257077
pubmed,BundleSheaf,false,5,4,best-epoch,4,7,degree,0.5419355770627067
pubmed,BundleSheaf,false,5,4,best-epoch,0,7,betweenness,0.01420611181564008
pubmed,BundleSheaf,false,5,4,best-epoch,1,7,betweenness,0.7740877936297827
pubmed,BundleSheaf,false,5,4,best-epoch,2,7,betweenness,0.7132019495586895
pubmed,BundleSheaf,false,5,4,best-epoch,3,7,betweenness,0.5488740888466591
pubmed,BundleSheaf,false,5,4,best-epoch,4,7,betweenness,0.4973652167339349
pubmed,BundleSheaf,false,5,4,best-epoch,0,7,confidence,0.07424008214743025
pubmed,BundleSheaf,false,5,4,best-epoch,1,7,confidence,0.41324210164099046
pubmed,BundleSheaf,false,5,4,best-epoch,2,7,confidence,0.5554931930711319
pubmed,BundleSheaf,false,5,4,best-epoch,3,7,confidence,0.6155236093477209
pubmed,BundleSheaf,false,5,4,best-epoch,4,7,confidence,0.7283866016640678
pubmed,BundleSheaf,false,5,4,best-epoch,0,7,saliency,0.01983951605489595
pubmed,BundleSheaf,false,5,4,best-epoch,1,7,saliency,0.5379829358594073
pubmed,BundleSheaf,false,5,4,best-epoch,2,7,saliency,0.8006082656146121
pubmed,BundleSheaf,false,5,4,best-epoch,3,7,saliency,0.8735736123589588
pubmed,BundleSheaf,false,5,4,best-epoch,4,7,saliency,0.8683705942835818
pubmed,BundleSheaf,false,5,4,best-epoch,0,7,cohens_d_train,0.16191886
pubmed,BundleSheaf,false,5,4,best-epoch,1,7,cohens_d_train,0.016712714
pubmed,BundleSheaf,false,5,4,best-epoch,2,7,cohens_d_train,0.009840976
pubmed,BundleSheaf,false,5,4,best-epoch,3,7,cohens_d_train,0.0014240281
pubmed,BundleSheaf,false,5,4,best-epoch,4,7,cohens_d_train,0.0054654647
pubmed,BundleSheaf,false,5,4,best-epoch,0,7,cohens_d_test,0.24141298
pubmed,BundleSheaf,false,5,4,best-epoch,1,7,cohens_d_test,0.009231659
pubmed,BundleSheaf,false,5,4,best-epoch,2,7,cohens_d_test,0.0051913527
pubmed,BundleSheaf,false,5,4,best-epoch,3,7,cohens_d_test,0.004644621
pubmed,BundleSheaf,false,5,4,best-epoch,4,7,cohens_d_test,0.038364157
pubmed,BundleSheaf,false,5,4,best-epoch,0,8,degree,-0.0043332630448512915
pubmed,BundleSheaf,false,5,4,best-epoch,1,8,degree,0.8120396075673797
pubmed,BundleSheaf,false,5,4,best-epoch,2,8,degree,0.7633131605671583
pubmed,BundleSheaf,false,5,4,best-epoch,3,8,degree,0.5410866212048405
pubmed,BundleSheaf,false,5,4,best-epoch,4,8,degree,0.5434270550948067
pubmed,BundleSheaf,false,5,4,best-epoch,0,8,betweenness,-0.0097487366338343
pubmed,BundleSheaf,false,5,4,best-epoch,1,8,betweenness,0.7586364810535832
pubmed,BundleSheaf,false,5,4,best-epoch,2,8,betweenness,0.708938565709539
pubmed,BundleSheaf,false,5,4,best-epoch,3,8,betweenness,0.49455218201453005
pubmed,BundleSheaf,false,5,4,best-epoch,4,8,betweenness,0.5004380428306046
pubmed,BundleSheaf,false,5,4,best-epoch,0,8,confidence,0.16006382723674592
pubmed,BundleSheaf,false,5,4,best-epoch,1,8,confidence,0.419420074344206
pubmed,BundleSheaf,false,5,4,best-epoch,2,8,confidence,0.5167786694641158
pubmed,BundleSheaf,false,5,4,best-epoch,3,8,confidence,0.5938422551960941
pubmed,BundleSheaf,false,5,4,best-epoch,4,8,confidence,0.7466108648145645
pubmed,BundleSheaf,false,5,4,best-epoch,0,8,saliency,0.10995926158518385
pubmed,BundleSheaf,false,5,4,best-epoch,1,8,saliency,0.5764461598961673
pubmed,BundleSheaf,false,5,4,best-epoch,2,8,saliency,0.8264463589395019
pubmed,BundleSheaf,false,5,4,best-epoch,3,8,saliency,0.836552820235406
pubmed,BundleSheaf,false,5,4,best-epoch,4,8,saliency,0.8077543967559744
pubmed,BundleSheaf,false,5,4,best-epoch,0,8,cohens_d_train,0.4197568
pubmed,BundleSheaf,false,5,4,best-epoch,1,8,cohens_d_train,0.08440744
pubmed,BundleSheaf,false,5,4,best-epoch,2,8,cohens_d_train,0.027257415
pubmed,BundleSheaf,false,5,4,best-epoch,3,8,cohens_d_train,0.02765337
pubmed,BundleSheaf,false,5,4,best-epoch,4,8,cohens_d_train,0.116962306
pubmed,BundleSheaf,false,5,4,best-epoch,0,8,cohens_d_test,0.32533175
pubmed,BundleSheaf,false,5,4,best-epoch,1,8,cohens_d_test,0.08129769
pubmed,BundleSheaf,false,5,4,best-epoch,2,8,cohens_d_test,0.060683038
pubmed,BundleSheaf,false,5,4,best-epoch,3,8,cohens_d_test,0.15782297
pubmed,BundleSheaf,false,5,4,best-epoch,4,8,cohens_d_test,0.19048265
pubmed,BundleSheaf,false,5,4,best-epoch,0,9,degree,-0.11325643627411815
pubmed,BundleSheaf,false,5,4,best-epoch,1,9,degree,0.7453724562250026
pubmed,BundleSheaf,false,5,4,best-epoch,2,9,degree,0.762553506206944
pubmed,BundleSheaf,false,5,4,best-epoch,3,9,degree,0.5766712362437275
pubmed,BundleSheaf,false,5,4,best-epoch,4,9,degree,0.4553154394094336
pubmed,BundleSheaf,false,5,4,best-epoch,0,9,betweenness,-0.06597390234913696
pubmed,BundleSheaf,false,5,4,best-epoch,1,9,betweenness,0.704357908491019
pubmed,BundleSheaf,false,5,4,best-epoch,2,9,betweenness,0.7104695445828337
pubmed,BundleSheaf,false,5,4,best-epoch,3,9,betweenness,0.526894502275719
pubmed,BundleSheaf,false,5,4,best-epoch,4,9,betweenness,0.4220343544572679
pubmed,BundleSheaf,false,5,4,best-epoch,0,9,confidence,0.14010809521357254
pubmed,BundleSheaf,false,5,4,best-epoch,1,9,confidence,0.19538979152796063
pubmed,BundleSheaf,false,5,4,best-epoch,2,9,confidence,0.14220727349961676
pubmed,BundleSheaf,false,5,4,best-epoch,3,9,confidence,0.13842800912285835
pubmed,BundleSheaf,false,5,4,best-epoch,4,9,confidence,0.19444696724924299
pubmed,BundleSheaf,false,5,4,best-epoch,0,9,saliency,-0.16590051251869217
pubmed,BundleSheaf,false,5,4,best-epoch,1,9,saliency,0.4529043230284208
pubmed,BundleSheaf,false,5,4,best-epoch,2,9,saliency,0.8100871143219777
pubmed,BundleSheaf,false,5,4,best-epoch,3,9,saliency,0.8287689955765002
pubmed,BundleSheaf,false,5,4,best-epoch,4,9,saliency,0.7381565719747377
pubmed,BundleSheaf,false,5,4,best-epoch,0,9,cohens_d_train,0.22573781
pubmed,BundleSheaf,false,5,4,best-epoch,1,9,cohens_d_train,0.055055685
pubmed,BundleSheaf,false,5,4,best-epoch,2,9,cohens_d_train,0.05393923
pubmed,BundleSheaf,false,5,4,best-epoch,3,9,cohens_d_train,0.064136036
pubmed,BundleSheaf,false,5,4,best-epoch,4,9,cohens_d_train,0.20832148
pubmed,BundleSheaf,false,5,4,best-epoch,0,9,cohens_d_test,0.26325107
pubmed,BundleSheaf,false,5,4,best-epoch,1,9,cohens_d_test,0.044697907
pubmed,BundleSheaf,false,5,4,best-epoch,2,9,cohens_d_test,0.08837438
pubmed,BundleSheaf,false,5,4,best-epoch,3,9,cohens_d_test,0.14576595
pubmed,BundleSheaf,false,5,4,best-epoch,4,9,cohens_d_test,0.32371065
pubmed,BundleSheaf,false,5,4,last,0,0,degree,-0.09127721155246438
pubmed,BundleSheaf,false,5,4,last,1,0,degree,0.8149715520750211
pubmed,BundleSheaf,false,5,4,last,2,0,degree,0.7698587460902621
pubmed,BundleSheaf,false,5,4,last,3,0,degree,0.6156050092473665
pubmed,BundleSheaf,false,5,4,last,4,0,degree,0.5876201810354246
pubmed,BundleSheaf,false,5,4,last,0,0,betweenness,-0.05660799410478599
pubmed,BundleSheaf,false,5,4,last,1,0,betweenness,0.7626777340644983
pubmed,BundleSheaf,false,5,4,last,2,0,betweenness,0.7117744975491639
pubmed,BundleSheaf,false,5,4,last,3,0,betweenness,0.5639674445361985
pubmed,BundleSheaf,false,5,4,last,4,0,betweenness,0.5405300239082306
pubmed,BundleSheaf,false,5,4,last,0,0,confidence,-0.08540828237583017
pubmed,BundleSheaf,false,5,4,last,1,0,confidence,0.3310577264578963
pubmed,BundleSheaf,false,5,4,last,2,0,confidence,0.5585907298757348
pubmed,BundleSheaf,false,5,4,last,3,0,confidence,0.5536455435166219
pubmed,BundleSheaf,false,5,4,last,4,0,confidence,0.5136716014530203
pubmed,BundleSheaf,false,5,4,last,0,0,saliency,-0.07737332551234892
pubmed,BundleSheaf,false,5,4,last,1,0,saliency,0.5542652258613778
pubmed,BundleSheaf,false,5,4,last,2,0,saliency,0.8337099909997475
pubmed,BundleSheaf,false,5,4,last,3,0,saliency,0.8808069668381859
pubmed,BundleSheaf,false,5,4,last,4,0,saliency,0.871375268808209
pubmed,BundleSheaf,false,5,4,last,0,0,cohens_d_train,0.0015388968
pubmed,BundleSheaf,false,5,4,last,1,0,cohens_d_train,0.09448742
pubmed,BundleSheaf,false,5,4,last,2,0,cohens_d_train,0.052900102
pubmed,BundleSheaf,false,5,4,last,3,0,cohens_d_train,0.045173682
pubmed,BundleSheaf,false,5,4,last,4,0,cohens_d_train,0.05084583
pubmed,BundleSheaf,false,5,4,last,0,0,cohens_d_test,0.061329313
pubmed,BundleSheaf,false,5,4,last,1,0,cohens_d_test,0.001285532
pubmed,BundleSheaf,false,5,4,last,2,0,cohens_d_test,0.026803905
pubmed,BundleSheaf,false,5,4,last,3,0,cohens_d_test,0.028643643
pubmed,BundleSheaf,false,5,4,last,4,0,cohens_d_test,0.026410274
pubmed,BundleSheaf,false,5,4,last,0,1,degree,-0.1348571647526771
pubmed,BundleSheaf,false,5,4,last,1,1,degree,0.804432223605024
pubmed,BundleSheaf,false,5,4,last,2,1,degree,0.7657740391740121
pubmed,BundleSheaf,false,5,4,last,3,1,degree,0.603254706350153
pubmed,BundleSheaf,false,5,4,last,4,1,degree,0.5675367319574092
pubmed,BundleSheaf,false,5,4,last,0,1,betweenness,-0.09177248551252909
pubmed,BundleSheaf,false,5,4,last,1,1,betweenness,0.7545389189295182
pubmed,BundleSheaf,false,5,4,last,2,1,betweenness,0.708405917785463
pubmed,BundleSheaf,false,5,4,last,3,1,betweenness,0.5524951577045351
pubmed,BundleSheaf,false,5,4,last,4,1,betweenness,0.5206534397264738
pubmed,BundleSheaf,false,5,4,last,0,1,confidence,0.029439149846965013
pubmed,BundleSheaf,false,5,4,last,1,1,confidence,0.25067164597081076
pubmed,BundleSheaf,false,5,4,last,2,1,confidence,0.3326382911950353
pubmed,BundleSheaf,false,5,4,last,3,1,confidence,0.37229919429311475
pubmed,BundleSheaf,false,5,4,last,4,1,confidence,0.46610247991824344
pubmed,BundleSheaf,false,5,4,last,0,1,saliency,-0.06814640325142599
pubmed,BundleSheaf,false,5,4,last,1,1,saliency,0.5335350182388059
pubmed,BundleSheaf,false,5,4,last,2,1,saliency,0.838194747816433
pubmed,BundleSheaf,false,5,4,last,3,1,saliency,0.8933045038406018
pubmed,BundleSheaf,false,5,4,last,4,1,saliency,0.9097381912467639
pubmed,BundleSheaf,false,5,4,last,0,1,cohens_d_train,0.0924854
pubmed,BundleSheaf,false,5,4,last,1,1,cohens_d_train,0.011821944
pubmed,BundleSheaf,false,5,4,last,2,1,cohens_d_train,0.009265327
pubmed,BundleSheaf,false,5,4,last,3,1,cohens_d_train,0.04126811
pubmed,BundleSheaf,false,5,4,last,4,1,cohens_d_train,0.049557213
pubmed,BundleSheaf,false,5,4,last,0,1,cohens_d_test,0.04603242
pubmed,BundleSheaf,false,5,4,last,1,1,cohens_d_test,0.07894495
pubmed,BundleSheaf,false,5,4,last,2,1,cohens_d_test,0.06257523
pubmed,BundleSheaf,false,5,4,last,3,1,cohens_d_test,0.010393073
pubmed,BundleSheaf,false,5,4,last,4,1,cohens_d_test,0.00364417
pubmed,BundleSheaf,false,5,4,last,0,2,degree,-0.07684957197568063
pubmed,BundleSheaf,false,5,4,last,1,2,degree,0.7554343287168845
pubmed,BundleSheaf,false,5,4,last,2,2,degree,0.6978209867305015
pubmed,BundleSheaf,false,5,4,last,3,2,degree,0.5596391808151295
pubmed,BundleSheaf,false,5,4,last,4,2,degree,0.5467676467061227
pubmed,BundleSheaf,false,5,4,last,0,2,betweenness,-0.0468387225390854
pubmed,BundleSheaf,false,5,4,last,1,2,betweenness,0.7089805476456195
pubmed,BundleSheaf,false,5,4,last,2,2,betweenness,0.6488543606565649
pubmed,BundleSheaf,false,5,4,last,3,2,betweenness,0.5124336745613358
pubmed,BundleSheaf,false,5,4,last,4,2,betweenness,0.49647966692205386
pubmed,BundleSheaf,false,5,4,last,0,2,confidence,0.06617483554820172
pubmed,BundleSheaf,false,5,4,last,1,2,confidence,0.48667792352574113
pubmed,BundleSheaf,false,5,4,last,2,2,confidence,0.7209031507986696
pubmed,BundleSheaf,false,5,4,last,3,2,confidence,0.7953237910126862
pubmed,BundleSheaf,false,5,4,last,4,2,confidence,0.829420325467812
pubmed,BundleSheaf,false,5,4,last,0,2,saliency,-0.12639282518936337
pubmed,BundleSheaf,false,5,4,last,1,2,saliency,0.47120934819201343
pubmed,BundleSheaf,false,5,4,last,2,2,saliency,0.678556859244891
pubmed,BundleSheaf,false,5,4,last,3,2,saliency,0.7347357558641133
pubmed,BundleSheaf,false,5,4,last,4,2,saliency,0.74194825085592
pubmed,BundleSheaf,false,5,4,last,0,2,cohens_d_train,0.06295689
pubmed,BundleSheaf,false,5,4,last,1,2,cohens_d_train,0.01294126
pubmed,BundleSheaf,false,5,4,last,2,2,cohens_d_train,0.009467225
pubmed,BundleSheaf,false,5,4,last,3,2,cohens_d_train,0.00042878868
pubmed,BundleSheaf,false,5,4,last,4,2,cohens_d_train,0.02575989
pubmed,BundleSheaf,false,5,4,last,0,2,cohens_d_test,0.041242506
pubmed,BundleSheaf,false,5,4,last,1,2,cohens_d_test,0.070149094
pubmed,BundleSheaf,false,5,4,last,2,2,cohens_d_test,0.04982736
pubmed,BundleSheaf,false,5,4,last,3,2,cohens_d_test,0.051834688
pubmed,BundleSheaf,false,5,4,last,4,2,cohens_d_test,0.06990651
pubmed,BundleSheaf,false,5,4,last,0,3,degree,-0.032483648855454156
pubmed,BundleSheaf,false,5,4,last,1,3,degree,0.8279131250240577
pubmed,BundleSheaf,false,5,4,last,2,3,degree,0.7726551872110411
pubmed,BundleSheaf,false,5,4,last,3,3,degree,0.6042525954285998
pubmed,BundleSheaf,false,5,4,last,4,3,degree,0.485061510885181
pubmed,BundleSheaf,false,5,4,last,0,3,betweenness,-0.026893720019847196
pubmed,BundleSheaf,false,5,4,last,1,3,betweenness,0.7735508101838504
pubmed,BundleSheaf,false,5,4,last,2,3,betweenness,0.7159481396288505
pubmed,BundleSheaf,false,5,4,last,3,3,betweenness,0.5546713603927285
pubmed,BundleSheaf,false,5,4,last,4,3,betweenness,0.44722633664005657
pubmed,BundleSheaf,false,5,4,last,0,3,confidence,0.06866555111260851
pubmed,BundleSheaf,false,5,4,last,1,3,confidence,0.22661969986356897
pubmed,BundleSheaf,false,5,4,last,2,3,confidence,0.25777775640903494
pubmed,BundleSheaf,false,5,4,last,3,3,confidence,0.26783714627374866
pubmed,BundleSheaf,false,5,4,last,4,3,confidence,0.28554185389212255
pubmed,BundleSheaf,false,5,4,last,0,3,saliency,-0.0041783068474450635
pubmed,BundleSheaf,false,5,4,last,1,3,saliency,0.5875616910839044
pubmed,BundleSheaf,false,5,4,last,2,3,saliency,0.8306104739095977
pubmed,BundleSheaf,false,5,4,last,3,3,saliency,0.8648585535863299
pubmed,BundleSheaf,false,5,4,last,4,3,saliency,0.789413021943929
pubmed,BundleSheaf,false,5,4,last,0,3,cohens_d_train,0.44172513
pubmed,BundleSheaf,false,5,4,last,1,3,cohens_d_train,0.09303593
pubmed,BundleSheaf,false,5,4,last,2,3,cohens_d_train,0.06305874
pubmed,BundleSheaf,false,5,4,last,3,3,cohens_d_train,0.07994836
pubmed,BundleSheaf,false,5,4,last,4,3,cohens_d_train,0.17121597
pubmed,BundleSheaf,false,5,4,last,0,3,cohens_d_test,0.3798349
pubmed,BundleSheaf,false,5,4,last,1,3,cohens_d_test,0.14412932
pubmed,BundleSheaf,false,5,4,last,2,3,cohens_d_test,0.14307088
pubmed,BundleSheaf,false,5,4,last,3,3,cohens_d_test,0.25237837
pubmed,BundleSheaf,false,5,4,last,4,3,cohens_d_test,0.39798805
pubmed,BundleSheaf,false,5,4,last,0,4,degree,-0.014641813225763013
pubmed,BundleSheaf,false,5,4,last,1,4,degree,0.8326033272769932
pubmed,BundleSheaf,false,5,4,last,2,4,degree,0.7710777538223512
pubmed,BundleSheaf,false,5,4,last,3,4,degree,0.6178726815455887
pubmed,BundleSheaf,false,5,4,last,4,4,degree,0.4823049735463727
pubmed,BundleSheaf,false,5,4,last,0,4,betweenness,-0.02719367733925014
pubmed,BundleSheaf,false,5,4,last,1,4,betweenness,0.7794496572656945
pubmed,BundleSheaf,false,5,4,last,2,4,betweenness,0.7174542857408978
pubmed,BundleSheaf,false,5,4,last,3,4,betweenness,0.5689430517102964
pubmed,BundleSheaf,false,5,4,last,4,4,betweenness,0.4497570017144329
pubmed,BundleSheaf,false,5,4,last,0,4,confidence,0.08764842393359738
pubmed,BundleSheaf,false,5,4,last,1,4,confidence,0.21798602152410462
pubmed,BundleSheaf,false,5,4,last,2,4,confidence,0.3295673690592839
pubmed,BundleSheaf,false,5,4,last,3,4,confidence,0.40759068516626457
pubmed,BundleSheaf,false,5,4,last,4,4,confidence,0.5436476335571471
pubmed,BundleSheaf,false,5,4,last,0,4,saliency,-0.029008151211908615
pubmed,BundleSheaf,false,5,4,last,1,4,saliency,0.5575747184166409
pubmed,BundleSheaf,false,5,4,last,2,4,saliency,0.8420279561643407
pubmed,BundleSheaf,false,5,4,last,3,4,saliency,0.8667886642468782
pubmed,BundleSheaf,false,5,4,last,4,4,saliency,0.7362401760951031
pubmed,BundleSheaf,false,5,4,last,0,4,cohens_d_train,0.30374214
pubmed,BundleSheaf,false,5,4,last,1,4,cohens_d_train,0.08566651
pubmed,BundleSheaf,false,5,4,last,2,4,cohens_d_train,0.05258303
pubmed,BundleSheaf,false,5,4,last,3,4,cohens_d_train,0.051702738
pubmed,BundleSheaf,false,5,4,last,4,4,cohens_d_train,0.14343475
pubmed,BundleSheaf,false,5,4,last,0,4,cohens_d_test,0.24590527
pubmed,BundleSheaf,false,5,4,last,1,4,cohens_d_test,0.06661466
pubmed,BundleSheaf,false,5,4,last,2,4,cohens_d_test,0.07788288
pubmed,BundleSheaf,false,5,4,last,3,4,cohens_d_test,0.15442227
pubmed,BundleSheaf,false,5,4,last,4,4,cohens_d_test,0.22175954
pubmed,BundleSheaf,false,5,4,last,0,5,degree,-0.0344412074830045
pubmed,BundleSheaf,false,5,4,last,1,5,degree,0.8451776373696713
pubmed,BundleSheaf,false,5,4,last,2,5,degree,0.774281135975548
pubmed,BundleSheaf,false,5,4,last,3,5,degree,0.6272708111061266
pubmed,BundleSheaf,false,5,4,last,4,5,degree,0.5589799236645736
pubmed,BundleSheaf,false,5,4,last,0,5,betweenness,-0.03263547827691895
pubmed,BundleSheaf,false,5,4,last,1,5,betweenness,0.7909552874620324
pubmed,BundleSheaf,false,5,4,last,2,5,betweenness,0.718531172215204
pubmed,BundleSheaf,false,5,4,last,3,5,betweenness,0.578405051032263
pubmed,BundleSheaf,false,5,4,last,4,5,betweenness,0.5120493047247056
pubmed,BundleSheaf,false,5,4,last,0,5,confidence,0.04019322212323392
pubmed,BundleSheaf,false,5,4,last,1,5,confidence,0.39666260327206576
pubmed,BundleSheaf,false,5,4,last,2,5,confidence,0.5301004645811562
pubmed,BundleSheaf,false,5,4,last,3,5,confidence,0.5636383525396612
pubmed,BundleSheaf,false,5,4,last,4,5,confidence,0.5903403752253418
pubmed,BundleSheaf,false,5,4,last,0,5,saliency,-0.06844127396700138
pubmed,BundleSheaf,false,5,4,last,1,5,saliency,0.5324103502396198
pubmed,BundleSheaf,false,5,4,last,2,5,saliency,0.8501752650311484
pubmed,BundleSheaf,false,5,4,last,3,5,saliency,0.9100327972423519
pubmed,BundleSheaf,false,5,4,last,4,5,saliency,0.8812223041399904
pubmed,BundleSheaf,false,5,4,last,0,5,cohens_d_train,0.33370093
pubmed,BundleSheaf,false,5,4,last,1,5,cohens_d_train,0.115871966
pubmed,BundleSheaf,false,5,4,last,2,5,cohens_d_train,0.08719681
pubmed,BundleSheaf,false,5,4,last,3,5,cohens_d_train,0.068350844
pubmed,BundleSheaf,false,5,4,last,4,5,cohens_d_train,0.058344964
pubmed,BundleSheaf,false,5,4,last,0,5,cohens_d_test,0.35497105
pubmed,BundleSheaf,false,5,4,last,1,5,cohens_d_test,0.07509459
pubmed,BundleSheaf,false,5,4,last,2,5,cohens_d_test,0.068182275
pubmed,BundleSheaf,false,5,4,last,3,5,cohens_d_test,0.06443492
pubmed,BundleSheaf,false,5,4,last,4,5,cohens_d_test,0.057579994
pubmed,BundleSheaf,false,5,4,last,0,6,degree,-0.13323945902466508
pubmed,BundleSheaf,false,5,4,last,1,6,degree,0.7683561538094196
pubmed,BundleSheaf,false,5,4,last,2,6,degree,0.7607579077550657
pubmed,BundleSheaf,false,5,4,last,3,6,degree,0.568610943770896
pubmed,BundleSheaf,false,5,4,last,4,6,degree,0.5283776068332601
pubmed,BundleSheaf,false,5,4,last,0,6,betweenness,-0.08249827376551
pubmed,BundleSheaf,false,5,4,last,1,6,betweenness,0.7274603580559507
pubmed,BundleSheaf,false,5,4,last,2,6,betweenness,0.707566244557322
pubmed,BundleSheaf,false,5,4,last,3,6,betweenness,0.5232399300095971
pubmed,BundleSheaf,false,5,4,last,4,6,betweenness,0.48957627362144196
pubmed,BundleSheaf,false,5,4,last,0,6,confidence,-0.007793280560031201
pubmed,BundleSheaf,false,5,4,last,1,6,confidence,0.3401541528813792
pubmed,BundleSheaf,false,5,4,last,2,6,confidence,0.48517392317512187
pubmed,BundleSheaf,false,5,4,last,3,6,confidence,0.545918344473042
pubmed,BundleSheaf,false,5,4,last,4,6,confidence,0.5551931119043096
pubmed,BundleSheaf,false,5,4,last,0,6,saliency,-0.0797014652345467
pubmed,BundleSheaf,false,5,4,last,1,6,saliency,0.5279637603335532
pubmed,BundleSheaf,false,5,4,last,2,6,saliency,0.7929322059777806
pubmed,BundleSheaf,false,5,4,last,3,6,saliency,0.8475588511807306
pubmed,BundleSheaf,false,5,4,last,4,6,saliency,0.835424280901216
pubmed,BundleSheaf,false,5,4,last,0,6,cohens_d_train,0.53048563
pubmed,BundleSheaf,false,5,4,last,1,6,cohens_d_train,0.10270994
pubmed,BundleSheaf,false,5,4,last,2,6,cohens_d_train,0.05356354
pubmed,BundleSheaf,false,5,4,last,3,6,cohens_d_train,0.010002771
pubmed,BundleSheaf,false,5,4,last,4,6,cohens_d_train,0.007638237
pubmed,BundleSheaf,false,5,4,last,0,6,cohens_d_test,0.50187045
pubmed,BundleSheaf,false,5,4,last,1,6,cohens_d_test,0.02920935
pubmed,BundleSheaf,false,5,4,last,2,6,cohens_d_test,0.011927681
pubmed,BundleSheaf,false,5,4,last,3,6,cohens_d_test,0.006337137
pubmed,BundleSheaf,false,5,4,last,4,6,cohens_d_test,0.02077313
pubmed,BundleSheaf,false,5,4,last,0,7,degree,0.010245741146719048
pubmed,BundleSheaf,false,5,4,last,1,7,degree,0.8223030980052648
pubmed,BundleSheaf,false,5,4,last,2,7,degree,0.7666215916498269
pubmed,BundleSheaf,false,5,4,last,3,7,degree,0.5926226705902415
pubmed,BundleSheaf,false,5,4,last,4,7,degree,0.5526949434410113
pubmed,BundleSheaf,false,5,4,last,0,7,betweenness,0.013065235916069808
pubmed,BundleSheaf,false,5,4,last,1,7,betweenness,0.7746330864041865
pubmed,BundleSheaf,false,5,4,last,2,7,betweenness,0.7140540546177908
pubmed,BundleSheaf,false,5,4,last,3,7,betweenness,0.5466671537797898
pubmed,BundleSheaf,false,5,4,last,4,7,betweenness,0.5063383810235971
pubmed,BundleSheaf,false,5,4,last,0,7,confidence,0.08461188430049656
pubmed,BundleSheaf,false,5,4,last,1,7,confidence,0.39940530349756564
pubmed,BundleSheaf,false,5,4,last,2,7,confidence,0.486506931089461
pubmed,BundleSheaf,false,5,4,last,3,7,confidence,0.527305153330425
pubmed,BundleSheaf,false,5,4,last,4,7,confidence,0.5980276265173678
pubmed,BundleSheaf,false,5,4,last,0,7,saliency,0.007564220101664418
pubmed,BundleSheaf,false,5,4,last,1,7,saliency,0.5446881510018547
pubmed,BundleSheaf,false,5,4,last,2,7,saliency,0.8054130764206394
pubmed,BundleSheaf,false,5,4,last,3,7,saliency,0.8654203196818263
pubmed,BundleSheaf,false,5,4,last,4,7,saliency,0.818430596990182
pubmed,BundleSheaf,false,5,4,last,0,7,cohens_d_train,0.14259216
pubmed,BundleSheaf,false,5,4,last,1,7,cohens_d_train,0.05728108
pubmed,BundleSheaf,false,5,4,last,2,7,cohens_d_train,0.050480794
pubmed,BundleSheaf,false,5,4,last,3,7,cohens_d_train,0.055511467
pubmed,BundleSheaf,false,5,4,last,4,7,cohens_d_train,0.057593353
pubmed,BundleSheaf,false,5,4,last,0,7,cohens_d_test,0.14760834
pubmed,BundleSheaf,false,5,4,last,1,7,cohens_d_test,0.025554435
pubmed,BundleSheaf,false,5,4,last,2,7,cohens_d_test,0.0021498392
pubmed,BundleSheaf,false,5,4,last,3,7,cohens_d_test,0.06869559
pubmed,BundleSheaf,false,5,4,last,4,7,cohens_d_test,0.039698515
pubmed,BundleSheaf,false,5,4,last,0,8,degree,-0.00469753136076752
pubmed,BundleSheaf,false,5,4,last,1,8,degree,0.8119207751463766
pubmed,BundleSheaf,false,5,4,last,2,8,degree,0.7632723296843498
pubmed,BundleSheaf,false,5,4,last,3,8,degree,0.5413233969302182
pubmed,BundleSheaf,false,5,4,last,4,8,degree,0.5444828089970949
pubmed,BundleSheaf,false,5,4,last,0,8,betweenness,-0.010002668142789899
pubmed,BundleSheaf,false,5,4,last,1,8,betweenness,0.7585496508906682
pubmed,BundleSheaf,false,5,4,last,2,8,betweenness,0.7089063101008815
pubmed,BundleSheaf,false,5,4,last,3,8,betweenness,0.4946080039528036
pubmed,BundleSheaf,false,5,4,last,4,8,betweenness,0.5017568930452007
pubmed,BundleSheaf,false,5,4,last,0,8,confidence,0.1708755675330414
pubmed,BundleSheaf,false,5,4,last,1,8,confidence,0.39315611268034095
pubmed,BundleSheaf,false,5,4,last,2,8,confidence,0.49087474927173236
pubmed,BundleSheaf,false,5,4,last,3,8,confidence,0.5707989405046404
pubmed,BundleSheaf,false,5,4,last,4,8,confidence,0.6863726068701027
pubmed,BundleSheaf,false,5,4,last,0,8,saliency,0.1140914148512005
pubmed,BundleSheaf,false,5,4,last,1,8,saliency,0.5895824114926498
pubmed,BundleSheaf,false,5,4,last,2,8,saliency,0.8415709413186881
pubmed,BundleSheaf,false,5,4,last,3,8,saliency,0.8582055440867746
pubmed,BundleSheaf,false,5,4,last,4,8,saliency,0.8349695814026893
pubmed,BundleSheaf,false,5,4,last,0,8,cohens_d_train,0.5618907
pubmed,BundleSheaf,false,5,4,last,1,8,cohens_d_train,0.045719948
pubmed,BundleSheaf,false,5,4,last,2,8,cohens_d_train,0.013206466
pubmed,BundleSheaf,false,5,4,last,3,8,cohens_d_train,0.029964058
pubmed,BundleSheaf,false,5,4,last,4,8,cohens_d_train,0.035764713
pubmed,BundleSheaf,false,5,4,last,0,8,cohens_d_test,0.41778952
pubmed,BundleSheaf,false,5,4,last,1,8,cohens_d_test,0.06926157
pubmed,BundleSheaf,false,5,4,last,2,8,cohens_d_test,0.04823881
pubmed,BundleSheaf,false,5,4,last,3,8,cohens_d_test,0.065967
pubmed,BundleSheaf,false,5,4,last,4,8,cohens_d_test,0.077448934
pubmed,BundleSheaf,false,5,4,last,0,9,degree,-0.11323522113609899
pubmed,BundleSheaf,false,5,4,last,1,9,degree,0.7452837831350653
pubmed,BundleSheaf,false,5,4,last,2,9,degree,0.7626594783220567
pubmed,BundleSheaf,false,5,4,last,3,9,degree,0.5760511375031452
pubmed,BundleSheaf,false,5,4,last,4,9,degree,0.4641750214149494
pubmed,BundleSheaf,false,5,4,last,0,9,betweenness,-0.06598175365554582
pubmed,BundleSheaf,false,5,4,last,1,9,betweenness,0.7042836792977466
pubmed,BundleSheaf,false,5,4,last,2,9,betweenness,0.7106144297905839
pubmed,BundleSheaf,false,5,4,last,3,9,betweenness,0.5263919371424213
pubmed,BundleSheaf,false,5,4,last,4,9,betweenness,0.42647335561462424
pubmed,BundleSheaf,false,5,4,last,0,9,confidence,0.1362013103912873
pubmed,BundleSheaf,false,5,4,last,1,9,confidence,0.22447326358573477
pubmed,BundleSheaf,false,5,4,last,2,9,confidence,0.23486574880040895
pubmed,BundleSheaf,false,5,4,last,3,9,confidence,0.2636038604965071
pubmed,BundleSheaf,false,5,4,last,4,9,confidence,0.33642321929975316
pubmed,BundleSheaf,false,5,4,last,0,9,saliency,-0.1388270894883399
pubmed,BundleSheaf,false,5,4,last,1,9,saliency,0.45591939173507984
pubmed,BundleSheaf,false,5,4,last,2,9,saliency,0.8182467866702479
pubmed,BundleSheaf,false,5,4,last,3,9,saliency,0.8577483981936469
pubmed,BundleSheaf,false,5,4,last,4,9,saliency,0.8092561076320454
pubmed,BundleSheaf,false,5,4,last,0,9,cohens_d_train,0.52291006
pubmed,BundleSheaf,false,5,4,last,1,9,cohens_d_train,0.012720713
pubmed,BundleSheaf,false,5,4,last,2,9,cohens_d_train,0.006223879
pubmed,BundleSheaf,false,5,4,last,3,9,cohens_d_train,0.012462792
pubmed,BundleSheaf,false,5,4,last,4,9,cohens_d_train,0.047026344
pubmed,BundleSheaf,false,5,4,last,0,9,cohens_d_test,0.5355762
pubmed,BundleSheaf,false,5,4,last,1,9,cohens_d_test,0.06286178
pubmed,BundleSheaf,false,5,4,last,2,9,cohens_d_test,0.076710396
pubmed,BundleSheaf,false,5,4,last,3,9,cohens_d_test,0.12702712
pubmed,BundleSheaf,false,5,4,last,4,9,cohens_d_test,0.109088995
