dataset,model,normalised,d,layers,checkpoint,layer,fold,observable,value
questions,BundleSheaf,false,5,4,epoch-0,0,0,degree,-0.20422739380223243
questions,BundleSheaf,false,5,4,epoch-0,1,0,degree,0.7712298470424716
questions,BundleSheaf,false,5,4,epoch-0,2,0,degree,0.5505479164801831
questions,BundleSheaf,false,5,4,epoch-0,3,0,degree,0.4705410611314049
questions,BundleSheaf,false,5,4,epoch-0,4,0,degree,0.4713492909867991
questions,BundleSheaf,false,5,4,epoch-0,0,0,betweenness,-0.18933743124781074
questions,BundleSheaf,false,5,4,epoch-0,1,0,betweenness,0.7376971812152584
questions,BundleSheaf,false,5,4,epoch-0,2,0,betweenness,0.5008560628479685
questions,BundleSheaf,false,5,4,epoch-0,3,0,betweenness,0.4227220493952325
questions,BundleSheaf,false,5,4,epoch-0,4,0,betweenness,0.42391954954077704
questions,BundleSheaf,false,5,4,epoch-0,0,0,confidence,-0.035795629756236694
questions,BundleSheaf,false,5,4,epoch-0,1,0,confidence,0.1216259461662595
questions,BundleSheaf,false,5,4,epoch-0,2,0,confidence,0.370962939257066
questions,BundleSheaf,false,5,4,epoch-0,3,0,confidence,0.39285274400058745
questions,BundleSheaf,false,5,4,epoch-0,4,0,confidence,0.39755675530122647
questions,BundleSheaf,false,5,4,epoch-0,0,0,saliency,-0.13048683266219938
questions,BundleSheaf,false,5,4,epoch-0,1,0,saliency,0.4160763442194401
questions,BundleSheaf,false,5,4,epoch-0,2,0,saliency,0.8657852610662785
questions,BundleSheaf,false,5,4,epoch-0,3,0,saliency,0.8835094460448704
questions,BundleSheaf,false,5,4,epoch-0,4,0,saliency,0.8937695633108633
questions,BundleSheaf,false,5,4,epoch-0,0,0,cohens_d_train,0.034069207
questions,BundleSheaf,false,5,4,epoch-0,1,0,cohens_d_train,0.07723435
questions,BundleSheaf,false,5,4,epoch-0,2,0,cohens_d_train,0.01854761
questions,BundleSheaf,false,5,4,epoch-0,3,0,cohens_d_train,0.0023988772
questions,BundleSheaf,false,5,4,epoch-0,4,0,cohens_d_train,0.0028434792
questions,BundleSheaf,false,5,4,epoch-0,0,0,cohens_d_test,0.005337579
questions,BundleSheaf,false,5,4,epoch-0,1,0,cohens_d_test,0.106299356
questions,BundleSheaf,false,5,4,epoch-0,2,0,cohens_d_test,0.058779083
questions,BundleSheaf,false,5,4,epoch-0,3,0,cohens_d_test,0.053874437
questions,BundleSheaf,false,5,4,epoch-0,4,0,cohens_d_test,0.073161185
questions,BundleSheaf,false,5,4,epoch-0,0,1,degree,-0.14179459347239023
questions,BundleSheaf,false,5,4,epoch-0,1,1,degree,0.7750839023891037
questions,BundleSheaf,false,5,4,epoch-0,2,1,degree,0.5502310310654267
questions,BundleSheaf,false,5,4,epoch-0,3,1,degree,0.47569996011988497
questions,BundleSheaf,false,5,4,epoch-0,4,1,degree,0.477344469519632
questions,BundleSheaf,false,5,4,epoch-0,0,1,betweenness,-0.13032188028118508
questions,BundleSheaf,false,5,4,epoch-0,1,1,betweenness,0.7413949903617615
questions,BundleSheaf,false,5,4,epoch-0,2,1,betweenness,0.5002432933317111
questions,BundleSheaf,false,5,4,epoch-0,3,1,betweenness,0.427331894666506
questions,BundleSheaf,false,5,4,epoch-0,4,1,betweenness,0.4290524774957436
questions,BundleSheaf,false,5,4,epoch-0,0,1,confidence,-0.03185376175440173
questions,BundleSheaf,false,5,4,epoch-0,1,1,confidence,0.1303447640845737
questions,BundleSheaf,false,5,4,epoch-0,2,1,confidence,0.37058340712326127
questions,BundleSheaf,false,5,4,epoch-0,3,1,confidence,0.3928980062313011
questions,BundleSheaf,false,5,4,epoch-0,4,1,confidence,0.4005764187516884
questions,BundleSheaf,false,5,4,epoch-0,0,1,saliency,-0.08346114350100059
questions,BundleSheaf,false,5,4,epoch-0,1,1,saliency,0.4161086969044231
questions,BundleSheaf,false,5,4,epoch-0,2,1,saliency,0.8973543198388779
questions,BundleSheaf,false,5,4,epoch-0,3,1,saliency,0.9140518146722882
questions,BundleSheaf,false,5,4,epoch-0,4,1,saliency,0.9148103951457256
questions,BundleSheaf,false,5,4,epoch-0,0,1,cohens_d_train,0.036007363
questions,BundleSheaf,false,5,4,epoch-0,1,1,cohens_d_train,0.043633413
questions,BundleSheaf,false,5,4,epoch-0,2,1,cohens_d_train,0.023231026
questions,BundleSheaf,false,5,4,epoch-0,3,1,cohens_d_train,0.024942929
questions,BundleSheaf,false,5,4,epoch-0,4,1,cohens_d_train,0.027147165
questions,BundleSheaf,false,5,4,epoch-0,0,1,cohens_d_test,0.0074840616
questions,BundleSheaf,false,5,4,epoch-0,1,1,cohens_d_test,0.12848987
questions,BundleSheaf,false,5,4,epoch-0,2,1,cohens_d_test,0.098403044
questions,BundleSheaf,false,5,4,epoch-0,3,1,cohens_d_test,0.09023694
questions,BundleSheaf,false,5,4,epoch-0,4,1,cohens_d_test,0.1032703
questions,BundleSheaf,false,5,4,epoch-0,0,2,degree,-0.16325670125598574
questions,BundleSheaf,false,5,4,epoch-0,1,2,degree,0.7767697640889277
questions,BundleSheaf,false,5,4,epoch-0,2,2,degree,0.550196489973113
questions,BundleSheaf,false,5,4,epoch-0,3,2,degree,0.4752778757229515
questions,BundleSheaf,false,5,4,epoch-0,4,2,degree,0.4741826462039223
questions,BundleSheaf,false,5,4,epoch-0,0,2,betweenness,-0.15264158243631648
questions,BundleSheaf,false,5,4,epoch-0,1,2,betweenness,0.7428340962121417
questions,BundleSheaf,false,5,4,epoch-0,2,2,betweenness,0.49983326339559914
questions,BundleSheaf,false,5,4,epoch-0,3,2,betweenness,0.4263519137806146
questions,BundleSheaf,false,5,4,epoch-0,4,2,betweenness,0.42585223874366934
questions,BundleSheaf,false,5,4,epoch-0,0,2,confidence,-0.02640355422110969
questions,BundleSheaf,false,5,4,epoch-0,1,2,confidence,0.12374322293301658
questions,BundleSheaf,false,5,4,epoch-0,2,2,confidence,0.3705324942570996
questions,BundleSheaf,false,5,4,epoch-0,3,2,confidence,0.39402184405766905
questions,BundleSheaf,false,5,4,epoch-0,4,2,confidence,0.4006841234801259
questions,BundleSheaf,false,5,4,epoch-0,0,2,saliency,-0.10117203833166366
questions,BundleSheaf,false,5,4,epoch-0,1,2,saliency,0.40601424084960896
questions,BundleSheaf,false,5,4,epoch-0,2,2,saliency,0.8731373505997759
questions,BundleSheaf,false,5,4,epoch-0,3,2,saliency,0.8869292774890648
questions,BundleSheaf,false,5,4,epoch-0,4,2,saliency,0.8852682180894078
questions,BundleSheaf,false,5,4,epoch-0,0,2,cohens_d_train,0.014532657
questions,BundleSheaf,false,5,4,epoch-0,1,2,cohens_d_train,0.06431796
questions,BundleSheaf,false,5,4,epoch-0,2,2,cohens_d_train,0.031005664
questions,BundleSheaf,false,5,4,epoch-0,3,2,cohens_d_train,0.0048514013
questions,BundleSheaf,false,5,4,epoch-0,4,2,cohens_d_train,0.0048827627
questions,BundleSheaf,false,5,4,epoch-0,0,2,cohens_d_test,0.021103038
questions,BundleSheaf,false,5,4,epoch-0,1,2,cohens_d_test,0.02681349
questions,BundleSheaf,false,5,4,epoch-0,2,2,cohens_d_test,0.00914859
questions,BundleSheaf,false,5,4,epoch-0,3,2,cohens_d_test,0.01050004
questions,BundleSheaf,false,5,4,epoch-0,4,2,cohens_d_test,0.02754551
questions,BundleSheaf,false,5,4,epoch-0,0,3,degree,-0.16127118706430157
questions,BundleSheaf,false,5,4,epoch-0,1,3,degree,0.7768353611355248
questions,BundleSheaf,false,5,4,epoch-0,2,3,degree,0.5469946682277993
questions,BundleSheaf,false,5,4,epoch-0,3,3,degree,0.4744396444788652
questions,BundleSheaf,false,5,4,epoch-0,4,3,degree,0.4746828715885679
questions,BundleSheaf,false,5,4,epoch-0,0,3,betweenness,-0.14983254488047199
questions,BundleSheaf,false,5,4,epoch-0,1,3,betweenness,0.7425262261629767
questions,BundleSheaf,false,5,4,epoch-0,2,3,betweenness,0.49776389943507043
questions,BundleSheaf,false,5,4,epoch-0,3,3,betweenness,0.42647312936855125
questions,BundleSheaf,false,5,4,epoch-0,4,3,betweenness,0.426903614328537
questions,BundleSheaf,false,5,4,epoch-0,0,3,confidence,-0.022525005412841165
questions,BundleSheaf,false,5,4,epoch-0,1,3,confidence,0.132246293142284
questions,BundleSheaf,false,5,4,epoch-0,2,3,confidence,0.3712267450739918
questions,BundleSheaf,false,5,4,epoch-0,3,3,confidence,0.39322012946577584
questions,BundleSheaf,false,5,4,epoch-0,4,3,confidence,0.40114277649266145
questions,BundleSheaf,false,5,4,epoch-0,0,3,saliency,-0.10718098716387615
questions,BundleSheaf,false,5,4,epoch-0,1,3,saliency,0.4346185501573048
questions,BundleSheaf,false,5,4,epoch-0,2,3,saliency,0.8579552634436546
questions,BundleSheaf,false,5,4,epoch-0,3,3,saliency,0.8693979231547342
questions,BundleSheaf,false,5,4,epoch-0,4,3,saliency,0.8779083926545133
questions,BundleSheaf,false,5,4,epoch-0,0,3,cohens_d_train,0.01896214
questions,BundleSheaf,false,5,4,epoch-0,1,3,cohens_d_train,0.057536837
questions,BundleSheaf,false,5,4,epoch-0,2,3,cohens_d_train,0.053026926
questions,BundleSheaf,false,5,4,epoch-0,3,3,cohens_d_train,0.017171092
questions,BundleSheaf,false,5,4,epoch-0,4,3,cohens_d_train,0.005923183
questions,BundleSheaf,false,5,4,epoch-0,0,3,cohens_d_test,0.04003327
questions,BundleSheaf,false,5,4,epoch-0,1,3,cohens_d_test,0.04738744
questions,BundleSheaf,false,5,4,epoch-0,2,3,cohens_d_test,0.04667261
questions,BundleSheaf,false,5,4,epoch-0,3,3,cohens_d_test,0.027617414
questions,BundleSheaf,false,5,4,epoch-0,4,3,cohens_d_test,0.007782854
questions,BundleSheaf,false,5,4,epoch-0,0,4,degree,-0.18330690338475614
questions,BundleSheaf,false,5,4,epoch-0,1,4,degree,0.7861098700448168
questions,BundleSheaf,false,5,4,epoch-0,2,4,degree,0.5460949242675375
questions,BundleSheaf,false,5,4,epoch-0,3,4,degree,0.4740985762086873
questions,BundleSheaf,false,5,4,epoch-0,4,4,degree,0.4772574104143634
questions,BundleSheaf,false,5,4,epoch-0,0,4,betweenness,-0.17164056032096478
questions,BundleSheaf,false,5,4,epoch-0,1,4,betweenness,0.751213496136337
questions,BundleSheaf,false,5,4,epoch-0,2,4,betweenness,0.49639162344036875
questions,BundleSheaf,false,5,4,epoch-0,3,4,betweenness,0.4259722990316075
questions,BundleSheaf,false,5,4,epoch-0,4,4,betweenness,0.42895688281839206
questions,BundleSheaf,false,5,4,epoch-0,0,4,confidence,-0.025798584121400087
questions,BundleSheaf,false,5,4,epoch-0,1,4,confidence,0.125480579556474
questions,BundleSheaf,false,5,4,epoch-0,2,4,confidence,0.3508443107256988
questions,BundleSheaf,false,5,4,epoch-0,3,4,confidence,0.37150982534843896
questions,BundleSheaf,false,5,4,epoch-0,4,4,confidence,0.37686852687090167
questions,BundleSheaf,false,5,4,epoch-0,0,4,saliency,-0.10046538779838139
questions,BundleSheaf,false,5,4,epoch-0,1,4,saliency,0.41370434960322916
questions,BundleSheaf,false,5,4,epoch-0,2,4,saliency,0.9048744595080177
questions,BundleSheaf,false,5,4,epoch-0,3,4,saliency,0.9260798618775392
questions,BundleSheaf,false,5,4,epoch-0,4,4,saliency,0.9324156131271862
questions,BundleSheaf,false,5,4,epoch-0,0,4,cohens_d_train,0.072583765
questions,BundleSheaf,false,5,4,epoch-0,1,4,cohens_d_train,0.060304195
questions,BundleSheaf,false,5,4,epoch-0,2,4,cohens_d_train,0.032514133
questions,BundleSheaf,false,5,4,epoch-0,3,4,cohens_d_train,0.0059752143
questions,BundleSheaf,false,5,4,epoch-0,4,4,cohens_d_train,0.0042274334
questions,BundleSheaf,false,5,4,epoch-0,0,4,cohens_d_test,0.04347428
questions,BundleSheaf,false,5,4,epoch-0,1,4,cohens_d_test,0.06994964
questions,BundleSheaf,false,5,4,epoch-0,2,4,cohens_d_test,0.03743254
questions,BundleSheaf,false,5,4,epoch-0,3,4,cohens_d_test,0.023554228
questions,BundleSheaf,false,5,4,epoch-0,4,4,cohens_d_test,0.013666447
questions,BundleSheaf,false,5,4,epoch-0,0,5,degree,-0.1868575417474278
questions,BundleSheaf,false,5,4,epoch-0,1,5,degree,0.7740102128908545
questions,BundleSheaf,false,5,4,epoch-0,2,5,degree,0.55656543872191
questions,BundleSheaf,false,5,4,epoch-0,3,5,degree,0.47772977325820976
questions,BundleSheaf,false,5,4,epoch-0,4,5,degree,0.47456899098196137
questions,BundleSheaf,false,5,4,epoch-0,0,5,betweenness,-0.17677695939944335
questions,BundleSheaf,false,5,4,epoch-0,1,5,betweenness,0.7386643954092472
questions,BundleSheaf,false,5,4,epoch-0,2,5,betweenness,0.5050127360081902
questions,BundleSheaf,false,5,4,epoch-0,3,5,betweenness,0.4284925230546074
questions,BundleSheaf,false,5,4,epoch-0,4,5,betweenness,0.4255774627997134
questions,BundleSheaf,false,5,4,epoch-0,0,5,confidence,-0.02288861517175265
questions,BundleSheaf,false,5,4,epoch-0,1,5,confidence,0.11247442138331896
questions,BundleSheaf,false,5,4,epoch-0,2,5,confidence,0.3436065207074116
questions,BundleSheaf,false,5,4,epoch-0,3,5,confidence,0.3636040321394819
questions,BundleSheaf,false,5,4,epoch-0,4,5,confidence,0.36849662425686935
questions,BundleSheaf,false,5,4,epoch-0,0,5,saliency,-0.10392388936708079
questions,BundleSheaf,false,5,4,epoch-0,1,5,saliency,0.4148350628593851
questions,BundleSheaf,false,5,4,epoch-0,2,5,saliency,0.897957114269218
questions,BundleSheaf,false,5,4,epoch-0,3,5,saliency,0.9141417990160201
questions,BundleSheaf,false,5,4,epoch-0,4,5,saliency,0.9211769670180141
questions,BundleSheaf,false,5,4,epoch-0,0,5,cohens_d_train,0.06514416
questions,BundleSheaf,false,5,4,epoch-0,1,5,cohens_d_train,0.02560747
questions,BundleSheaf,false,5,4,epoch-0,2,5,cohens_d_train,0.015406156
questions,BundleSheaf,false,5,4,epoch-0,3,5,cohens_d_train,0.010431152
questions,BundleSheaf,false,5,4,epoch-0,4,5,cohens_d_train,0.010863671
questions,BundleSheaf,false,5,4,epoch-0,0,5,cohens_d_test,0.047808416
questions,BundleSheaf,false,5,4,epoch-0,1,5,cohens_d_test,0.029511767
questions,BundleSheaf,false,5,4,epoch-0,2,5,cohens_d_test,0.01795503
questions,BundleSheaf,false,5,4,epoch-0,3,5,cohens_d_test,0.018823627
questions,BundleSheaf,false,5,4,epoch-0,4,5,cohens_d_test,0.040063504
questions,BundleSheaf,false,5,4,epoch-0,0,6,degree,-0.17256372392497743
questions,BundleSheaf,false,5,4,epoch-0,1,6,degree,0.7846867750609346
questions,BundleSheaf,false,5,4,epoch-0,2,6,degree,0.5459340828352763
questions,BundleSheaf,false,5,4,epoch-0,3,6,degree,0.47529529968620454
questions,BundleSheaf,false,5,4,epoch-0,4,6,degree,0.47845241317237713
questions,BundleSheaf,false,5,4,epoch-0,0,6,betweenness,-0.15857137331084126
questions,BundleSheaf,false,5,4,epoch-0,1,6,betweenness,0.7505188649198693
questions,BundleSheaf,false,5,4,epoch-0,2,6,betweenness,0.4963647789824427
questions,BundleSheaf,false,5,4,epoch-0,3,6,betweenness,0.4267664541713473
questions,BundleSheaf,false,5,4,epoch-0,4,6,betweenness,0.43023159123672955
questions,BundleSheaf,false,5,4,epoch-0,0,6,confidence,-0.03005588584992116
questions,BundleSheaf,false,5,4,epoch-0,1,6,confidence,0.12018666915440393
questions,BundleSheaf,false,5,4,epoch-0,2,6,confidence,0.3566489582453729
questions,BundleSheaf,false,5,4,epoch-0,3,6,confidence,0.3781776166626727
questions,BundleSheaf,false,5,4,epoch-0,4,6,confidence,0.38344147160966435
questions,BundleSheaf,false,5,4,epoch-0,0,6,saliency,-0.10560389339969731
questions,BundleSheaf,false,5,4,epoch-0,1,6,saliency,0.4093451660939003
questions,BundleSheaf,false,5,4,epoch-0,2,6,saliency,0.9086844272009362
questions,BundleSheaf,false,5,4,epoch-0,3,6,saliency,0.9295313313764416
questions,BundleSheaf,false,5,4,epoch-0,4,6,saliency,0.9301154960043948
questions,BundleSheaf,false,5,4,epoch-0,0,6,cohens_d_train,0.01690469
questions,BundleSheaf,false,5,4,epoch-0,1,6,cohens_d_train,0.018107956
questions,BundleSheaf,false,5,4,epoch-0,2,6,cohens_d_train,0.008575165
questions,BundleSheaf,false,5,4,epoch-0,3,6,cohens_d_train,0.009718553
questions,BundleSheaf,false,5,4,epoch-0,4,6,cohens_d_train,0.008498813
questions,BundleSheaf,false,5,4,epoch-0,0,6,cohens_d_test,0.022438644
questions,BundleSheaf,false,5,4,epoch-0,1,6,cohens_d_test,0.011174852
questions,BundleSheaf,false,5,4,epoch-0,2,6,cohens_d_test,0.008648417
questions,BundleSheaf,false,5,4,epoch-0,3,6,cohens_d_test,0.012827434
questions,BundleSheaf,false,5,4,epoch-0,4,6,cohens_d_test,0.014416433
questions,BundleSheaf,false,5,4,epoch-0,0,7,degree,-0.134215356013998
questions,BundleSheaf,false,5,4,epoch-0,1,7,degree,0.7876782396212864
questions,BundleSheaf,false,5,4,epoch-0,2,7,degree,0.549595045673811
questions,BundleSheaf,false,5,4,epoch-0,3,7,degree,0.4758810883839792
questions,BundleSheaf,false,5,4,epoch-0,4,7,degree,0.4774982957625433
questions,BundleSheaf,false,5,4,epoch-0,0,7,betweenness,-0.12280738923587685
questions,BundleSheaf,false,5,4,epoch-0,1,7,betweenness,0.7535981924075745
questions,BundleSheaf,false,5,4,epoch-0,2,7,betweenness,0.49907734503953494
questions,BundleSheaf,false,5,4,epoch-0,3,7,betweenness,0.42705532610302305
questions,BundleSheaf,false,5,4,epoch-0,4,7,betweenness,0.42899249528388045
questions,BundleSheaf,false,5,4,epoch-0,0,7,confidence,-0.022583240550853655
questions,BundleSheaf,false,5,4,epoch-0,1,7,confidence,0.10791874398966034
questions,BundleSheaf,false,5,4,epoch-0,2,7,confidence,0.3326678355741969
questions,BundleSheaf,false,5,4,epoch-0,3,7,confidence,0.35283143964476943
questions,BundleSheaf,false,5,4,epoch-0,4,7,confidence,0.3566056001805249
questions,BundleSheaf,false,5,4,epoch-0,0,7,saliency,-0.08324729312833325
questions,BundleSheaf,false,5,4,epoch-0,1,7,saliency,0.40572309594530487
questions,BundleSheaf,false,5,4,epoch-0,2,7,saliency,0.9107511320994911
questions,BundleSheaf,false,5,4,epoch-0,3,7,saliency,0.9297035649752002
questions,BundleSheaf,false,5,4,epoch-0,4,7,saliency,0.9337401555569187
questions,BundleSheaf,false,5,4,epoch-0,0,7,cohens_d_train,0.019578965
questions,BundleSheaf,false,5,4,epoch-0,1,7,cohens_d_train,0.26136726
questions,BundleSheaf,false,5,4,epoch-0,2,7,cohens_d_train,0.11535153
questions,BundleSheaf,false,5,4,epoch-0,3,7,cohens_d_train,0.056239568
questions,BundleSheaf,false,5,4,epoch-0,4,7,cohens_d_train,0.030435689
questions,BundleSheaf,false,5,4,epoch-0,0,7,cohens_d_test,0.13063405
questions,BundleSheaf,false,5,4,epoch-0,1,7,cohens_d_test,0.3028943
questions,BundleSheaf,false,5,4,epoch-0,2,7,cohens_d_test,0.14311762
questions,BundleSheaf,false,5,4,epoch-0,3,7,cohens_d_test,0.059398625
questions,BundleSheaf,false,5,4,epoch-0,4,7,cohens_d_test,0.02429772
questions,BundleSheaf,false,5,4,epoch-0,0,8,degree,-0.14601620253466494
questions,BundleSheaf,false,5,4,epoch-0,1,8,degree,0.7672543688582036
questions,BundleSheaf,false,5,4,epoch-0,2,8,degree,0.5521140745531875
questions,BundleSheaf,false,5,4,epoch-0,3,8,degree,0.4722802564219588
questions,BundleSheaf,false,5,4,epoch-0,4,8,degree,0.48013585048044405
questions,BundleSheaf,false,5,4,epoch-0,0,8,betweenness,-0.13486927782802302
questions,BundleSheaf,false,5,4,epoch-0,1,8,betweenness,0.7319353680103093
questions,BundleSheaf,false,5,4,epoch-0,2,8,betweenness,0.5011597233555704
questions,BundleSheaf,false,5,4,epoch-0,3,8,betweenness,0.42318867946271765
questions,BundleSheaf,false,5,4,epoch-0,4,8,betweenness,0.43096279310472635
questions,BundleSheaf,false,5,4,epoch-0,0,8,confidence,-0.02548094930492045
questions,BundleSheaf,false,5,4,epoch-0,1,8,confidence,0.12995088954447387
questions,BundleSheaf,false,5,4,epoch-0,2,8,confidence,0.3876638297352571
questions,BundleSheaf,false,5,4,epoch-0,3,8,confidence,0.41158266631000734
questions,BundleSheaf,false,5,4,epoch-0,4,8,confidence,0.420462233982989
questions,BundleSheaf,false,5,4,epoch-0,0,8,saliency,-0.08046910312035174
questions,BundleSheaf,false,5,4,epoch-0,1,8,saliency,0.3959188311897308
questions,BundleSheaf,false,5,4,epoch-0,2,8,saliency,0.9030931569071255
questions,BundleSheaf,false,5,4,epoch-0,3,8,saliency,0.9242401721688439
questions,BundleSheaf,false,5,4,epoch-0,4,8,saliency,0.9259624318724107
questions,BundleSheaf,false,5,4,epoch-0,0,8,cohens_d_train,0.0009103628
questions,BundleSheaf,false,5,4,epoch-0,1,8,cohens_d_train,0.10279296
questions,BundleSheaf,false,5,4,epoch-0,2,8,cohens_d_train,0.020355519
questions,BundleSheaf,false,5,4,epoch-0,3,8,cohens_d_train,0.013702689
questions,BundleSheaf,false,5,4,epoch-0,4,8,cohens_d_train,0.016163444
questions,BundleSheaf,false,5,4,epoch-0,0,8,cohens_d_test,0.03097058
questions,BundleSheaf,false,5,4,epoch-0,1,8,cohens_d_test,0.132701
questions,BundleSheaf,false,5,4,epoch-0,2,8,cohens_d_test,0.07430967
questions,BundleSheaf,false,5,4,epoch-0,3,8,cohens_d_test,0.07918427
questions,BundleSheaf,false,5,4,epoch-0,4,8,cohens_d_test,0.09162339
questions,BundleSheaf,false,5,4,epoch-0,0,9,degree,-0.1651451534624448
questions,BundleSheaf,false,5,4,epoch-0,1,9,degree,0.7809859786556396
questions,BundleSheaf,false,5,4,epoch-0,2,9,degree,0.5454354175779484
questions,BundleSheaf,false,5,4,epoch-0,3,9,degree,0.4712696832274205
questions,BundleSheaf,false,5,4,epoch-0,4,9,degree,0.479490289412253
questions,BundleSheaf,false,5,4,epoch-0,0,9,betweenness,-0.15341740827647327
questions,BundleSheaf,false,5,4,epoch-0,1,9,betweenness,0.7481585256720104
questions,BundleSheaf,false,5,4,epoch-0,2,9,betweenness,0.49608777729342723
questions,BundleSheaf,false,5,4,epoch-0,3,9,betweenness,0.42318179920300797
questions,BundleSheaf,false,5,4,epoch-0,4,9,betweenness,0.43062231013889285
questions,BundleSheaf,false,5,4,epoch-0,0,9,confidence,-0.028016498788085247
questions,BundleSheaf,false,5,4,epoch-0,1,9,confidence,0.11761999046099425
questions,BundleSheaf,false,5,4,epoch-0,2,9,confidence,0.3529423826976462
questions,BundleSheaf,false,5,4,epoch-0,3,9,confidence,0.37492466333613
questions,BundleSheaf,false,5,4,epoch-0,4,9,confidence,0.38305241626693803
questions,BundleSheaf,false,5,4,epoch-0,0,9,saliency,-0.09631522651500436
questions,BundleSheaf,false,5,4,epoch-0,1,9,saliency,0.41150197883332634
questions,BundleSheaf,false,5,4,epoch-0,2,9,saliency,0.9028164991996718
questions,BundleSheaf,false,5,4,epoch-0,3,9,saliency,0.9247196005088276
questions,BundleSheaf,false,5,4,epoch-0,4,9,saliency,0.930143985120375
questions,BundleSheaf,false,5,4,epoch-0,0,9,cohens_d_train,0.0054894774
questions,BundleSheaf,false,5,4,epoch-0,1,9,cohens_d_train,0.04615716
questions,BundleSheaf,false,5,4,epoch-0,2,9,cohens_d_train,0.03178349
questions,BundleSheaf,false,5,4,epoch-0,3,9,cohens_d_train,0.015526658
questions,BundleSheaf,false,5,4,epoch-0,4,9,cohens_d_train,0.00437001
questions,BundleSheaf,false,5,4,epoch-0,0,9,cohens_d_test,0.019196685
questions,BundleSheaf,false,5,4,epoch-0,1,9,cohens_d_test,0.034020577
questions,BundleSheaf,false,5,4,epoch-0,2,9,cohens_d_test,0.025003672
questions,BundleSheaf,false,5,4,epoch-0,3,9,cohens_d_test,7.237957e-06
questions,BundleSheaf,false,5,4,epoch-0,4,9,cohens_d_test,0.013984698
questions,BundleSheaf,false,5,4,epoch-1,0,0,degree,-0.1576097193836026
questions,BundleSheaf,false,5,4,epoch-1,1,0,degree,0.7721854258444766
questions,BundleSheaf,false,5,4,epoch-1,2,0,degree,0.5459445411573228
questions,BundleSheaf,false,5,4,epoch-1,3,0,degree,0.4716198100335827
questions,BundleSheaf,false,5,4,epoch-1,4,0,degree,0.47544513407734484
questions,BundleSheaf,false,5,4,epoch-1,0,0,betweenness,-0.14545503545044366
questions,BundleSheaf,false,5,4,epoch-1,1,0,betweenness,0.7372931025987934
questions,BundleSheaf,false,5,4,epoch-1,2,0,betweenness,0.49584637492025035
questions,BundleSheaf,false,5,4,epoch-1,3,0,betweenness,0.4232262322275198
questions,BundleSheaf,false,5,4,epoch-1,4,0,betweenness,0.42740739066759476
questions,BundleSheaf,false,5,4,epoch-1,0,0,confidence,-0.022498930921145157
questions,BundleSheaf,false,5,4,epoch-1,1,0,confidence,0.1131150155608525
questions,BundleSheaf,false,5,4,epoch-1,2,0,confidence,0.3331188019756727
questions,BundleSheaf,false,5,4,epoch-1,3,0,confidence,0.35373614755464017
questions,BundleSheaf,false,5,4,epoch-1,4,0,confidence,0.3615033794227985
questions,BundleSheaf,false,5,4,epoch-1,0,0,saliency,-0.10152755616400962
questions,BundleSheaf,false,5,4,epoch-1,1,0,saliency,0.421566438450816
questions,BundleSheaf,false,5,4,epoch-1,2,0,saliency,0.8657564561026944
questions,BundleSheaf,false,5,4,epoch-1,3,0,saliency,0.8761275319660412
questions,BundleSheaf,false,5,4,epoch-1,4,0,saliency,0.8750526165769554
questions,BundleSheaf,false,5,4,epoch-1,0,0,cohens_d_train,0.002703305
questions,BundleSheaf,false,5,4,epoch-1,1,0,cohens_d_train,0.043034375
questions,BundleSheaf,false,5,4,epoch-1,2,0,cohens_d_train,0.0011440135
questions,BundleSheaf,false,5,4,epoch-1,3,0,cohens_d_train,0.0067919223
questions,BundleSheaf,false,5,4,epoch-1,4,0,cohens_d_train,0.007011246
questions,BundleSheaf,false,5,4,epoch-1,0,0,cohens_d_test,0.008860004
questions,BundleSheaf,false,5,4,epoch-1,1,0,cohens_d_test,0.053372897
questions,BundleSheaf,false,5,4,epoch-1,2,0,cohens_d_test,0.017491445
questions,BundleSheaf,false,5,4,epoch-1,3,0,cohens_d_test,0.018920911
questions,BundleSheaf,false,5,4,epoch-1,4,0,cohens_d_test,0.040402114
questions,BundleSheaf,false,5,4,epoch-1,0,1,degree,-0.0694889747336153
questions,BundleSheaf,false,5,4,epoch-1,1,1,degree,0.7848831773710642
questions,BundleSheaf,false,5,4,epoch-1,2,1,degree,0.5496916582055728
questions,BundleSheaf,false,5,4,epoch-1,3,1,degree,0.4746363448998843
questions,BundleSheaf,false,5,4,epoch-1,4,1,degree,0.4803226456029474
questions,BundleSheaf,false,5,4,epoch-1,0,1,betweenness,-0.06247515534721449
questions,BundleSheaf,false,5,4,epoch-1,1,1,betweenness,0.7505947255776994
questions,BundleSheaf,false,5,4,epoch-1,2,1,betweenness,0.4989837005887168
questions,BundleSheaf,false,5,4,epoch-1,3,1,betweenness,0.4263034191980839
questions,BundleSheaf,false,5,4,epoch-1,4,1,betweenness,0.4317404773305345
questions,BundleSheaf,false,5,4,epoch-1,0,1,confidence,-0.017230466284548825
questions,BundleSheaf,false,5,4,epoch-1,1,1,confidence,0.13152769298775688
questions,BundleSheaf,false,5,4,epoch-1,2,1,confidence,0.3649072262630966
questions,BundleSheaf,false,5,4,epoch-1,3,1,confidence,0.3865672733470968
questions,BundleSheaf,false,5,4,epoch-1,4,1,confidence,0.3964907734963195
questions,BundleSheaf,false,5,4,epoch-1,0,1,saliency,-0.05957183937301264
questions,BundleSheaf,false,5,4,epoch-1,1,1,saliency,0.42145018515731314
questions,BundleSheaf,false,5,4,epoch-1,2,1,saliency,0.8659963350612199
questions,BundleSheaf,false,5,4,epoch-1,3,1,saliency,0.8760925878781752
questions,BundleSheaf,false,5,4,epoch-1,4,1,saliency,0.875602080746863
questions,BundleSheaf,false,5,4,epoch-1,0,1,cohens_d_train,0.012269079
questions,BundleSheaf,false,5,4,epoch-1,1,1,cohens_d_train,0.064034425
questions,BundleSheaf,false,5,4,epoch-1,2,1,cohens_d_train,0.030577734
questions,BundleSheaf,false,5,4,epoch-1,3,1,cohens_d_train,0.019124333
questions,BundleSheaf,false,5,4,epoch-1,4,1,cohens_d_train,0.0146074025
questions,BundleSheaf,false,5,4,epoch-1,0,1,cohens_d_test,0.038975105
questions,BundleSheaf,false,5,4,epoch-1,1,1,cohens_d_test,0.016320838
questions,BundleSheaf,false,5,4,epoch-1,2,1,cohens_d_test,0.0039222203
questions,BundleSheaf,false,5,4,epoch-1,3,1,cohens_d_test,0.0010012778
questions,BundleSheaf,false,5,4,epoch-1,4,1,cohens_d_test,0.007462304
questions,BundleSheaf,false,5,4,epoch-1,0,2,degree,-0.10806042231059713
questions,BundleSheaf,false,5,4,epoch-1,1,2,degree,0.7827620660302366
questions,BundleSheaf,false,5,4,epoch-1,2,2,degree,0.5474481255408339
questions,BundleSheaf,false,5,4,epoch-1,3,2,degree,0.47681043257733124
questions,BundleSheaf,false,5,4,epoch-1,4,2,degree,0.479219562928617
questions,BundleSheaf,false,5,4,epoch-1,0,2,betweenness,-0.10082531491449434
questions,BundleSheaf,false,5,4,epoch-1,1,2,betweenness,0.74786966603369
questions,BundleSheaf,false,5,4,epoch-1,2,2,betweenness,0.4976739603967604
questions,BundleSheaf,false,5,4,epoch-1,3,2,betweenness,0.42844050778784976
questions,BundleSheaf,false,5,4,epoch-1,4,2,betweenness,0.43107424182792903
questions,BundleSheaf,false,5,4,epoch-1,0,2,confidence,-0.01291118610332348
questions,BundleSheaf,false,5,4,epoch-1,1,2,confidence,0.12692241199271745
questions,BundleSheaf,false,5,4,epoch-1,2,2,confidence,0.36242737517258594
questions,BundleSheaf,false,5,4,epoch-1,3,2,confidence,0.38402206755428137
questions,BundleSheaf,false,5,4,epoch-1,4,2,confidence,0.38794528328819705
questions,BundleSheaf,false,5,4,epoch-1,0,2,saliency,-0.08474060124987416
questions,BundleSheaf,false,5,4,epoch-1,1,2,saliency,0.4295138290995842
questions,BundleSheaf,false,5,4,epoch-1,2,2,saliency,0.8316296586359171
questions,BundleSheaf,false,5,4,epoch-1,3,2,saliency,0.8418890254707831
questions,BundleSheaf,false,5,4,epoch-1,4,2,saliency,0.8486157988073489
questions,BundleSheaf,false,5,4,epoch-1,0,2,cohens_d_train,0.004177628
questions,BundleSheaf,false,5,4,epoch-1,1,2,cohens_d_train,0.11234514
questions,BundleSheaf,false,5,4,epoch-1,2,2,cohens_d_train,0.024512859
questions,BundleSheaf,false,5,4,epoch-1,3,2,cohens_d_train,0.010670154
questions,BundleSheaf,false,5,4,epoch-1,4,2,cohens_d_train,0.0058054207
questions,BundleSheaf,false,5,4,epoch-1,0,2,cohens_d_test,0.015594471
questions,BundleSheaf,false,5,4,epoch-1,1,2,cohens_d_test,0.09170456
questions,BundleSheaf,false,5,4,epoch-1,2,2,cohens_d_test,0.004878075
questions,BundleSheaf,false,5,4,epoch-1,3,2,cohens_d_test,0.0027545763
questions,BundleSheaf,false,5,4,epoch-1,4,2,cohens_d_test,0.039613493
questions,BundleSheaf,false,5,4,epoch-1,0,3,degree,-0.012524181656155967
questions,BundleSheaf,false,5,4,epoch-1,1,3,degree,0.7672301985803511
questions,BundleSheaf,false,5,4,epoch-1,2,3,degree,0.5458189138272114
questions,BundleSheaf,false,5,4,epoch-1,3,3,degree,0.4771409111489775
questions,BundleSheaf,false,5,4,epoch-1,4,3,degree,0.47820097616811125
questions,BundleSheaf,false,5,4,epoch-1,0,3,betweenness,-0.00681789027519423
questions,BundleSheaf,false,5,4,epoch-1,1,3,betweenness,0.7324643518937499
questions,BundleSheaf,false,5,4,epoch-1,2,3,betweenness,0.4957898876505322
questions,BundleSheaf,false,5,4,epoch-1,3,3,betweenness,0.4286877317705353
questions,BundleSheaf,false,5,4,epoch-1,4,3,betweenness,0.42998619002466576
questions,BundleSheaf,false,5,4,epoch-1,0,3,confidence,0.0021509657785559267
questions,BundleSheaf,false,5,4,epoch-1,1,3,confidence,0.12617920105769934
questions,BundleSheaf,false,5,4,epoch-1,2,3,confidence,0.3417247600781508
questions,BundleSheaf,false,5,4,epoch-1,3,3,confidence,0.3622820237442234
questions,BundleSheaf,false,5,4,epoch-1,4,3,confidence,0.36838046699597965
questions,BundleSheaf,false,5,4,epoch-1,0,3,saliency,-0.022775263147539238
questions,BundleSheaf,false,5,4,epoch-1,1,3,saliency,0.42289480898483056
questions,BundleSheaf,false,5,4,epoch-1,2,3,saliency,0.8432206312130119
questions,BundleSheaf,false,5,4,epoch-1,3,3,saliency,0.8542138103824346
questions,BundleSheaf,false,5,4,epoch-1,4,3,saliency,0.8549967595744139
questions,BundleSheaf,false,5,4,epoch-1,0,3,cohens_d_train,0.007092551
questions,BundleSheaf,false,5,4,epoch-1,1,3,cohens_d_train,0.024279065
questions,BundleSheaf,false,5,4,epoch-1,2,3,cohens_d_train,0.022233486
questions,BundleSheaf,false,5,4,epoch-1,3,3,cohens_d_train,0.022371802
questions,BundleSheaf,false,5,4,epoch-1,4,3,cohens_d_train,0.025915088
questions,BundleSheaf,false,5,4,epoch-1,0,3,cohens_d_test,0.008066796
questions,BundleSheaf,false,5,4,epoch-1,1,3,cohens_d_test,0.019803079
questions,BundleSheaf,false,5,4,epoch-1,2,3,cohens_d_test,0.011356273
questions,BundleSheaf,false,5,4,epoch-1,3,3,cohens_d_test,0.018444246
questions,BundleSheaf,false,5,4,epoch-1,4,3,cohens_d_test,0.035376057
questions,BundleSheaf,false,5,4,epoch-1,0,4,degree,-0.1382554983015969
questions,BundleSheaf,false,5,4,epoch-1,1,4,degree,0.7872539798623792
questions,BundleSheaf,false,5,4,epoch-1,2,4,degree,0.5472914988106296
questions,BundleSheaf,false,5,4,epoch-1,3,4,degree,0.473416354567322
questions,BundleSheaf,false,5,4,epoch-1,4,4,degree,0.4787398248744422
questions,BundleSheaf,false,5,4,epoch-1,0,4,betweenness,-0.12834491434214684
questions,BundleSheaf,false,5,4,epoch-1,1,4,betweenness,0.7521362701818959
questions,BundleSheaf,false,5,4,epoch-1,2,4,betweenness,0.49690358086950165
questions,BundleSheaf,false,5,4,epoch-1,3,4,betweenness,0.4248633716497448
questions,BundleSheaf,false,5,4,epoch-1,4,4,betweenness,0.4302208412039083
questions,BundleSheaf,false,5,4,epoch-1,0,4,confidence,-0.02896892489761775
questions,BundleSheaf,false,5,4,epoch-1,1,4,confidence,0.13757632430423433
questions,BundleSheaf,false,5,4,epoch-1,2,4,confidence,0.38701469143011497
questions,BundleSheaf,false,5,4,epoch-1,3,4,confidence,0.41085888326063663
questions,BundleSheaf,false,5,4,epoch-1,4,4,confidence,0.4181180596162306
questions,BundleSheaf,false,5,4,epoch-1,0,4,saliency,-0.0949377498761874
questions,BundleSheaf,false,5,4,epoch-1,1,4,saliency,0.42258049303615686
questions,BundleSheaf,false,5,4,epoch-1,2,4,saliency,0.8811862239523242
questions,BundleSheaf,false,5,4,epoch-1,3,4,saliency,0.8913582327932147
questions,BundleSheaf,false,5,4,epoch-1,4,4,saliency,0.8958319166234253
questions,BundleSheaf,false,5,4,epoch-1,0,4,cohens_d_train,0.0011345169
questions,BundleSheaf,false,5,4,epoch-1,1,4,cohens_d_train,0.10551937
questions,BundleSheaf,false,5,4,epoch-1,2,4,cohens_d_train,0.05427946
questions,BundleSheaf,false,5,4,epoch-1,3,4,cohens_d_train,0.032751363
questions,BundleSheaf,false,5,4,epoch-1,4,4,cohens_d_train,0.022945298
questions,BundleSheaf,false,5,4,epoch-1,0,4,cohens_d_test,0.016360877
questions,BundleSheaf,false,5,4,epoch-1,1,4,cohens_d_test,0.111835696
questions,BundleSheaf,false,5,4,epoch-1,2,4,cohens_d_test,0.053722396
questions,BundleSheaf,false,5,4,epoch-1,3,4,cohens_d_test,0.039747827
questions,BundleSheaf,false,5,4,epoch-1,4,4,cohens_d_test,0.038242716
questions,BundleSheaf,false,5,4,epoch-1,0,5,degree,-0.13562143587208053
questions,BundleSheaf,false,5,4,epoch-1,1,5,degree,0.7745344958141123
questions,BundleSheaf,false,5,4,epoch-1,2,5,degree,0.5549547454572411
questions,BundleSheaf,false,5,4,epoch-1,3,5,degree,0.47431664720378675
questions,BundleSheaf,false,5,4,epoch-1,4,5,degree,0.47843559274728953
questions,BundleSheaf,false,5,4,epoch-1,0,5,betweenness,-0.12653820919339764
questions,BundleSheaf,false,5,4,epoch-1,1,5,betweenness,0.739245334290376
questions,BundleSheaf,false,5,4,epoch-1,2,5,betweenness,0.5034036105319649
questions,BundleSheaf,false,5,4,epoch-1,3,5,betweenness,0.4262882579344663
questions,BundleSheaf,false,5,4,epoch-1,4,5,betweenness,0.42962553359325306
questions,BundleSheaf,false,5,4,epoch-1,0,5,confidence,-0.022154394409807165
questions,BundleSheaf,false,5,4,epoch-1,1,5,confidence,0.13037020499523488
questions,BundleSheaf,false,5,4,epoch-1,2,5,confidence,0.3769705624082141
questions,BundleSheaf,false,5,4,epoch-1,3,5,confidence,0.3998386931217349
questions,BundleSheaf,false,5,4,epoch-1,4,5,confidence,0.405946637709248
questions,BundleSheaf,false,5,4,epoch-1,0,5,saliency,-0.07718755796625482
questions,BundleSheaf,false,5,4,epoch-1,1,5,saliency,0.4196575540001553
questions,BundleSheaf,false,5,4,epoch-1,2,5,saliency,0.9198563638270895
questions,BundleSheaf,false,5,4,epoch-1,3,5,saliency,0.9360845157692641
questions,BundleSheaf,false,5,4,epoch-1,4,5,saliency,0.9421040976476365
questions,BundleSheaf,false,5,4,epoch-1,0,5,cohens_d_train,0.020756256
questions,BundleSheaf,false,5,4,epoch-1,1,5,cohens_d_train,0.055219196
questions,BundleSheaf,false,5,4,epoch-1,2,5,cohens_d_train,0.005459312
questions,BundleSheaf,false,5,4,epoch-1,3,5,cohens_d_train,0.010463023
questions,BundleSheaf,false,5,4,epoch-1,4,5,cohens_d_train,0.009178379
questions,BundleSheaf,false,5,4,epoch-1,0,5,cohens_d_test,0.028260434
questions,BundleSheaf,false,5,4,epoch-1,1,5,cohens_d_test,0.08560426
questions,BundleSheaf,false,5,4,epoch-1,2,5,cohens_d_test,0.025212692
questions,BundleSheaf,false,5,4,epoch-1,3,5,cohens_d_test,0.026091944
questions,BundleSheaf,false,5,4,epoch-1,4,5,cohens_d_test,0.08177257
questions,BundleSheaf,false,5,4,epoch-1,0,6,degree,-0.0564240228405638
questions,BundleSheaf,false,5,4,epoch-1,1,6,degree,0.7786486081373647
questions,BundleSheaf,false,5,4,epoch-1,2,6,degree,0.541685152370137
questions,BundleSheaf,false,5,4,epoch-1,3,6,degree,0.472936718594831
questions,BundleSheaf,false,5,4,epoch-1,4,6,degree,0.4780677867444174
questions,BundleSheaf,false,5,4,epoch-1,0,6,betweenness,-0.049080843734667964
questions,BundleSheaf,false,5,4,epoch-1,1,6,betweenness,0.7439730290086123
questions,BundleSheaf,false,5,4,epoch-1,2,6,betweenness,0.4925849212669086
questions,BundleSheaf,false,5,4,epoch-1,3,6,betweenness,0.4249898665106445
questions,BundleSheaf,false,5,4,epoch-1,4,6,betweenness,0.42963571642058446
questions,BundleSheaf,false,5,4,epoch-1,0,6,confidence,-0.00905793404474259
questions,BundleSheaf,false,5,4,epoch-1,1,6,confidence,0.12947568533616963
questions,BundleSheaf,false,5,4,epoch-1,2,6,confidence,0.3695503550074315
questions,BundleSheaf,false,5,4,epoch-1,3,6,confidence,0.3929156839435252
questions,BundleSheaf,false,5,4,epoch-1,4,6,confidence,0.3995802729385524
questions,BundleSheaf,false,5,4,epoch-1,0,6,saliency,-0.040064611578734935
questions,BundleSheaf,false,5,4,epoch-1,1,6,saliency,0.4187632751960315
questions,BundleSheaf,false,5,4,epoch-1,2,6,saliency,0.8885857913163132
questions,BundleSheaf,false,5,4,epoch-1,3,6,saliency,0.9111755139559574
questions,BundleSheaf,false,5,4,epoch-1,4,6,saliency,0.9179765414503034
questions,BundleSheaf,false,5,4,epoch-1,0,6,cohens_d_train,0.0016298316
questions,BundleSheaf,false,5,4,epoch-1,1,6,cohens_d_train,0.0011009459
questions,BundleSheaf,false,5,4,epoch-1,2,6,cohens_d_train,0.0052497284
questions,BundleSheaf,false,5,4,epoch-1,3,6,cohens_d_train,0.00902358
questions,BundleSheaf,false,5,4,epoch-1,4,6,cohens_d_train,0.011981635
questions,BundleSheaf,false,5,4,epoch-1,0,6,cohens_d_test,0.022195902
questions,BundleSheaf,false,5,4,epoch-1,1,6,cohens_d_test,0.014605976
questions,BundleSheaf,false,5,4,epoch-1,2,6,cohens_d_test,0.010385268
questions,BundleSheaf,false,5,4,epoch-1,3,6,cohens_d_test,0.011863435
questions,BundleSheaf,false,5,4,epoch-1,4,6,cohens_d_test,0.018471433
questions,BundleSheaf,false,5,4,epoch-1,0,7,degree,0.017080735101982804
questions,BundleSheaf,false,5,4,epoch-1,1,7,degree,0.7912632825148107
questions,BundleSheaf,false,5,4,epoch-1,2,7,degree,0.5478081232279178
questions,BundleSheaf,false,5,4,epoch-1,3,7,degree,0.47555715599934073
questions,BundleSheaf,false,5,4,epoch-1,4,7,degree,0.47840531947518206
questions,BundleSheaf,false,5,4,epoch-1,0,7,betweenness,0.020697606650572454
questions,BundleSheaf,false,5,4,epoch-1,1,7,betweenness,0.7573683324302241
questions,BundleSheaf,false,5,4,epoch-1,2,7,betweenness,0.49701473021414655
questions,BundleSheaf,false,5,4,epoch-1,3,7,betweenness,0.42639370528801
questions,BundleSheaf,false,5,4,epoch-1,4,7,betweenness,0.4293403668213707
questions,BundleSheaf,false,5,4,epoch-1,0,7,confidence,-0.0016210133261437122
questions,BundleSheaf,false,5,4,epoch-1,1,7,confidence,0.1326674032002707
questions,BundleSheaf,false,5,4,epoch-1,2,7,confidence,0.38194927116428196
questions,BundleSheaf,false,5,4,epoch-1,3,7,confidence,0.4061725043596797
questions,BundleSheaf,false,5,4,epoch-1,4,7,confidence,0.41252400223998537
questions,BundleSheaf,false,5,4,epoch-1,0,7,saliency,-0.005856839466454011
questions,BundleSheaf,false,5,4,epoch-1,1,7,saliency,0.40817227607509016
questions,BundleSheaf,false,5,4,epoch-1,2,7,saliency,0.8670820040206905
questions,BundleSheaf,false,5,4,epoch-1,3,7,saliency,0.8902298659492259
questions,BundleSheaf,false,5,4,epoch-1,4,7,saliency,0.893198111898232
questions,BundleSheaf,false,5,4,epoch-1,0,7,cohens_d_train,0.02176712
questions,BundleSheaf,false,5,4,epoch-1,1,7,cohens_d_train,0.08129956
questions,BundleSheaf,false,5,4,epoch-1,2,7,cohens_d_train,0.019426288
questions,BundleSheaf,false,5,4,epoch-1,3,7,cohens_d_train,0.0039888737
questions,BundleSheaf,false,5,4,epoch-1,4,7,cohens_d_train,0.0044965316
questions,BundleSheaf,false,5,4,epoch-1,0,7,cohens_d_test,0.030539405
questions,BundleSheaf,false,5,4,epoch-1,1,7,cohens_d_test,0.076678954
questions,BundleSheaf,false,5,4,epoch-1,2,7,cohens_d_test,0.027898597
questions,BundleSheaf,false,5,4,epoch-1,3,7,cohens_d_test,0.0017364951
questions,BundleSheaf,false,5,4,epoch-1,4,7,cohens_d_test,0.0053752614
questions,BundleSheaf,false,5,4,epoch-1,0,8,degree,-0.040578048179954904
questions,BundleSheaf,false,5,4,epoch-1,1,8,degree,0.7810723970540038
questions,BundleSheaf,false,5,4,epoch-1,2,8,degree,0.5530707130286368
questions,BundleSheaf,false,5,4,epoch-1,3,8,degree,0.47197651957874553
questions,BundleSheaf,false,5,4,epoch-1,4,8,degree,0.48086005108110713
questions,BundleSheaf,false,5,4,epoch-1,0,8,betweenness,-0.03380267517134449
questions,BundleSheaf,false,5,4,epoch-1,1,8,betweenness,0.7459492631902029
questions,BundleSheaf,false,5,4,epoch-1,2,8,betweenness,0.5015742596260214
questions,BundleSheaf,false,5,4,epoch-1,3,8,betweenness,0.42288606763399095
questions,BundleSheaf,false,5,4,epoch-1,4,8,betweenness,0.4313819255772751
questions,BundleSheaf,false,5,4,epoch-1,0,8,confidence,-0.009703822892489363
questions,BundleSheaf,false,5,4,epoch-1,1,8,confidence,0.10965202147733659
questions,BundleSheaf,false,5,4,epoch-1,2,8,confidence,0.326071302358512
questions,BundleSheaf,false,5,4,epoch-1,3,8,confidence,0.3455397080273292
questions,BundleSheaf,false,5,4,epoch-1,4,8,confidence,0.3519594825010341
questions,BundleSheaf,false,5,4,epoch-1,0,8,saliency,-0.04408772464138109
questions,BundleSheaf,false,5,4,epoch-1,1,8,saliency,0.40865443983605615
questions,BundleSheaf,false,5,4,epoch-1,2,8,saliency,0.8741870513463752
questions,BundleSheaf,false,5,4,epoch-1,3,8,saliency,0.8856399292143371
questions,BundleSheaf,false,5,4,epoch-1,4,8,saliency,0.8921900931383002
questions,BundleSheaf,false,5,4,epoch-1,0,8,cohens_d_train,0.019448822
questions,BundleSheaf,false,5,4,epoch-1,1,8,cohens_d_train,0.078816146
questions,BundleSheaf,false,5,4,epoch-1,2,8,cohens_d_train,0.004565054
questions,BundleSheaf,false,5,4,epoch-1,3,8,cohens_d_train,0.0076462575
questions,BundleSheaf,false,5,4,epoch-1,4,8,cohens_d_train,0.010460245
questions,BundleSheaf,false,5,4,epoch-1,0,8,cohens_d_test,0.04232075
questions,BundleSheaf,false,5,4,epoch-1,1,8,cohens_d_test,0.18582903
questions,BundleSheaf,false,5,4,epoch-1,2,8,cohens_d_test,0.14105198
questions,BundleSheaf,false,5,4,epoch-1,3,8,cohens_d_test,0.13154404
questions,BundleSheaf,false,5,4,epoch-1,4,8,cohens_d_test,0.1149729
questions,BundleSheaf,false,5,4,epoch-1,0,9,degree,-0.08660401092856904
questions,BundleSheaf,false,5,4,epoch-1,1,9,degree,0.7883557433580869
questions,BundleSheaf,false,5,4,epoch-1,2,9,degree,0.546297527311909
questions,BundleSheaf,false,5,4,epoch-1,3,9,degree,0.47536498236403024
questions,BundleSheaf,false,5,4,epoch-1,4,9,degree,0.48337109336650586
questions,BundleSheaf,false,5,4,epoch-1,0,9,betweenness,-0.07911773960534665
questions,BundleSheaf,false,5,4,epoch-1,1,9,betweenness,0.7543721875137258
questions,BundleSheaf,false,5,4,epoch-1,2,9,betweenness,0.49623563446066227
questions,BundleSheaf,false,5,4,epoch-1,3,9,betweenness,0.4260669960574264
questions,BundleSheaf,false,5,4,epoch-1,4,9,betweenness,0.4342784988978553
questions,BundleSheaf,false,5,4,epoch-1,0,9,confidence,-0.014842646069843694
questions,BundleSheaf,false,5,4,epoch-1,1,9,confidence,0.13050682991011486
questions,BundleSheaf,false,5,4,epoch-1,2,9,confidence,0.3692750115489079
questions,BundleSheaf,false,5,4,epoch-1,3,9,confidence,0.3921211051519262
questions,BundleSheaf,false,5,4,epoch-1,4,9,confidence,0.40062401842104417
questions,BundleSheaf,false,5,4,epoch-1,0,9,saliency,-0.05345409006772593
questions,BundleSheaf,false,5,4,epoch-1,1,9,saliency,0.4339071834160904
questions,BundleSheaf,false,5,4,epoch-1,2,9,saliency,0.8803143380540439
questions,BundleSheaf,false,5,4,epoch-1,3,9,saliency,0.8970186290824997
questions,BundleSheaf,false,5,4,epoch-1,4,9,saliency,0.9002124604703147
questions,BundleSheaf,false,5,4,epoch-1,0,9,cohens_d_train,0.002076788
questions,BundleSheaf,false,5,4,epoch-1,1,9,cohens_d_train,0.023195935
questions,BundleSheaf,false,5,4,epoch-1,2,9,cohens_d_train,0.021166446
questions,BundleSheaf,false,5,4,epoch-1,3,9,cohens_d_train,0.01779648
questions,BundleSheaf,false,5,4,epoch-1,4,9,cohens_d_train,0.016231129
questions,BundleSheaf,false,5,4,epoch-1,0,9,cohens_d_test,0.012782845
questions,BundleSheaf,false,5,4,epoch-1,1,9,cohens_d_test,0.003232838
questions,BundleSheaf,false,5,4,epoch-1,2,9,cohens_d_test,0.018762792
questions,BundleSheaf,false,5,4,epoch-1,3,9,cohens_d_test,0.07856557
questions,BundleSheaf,false,5,4,epoch-1,4,9,cohens_d_test,0.17554599
questions,BundleSheaf,false,5,4,epoch-5,0,0,degree,0.08912324010390653
questions,BundleSheaf,false,5,4,epoch-5,1,0,degree,0.7672916236105681
questions,BundleSheaf,false,5,4,epoch-5,2,0,degree,0.5387431795587083
questions,BundleSheaf,false,5,4,epoch-5,3,0,degree,0.4747260343123521
questions,BundleSheaf,false,5,4,epoch-5,4,0,degree,0.4849125562219217
questions,BundleSheaf,false,5,4,epoch-5,0,0,betweenness,0.08745942029926183
questions,BundleSheaf,false,5,4,epoch-5,1,0,betweenness,0.7310335909337209
questions,BundleSheaf,false,5,4,epoch-5,2,0,betweenness,0.4884190583887025
questions,BundleSheaf,false,5,4,epoch-5,3,0,betweenness,0.4257508740442179
questions,BundleSheaf,false,5,4,epoch-5,4,0,betweenness,0.43624400490418275
questions,BundleSheaf,false,5,4,epoch-5,0,0,confidence,0.007792408280267557
questions,BundleSheaf,false,5,4,epoch-5,1,0,confidence,0.08456439961839626
questions,BundleSheaf,false,5,4,epoch-5,2,0,confidence,0.2391333786559155
questions,BundleSheaf,false,5,4,epoch-5,3,0,confidence,0.25321389053616433
questions,BundleSheaf,false,5,4,epoch-5,4,0,confidence,0.25561367570398713
questions,BundleSheaf,false,5,4,epoch-5,0,0,saliency,0.056144380362431495
questions,BundleSheaf,false,5,4,epoch-5,1,0,saliency,0.44614652719876885
questions,BundleSheaf,false,5,4,epoch-5,2,0,saliency,0.8328428636253471
questions,BundleSheaf,false,5,4,epoch-5,3,0,saliency,0.8427486159804803
questions,BundleSheaf,false,5,4,epoch-5,4,0,saliency,0.8521198979495153
questions,BundleSheaf,false,5,4,epoch-5,0,0,cohens_d_train,0.059687056
questions,BundleSheaf,false,5,4,epoch-5,1,0,cohens_d_train,0.3381755
questions,BundleSheaf,false,5,4,epoch-5,2,0,cohens_d_train,0.065806404
questions,BundleSheaf,false,5,4,epoch-5,3,0,cohens_d_train,0.02205841
questions,BundleSheaf,false,5,4,epoch-5,4,0,cohens_d_train,0.0052131666
questions,BundleSheaf,false,5,4,epoch-5,0,0,cohens_d_test,0.031437032
questions,BundleSheaf,false,5,4,epoch-5,1,0,cohens_d_test,0.4192582
questions,BundleSheaf,false,5,4,epoch-5,2,0,cohens_d_test,0.21192396
questions,BundleSheaf,false,5,4,epoch-5,3,0,cohens_d_test,0.15333481
questions,BundleSheaf,false,5,4,epoch-5,4,0,cohens_d_test,0.17127627
questions,BundleSheaf,false,5,4,epoch-5,0,1,degree,0.11905390180700803
questions,BundleSheaf,false,5,4,epoch-5,1,1,degree,0.7902010403649823
questions,BundleSheaf,false,5,4,epoch-5,2,1,degree,0.5441416755355374
questions,BundleSheaf,false,5,4,epoch-5,3,1,degree,0.4783468062314544
questions,BundleSheaf,false,5,4,epoch-5,4,1,degree,0.47929647690164756
questions,BundleSheaf,false,5,4,epoch-5,0,1,betweenness,0.11569229803079852
questions,BundleSheaf,false,5,4,epoch-5,1,1,betweenness,0.7549269368079736
questions,BundleSheaf,false,5,4,epoch-5,2,1,betweenness,0.49311336854760673
questions,BundleSheaf,false,5,4,epoch-5,3,1,betweenness,0.42915314808575766
questions,BundleSheaf,false,5,4,epoch-5,4,1,betweenness,0.4306729646829611
questions,BundleSheaf,false,5,4,epoch-5,0,1,confidence,0.003978872138974561
questions,BundleSheaf,false,5,4,epoch-5,1,1,confidence,0.07237104234848586
questions,BundleSheaf,false,5,4,epoch-5,2,1,confidence,0.21507473498813173
questions,BundleSheaf,false,5,4,epoch-5,3,1,confidence,0.22715154080440147
questions,BundleSheaf,false,5,4,epoch-5,4,1,confidence,0.22921373483336865
questions,BundleSheaf,false,5,4,epoch-5,0,1,saliency,0.05234066227417572
questions,BundleSheaf,false,5,4,epoch-5,1,1,saliency,0.41271038486909034
questions,BundleSheaf,false,5,4,epoch-5,2,1,saliency,0.8864409884039316
questions,BundleSheaf,false,5,4,epoch-5,3,1,saliency,0.906472698409328
questions,BundleSheaf,false,5,4,epoch-5,4,1,saliency,0.9190418290962727
questions,BundleSheaf,false,5,4,epoch-5,0,1,cohens_d_train,0.041471258
questions,BundleSheaf,false,5,4,epoch-5,1,1,cohens_d_train,0.35514382
questions,BundleSheaf,false,5,4,epoch-5,2,1,cohens_d_train,0.09556296
questions,BundleSheaf,false,5,4,epoch-5,3,1,cohens_d_train,0.026508352
questions,BundleSheaf,false,5,4,epoch-5,4,1,cohens_d_train,0.0033613795
questions,BundleSheaf,false,5,4,epoch-5,0,1,cohens_d_test,0.17526066
questions,BundleSheaf,false,5,4,epoch-5,1,1,cohens_d_test,0.64346325
questions,BundleSheaf,false,5,4,epoch-5,2,1,cohens_d_test,0.41084546
questions,BundleSheaf,false,5,4,epoch-5,3,1,cohens_d_test,0.3681437
questions,BundleSheaf,false,5,4,epoch-5,4,1,cohens_d_test,0.33026847
questions,BundleSheaf,false,5,4,epoch-5,0,2,degree,0.10658488824709425
questions,BundleSheaf,false,5,4,epoch-5,1,2,degree,0.7783039841191041
questions,BundleSheaf,false,5,4,epoch-5,2,2,degree,0.5416522392112846
questions,BundleSheaf,false,5,4,epoch-5,3,2,degree,0.47404555774034257
questions,BundleSheaf,false,5,4,epoch-5,4,2,degree,0.47986186413637655
questions,BundleSheaf,false,5,4,epoch-5,0,2,betweenness,0.10381779529681795
questions,BundleSheaf,false,5,4,epoch-5,1,2,betweenness,0.7424945975671322
questions,BundleSheaf,false,5,4,epoch-5,2,2,betweenness,0.4918689892160436
questions,BundleSheaf,false,5,4,epoch-5,3,2,betweenness,0.42583591577061447
questions,BundleSheaf,false,5,4,epoch-5,4,2,betweenness,0.4313670166248571
questions,BundleSheaf,false,5,4,epoch-5,0,2,confidence,0.015674802463475246
questions,BundleSheaf,false,5,4,epoch-5,1,2,confidence,0.11319864222327715
questions,BundleSheaf,false,5,4,epoch-5,2,2,confidence,0.31609290683092395
questions,BundleSheaf,false,5,4,epoch-5,3,2,confidence,0.33656361604003987
questions,BundleSheaf,false,5,4,epoch-5,4,2,confidence,0.3410830694170798
questions,BundleSheaf,false,5,4,epoch-5,0,2,saliency,0.05063113794577729
questions,BundleSheaf,false,5,4,epoch-5,1,2,saliency,0.420477607599887
questions,BundleSheaf,false,5,4,epoch-5,2,2,saliency,0.8582894479078632
questions,BundleSheaf,false,5,4,epoch-5,3,2,saliency,0.8756028635404358
questions,BundleSheaf,false,5,4,epoch-5,4,2,saliency,0.8803759489486912
questions,BundleSheaf,false,5,4,epoch-5,0,2,cohens_d_train,0.0066903755
questions,BundleSheaf,false,5,4,epoch-5,1,2,cohens_d_train,0.034120135
questions,BundleSheaf,false,5,4,epoch-5,2,2,cohens_d_train,0.011926741
questions,BundleSheaf,false,5,4,epoch-5,3,2,cohens_d_train,0.013529697
questions,BundleSheaf,false,5,4,epoch-5,4,2,cohens_d_train,0.013258088
questions,BundleSheaf,false,5,4,epoch-5,0,2,cohens_d_test,0.019674718
questions,BundleSheaf,false,5,4,epoch-5,1,2,cohens_d_test,0.059709206
questions,BundleSheaf,false,5,4,epoch-5,2,2,cohens_d_test,0.0026694667
questions,BundleSheaf,false,5,4,epoch-5,3,2,cohens_d_test,0.024472078
questions,BundleSheaf,false,5,4,epoch-5,4,2,cohens_d_test,0.058014072
questions,BundleSheaf,false,5,4,epoch-5,0,3,degree,0.12002929998932467
questions,BundleSheaf,false,5,4,epoch-5,1,3,degree,0.7228373937940787
questions,BundleSheaf,false,5,4,epoch-5,2,3,degree,0.5475711023171796
questions,BundleSheaf,false,5,4,epoch-5,3,3,degree,0.4819134043831014
questions,BundleSheaf,false,5,4,epoch-5,4,3,degree,0.486333689882802
questions,BundleSheaf,false,5,4,epoch-5,0,3,betweenness,0.11687586612996813
questions,BundleSheaf,false,5,4,epoch-5,1,3,betweenness,0.688851792022098
questions,BundleSheaf,false,5,4,epoch-5,2,3,betweenness,0.4955955946127928
questions,BundleSheaf,false,5,4,epoch-5,3,3,betweenness,0.43254532990452277
questions,BundleSheaf,false,5,4,epoch-5,4,3,betweenness,0.4368905082639565
questions,BundleSheaf,false,5,4,epoch-5,0,3,confidence,0.01721418165725055
questions,BundleSheaf,false,5,4,epoch-5,1,3,confidence,0.08623365515758964
questions,BundleSheaf,false,5,4,epoch-5,2,3,confidence,0.25066891122797336
questions,BundleSheaf,false,5,4,epoch-5,3,3,confidence,0.2656365835533637
questions,BundleSheaf,false,5,4,epoch-5,4,3,confidence,0.26720717168060354
questions,BundleSheaf,false,5,4,epoch-5,0,3,saliency,0.07368428498193086
questions,BundleSheaf,false,5,4,epoch-5,1,3,saliency,0.42505885536979365
questions,BundleSheaf,false,5,4,epoch-5,2,3,saliency,0.8425990987061629
questions,BundleSheaf,false,5,4,epoch-5,3,3,saliency,0.8535827603462212
questions,BundleSheaf,false,5,4,epoch-5,4,3,saliency,0.8553621687031749
questions,BundleSheaf,false,5,4,epoch-5,0,3,cohens_d_train,0.0054362696
questions,BundleSheaf,false,5,4,epoch-5,1,3,cohens_d_train,0.18579149
questions,BundleSheaf,false,5,4,epoch-5,2,3,cohens_d_train,0.06586697
questions,BundleSheaf,false,5,4,epoch-5,3,3,cohens_d_train,0.030034645
questions,BundleSheaf,false,5,4,epoch-5,4,3,cohens_d_train,0.023564639
questions,BundleSheaf,false,5,4,epoch-5,0,3,cohens_d_test,0.04531827
questions,BundleSheaf,false,5,4,epoch-5,1,3,cohens_d_test,0.2673062
questions,BundleSheaf,false,5,4,epoch-5,2,3,cohens_d_test,0.17482597
questions,BundleSheaf,false,5,4,epoch-5,3,3,cohens_d_test,0.14866562
questions,BundleSheaf,false,5,4,epoch-5,4,3,cohens_d_test,0.14087507
questions,BundleSheaf,false,5,4,epoch-5,0,4,degree,0.11642345982309907
questions,BundleSheaf,false,5,4,epoch-5,1,4,degree,0.794573049358247
questions,BundleSheaf,false,5,4,epoch-5,2,4,degree,0.5461178817833583
questions,BundleSheaf,false,5,4,epoch-5,3,4,degree,0.4803521847384801
questions,BundleSheaf,false,5,4,epoch-5,4,4,degree,0.4929152069429755
questions,BundleSheaf,false,5,4,epoch-5,0,4,betweenness,0.11331100570264754
questions,BundleSheaf,false,5,4,epoch-5,1,4,betweenness,0.7588110213864893
questions,BundleSheaf,false,5,4,epoch-5,2,4,betweenness,0.4948911199588319
questions,BundleSheaf,false,5,4,epoch-5,3,4,betweenness,0.4309146705400177
questions,BundleSheaf,false,5,4,epoch-5,4,4,betweenness,0.4431749421996366
questions,BundleSheaf,false,5,4,epoch-5,0,4,confidence,0.007400142224380449
questions,BundleSheaf,false,5,4,epoch-5,1,4,confidence,0.08205157984256241
questions,BundleSheaf,false,5,4,epoch-5,2,4,confidence,0.2327462079058072
questions,BundleSheaf,false,5,4,epoch-5,3,4,confidence,0.2455784943706452
questions,BundleSheaf,false,5,4,epoch-5,4,4,confidence,0.24764921690697028
questions,BundleSheaf,false,5,4,epoch-5,0,4,saliency,0.0642592509725281
questions,BundleSheaf,false,5,4,epoch-5,1,4,saliency,0.4239184177667532
questions,BundleSheaf,false,5,4,epoch-5,2,4,saliency,0.8791615991875118
questions,BundleSheaf,false,5,4,epoch-5,3,4,saliency,0.8992445229232262
questions,BundleSheaf,false,5,4,epoch-5,4,4,saliency,0.9139315046075909
questions,BundleSheaf,false,5,4,epoch-5,0,4,cohens_d_train,0.16154422
questions,BundleSheaf,false,5,4,epoch-5,1,4,cohens_d_train,0.28271258
questions,BundleSheaf,false,5,4,epoch-5,2,4,cohens_d_train,0.066717245
questions,BundleSheaf,false,5,4,epoch-5,3,4,cohens_d_train,0.015006984
questions,BundleSheaf,false,5,4,epoch-5,4,4,cohens_d_train,0.0029254525
questions,BundleSheaf,false,5,4,epoch-5,0,4,cohens_d_test,0.0022282721
questions,BundleSheaf,false,5,4,epoch-5,1,4,cohens_d_test,0.27367085
questions,BundleSheaf,false,5,4,epoch-5,2,4,cohens_d_test,0.14056158
questions,BundleSheaf,false,5,4,epoch-5,3,4,cohens_d_test,0.10288623
questions,BundleSheaf,false,5,4,epoch-5,4,4,cohens_d_test,0.074255966
questions,BundleSheaf,false,5,4,epoch-5,0,5,degree,0.10946911856523117
questions,BundleSheaf,false,5,4,epoch-5,1,5,degree,0.7634210008891879
questions,BundleSheaf,false,5,4,epoch-5,2,5,degree,0.5444094585722529
questions,BundleSheaf,false,5,4,epoch-5,3,5,degree,0.482642518547477
questions,BundleSheaf,false,5,4,epoch-5,4,5,degree,0.4824346684605584
questions,BundleSheaf,false,5,4,epoch-5,0,5,betweenness,0.10805765066337036
questions,BundleSheaf,false,5,4,epoch-5,1,5,betweenness,0.7286144628596954
questions,BundleSheaf,false,5,4,epoch-5,2,5,betweenness,0.49450739559958556
questions,BundleSheaf,false,5,4,epoch-5,3,5,betweenness,0.43320128262730073
questions,BundleSheaf,false,5,4,epoch-5,4,5,betweenness,0.43351462380018646
questions,BundleSheaf,false,5,4,epoch-5,0,5,confidence,0.007136861801827045
questions,BundleSheaf,false,5,4,epoch-5,1,5,confidence,0.08608313719754818
questions,BundleSheaf,false,5,4,epoch-5,2,5,confidence,0.25321433725839604
questions,BundleSheaf,false,5,4,epoch-5,3,5,confidence,0.26823336042369744
questions,BundleSheaf,false,5,4,epoch-5,4,5,confidence,0.2704241578782903
questions,BundleSheaf,false,5,4,epoch-5,0,5,saliency,0.05264312991144795
questions,BundleSheaf,false,5,4,epoch-5,1,5,saliency,0.4257568978595352
questions,BundleSheaf,false,5,4,epoch-5,2,5,saliency,0.8674705694692635
questions,BundleSheaf,false,5,4,epoch-5,3,5,saliency,0.8942206855145298
questions,BundleSheaf,false,5,4,epoch-5,4,5,saliency,0.9021232545193089
questions,BundleSheaf,false,5,4,epoch-5,0,5,cohens_d_train,0.30755588
questions,BundleSheaf,false,5,4,epoch-5,1,5,cohens_d_train,0.36381254
questions,BundleSheaf,false,5,4,epoch-5,2,5,cohens_d_train,0.07221228
questions,BundleSheaf,false,5,4,epoch-5,3,5,cohens_d_train,0.020185683
questions,BundleSheaf,false,5,4,epoch-5,4,5,cohens_d_train,0.0069375713
questions,BundleSheaf,false,5,4,epoch-5,0,5,cohens_d_test,0.27617973
questions,BundleSheaf,false,5,4,epoch-5,1,5,cohens_d_test,0.46174294
questions,BundleSheaf,false,5,4,epoch-5,2,5,cohens_d_test,0.20758285
questions,BundleSheaf,false,5,4,epoch-5,3,5,cohens_d_test,0.13818365
questions,BundleSheaf,false,5,4,epoch-5,4,5,cohens_d_test,0.1674026
questions,BundleSheaf,false,5,4,epoch-5,0,6,degree,0.12262588239117914
questions,BundleSheaf,false,5,4,epoch-5,1,6,degree,0.7338938103594419
questions,BundleSheaf,false,5,4,epoch-5,2,6,degree,0.5369398080317448
questions,BundleSheaf,false,5,4,epoch-5,3,6,degree,0.47915944908234825
questions,BundleSheaf,false,5,4,epoch-5,4,6,degree,0.4901763441796849
questions,BundleSheaf,false,5,4,epoch-5,0,6,betweenness,0.119469875208871
questions,BundleSheaf,false,5,4,epoch-5,1,6,betweenness,0.6989063614628057
questions,BundleSheaf,false,5,4,epoch-5,2,6,betweenness,0.4867712444637763
questions,BundleSheaf,false,5,4,epoch-5,3,6,betweenness,0.4297764040413981
questions,BundleSheaf,false,5,4,epoch-5,4,6,betweenness,0.440752266898805
questions,BundleSheaf,false,5,4,epoch-5,0,6,confidence,0.00747980937359582
questions,BundleSheaf,false,5,4,epoch-5,1,6,confidence,0.06899379534421612
questions,BundleSheaf,false,5,4,epoch-5,2,6,confidence,0.21865164488190847
questions,BundleSheaf,false,5,4,epoch-5,3,6,confidence,0.23287512967817264
questions,BundleSheaf,false,5,4,epoch-5,4,6,confidence,0.23547415897152107
questions,BundleSheaf,false,5,4,epoch-5,0,6,saliency,0.06839367913298275
questions,BundleSheaf,false,5,4,epoch-5,1,6,saliency,0.41344402546678477
questions,BundleSheaf,false,5,4,epoch-5,2,6,saliency,0.8588853615147248
questions,BundleSheaf,false,5,4,epoch-5,3,6,saliency,0.8890272501107889
questions,BundleSheaf,false,5,4,epoch-5,4,6,saliency,0.8993674847984401
questions,BundleSheaf,false,5,4,epoch-5,0,6,cohens_d_train,0.078452475
questions,BundleSheaf,false,5,4,epoch-5,1,6,cohens_d_train,0.3165783
questions,BundleSheaf,false,5,4,epoch-5,2,6,cohens_d_train,0.1266072
questions,BundleSheaf,false,5,4,epoch-5,3,6,cohens_d_train,0.071028404
questions,BundleSheaf,false,5,4,epoch-5,4,6,cohens_d_train,0.030747525
questions,BundleSheaf,false,5,4,epoch-5,0,6,cohens_d_test,0.16334216
questions,BundleSheaf,false,5,4,epoch-5,1,6,cohens_d_test,0.46636543
questions,BundleSheaf,false,5,4,epoch-5,2,6,cohens_d_test,0.23420322
questions,BundleSheaf,false,5,4,epoch-5,3,6,cohens_d_test,0.12976809
questions,BundleSheaf,false,5,4,epoch-5,4,6,cohens_d_test,0.09669454
questions,BundleSheaf,false,5,4,epoch-5,0,7,degree,0.13433972669012714
questions,BundleSheaf,false,5,4,epoch-5,1,7,degree,0.7526864524019301
questions,BundleSheaf,false,5,4,epoch-5,2,7,degree,0.5465646324142416
questions,BundleSheaf,false,5,4,epoch-5,3,7,degree,0.48146513340063535
questions,BundleSheaf,false,5,4,epoch-5,4,7,degree,0.4815441693982867
questions,BundleSheaf,false,5,4,epoch-5,0,7,betweenness,0.13039668364090698
questions,BundleSheaf,false,5,4,epoch-5,1,7,betweenness,0.7192500181751361
questions,BundleSheaf,false,5,4,epoch-5,2,7,betweenness,0.49543684793573534
questions,BundleSheaf,false,5,4,epoch-5,3,7,betweenness,0.43184162221833805
questions,BundleSheaf,false,5,4,epoch-5,4,7,betweenness,0.43206269257874785
questions,BundleSheaf,false,5,4,epoch-5,0,7,confidence,0.010916044571546577
questions,BundleSheaf,false,5,4,epoch-5,1,7,confidence,0.0772767897508828
questions,BundleSheaf,false,5,4,epoch-5,2,7,confidence,0.2383867572636461
questions,BundleSheaf,false,5,4,epoch-5,3,7,confidence,0.25279123943648946
questions,BundleSheaf,false,5,4,epoch-5,4,7,confidence,0.25521054353571754
questions,BundleSheaf,false,5,4,epoch-5,0,7,saliency,0.08244768403524935
questions,BundleSheaf,false,5,4,epoch-5,1,7,saliency,0.41749631456649994
questions,BundleSheaf,false,5,4,epoch-5,2,7,saliency,0.8491219313815788
questions,BundleSheaf,false,5,4,epoch-5,3,7,saliency,0.877034034217626
questions,BundleSheaf,false,5,4,epoch-5,4,7,saliency,0.8856761916564277
questions,BundleSheaf,false,5,4,epoch-5,0,7,cohens_d_train,0.19385278
questions,BundleSheaf,false,5,4,epoch-5,1,7,cohens_d_train,0.40396693
questions,BundleSheaf,false,5,4,epoch-5,2,7,cohens_d_train,0.17544413
questions,BundleSheaf,false,5,4,epoch-5,3,7,cohens_d_train,0.10778319
questions,BundleSheaf,false,5,4,epoch-5,4,7,cohens_d_train,0.09226098
questions,BundleSheaf,false,5,4,epoch-5,0,7,cohens_d_test,0.19472586
questions,BundleSheaf,false,5,4,epoch-5,1,7,cohens_d_test,0.36769104
questions,BundleSheaf,false,5,4,epoch-5,2,7,cohens_d_test,0.1439313
questions,BundleSheaf,false,5,4,epoch-5,3,7,cohens_d_test,0.051878467
questions,BundleSheaf,false,5,4,epoch-5,4,7,cohens_d_test,0.01917694
questions,BundleSheaf,false,5,4,epoch-5,0,8,degree,0.11940791820371377
questions,BundleSheaf,false,5,4,epoch-5,1,8,degree,0.763901427699068
questions,BundleSheaf,false,5,4,epoch-5,2,8,degree,0.5467767183716762
questions,BundleSheaf,false,5,4,epoch-5,3,8,degree,0.4671427796617698
questions,BundleSheaf,false,5,4,epoch-5,4,8,degree,0.49313412728598244
questions,BundleSheaf,false,5,4,epoch-5,0,8,betweenness,0.11684457536847191
questions,BundleSheaf,false,5,4,epoch-5,1,8,betweenness,0.7291139522625986
questions,BundleSheaf,false,5,4,epoch-5,2,8,betweenness,0.49599158487253503
questions,BundleSheaf,false,5,4,epoch-5,3,8,betweenness,0.41865935837388163
questions,BundleSheaf,false,5,4,epoch-5,4,8,betweenness,0.4431577413173248
questions,BundleSheaf,false,5,4,epoch-5,0,8,confidence,0.0024960438805389255
questions,BundleSheaf,false,5,4,epoch-5,1,8,confidence,0.07896998214573518
questions,BundleSheaf,false,5,4,epoch-5,2,8,confidence,0.24564326685931998
questions,BundleSheaf,false,5,4,epoch-5,3,8,confidence,0.26101376192383635
questions,BundleSheaf,false,5,4,epoch-5,4,8,confidence,0.2634815869380032
questions,BundleSheaf,false,5,4,epoch-5,0,8,saliency,0.06573981048841325
questions,BundleSheaf,false,5,4,epoch-5,1,8,saliency,0.41784394675111763
questions,BundleSheaf,false,5,4,epoch-5,2,8,saliency,0.8188153460830637
questions,BundleSheaf,false,5,4,epoch-5,3,8,saliency,0.8247796512205268
questions,BundleSheaf,false,5,4,epoch-5,4,8,saliency,0.8366296127966885
questions,BundleSheaf,false,5,4,epoch-5,0,8,cohens_d_train,0.08526033
questions,BundleSheaf,false,5,4,epoch-5,1,8,cohens_d_train,0.31431141
questions,BundleSheaf,false,5,4,epoch-5,2,8,cohens_d_train,0.0665671
questions,BundleSheaf,false,5,4,epoch-5,3,8,cohens_d_train,0.048850622
questions,BundleSheaf,false,5,4,epoch-5,4,8,cohens_d_train,0.01409529
questions,BundleSheaf,false,5,4,epoch-5,0,8,cohens_d_test,0.15992695
questions,BundleSheaf,false,5,4,epoch-5,1,8,cohens_d_test,0.6630254
questions,BundleSheaf,false,5,4,epoch-5,2,8,cohens_d_test,0.5098779
questions,BundleSheaf,false,5,4,epoch-5,3,8,cohens_d_test,0.55758446
questions,BundleSheaf,false,5,4,epoch-5,4,8,cohens_d_test,0.48614654
questions,BundleSheaf,false,5,4,epoch-5,0,9,degree,0.11526660697877843
questions,BundleSheaf,false,5,4,epoch-5,1,9,degree,0.7684682420147644
questions,BundleSheaf,false,5,4,epoch-5,2,9,degree,0.5529845068143894
questions,BundleSheaf,false,5,4,epoch-5,3,9,degree,0.4823695396842564
questions,BundleSheaf,false,5,4,epoch-5,4,9,degree,0.4906256213664538
questions,BundleSheaf,false,5,4,epoch-5,0,9,betweenness,0.1123567180608495
questions,BundleSheaf,false,5,4,epoch-5,1,9,betweenness,0.7334097859737532
questions,BundleSheaf,false,5,4,epoch-5,2,9,betweenness,0.5010907566711286
questions,BundleSheaf,false,5,4,epoch-5,3,9,betweenness,0.43190161555491896
questions,BundleSheaf,false,5,4,epoch-5,4,9,betweenness,0.440530377838812
questions,BundleSheaf,false,5,4,epoch-5,0,9,confidence,0.004882892464148894
questions,BundleSheaf,false,5,4,epoch-5,1,9,confidence,0.08791514075611297
questions,BundleSheaf,false,5,4,epoch-5,2,9,confidence,0.2652491409642116
questions,BundleSheaf,false,5,4,epoch-5,3,9,confidence,0.2823177993510068
questions,BundleSheaf,false,5,4,epoch-5,4,9,confidence,0.2847709964961279
questions,BundleSheaf,false,5,4,epoch-5,0,9,saliency,0.06088188797279029
questions,BundleSheaf,false,5,4,epoch-5,1,9,saliency,0.4230599689514455
questions,BundleSheaf,false,5,4,epoch-5,2,9,saliency,0.8827579803013906
questions,BundleSheaf,false,5,4,epoch-5,3,9,saliency,0.9094987035389986
questions,BundleSheaf,false,5,4,epoch-5,4,9,saliency,0.9192998169470081
questions,BundleSheaf,false,5,4,epoch-5,0,9,cohens_d_train,0.15542892
questions,BundleSheaf,false,5,4,epoch-5,1,9,cohens_d_train,0.34260318
questions,BundleSheaf,false,5,4,epoch-5,2,9,cohens_d_train,0.09364693
questions,BundleSheaf,false,5,4,epoch-5,3,9,cohens_d_train,0.035357784
questions,BundleSheaf,false,5,4,epoch-5,4,9,cohens_d_train,0.017524717
questions,BundleSheaf,false,5,4,epoch-5,0,9,cohens_d_test,0.16592447
questions,BundleSheaf,false,5,4,epoch-5,1,9,cohens_d_test,0.6032761
questions,BundleSheaf,false,5,4,epoch-5,2,9,cohens_d_test,0.4078465
questions,BundleSheaf,false,5,4,epoch-5,3,9,cohens_d_test,0.36024997
questions,BundleSheaf,false,5,4,epoch-5,4,9,cohens_d_test,0.30594864
questions,BundleSheaf,false,5,4,epoch-15,0,0,degree,0.11986918104667049
questions,BundleSheaf,false,5,4,epoch-15,1,0,degree,0.7704593916347318
questions,BundleSheaf,false,5,4,epoch-15,2,0,degree,0.5475898523924697
questions,BundleSheaf,false,5,4,epoch-15,3,0,degree,0.47412903885743557
questions,BundleSheaf,false,5,4,epoch-15,4,0,degree,0.4937484105187543
questions,BundleSheaf,false,5,4,epoch-15,0,0,betweenness,0.11600525211455781
questions,BundleSheaf,false,5,4,epoch-15,1,0,betweenness,0.7340085564806935
questions,BundleSheaf,false,5,4,epoch-15,2,0,betweenness,0.49582529205849113
questions,BundleSheaf,false,5,4,epoch-15,3,0,betweenness,0.42509256373086485
questions,BundleSheaf,false,5,4,epoch-15,4,0,betweenness,0.4436861816337897
questions,BundleSheaf,false,5,4,epoch-15,0,0,confidence,0.017589194856428327
questions,BundleSheaf,false,5,4,epoch-15,1,0,confidence,0.1066121224686669
questions,BundleSheaf,false,5,4,epoch-15,2,0,confidence,0.30326184154681185
questions,BundleSheaf,false,5,4,epoch-15,3,0,confidence,0.32266295911091514
questions,BundleSheaf,false,5,4,epoch-15,4,0,confidence,0.3267676626497643
questions,BundleSheaf,false,5,4,epoch-15,0,0,saliency,0.07852153067936612
questions,BundleSheaf,false,5,4,epoch-15,1,0,saliency,0.4333776709152106
questions,BundleSheaf,false,5,4,epoch-15,2,0,saliency,0.8449274114689198
questions,BundleSheaf,false,5,4,epoch-15,3,0,saliency,0.8597025094078042
questions,BundleSheaf,false,5,4,epoch-15,4,0,saliency,0.8710892260748249
questions,BundleSheaf,false,5,4,epoch-15,0,0,cohens_d_train,0.04910367
questions,BundleSheaf,false,5,4,epoch-15,1,0,cohens_d_train,0.025570152
questions,BundleSheaf,false,5,4,epoch-15,2,0,cohens_d_train,0.009166498
questions,BundleSheaf,false,5,4,epoch-15,3,0,cohens_d_train,0.01302822
questions,BundleSheaf,false,5,4,epoch-15,4,0,cohens_d_train,0.011400154
questions,BundleSheaf,false,5,4,epoch-15,0,0,cohens_d_test,0.008860818
questions,BundleSheaf,false,5,4,epoch-15,1,0,cohens_d_test,0.09479708
questions,BundleSheaf,false,5,4,epoch-15,2,0,cohens_d_test,0.07365191
questions,BundleSheaf,false,5,4,epoch-15,3,0,cohens_d_test,0.0639705
questions,BundleSheaf,false,5,4,epoch-15,4,0,cohens_d_test,0.057706967
questions,BundleSheaf,false,5,4,epoch-15,0,1,degree,0.14602109720778766
questions,BundleSheaf,false,5,4,epoch-15,1,1,degree,0.7836676689243568
questions,BundleSheaf,false,5,4,epoch-15,2,1,degree,0.5450808582981562
questions,BundleSheaf,false,5,4,epoch-15,3,1,degree,0.48449778222780093
questions,BundleSheaf,false,5,4,epoch-15,4,1,degree,0.49846843379315886
questions,BundleSheaf,false,5,4,epoch-15,0,1,betweenness,0.14140037506918443
questions,BundleSheaf,false,5,4,epoch-15,1,1,betweenness,0.7482484887296592
questions,BundleSheaf,false,5,4,epoch-15,2,1,betweenness,0.49334530911868024
questions,BundleSheaf,false,5,4,epoch-15,3,1,betweenness,0.43477611541015987
questions,BundleSheaf,false,5,4,epoch-15,4,1,betweenness,0.44802920878639063
questions,BundleSheaf,false,5,4,epoch-15,0,1,confidence,0.005642287286634819
questions,BundleSheaf,false,5,4,epoch-15,1,1,confidence,0.08237954646343608
questions,BundleSheaf,false,5,4,epoch-15,2,1,confidence,0.24982307934337
questions,BundleSheaf,false,5,4,epoch-15,3,1,confidence,0.26533830518141593
questions,BundleSheaf,false,5,4,epoch-15,4,1,confidence,0.26765968041143556
questions,BundleSheaf,false,5,4,epoch-15,0,1,saliency,0.07063741812467644
questions,BundleSheaf,false,5,4,epoch-15,1,1,saliency,0.39941049240484416
questions,BundleSheaf,false,5,4,epoch-15,2,1,saliency,0.873155599958849
questions,BundleSheaf,false,5,4,epoch-15,3,1,saliency,0.8996610190494478
questions,BundleSheaf,false,5,4,epoch-15,4,1,saliency,0.9106785102915818
questions,BundleSheaf,false,5,4,epoch-15,0,1,cohens_d_train,0.013754908
questions,BundleSheaf,false,5,4,epoch-15,1,1,cohens_d_train,0.18112902
questions,BundleSheaf,false,5,4,epoch-15,2,1,cohens_d_train,0.032190055
questions,BundleSheaf,false,5,4,epoch-15,3,1,cohens_d_train,0.01615498
questions,BundleSheaf,false,5,4,epoch-15,4,1,cohens_d_train,0.0010930056
questions,BundleSheaf,false,5,4,epoch-15,0,1,cohens_d_test,0.037396096
questions,BundleSheaf,false,5,4,epoch-15,1,1,cohens_d_test,0.2534199
questions,BundleSheaf,false,5,4,epoch-15,2,1,cohens_d_test,0.14164506
questions,BundleSheaf,false,5,4,epoch-15,3,1,cohens_d_test,0.17052238
questions,BundleSheaf,false,5,4,epoch-15,4,1,cohens_d_test,0.14999638
questions,BundleSheaf,false,5,4,epoch-15,0,2,degree,0.13663364411127027
questions,BundleSheaf,false,5,4,epoch-15,1,2,degree,0.7688537886264029
questions,BundleSheaf,false,5,4,epoch-15,2,2,degree,0.5487466587248621
questions,BundleSheaf,false,5,4,epoch-15,3,2,degree,0.48276242760249527
questions,BundleSheaf,false,5,4,epoch-15,4,2,degree,0.48444417935788536
questions,BundleSheaf,false,5,4,epoch-15,0,2,betweenness,0.13481670881540242
questions,BundleSheaf,false,5,4,epoch-15,1,2,betweenness,0.7344863155496664
questions,BundleSheaf,false,5,4,epoch-15,2,2,betweenness,0.49736614445501387
questions,BundleSheaf,false,5,4,epoch-15,3,2,betweenness,0.43317452422349373
questions,BundleSheaf,false,5,4,epoch-15,4,2,betweenness,0.43590715196753976
questions,BundleSheaf,false,5,4,epoch-15,0,2,confidence,0.009557821788873053
questions,BundleSheaf,false,5,4,epoch-15,1,2,confidence,0.10183195373097256
questions,BundleSheaf,false,5,4,epoch-15,2,2,confidence,0.2985398558626602
questions,BundleSheaf,false,5,4,epoch-15,3,2,confidence,0.3173804160669182
questions,BundleSheaf,false,5,4,epoch-15,4,2,confidence,0.32092850271686
questions,BundleSheaf,false,5,4,epoch-15,0,2,saliency,0.0709261777012066
questions,BundleSheaf,false,5,4,epoch-15,1,2,saliency,0.4326349997523182
questions,BundleSheaf,false,5,4,epoch-15,2,2,saliency,0.8689902773983621
questions,BundleSheaf,false,5,4,epoch-15,3,2,saliency,0.8843898647181285
questions,BundleSheaf,false,5,4,epoch-15,4,2,saliency,0.8847878278043256
questions,BundleSheaf,false,5,4,epoch-15,0,2,cohens_d_train,0.04887609
questions,BundleSheaf,false,5,4,epoch-15,1,2,cohens_d_train,0.052393533
questions,BundleSheaf,false,5,4,epoch-15,2,2,cohens_d_train,0.03455907
questions,BundleSheaf,false,5,4,epoch-15,3,2,cohens_d_train,0.039540716
questions,BundleSheaf,false,5,4,epoch-15,4,2,cohens_d_train,0.04210347
questions,BundleSheaf,false,5,4,epoch-15,0,2,cohens_d_test,0.08311122
questions,BundleSheaf,false,5,4,epoch-15,1,2,cohens_d_test,0.03761121
questions,BundleSheaf,false,5,4,epoch-15,2,2,cohens_d_test,0.015029148
questions,BundleSheaf,false,5,4,epoch-15,3,2,cohens_d_test,0.033924107
questions,BundleSheaf,false,5,4,epoch-15,4,2,cohens_d_test,0.046783537
questions,BundleSheaf,false,5,4,epoch-15,0,3,degree,0.125700855411898
questions,BundleSheaf,false,5,4,epoch-15,1,3,degree,0.7305363894649699
questions,BundleSheaf,false,5,4,epoch-15,2,3,degree,0.5560597153626473
questions,BundleSheaf,false,5,4,epoch-15,3,3,degree,0.4888659827616561
questions,BundleSheaf,false,5,4,epoch-15,4,3,degree,0.4880671136101634
questions,BundleSheaf,false,5,4,epoch-15,0,3,betweenness,0.12186686333942916
questions,BundleSheaf,false,5,4,epoch-15,1,3,betweenness,0.6949356935477768
questions,BundleSheaf,false,5,4,epoch-15,2,3,betweenness,0.5022863565175028
questions,BundleSheaf,false,5,4,epoch-15,3,3,betweenness,0.4389757690427311
questions,BundleSheaf,false,5,4,epoch-15,4,3,betweenness,0.43854155605503514
questions,BundleSheaf,false,5,4,epoch-15,0,3,confidence,0.01262695732112147
questions,BundleSheaf,false,5,4,epoch-15,1,3,confidence,0.08949783793151019
questions,BundleSheaf,false,5,4,epoch-15,2,3,confidence,0.2622153219490711
questions,BundleSheaf,false,5,4,epoch-15,3,3,confidence,0.2785367027275895
questions,BundleSheaf,false,5,4,epoch-15,4,3,confidence,0.2811941801458697
questions,BundleSheaf,false,5,4,epoch-15,0,3,saliency,0.09382114606089802
questions,BundleSheaf,false,5,4,epoch-15,1,3,saliency,0.4141722696026591
questions,BundleSheaf,false,5,4,epoch-15,2,3,saliency,0.8445677750343773
questions,BundleSheaf,false,5,4,epoch-15,3,3,saliency,0.8609776230076072
questions,BundleSheaf,false,5,4,epoch-15,4,3,saliency,0.8552484818692753
questions,BundleSheaf,false,5,4,epoch-15,0,3,cohens_d_train,0.015699217
questions,BundleSheaf,false,5,4,epoch-15,1,3,cohens_d_train,0.051197525
questions,BundleSheaf,false,5,4,epoch-15,2,3,cohens_d_train,0.006930585
questions,BundleSheaf,false,5,4,epoch-15,3,3,cohens_d_train,0.024003817
questions,BundleSheaf,false,5,4,epoch-15,4,3,cohens_d_train,0.028923394
questions,BundleSheaf,false,5,4,epoch-15,0,3,cohens_d_test,0.019280624
questions,BundleSheaf,false,5,4,epoch-15,1,3,cohens_d_test,0.07087489
questions,BundleSheaf,false,5,4,epoch-15,2,3,cohens_d_test,0.0053684954
questions,BundleSheaf,false,5,4,epoch-15,3,3,cohens_d_test,0.016280761
questions,BundleSheaf,false,5,4,epoch-15,4,3,cohens_d_test,0.03546626
questions,BundleSheaf,false,5,4,epoch-15,0,4,degree,0.13451337200205882
questions,BundleSheaf,false,5,4,epoch-15,1,4,degree,0.7931641366569957
questions,BundleSheaf,false,5,4,epoch-15,2,4,degree,0.5447209622084773
questions,BundleSheaf,false,5,4,epoch-15,3,4,degree,0.48390585798993396
questions,BundleSheaf,false,5,4,epoch-15,4,4,degree,0.4980599744055631
questions,BundleSheaf,false,5,4,epoch-15,0,4,betweenness,0.13085224330810186
questions,BundleSheaf,false,5,4,epoch-15,1,4,betweenness,0.7572703338531129
questions,BundleSheaf,false,5,4,epoch-15,2,4,betweenness,0.4938531504926026
questions,BundleSheaf,false,5,4,epoch-15,3,4,betweenness,0.43374764080363154
questions,BundleSheaf,false,5,4,epoch-15,4,4,betweenness,0.44832287491173883
questions,BundleSheaf,false,5,4,epoch-15,0,4,confidence,0.013814605384208659
questions,BundleSheaf,false,5,4,epoch-15,1,4,confidence,0.09279005060393618
questions,BundleSheaf,false,5,4,epoch-15,2,4,confidence,0.2535361019036903
questions,BundleSheaf,false,5,4,epoch-15,3,4,confidence,0.2682307530645358
questions,BundleSheaf,false,5,4,epoch-15,4,4,confidence,0.272336671490715
questions,BundleSheaf,false,5,4,epoch-15,0,4,saliency,0.057669403344442885
questions,BundleSheaf,false,5,4,epoch-15,1,4,saliency,0.4189564118982125
questions,BundleSheaf,false,5,4,epoch-15,2,4,saliency,0.9081197433255058
questions,BundleSheaf,false,5,4,epoch-15,3,4,saliency,0.9320160098597695
questions,BundleSheaf,false,5,4,epoch-15,4,4,saliency,0.940518112367366
questions,BundleSheaf,false,5,4,epoch-15,0,4,cohens_d_train,0.024590224
questions,BundleSheaf,false,5,4,epoch-15,1,4,cohens_d_train,0.10652186
questions,BundleSheaf,false,5,4,epoch-15,2,4,cohens_d_train,0.02245106
questions,BundleSheaf,false,5,4,epoch-15,3,4,cohens_d_train,0.005642076
questions,BundleSheaf,false,5,4,epoch-15,4,4,cohens_d_train,0.0032878253
questions,BundleSheaf,false,5,4,epoch-15,0,4,cohens_d_test,0.1106896
questions,BundleSheaf,false,5,4,epoch-15,1,4,cohens_d_test,0.11652014
questions,BundleSheaf,false,5,4,epoch-15,2,4,cohens_d_test,0.05737471
questions,BundleSheaf,false,5,4,epoch-15,3,4,cohens_d_test,0.041164655
questions,BundleSheaf,false,5,4,epoch-15,4,4,cohens_d_test,0.015535622
questions,BundleSheaf,false,5,4,epoch-15,0,5,degree,0.12371505769171491
questions,BundleSheaf,false,5,4,epoch-15,1,5,degree,0.7642903040753412
questions,BundleSheaf,false,5,4,epoch-15,2,5,degree,0.5329441894192569
questions,BundleSheaf,false,5,4,epoch-15,3,5,degree,0.4880567997687685
questions,BundleSheaf,false,5,4,epoch-15,4,5,degree,0.4818149826684282
questions,BundleSheaf,false,5,4,epoch-15,0,5,betweenness,0.12197948511681793
questions,BundleSheaf,false,5,4,epoch-15,1,5,betweenness,0.7289338407597883
questions,BundleSheaf,false,5,4,epoch-15,2,5,betweenness,0.4831942771964282
questions,BundleSheaf,false,5,4,epoch-15,3,5,betweenness,0.43859104648637764
questions,BundleSheaf,false,5,4,epoch-15,4,5,betweenness,0.43303327634751426
questions,BundleSheaf,false,5,4,epoch-15,0,5,confidence,0.016081899091343495
questions,BundleSheaf,false,5,4,epoch-15,1,5,confidence,0.10568879498531261
questions,BundleSheaf,false,5,4,epoch-15,2,5,confidence,0.2811954908322161
questions,BundleSheaf,false,5,4,epoch-15,3,5,confidence,0.29836770609021507
questions,BundleSheaf,false,5,4,epoch-15,4,5,confidence,0.30179588523576956
questions,BundleSheaf,false,5,4,epoch-15,0,5,saliency,0.06894319918329772
questions,BundleSheaf,false,5,4,epoch-15,1,5,saliency,0.4234371252335924
questions,BundleSheaf,false,5,4,epoch-15,2,5,saliency,0.8677305579991879
questions,BundleSheaf,false,5,4,epoch-15,3,5,saliency,0.8916457916833284
questions,BundleSheaf,false,5,4,epoch-15,4,5,saliency,0.896908537525588
questions,BundleSheaf,false,5,4,epoch-15,0,5,cohens_d_train,0.11075411
questions,BundleSheaf,false,5,4,epoch-15,1,5,cohens_d_train,0.14177623
questions,BundleSheaf,false,5,4,epoch-15,2,5,cohens_d_train,0.018340074
questions,BundleSheaf,false,5,4,epoch-15,3,5,cohens_d_train,0.00026461782
questions,BundleSheaf,false,5,4,epoch-15,4,5,cohens_d_train,0.003578695
questions,BundleSheaf,false,5,4,epoch-15,0,5,cohens_d_test,0.09951791
questions,BundleSheaf,false,5,4,epoch-15,1,5,cohens_d_test,0.27973396
questions,BundleSheaf,false,5,4,epoch-15,2,5,cohens_d_test,0.10865902
questions,BundleSheaf,false,5,4,epoch-15,3,5,cohens_d_test,0.06466852
questions,BundleSheaf,false,5,4,epoch-15,4,5,cohens_d_test,0.05126513
questions,BundleSheaf,false,5,4,epoch-15,0,6,degree,0.1303777434991811
questions,BundleSheaf,false,5,4,epoch-15,1,6,degree,0.7292269401616419
questions,BundleSheaf,false,5,4,epoch-15,2,6,degree,0.5450864492202754
questions,BundleSheaf,false,5,4,epoch-15,3,6,degree,0.48167149917448204
questions,BundleSheaf,false,5,4,epoch-15,4,6,degree,0.4898514720891242
questions,BundleSheaf,false,5,4,epoch-15,0,6,betweenness,0.12653539152316168
questions,BundleSheaf,false,5,4,epoch-15,1,6,betweenness,0.6932963513977263
questions,BundleSheaf,false,5,4,epoch-15,2,6,betweenness,0.49236103564799133
questions,BundleSheaf,false,5,4,epoch-15,3,6,betweenness,0.4329848099300483
questions,BundleSheaf,false,5,4,epoch-15,4,6,betweenness,0.440755257171615
questions,BundleSheaf,false,5,4,epoch-15,0,6,confidence,0.011516296266033189
questions,BundleSheaf,false,5,4,epoch-15,1,6,confidence,0.0889962437019945
questions,BundleSheaf,false,5,4,epoch-15,2,6,confidence,0.274059776654548
questions,BundleSheaf,false,5,4,epoch-15,3,6,confidence,0.29232920505516335
questions,BundleSheaf,false,5,4,epoch-15,4,6,confidence,0.29596435293602297
questions,BundleSheaf,false,5,4,epoch-15,0,6,saliency,0.07890481209348248
questions,BundleSheaf,false,5,4,epoch-15,1,6,saliency,0.39976595603750514
questions,BundleSheaf,false,5,4,epoch-15,2,6,saliency,0.847450916050313
questions,BundleSheaf,false,5,4,epoch-15,3,6,saliency,0.8771338917075822
questions,BundleSheaf,false,5,4,epoch-15,4,6,saliency,0.8887819188540841
questions,BundleSheaf,false,5,4,epoch-15,0,6,cohens_d_train,0.008354799
questions,BundleSheaf,false,5,4,epoch-15,1,6,cohens_d_train,0.0836468
questions,BundleSheaf,false,5,4,epoch-15,2,6,cohens_d_train,0.057931818
questions,BundleSheaf,false,5,4,epoch-15,3,6,cohens_d_train,0.047865693
questions,BundleSheaf,false,5,4,epoch-15,4,6,cohens_d_train,0.050940912
questions,BundleSheaf,false,5,4,epoch-15,0,6,cohens_d_test,0.010474815
questions,BundleSheaf,false,5,4,epoch-15,1,6,cohens_d_test,0.025520563
questions,BundleSheaf,false,5,4,epoch-15,2,6,cohens_d_test,0.0020290953
questions,BundleSheaf,false,5,4,epoch-15,3,6,cohens_d_test,0.020513095
questions,BundleSheaf,false,5,4,epoch-15,4,6,cohens_d_test,0.028834384
questions,BundleSheaf,false,5,4,epoch-15,0,7,degree,0.13616642524824657
questions,BundleSheaf,false,5,4,epoch-15,1,7,degree,0.7370345702007685
questions,BundleSheaf,false,5,4,epoch-15,2,7,degree,0.5448904534758581
questions,BundleSheaf,false,5,4,epoch-15,3,7,degree,0.4791839690970422
questions,BundleSheaf,false,5,4,epoch-15,4,7,degree,0.4824019172575484
questions,BundleSheaf,false,5,4,epoch-15,0,7,betweenness,0.1318595422569237
questions,BundleSheaf,false,5,4,epoch-15,1,7,betweenness,0.7040508203113327
questions,BundleSheaf,false,5,4,epoch-15,2,7,betweenness,0.49381639514810977
questions,BundleSheaf,false,5,4,epoch-15,3,7,betweenness,0.4296035734490446
questions,BundleSheaf,false,5,4,epoch-15,4,7,betweenness,0.4330266210170263
questions,BundleSheaf,false,5,4,epoch-15,0,7,confidence,0.022432577545438995
questions,BundleSheaf,false,5,4,epoch-15,1,7,confidence,0.10245452976417309
questions,BundleSheaf,false,5,4,epoch-15,2,7,confidence,0.29172986670700457
questions,BundleSheaf,false,5,4,epoch-15,3,7,confidence,0.3111192831714904
questions,BundleSheaf,false,5,4,epoch-15,4,7,confidence,0.3186737898274613
questions,BundleSheaf,false,5,4,epoch-15,0,7,saliency,0.06545649397452898
questions,BundleSheaf,false,5,4,epoch-15,1,7,saliency,0.38147075257499563
questions,BundleSheaf,false,5,4,epoch-15,2,7,saliency,0.8902421152686503
questions,BundleSheaf,false,5,4,epoch-15,3,7,saliency,0.9263027646057639
questions,BundleSheaf,false,5,4,epoch-15,4,7,saliency,0.9348476640670448
questions,BundleSheaf,false,5,4,epoch-15,0,7,cohens_d_train,0.096494846
questions,BundleSheaf,false,5,4,epoch-15,1,7,cohens_d_train,0.22580776
questions,BundleSheaf,false,5,4,epoch-15,2,7,cohens_d_train,0.11125384
questions,BundleSheaf,false,5,4,epoch-15,3,7,cohens_d_train,0.07544687
questions,BundleSheaf,false,5,4,epoch-15,4,7,cohens_d_train,0.044408284
questions,BundleSheaf,false,5,4,epoch-15,0,7,cohens_d_test,0.071019694
questions,BundleSheaf,false,5,4,epoch-15,1,7,cohens_d_test,0.21383871
questions,BundleSheaf,false,5,4,epoch-15,2,7,cohens_d_test,0.082056224
questions,BundleSheaf,false,5,4,epoch-15,3,7,cohens_d_test,0.019526811
questions,BundleSheaf,false,5,4,epoch-15,4,7,cohens_d_test,0.001178319
questions,BundleSheaf,false,5,4,epoch-15,0,8,degree,0.125184892651112
questions,BundleSheaf,false,5,4,epoch-15,1,8,degree,0.7794681742499756
questions,BundleSheaf,false,5,4,epoch-15,2,8,degree,0.5459529535221611
questions,BundleSheaf,false,5,4,epoch-15,3,8,degree,0.46110319488079266
questions,BundleSheaf,false,5,4,epoch-15,4,8,degree,0.4872771946861716
questions,BundleSheaf,false,5,4,epoch-15,0,8,betweenness,0.12200444190640167
questions,BundleSheaf,false,5,4,epoch-15,1,8,betweenness,0.7431682963172751
questions,BundleSheaf,false,5,4,epoch-15,2,8,betweenness,0.49263152949193
questions,BundleSheaf,false,5,4,epoch-15,3,8,betweenness,0.41325159593790717
questions,BundleSheaf,false,5,4,epoch-15,4,8,betweenness,0.43785151633267144
questions,BundleSheaf,false,5,4,epoch-15,0,8,confidence,0.013326150966479614
questions,BundleSheaf,false,5,4,epoch-15,1,8,confidence,0.08828542526360147
questions,BundleSheaf,false,5,4,epoch-15,2,8,confidence,0.25075811056831554
questions,BundleSheaf,false,5,4,epoch-15,3,8,confidence,0.26374512389880406
questions,BundleSheaf,false,5,4,epoch-15,4,8,confidence,0.2662374314790736
questions,BundleSheaf,false,5,4,epoch-15,0,8,saliency,0.0751631705089447
questions,BundleSheaf,false,5,4,epoch-15,1,8,saliency,0.4337111354483137
questions,BundleSheaf,false,5,4,epoch-15,2,8,saliency,0.8760491610058043
questions,BundleSheaf,false,5,4,epoch-15,3,8,saliency,0.8849306982782805
questions,BundleSheaf,false,5,4,epoch-15,4,8,saliency,0.8894589333401334
questions,BundleSheaf,false,5,4,epoch-15,0,8,cohens_d_train,0.04952688
questions,BundleSheaf,false,5,4,epoch-15,1,8,cohens_d_train,0.27946723
questions,BundleSheaf,false,5,4,epoch-15,2,8,cohens_d_train,0.064688526
questions,BundleSheaf,false,5,4,epoch-15,3,8,cohens_d_train,0.026661785
questions,BundleSheaf,false,5,4,epoch-15,4,8,cohens_d_train,0.0027827828
questions,BundleSheaf,false,5,4,epoch-15,0,8,cohens_d_test,0.13018776
questions,BundleSheaf,false,5,4,epoch-15,1,8,cohens_d_test,0.57384074
questions,BundleSheaf,false,5,4,epoch-15,2,8,cohens_d_test,0.44203913
questions,BundleSheaf,false,5,4,epoch-15,3,8,cohens_d_test,0.4321545
questions,BundleSheaf,false,5,4,epoch-15,4,8,cohens_d_test,0.37317747
questions,BundleSheaf,false,5,4,epoch-15,0,9,degree,0.12552242044520787
questions,BundleSheaf,false,5,4,epoch-15,1,9,degree,0.7575274016816508
questions,BundleSheaf,false,5,4,epoch-15,2,9,degree,0.5509028589017981
questions,BundleSheaf,false,5,4,epoch-15,3,9,degree,0.48023706057659205
questions,BundleSheaf,false,5,4,epoch-15,4,9,degree,0.497956024513661
questions,BundleSheaf,false,5,4,epoch-15,0,9,betweenness,0.12153052466501599
questions,BundleSheaf,false,5,4,epoch-15,1,9,betweenness,0.7225790560366102
questions,BundleSheaf,false,5,4,epoch-15,2,9,betweenness,0.4985796253379097
questions,BundleSheaf,false,5,4,epoch-15,3,9,betweenness,0.4297737273794144
questions,BundleSheaf,false,5,4,epoch-15,4,9,betweenness,0.4470347389632391
questions,BundleSheaf,false,5,4,epoch-15,0,9,confidence,0.016943676257798794
questions,BundleSheaf,false,5,4,epoch-15,1,9,confidence,0.10451906615012184
questions,BundleSheaf,false,5,4,epoch-15,2,9,confidence,0.29403384965626517
questions,BundleSheaf,false,5,4,epoch-15,3,9,confidence,0.3123518557732623
questions,BundleSheaf,false,5,4,epoch-15,4,9,confidence,0.31604667064923797
questions,BundleSheaf,false,5,4,epoch-15,0,9,saliency,0.08214940198510705
questions,BundleSheaf,false,5,4,epoch-15,1,9,saliency,0.4221159955161668
questions,BundleSheaf,false,5,4,epoch-15,2,9,saliency,0.8519605983970172
questions,BundleSheaf,false,5,4,epoch-15,3,9,saliency,0.8770160679774788
questions,BundleSheaf,false,5,4,epoch-15,4,9,saliency,0.8828260037728709
questions,BundleSheaf,false,5,4,epoch-15,0,9,cohens_d_train,0.080213994
questions,BundleSheaf,false,5,4,epoch-15,1,9,cohens_d_train,0.11039212
questions,BundleSheaf,false,5,4,epoch-15,2,9,cohens_d_train,0.030035572
questions,BundleSheaf,false,5,4,epoch-15,3,9,cohens_d_train,0.01082129
questions,BundleSheaf,false,5,4,epoch-15,4,9,cohens_d_train,0.0014493006
questions,BundleSheaf,false,5,4,epoch-15,0,9,cohens_d_test,0.08730213
questions,BundleSheaf,false,5,4,epoch-15,1,9,cohens_d_test,0.1532177
questions,BundleSheaf,false,5,4,epoch-15,2,9,cohens_d_test,0.09229157
questions,BundleSheaf,false,5,4,epoch-15,3,9,cohens_d_test,0.035819814
questions,BundleSheaf,false,5,4,epoch-15,4,9,cohens_d_test,0.01780035
questions,BundleSheaf,false,5,4,epoch-50,0,0,degree,0.12194092022993586
questions,BundleSheaf,false,5,4,epoch-50,1,0,degree,0.7754846320909744
questions,BundleSheaf,false,5,4,epoch-50,2,0,degree,0.544175864456279
questions,BundleSheaf,false,5,4,epoch-50,3,0,degree,0.49018850280091086
questions,BundleSheaf,false,5,4,epoch-50,4,0,degree,0.5165383748384814
questions,BundleSheaf,false,5,4,epoch-50,0,0,betweenness,0.11730972843372134
questions,BundleSheaf,false,5,4,epoch-50,1,0,betweenness,0.7372152474370954
questions,BundleSheaf,false,5,4,epoch-50,2,0,betweenness,0.4908157717823737
questions,BundleSheaf,false,5,4,epoch-50,3,0,betweenness,0.4393076169976849
questions,BundleSheaf,false,5,4,epoch-50,4,0,betweenness,0.4638225095530198
questions,BundleSheaf,false,5,4,epoch-50,0,0,confidence,0.020077386992827406
questions,BundleSheaf,false,5,4,epoch-50,1,0,confidence,0.123687527865628
questions,BundleSheaf,false,5,4,epoch-50,2,0,confidence,0.31208863693751865
questions,BundleSheaf,false,5,4,epoch-50,3,0,confidence,0.32937113545925517
questions,BundleSheaf,false,5,4,epoch-50,4,0,confidence,0.333792173426556
questions,BundleSheaf,false,5,4,epoch-50,0,0,saliency,0.08704807269437917
questions,BundleSheaf,false,5,4,epoch-50,1,0,saliency,0.4446754545723633
questions,BundleSheaf,false,5,4,epoch-50,2,0,saliency,0.84952933680281
questions,BundleSheaf,false,5,4,epoch-50,3,0,saliency,0.8669372522438366
questions,BundleSheaf,false,5,4,epoch-50,4,0,saliency,0.8800712630589053
questions,BundleSheaf,false,5,4,epoch-50,0,0,cohens_d_train,0.0192883
questions,BundleSheaf,false,5,4,epoch-50,1,0,cohens_d_train,0.022167627
questions,BundleSheaf,false,5,4,epoch-50,2,0,cohens_d_train,0.015869183
questions,BundleSheaf,false,5,4,epoch-50,3,0,cohens_d_train,0.02021303
questions,BundleSheaf,false,5,4,epoch-50,4,0,cohens_d_train,0.013882126
questions,BundleSheaf,false,5,4,epoch-50,0,0,cohens_d_test,0.0030503282
questions,BundleSheaf,false,5,4,epoch-50,1,0,cohens_d_test,0.024003863
questions,BundleSheaf,false,5,4,epoch-50,2,0,cohens_d_test,0.011590861
questions,BundleSheaf,false,5,4,epoch-50,3,0,cohens_d_test,0.04018317
questions,BundleSheaf,false,5,4,epoch-50,4,0,cohens_d_test,0.03255074
questions,BundleSheaf,false,5,4,epoch-50,0,1,degree,0.1482581870228567
questions,BundleSheaf,false,5,4,epoch-50,1,1,degree,0.7795494561125825
questions,BundleSheaf,false,5,4,epoch-50,2,1,degree,0.5400392979385399
questions,BundleSheaf,false,5,4,epoch-50,3,1,degree,0.49251334673670927
questions,BundleSheaf,false,5,4,epoch-50,4,1,degree,0.5326284266008458
questions,BundleSheaf,false,5,4,epoch-50,0,1,betweenness,0.14367350856762318
questions,BundleSheaf,false,5,4,epoch-50,1,1,betweenness,0.7440419510611401
questions,BundleSheaf,false,5,4,epoch-50,2,1,betweenness,0.48799327002209963
questions,BundleSheaf,false,5,4,epoch-50,3,1,betweenness,0.4417852134758749
questions,BundleSheaf,false,5,4,epoch-50,4,1,betweenness,0.4788025986410125
questions,BundleSheaf,false,5,4,epoch-50,0,1,confidence,0.009833607400131755
questions,BundleSheaf,false,5,4,epoch-50,1,1,confidence,0.10752634948442541
questions,BundleSheaf,false,5,4,epoch-50,2,1,confidence,0.3132844933348772
questions,BundleSheaf,false,5,4,epoch-50,3,1,confidence,0.33522366342911664
questions,BundleSheaf,false,5,4,epoch-50,4,1,confidence,0.33945919366475724
questions,BundleSheaf,false,5,4,epoch-50,0,1,saliency,0.09372213305415031
questions,BundleSheaf,false,5,4,epoch-50,1,1,saliency,0.42101416687333604
questions,BundleSheaf,false,5,4,epoch-50,2,1,saliency,0.8427510442628859
questions,BundleSheaf,false,5,4,epoch-50,3,1,saliency,0.86936594327789
questions,BundleSheaf,false,5,4,epoch-50,4,1,saliency,0.8975579424885944
questions,BundleSheaf,false,5,4,epoch-50,0,1,cohens_d_train,0.084872216
questions,BundleSheaf,false,5,4,epoch-50,1,1,cohens_d_train,0.123639256
questions,BundleSheaf,false,5,4,epoch-50,2,1,cohens_d_train,0.033784878
questions,BundleSheaf,false,5,4,epoch-50,3,1,cohens_d_train,0.037163474
questions,BundleSheaf,false,5,4,epoch-50,4,1,cohens_d_train,0.0019726332
questions,BundleSheaf,false,5,4,epoch-50,0,1,cohens_d_test,0.15913226
questions,BundleSheaf,false,5,4,epoch-50,1,1,cohens_d_test,0.31737384
questions,BundleSheaf,false,5,4,epoch-50,2,1,cohens_d_test,0.21360998
questions,BundleSheaf,false,5,4,epoch-50,3,1,cohens_d_test,0.2597728
questions,BundleSheaf,false,5,4,epoch-50,4,1,cohens_d_test,0.1600056
questions,BundleSheaf,false,5,4,epoch-50,0,2,degree,0.13938723672934059
questions,BundleSheaf,false,5,4,epoch-50,1,2,degree,0.7760068483705905
questions,BundleSheaf,false,5,4,epoch-50,2,2,degree,0.5483569538706796
questions,BundleSheaf,false,5,4,epoch-50,3,2,degree,0.4885725887023174
questions,BundleSheaf,false,5,4,epoch-50,4,2,degree,0.4980673605568124
questions,BundleSheaf,false,5,4,epoch-50,0,2,betweenness,0.1383686562122482
questions,BundleSheaf,false,5,4,epoch-50,1,2,betweenness,0.7414685305334625
questions,BundleSheaf,false,5,4,epoch-50,2,2,betweenness,0.49699660079646835
questions,BundleSheaf,false,5,4,epoch-50,3,2,betweenness,0.43856675234479325
questions,BundleSheaf,false,5,4,epoch-50,4,2,betweenness,0.44834057812766104
questions,BundleSheaf,false,5,4,epoch-50,0,2,confidence,0.009264373960899127
questions,BundleSheaf,false,5,4,epoch-50,1,2,confidence,0.07428962162405647
questions,BundleSheaf,false,5,4,epoch-50,2,2,confidence,0.22667867040263112
questions,BundleSheaf,false,5,4,epoch-50,3,2,confidence,0.24001811537889403
questions,BundleSheaf,false,5,4,epoch-50,4,2,confidence,0.24220452261994413
questions,BundleSheaf,false,5,4,epoch-50,0,2,saliency,0.06366301454861481
questions,BundleSheaf,false,5,4,epoch-50,1,2,saliency,0.3877689392493767
questions,BundleSheaf,false,5,4,epoch-50,2,2,saliency,0.9009580452616373
questions,BundleSheaf,false,5,4,epoch-50,3,2,saliency,0.9179510487320698
questions,BundleSheaf,false,5,4,epoch-50,4,2,saliency,0.9345347260997372
questions,BundleSheaf,false,5,4,epoch-50,0,2,cohens_d_train,0.23900342
questions,BundleSheaf,false,5,4,epoch-50,1,2,cohens_d_train,0.56187046
questions,BundleSheaf,false,5,4,epoch-50,2,2,cohens_d_train,0.22090635
questions,BundleSheaf,false,5,4,epoch-50,3,2,cohens_d_train,0.0816589
questions,BundleSheaf,false,5,4,epoch-50,4,2,cohens_d_train,0.032700066
questions,BundleSheaf,false,5,4,epoch-50,0,2,cohens_d_test,0.25357503
questions,BundleSheaf,false,5,4,epoch-50,1,2,cohens_d_test,0.770885
questions,BundleSheaf,false,5,4,epoch-50,2,2,cohens_d_test,0.51679814
questions,BundleSheaf,false,5,4,epoch-50,3,2,cohens_d_test,0.32170582
questions,BundleSheaf,false,5,4,epoch-50,4,2,cohens_d_test,0.29858848
questions,BundleSheaf,false,5,4,epoch-50,0,3,degree,0.12695632377478056
questions,BundleSheaf,false,5,4,epoch-50,1,3,degree,0.7336772755268828
questions,BundleSheaf,false,5,4,epoch-50,2,3,degree,0.5457932862949153
questions,BundleSheaf,false,5,4,epoch-50,3,3,degree,0.4894855952598866
questions,BundleSheaf,false,5,4,epoch-50,4,3,degree,0.5005483994575208
questions,BundleSheaf,false,5,4,epoch-50,0,3,betweenness,0.12249396233353765
questions,BundleSheaf,false,5,4,epoch-50,1,3,betweenness,0.6980187930524462
questions,BundleSheaf,false,5,4,epoch-50,2,3,betweenness,0.49300683201346174
questions,BundleSheaf,false,5,4,epoch-50,3,3,betweenness,0.4391509127377867
questions,BundleSheaf,false,5,4,epoch-50,4,3,betweenness,0.4491987849813228
questions,BundleSheaf,false,5,4,epoch-50,0,3,confidence,0.01476782859368087
questions,BundleSheaf,false,5,4,epoch-50,1,3,confidence,0.09338677308987879
questions,BundleSheaf,false,5,4,epoch-50,2,3,confidence,0.27131915708003856
questions,BundleSheaf,false,5,4,epoch-50,3,3,confidence,0.28858580263766004
questions,BundleSheaf,false,5,4,epoch-50,4,3,confidence,0.29175028973349626
questions,BundleSheaf,false,5,4,epoch-50,0,3,saliency,0.07854071729422125
questions,BundleSheaf,false,5,4,epoch-50,1,3,saliency,0.4269777927629622
questions,BundleSheaf,false,5,4,epoch-50,2,3,saliency,0.8667843697620232
questions,BundleSheaf,false,5,4,epoch-50,3,3,saliency,0.8862731049205139
questions,BundleSheaf,false,5,4,epoch-50,4,3,saliency,0.891122230001963
questions,BundleSheaf,false,5,4,epoch-50,0,3,cohens_d_train,0.06143178
questions,BundleSheaf,false,5,4,epoch-50,1,3,cohens_d_train,0.09584495
questions,BundleSheaf,false,5,4,epoch-50,2,3,cohens_d_train,0.00543712
questions,BundleSheaf,false,5,4,epoch-50,3,3,cohens_d_train,0.019967001
questions,BundleSheaf,false,5,4,epoch-50,4,3,cohens_d_train,0.026843624
questions,BundleSheaf,false,5,4,epoch-50,0,3,cohens_d_test,0.09445184
questions,BundleSheaf,false,5,4,epoch-50,1,3,cohens_d_test,0.12730786
questions,BundleSheaf,false,5,4,epoch-50,2,3,cohens_d_test,0.030282611
questions,BundleSheaf,false,5,4,epoch-50,3,3,cohens_d_test,0.009639703
questions,BundleSheaf,false,5,4,epoch-50,4,3,cohens_d_test,0.017568959
questions,BundleSheaf,false,5,4,epoch-50,0,4,degree,0.13447845694156402
questions,BundleSheaf,false,5,4,epoch-50,1,4,degree,0.8026905321770027
questions,BundleSheaf,false,5,4,epoch-50,2,4,degree,0.5371404203901552
questions,BundleSheaf,false,5,4,epoch-50,3,4,degree,0.5013443878754023
questions,BundleSheaf,false,5,4,epoch-50,4,4,degree,0.5172350018193956
questions,BundleSheaf,false,5,4,epoch-50,0,4,betweenness,0.13104694251548205
questions,BundleSheaf,false,5,4,epoch-50,1,4,betweenness,0.7655797529961061
questions,BundleSheaf,false,5,4,epoch-50,2,4,betweenness,0.4859428174219944
questions,BundleSheaf,false,5,4,epoch-50,3,4,betweenness,0.45005746537528823
questions,BundleSheaf,false,5,4,epoch-50,4,4,betweenness,0.46652097465144426
questions,BundleSheaf,false,5,4,epoch-50,0,4,confidence,0.006006034332234517
questions,BundleSheaf,false,5,4,epoch-50,1,4,confidence,0.11630447259908562
questions,BundleSheaf,false,5,4,epoch-50,2,4,confidence,0.3175040969404325
questions,BundleSheaf,false,5,4,epoch-50,3,4,confidence,0.3379555347784677
questions,BundleSheaf,false,5,4,epoch-50,4,4,confidence,0.3408705818115781
questions,BundleSheaf,false,5,4,epoch-50,0,4,saliency,0.09250220502522244
questions,BundleSheaf,false,5,4,epoch-50,1,4,saliency,0.4646950414564584
questions,BundleSheaf,false,5,4,epoch-50,2,4,saliency,0.8589436107203811
questions,BundleSheaf,false,5,4,epoch-50,3,4,saliency,0.8805464529528414
questions,BundleSheaf,false,5,4,epoch-50,4,4,saliency,0.8845276212269187
questions,BundleSheaf,false,5,4,epoch-50,0,4,cohens_d_train,0.06581348
questions,BundleSheaf,false,5,4,epoch-50,1,4,cohens_d_train,0.0351999
questions,BundleSheaf,false,5,4,epoch-50,2,4,cohens_d_train,0.00803858
questions,BundleSheaf,false,5,4,epoch-50,3,4,cohens_d_train,0.013566692
questions,BundleSheaf,false,5,4,epoch-50,4,4,cohens_d_train,0.011837342
questions,BundleSheaf,false,5,4,epoch-50,0,4,cohens_d_test,0.059407208
questions,BundleSheaf,false,5,4,epoch-50,1,4,cohens_d_test,0.069166265
questions,BundleSheaf,false,5,4,epoch-50,2,4,cohens_d_test,0.029526953
questions,BundleSheaf,false,5,4,epoch-50,3,4,cohens_d_test,0.014411506
questions,BundleSheaf,false,5,4,epoch-50,4,4,cohens_d_test,0.0021160995
questions,BundleSheaf,false,5,4,epoch-50,0,5,degree,0.12539724212571426
questions,BundleSheaf,false,5,4,epoch-50,1,5,degree,0.7804063625184532
questions,BundleSheaf,false,5,4,epoch-50,2,5,degree,0.555828187045493
questions,BundleSheaf,false,5,4,epoch-50,3,5,degree,0.49202240461811764
questions,BundleSheaf,false,5,4,epoch-50,4,5,degree,0.4874880126656096
questions,BundleSheaf,false,5,4,epoch-50,0,5,betweenness,0.12391392882044738
questions,BundleSheaf,false,5,4,epoch-50,1,5,betweenness,0.745125213632944
questions,BundleSheaf,false,5,4,epoch-50,2,5,betweenness,0.5018700559538853
questions,BundleSheaf,false,5,4,epoch-50,3,5,betweenness,0.4420810100891787
questions,BundleSheaf,false,5,4,epoch-50,4,5,betweenness,0.43815754491245074
questions,BundleSheaf,false,5,4,epoch-50,0,5,confidence,0.006808742433293976
questions,BundleSheaf,false,5,4,epoch-50,1,5,confidence,0.10128693276378826
questions,BundleSheaf,false,5,4,epoch-50,2,5,confidence,0.2953663798527791
questions,BundleSheaf,false,5,4,epoch-50,3,5,confidence,0.3110714545510624
questions,BundleSheaf,false,5,4,epoch-50,4,5,confidence,0.31252286408689584
questions,BundleSheaf,false,5,4,epoch-50,0,5,saliency,0.06822544049346778
questions,BundleSheaf,false,5,4,epoch-50,1,5,saliency,0.410491907200076
questions,BundleSheaf,false,5,4,epoch-50,2,5,saliency,0.8957390604660667
questions,BundleSheaf,false,5,4,epoch-50,3,5,saliency,0.931096075629776
questions,BundleSheaf,false,5,4,epoch-50,4,5,saliency,0.9365844794619403
questions,BundleSheaf,false,5,4,epoch-50,0,5,cohens_d_train,0.1246903
questions,BundleSheaf,false,5,4,epoch-50,1,5,cohens_d_train,0.14712532
questions,BundleSheaf,false,5,4,epoch-50,2,5,cohens_d_train,0.05442061
questions,BundleSheaf,false,5,4,epoch-50,3,5,cohens_d_train,0.015900861
questions,BundleSheaf,false,5,4,epoch-50,4,5,cohens_d_train,0.0016957902
questions,BundleSheaf,false,5,4,epoch-50,0,5,cohens_d_test,0.13003469
questions,BundleSheaf,false,5,4,epoch-50,1,5,cohens_d_test,0.1469824
questions,BundleSheaf,false,5,4,epoch-50,2,5,cohens_d_test,0.102566555
questions,BundleSheaf,false,5,4,epoch-50,3,5,cohens_d_test,0.08502222
questions,BundleSheaf,false,5,4,epoch-50,4,5,cohens_d_test,0.05636199
questions,BundleSheaf,false,5,4,epoch-50,0,6,degree,0.12982886377124764
questions,BundleSheaf,false,5,4,epoch-50,1,6,degree,0.7570196130732831
questions,BundleSheaf,false,5,4,epoch-50,2,6,degree,0.5600699392682128
questions,BundleSheaf,false,5,4,epoch-50,3,6,degree,0.48689888783370533
questions,BundleSheaf,false,5,4,epoch-50,4,6,degree,0.5154339491035695
questions,BundleSheaf,false,5,4,epoch-50,0,6,betweenness,0.12583887465261634
questions,BundleSheaf,false,5,4,epoch-50,1,6,betweenness,0.7197848604307536
questions,BundleSheaf,false,5,4,epoch-50,2,6,betweenness,0.5039442122503366
questions,BundleSheaf,false,5,4,epoch-50,3,6,betweenness,0.43757981059646345
questions,BundleSheaf,false,5,4,epoch-50,4,6,betweenness,0.4639655741093913
questions,BundleSheaf,false,5,4,epoch-50,0,6,confidence,0.012676422577724184
questions,BundleSheaf,false,5,4,epoch-50,1,6,confidence,0.08643206918509821
questions,BundleSheaf,false,5,4,epoch-50,2,6,confidence,0.2596361111457549
questions,BundleSheaf,false,5,4,epoch-50,3,6,confidence,0.2745455779529169
questions,BundleSheaf,false,5,4,epoch-50,4,6,confidence,0.2789093684869211
questions,BundleSheaf,false,5,4,epoch-50,0,6,saliency,0.1001103027959841
questions,BundleSheaf,false,5,4,epoch-50,1,6,saliency,0.4487125377080796
questions,BundleSheaf,false,5,4,epoch-50,2,6,saliency,0.8253070694375076
questions,BundleSheaf,false,5,4,epoch-50,3,6,saliency,0.8368487793948894
questions,BundleSheaf,false,5,4,epoch-50,4,6,saliency,0.8703509145576779
questions,BundleSheaf,false,5,4,epoch-50,0,6,cohens_d_train,0.044059232
questions,BundleSheaf,false,5,4,epoch-50,1,6,cohens_d_train,0.18520284
questions,BundleSheaf,false,5,4,epoch-50,2,6,cohens_d_train,0.116508424
questions,BundleSheaf,false,5,4,epoch-50,3,6,cohens_d_train,0.21157639
questions,BundleSheaf,false,5,4,epoch-50,4,6,cohens_d_train,0.0736453
questions,BundleSheaf,false,5,4,epoch-50,0,6,cohens_d_test,0.077069744
questions,BundleSheaf,false,5,4,epoch-50,1,6,cohens_d_test,0.30321208
questions,BundleSheaf,false,5,4,epoch-50,2,6,cohens_d_test,0.1555507
questions,BundleSheaf,false,5,4,epoch-50,3,6,cohens_d_test,0.3587
questions,BundleSheaf,false,5,4,epoch-50,4,6,cohens_d_test,0.069657184
questions,BundleSheaf,false,5,4,epoch-50,0,7,degree,0.13490034997301403
questions,BundleSheaf,false,5,4,epoch-50,1,7,degree,0.743124424823147
questions,BundleSheaf,false,5,4,epoch-50,2,7,degree,0.5481767396305692
questions,BundleSheaf,false,5,4,epoch-50,3,7,degree,0.4853102349296711
questions,BundleSheaf,false,5,4,epoch-50,4,7,degree,0.49635653228445104
questions,BundleSheaf,false,5,4,epoch-50,0,7,betweenness,0.13084826654912496
questions,BundleSheaf,false,5,4,epoch-50,1,7,betweenness,0.7103253240466336
questions,BundleSheaf,false,5,4,epoch-50,2,7,betweenness,0.4966835427748357
questions,BundleSheaf,false,5,4,epoch-50,3,7,betweenness,0.43455424606404675
questions,BundleSheaf,false,5,4,epoch-50,4,7,betweenness,0.44608416867861306
questions,BundleSheaf,false,5,4,epoch-50,0,7,confidence,0.021285772554506272
questions,BundleSheaf,false,5,4,epoch-50,1,7,confidence,0.10495109353612603
questions,BundleSheaf,false,5,4,epoch-50,2,7,confidence,0.29827546822154133
questions,BundleSheaf,false,5,4,epoch-50,3,7,confidence,0.3197297782955197
questions,BundleSheaf,false,5,4,epoch-50,4,7,confidence,0.3254791664957024
questions,BundleSheaf,false,5,4,epoch-50,0,7,saliency,0.07692676877274986
questions,BundleSheaf,false,5,4,epoch-50,1,7,saliency,0.396958819324364
questions,BundleSheaf,false,5,4,epoch-50,2,7,saliency,0.8608416677693415
questions,BundleSheaf,false,5,4,epoch-50,3,7,saliency,0.8948751141345311
questions,BundleSheaf,false,5,4,epoch-50,4,7,saliency,0.9046668737807465
questions,BundleSheaf,false,5,4,epoch-50,0,7,cohens_d_train,0.11602572
questions,BundleSheaf,false,5,4,epoch-50,1,7,cohens_d_train,0.24592248
questions,BundleSheaf,false,5,4,epoch-50,2,7,cohens_d_train,0.12850894
questions,BundleSheaf,false,5,4,epoch-50,3,7,cohens_d_train,0.07323123
questions,BundleSheaf,false,5,4,epoch-50,4,7,cohens_d_train,0.04230954
questions,BundleSheaf,false,5,4,epoch-50,0,7,cohens_d_test,0.12089052
questions,BundleSheaf,false,5,4,epoch-50,1,7,cohens_d_test,0.34031656
questions,BundleSheaf,false,5,4,epoch-50,2,7,cohens_d_test,0.21442664
questions,BundleSheaf,false,5,4,epoch-50,3,7,cohens_d_test,0.08125628
questions,BundleSheaf,false,5,4,epoch-50,4,7,cohens_d_test,0.029344056
questions,BundleSheaf,false,5,4,epoch-50,0,8,degree,0.12734555537401193
questions,BundleSheaf,false,5,4,epoch-50,1,8,degree,0.7763224432772787
questions,BundleSheaf,false,5,4,epoch-50,2,8,degree,0.5330126360743106
questions,BundleSheaf,false,5,4,epoch-50,3,8,degree,0.4576807059673281
questions,BundleSheaf,false,5,4,epoch-50,4,8,degree,0.5498638160071841
questions,BundleSheaf,false,5,4,epoch-50,0,8,betweenness,0.12364334474170292
questions,BundleSheaf,false,5,4,epoch-50,1,8,betweenness,0.7395503540527797
questions,BundleSheaf,false,5,4,epoch-50,2,8,betweenness,0.48100552632249777
questions,BundleSheaf,false,5,4,epoch-50,3,8,betweenness,0.4082954918432731
questions,BundleSheaf,false,5,4,epoch-50,4,8,betweenness,0.49698867837532074
questions,BundleSheaf,false,5,4,epoch-50,0,8,confidence,0.023088783526297393
questions,BundleSheaf,false,5,4,epoch-50,1,8,confidence,0.13014688622526444
questions,BundleSheaf,false,5,4,epoch-50,2,8,confidence,0.34082805925342874
questions,BundleSheaf,false,5,4,epoch-50,3,8,confidence,0.36064123853743074
questions,BundleSheaf,false,5,4,epoch-50,4,8,confidence,0.3710592232577799
questions,BundleSheaf,false,5,4,epoch-50,0,8,saliency,0.09085388324634816
questions,BundleSheaf,false,5,4,epoch-50,1,8,saliency,0.44175093601143267
questions,BundleSheaf,false,5,4,epoch-50,2,8,saliency,0.8065174844547144
questions,BundleSheaf,false,5,4,epoch-50,3,8,saliency,0.8135542301028241
questions,BundleSheaf,false,5,4,epoch-50,4,8,saliency,0.8081921256867364
questions,BundleSheaf,false,5,4,epoch-50,0,8,cohens_d_train,0.05067612
questions,BundleSheaf,false,5,4,epoch-50,1,8,cohens_d_train,0.19202124
questions,BundleSheaf,false,5,4,epoch-50,2,8,cohens_d_train,0.039690815
questions,BundleSheaf,false,5,4,epoch-50,3,8,cohens_d_train,0.02452522
questions,BundleSheaf,false,5,4,epoch-50,4,8,cohens_d_train,0.0013337352
questions,BundleSheaf,false,5,4,epoch-50,0,8,cohens_d_test,0.08613549
questions,BundleSheaf,false,5,4,epoch-50,1,8,cohens_d_test,0.33081776
questions,BundleSheaf,false,5,4,epoch-50,2,8,cohens_d_test,0.25823283
questions,BundleSheaf,false,5,4,epoch-50,3,8,cohens_d_test,0.17200604
questions,BundleSheaf,false,5,4,epoch-50,4,8,cohens_d_test,0.14223064
questions,BundleSheaf,false,5,4,epoch-50,0,9,degree,0.12295135526758298
questions,BundleSheaf,false,5,4,epoch-50,1,9,degree,0.7980283953839985
questions,BundleSheaf,false,5,4,epoch-50,2,9,degree,0.5406720708056938
questions,BundleSheaf,false,5,4,epoch-50,3,9,degree,0.4749361868401415
questions,BundleSheaf,false,5,4,epoch-50,4,9,degree,0.520342924313923
questions,BundleSheaf,false,5,4,epoch-50,0,9,betweenness,0.11881621268196026
questions,BundleSheaf,false,5,4,epoch-50,1,9,betweenness,0.761052830248958
questions,BundleSheaf,false,5,4,epoch-50,2,9,betweenness,0.4882778726691938
questions,BundleSheaf,false,5,4,epoch-50,3,9,betweenness,0.42383445291288063
questions,BundleSheaf,false,5,4,epoch-50,4,9,betweenness,0.4679086789201007
questions,BundleSheaf,false,5,4,epoch-50,0,9,confidence,0.010103481194665597
questions,BundleSheaf,false,5,4,epoch-50,1,9,confidence,0.07581768959361522
questions,BundleSheaf,false,5,4,epoch-50,2,9,confidence,0.21040617338267167
questions,BundleSheaf,false,5,4,epoch-50,3,9,confidence,0.22019536987555066
questions,BundleSheaf,false,5,4,epoch-50,4,9,confidence,0.2223562905823374
questions,BundleSheaf,false,5,4,epoch-50,0,9,saliency,0.09185950829295172
questions,BundleSheaf,false,5,4,epoch-50,1,9,saliency,0.4257069003801637
questions,BundleSheaf,false,5,4,epoch-50,2,9,saliency,0.8854147817275301
questions,BundleSheaf,false,5,4,epoch-50,3,9,saliency,0.9009553585676793
questions,BundleSheaf,false,5,4,epoch-50,4,9,saliency,0.9106021297133954
questions,BundleSheaf,false,5,4,epoch-50,0,9,cohens_d_train,0.20165332
questions,BundleSheaf,false,5,4,epoch-50,1,9,cohens_d_train,0.38120934
questions,BundleSheaf,false,5,4,epoch-50,2,9,cohens_d_train,0.119375914
questions,BundleSheaf,false,5,4,epoch-50,3,9,cohens_d_train,0.09310938
questions,BundleSheaf,false,5,4,epoch-50,4,9,cohens_d_train,0.019267851
questions,BundleSheaf,false,5,4,epoch-50,0,9,cohens_d_test,0.21092063
questions,BundleSheaf,false,5,4,epoch-50,1,9,cohens_d_test,0.6023632
questions,BundleSheaf,false,5,4,epoch-50,2,9,cohens_d_test,0.43506306
questions,BundleSheaf,false,5,4,epoch-50,3,9,cohens_d_test,0.57090086
questions,BundleSheaf,false,5,4,epoch-50,4,9,cohens_d_test,0.4699434
questions,BundleSheaf,false,5,4,epoch-200,0,0,degree,0.11972809683165965
questions,BundleSheaf,false,5,4,epoch-200,1,0,degree,0.760477645929668
questions,BundleSheaf,false,5,4,epoch-200,2,0,degree,0.5465386315727563
questions,BundleSheaf,false,5,4,epoch-200,3,0,degree,0.4843811389111793
questions,BundleSheaf,false,5,4,epoch-200,4,0,degree,0.6061406162331529
questions,BundleSheaf,false,5,4,epoch-200,0,0,betweenness,0.1143152627171084
questions,BundleSheaf,false,5,4,epoch-200,1,0,betweenness,0.7220644801849432
questions,BundleSheaf,false,5,4,epoch-200,2,0,betweenness,0.4937899805789769
questions,BundleSheaf,false,5,4,epoch-200,3,0,betweenness,0.4326553495727797
questions,BundleSheaf,false,5,4,epoch-200,4,0,betweenness,0.5453725902518235
questions,BundleSheaf,false,5,4,epoch-200,0,0,confidence,0.03144976272977504
questions,BundleSheaf,false,5,4,epoch-200,1,0,confidence,0.16141464083526172
questions,BundleSheaf,false,5,4,epoch-200,2,0,confidence,0.386937008818339
questions,BundleSheaf,false,5,4,epoch-200,3,0,confidence,0.4136850648980284
questions,BundleSheaf,false,5,4,epoch-200,4,0,confidence,0.4400371541585195
questions,BundleSheaf,false,5,4,epoch-200,0,0,saliency,0.07286283246333682
questions,BundleSheaf,false,5,4,epoch-200,1,0,saliency,0.45260797176806855
questions,BundleSheaf,false,5,4,epoch-200,2,0,saliency,0.8429600308061715
questions,BundleSheaf,false,5,4,epoch-200,3,0,saliency,0.8492903618195264
questions,BundleSheaf,false,5,4,epoch-200,4,0,saliency,0.8437048657364146
questions,BundleSheaf,false,5,4,epoch-200,0,0,cohens_d_train,0.09879594
questions,BundleSheaf,false,5,4,epoch-200,1,0,cohens_d_train,0.2520311
questions,BundleSheaf,false,5,4,epoch-200,2,0,cohens_d_train,0.047909033
questions,BundleSheaf,false,5,4,epoch-200,3,0,cohens_d_train,0.10675148
questions,BundleSheaf,false,5,4,epoch-200,4,0,cohens_d_train,0.0018028152
questions,BundleSheaf,false,5,4,epoch-200,0,0,cohens_d_test,0.057932835
questions,BundleSheaf,false,5,4,epoch-200,1,0,cohens_d_test,0.31523108
questions,BundleSheaf,false,5,4,epoch-200,2,0,cohens_d_test,0.1733698
questions,BundleSheaf,false,5,4,epoch-200,3,0,cohens_d_test,0.23943351
questions,BundleSheaf,false,5,4,epoch-200,4,0,cohens_d_test,0.12858121
questions,BundleSheaf,false,5,4,epoch-200,0,1,degree,0.14471309667539636
questions,BundleSheaf,false,5,4,epoch-200,1,1,degree,0.7549940820032255
questions,BundleSheaf,false,5,4,epoch-200,2,1,degree,0.5408062317979357
questions,BundleSheaf,false,5,4,epoch-200,3,1,degree,0.4941097178708852
questions,BundleSheaf,false,5,4,epoch-200,4,1,degree,0.5508149845843558
questions,BundleSheaf,false,5,4,epoch-200,0,1,betweenness,0.1392676427153521
questions,BundleSheaf,false,5,4,epoch-200,1,1,betweenness,0.7196776117864722
questions,BundleSheaf,false,5,4,epoch-200,2,1,betweenness,0.48870452748698817
questions,BundleSheaf,false,5,4,epoch-200,3,1,betweenness,0.4433393764533173
questions,BundleSheaf,false,5,4,epoch-200,4,1,betweenness,0.49569533460352866
questions,BundleSheaf,false,5,4,epoch-200,0,1,confidence,0.022830726060646376
questions,BundleSheaf,false,5,4,epoch-200,1,1,confidence,0.12031849668378018
questions,BundleSheaf,false,5,4,epoch-200,2,1,confidence,0.3314749206337517
questions,BundleSheaf,false,5,4,epoch-200,3,1,confidence,0.36224399019231446
questions,BundleSheaf,false,5,4,epoch-200,4,1,confidence,0.37621115415649875
questions,BundleSheaf,false,5,4,epoch-200,0,1,saliency,0.07250271074355005
questions,BundleSheaf,false,5,4,epoch-200,1,1,saliency,0.41804489595019745
questions,BundleSheaf,false,5,4,epoch-200,2,1,saliency,0.8371992625188871
questions,BundleSheaf,false,5,4,epoch-200,3,1,saliency,0.8467660845853149
questions,BundleSheaf,false,5,4,epoch-200,4,1,saliency,0.8333739997700135
questions,BundleSheaf,false,5,4,epoch-200,0,1,cohens_d_train,0.036833778
questions,BundleSheaf,false,5,4,epoch-200,1,1,cohens_d_train,0.095889516
questions,BundleSheaf,false,5,4,epoch-200,2,1,cohens_d_train,0.02986344
questions,BundleSheaf,false,5,4,epoch-200,3,1,cohens_d_train,0.013727945
questions,BundleSheaf,false,5,4,epoch-200,4,1,cohens_d_train,0.004983589
questions,BundleSheaf,false,5,4,epoch-200,0,1,cohens_d_test,0.06590681
questions,BundleSheaf,false,5,4,epoch-200,1,1,cohens_d_test,0.17078334
questions,BundleSheaf,false,5,4,epoch-200,2,1,cohens_d_test,0.11784505
questions,BundleSheaf,false,5,4,epoch-200,3,1,cohens_d_test,0.1283515
questions,BundleSheaf,false,5,4,epoch-200,4,1,cohens_d_test,0.05095704
questions,BundleSheaf,false,5,4,epoch-200,0,2,degree,0.14377173062809184
questions,BundleSheaf,false,5,4,epoch-200,1,2,degree,0.7481550277160444
questions,BundleSheaf,false,5,4,epoch-200,2,2,degree,0.5536627394333057
questions,BundleSheaf,false,5,4,epoch-200,3,2,degree,0.4826162228321921
questions,BundleSheaf,false,5,4,epoch-200,4,2,degree,0.5173587183621002
questions,BundleSheaf,false,5,4,epoch-200,0,2,betweenness,0.14227538187833
questions,BundleSheaf,false,5,4,epoch-200,1,2,betweenness,0.7144563638023068
questions,BundleSheaf,false,5,4,epoch-200,2,2,betweenness,0.5019746339770964
questions,BundleSheaf,false,5,4,epoch-200,3,2,betweenness,0.4330106395909257
questions,BundleSheaf,false,5,4,epoch-200,4,2,betweenness,0.4654513062455218
questions,BundleSheaf,false,5,4,epoch-200,0,2,confidence,0.005914344173907457
questions,BundleSheaf,false,5,4,epoch-200,1,2,confidence,0.09819481988639837
questions,BundleSheaf,false,5,4,epoch-200,2,2,confidence,0.31936955009688267
questions,BundleSheaf,false,5,4,epoch-200,3,2,confidence,0.34380299115584995
questions,BundleSheaf,false,5,4,epoch-200,4,2,confidence,0.3480586312925622
questions,BundleSheaf,false,5,4,epoch-200,0,2,saliency,0.07278725478682377
questions,BundleSheaf,false,5,4,epoch-200,1,2,saliency,0.4019363480932281
questions,BundleSheaf,false,5,4,epoch-200,2,2,saliency,0.8653350344947314
questions,BundleSheaf,false,5,4,epoch-200,3,2,saliency,0.8825892571170552
questions,BundleSheaf,false,5,4,epoch-200,4,2,saliency,0.8912455810663863
questions,BundleSheaf,false,5,4,epoch-200,0,2,cohens_d_train,0.08678426
questions,BundleSheaf,false,5,4,epoch-200,1,2,cohens_d_train,0.24280287
questions,BundleSheaf,false,5,4,epoch-200,2,2,cohens_d_train,0.053561643
questions,BundleSheaf,false,5,4,epoch-200,3,2,cohens_d_train,0.04806423
questions,BundleSheaf,false,5,4,epoch-200,4,2,cohens_d_train,0.010135634
questions,BundleSheaf,false,5,4,epoch-200,0,2,cohens_d_test,0.115893215
questions,BundleSheaf,false,5,4,epoch-200,1,2,cohens_d_test,0.30556703
questions,BundleSheaf,false,5,4,epoch-200,2,2,cohens_d_test,0.098872684
questions,BundleSheaf,false,5,4,epoch-200,3,2,cohens_d_test,0.14166549
questions,BundleSheaf,false,5,4,epoch-200,4,2,cohens_d_test,0.11241689
questions,BundleSheaf,false,5,4,epoch-200,0,3,degree,0.13937540858863587
questions,BundleSheaf,false,5,4,epoch-200,1,3,degree,0.7528861188134773
questions,BundleSheaf,false,5,4,epoch-200,2,3,degree,0.5447106988681691
questions,BundleSheaf,false,5,4,epoch-200,3,3,degree,0.490774223101336
questions,BundleSheaf,false,5,4,epoch-200,4,3,degree,0.5025322283955744
questions,BundleSheaf,false,5,4,epoch-200,0,3,betweenness,0.13419814308862346
questions,BundleSheaf,false,5,4,epoch-200,1,3,betweenness,0.7171680784232488
questions,BundleSheaf,false,5,4,epoch-200,2,3,betweenness,0.4926721616945628
questions,BundleSheaf,false,5,4,epoch-200,3,3,betweenness,0.4397323814880958
questions,BundleSheaf,false,5,4,epoch-200,4,3,betweenness,0.45157491479959505
questions,BundleSheaf,false,5,4,epoch-200,0,3,confidence,0.025802197233394712
questions,BundleSheaf,false,5,4,epoch-200,1,3,confidence,0.12042572313057316
questions,BundleSheaf,false,5,4,epoch-200,2,3,confidence,0.33310862525156715
questions,BundleSheaf,false,5,4,epoch-200,3,3,confidence,0.3580345103184958
questions,BundleSheaf,false,5,4,epoch-200,4,3,confidence,0.36482231707206314
questions,BundleSheaf,false,5,4,epoch-200,0,3,saliency,0.07572470771574125
questions,BundleSheaf,false,5,4,epoch-200,1,3,saliency,0.42032436498543074
questions,BundleSheaf,false,5,4,epoch-200,2,3,saliency,0.8514371408350335
questions,BundleSheaf,false,5,4,epoch-200,3,3,saliency,0.888688177991793
questions,BundleSheaf,false,5,4,epoch-200,4,3,saliency,0.8989872458218295
questions,BundleSheaf,false,5,4,epoch-200,0,3,cohens_d_train,0.10683416
questions,BundleSheaf,false,5,4,epoch-200,1,3,cohens_d_train,0.42568302
questions,BundleSheaf,false,5,4,epoch-200,2,3,cohens_d_train,0.1955125
questions,BundleSheaf,false,5,4,epoch-200,3,3,cohens_d_train,0.12803513
questions,BundleSheaf,false,5,4,epoch-200,4,3,cohens_d_train,0.07862663
questions,BundleSheaf,false,5,4,epoch-200,0,3,cohens_d_test,0.08766689
questions,BundleSheaf,false,5,4,epoch-200,1,3,cohens_d_test,0.5563987
questions,BundleSheaf,false,5,4,epoch-200,2,3,cohens_d_test,0.35827225
questions,BundleSheaf,false,5,4,epoch-200,3,3,cohens_d_test,0.28074735
questions,BundleSheaf,false,5,4,epoch-200,4,3,cohens_d_test,0.2949988
questions,BundleSheaf,false,5,4,epoch-200,0,4,degree,0.13395932517007716
questions,BundleSheaf,false,5,4,epoch-200,1,4,degree,0.788482108532628
questions,BundleSheaf,false,5,4,epoch-200,2,4,degree,0.5344026349543004
questions,BundleSheaf,false,5,4,epoch-200,3,4,degree,0.4921983239019255
questions,BundleSheaf,false,5,4,epoch-200,4,4,degree,0.5449329032544857
questions,BundleSheaf,false,5,4,epoch-200,0,4,betweenness,0.13073923437229648
questions,BundleSheaf,false,5,4,epoch-200,1,4,betweenness,0.7506846344109384
questions,BundleSheaf,false,5,4,epoch-200,2,4,betweenness,0.48349715094002826
questions,BundleSheaf,false,5,4,epoch-200,3,4,betweenness,0.4414966445556743
questions,BundleSheaf,false,5,4,epoch-200,4,4,betweenness,0.4910806713932052
questions,BundleSheaf,false,5,4,epoch-200,0,4,confidence,0.022884994546890317
questions,BundleSheaf,false,5,4,epoch-200,1,4,confidence,0.18252455151924346
questions,BundleSheaf,false,5,4,epoch-200,2,4,confidence,0.4475969747404372
questions,BundleSheaf,false,5,4,epoch-200,3,4,confidence,0.4737669236615449
questions,BundleSheaf,false,5,4,epoch-200,4,4,confidence,0.48075982300852144
questions,BundleSheaf,false,5,4,epoch-200,0,4,saliency,0.08450814945752468
questions,BundleSheaf,false,5,4,epoch-200,1,4,saliency,0.4546293911035699
questions,BundleSheaf,false,5,4,epoch-200,2,4,saliency,0.8536454443017456
questions,BundleSheaf,false,5,4,epoch-200,3,4,saliency,0.8727744005677172
questions,BundleSheaf,false,5,4,epoch-200,4,4,saliency,0.8678684752354318
questions,BundleSheaf,false,5,4,epoch-200,0,4,cohens_d_train,0.07900719
questions,BundleSheaf,false,5,4,epoch-200,1,4,cohens_d_train,0.036037568
questions,BundleSheaf,false,5,4,epoch-200,2,4,cohens_d_train,0.0073277415
questions,BundleSheaf,false,5,4,epoch-200,3,4,cohens_d_train,0.016506273
questions,BundleSheaf,false,5,4,epoch-200,4,4,cohens_d_train,0.008705677
questions,BundleSheaf,false,5,4,epoch-200,0,4,cohens_d_test,0.050216146
questions,BundleSheaf,false,5,4,epoch-200,1,4,cohens_d_test,0.09207946
questions,BundleSheaf,false,5,4,epoch-200,2,4,cohens_d_test,0.030170694
questions,BundleSheaf,false,5,4,epoch-200,3,4,cohens_d_test,0.0023936054
questions,BundleSheaf,false,5,4,epoch-200,4,4,cohens_d_test,0.01081686
questions,BundleSheaf,false,5,4,epoch-200,0,5,degree,0.13472616231072862
questions,BundleSheaf,false,5,4,epoch-200,1,5,degree,0.7742918609153165
questions,BundleSheaf,false,5,4,epoch-200,2,5,degree,0.5354099380358722
questions,BundleSheaf,false,5,4,epoch-200,3,5,degree,0.5114189441223168
questions,BundleSheaf,false,5,4,epoch-200,4,5,degree,0.4871032012635711
questions,BundleSheaf,false,5,4,epoch-200,0,5,betweenness,0.13319975760080188
questions,BundleSheaf,false,5,4,epoch-200,1,5,betweenness,0.7386499445685077
questions,BundleSheaf,false,5,4,epoch-200,2,5,betweenness,0.4817204973414345
questions,BundleSheaf,false,5,4,epoch-200,3,5,betweenness,0.46046685213158617
questions,BundleSheaf,false,5,4,epoch-200,4,5,betweenness,0.43854359740473153
questions,BundleSheaf,false,5,4,epoch-200,0,5,confidence,0.018180487903853848
questions,BundleSheaf,false,5,4,epoch-200,1,5,confidence,0.12733231975015136
questions,BundleSheaf,false,5,4,epoch-200,2,5,confidence,0.36840901298143064
questions,BundleSheaf,false,5,4,epoch-200,3,5,confidence,0.38764806559588466
questions,BundleSheaf,false,5,4,epoch-200,4,5,confidence,0.3959102694352758
questions,BundleSheaf,false,5,4,epoch-200,0,5,saliency,0.07695543216668423
questions,BundleSheaf,false,5,4,epoch-200,1,5,saliency,0.41931595404128685
questions,BundleSheaf,false,5,4,epoch-200,2,5,saliency,0.8820060660883038
questions,BundleSheaf,false,5,4,epoch-200,3,5,saliency,0.9017357905543784
questions,BundleSheaf,false,5,4,epoch-200,4,5,saliency,0.9030063974710012
questions,BundleSheaf,false,5,4,epoch-200,0,5,cohens_d_train,0.19740981
questions,BundleSheaf,false,5,4,epoch-200,1,5,cohens_d_train,0.37201267
questions,BundleSheaf,false,5,4,epoch-200,2,5,cohens_d_train,0.10100671
questions,BundleSheaf,false,5,4,epoch-200,3,5,cohens_d_train,0.011649051
questions,BundleSheaf,false,5,4,epoch-200,4,5,cohens_d_train,0.001340136
questions,BundleSheaf,false,5,4,epoch-200,0,5,cohens_d_test,0.17753495
questions,BundleSheaf,false,5,4,epoch-200,1,5,cohens_d_test,0.6735378
questions,BundleSheaf,false,5,4,epoch-200,2,5,cohens_d_test,0.47809863
questions,BundleSheaf,false,5,4,epoch-200,3,5,cohens_d_test,0.3299136
questions,BundleSheaf,false,5,4,epoch-200,4,5,cohens_d_test,0.2717716
questions,BundleSheaf,false,5,4,epoch-200,0,6,degree,0.12692140545792965
questions,BundleSheaf,false,5,4,epoch-200,1,6,degree,0.7506362680096944
questions,BundleSheaf,false,5,4,epoch-200,2,6,degree,0.5445894857002435
questions,BundleSheaf,false,5,4,epoch-200,3,6,degree,0.4806774833971506
questions,BundleSheaf,false,5,4,epoch-200,4,6,degree,0.5418121927520224
questions,BundleSheaf,false,5,4,epoch-200,0,6,betweenness,0.12339987683456316
questions,BundleSheaf,false,5,4,epoch-200,1,6,betweenness,0.7137826682208769
questions,BundleSheaf,false,5,4,epoch-200,2,6,betweenness,0.49059621843977747
questions,BundleSheaf,false,5,4,epoch-200,3,6,betweenness,0.43030864960169757
questions,BundleSheaf,false,5,4,epoch-200,4,6,betweenness,0.48859166534878934
questions,BundleSheaf,false,5,4,epoch-200,0,6,confidence,0.02076254606824253
questions,BundleSheaf,false,5,4,epoch-200,1,6,confidence,0.12993323282015723
questions,BundleSheaf,false,5,4,epoch-200,2,6,confidence,0.3520181567806456
questions,BundleSheaf,false,5,4,epoch-200,3,6,confidence,0.3755765347249443
questions,BundleSheaf,false,5,4,epoch-200,4,6,confidence,0.3836261641035276
questions,BundleSheaf,false,5,4,epoch-200,0,6,saliency,0.07599639220584825
questions,BundleSheaf,false,5,4,epoch-200,1,6,saliency,0.4142436642624193
questions,BundleSheaf,false,5,4,epoch-200,2,6,saliency,0.8264258055746067
questions,BundleSheaf,false,5,4,epoch-200,3,6,saliency,0.8357385967113261
questions,BundleSheaf,false,5,4,epoch-200,4,6,saliency,0.814435376729363
questions,BundleSheaf,false,5,4,epoch-200,0,6,cohens_d_train,0.086181134
questions,BundleSheaf,false,5,4,epoch-200,1,6,cohens_d_train,0.38999447
questions,BundleSheaf,false,5,4,epoch-200,2,6,cohens_d_train,0.15801953
questions,BundleSheaf,false,5,4,epoch-200,3,6,cohens_d_train,0.17897418
questions,BundleSheaf,false,5,4,epoch-200,4,6,cohens_d_train,0.029510148
questions,BundleSheaf,false,5,4,epoch-200,0,6,cohens_d_test,0.12467838
questions,BundleSheaf,false,5,4,epoch-200,1,6,cohens_d_test,0.52822894
questions,BundleSheaf,false,5,4,epoch-200,2,6,cohens_d_test,0.2511341
questions,BundleSheaf,false,5,4,epoch-200,3,6,cohens_d_test,0.35601458
questions,BundleSheaf,false,5,4,epoch-200,4,6,cohens_d_test,0.11104013
questions,BundleSheaf,false,5,4,epoch-200,0,7,degree,0.13514310938069155
questions,BundleSheaf,false,5,4,epoch-200,1,7,degree,0.7403512696296429
questions,BundleSheaf,false,5,4,epoch-200,2,7,degree,0.5574579198385041
questions,BundleSheaf,false,5,4,epoch-200,3,7,degree,0.5043863835662521
questions,BundleSheaf,false,5,4,epoch-200,4,7,degree,0.4856868719196325
questions,BundleSheaf,false,5,4,epoch-200,0,7,betweenness,0.1314530066633212
questions,BundleSheaf,false,5,4,epoch-200,1,7,betweenness,0.7085228870473412
questions,BundleSheaf,false,5,4,epoch-200,2,7,betweenness,0.5049239718811729
questions,BundleSheaf,false,5,4,epoch-200,3,7,betweenness,0.452577233031315
questions,BundleSheaf,false,5,4,epoch-200,4,7,betweenness,0.43608744500622365
questions,BundleSheaf,false,5,4,epoch-200,0,7,confidence,0.018997132976053793
questions,BundleSheaf,false,5,4,epoch-200,1,7,confidence,0.12986206898111527
questions,BundleSheaf,false,5,4,epoch-200,2,7,confidence,0.3805506316657424
questions,BundleSheaf,false,5,4,epoch-200,3,7,confidence,0.4102703256548447
questions,BundleSheaf,false,5,4,epoch-200,4,7,confidence,0.4231541199804218
questions,BundleSheaf,false,5,4,epoch-200,0,7,saliency,0.07140257652932387
questions,BundleSheaf,false,5,4,epoch-200,1,7,saliency,0.40239868614087354
questions,BundleSheaf,false,5,4,epoch-200,2,7,saliency,0.866410173686442
questions,BundleSheaf,false,5,4,epoch-200,3,7,saliency,0.889602271491312
questions,BundleSheaf,false,5,4,epoch-200,4,7,saliency,0.8913452803125129
questions,BundleSheaf,false,5,4,epoch-200,0,7,cohens_d_train,0.2333081
questions,BundleSheaf,false,5,4,epoch-200,1,7,cohens_d_train,0.5597393
questions,BundleSheaf,false,5,4,epoch-200,2,7,cohens_d_train,0.31298932
questions,BundleSheaf,false,5,4,epoch-200,3,7,cohens_d_train,0.1794816
questions,BundleSheaf,false,5,4,epoch-200,4,7,cohens_d_train,0.15937005
questions,BundleSheaf,false,5,4,epoch-200,0,7,cohens_d_test,0.29514223
questions,BundleSheaf,false,5,4,epoch-200,1,7,cohens_d_test,0.6430404
questions,BundleSheaf,false,5,4,epoch-200,2,7,cohens_d_test,0.49202856
questions,BundleSheaf,false,5,4,epoch-200,3,7,cohens_d_test,0.41503724
questions,BundleSheaf,false,5,4,epoch-200,4,7,cohens_d_test,0.30971587
questions,BundleSheaf,false,5,4,epoch-200,0,8,degree,0.13089707493036318
questions,BundleSheaf,false,5,4,epoch-200,1,8,degree,0.8232127174484448
questions,BundleSheaf,false,5,4,epoch-200,2,8,degree,0.5771475175253327
questions,BundleSheaf,false,5,4,epoch-200,3,8,degree,0.43888210555994367
questions,BundleSheaf,false,5,4,epoch-200,4,8,degree,0.6235970222604084
questions,BundleSheaf,false,5,4,epoch-200,0,8,betweenness,0.1278007623560486
questions,BundleSheaf,false,5,4,epoch-200,1,8,betweenness,0.784939498400336
questions,BundleSheaf,false,5,4,epoch-200,2,8,betweenness,0.5190874643153376
questions,BundleSheaf,false,5,4,epoch-200,3,8,betweenness,0.39190803636696775
questions,BundleSheaf,false,5,4,epoch-200,4,8,betweenness,0.5630386227697524
questions,BundleSheaf,false,5,4,epoch-200,0,8,confidence,0.022789490567838706
questions,BundleSheaf,false,5,4,epoch-200,1,8,confidence,0.17172644510723262
questions,BundleSheaf,false,5,4,epoch-200,2,8,confidence,0.41446495713140336
questions,BundleSheaf,false,5,4,epoch-200,3,8,confidence,0.4128598296059123
questions,BundleSheaf,false,5,4,epoch-200,4,8,confidence,0.4514797122227031
questions,BundleSheaf,false,5,4,epoch-200,0,8,saliency,0.09560184668418291
questions,BundleSheaf,false,5,4,epoch-200,1,8,saliency,0.44624300544408924
questions,BundleSheaf,false,5,4,epoch-200,2,8,saliency,0.8362227152676701
questions,BundleSheaf,false,5,4,epoch-200,3,8,saliency,0.7844845062137716
questions,BundleSheaf,false,5,4,epoch-200,4,8,saliency,0.7458501235284226
questions,BundleSheaf,false,5,4,epoch-200,0,8,cohens_d_train,0.0976729
questions,BundleSheaf,false,5,4,epoch-200,1,8,cohens_d_train,0.26201692
questions,BundleSheaf,false,5,4,epoch-200,2,8,cohens_d_train,0.08159018
questions,BundleSheaf,false,5,4,epoch-200,3,8,cohens_d_train,0.26063657
questions,BundleSheaf,false,5,4,epoch-200,4,8,cohens_d_train,0.23532827
questions,BundleSheaf,false,5,4,epoch-200,0,8,cohens_d_test,0.06700757
questions,BundleSheaf,false,5,4,epoch-200,1,8,cohens_d_test,0.45251325
questions,BundleSheaf,false,5,4,epoch-200,2,8,cohens_d_test,0.38203228
questions,BundleSheaf,false,5,4,epoch-200,3,8,cohens_d_test,0.3389648
questions,BundleSheaf,false,5,4,epoch-200,4,8,cohens_d_test,0.43097416
questions,BundleSheaf,false,5,4,epoch-200,0,9,degree,0.12203096618515633
questions,BundleSheaf,false,5,4,epoch-200,1,9,degree,0.7957894967953928
questions,BundleSheaf,false,5,4,epoch-200,2,9,degree,0.55826120436344
questions,BundleSheaf,false,5,4,epoch-200,3,9,degree,0.4258526572160167
questions,BundleSheaf,false,5,4,epoch-200,4,9,degree,0.615366345958077
questions,BundleSheaf,false,5,4,epoch-200,0,9,betweenness,0.11823150907924493
questions,BundleSheaf,false,5,4,epoch-200,1,9,betweenness,0.7580408606257366
questions,BundleSheaf,false,5,4,epoch-200,2,9,betweenness,0.5044300022587896
questions,BundleSheaf,false,5,4,epoch-200,3,9,betweenness,0.37991802346026515
questions,BundleSheaf,false,5,4,epoch-200,4,9,betweenness,0.5558560176599635
questions,BundleSheaf,false,5,4,epoch-200,0,9,confidence,0.023449869142442053
questions,BundleSheaf,false,5,4,epoch-200,1,9,confidence,0.13093812950021408
questions,BundleSheaf,false,5,4,epoch-200,2,9,confidence,0.3080476500465374
questions,BundleSheaf,false,5,4,epoch-200,3,9,confidence,0.33026089115270973
questions,BundleSheaf,false,5,4,epoch-200,4,9,confidence,0.3493724655173425
questions,BundleSheaf,false,5,4,epoch-200,0,9,saliency,0.09241011898246104
questions,BundleSheaf,false,5,4,epoch-200,1,9,saliency,0.4623929140390384
questions,BundleSheaf,false,5,4,epoch-200,2,9,saliency,0.8435253679107314
questions,BundleSheaf,false,5,4,epoch-200,3,9,saliency,0.8054392376853696
questions,BundleSheaf,false,5,4,epoch-200,4,9,saliency,0.7089939958265442
questions,BundleSheaf,false,5,4,epoch-200,0,9,cohens_d_train,0.124161825
questions,BundleSheaf,false,5,4,epoch-200,1,9,cohens_d_train,0.28394005
questions,BundleSheaf,false,5,4,epoch-200,2,9,cohens_d_train,0.07215683
questions,BundleSheaf,false,5,4,epoch-200,3,9,cohens_d_train,0.24922036
questions,BundleSheaf,false,5,4,epoch-200,4,9,cohens_d_train,0.023859655
questions,BundleSheaf,false,5,4,epoch-200,0,9,cohens_d_test,0.15231718
questions,BundleSheaf,false,5,4,epoch-200,1,9,cohens_d_test,0.44361743
questions,BundleSheaf,false,5,4,epoch-200,2,9,cohens_d_test,0.2568504
questions,BundleSheaf,false,5,4,epoch-200,3,9,cohens_d_test,0.19332264
questions,BundleSheaf,false,5,4,epoch-200,4,9,cohens_d_test,0.37738168
questions,BundleSheaf,false,5,4,best-epoch,0,0,degree,0.11931223475372109
questions,BundleSheaf,false,5,4,best-epoch,1,0,degree,0.7593741795028119
questions,BundleSheaf,false,5,4,best-epoch,2,0,degree,0.547073476172358
questions,BundleSheaf,false,5,4,best-epoch,3,0,degree,0.48489090388112877
questions,BundleSheaf,false,5,4,best-epoch,4,0,degree,0.6144637037606313
questions,BundleSheaf,false,5,4,best-epoch,0,0,betweenness,0.11400336160456943
questions,BundleSheaf,false,5,4,best-epoch,1,0,betweenness,0.72103439060627
questions,BundleSheaf,false,5,4,best-epoch,2,0,betweenness,0.49430544481599725
questions,BundleSheaf,false,5,4,best-epoch,3,0,betweenness,0.43304390605838206
questions,BundleSheaf,false,5,4,best-epoch,4,0,betweenness,0.5536255032468014
questions,BundleSheaf,false,5,4,best-epoch,0,0,confidence,0.03805065826996063
questions,BundleSheaf,false,5,4,best-epoch,1,0,confidence,0.17300031026821205
questions,BundleSheaf,false,5,4,best-epoch,2,0,confidence,0.39450281429954764
questions,BundleSheaf,false,5,4,best-epoch,3,0,confidence,0.4230158235286187
questions,BundleSheaf,false,5,4,best-epoch,4,0,confidence,0.4612783064882638
questions,BundleSheaf,false,5,4,best-epoch,0,0,saliency,0.06690493568150911
questions,BundleSheaf,false,5,4,best-epoch,1,0,saliency,0.44553413072622233
questions,BundleSheaf,false,5,4,best-epoch,2,0,saliency,0.8253636356027727
questions,BundleSheaf,false,5,4,best-epoch,3,0,saliency,0.8360753299834149
questions,BundleSheaf,false,5,4,best-epoch,4,0,saliency,0.7919447360782317
questions,BundleSheaf,false,5,4,best-epoch,0,0,cohens_d_train,0.041907847
questions,BundleSheaf,false,5,4,best-epoch,1,0,cohens_d_train,0.11229622
questions,BundleSheaf,false,5,4,best-epoch,2,0,cohens_d_train,0.025054552
questions,BundleSheaf,false,5,4,best-epoch,3,0,cohens_d_train,0.18559003
questions,BundleSheaf,false,5,4,best-epoch,4,0,cohens_d_train,0.0035928597
questions,BundleSheaf,false,5,4,best-epoch,0,0,cohens_d_test,0.010038181
questions,BundleSheaf,false,5,4,best-epoch,1,0,cohens_d_test,0.17126022
questions,BundleSheaf,false,5,4,best-epoch,2,0,cohens_d_test,0.09510228
questions,BundleSheaf,false,5,4,best-epoch,3,0,cohens_d_test,0.5871483
questions,BundleSheaf,false,5,4,best-epoch,4,0,cohens_d_test,0.22285277
questions,BundleSheaf,false,5,4,best-epoch,0,1,degree,0.14433047292532905
questions,BundleSheaf,false,5,4,best-epoch,1,1,degree,0.7707740581393948
questions,BundleSheaf,false,5,4,best-epoch,2,1,degree,0.5435394593016125
questions,BundleSheaf,false,5,4,best-epoch,3,1,degree,0.4460508716059139
questions,BundleSheaf,false,5,4,best-epoch,4,1,degree,0.5714426281376691
questions,BundleSheaf,false,5,4,best-epoch,0,1,betweenness,0.13914313350087945
questions,BundleSheaf,false,5,4,best-epoch,1,1,betweenness,0.7345668075204692
questions,BundleSheaf,false,5,4,best-epoch,2,1,betweenness,0.49080942433924846
questions,BundleSheaf,false,5,4,best-epoch,3,1,betweenness,0.40223148755968885
questions,BundleSheaf,false,5,4,best-epoch,4,1,betweenness,0.5143266130962635
questions,BundleSheaf,false,5,4,best-epoch,0,1,confidence,0.03129220678249243
questions,BundleSheaf,false,5,4,best-epoch,1,1,confidence,0.18403378434739442
questions,BundleSheaf,false,5,4,best-epoch,2,1,confidence,0.4428463118841509
questions,BundleSheaf,false,5,4,best-epoch,3,1,confidence,0.4754764799964053
questions,BundleSheaf,false,5,4,best-epoch,4,1,confidence,0.5162111967712296
questions,BundleSheaf,false,5,4,best-epoch,0,1,saliency,0.08069947174010224
questions,BundleSheaf,false,5,4,best-epoch,1,1,saliency,0.4231861905045018
questions,BundleSheaf,false,5,4,best-epoch,2,1,saliency,0.839710839552048
questions,BundleSheaf,false,5,4,best-epoch,3,1,saliency,0.8178416281442183
questions,BundleSheaf,false,5,4,best-epoch,4,1,saliency,0.7661197599384598
questions,BundleSheaf,false,5,4,best-epoch,0,1,cohens_d_train,0.09052429
questions,BundleSheaf,false,5,4,best-epoch,1,1,cohens_d_train,0.2831505
questions,BundleSheaf,false,5,4,best-epoch,2,1,cohens_d_train,0.12701754
questions,BundleSheaf,false,5,4,best-epoch,3,1,cohens_d_train,0.054534126
questions,BundleSheaf,false,5,4,best-epoch,4,1,cohens_d_train,0.022688424
questions,BundleSheaf,false,5,4,best-epoch,0,1,cohens_d_test,0.19178095
questions,BundleSheaf,false,5,4,best-epoch,1,1,cohens_d_test,0.53427714
questions,BundleSheaf,false,5,4,best-epoch,2,1,cohens_d_test,0.41622186
questions,BundleSheaf,false,5,4,best-epoch,3,1,cohens_d_test,0.33415285
questions,BundleSheaf,false,5,4,best-epoch,4,1,cohens_d_test,0.15064506
questions,BundleSheaf,false,5,4,best-epoch,0,2,degree,0.14343568253811206
questions,BundleSheaf,false,5,4,best-epoch,1,2,degree,0.7476646414755044
questions,BundleSheaf,false,5,4,best-epoch,2,2,degree,0.5576021353780589
questions,BundleSheaf,false,5,4,best-epoch,3,2,degree,0.498672823501674
questions,BundleSheaf,false,5,4,best-epoch,4,2,degree,0.5184177667137903
questions,BundleSheaf,false,5,4,best-epoch,0,2,betweenness,0.14184129292290548
questions,BundleSheaf,false,5,4,best-epoch,1,2,betweenness,0.7136967077946127
questions,BundleSheaf,false,5,4,best-epoch,2,2,betweenness,0.5051508717681237
questions,BundleSheaf,false,5,4,best-epoch,3,2,betweenness,0.44694290751011406
questions,BundleSheaf,false,5,4,best-epoch,4,2,betweenness,0.4661665052643311
questions,BundleSheaf,false,5,4,best-epoch,0,2,confidence,0.02407230184902716
questions,BundleSheaf,false,5,4,best-epoch,1,2,confidence,0.17618901115910018
questions,BundleSheaf,false,5,4,best-epoch,2,2,confidence,0.49074452329569535
questions,BundleSheaf,false,5,4,best-epoch,3,2,confidence,0.5199624692598921
questions,BundleSheaf,false,5,4,best-epoch,4,2,confidence,0.5393887618885745
questions,BundleSheaf,false,5,4,best-epoch,0,2,saliency,0.07220888717104193
questions,BundleSheaf,false,5,4,best-epoch,1,2,saliency,0.40991408353632525
questions,BundleSheaf,false,5,4,best-epoch,2,2,saliency,0.8684375775330415
questions,BundleSheaf,false,5,4,best-epoch,3,2,saliency,0.8865538096638963
questions,BundleSheaf,false,5,4,best-epoch,4,2,saliency,0.8880523059800974
questions,BundleSheaf,false,5,4,best-epoch,0,2,cohens_d_train,0.07772796
questions,BundleSheaf,false,5,4,best-epoch,1,2,cohens_d_train,0.1223089
questions,BundleSheaf,false,5,4,best-epoch,2,2,cohens_d_train,0.07219603
questions,BundleSheaf,false,5,4,best-epoch,3,2,cohens_d_train,0.060643524
questions,BundleSheaf,false,5,4,best-epoch,4,2,cohens_d_train,0.05014723
questions,BundleSheaf,false,5,4,best-epoch,0,2,cohens_d_test,0.082741365
questions,BundleSheaf,false,5,4,best-epoch,1,2,cohens_d_test,0.23418926
questions,BundleSheaf,false,5,4,best-epoch,2,2,cohens_d_test,0.1474726
questions,BundleSheaf,false,5,4,best-epoch,3,2,cohens_d_test,0.12822738
questions,BundleSheaf,false,5,4,best-epoch,4,2,cohens_d_test,0.12717497
questions,BundleSheaf,false,5,4,best-epoch,0,3,degree,0.1215781896255099
questions,BundleSheaf,false,5,4,best-epoch,1,3,degree,0.7798257097442474
questions,BundleSheaf,false,5,4,best-epoch,2,3,degree,0.5592007322214044
questions,BundleSheaf,false,5,4,best-epoch,3,3,degree,0.5002803116903991
questions,BundleSheaf,false,5,4,best-epoch,4,3,degree,0.5099620163342828
questions,BundleSheaf,false,5,4,best-epoch,0,3,betweenness,0.11690746613068931
questions,BundleSheaf,false,5,4,best-epoch,1,3,betweenness,0.743263138352489
questions,BundleSheaf,false,5,4,best-epoch,2,3,betweenness,0.5044609912827193
questions,BundleSheaf,false,5,4,best-epoch,3,3,betweenness,0.44849085672001143
questions,BundleSheaf,false,5,4,best-epoch,4,3,betweenness,0.4588714217897287
questions,BundleSheaf,false,5,4,best-epoch,0,3,confidence,0.038236706009338324
questions,BundleSheaf,false,5,4,best-epoch,1,3,confidence,0.22291039313795402
questions,BundleSheaf,false,5,4,best-epoch,2,3,confidence,0.5415482720886979
questions,BundleSheaf,false,5,4,best-epoch,3,3,confidence,0.5802808603859655
questions,BundleSheaf,false,5,4,best-epoch,4,3,confidence,0.5997649480037118
questions,BundleSheaf,false,5,4,best-epoch,0,3,saliency,0.07636070280224068
questions,BundleSheaf,false,5,4,best-epoch,1,3,saliency,0.42864372815398505
questions,BundleSheaf,false,5,4,best-epoch,2,3,saliency,0.8466632114344709
questions,BundleSheaf,false,5,4,best-epoch,3,3,saliency,0.8711901404991479
questions,BundleSheaf,false,5,4,best-epoch,4,3,saliency,0.8413055888857458
questions,BundleSheaf,false,5,4,best-epoch,0,3,cohens_d_train,0.009018242
questions,BundleSheaf,false,5,4,best-epoch,1,3,cohens_d_train,0.21191113
questions,BundleSheaf,false,5,4,best-epoch,2,3,cohens_d_train,0.08092054
questions,BundleSheaf,false,5,4,best-epoch,3,3,cohens_d_train,0.03593422
questions,BundleSheaf,false,5,4,best-epoch,4,3,cohens_d_train,0.0610806
questions,BundleSheaf,false,5,4,best-epoch,0,3,cohens_d_test,0.044747967
questions,BundleSheaf,false,5,4,best-epoch,1,3,cohens_d_test,0.26863572
questions,BundleSheaf,false,5,4,best-epoch,2,3,cohens_d_test,0.15468264
questions,BundleSheaf,false,5,4,best-epoch,3,3,cohens_d_test,0.11580967
questions,BundleSheaf,false,5,4,best-epoch,4,3,cohens_d_test,0.14847234
questions,BundleSheaf,false,5,4,best-epoch,0,4,degree,0.13216822256742877
questions,BundleSheaf,false,5,4,best-epoch,1,4,degree,0.8068709918597468
questions,BundleSheaf,false,5,4,best-epoch,2,4,degree,0.5550492754639357
questions,BundleSheaf,false,5,4,best-epoch,3,4,degree,0.4589947744583956
questions,BundleSheaf,false,5,4,best-epoch,4,4,degree,0.5884816944146727
questions,BundleSheaf,false,5,4,best-epoch,0,4,betweenness,0.1291125760358254
questions,BundleSheaf,false,5,4,best-epoch,1,4,betweenness,0.7695574354897291
questions,BundleSheaf,false,5,4,best-epoch,2,4,betweenness,0.49881705244875674
questions,BundleSheaf,false,5,4,best-epoch,3,4,betweenness,0.41180105769212144
questions,BundleSheaf,false,5,4,best-epoch,4,4,betweenness,0.5305024584407506
questions,BundleSheaf,false,5,4,best-epoch,0,4,confidence,0.02681695897130531
questions,BundleSheaf,false,5,4,best-epoch,1,4,confidence,0.18412071611001338
questions,BundleSheaf,false,5,4,best-epoch,2,4,confidence,0.42613138741519924
questions,BundleSheaf,false,5,4,best-epoch,3,4,confidence,0.4636744798284827
questions,BundleSheaf,false,5,4,best-epoch,4,4,confidence,0.49325035974555564
questions,BundleSheaf,false,5,4,best-epoch,0,4,saliency,0.0877618216220385
questions,BundleSheaf,false,5,4,best-epoch,1,4,saliency,0.45927307081593227
questions,BundleSheaf,false,5,4,best-epoch,2,4,saliency,0.827217986651036
questions,BundleSheaf,false,5,4,best-epoch,3,4,saliency,0.7853979423403528
questions,BundleSheaf,false,5,4,best-epoch,4,4,saliency,0.7727193343339245
questions,BundleSheaf,false,5,4,best-epoch,0,4,cohens_d_train,0.12294557
questions,BundleSheaf,false,5,4,best-epoch,1,4,cohens_d_train,0.2165801
questions,BundleSheaf,false,5,4,best-epoch,2,4,cohens_d_train,0.030839603
questions,BundleSheaf,false,5,4,best-epoch,3,4,cohens_d_train,0.05657432
questions,BundleSheaf,false,5,4,best-epoch,4,4,cohens_d_train,0.020297024
questions,BundleSheaf,false,5,4,best-epoch,0,4,cohens_d_test,0.06575164
questions,BundleSheaf,false,5,4,best-epoch,1,4,cohens_d_test,0.29299825
questions,BundleSheaf,false,5,4,best-epoch,2,4,cohens_d_test,0.10485349
questions,BundleSheaf,false,5,4,best-epoch,3,4,cohens_d_test,0.013278387
questions,BundleSheaf,false,5,4,best-epoch,4,4,cohens_d_test,0.11160434
questions,BundleSheaf,false,5,4,best-epoch,0,5,degree,0.1355433023986817
questions,BundleSheaf,false,5,4,best-epoch,1,5,degree,0.7620272992756406
questions,BundleSheaf,false,5,4,best-epoch,2,5,degree,0.539371009439385
questions,BundleSheaf,false,5,4,best-epoch,3,5,degree,0.512561760721041
questions,BundleSheaf,false,5,4,best-epoch,4,5,degree,0.4478966791817381
questions,BundleSheaf,false,5,4,best-epoch,0,5,betweenness,0.13406768962776622
questions,BundleSheaf,false,5,4,best-epoch,1,5,betweenness,0.7266333404186861
questions,BundleSheaf,false,5,4,best-epoch,2,5,betweenness,0.4844194071463122
questions,BundleSheaf,false,5,4,best-epoch,3,5,betweenness,0.46127487516989046
questions,BundleSheaf,false,5,4,best-epoch,4,5,betweenness,0.4015523856775562
questions,BundleSheaf,false,5,4,best-epoch,0,5,confidence,0.019130846793167417
questions,BundleSheaf,false,5,4,best-epoch,1,5,confidence,0.1857200366449111
questions,BundleSheaf,false,5,4,best-epoch,2,5,confidence,0.5173589808861807
questions,BundleSheaf,false,5,4,best-epoch,3,5,confidence,0.5458266310607548
questions,BundleSheaf,false,5,4,best-epoch,4,5,confidence,0.5694528236761428
questions,BundleSheaf,false,5,4,best-epoch,0,5,saliency,0.0855734412230076
questions,BundleSheaf,false,5,4,best-epoch,1,5,saliency,0.4440430340502301
questions,BundleSheaf,false,5,4,best-epoch,2,5,saliency,0.8510839366644802
questions,BundleSheaf,false,5,4,best-epoch,3,5,saliency,0.8569899153282673
questions,BundleSheaf,false,5,4,best-epoch,4,5,saliency,0.8344125004656584
questions,BundleSheaf,false,5,4,best-epoch,0,5,cohens_d_train,0.21234345
questions,BundleSheaf,false,5,4,best-epoch,1,5,cohens_d_train,0.25444788
questions,BundleSheaf,false,5,4,best-epoch,2,5,cohens_d_train,0.09073778
questions,BundleSheaf,false,5,4,best-epoch,3,5,cohens_d_train,0.011131458
questions,BundleSheaf,false,5,4,best-epoch,4,5,cohens_d_train,0.0042979275
questions,BundleSheaf,false,5,4,best-epoch,0,5,cohens_d_test,0.19138192
questions,BundleSheaf,false,5,4,best-epoch,1,5,cohens_d_test,0.39483035
questions,BundleSheaf,false,5,4,best-epoch,2,5,cohens_d_test,0.2178571
questions,BundleSheaf,false,5,4,best-epoch,3,5,cohens_d_test,0.089568004
questions,BundleSheaf,false,5,4,best-epoch,4,5,cohens_d_test,0.07947715
questions,BundleSheaf,false,5,4,best-epoch,0,6,degree,0.12659946120732413
questions,BundleSheaf,false,5,4,best-epoch,1,6,degree,0.747812299117924
questions,BundleSheaf,false,5,4,best-epoch,2,6,degree,0.5423591683727877
questions,BundleSheaf,false,5,4,best-epoch,3,6,degree,0.45755128267519973
questions,BundleSheaf,false,5,4,best-epoch,4,6,degree,0.5260147479622691
questions,BundleSheaf,false,5,4,best-epoch,0,6,betweenness,0.12325582096592688
questions,BundleSheaf,false,5,4,best-epoch,1,6,betweenness,0.711364336571675
questions,BundleSheaf,false,5,4,best-epoch,2,6,betweenness,0.4894622064765409
questions,BundleSheaf,false,5,4,best-epoch,3,6,betweenness,0.41006586989445226
questions,BundleSheaf,false,5,4,best-epoch,4,6,betweenness,0.4728651429622446
questions,BundleSheaf,false,5,4,best-epoch,0,6,confidence,0.03034165061052475
questions,BundleSheaf,false,5,4,best-epoch,1,6,confidence,0.21416208263220643
questions,BundleSheaf,false,5,4,best-epoch,2,6,confidence,0.4898650168396724
questions,BundleSheaf,false,5,4,best-epoch,3,6,confidence,0.5271824530428251
questions,BundleSheaf,false,5,4,best-epoch,4,6,confidence,0.5753393784492142
questions,BundleSheaf,false,5,4,best-epoch,0,6,saliency,0.07108220994059196
questions,BundleSheaf,false,5,4,best-epoch,1,6,saliency,0.41421105151584037
questions,BundleSheaf,false,5,4,best-epoch,2,6,saliency,0.8280745855310716
questions,BundleSheaf,false,5,4,best-epoch,3,6,saliency,0.8382778973495608
questions,BundleSheaf,false,5,4,best-epoch,4,6,saliency,0.7842466483136119
questions,BundleSheaf,false,5,4,best-epoch,0,6,cohens_d_train,0.1161168
questions,BundleSheaf,false,5,4,best-epoch,1,6,cohens_d_train,0.22780873
questions,BundleSheaf,false,5,4,best-epoch,2,6,cohens_d_train,0.07021216
questions,BundleSheaf,false,5,4,best-epoch,3,6,cohens_d_train,0.02826477
questions,BundleSheaf,false,5,4,best-epoch,4,6,cohens_d_train,0.0048682876
questions,BundleSheaf,false,5,4,best-epoch,0,6,cohens_d_test,0.1617256
questions,BundleSheaf,false,5,4,best-epoch,1,6,cohens_d_test,0.25720268
questions,BundleSheaf,false,5,4,best-epoch,2,6,cohens_d_test,0.10108411
questions,BundleSheaf,false,5,4,best-epoch,3,6,cohens_d_test,0.052876387
questions,BundleSheaf,false,5,4,best-epoch,4,6,cohens_d_test,0.03128416
questions,BundleSheaf,false,5,4,best-epoch,0,7,degree,0.1357072367942646
questions,BundleSheaf,false,5,4,best-epoch,1,7,degree,0.7372611394699032
questions,BundleSheaf,false,5,4,best-epoch,2,7,degree,0.5544361039752878
questions,BundleSheaf,false,5,4,best-epoch,3,7,degree,0.5037348381194013
questions,BundleSheaf,false,5,4,best-epoch,4,7,degree,0.5072813521499738
questions,BundleSheaf,false,5,4,best-epoch,0,7,betweenness,0.13213339667487714
questions,BundleSheaf,false,5,4,best-epoch,1,7,betweenness,0.7053548596758963
questions,BundleSheaf,false,5,4,best-epoch,2,7,betweenness,0.5021934761321835
questions,BundleSheaf,false,5,4,best-epoch,3,7,betweenness,0.4515318290217892
questions,BundleSheaf,false,5,4,best-epoch,4,7,betweenness,0.455290220982898
questions,BundleSheaf,false,5,4,best-epoch,0,7,confidence,0.04196904273861858
questions,BundleSheaf,false,5,4,best-epoch,1,7,confidence,0.2130165640299095
questions,BundleSheaf,false,5,4,best-epoch,2,7,confidence,0.5136778291480323
questions,BundleSheaf,false,5,4,best-epoch,3,7,confidence,0.5440507650820869
questions,BundleSheaf,false,5,4,best-epoch,4,7,confidence,0.5963882033399378
questions,BundleSheaf,false,5,4,best-epoch,0,7,saliency,0.06949263510422336
questions,BundleSheaf,false,5,4,best-epoch,1,7,saliency,0.40022747773999456
questions,BundleSheaf,false,5,4,best-epoch,2,7,saliency,0.8523300646496531
questions,BundleSheaf,false,5,4,best-epoch,3,7,saliency,0.8870636121908247
questions,BundleSheaf,false,5,4,best-epoch,4,7,saliency,0.8981221307307293
questions,BundleSheaf,false,5,4,best-epoch,0,7,cohens_d_train,0.17626306
questions,BundleSheaf,false,5,4,best-epoch,1,7,cohens_d_train,0.27042964
questions,BundleSheaf,false,5,4,best-epoch,2,7,cohens_d_train,0.11988927
questions,BundleSheaf,false,5,4,best-epoch,3,7,cohens_d_train,0.091477655
questions,BundleSheaf,false,5,4,best-epoch,4,7,cohens_d_train,0.16504312
questions,BundleSheaf,false,5,4,best-epoch,0,7,cohens_d_test,0.21736845
questions,BundleSheaf,false,5,4,best-epoch,1,7,cohens_d_test,0.33739737
questions,BundleSheaf,false,5,4,best-epoch,2,7,cohens_d_test,0.19298379
questions,BundleSheaf,false,5,4,best-epoch,3,7,cohens_d_test,0.13901082
questions,BundleSheaf,false,5,4,best-epoch,4,7,cohens_d_test,0.065744236
questions,BundleSheaf,false,5,4,best-epoch,0,8,degree,0.13121307469594712
questions,BundleSheaf,false,5,4,best-epoch,1,8,degree,0.7737672275722799
questions,BundleSheaf,false,5,4,best-epoch,2,8,degree,0.5567125159402102
questions,BundleSheaf,false,5,4,best-epoch,3,8,degree,0.4693638748233514
questions,BundleSheaf,false,5,4,best-epoch,4,8,degree,0.6032244961299376
questions,BundleSheaf,false,5,4,best-epoch,0,8,betweenness,0.12801966528285427
questions,BundleSheaf,false,5,4,best-epoch,1,8,betweenness,0.7370790906107191
questions,BundleSheaf,false,5,4,best-epoch,2,8,betweenness,0.5017970620329957
questions,BundleSheaf,false,5,4,best-epoch,3,8,betweenness,0.4195540183500965
questions,BundleSheaf,false,5,4,best-epoch,4,8,betweenness,0.5432311908246987
questions,BundleSheaf,false,5,4,best-epoch,0,8,confidence,0.033625880734131336
questions,BundleSheaf,false,5,4,best-epoch,1,8,confidence,0.2795674330016462
questions,BundleSheaf,false,5,4,best-epoch,2,8,confidence,0.6531648318412856
questions,BundleSheaf,false,5,4,best-epoch,3,8,confidence,0.6803812987813079
questions,BundleSheaf,false,5,4,best-epoch,4,8,confidence,0.7085475715066458
questions,BundleSheaf,false,5,4,best-epoch,0,8,saliency,0.07888816236245924
questions,BundleSheaf,false,5,4,best-epoch,1,8,saliency,0.4424796371240403
questions,BundleSheaf,false,5,4,best-epoch,2,8,saliency,0.8285678942809553
questions,BundleSheaf,false,5,4,best-epoch,3,8,saliency,0.7720021313614388
questions,BundleSheaf,false,5,4,best-epoch,4,8,saliency,0.7539877681655807
questions,BundleSheaf,false,5,4,best-epoch,0,8,cohens_d_train,0.09317843
questions,BundleSheaf,false,5,4,best-epoch,1,8,cohens_d_train,0.04317993
questions,BundleSheaf,false,5,4,best-epoch,2,8,cohens_d_train,0.0034855073
questions,BundleSheaf,false,5,4,best-epoch,3,8,cohens_d_train,0.11920397
questions,BundleSheaf,false,5,4,best-epoch,4,8,cohens_d_train,0.0053444887
questions,BundleSheaf,false,5,4,best-epoch,0,8,cohens_d_test,0.0693591
questions,BundleSheaf,false,5,4,best-epoch,1,8,cohens_d_test,0.13254386
questions,BundleSheaf,false,5,4,best-epoch,2,8,cohens_d_test,0.11760201
questions,BundleSheaf,false,5,4,best-epoch,3,8,cohens_d_test,0.08041968
questions,BundleSheaf,false,5,4,best-epoch,4,8,cohens_d_test,0.07921881
questions,BundleSheaf,false,5,4,best-epoch,0,9,degree,0.120353007041299
questions,BundleSheaf,false,5,4,best-epoch,1,9,degree,0.7961944827233374
questions,BundleSheaf,false,5,4,best-epoch,2,9,degree,0.5612004606050283
questions,BundleSheaf,false,5,4,best-epoch,3,9,degree,0.4519195070747222
questions,BundleSheaf,false,5,4,best-epoch,4,9,degree,0.6552705068838968
questions,BundleSheaf,false,5,4,best-epoch,0,9,betweenness,0.1169376811770265
questions,BundleSheaf,false,5,4,best-epoch,1,9,betweenness,0.7594990035051397
questions,BundleSheaf,false,5,4,best-epoch,2,9,betweenness,0.5074941581683583
questions,BundleSheaf,false,5,4,best-epoch,3,9,betweenness,0.40349225992811427
questions,BundleSheaf,false,5,4,best-epoch,4,9,betweenness,0.5946823222906577
questions,BundleSheaf,false,5,4,best-epoch,0,9,confidence,0.028146561197143392
questions,BundleSheaf,false,5,4,best-epoch,1,9,confidence,0.17670111170590957
questions,BundleSheaf,false,5,4,best-epoch,2,9,confidence,0.4362838425142045
questions,BundleSheaf,false,5,4,best-epoch,3,9,confidence,0.45753651154269326
questions,BundleSheaf,false,5,4,best-epoch,4,9,confidence,0.46566912506926494
questions,BundleSheaf,false,5,4,best-epoch,0,9,saliency,0.08709916892969712
questions,BundleSheaf,false,5,4,best-epoch,1,9,saliency,0.4365112052768129
questions,BundleSheaf,false,5,4,best-epoch,2,9,saliency,0.8107118012735117
questions,BundleSheaf,false,5,4,best-epoch,3,9,saliency,0.7953978029280072
questions,BundleSheaf,false,5,4,best-epoch,4,9,saliency,0.701649656474978
questions,BundleSheaf,false,5,4,best-epoch,0,9,cohens_d_train,0.09791559
questions,BundleSheaf,false,5,4,best-epoch,1,9,cohens_d_train,0.19144309
questions,BundleSheaf,false,5,4,best-epoch,2,9,cohens_d_train,0.0332368
questions,BundleSheaf,false,5,4,best-epoch,3,9,cohens_d_train,0.066866644
questions,BundleSheaf,false,5,4,best-epoch,4,9,cohens_d_train,0.06179557
questions,BundleSheaf,false,5,4,best-epoch,0,9,cohens_d_test,0.11080304
questions,BundleSheaf,false,5,4,best-epoch,1,9,cohens_d_test,0.34767044
questions,BundleSheaf,false,5,4,best-epoch,2,9,cohens_d_test,0.24344456
questions,BundleSheaf,false,5,4,best-epoch,3,9,cohens_d_test,0.0030916482
questions,BundleSheaf,false,5,4,best-epoch,4,9,cohens_d_test,0.35619307
questions,BundleSheaf,false,5,4,last,0,0,degree,0.12944473044853702
questions,BundleSheaf,false,5,4,last,1,0,degree,0.7351457068331699
questions,BundleSheaf,false,5,4,last,2,0,degree,0.5468002351656165
questions,BundleSheaf,false,5,4,last,3,0,degree,0.47695279288702636
questions,BundleSheaf,false,5,4,last,4,0,degree,0.5874669306917917
questions,BundleSheaf,false,5,4,last,0,0,betweenness,0.12394945181276168
questions,BundleSheaf,false,5,4,last,1,0,betweenness,0.7004954022005723
questions,BundleSheaf,false,5,4,last,2,0,betweenness,0.49501273740854995
questions,BundleSheaf,false,5,4,last,3,0,betweenness,0.4259202498621022
questions,BundleSheaf,false,5,4,last,4,0,betweenness,0.5285577309196333
questions,BundleSheaf,false,5,4,last,0,0,confidence,0.023031277139514892
questions,BundleSheaf,false,5,4,last,1,0,confidence,0.14977144715825524
questions,BundleSheaf,false,5,4,last,2,0,confidence,0.39917560986346284
questions,BundleSheaf,false,5,4,last,3,0,confidence,0.4278939780096536
questions,BundleSheaf,false,5,4,last,4,0,confidence,0.4360961878390608
questions,BundleSheaf,false,5,4,last,0,0,saliency,0.06293286860883919
questions,BundleSheaf,false,5,4,last,1,0,saliency,0.39194465697358866
questions,BundleSheaf,false,5,4,last,2,0,saliency,0.8572753462389481
questions,BundleSheaf,false,5,4,last,3,0,saliency,0.864383401770531
questions,BundleSheaf,false,5,4,last,4,0,saliency,0.8231853961426663
questions,BundleSheaf,false,5,4,last,0,0,cohens_d_train,0.019869914
questions,BundleSheaf,false,5,4,last,1,0,cohens_d_train,0.11927236
questions,BundleSheaf,false,5,4,last,2,0,cohens_d_train,0.046159394
questions,BundleSheaf,false,5,4,last,3,0,cohens_d_train,0.027536
questions,BundleSheaf,false,5,4,last,4,0,cohens_d_train,0.0022591893
questions,BundleSheaf,false,5,4,last,0,0,cohens_d_test,0.017043654
questions,BundleSheaf,false,5,4,last,1,0,cohens_d_test,0.16680795
questions,BundleSheaf,false,5,4,last,2,0,cohens_d_test,0.07529504
questions,BundleSheaf,false,5,4,last,3,0,cohens_d_test,0.2538048
questions,BundleSheaf,false,5,4,last,4,0,cohens_d_test,0.36582142
questions,BundleSheaf,false,5,4,last,0,1,degree,0.14426430197357992
questions,BundleSheaf,false,5,4,last,1,1,degree,0.7691053311984661
questions,BundleSheaf,false,5,4,last,2,1,degree,0.542005996834293
questions,BundleSheaf,false,5,4,last,3,1,degree,0.4509678949732713
questions,BundleSheaf,false,5,4,last,4,1,degree,0.593131808948501
questions,BundleSheaf,false,5,4,last,0,1,betweenness,0.13915027181085965
questions,BundleSheaf,false,5,4,last,1,1,betweenness,0.7329083368398261
questions,BundleSheaf,false,5,4,last,2,1,betweenness,0.48960059059816713
questions,BundleSheaf,false,5,4,last,3,1,betweenness,0.4051185409802753
questions,BundleSheaf,false,5,4,last,4,1,betweenness,0.5326962602600258
questions,BundleSheaf,false,5,4,last,0,1,confidence,0.031525381690640994
questions,BundleSheaf,false,5,4,last,1,1,confidence,0.1621573250101081
questions,BundleSheaf,false,5,4,last,2,1,confidence,0.40301243628303113
questions,BundleSheaf,false,5,4,last,3,1,confidence,0.43603941803983187
questions,BundleSheaf,false,5,4,last,4,1,confidence,0.47552396854094403
questions,BundleSheaf,false,5,4,last,0,1,saliency,0.08714869102735544
questions,BundleSheaf,false,5,4,last,1,1,saliency,0.43317058676687537
questions,BundleSheaf,false,5,4,last,2,1,saliency,0.8161761476971676
questions,BundleSheaf,false,5,4,last,3,1,saliency,0.7971726495443028
questions,BundleSheaf,false,5,4,last,4,1,saliency,0.717338333868862
questions,BundleSheaf,false,5,4,last,0,1,cohens_d_train,0.074820474
questions,BundleSheaf,false,5,4,last,1,1,cohens_d_train,0.20304964
questions,BundleSheaf,false,5,4,last,2,1,cohens_d_train,0.052956775
questions,BundleSheaf,false,5,4,last,3,1,cohens_d_train,0.029319106
questions,BundleSheaf,false,5,4,last,4,1,cohens_d_train,0.005052479
questions,BundleSheaf,false,5,4,last,0,1,cohens_d_test,0.20963265
questions,BundleSheaf,false,5,4,last,1,1,cohens_d_test,0.44036683
questions,BundleSheaf,false,5,4,last,2,1,cohens_d_test,0.31243068
questions,BundleSheaf,false,5,4,last,3,1,cohens_d_test,0.21860616
questions,BundleSheaf,false,5,4,last,4,1,cohens_d_test,0.27259454
questions,BundleSheaf,false,5,4,last,0,2,degree,0.14317216025197071
questions,BundleSheaf,false,5,4,last,1,2,degree,0.747773739748836
questions,BundleSheaf,false,5,4,last,2,2,degree,0.5569186196569196
questions,BundleSheaf,false,5,4,last,3,2,degree,0.4903262436526193
questions,BundleSheaf,false,5,4,last,4,2,degree,0.5202268511451693
questions,BundleSheaf,false,5,4,last,0,2,betweenness,0.14158376918079413
questions,BundleSheaf,false,5,4,last,1,2,betweenness,0.7137980794520871
questions,BundleSheaf,false,5,4,last,2,2,betweenness,0.5047736472813827
questions,BundleSheaf,false,5,4,last,3,2,betweenness,0.43977618126785584
questions,BundleSheaf,false,5,4,last,4,2,betweenness,0.46802800928465865
questions,BundleSheaf,false,5,4,last,0,2,confidence,0.02138242748368514
questions,BundleSheaf,false,5,4,last,1,2,confidence,0.1536943240781332
questions,BundleSheaf,false,5,4,last,2,2,confidence,0.4270041963495312
questions,BundleSheaf,false,5,4,last,3,2,confidence,0.459239711125503
questions,BundleSheaf,false,5,4,last,4,2,confidence,0.47576781284024205
questions,BundleSheaf,false,5,4,last,0,2,saliency,0.06004847801834443
questions,BundleSheaf,false,5,4,last,1,2,saliency,0.38858302185696714
questions,BundleSheaf,false,5,4,last,2,2,saliency,0.8859534812783156
questions,BundleSheaf,false,5,4,last,3,2,saliency,0.9050201715042988
questions,BundleSheaf,false,5,4,last,4,2,saliency,0.9178312167193468
questions,BundleSheaf,false,5,4,last,0,2,cohens_d_train,0.14703357
questions,BundleSheaf,false,5,4,last,1,2,cohens_d_train,0.26303193
questions,BundleSheaf,false,5,4,last,2,2,cohens_d_train,0.09137389
questions,BundleSheaf,false,5,4,last,3,2,cohens_d_train,0.051025126
questions,BundleSheaf,false,5,4,last,4,2,cohens_d_train,0.010152279
questions,BundleSheaf,false,5,4,last,0,2,cohens_d_test,0.14985389
questions,BundleSheaf,false,5,4,last,1,2,cohens_d_test,0.37388805
questions,BundleSheaf,false,5,4,last,2,2,cohens_d_test,0.2354594
questions,BundleSheaf,false,5,4,last,3,2,cohens_d_test,0.25157058
questions,BundleSheaf,false,5,4,last,4,2,cohens_d_test,0.16964681
questions,BundleSheaf,false,5,4,last,0,3,degree,0.1215743446546219
questions,BundleSheaf,false,5,4,last,1,3,degree,0.7796420135040869
questions,BundleSheaf,false,5,4,last,2,3,degree,0.5595628314711886
questions,BundleSheaf,false,5,4,last,3,3,degree,0.5001788460593338
questions,BundleSheaf,false,5,4,last,4,3,degree,0.5093059729375109
questions,BundleSheaf,false,5,4,last,0,3,betweenness,0.11690444583810404
questions,BundleSheaf,false,5,4,last,1,3,betweenness,0.7430869972087203
questions,BundleSheaf,false,5,4,last,2,3,betweenness,0.5048338090097185
questions,BundleSheaf,false,5,4,last,3,3,betweenness,0.4484113177880478
questions,BundleSheaf,false,5,4,last,4,3,betweenness,0.45827706832877124
questions,BundleSheaf,false,5,4,last,0,3,confidence,0.033247073220651874
questions,BundleSheaf,false,5,4,last,1,3,confidence,0.18485716006427153
questions,BundleSheaf,false,5,4,last,2,3,confidence,0.4716778928359137
questions,BundleSheaf,false,5,4,last,3,3,confidence,0.507990437530142
questions,BundleSheaf,false,5,4,last,4,3,confidence,0.5143714065024838
questions,BundleSheaf,false,5,4,last,0,3,saliency,0.07629865867003839
questions,BundleSheaf,false,5,4,last,1,3,saliency,0.42203684916841266
questions,BundleSheaf,false,5,4,last,2,3,saliency,0.8762593129767939
questions,BundleSheaf,false,5,4,last,3,3,saliency,0.9109956291528101
questions,BundleSheaf,false,5,4,last,4,3,saliency,0.8959603765863283
questions,BundleSheaf,false,5,4,last,0,3,cohens_d_train,0.051942512
questions,BundleSheaf,false,5,4,last,1,3,cohens_d_train,0.35150546
questions,BundleSheaf,false,5,4,last,2,3,cohens_d_train,0.19265002
questions,BundleSheaf,false,5,4,last,3,3,cohens_d_train,0.09977806
questions,BundleSheaf,false,5,4,last,4,3,cohens_d_train,0.1415352
questions,BundleSheaf,false,5,4,last,0,3,cohens_d_test,0.06504055
questions,BundleSheaf,false,5,4,last,1,3,cohens_d_test,0.4970484
questions,BundleSheaf,false,5,4,last,2,3,cohens_d_test,0.36911553
questions,BundleSheaf,false,5,4,last,3,3,cohens_d_test,0.29627165
questions,BundleSheaf,false,5,4,last,4,3,cohens_d_test,0.3363053
questions,BundleSheaf,false,5,4,last,0,4,degree,0.13216822256742877
questions,BundleSheaf,false,5,4,last,1,4,degree,0.8068709896924324
questions,BundleSheaf,false,5,4,last,2,4,degree,0.5550493016581962
questions,BundleSheaf,false,5,4,last,3,4,degree,0.4589948410899674
questions,BundleSheaf,false,5,4,last,4,4,degree,0.5884816725048138
questions,BundleSheaf,false,5,4,last,0,4,betweenness,0.1291125760358254
questions,BundleSheaf,false,5,4,last,1,4,betweenness,0.7695574355357692
questions,BundleSheaf,false,5,4,last,2,4,betweenness,0.49881708092003235
questions,BundleSheaf,false,5,4,last,3,4,betweenness,0.4118011098940755
questions,BundleSheaf,false,5,4,last,4,4,betweenness,0.5305024275805923
questions,BundleSheaf,false,5,4,last,0,4,confidence,0.02681670819368009
questions,BundleSheaf,false,5,4,last,1,4,confidence,0.18411987436936553
questions,BundleSheaf,false,5,4,last,2,4,confidence,0.42613080315217555
questions,BundleSheaf,false,5,4,last,3,4,confidence,0.4636738770011441
questions,BundleSheaf,false,5,4,last,4,4,confidence,0.49324967122853197
questions,BundleSheaf,false,5,4,last,0,4,saliency,0.08865654379580502
questions,BundleSheaf,false,5,4,last,1,4,saliency,0.45991429493862196
questions,BundleSheaf,false,5,4,last,2,4,saliency,0.8193307529232966
questions,BundleSheaf,false,5,4,last,3,4,saliency,0.7794032272146036
questions,BundleSheaf,false,5,4,last,4,4,saliency,0.7632362222859747
questions,BundleSheaf,false,5,4,last,0,4,cohens_d_train,0.12294557
questions,BundleSheaf,false,5,4,last,1,4,cohens_d_train,0.2165801
questions,BundleSheaf,false,5,4,last,2,4,cohens_d_train,0.030839603
questions,BundleSheaf,false,5,4,last,3,4,cohens_d_train,0.05657432
questions,BundleSheaf,false,5,4,last,4,4,cohens_d_train,0.020297028
questions,BundleSheaf,false,5,4,last,0,4,cohens_d_test,0.06575164
questions,BundleSheaf,false,5,4,last,1,4,cohens_d_test,0.29299825
questions,BundleSheaf,false,5,4,last,2,4,cohens_d_test,0.10485349
questions,BundleSheaf,false,5,4,last,3,4,cohens_d_test,0.0132786725
questions,BundleSheaf,false,5,4,last,4,4,cohens_d_test,0.111604236
questions,BundleSheaf,false,5,4,last,0,5,degree,0.13556043386510594
questions,BundleSheaf,false,5,4,last,1,5,degree,0.7622769180175661
questions,BundleSheaf,false,5,4,last,2,5,degree,0.5358640887417462
questions,BundleSheaf,false,5,4,last,3,5,degree,0.5136792034246147
questions,BundleSheaf,false,5,4,last,4,5,degree,0.4404732197703725
questions,BundleSheaf,false,5,4,last,0,5,betweenness,0.1340868036808919
questions,BundleSheaf,false,5,4,last,1,5,betweenness,0.7269133915342826
questions,BundleSheaf,false,5,4,last,2,5,betweenness,0.48125996840326307
questions,BundleSheaf,false,5,4,last,3,5,betweenness,0.4622024173579269
questions,BundleSheaf,false,5,4,last,4,5,betweenness,0.3945522345870678
questions,BundleSheaf,false,5,4,last,0,5,confidence,0.018106256853347852
questions,BundleSheaf,false,5,4,last,1,5,confidence,0.17958090423415912
questions,BundleSheaf,false,5,4,last,2,5,confidence,0.5048727953646348
questions,BundleSheaf,false,5,4,last,3,5,confidence,0.532438378007149
questions,BundleSheaf,false,5,4,last,4,5,confidence,0.5473131615216167
questions,BundleSheaf,false,5,4,last,0,5,saliency,0.07804394312751688
questions,BundleSheaf,false,5,4,last,1,5,saliency,0.439366137141895
questions,BundleSheaf,false,5,4,last,2,5,saliency,0.8567222133922728
questions,BundleSheaf,false,5,4,last,3,5,saliency,0.868360495094478
questions,BundleSheaf,false,5,4,last,4,5,saliency,0.8442370703188156
questions,BundleSheaf,false,5,4,last,0,5,cohens_d_train,0.14696576
questions,BundleSheaf,false,5,4,last,1,5,cohens_d_train,0.18320116
questions,BundleSheaf,false,5,4,last,2,5,cohens_d_train,0.24008083
questions,BundleSheaf,false,5,4,last,3,5,cohens_d_train,0.037644956
questions,BundleSheaf,false,5,4,last,4,5,cohens_d_train,0.011473535
questions,BundleSheaf,false,5,4,last,0,5,cohens_d_test,0.11708117
questions,BundleSheaf,false,5,4,last,1,5,cohens_d_test,0.27454543
questions,BundleSheaf,false,5,4,last,2,5,cohens_d_test,0.3449104
questions,BundleSheaf,false,5,4,last,3,5,cohens_d_test,0.10985106
questions,BundleSheaf,false,5,4,last,4,5,cohens_d_test,0.21535732
questions,BundleSheaf,false,5,4,last,0,6,degree,0.1260581800880111
questions,BundleSheaf,false,5,4,last,1,6,degree,0.7501117144197794
questions,BundleSheaf,false,5,4,last,2,6,degree,0.5490717467318866
questions,BundleSheaf,false,5,4,last,3,6,degree,0.4606124085926031
questions,BundleSheaf,false,5,4,last,4,6,degree,0.5059870389413659
questions,BundleSheaf,false,5,4,last,0,6,betweenness,0.12281351294170065
questions,BundleSheaf,false,5,4,last,1,6,betweenness,0.7133376692884212
questions,BundleSheaf,false,5,4,last,2,6,betweenness,0.4949080399467711
questions,BundleSheaf,false,5,4,last,3,6,betweenness,0.413113949821423
questions,BundleSheaf,false,5,4,last,4,6,betweenness,0.4555533181955675
questions,BundleSheaf,false,5,4,last,0,6,confidence,0.027633601016016387
questions,BundleSheaf,false,5,4,last,1,6,confidence,0.1937777322388609
questions,BundleSheaf,false,5,4,last,2,6,confidence,0.47099896818380615
questions,BundleSheaf,false,5,4,last,3,6,confidence,0.5083477947265763
questions,BundleSheaf,false,5,4,last,4,6,confidence,0.5346904549403275
questions,BundleSheaf,false,5,4,last,0,6,saliency,0.08699261896374384
questions,BundleSheaf,false,5,4,last,1,6,saliency,0.426395690422308
questions,BundleSheaf,false,5,4,last,2,6,saliency,0.8476711605941171
questions,BundleSheaf,false,5,4,last,3,6,saliency,0.8545982835518535
questions,BundleSheaf,false,5,4,last,4,6,saliency,0.8492530421715926
questions,BundleSheaf,false,5,4,last,0,6,cohens_d_train,0.109417126
questions,BundleSheaf,false,5,4,last,1,6,cohens_d_train,0.35409692
questions,BundleSheaf,false,5,4,last,2,6,cohens_d_train,0.17715138
questions,BundleSheaf,false,5,4,last,3,6,cohens_d_train,0.100945964
questions,BundleSheaf,false,5,4,last,4,6,cohens_d_train,0.03778577
questions,BundleSheaf,false,5,4,last,0,6,cohens_d_test,0.20705448
questions,BundleSheaf,false,5,4,last,1,6,cohens_d_test,0.47981378
questions,BundleSheaf,false,5,4,last,2,6,cohens_d_test,0.2586285
questions,BundleSheaf,false,5,4,last,3,6,cohens_d_test,0.25057924
questions,BundleSheaf,false,5,4,last,4,6,cohens_d_test,0.16618639
questions,BundleSheaf,false,5,4,last,0,7,degree,0.1357107931643027
questions,BundleSheaf,false,5,4,last,1,7,degree,0.7372585301069583
questions,BundleSheaf,false,5,4,last,2,7,degree,0.5544028728471538
questions,BundleSheaf,false,5,4,last,3,7,degree,0.5037398432243363
questions,BundleSheaf,false,5,4,last,4,7,degree,0.5093422629873366
questions,BundleSheaf,false,5,4,last,0,7,betweenness,0.13213899122606726
questions,BundleSheaf,false,5,4,last,1,7,betweenness,0.705354389684794
questions,BundleSheaf,false,5,4,last,2,7,betweenness,0.5021672959812458
questions,BundleSheaf,false,5,4,last,3,7,betweenness,0.45153723755444974
questions,BundleSheaf,false,5,4,last,4,7,betweenness,0.4572253940545217
questions,BundleSheaf,false,5,4,last,0,7,confidence,0.030845588212504795
questions,BundleSheaf,false,5,4,last,1,7,confidence,0.1959314451805251
questions,BundleSheaf,false,5,4,last,2,7,confidence,0.5151746797629513
questions,BundleSheaf,false,5,4,last,3,7,confidence,0.5471061936170044
questions,BundleSheaf,false,5,4,last,4,7,confidence,0.5812132284201796
questions,BundleSheaf,false,5,4,last,0,7,saliency,0.07547184193713187
questions,BundleSheaf,false,5,4,last,1,7,saliency,0.39765460644932155
questions,BundleSheaf,false,5,4,last,2,7,saliency,0.8429039106300371
questions,BundleSheaf,false,5,4,last,3,7,saliency,0.8726329127136633
questions,BundleSheaf,false,5,4,last,4,7,saliency,0.8797467404709779
questions,BundleSheaf,false,5,4,last,0,7,cohens_d_train,0.2009706
questions,BundleSheaf,false,5,4,last,1,7,cohens_d_train,0.32180187
questions,BundleSheaf,false,5,4,last,2,7,cohens_d_train,0.14628105
questions,BundleSheaf,false,5,4,last,3,7,cohens_d_train,0.10837341
questions,BundleSheaf,false,5,4,last,4,7,cohens_d_train,0.1903731
questions,BundleSheaf,false,5,4,last,0,7,cohens_d_test,0.24423368
questions,BundleSheaf,false,5,4,last,1,7,cohens_d_test,0.30074745
questions,BundleSheaf,false,5,4,last,2,7,cohens_d_test,0.16498192
questions,BundleSheaf,false,5,4,last,3,7,cohens_d_test,0.11860842
questions,BundleSheaf,false,5,4,last,4,7,cohens_d_test,0.06407019
questions,BundleSheaf,false,5,4,last,0,8,degree,0.13287223027884704
questions,BundleSheaf,false,5,4,last,1,8,degree,0.7193869281487589
questions,BundleSheaf,false,5,4,last,2,8,degree,0.5463413483325009
questions,BundleSheaf,false,5,4,last,3,8,degree,0.475012088915116
questions,BundleSheaf,false,5,4,last,4,8,degree,0.6336822740477184
questions,BundleSheaf,false,5,4,last,0,8,betweenness,0.12985514938991183
questions,BundleSheaf,false,5,4,last,1,8,betweenness,0.6863594654032682
questions,BundleSheaf,false,5,4,last,2,8,betweenness,0.49454601581123364
questions,BundleSheaf,false,5,4,last,3,8,betweenness,0.4239947297368601
questions,BundleSheaf,false,5,4,last,4,8,betweenness,0.5703574120215105
questions,BundleSheaf,false,5,4,last,0,8,confidence,0.03495584213029824
questions,BundleSheaf,false,5,4,last,1,8,confidence,0.16037289810525987
questions,BundleSheaf,false,5,4,last,2,8,confidence,0.41368375157530135
questions,BundleSheaf,false,5,4,last,3,8,confidence,0.4435745686044092
questions,BundleSheaf,false,5,4,last,4,8,confidence,0.478693887015241
questions,BundleSheaf,false,5,4,last,0,8,saliency,0.07373107765019031
questions,BundleSheaf,false,5,4,last,1,8,saliency,0.422016163588557
questions,BundleSheaf,false,5,4,last,2,8,saliency,0.8041322060865458
questions,BundleSheaf,false,5,4,last,3,8,saliency,0.8063829434755884
questions,BundleSheaf,false,5,4,last,4,8,saliency,0.7438566661648935
questions,BundleSheaf,false,5,4,last,0,8,cohens_d_train,0.11379995
questions,BundleSheaf,false,5,4,last,1,8,cohens_d_train,0.23123264
questions,BundleSheaf,false,5,4,last,2,8,cohens_d_train,0.044040088
questions,BundleSheaf,false,5,4,last,3,8,cohens_d_train,0.54486287
questions,BundleSheaf,false,5,4,last,4,8,cohens_d_train,0.27778706
questions,BundleSheaf,false,5,4,last,0,8,cohens_d_test,0.14250696
questions,BundleSheaf,false,5,4,last,1,8,cohens_d_test,0.3949872
questions,BundleSheaf,false,5,4,last,2,8,cohens_d_test,0.23227707
questions,BundleSheaf,false,5,4,last,3,8,cohens_d_test,0.6158948
questions,BundleSheaf,false,5,4,last,4,8,cohens_d_test,0.41341567
questions,BundleSheaf,false,5,4,last,0,9,degree,0.07693522455707635
questions,BundleSheaf,false,5,4,last,1,9,degree,0.7767437068796011
questions,BundleSheaf,false,5,4,last,2,9,degree,0.5484629182414882
questions,BundleSheaf,false,5,4,last,3,9,degree,0.4707099443588105
questions,BundleSheaf,false,5,4,last,4,9,degree,0.6404786779986733
questions,BundleSheaf,false,5,4,last,0,9,betweenness,0.07681078275474447
questions,BundleSheaf,false,5,4,last,1,9,betweenness,0.7407349293863078
questions,BundleSheaf,false,5,4,last,2,9,betweenness,0.4958007921160795
questions,BundleSheaf,false,5,4,last,3,9,betweenness,0.4179516290953648
questions,BundleSheaf,false,5,4,last,4,9,betweenness,0.5776203409597376
questions,BundleSheaf,false,5,4,last,0,9,confidence,0.01174001541119375
questions,BundleSheaf,false,5,4,last,1,9,confidence,0.17013507870110003
questions,BundleSheaf,false,5,4,last,2,9,confidence,0.38187954812871766
questions,BundleSheaf,false,5,4,last,3,9,confidence,0.39317871834002827
questions,BundleSheaf,false,5,4,last,4,9,confidence,0.4455515553832248
questions,BundleSheaf,false,5,4,last,0,9,saliency,0.06813739035895224
questions,BundleSheaf,false,5,4,last,1,9,saliency,0.4374459308713429
questions,BundleSheaf,false,5,4,last,2,9,saliency,0.8096526539525261
questions,BundleSheaf,false,5,4,last,3,9,saliency,0.7993971595536912
questions,BundleSheaf,false,5,4,last,4,9,saliency,0.6520185906483014
questions,BundleSheaf,false,5,4,last,0,9,cohens_d_train,0.08452054
questions,BundleSheaf,false,5,4,last,1,9,cohens_d_train,0.10526423
questions,BundleSheaf,false,5,4,last,2,9,cohens_d_train,0.020582482
questions,BundleSheaf,false,5,4,last,3,9,cohens_d_train,0.31506523
questions,BundleSheaf,false,5,4,last,4,9,cohens_d_train,0.11756376
questions,BundleSheaf,false,5,4,last,0,9,cohens_d_test,0.014138706
questions,BundleSheaf,false,5,4,last,1,9,cohens_d_test,0.24687304
questions,BundleSheaf,false,5,4,last,2,9,cohens_d_test,0.1718414
questions,BundleSheaf,false,5,4,last,3,9,cohens_d_test,0.1774541
questions,BundleSheaf,false,5,4,last,4,9,cohens_d_test,0.2630466
