dataset,model,normalised,d,layers,checkpoint,layer,fold,observable,value
roman_empire,BundleSheaf,false,5,5,epoch-0,0,0,degree,-0.11064426910240563
roman_empire,BundleSheaf,false,5,5,epoch-0,1,0,degree,0.42056784455674406
roman_empire,BundleSheaf,false,5,5,epoch-0,2,0,degree,0.6665544535571754
roman_empire,BundleSheaf,false,5,5,epoch-0,3,0,degree,0.793192395079658
roman_empire,BundleSheaf,false,5,5,epoch-0,4,0,degree,0.8036029606390185
roman_empire,BundleSheaf,false,5,5,epoch-0,5,0,degree,0.7623666730847524
roman_empire,BundleSheaf,false,5,5,epoch-0,0,0,betweenness,-0.07846087858407991
roman_empire,BundleSheaf,false,5,5,epoch-0,1,0,betweenness,0.29178426643078287
roman_empire,BundleSheaf,false,5,5,epoch-0,2,0,betweenness,0.4486897834615528
roman_empire,BundleSheaf,false,5,5,epoch-0,3,0,betweenness,0.48965892698813457
roman_empire,BundleSheaf,false,5,5,epoch-0,4,0,betweenness,0.4426796898190825
roman_empire,BundleSheaf,false,5,5,epoch-0,5,0,betweenness,0.3923745342621205
roman_empire,BundleSheaf,false,5,5,epoch-0,0,0,confidence,0.011934747178065057
roman_empire,BundleSheaf,false,5,5,epoch-0,1,0,confidence,0.3130078978162632
roman_empire,BundleSheaf,false,5,5,epoch-0,2,0,confidence,0.4480019119228132
roman_empire,BundleSheaf,false,5,5,epoch-0,3,0,confidence,0.5460314751250803
roman_empire,BundleSheaf,false,5,5,epoch-0,4,0,confidence,0.6027189212827515
roman_empire,BundleSheaf,false,5,5,epoch-0,5,0,confidence,0.635646123904635
roman_empire,BundleSheaf,false,5,5,epoch-0,0,0,saliency,-0.06667384839182093
roman_empire,BundleSheaf,false,5,5,epoch-0,1,0,saliency,0.301737242561774
roman_empire,BundleSheaf,false,5,5,epoch-0,2,0,saliency,0.5170678293760322
roman_empire,BundleSheaf,false,5,5,epoch-0,3,0,saliency,0.6859202455366182
roman_empire,BundleSheaf,false,5,5,epoch-0,4,0,saliency,0.7949034686048834
roman_empire,BundleSheaf,false,5,5,epoch-0,5,0,saliency,0.8616891609831736
roman_empire,BundleSheaf,false,5,5,epoch-0,0,0,cohens_d_train,0.21647133
roman_empire,BundleSheaf,false,5,5,epoch-0,1,0,cohens_d_train,0.28609654
roman_empire,BundleSheaf,false,5,5,epoch-0,2,0,cohens_d_train,0.23191465
roman_empire,BundleSheaf,false,5,5,epoch-0,3,0,cohens_d_train,0.14507218
roman_empire,BundleSheaf,false,5,5,epoch-0,4,0,cohens_d_train,0.06841053
roman_empire,BundleSheaf,false,5,5,epoch-0,5,0,cohens_d_train,0.03165839
roman_empire,BundleSheaf,false,5,5,epoch-0,0,0,cohens_d_test,0.2465034
roman_empire,BundleSheaf,false,5,5,epoch-0,1,0,cohens_d_test,0.22884482
roman_empire,BundleSheaf,false,5,5,epoch-0,2,0,cohens_d_test,0.14957677
roman_empire,BundleSheaf,false,5,5,epoch-0,3,0,cohens_d_test,0.07736696
roman_empire,BundleSheaf,false,5,5,epoch-0,4,0,cohens_d_test,0.04371248
roman_empire,BundleSheaf,false,5,5,epoch-0,5,0,cohens_d_test,0.010466663
roman_empire,BundleSheaf,false,5,5,epoch-0,0,1,degree,-0.1260354676288015
roman_empire,BundleSheaf,false,5,5,epoch-0,1,1,degree,0.44356084712574756
roman_empire,BundleSheaf,false,5,5,epoch-0,2,1,degree,0.7052302730898631
roman_empire,BundleSheaf,false,5,5,epoch-0,3,1,degree,0.8217435417172594
roman_empire,BundleSheaf,false,5,5,epoch-0,4,1,degree,0.793676163980587
roman_empire,BundleSheaf,false,5,5,epoch-0,5,1,degree,0.7710838304359172
roman_empire,BundleSheaf,false,5,5,epoch-0,0,1,betweenness,-0.08740177642435025
roman_empire,BundleSheaf,false,5,5,epoch-0,1,1,betweenness,0.3079464422846494
roman_empire,BundleSheaf,false,5,5,epoch-0,2,1,betweenness,0.4750550337735087
roman_empire,BundleSheaf,false,5,5,epoch-0,3,1,betweenness,0.5030458001692573
roman_empire,BundleSheaf,false,5,5,epoch-0,4,1,betweenness,0.4347975788607886
roman_empire,BundleSheaf,false,5,5,epoch-0,5,1,betweenness,0.4037604686521558
roman_empire,BundleSheaf,false,5,5,epoch-0,0,1,confidence,0.02267196083136177
roman_empire,BundleSheaf,false,5,5,epoch-0,1,1,confidence,0.33017391766029375
roman_empire,BundleSheaf,false,5,5,epoch-0,2,1,confidence,0.46591534474895585
roman_empire,BundleSheaf,false,5,5,epoch-0,3,1,confidence,0.5498474189844834
roman_empire,BundleSheaf,false,5,5,epoch-0,4,1,confidence,0.5995575924024096
roman_empire,BundleSheaf,false,5,5,epoch-0,5,1,confidence,0.6196692034838378
roman_empire,BundleSheaf,false,5,5,epoch-0,0,1,saliency,-0.08318702954851849
roman_empire,BundleSheaf,false,5,5,epoch-0,1,1,saliency,0.31279753159494095
roman_empire,BundleSheaf,false,5,5,epoch-0,2,1,saliency,0.5424167685501213
roman_empire,BundleSheaf,false,5,5,epoch-0,3,1,saliency,0.7008271390641302
roman_empire,BundleSheaf,false,5,5,epoch-0,4,1,saliency,0.8174071094181453
roman_empire,BundleSheaf,false,5,5,epoch-0,5,1,saliency,0.8631109053343771
roman_empire,BundleSheaf,false,5,5,epoch-0,0,1,cohens_d_train,0.2165323
roman_empire,BundleSheaf,false,5,5,epoch-0,1,1,cohens_d_train,0.08497878
roman_empire,BundleSheaf,false,5,5,epoch-0,2,1,cohens_d_train,0.02865736
roman_empire,BundleSheaf,false,5,5,epoch-0,3,1,cohens_d_train,0.009422969
roman_empire,BundleSheaf,false,5,5,epoch-0,4,1,cohens_d_train,0.005599267
roman_empire,BundleSheaf,false,5,5,epoch-0,5,1,cohens_d_train,0.038327217
roman_empire,BundleSheaf,false,5,5,epoch-0,0,1,cohens_d_test,0.10740262
roman_empire,BundleSheaf,false,5,5,epoch-0,1,1,cohens_d_test,0.01154037
roman_empire,BundleSheaf,false,5,5,epoch-0,2,1,cohens_d_test,0.027245784
roman_empire,BundleSheaf,false,5,5,epoch-0,3,1,cohens_d_test,0.006176621
roman_empire,BundleSheaf,false,5,5,epoch-0,4,1,cohens_d_test,0.017933538
roman_empire,BundleSheaf,false,5,5,epoch-0,5,1,cohens_d_test,0.0030826468
roman_empire,BundleSheaf,false,5,5,epoch-0,0,2,degree,-0.12093340531738556
roman_empire,BundleSheaf,false,5,5,epoch-0,1,2,degree,0.4313917330308646
roman_empire,BundleSheaf,false,5,5,epoch-0,2,2,degree,0.6952329108930535
roman_empire,BundleSheaf,false,5,5,epoch-0,3,2,degree,0.8232214739657038
roman_empire,BundleSheaf,false,5,5,epoch-0,4,2,degree,0.8310864931052286
roman_empire,BundleSheaf,false,5,5,epoch-0,5,2,degree,0.7534375266563527
roman_empire,BundleSheaf,false,5,5,epoch-0,0,2,betweenness,-0.0865268005686938
roman_empire,BundleSheaf,false,5,5,epoch-0,1,2,betweenness,0.2963153633662474
roman_empire,BundleSheaf,false,5,5,epoch-0,2,2,betweenness,0.4629601842269039
roman_empire,BundleSheaf,false,5,5,epoch-0,3,2,betweenness,0.5077907987152842
roman_empire,BundleSheaf,false,5,5,epoch-0,4,2,betweenness,0.4676272882594374
roman_empire,BundleSheaf,false,5,5,epoch-0,5,2,betweenness,0.3840956538654387
roman_empire,BundleSheaf,false,5,5,epoch-0,0,2,confidence,-0.01085346761885745
roman_empire,BundleSheaf,false,5,5,epoch-0,1,2,confidence,0.2826890283323217
roman_empire,BundleSheaf,false,5,5,epoch-0,2,2,confidence,0.4268346980663698
roman_empire,BundleSheaf,false,5,5,epoch-0,3,2,confidence,0.5131256874629784
roman_empire,BundleSheaf,false,5,5,epoch-0,4,2,confidence,0.5790775621026932
roman_empire,BundleSheaf,false,5,5,epoch-0,5,2,confidence,0.6161778034221941
roman_empire,BundleSheaf,false,5,5,epoch-0,0,2,saliency,-0.09372282646167607
roman_empire,BundleSheaf,false,5,5,epoch-0,1,2,saliency,0.2836598503644714
roman_empire,BundleSheaf,false,5,5,epoch-0,2,2,saliency,0.5094645230294116
roman_empire,BundleSheaf,false,5,5,epoch-0,3,2,saliency,0.6651682239060405
roman_empire,BundleSheaf,false,5,5,epoch-0,4,2,saliency,0.784373368881782
roman_empire,BundleSheaf,false,5,5,epoch-0,5,2,saliency,0.8626094151109568
roman_empire,BundleSheaf,false,5,5,epoch-0,0,2,cohens_d_train,0.0656594
roman_empire,BundleSheaf,false,5,5,epoch-0,1,2,cohens_d_train,0.056511678
roman_empire,BundleSheaf,false,5,5,epoch-0,2,2,cohens_d_train,0.051202353
roman_empire,BundleSheaf,false,5,5,epoch-0,3,2,cohens_d_train,0.06390324
roman_empire,BundleSheaf,false,5,5,epoch-0,4,2,cohens_d_train,0.05455009
roman_empire,BundleSheaf,false,5,5,epoch-0,5,2,cohens_d_train,0.04252058
roman_empire,BundleSheaf,false,5,5,epoch-0,0,2,cohens_d_test,0.17695963
roman_empire,BundleSheaf,false,5,5,epoch-0,1,2,cohens_d_test,0.12492244
roman_empire,BundleSheaf,false,5,5,epoch-0,2,2,cohens_d_test,0.10315813
roman_empire,BundleSheaf,false,5,5,epoch-0,3,2,cohens_d_test,0.11287842
roman_empire,BundleSheaf,false,5,5,epoch-0,4,2,cohens_d_test,0.11543
roman_empire,BundleSheaf,false,5,5,epoch-0,5,2,cohens_d_test,0.112342305
roman_empire,BundleSheaf,false,5,5,epoch-0,0,3,degree,-0.10670317858346212
roman_empire,BundleSheaf,false,5,5,epoch-0,1,3,degree,0.43899101940626645
roman_empire,BundleSheaf,false,5,5,epoch-0,2,3,degree,0.6739095210224983
roman_empire,BundleSheaf,false,5,5,epoch-0,3,3,degree,0.807670895155
roman_empire,BundleSheaf,false,5,5,epoch-0,4,3,degree,0.8215135139159927
roman_empire,BundleSheaf,false,5,5,epoch-0,5,3,degree,0.7798886150017809
roman_empire,BundleSheaf,false,5,5,epoch-0,0,3,betweenness,-0.07017887641884415
roman_empire,BundleSheaf,false,5,5,epoch-0,1,3,betweenness,0.3101079751024448
roman_empire,BundleSheaf,false,5,5,epoch-0,2,3,betweenness,0.4525193646584223
roman_empire,BundleSheaf,false,5,5,epoch-0,3,3,betweenness,0.4894509002588753
roman_empire,BundleSheaf,false,5,5,epoch-0,4,3,betweenness,0.45014422405380994
roman_empire,BundleSheaf,false,5,5,epoch-0,5,3,betweenness,0.39964897379296876
roman_empire,BundleSheaf,false,5,5,epoch-0,0,3,confidence,0.04928731169302829
roman_empire,BundleSheaf,false,5,5,epoch-0,1,3,confidence,0.33971302139234344
roman_empire,BundleSheaf,false,5,5,epoch-0,2,3,confidence,0.4662829164546325
roman_empire,BundleSheaf,false,5,5,epoch-0,3,3,confidence,0.5547092344321648
roman_empire,BundleSheaf,false,5,5,epoch-0,4,3,confidence,0.5926951941810152
roman_empire,BundleSheaf,false,5,5,epoch-0,5,3,confidence,0.605583297478096
roman_empire,BundleSheaf,false,5,5,epoch-0,0,3,saliency,-0.06899694559138321
roman_empire,BundleSheaf,false,5,5,epoch-0,1,3,saliency,0.2961048589944183
roman_empire,BundleSheaf,false,5,5,epoch-0,2,3,saliency,0.5057083664176326
roman_empire,BundleSheaf,false,5,5,epoch-0,3,3,saliency,0.6898063785291587
roman_empire,BundleSheaf,false,5,5,epoch-0,4,3,saliency,0.8039243376878727
roman_empire,BundleSheaf,false,5,5,epoch-0,5,3,saliency,0.867095236651504
roman_empire,BundleSheaf,false,5,5,epoch-0,0,3,cohens_d_train,0.28306106
roman_empire,BundleSheaf,false,5,5,epoch-0,1,3,cohens_d_train,0.3826066
roman_empire,BundleSheaf,false,5,5,epoch-0,2,3,cohens_d_train,0.36616498
roman_empire,BundleSheaf,false,5,5,epoch-0,3,3,cohens_d_train,0.20071259
roman_empire,BundleSheaf,false,5,5,epoch-0,4,3,cohens_d_train,0.007518089
roman_empire,BundleSheaf,false,5,5,epoch-0,5,3,cohens_d_train,0.12694396
roman_empire,BundleSheaf,false,5,5,epoch-0,0,3,cohens_d_test,0.2593254
roman_empire,BundleSheaf,false,5,5,epoch-0,1,3,cohens_d_test,0.3673994
roman_empire,BundleSheaf,false,5,5,epoch-0,2,3,cohens_d_test,0.40690205
roman_empire,BundleSheaf,false,5,5,epoch-0,3,3,cohens_d_test,0.321133
roman_empire,BundleSheaf,false,5,5,epoch-0,4,3,cohens_d_test,0.23824786
roman_empire,BundleSheaf,false,5,5,epoch-0,5,3,cohens_d_test,0.18581404
roman_empire,BundleSheaf,false,5,5,epoch-0,0,4,degree,-0.11243873427269657
roman_empire,BundleSheaf,false,5,5,epoch-0,1,4,degree,0.45216027428404726
roman_empire,BundleSheaf,false,5,5,epoch-0,2,4,degree,0.6813492215283969
roman_empire,BundleSheaf,false,5,5,epoch-0,3,4,degree,0.7939951121149416
roman_empire,BundleSheaf,false,5,5,epoch-0,4,4,degree,0.8122867186316969
roman_empire,BundleSheaf,false,5,5,epoch-0,5,4,degree,0.769868314453174
roman_empire,BundleSheaf,false,5,5,epoch-0,0,4,betweenness,-0.06342096965266432
roman_empire,BundleSheaf,false,5,5,epoch-0,1,4,betweenness,0.3153257352759633
roman_empire,BundleSheaf,false,5,5,epoch-0,2,4,betweenness,0.4550395336400778
roman_empire,BundleSheaf,false,5,5,epoch-0,3,4,betweenness,0.4685762267358395
roman_empire,BundleSheaf,false,5,5,epoch-0,4,4,betweenness,0.43900291616179576
roman_empire,BundleSheaf,false,5,5,epoch-0,5,4,betweenness,0.38885314525820364
roman_empire,BundleSheaf,false,5,5,epoch-0,0,4,confidence,-0.0035664321031425006
roman_empire,BundleSheaf,false,5,5,epoch-0,1,4,confidence,0.3117544258877078
roman_empire,BundleSheaf,false,5,5,epoch-0,2,4,confidence,0.44074449313622094
roman_empire,BundleSheaf,false,5,5,epoch-0,3,4,confidence,0.5352233582442503
roman_empire,BundleSheaf,false,5,5,epoch-0,4,4,confidence,0.585074253733703
roman_empire,BundleSheaf,false,5,5,epoch-0,5,4,confidence,0.6094658210994415
roman_empire,BundleSheaf,false,5,5,epoch-0,0,4,saliency,-0.07236118462889546
roman_empire,BundleSheaf,false,5,5,epoch-0,1,4,saliency,0.3218411484177102
roman_empire,BundleSheaf,false,5,5,epoch-0,2,4,saliency,0.5273638237859868
roman_empire,BundleSheaf,false,5,5,epoch-0,3,4,saliency,0.7014535196019825
roman_empire,BundleSheaf,false,5,5,epoch-0,4,4,saliency,0.8047085865690794
roman_empire,BundleSheaf,false,5,5,epoch-0,5,4,saliency,0.8688109708360803
roman_empire,BundleSheaf,false,5,5,epoch-0,0,4,cohens_d_train,0.111411236
roman_empire,BundleSheaf,false,5,5,epoch-0,1,4,cohens_d_train,0.38356528
roman_empire,BundleSheaf,false,5,5,epoch-0,2,4,cohens_d_train,0.45601445
roman_empire,BundleSheaf,false,5,5,epoch-0,3,4,cohens_d_train,0.34286803
roman_empire,BundleSheaf,false,5,5,epoch-0,4,4,cohens_d_train,0.2218867
roman_empire,BundleSheaf,false,5,5,epoch-0,5,4,cohens_d_train,0.105984986
roman_empire,BundleSheaf,false,5,5,epoch-0,0,4,cohens_d_test,0.10811121
roman_empire,BundleSheaf,false,5,5,epoch-0,1,4,cohens_d_test,0.46150503
roman_empire,BundleSheaf,false,5,5,epoch-0,2,4,cohens_d_test,0.57402164
roman_empire,BundleSheaf,false,5,5,epoch-0,3,4,cohens_d_test,0.5290442
roman_empire,BundleSheaf,false,5,5,epoch-0,4,4,cohens_d_test,0.41710863
roman_empire,BundleSheaf,false,5,5,epoch-0,5,4,cohens_d_test,0.30917498
roman_empire,BundleSheaf,false,5,5,epoch-0,0,5,degree,-0.10464037053568831
roman_empire,BundleSheaf,false,5,5,epoch-0,1,5,degree,0.44711721565142415
roman_empire,BundleSheaf,false,5,5,epoch-0,2,5,degree,0.6734102316498147
roman_empire,BundleSheaf,false,5,5,epoch-0,3,5,degree,0.7907428474723526
roman_empire,BundleSheaf,false,5,5,epoch-0,4,5,degree,0.7760828736035517
roman_empire,BundleSheaf,false,5,5,epoch-0,5,5,degree,0.736421239008591
roman_empire,BundleSheaf,false,5,5,epoch-0,0,5,betweenness,-0.07957637243262025
roman_empire,BundleSheaf,false,5,5,epoch-0,1,5,betweenness,0.31416708004539934
roman_empire,BundleSheaf,false,5,5,epoch-0,2,5,betweenness,0.45442185622882053
roman_empire,BundleSheaf,false,5,5,epoch-0,3,5,betweenness,0.49270794069138524
roman_empire,BundleSheaf,false,5,5,epoch-0,4,5,betweenness,0.43400092836571175
roman_empire,BundleSheaf,false,5,5,epoch-0,5,5,betweenness,0.3822970747055217
roman_empire,BundleSheaf,false,5,5,epoch-0,0,5,confidence,0.058614008771938224
roman_empire,BundleSheaf,false,5,5,epoch-0,1,5,confidence,0.324925888159058
roman_empire,BundleSheaf,false,5,5,epoch-0,2,5,confidence,0.4462298751471472
roman_empire,BundleSheaf,false,5,5,epoch-0,3,5,confidence,0.5148549545248357
roman_empire,BundleSheaf,false,5,5,epoch-0,4,5,confidence,0.5734288682533696
roman_empire,BundleSheaf,false,5,5,epoch-0,5,5,confidence,0.6049469714515423
roman_empire,BundleSheaf,false,5,5,epoch-0,0,5,saliency,-0.04932215728890538
roman_empire,BundleSheaf,false,5,5,epoch-0,1,5,saliency,0.3282817025756176
roman_empire,BundleSheaf,false,5,5,epoch-0,2,5,saliency,0.5376595462758496
roman_empire,BundleSheaf,false,5,5,epoch-0,3,5,saliency,0.6786261506192743
roman_empire,BundleSheaf,false,5,5,epoch-0,4,5,saliency,0.7952091390136812
roman_empire,BundleSheaf,false,5,5,epoch-0,5,5,saliency,0.8597859721464268
roman_empire,BundleSheaf,false,5,5,epoch-0,0,5,cohens_d_train,0.21395697
roman_empire,BundleSheaf,false,5,5,epoch-0,1,5,cohens_d_train,0.0007870396
roman_empire,BundleSheaf,false,5,5,epoch-0,2,5,cohens_d_train,0.0014882591
roman_empire,BundleSheaf,false,5,5,epoch-0,3,5,cohens_d_train,0.020704163
roman_empire,BundleSheaf,false,5,5,epoch-0,4,5,cohens_d_train,0.012714213
roman_empire,BundleSheaf,false,5,5,epoch-0,5,5,cohens_d_train,0.020824064
roman_empire,BundleSheaf,false,5,5,epoch-0,0,5,cohens_d_test,0.07795995
roman_empire,BundleSheaf,false,5,5,epoch-0,1,5,cohens_d_test,0.21679872
roman_empire,BundleSheaf,false,5,5,epoch-0,2,5,cohens_d_test,0.21354124
roman_empire,BundleSheaf,false,5,5,epoch-0,3,5,cohens_d_test,0.2050771
roman_empire,BundleSheaf,false,5,5,epoch-0,4,5,cohens_d_test,0.1705601
roman_empire,BundleSheaf,false,5,5,epoch-0,5,5,cohens_d_test,0.120401114
roman_empire,BundleSheaf,false,5,5,epoch-0,0,6,degree,-0.11660285090214295
roman_empire,BundleSheaf,false,5,5,epoch-0,1,6,degree,0.4281926094174838
roman_empire,BundleSheaf,false,5,5,epoch-0,2,6,degree,0.6950128814331584
roman_empire,BundleSheaf,false,5,5,epoch-0,3,6,degree,0.7982079440506143
roman_empire,BundleSheaf,false,5,5,epoch-0,4,6,degree,0.8186126440768509
roman_empire,BundleSheaf,false,5,5,epoch-0,5,6,degree,0.8037625892115137
roman_empire,BundleSheaf,false,5,5,epoch-0,0,6,betweenness,-0.08160824692835159
roman_empire,BundleSheaf,false,5,5,epoch-0,1,6,betweenness,0.30410572420697773
roman_empire,BundleSheaf,false,5,5,epoch-0,2,6,betweenness,0.46918659162518184
roman_empire,BundleSheaf,false,5,5,epoch-0,3,6,betweenness,0.49900730258987525
roman_empire,BundleSheaf,false,5,5,epoch-0,4,6,betweenness,0.4602574524623531
roman_empire,BundleSheaf,false,5,5,epoch-0,5,6,betweenness,0.4313796181126235
roman_empire,BundleSheaf,false,5,5,epoch-0,0,6,confidence,0.019582744869457935
roman_empire,BundleSheaf,false,5,5,epoch-0,1,6,confidence,0.3045630954221423
roman_empire,BundleSheaf,false,5,5,epoch-0,2,6,confidence,0.4469365330760888
roman_empire,BundleSheaf,false,5,5,epoch-0,3,6,confidence,0.5357120616513468
roman_empire,BundleSheaf,false,5,5,epoch-0,4,6,confidence,0.593004128663613
roman_empire,BundleSheaf,false,5,5,epoch-0,5,6,confidence,0.6233347518132343
roman_empire,BundleSheaf,false,5,5,epoch-0,0,6,saliency,-0.07305608780758387
roman_empire,BundleSheaf,false,5,5,epoch-0,1,6,saliency,0.29491698658926796
roman_empire,BundleSheaf,false,5,5,epoch-0,2,6,saliency,0.5129351719307802
roman_empire,BundleSheaf,false,5,5,epoch-0,3,6,saliency,0.6718049003231521
roman_empire,BundleSheaf,false,5,5,epoch-0,4,6,saliency,0.7860481386397734
roman_empire,BundleSheaf,false,5,5,epoch-0,5,6,saliency,0.8404210675315364
roman_empire,BundleSheaf,false,5,5,epoch-0,0,6,cohens_d_train,0.05612997
roman_empire,BundleSheaf,false,5,5,epoch-0,1,6,cohens_d_train,0.21865079
roman_empire,BundleSheaf,false,5,5,epoch-0,2,6,cohens_d_train,0.23283662
roman_empire,BundleSheaf,false,5,5,epoch-0,3,6,cohens_d_train,0.2749649
roman_empire,BundleSheaf,false,5,5,epoch-0,4,6,cohens_d_train,0.19107337
roman_empire,BundleSheaf,false,5,5,epoch-0,5,6,cohens_d_train,0.107580386
roman_empire,BundleSheaf,false,5,5,epoch-0,0,6,cohens_d_test,0.074011624
roman_empire,BundleSheaf,false,5,5,epoch-0,1,6,cohens_d_test,0.24799483
roman_empire,BundleSheaf,false,5,5,epoch-0,2,6,cohens_d_test,0.26104742
roman_empire,BundleSheaf,false,5,5,epoch-0,3,6,cohens_d_test,0.30922824
roman_empire,BundleSheaf,false,5,5,epoch-0,4,6,cohens_d_test,0.24976695
roman_empire,BundleSheaf,false,5,5,epoch-0,5,6,cohens_d_test,0.19037153
roman_empire,BundleSheaf,false,5,5,epoch-0,0,7,degree,-0.09559783206385677
roman_empire,BundleSheaf,false,5,5,epoch-0,1,7,degree,0.4319712798639264
roman_empire,BundleSheaf,false,5,5,epoch-0,2,7,degree,0.6992178826917547
roman_empire,BundleSheaf,false,5,5,epoch-0,3,7,degree,0.8078842745776609
roman_empire,BundleSheaf,false,5,5,epoch-0,4,7,degree,0.8212416948231634
roman_empire,BundleSheaf,false,5,5,epoch-0,5,7,degree,0.739688924713605
roman_empire,BundleSheaf,false,5,5,epoch-0,0,7,betweenness,-0.04364517718395496
roman_empire,BundleSheaf,false,5,5,epoch-0,1,7,betweenness,0.29897439928998304
roman_empire,BundleSheaf,false,5,5,epoch-0,2,7,betweenness,0.4634699017693138
roman_empire,BundleSheaf,false,5,5,epoch-0,3,7,betweenness,0.4868532552635571
roman_empire,BundleSheaf,false,5,5,epoch-0,4,7,betweenness,0.4609954432353397
roman_empire,BundleSheaf,false,5,5,epoch-0,5,7,betweenness,0.3697380117844283
roman_empire,BundleSheaf,false,5,5,epoch-0,0,7,confidence,0.008183140442405314
roman_empire,BundleSheaf,false,5,5,epoch-0,1,7,confidence,0.29783368022306406
roman_empire,BundleSheaf,false,5,5,epoch-0,2,7,confidence,0.43812113332720104
roman_empire,BundleSheaf,false,5,5,epoch-0,3,7,confidence,0.5278330913323425
roman_empire,BundleSheaf,false,5,5,epoch-0,4,7,confidence,0.5740243225028695
roman_empire,BundleSheaf,false,5,5,epoch-0,5,7,confidence,0.601749611431195
roman_empire,BundleSheaf,false,5,5,epoch-0,0,7,saliency,-0.08063969424894482
roman_empire,BundleSheaf,false,5,5,epoch-0,1,7,saliency,0.29336711543238336
roman_empire,BundleSheaf,false,5,5,epoch-0,2,7,saliency,0.5250937816676933
roman_empire,BundleSheaf,false,5,5,epoch-0,3,7,saliency,0.6886641466131136
roman_empire,BundleSheaf,false,5,5,epoch-0,4,7,saliency,0.7801657309648472
roman_empire,BundleSheaf,false,5,5,epoch-0,5,7,saliency,0.8557319610215921
roman_empire,BundleSheaf,false,5,5,epoch-0,0,7,cohens_d_train,0.1545132
roman_empire,BundleSheaf,false,5,5,epoch-0,1,7,cohens_d_train,0.3442027
roman_empire,BundleSheaf,false,5,5,epoch-0,2,7,cohens_d_train,0.3959269
roman_empire,BundleSheaf,false,5,5,epoch-0,3,7,cohens_d_train,0.364643
roman_empire,BundleSheaf,false,5,5,epoch-0,4,7,cohens_d_train,0.28546536
roman_empire,BundleSheaf,false,5,5,epoch-0,5,7,cohens_d_train,0.21293123
roman_empire,BundleSheaf,false,5,5,epoch-0,0,7,cohens_d_test,0.16306493
roman_empire,BundleSheaf,false,5,5,epoch-0,1,7,cohens_d_test,0.35912198
roman_empire,BundleSheaf,false,5,5,epoch-0,2,7,cohens_d_test,0.4215562
roman_empire,BundleSheaf,false,5,5,epoch-0,3,7,cohens_d_test,0.32588354
roman_empire,BundleSheaf,false,5,5,epoch-0,4,7,cohens_d_test,0.18402256
roman_empire,BundleSheaf,false,5,5,epoch-0,5,7,cohens_d_test,0.10357177
roman_empire,BundleSheaf,false,5,5,epoch-0,0,8,degree,-0.10015423877373028
roman_empire,BundleSheaf,false,5,5,epoch-0,1,8,degree,0.44878404382116865
roman_empire,BundleSheaf,false,5,5,epoch-0,2,8,degree,0.6886468878949571
roman_empire,BundleSheaf,false,5,5,epoch-0,3,8,degree,0.817406225094471
roman_empire,BundleSheaf,false,5,5,epoch-0,4,8,degree,0.8095560602827288
roman_empire,BundleSheaf,false,5,5,epoch-0,5,8,degree,0.7671265862341078
roman_empire,BundleSheaf,false,5,5,epoch-0,0,8,betweenness,-0.06460456813366952
roman_empire,BundleSheaf,false,5,5,epoch-0,1,8,betweenness,0.31112020498441784
roman_empire,BundleSheaf,false,5,5,epoch-0,2,8,betweenness,0.4629812744715113
roman_empire,BundleSheaf,false,5,5,epoch-0,3,8,betweenness,0.4977157741296392
roman_empire,BundleSheaf,false,5,5,epoch-0,4,8,betweenness,0.45655374393367143
roman_empire,BundleSheaf,false,5,5,epoch-0,5,8,betweenness,0.4025395723819054
roman_empire,BundleSheaf,false,5,5,epoch-0,0,8,confidence,-0.02803315321047157
roman_empire,BundleSheaf,false,5,5,epoch-0,1,8,confidence,0.3008291193934764
roman_empire,BundleSheaf,false,5,5,epoch-0,2,8,confidence,0.43716903139646407
roman_empire,BundleSheaf,false,5,5,epoch-0,3,8,confidence,0.5388584054137394
roman_empire,BundleSheaf,false,5,5,epoch-0,4,8,confidence,0.5922542782363968
roman_empire,BundleSheaf,false,5,5,epoch-0,5,8,confidence,0.6215135641752221
roman_empire,BundleSheaf,false,5,5,epoch-0,0,8,saliency,-0.07575651676783639
roman_empire,BundleSheaf,false,5,5,epoch-0,1,8,saliency,0.31117588224094656
roman_empire,BundleSheaf,false,5,5,epoch-0,2,8,saliency,0.521981530133055
roman_empire,BundleSheaf,false,5,5,epoch-0,3,8,saliency,0.7026687746599385
roman_empire,BundleSheaf,false,5,5,epoch-0,4,8,saliency,0.803031297688141
roman_empire,BundleSheaf,false,5,5,epoch-0,5,8,saliency,0.8635912688424077
roman_empire,BundleSheaf,false,5,5,epoch-0,0,8,cohens_d_train,0.21596728
roman_empire,BundleSheaf,false,5,5,epoch-0,1,8,cohens_d_train,0.19614927
roman_empire,BundleSheaf,false,5,5,epoch-0,2,8,cohens_d_train,0.087930754
roman_empire,BundleSheaf,false,5,5,epoch-0,3,8,cohens_d_train,0.005052688
roman_empire,BundleSheaf,false,5,5,epoch-0,4,8,cohens_d_train,0.019367335
roman_empire,BundleSheaf,false,5,5,epoch-0,5,8,cohens_d_train,0.012508622
roman_empire,BundleSheaf,false,5,5,epoch-0,0,8,cohens_d_test,0.23145632
roman_empire,BundleSheaf,false,5,5,epoch-0,1,8,cohens_d_test,0.19142906
roman_empire,BundleSheaf,false,5,5,epoch-0,2,8,cohens_d_test,0.08480811
roman_empire,BundleSheaf,false,5,5,epoch-0,3,8,cohens_d_test,0.0025915871
roman_empire,BundleSheaf,false,5,5,epoch-0,4,8,cohens_d_test,0.03265524
roman_empire,BundleSheaf,false,5,5,epoch-0,5,8,cohens_d_test,0.02490281
roman_empire,BundleSheaf,false,5,5,epoch-0,0,9,degree,-0.11934808102402591
roman_empire,BundleSheaf,false,5,5,epoch-0,1,9,degree,0.4170264261535307
roman_empire,BundleSheaf,false,5,5,epoch-0,2,9,degree,0.6707924833105439
roman_empire,BundleSheaf,false,5,5,epoch-0,3,9,degree,0.7853173734580915
roman_empire,BundleSheaf,false,5,5,epoch-0,4,9,degree,0.8030186406259535
roman_empire,BundleSheaf,false,5,5,epoch-0,5,9,degree,0.7527405202818706
roman_empire,BundleSheaf,false,5,5,epoch-0,0,9,betweenness,-0.07533632568556956
roman_empire,BundleSheaf,false,5,5,epoch-0,1,9,betweenness,0.2997429580846709
roman_empire,BundleSheaf,false,5,5,epoch-0,2,9,betweenness,0.4561860449592608
roman_empire,BundleSheaf,false,5,5,epoch-0,3,9,betweenness,0.48691869209680794
roman_empire,BundleSheaf,false,5,5,epoch-0,4,9,betweenness,0.44986711225636644
roman_empire,BundleSheaf,false,5,5,epoch-0,5,9,betweenness,0.3806599622131244
roman_empire,BundleSheaf,false,5,5,epoch-0,0,9,confidence,-0.0055789242965817625
roman_empire,BundleSheaf,false,5,5,epoch-0,1,9,confidence,0.2905079203437589
roman_empire,BundleSheaf,false,5,5,epoch-0,2,9,confidence,0.4248807674238089
roman_empire,BundleSheaf,false,5,5,epoch-0,3,9,confidence,0.5142611503176637
roman_empire,BundleSheaf,false,5,5,epoch-0,4,9,confidence,0.5824193431191559
roman_empire,BundleSheaf,false,5,5,epoch-0,5,9,confidence,0.6156361177712463
roman_empire,BundleSheaf,false,5,5,epoch-0,0,9,saliency,-0.07553370190696547
roman_empire,BundleSheaf,false,5,5,epoch-0,1,9,saliency,0.2935335302107847
roman_empire,BundleSheaf,false,5,5,epoch-0,2,9,saliency,0.513679879734654
roman_empire,BundleSheaf,false,5,5,epoch-0,3,9,saliency,0.6704884939850937
roman_empire,BundleSheaf,false,5,5,epoch-0,4,9,saliency,0.7926569307470147
roman_empire,BundleSheaf,false,5,5,epoch-0,5,9,saliency,0.8668179591848139
roman_empire,BundleSheaf,false,5,5,epoch-0,0,9,cohens_d_train,0.17844528
roman_empire,BundleSheaf,false,5,5,epoch-0,1,9,cohens_d_train,0.3036214
roman_empire,BundleSheaf,false,5,5,epoch-0,2,9,cohens_d_train,0.3371275
roman_empire,BundleSheaf,false,5,5,epoch-0,3,9,cohens_d_train,0.27658445
roman_empire,BundleSheaf,false,5,5,epoch-0,4,9,cohens_d_train,0.20128246
roman_empire,BundleSheaf,false,5,5,epoch-0,5,9,cohens_d_train,0.13914476
roman_empire,BundleSheaf,false,5,5,epoch-0,0,9,cohens_d_test,0.17223993
roman_empire,BundleSheaf,false,5,5,epoch-0,1,9,cohens_d_test,0.27232856
roman_empire,BundleSheaf,false,5,5,epoch-0,2,9,cohens_d_test,0.28137517
roman_empire,BundleSheaf,false,5,5,epoch-0,3,9,cohens_d_test,0.2684082
roman_empire,BundleSheaf,false,5,5,epoch-0,4,9,cohens_d_test,0.24245696
roman_empire,BundleSheaf,false,5,5,epoch-0,5,9,cohens_d_test,0.19106719
roman_empire,BundleSheaf,false,5,5,epoch-1,0,0,degree,-0.1109871938277416
roman_empire,BundleSheaf,false,5,5,epoch-1,1,0,degree,0.4104635192477459
roman_empire,BundleSheaf,false,5,5,epoch-1,2,0,degree,0.6544197481261553
roman_empire,BundleSheaf,false,5,5,epoch-1,3,0,degree,0.7680206505046182
roman_empire,BundleSheaf,false,5,5,epoch-1,4,0,degree,0.7850864933896037
roman_empire,BundleSheaf,false,5,5,epoch-1,5,0,degree,0.7492063685164594
roman_empire,BundleSheaf,false,5,5,epoch-1,0,0,betweenness,-0.07985138818824185
roman_empire,BundleSheaf,false,5,5,epoch-1,1,0,betweenness,0.2907452476825941
roman_empire,BundleSheaf,false,5,5,epoch-1,2,0,betweenness,0.4398079856872125
roman_empire,BundleSheaf,false,5,5,epoch-1,3,0,betweenness,0.46877413357829645
roman_empire,BundleSheaf,false,5,5,epoch-1,4,0,betweenness,0.42945382387462405
roman_empire,BundleSheaf,false,5,5,epoch-1,5,0,betweenness,0.3840930801389549
roman_empire,BundleSheaf,false,5,5,epoch-1,0,0,confidence,0.021832837844801667
roman_empire,BundleSheaf,false,5,5,epoch-1,1,0,confidence,0.27479608391575544
roman_empire,BundleSheaf,false,5,5,epoch-1,2,0,confidence,0.4029221447873575
roman_empire,BundleSheaf,false,5,5,epoch-1,3,0,confidence,0.4983266737589218
roman_empire,BundleSheaf,false,5,5,epoch-1,4,0,confidence,0.573058962415713
roman_empire,BundleSheaf,false,5,5,epoch-1,5,0,confidence,0.6097930089255971
roman_empire,BundleSheaf,false,5,5,epoch-1,0,0,saliency,-0.09380988029565694
roman_empire,BundleSheaf,false,5,5,epoch-1,1,0,saliency,0.2567939769795803
roman_empire,BundleSheaf,false,5,5,epoch-1,2,0,saliency,0.4755255691167533
roman_empire,BundleSheaf,false,5,5,epoch-1,3,0,saliency,0.6508455787763006
roman_empire,BundleSheaf,false,5,5,epoch-1,4,0,saliency,0.7750550134447992
roman_empire,BundleSheaf,false,5,5,epoch-1,5,0,saliency,0.8472578508208043
roman_empire,BundleSheaf,false,5,5,epoch-1,0,0,cohens_d_train,0.12887871
roman_empire,BundleSheaf,false,5,5,epoch-1,1,0,cohens_d_train,0.037106134
roman_empire,BundleSheaf,false,5,5,epoch-1,2,0,cohens_d_train,0.124297045
roman_empire,BundleSheaf,false,5,5,epoch-1,3,0,cohens_d_train,0.1302767
roman_empire,BundleSheaf,false,5,5,epoch-1,4,0,cohens_d_train,0.08788088
roman_empire,BundleSheaf,false,5,5,epoch-1,5,0,cohens_d_train,0.046105463
roman_empire,BundleSheaf,false,5,5,epoch-1,0,0,cohens_d_test,0.02207613
roman_empire,BundleSheaf,false,5,5,epoch-1,1,0,cohens_d_test,0.10020913
roman_empire,BundleSheaf,false,5,5,epoch-1,2,0,cohens_d_test,0.15183088
roman_empire,BundleSheaf,false,5,5,epoch-1,3,0,cohens_d_test,0.15450427
roman_empire,BundleSheaf,false,5,5,epoch-1,4,0,cohens_d_test,0.14435193
roman_empire,BundleSheaf,false,5,5,epoch-1,5,0,cohens_d_test,0.12748748
roman_empire,BundleSheaf,false,5,5,epoch-1,0,1,degree,-0.11974036423179964
roman_empire,BundleSheaf,false,5,5,epoch-1,1,1,degree,0.4237821424226228
roman_empire,BundleSheaf,false,5,5,epoch-1,2,1,degree,0.6740887487525963
roman_empire,BundleSheaf,false,5,5,epoch-1,3,1,degree,0.8025959819255775
roman_empire,BundleSheaf,false,5,5,epoch-1,4,1,degree,0.7861798195151168
roman_empire,BundleSheaf,false,5,5,epoch-1,5,1,degree,0.7661528774856113
roman_empire,BundleSheaf,false,5,5,epoch-1,0,1,betweenness,-0.09204709554913491
roman_empire,BundleSheaf,false,5,5,epoch-1,1,1,betweenness,0.3010823242144729
roman_empire,BundleSheaf,false,5,5,epoch-1,2,1,betweenness,0.45913213230314104
roman_empire,BundleSheaf,false,5,5,epoch-1,3,1,betweenness,0.4877792387555037
roman_empire,BundleSheaf,false,5,5,epoch-1,4,1,betweenness,0.42639052897718815
roman_empire,BundleSheaf,false,5,5,epoch-1,5,1,betweenness,0.3943607234813493
roman_empire,BundleSheaf,false,5,5,epoch-1,0,1,confidence,-0.0019276377712832923
roman_empire,BundleSheaf,false,5,5,epoch-1,1,1,confidence,0.2827990426402989
roman_empire,BundleSheaf,false,5,5,epoch-1,2,1,confidence,0.41659845215673813
roman_empire,BundleSheaf,false,5,5,epoch-1,3,1,confidence,0.5179245106199969
roman_empire,BundleSheaf,false,5,5,epoch-1,4,1,confidence,0.5841474997544758
roman_empire,BundleSheaf,false,5,5,epoch-1,5,1,confidence,0.6064259381984559
roman_empire,BundleSheaf,false,5,5,epoch-1,0,1,saliency,-0.08156717026729655
roman_empire,BundleSheaf,false,5,5,epoch-1,1,1,saliency,0.27687311347945665
roman_empire,BundleSheaf,false,5,5,epoch-1,2,1,saliency,0.4979315636724731
roman_empire,BundleSheaf,false,5,5,epoch-1,3,1,saliency,0.6739242857525924
roman_empire,BundleSheaf,false,5,5,epoch-1,4,1,saliency,0.8009685483849157
roman_empire,BundleSheaf,false,5,5,epoch-1,5,1,saliency,0.8533979909626082
roman_empire,BundleSheaf,false,5,5,epoch-1,0,1,cohens_d_train,0.36532062
roman_empire,BundleSheaf,false,5,5,epoch-1,1,1,cohens_d_train,0.09494009
roman_empire,BundleSheaf,false,5,5,epoch-1,2,1,cohens_d_train,0.034385405
roman_empire,BundleSheaf,false,5,5,epoch-1,3,1,cohens_d_train,0.0658891
roman_empire,BundleSheaf,false,5,5,epoch-1,4,1,cohens_d_train,0.009051619
roman_empire,BundleSheaf,false,5,5,epoch-1,5,1,cohens_d_train,0.010950966
roman_empire,BundleSheaf,false,5,5,epoch-1,0,1,cohens_d_test,0.3491538
roman_empire,BundleSheaf,false,5,5,epoch-1,1,1,cohens_d_test,0.07238801
roman_empire,BundleSheaf,false,5,5,epoch-1,2,1,cohens_d_test,0.03928044
roman_empire,BundleSheaf,false,5,5,epoch-1,3,1,cohens_d_test,0.03570819
roman_empire,BundleSheaf,false,5,5,epoch-1,4,1,cohens_d_test,0.012765107
roman_empire,BundleSheaf,false,5,5,epoch-1,5,1,cohens_d_test,0.020791145
roman_empire,BundleSheaf,false,5,5,epoch-1,0,2,degree,-0.10719642024678083
roman_empire,BundleSheaf,false,5,5,epoch-1,1,2,degree,0.42235652205920937
roman_empire,BundleSheaf,false,5,5,epoch-1,2,2,degree,0.6865469393968247
roman_empire,BundleSheaf,false,5,5,epoch-1,3,2,degree,0.8224988046236705
roman_empire,BundleSheaf,false,5,5,epoch-1,4,2,degree,0.822923509571002
roman_empire,BundleSheaf,false,5,5,epoch-1,5,2,degree,0.7370317890468256
roman_empire,BundleSheaf,false,5,5,epoch-1,0,2,betweenness,-0.06799792511518657
roman_empire,BundleSheaf,false,5,5,epoch-1,1,2,betweenness,0.2981657852060475
roman_empire,BundleSheaf,false,5,5,epoch-1,2,2,betweenness,0.4586127829971578
roman_empire,BundleSheaf,false,5,5,epoch-1,3,2,betweenness,0.5041023917323149
roman_empire,BundleSheaf,false,5,5,epoch-1,4,2,betweenness,0.4642519933408523
roman_empire,BundleSheaf,false,5,5,epoch-1,5,2,betweenness,0.37414557427782297
roman_empire,BundleSheaf,false,5,5,epoch-1,0,2,confidence,-0.0017427829433199872
roman_empire,BundleSheaf,false,5,5,epoch-1,1,2,confidence,0.31428633147637236
roman_empire,BundleSheaf,false,5,5,epoch-1,2,2,confidence,0.46393498683933065
roman_empire,BundleSheaf,false,5,5,epoch-1,3,2,confidence,0.5518585164470586
roman_empire,BundleSheaf,false,5,5,epoch-1,4,2,confidence,0.6112996196254318
roman_empire,BundleSheaf,false,5,5,epoch-1,5,2,confidence,0.6374437894252751
roman_empire,BundleSheaf,false,5,5,epoch-1,0,2,saliency,-0.11327268789756208
roman_empire,BundleSheaf,false,5,5,epoch-1,1,2,saliency,0.24080316955589512
roman_empire,BundleSheaf,false,5,5,epoch-1,2,2,saliency,0.47728719271856584
roman_empire,BundleSheaf,false,5,5,epoch-1,3,2,saliency,0.6520620598186894
roman_empire,BundleSheaf,false,5,5,epoch-1,4,2,saliency,0.7656925068715273
roman_empire,BundleSheaf,false,5,5,epoch-1,5,2,saliency,0.8397928164605685
roman_empire,BundleSheaf,false,5,5,epoch-1,0,2,cohens_d_train,0.072151035
roman_empire,BundleSheaf,false,5,5,epoch-1,1,2,cohens_d_train,0.20803694
roman_empire,BundleSheaf,false,5,5,epoch-1,2,2,cohens_d_train,0.23420656
roman_empire,BundleSheaf,false,5,5,epoch-1,3,2,cohens_d_train,0.097973265
roman_empire,BundleSheaf,false,5,5,epoch-1,4,2,cohens_d_train,0.021666829
roman_empire,BundleSheaf,false,5,5,epoch-1,5,2,cohens_d_train,0.017400132
roman_empire,BundleSheaf,false,5,5,epoch-1,0,2,cohens_d_test,0.15016301
roman_empire,BundleSheaf,false,5,5,epoch-1,1,2,cohens_d_test,0.12545902
roman_empire,BundleSheaf,false,5,5,epoch-1,2,2,cohens_d_test,0.20048676
roman_empire,BundleSheaf,false,5,5,epoch-1,3,2,cohens_d_test,0.12082014
roman_empire,BundleSheaf,false,5,5,epoch-1,4,2,cohens_d_test,0.054356396
roman_empire,BundleSheaf,false,5,5,epoch-1,5,2,cohens_d_test,0.002926726
roman_empire,BundleSheaf,false,5,5,epoch-1,0,3,degree,-0.0923030130299851
roman_empire,BundleSheaf,false,5,5,epoch-1,1,3,degree,0.4243863463386564
roman_empire,BundleSheaf,false,5,5,epoch-1,2,3,degree,0.6603675803305739
roman_empire,BundleSheaf,false,5,5,epoch-1,3,3,degree,0.8002865701764325
roman_empire,BundleSheaf,false,5,5,epoch-1,4,3,degree,0.8092026531487392
roman_empire,BundleSheaf,false,5,5,epoch-1,5,3,degree,0.7666417209177071
roman_empire,BundleSheaf,false,5,5,epoch-1,0,3,betweenness,-0.06042569226645827
roman_empire,BundleSheaf,false,5,5,epoch-1,1,3,betweenness,0.3024281295275544
roman_empire,BundleSheaf,false,5,5,epoch-1,2,3,betweenness,0.4486146394345134
roman_empire,BundleSheaf,false,5,5,epoch-1,3,3,betweenness,0.48220548659414564
roman_empire,BundleSheaf,false,5,5,epoch-1,4,3,betweenness,0.44195870071941384
roman_empire,BundleSheaf,false,5,5,epoch-1,5,3,betweenness,0.38765340058491005
roman_empire,BundleSheaf,false,5,5,epoch-1,0,3,confidence,0.025455655552198638
roman_empire,BundleSheaf,false,5,5,epoch-1,1,3,confidence,0.2769634518037646
roman_empire,BundleSheaf,false,5,5,epoch-1,2,3,confidence,0.4013583682218335
roman_empire,BundleSheaf,false,5,5,epoch-1,3,3,confidence,0.5151190909168701
roman_empire,BundleSheaf,false,5,5,epoch-1,4,3,confidence,0.5783720381535503
roman_empire,BundleSheaf,false,5,5,epoch-1,5,3,confidence,0.6057629934365866
roman_empire,BundleSheaf,false,5,5,epoch-1,0,3,saliency,-0.06927693290186654
roman_empire,BundleSheaf,false,5,5,epoch-1,1,3,saliency,0.2595146462087391
roman_empire,BundleSheaf,false,5,5,epoch-1,2,3,saliency,0.4731057967597724
roman_empire,BundleSheaf,false,5,5,epoch-1,3,3,saliency,0.6721304664825667
roman_empire,BundleSheaf,false,5,5,epoch-1,4,3,saliency,0.7920744503374483
roman_empire,BundleSheaf,false,5,5,epoch-1,5,3,saliency,0.8592545835392161
roman_empire,BundleSheaf,false,5,5,epoch-1,0,3,cohens_d_train,0.093532816
roman_empire,BundleSheaf,false,5,5,epoch-1,1,3,cohens_d_train,0.09465502
roman_empire,BundleSheaf,false,5,5,epoch-1,2,3,cohens_d_train,0.06208084
roman_empire,BundleSheaf,false,5,5,epoch-1,3,3,cohens_d_train,0.029202482
roman_empire,BundleSheaf,false,5,5,epoch-1,4,3,cohens_d_train,0.006708459
roman_empire,BundleSheaf,false,5,5,epoch-1,5,3,cohens_d_train,0.013527694
roman_empire,BundleSheaf,false,5,5,epoch-1,0,3,cohens_d_test,0.27372834
roman_empire,BundleSheaf,false,5,5,epoch-1,1,3,cohens_d_test,0.051872235
roman_empire,BundleSheaf,false,5,5,epoch-1,2,3,cohens_d_test,0.025418676
roman_empire,BundleSheaf,false,5,5,epoch-1,3,3,cohens_d_test,0.021239143
roman_empire,BundleSheaf,false,5,5,epoch-1,4,3,cohens_d_test,0.029212272
roman_empire,BundleSheaf,false,5,5,epoch-1,5,3,cohens_d_test,0.060332578
roman_empire,BundleSheaf,false,5,5,epoch-1,0,4,degree,-0.10866374845080941
roman_empire,BundleSheaf,false,5,5,epoch-1,1,4,degree,0.46002406380340644
roman_empire,BundleSheaf,false,5,5,epoch-1,2,4,degree,0.686091077055985
roman_empire,BundleSheaf,false,5,5,epoch-1,3,4,degree,0.7984826309822486
roman_empire,BundleSheaf,false,5,5,epoch-1,4,4,degree,0.8142357977268592
roman_empire,BundleSheaf,false,5,5,epoch-1,5,4,degree,0.7749868884647385
roman_empire,BundleSheaf,false,5,5,epoch-1,0,4,betweenness,-0.06347248712130239
roman_empire,BundleSheaf,false,5,5,epoch-1,1,4,betweenness,0.3253430474173016
roman_empire,BundleSheaf,false,5,5,epoch-1,2,4,betweenness,0.45925652306186343
roman_empire,BundleSheaf,false,5,5,epoch-1,3,4,betweenness,0.4799366675014869
roman_empire,BundleSheaf,false,5,5,epoch-1,4,4,betweenness,0.45016003313675207
roman_empire,BundleSheaf,false,5,5,epoch-1,5,4,betweenness,0.396740832402325
roman_empire,BundleSheaf,false,5,5,epoch-1,0,4,confidence,0.0899804418819486
roman_empire,BundleSheaf,false,5,5,epoch-1,1,4,confidence,0.35512593340100984
roman_empire,BundleSheaf,false,5,5,epoch-1,2,4,confidence,0.47641457577066987
roman_empire,BundleSheaf,false,5,5,epoch-1,3,4,confidence,0.5533200449049148
roman_empire,BundleSheaf,false,5,5,epoch-1,4,4,confidence,0.5948818878634687
roman_empire,BundleSheaf,false,5,5,epoch-1,5,4,confidence,0.6137944487163629
roman_empire,BundleSheaf,false,5,5,epoch-1,0,4,saliency,-0.08681393859422279
roman_empire,BundleSheaf,false,5,5,epoch-1,1,4,saliency,0.29452885383508187
roman_empire,BundleSheaf,false,5,5,epoch-1,2,4,saliency,0.5079460118324952
roman_empire,BundleSheaf,false,5,5,epoch-1,3,4,saliency,0.6718905041812415
roman_empire,BundleSheaf,false,5,5,epoch-1,4,4,saliency,0.776969930921662
roman_empire,BundleSheaf,false,5,5,epoch-1,5,4,saliency,0.8499542988833585
roman_empire,BundleSheaf,false,5,5,epoch-1,0,4,cohens_d_train,0.4059991
roman_empire,BundleSheaf,false,5,5,epoch-1,1,4,cohens_d_train,0.5017114
roman_empire,BundleSheaf,false,5,5,epoch-1,2,4,cohens_d_train,0.5012907
roman_empire,BundleSheaf,false,5,5,epoch-1,3,4,cohens_d_train,0.31697184
roman_empire,BundleSheaf,false,5,5,epoch-1,4,4,cohens_d_train,0.15477714
roman_empire,BundleSheaf,false,5,5,epoch-1,5,4,cohens_d_train,0.066088036
roman_empire,BundleSheaf,false,5,5,epoch-1,0,4,cohens_d_test,0.38911092
roman_empire,BundleSheaf,false,5,5,epoch-1,1,4,cohens_d_test,0.46195933
roman_empire,BundleSheaf,false,5,5,epoch-1,2,4,cohens_d_test,0.4782028
roman_empire,BundleSheaf,false,5,5,epoch-1,3,4,cohens_d_test,0.34299198
roman_empire,BundleSheaf,false,5,5,epoch-1,4,4,cohens_d_test,0.19070326
roman_empire,BundleSheaf,false,5,5,epoch-1,5,4,cohens_d_test,0.11843057
roman_empire,BundleSheaf,false,5,5,epoch-1,0,5,degree,-0.10856655033439491
roman_empire,BundleSheaf,false,5,5,epoch-1,1,5,degree,0.4242952682540031
roman_empire,BundleSheaf,false,5,5,epoch-1,2,5,degree,0.6527456959733219
roman_empire,BundleSheaf,false,5,5,epoch-1,3,5,degree,0.7769326062434792
roman_empire,BundleSheaf,false,5,5,epoch-1,4,5,degree,0.7618874134754551
roman_empire,BundleSheaf,false,5,5,epoch-1,5,5,degree,0.7316107362457765
roman_empire,BundleSheaf,false,5,5,epoch-1,0,5,betweenness,-0.08599943801357088
roman_empire,BundleSheaf,false,5,5,epoch-1,1,5,betweenness,0.29748417654985326
roman_empire,BundleSheaf,false,5,5,epoch-1,2,5,betweenness,0.4379461037069505
roman_empire,BundleSheaf,false,5,5,epoch-1,3,5,betweenness,0.4812507963195763
roman_empire,BundleSheaf,false,5,5,epoch-1,4,5,betweenness,0.4256984251355958
roman_empire,BundleSheaf,false,5,5,epoch-1,5,5,betweenness,0.3767946784984809
roman_empire,BundleSheaf,false,5,5,epoch-1,0,5,confidence,0.08814864606355123
roman_empire,BundleSheaf,false,5,5,epoch-1,1,5,confidence,0.33791067328966323
roman_empire,BundleSheaf,false,5,5,epoch-1,2,5,confidence,0.4594873193591008
roman_empire,BundleSheaf,false,5,5,epoch-1,3,5,confidence,0.5322791194522708
roman_empire,BundleSheaf,false,5,5,epoch-1,4,5,confidence,0.5926849242627292
roman_empire,BundleSheaf,false,5,5,epoch-1,5,5,confidence,0.6239044985305804
roman_empire,BundleSheaf,false,5,5,epoch-1,0,5,saliency,-0.0753497092905
roman_empire,BundleSheaf,false,5,5,epoch-1,1,5,saliency,0.2781317556858959
roman_empire,BundleSheaf,false,5,5,epoch-1,2,5,saliency,0.4860506860615656
roman_empire,BundleSheaf,false,5,5,epoch-1,3,5,saliency,0.6329620986560348
roman_empire,BundleSheaf,false,5,5,epoch-1,4,5,saliency,0.7512531695593608
roman_empire,BundleSheaf,false,5,5,epoch-1,5,5,saliency,0.8241057002197691
roman_empire,BundleSheaf,false,5,5,epoch-1,0,5,cohens_d_train,0.048389222
roman_empire,BundleSheaf,false,5,5,epoch-1,1,5,cohens_d_train,0.08871301
roman_empire,BundleSheaf,false,5,5,epoch-1,2,5,cohens_d_train,0.114893146
roman_empire,BundleSheaf,false,5,5,epoch-1,3,5,cohens_d_train,0.1027662
roman_empire,BundleSheaf,false,5,5,epoch-1,4,5,cohens_d_train,0.054932427
roman_empire,BundleSheaf,false,5,5,epoch-1,5,5,cohens_d_train,0.029118054
roman_empire,BundleSheaf,false,5,5,epoch-1,0,5,cohens_d_test,0.130494
roman_empire,BundleSheaf,false,5,5,epoch-1,1,5,cohens_d_test,0.21011056
roman_empire,BundleSheaf,false,5,5,epoch-1,2,5,cohens_d_test,0.23471095
roman_empire,BundleSheaf,false,5,5,epoch-1,3,5,cohens_d_test,0.22519642
roman_empire,BundleSheaf,false,5,5,epoch-1,4,5,cohens_d_test,0.1971948
roman_empire,BundleSheaf,false,5,5,epoch-1,5,5,cohens_d_test,0.20563638
roman_empire,BundleSheaf,false,5,5,epoch-1,0,6,degree,-0.11784778514052488
roman_empire,BundleSheaf,false,5,5,epoch-1,1,6,degree,0.4150957637725204
roman_empire,BundleSheaf,false,5,5,epoch-1,2,6,degree,0.6690080496272258
roman_empire,BundleSheaf,false,5,5,epoch-1,3,6,degree,0.7779998016631308
roman_empire,BundleSheaf,false,5,5,epoch-1,4,6,degree,0.8052165287560703
roman_empire,BundleSheaf,false,5,5,epoch-1,5,6,degree,0.8013006130154329
roman_empire,BundleSheaf,false,5,5,epoch-1,0,6,betweenness,-0.09431348397365669
roman_empire,BundleSheaf,false,5,5,epoch-1,1,6,betweenness,0.29065511950003975
roman_empire,BundleSheaf,false,5,5,epoch-1,2,6,betweenness,0.4509801188282908
roman_empire,BundleSheaf,false,5,5,epoch-1,3,6,betweenness,0.48553870489017437
roman_empire,BundleSheaf,false,5,5,epoch-1,4,6,betweenness,0.45207126167354833
roman_empire,BundleSheaf,false,5,5,epoch-1,5,6,betweenness,0.42741112444332163
roman_empire,BundleSheaf,false,5,5,epoch-1,0,6,confidence,0.04784647700844607
roman_empire,BundleSheaf,false,5,5,epoch-1,1,6,confidence,0.3337033353154518
roman_empire,BundleSheaf,false,5,5,epoch-1,2,6,confidence,0.46517396695344604
roman_empire,BundleSheaf,false,5,5,epoch-1,3,6,confidence,0.547219050635009
roman_empire,BundleSheaf,false,5,5,epoch-1,4,6,confidence,0.5949038206760509
roman_empire,BundleSheaf,false,5,5,epoch-1,5,6,confidence,0.6109194092265053
roman_empire,BundleSheaf,false,5,5,epoch-1,0,6,saliency,-0.07120039057604087
roman_empire,BundleSheaf,false,5,5,epoch-1,1,6,saliency,0.3001979011544507
roman_empire,BundleSheaf,false,5,5,epoch-1,2,6,saliency,0.5131291607257925
roman_empire,BundleSheaf,false,5,5,epoch-1,3,6,saliency,0.6745949613111598
roman_empire,BundleSheaf,false,5,5,epoch-1,4,6,saliency,0.7798307857759195
roman_empire,BundleSheaf,false,5,5,epoch-1,5,6,saliency,0.8406429631270558
roman_empire,BundleSheaf,false,5,5,epoch-1,0,6,cohens_d_train,0.25509596
roman_empire,BundleSheaf,false,5,5,epoch-1,1,6,cohens_d_train,0.10474901
roman_empire,BundleSheaf,false,5,5,epoch-1,2,6,cohens_d_train,0.02955913
roman_empire,BundleSheaf,false,5,5,epoch-1,3,6,cohens_d_train,0.05895178
roman_empire,BundleSheaf,false,5,5,epoch-1,4,6,cohens_d_train,0.07361294
roman_empire,BundleSheaf,false,5,5,epoch-1,5,6,cohens_d_train,0.040069588
roman_empire,BundleSheaf,false,5,5,epoch-1,0,6,cohens_d_test,0.2718277
roman_empire,BundleSheaf,false,5,5,epoch-1,1,6,cohens_d_test,0.1612162
roman_empire,BundleSheaf,false,5,5,epoch-1,2,6,cohens_d_test,0.02823376
roman_empire,BundleSheaf,false,5,5,epoch-1,3,6,cohens_d_test,0.018105287
roman_empire,BundleSheaf,false,5,5,epoch-1,4,6,cohens_d_test,0.05335767
roman_empire,BundleSheaf,false,5,5,epoch-1,5,6,cohens_d_test,0.036222603
roman_empire,BundleSheaf,false,5,5,epoch-1,0,7,degree,-0.08772010566821109
roman_empire,BundleSheaf,false,5,5,epoch-1,1,7,degree,0.41627641289866274
roman_empire,BundleSheaf,false,5,5,epoch-1,2,7,degree,0.664564796915508
roman_empire,BundleSheaf,false,5,5,epoch-1,3,7,degree,0.7901109406654777
roman_empire,BundleSheaf,false,5,5,epoch-1,4,7,degree,0.8084024862486303
roman_empire,BundleSheaf,false,5,5,epoch-1,5,7,degree,0.7143058680874446
roman_empire,BundleSheaf,false,5,5,epoch-1,0,7,betweenness,-0.04442920299268652
roman_empire,BundleSheaf,false,5,5,epoch-1,1,7,betweenness,0.2902204246072777
roman_empire,BundleSheaf,false,5,5,epoch-1,2,7,betweenness,0.44504631406090495
roman_empire,BundleSheaf,false,5,5,epoch-1,3,7,betweenness,0.4722332374691374
roman_empire,BundleSheaf,false,5,5,epoch-1,4,7,betweenness,0.45145570840937893
roman_empire,BundleSheaf,false,5,5,epoch-1,5,7,betweenness,0.34879192519541646
roman_empire,BundleSheaf,false,5,5,epoch-1,0,7,confidence,0.04887081167360013
roman_empire,BundleSheaf,false,5,5,epoch-1,1,7,confidence,0.26702424242312073
roman_empire,BundleSheaf,false,5,5,epoch-1,2,7,confidence,0.3769549375145934
roman_empire,BundleSheaf,false,5,5,epoch-1,3,7,confidence,0.4671339671532478
roman_empire,BundleSheaf,false,5,5,epoch-1,4,7,confidence,0.5215440768397994
roman_empire,BundleSheaf,false,5,5,epoch-1,5,7,confidence,0.5827127363590439
roman_empire,BundleSheaf,false,5,5,epoch-1,0,7,saliency,-0.07810673144149774
roman_empire,BundleSheaf,false,5,5,epoch-1,1,7,saliency,0.24898990110065472
roman_empire,BundleSheaf,false,5,5,epoch-1,2,7,saliency,0.46219950954750827
roman_empire,BundleSheaf,false,5,5,epoch-1,3,7,saliency,0.6441595078997163
roman_empire,BundleSheaf,false,5,5,epoch-1,4,7,saliency,0.7557385590655583
roman_empire,BundleSheaf,false,5,5,epoch-1,5,7,saliency,0.8316569507940947
roman_empire,BundleSheaf,false,5,5,epoch-1,0,7,cohens_d_train,0.45006534
roman_empire,BundleSheaf,false,5,5,epoch-1,1,7,cohens_d_train,0.5420802
roman_empire,BundleSheaf,false,5,5,epoch-1,2,7,cohens_d_train,0.45879957
roman_empire,BundleSheaf,false,5,5,epoch-1,3,7,cohens_d_train,0.21546033
roman_empire,BundleSheaf,false,5,5,epoch-1,4,7,cohens_d_train,0.0808395
roman_empire,BundleSheaf,false,5,5,epoch-1,5,7,cohens_d_train,0.010746481
roman_empire,BundleSheaf,false,5,5,epoch-1,0,7,cohens_d_test,0.45587087
roman_empire,BundleSheaf,false,5,5,epoch-1,1,7,cohens_d_test,0.57799125
roman_empire,BundleSheaf,false,5,5,epoch-1,2,7,cohens_d_test,0.49072635
roman_empire,BundleSheaf,false,5,5,epoch-1,3,7,cohens_d_test,0.22162612
roman_empire,BundleSheaf,false,5,5,epoch-1,4,7,cohens_d_test,0.06780133
roman_empire,BundleSheaf,false,5,5,epoch-1,5,7,cohens_d_test,0.018552803
roman_empire,BundleSheaf,false,5,5,epoch-1,0,8,degree,-0.09747338828357931
roman_empire,BundleSheaf,false,5,5,epoch-1,1,8,degree,0.42651011887593854
roman_empire,BundleSheaf,false,5,5,epoch-1,2,8,degree,0.6657560903598049
roman_empire,BundleSheaf,false,5,5,epoch-1,3,8,degree,0.8050356211900497
roman_empire,BundleSheaf,false,5,5,epoch-1,4,8,degree,0.7984981308214832
roman_empire,BundleSheaf,false,5,5,epoch-1,5,8,degree,0.7718422668439081
roman_empire,BundleSheaf,false,5,5,epoch-1,0,8,betweenness,-0.0734637565867948
roman_empire,BundleSheaf,false,5,5,epoch-1,1,8,betweenness,0.2904025369550763
roman_empire,BundleSheaf,false,5,5,epoch-1,2,8,betweenness,0.44414111727480854
roman_empire,BundleSheaf,false,5,5,epoch-1,3,8,betweenness,0.4896530275269553
roman_empire,BundleSheaf,false,5,5,epoch-1,4,8,betweenness,0.44472981385568133
roman_empire,BundleSheaf,false,5,5,epoch-1,5,8,betweenness,0.40125442550703483
roman_empire,BundleSheaf,false,5,5,epoch-1,0,8,confidence,-0.0011160688941114713
roman_empire,BundleSheaf,false,5,5,epoch-1,1,8,confidence,0.30919770352539705
roman_empire,BundleSheaf,false,5,5,epoch-1,2,8,confidence,0.4391742342413906
roman_empire,BundleSheaf,false,5,5,epoch-1,3,8,confidence,0.5373547012642551
roman_empire,BundleSheaf,false,5,5,epoch-1,4,8,confidence,0.5901604857934238
roman_empire,BundleSheaf,false,5,5,epoch-1,5,8,confidence,0.6191807970035897
roman_empire,BundleSheaf,false,5,5,epoch-1,0,8,saliency,-0.08578576885391047
roman_empire,BundleSheaf,false,5,5,epoch-1,1,8,saliency,0.2748760970237129
roman_empire,BundleSheaf,false,5,5,epoch-1,2,8,saliency,0.4878967115511688
roman_empire,BundleSheaf,false,5,5,epoch-1,3,8,saliency,0.6687182899542734
roman_empire,BundleSheaf,false,5,5,epoch-1,4,8,saliency,0.7806819977712145
roman_empire,BundleSheaf,false,5,5,epoch-1,5,8,saliency,0.8496961237587388
roman_empire,BundleSheaf,false,5,5,epoch-1,0,8,cohens_d_train,0.27876046
roman_empire,BundleSheaf,false,5,5,epoch-1,1,8,cohens_d_train,0.1188751
roman_empire,BundleSheaf,false,5,5,epoch-1,2,8,cohens_d_train,0.004555645
roman_empire,BundleSheaf,false,5,5,epoch-1,3,8,cohens_d_train,0.14903066
roman_empire,BundleSheaf,false,5,5,epoch-1,4,8,cohens_d_train,0.17805506
roman_empire,BundleSheaf,false,5,5,epoch-1,5,8,cohens_d_train,0.12501824
roman_empire,BundleSheaf,false,5,5,epoch-1,0,8,cohens_d_test,0.402771
roman_empire,BundleSheaf,false,5,5,epoch-1,1,8,cohens_d_test,0.22739813
roman_empire,BundleSheaf,false,5,5,epoch-1,2,8,cohens_d_test,0.08633035
roman_empire,BundleSheaf,false,5,5,epoch-1,3,8,cohens_d_test,0.08867183
roman_empire,BundleSheaf,false,5,5,epoch-1,4,8,cohens_d_test,0.18040456
roman_empire,BundleSheaf,false,5,5,epoch-1,5,8,cohens_d_test,0.21725167
roman_empire,BundleSheaf,false,5,5,epoch-1,0,9,degree,-0.11407200241800215
roman_empire,BundleSheaf,false,5,5,epoch-1,1,9,degree,0.4080515440932856
roman_empire,BundleSheaf,false,5,5,epoch-1,2,9,degree,0.651693973418494
roman_empire,BundleSheaf,false,5,5,epoch-1,3,9,degree,0.7760300848531065
roman_empire,BundleSheaf,false,5,5,epoch-1,4,9,degree,0.7920667937771673
roman_empire,BundleSheaf,false,5,5,epoch-1,5,9,degree,0.7423463304005512
roman_empire,BundleSheaf,false,5,5,epoch-1,0,9,betweenness,-0.07467187246701733
roman_empire,BundleSheaf,false,5,5,epoch-1,1,9,betweenness,0.2944506641081758
roman_empire,BundleSheaf,false,5,5,epoch-1,2,9,betweenness,0.44137116612697663
roman_empire,BundleSheaf,false,5,5,epoch-1,3,9,betweenness,0.47794140870030744
roman_empire,BundleSheaf,false,5,5,epoch-1,4,9,betweenness,0.4418829457949903
roman_empire,BundleSheaf,false,5,5,epoch-1,5,9,betweenness,0.37421181564565614
roman_empire,BundleSheaf,false,5,5,epoch-1,0,9,confidence,0.04259295779171813
roman_empire,BundleSheaf,false,5,5,epoch-1,1,9,confidence,0.30531824374740724
roman_empire,BundleSheaf,false,5,5,epoch-1,2,9,confidence,0.4304097109929725
roman_empire,BundleSheaf,false,5,5,epoch-1,3,9,confidence,0.5197590746311463
roman_empire,BundleSheaf,false,5,5,epoch-1,4,9,confidence,0.5864183217115344
roman_empire,BundleSheaf,false,5,5,epoch-1,5,9,confidence,0.6183209395462647
roman_empire,BundleSheaf,false,5,5,epoch-1,0,9,saliency,-0.08771225534084727
roman_empire,BundleSheaf,false,5,5,epoch-1,1,9,saliency,0.269988089590142
roman_empire,BundleSheaf,false,5,5,epoch-1,2,9,saliency,0.4871426582417509
roman_empire,BundleSheaf,false,5,5,epoch-1,3,9,saliency,0.655137099866718
roman_empire,BundleSheaf,false,5,5,epoch-1,4,9,saliency,0.7745409430539736
roman_empire,BundleSheaf,false,5,5,epoch-1,5,9,saliency,0.8520425892429837
roman_empire,BundleSheaf,false,5,5,epoch-1,0,9,cohens_d_train,0.73109037
roman_empire,BundleSheaf,false,5,5,epoch-1,1,9,cohens_d_train,0.786751
roman_empire,BundleSheaf,false,5,5,epoch-1,2,9,cohens_d_train,0.6136137
roman_empire,BundleSheaf,false,5,5,epoch-1,3,9,cohens_d_train,0.38342175
roman_empire,BundleSheaf,false,5,5,epoch-1,4,9,cohens_d_train,0.12560035
roman_empire,BundleSheaf,false,5,5,epoch-1,5,9,cohens_d_train,0.0047201244
roman_empire,BundleSheaf,false,5,5,epoch-1,0,9,cohens_d_test,0.75503004
roman_empire,BundleSheaf,false,5,5,epoch-1,1,9,cohens_d_test,0.8467832
roman_empire,BundleSheaf,false,5,5,epoch-1,2,9,cohens_d_test,0.707842
roman_empire,BundleSheaf,false,5,5,epoch-1,3,9,cohens_d_test,0.5614055
roman_empire,BundleSheaf,false,5,5,epoch-1,4,9,cohens_d_test,0.3267632
roman_empire,BundleSheaf,false,5,5,epoch-1,5,9,cohens_d_test,0.123050295
roman_empire,BundleSheaf,false,5,5,epoch-5,0,0,degree,-0.12134641425018329
roman_empire,BundleSheaf,false,5,5,epoch-5,1,0,degree,0.38967625525631444
roman_empire,BundleSheaf,false,5,5,epoch-5,2,0,degree,0.6232305906903928
roman_empire,BundleSheaf,false,5,5,epoch-5,3,0,degree,0.7428364004438737
roman_empire,BundleSheaf,false,5,5,epoch-5,4,0,degree,0.7679488278414058
roman_empire,BundleSheaf,false,5,5,epoch-5,5,0,degree,0.7273070737919122
roman_empire,BundleSheaf,false,5,5,epoch-5,0,0,betweenness,-0.09224480499525464
roman_empire,BundleSheaf,false,5,5,epoch-5,1,0,betweenness,0.27407665982077756
roman_empire,BundleSheaf,false,5,5,epoch-5,2,0,betweenness,0.4043599007638039
roman_empire,BundleSheaf,false,5,5,epoch-5,3,0,betweenness,0.4449426920783641
roman_empire,BundleSheaf,false,5,5,epoch-5,4,0,betweenness,0.41833393527785556
roman_empire,BundleSheaf,false,5,5,epoch-5,5,0,betweenness,0.37101530149038603
roman_empire,BundleSheaf,false,5,5,epoch-5,0,0,confidence,0.024984526567765623
roman_empire,BundleSheaf,false,5,5,epoch-5,1,0,confidence,0.3304658998916321
roman_empire,BundleSheaf,false,5,5,epoch-5,2,0,confidence,0.4576678737685077
roman_empire,BundleSheaf,false,5,5,epoch-5,3,0,confidence,0.5443132935960739
roman_empire,BundleSheaf,false,5,5,epoch-5,4,0,confidence,0.5905191481882437
roman_empire,BundleSheaf,false,5,5,epoch-5,5,0,confidence,0.6119792717935302
roman_empire,BundleSheaf,false,5,5,epoch-5,0,0,saliency,-0.1358289752842468
roman_empire,BundleSheaf,false,5,5,epoch-5,1,0,saliency,0.19644020482076957
roman_empire,BundleSheaf,false,5,5,epoch-5,2,0,saliency,0.4075866468152249
roman_empire,BundleSheaf,false,5,5,epoch-5,3,0,saliency,0.5784538268994538
roman_empire,BundleSheaf,false,5,5,epoch-5,4,0,saliency,0.6974172568147642
roman_empire,BundleSheaf,false,5,5,epoch-5,5,0,saliency,0.76892361044701
roman_empire,BundleSheaf,false,5,5,epoch-5,0,0,cohens_d_train,0.49338365
roman_empire,BundleSheaf,false,5,5,epoch-5,1,0,cohens_d_train,0.6665311
roman_empire,BundleSheaf,false,5,5,epoch-5,2,0,cohens_d_train,0.5008759
roman_empire,BundleSheaf,false,5,5,epoch-5,3,0,cohens_d_train,0.19564903
roman_empire,BundleSheaf,false,5,5,epoch-5,4,0,cohens_d_train,0.05749657
roman_empire,BundleSheaf,false,5,5,epoch-5,5,0,cohens_d_train,0.009540881
roman_empire,BundleSheaf,false,5,5,epoch-5,0,0,cohens_d_test,0.5776406
roman_empire,BundleSheaf,false,5,5,epoch-5,1,0,cohens_d_test,0.73744756
roman_empire,BundleSheaf,false,5,5,epoch-5,2,0,cohens_d_test,0.6747374
roman_empire,BundleSheaf,false,5,5,epoch-5,3,0,cohens_d_test,0.46688718
roman_empire,BundleSheaf,false,5,5,epoch-5,4,0,cohens_d_test,0.19622561
roman_empire,BundleSheaf,false,5,5,epoch-5,5,0,cohens_d_test,0.067436665
roman_empire,BundleSheaf,false,5,5,epoch-5,0,1,degree,-0.11784459299691101
roman_empire,BundleSheaf,false,5,5,epoch-5,1,1,degree,0.37217435281024225
roman_empire,BundleSheaf,false,5,5,epoch-5,2,1,degree,0.6056973412749354
roman_empire,BundleSheaf,false,5,5,epoch-5,3,1,degree,0.7426362785246065
roman_empire,BundleSheaf,false,5,5,epoch-5,4,1,degree,0.749603613909849
roman_empire,BundleSheaf,false,5,5,epoch-5,5,1,degree,0.75941093326546
roman_empire,BundleSheaf,false,5,5,epoch-5,0,1,betweenness,-0.10938239278936729
roman_empire,BundleSheaf,false,5,5,epoch-5,1,1,betweenness,0.25534277771047376
roman_empire,BundleSheaf,false,5,5,epoch-5,2,1,betweenness,0.39546983691330867
roman_empire,BundleSheaf,false,5,5,epoch-5,3,1,betweenness,0.4390191406862757
roman_empire,BundleSheaf,false,5,5,epoch-5,4,1,betweenness,0.4026378952310688
roman_empire,BundleSheaf,false,5,5,epoch-5,5,1,betweenness,0.39281740763052797
roman_empire,BundleSheaf,false,5,5,epoch-5,0,1,confidence,0.042423022035514076
roman_empire,BundleSheaf,false,5,5,epoch-5,1,1,confidence,0.36263143314237595
roman_empire,BundleSheaf,false,5,5,epoch-5,2,1,confidence,0.4939614739780977
roman_empire,BundleSheaf,false,5,5,epoch-5,3,1,confidence,0.5797018987669427
roman_empire,BundleSheaf,false,5,5,epoch-5,4,1,confidence,0.6293189241303795
roman_empire,BundleSheaf,false,5,5,epoch-5,5,1,confidence,0.6377879568165824
roman_empire,BundleSheaf,false,5,5,epoch-5,0,1,saliency,-0.12277863306909725
roman_empire,BundleSheaf,false,5,5,epoch-5,1,1,saliency,0.18660649516262312
roman_empire,BundleSheaf,false,5,5,epoch-5,2,1,saliency,0.4038644671718632
roman_empire,BundleSheaf,false,5,5,epoch-5,3,1,saliency,0.5904616615218586
roman_empire,BundleSheaf,false,5,5,epoch-5,4,1,saliency,0.706409296674151
roman_empire,BundleSheaf,false,5,5,epoch-5,5,1,saliency,0.7820530064015576
roman_empire,BundleSheaf,false,5,5,epoch-5,0,1,cohens_d_train,0.6043112
roman_empire,BundleSheaf,false,5,5,epoch-5,1,1,cohens_d_train,0.86211175
roman_empire,BundleSheaf,false,5,5,epoch-5,2,1,cohens_d_train,0.79649603
roman_empire,BundleSheaf,false,5,5,epoch-5,3,1,cohens_d_train,0.5027324
roman_empire,BundleSheaf,false,5,5,epoch-5,4,1,cohens_d_train,0.27513438
roman_empire,BundleSheaf,false,5,5,epoch-5,5,1,cohens_d_train,0.120596565
roman_empire,BundleSheaf,false,5,5,epoch-5,0,1,cohens_d_test,0.64078254
roman_empire,BundleSheaf,false,5,5,epoch-5,1,1,cohens_d_test,0.88310766
roman_empire,BundleSheaf,false,5,5,epoch-5,2,1,cohens_d_test,0.63613176
roman_empire,BundleSheaf,false,5,5,epoch-5,3,1,cohens_d_test,0.25558308
roman_empire,BundleSheaf,false,5,5,epoch-5,4,1,cohens_d_test,0.09034361
roman_empire,BundleSheaf,false,5,5,epoch-5,5,1,cohens_d_test,0.009238983
roman_empire,BundleSheaf,false,5,5,epoch-5,0,2,degree,-0.10768882161075967
roman_empire,BundleSheaf,false,5,5,epoch-5,1,2,degree,0.3791684120168491
roman_empire,BundleSheaf,false,5,5,epoch-5,2,2,degree,0.628795263814213
roman_empire,BundleSheaf,false,5,5,epoch-5,3,2,degree,0.7614416257926228
roman_empire,BundleSheaf,false,5,5,epoch-5,4,2,degree,0.7788356318906116
roman_empire,BundleSheaf,false,5,5,epoch-5,5,2,degree,0.7366461853713865
roman_empire,BundleSheaf,false,5,5,epoch-5,0,2,betweenness,-0.08494786947255753
roman_empire,BundleSheaf,false,5,5,epoch-5,1,2,betweenness,0.2741800320921371
roman_empire,BundleSheaf,false,5,5,epoch-5,2,2,betweenness,0.41326621307473377
roman_empire,BundleSheaf,false,5,5,epoch-5,3,2,betweenness,0.4538435959237265
roman_empire,BundleSheaf,false,5,5,epoch-5,4,2,betweenness,0.4305057774964678
roman_empire,BundleSheaf,false,5,5,epoch-5,5,2,betweenness,0.3801017581408338
roman_empire,BundleSheaf,false,5,5,epoch-5,0,2,confidence,0.05789260856257404
roman_empire,BundleSheaf,false,5,5,epoch-5,1,2,confidence,0.34495373134723584
roman_empire,BundleSheaf,false,5,5,epoch-5,2,2,confidence,0.4728902907585624
roman_empire,BundleSheaf,false,5,5,epoch-5,3,2,confidence,0.5502249147758195
roman_empire,BundleSheaf,false,5,5,epoch-5,4,2,confidence,0.6013190733184918
roman_empire,BundleSheaf,false,5,5,epoch-5,5,2,confidence,0.6194373236767117
roman_empire,BundleSheaf,false,5,5,epoch-5,0,2,saliency,-0.09809334754400913
roman_empire,BundleSheaf,false,5,5,epoch-5,1,2,saliency,0.2370296206169921
roman_empire,BundleSheaf,false,5,5,epoch-5,2,2,saliency,0.45455238282126276
roman_empire,BundleSheaf,false,5,5,epoch-5,3,2,saliency,0.6141684010623795
roman_empire,BundleSheaf,false,5,5,epoch-5,4,2,saliency,0.7280082955361865
roman_empire,BundleSheaf,false,5,5,epoch-5,5,2,saliency,0.8086413368415033
roman_empire,BundleSheaf,false,5,5,epoch-5,0,2,cohens_d_train,0.46142122
roman_empire,BundleSheaf,false,5,5,epoch-5,1,2,cohens_d_train,0.5000609
roman_empire,BundleSheaf,false,5,5,epoch-5,2,2,cohens_d_train,0.35749784
roman_empire,BundleSheaf,false,5,5,epoch-5,3,2,cohens_d_train,0.13690181
roman_empire,BundleSheaf,false,5,5,epoch-5,4,2,cohens_d_train,0.022257252
roman_empire,BundleSheaf,false,5,5,epoch-5,5,2,cohens_d_train,0.017495943
roman_empire,BundleSheaf,false,5,5,epoch-5,0,2,cohens_d_test,0.4384588
roman_empire,BundleSheaf,false,5,5,epoch-5,1,2,cohens_d_test,0.5241491
roman_empire,BundleSheaf,false,5,5,epoch-5,2,2,cohens_d_test,0.4591292
roman_empire,BundleSheaf,false,5,5,epoch-5,3,2,cohens_d_test,0.29136592
roman_empire,BundleSheaf,false,5,5,epoch-5,4,2,cohens_d_test,0.13771133
roman_empire,BundleSheaf,false,5,5,epoch-5,5,2,cohens_d_test,0.044733025
roman_empire,BundleSheaf,false,5,5,epoch-5,0,3,degree,-0.0821129697061658
roman_empire,BundleSheaf,false,5,5,epoch-5,1,3,degree,0.3777910955966018
roman_empire,BundleSheaf,false,5,5,epoch-5,2,3,degree,0.6003809919723874
roman_empire,BundleSheaf,false,5,5,epoch-5,3,3,degree,0.7186820532425069
roman_empire,BundleSheaf,false,5,5,epoch-5,4,3,degree,0.7638565357825621
roman_empire,BundleSheaf,false,5,5,epoch-5,5,3,degree,0.7522330270370067
roman_empire,BundleSheaf,false,5,5,epoch-5,0,3,betweenness,-0.07057197196237304
roman_empire,BundleSheaf,false,5,5,epoch-5,1,3,betweenness,0.2706936774312358
roman_empire,BundleSheaf,false,5,5,epoch-5,2,3,betweenness,0.40248265928164095
roman_empire,BundleSheaf,false,5,5,epoch-5,3,3,betweenness,0.4142963981682193
roman_empire,BundleSheaf,false,5,5,epoch-5,4,3,betweenness,0.4124179128186021
roman_empire,BundleSheaf,false,5,5,epoch-5,5,3,betweenness,0.3840386996229863
roman_empire,BundleSheaf,false,5,5,epoch-5,0,3,confidence,0.020174901775602213
roman_empire,BundleSheaf,false,5,5,epoch-5,1,3,confidence,0.2875224377339224
roman_empire,BundleSheaf,false,5,5,epoch-5,2,3,confidence,0.41081722914309843
roman_empire,BundleSheaf,false,5,5,epoch-5,3,3,confidence,0.5317486809020255
roman_empire,BundleSheaf,false,5,5,epoch-5,4,3,confidence,0.6009204733229832
roman_empire,BundleSheaf,false,5,5,epoch-5,5,3,confidence,0.6334442135232589
roman_empire,BundleSheaf,false,5,5,epoch-5,0,3,saliency,-0.06920127359577294
roman_empire,BundleSheaf,false,5,5,epoch-5,1,3,saliency,0.2320552851400576
roman_empire,BundleSheaf,false,5,5,epoch-5,2,3,saliency,0.43817718772903386
roman_empire,BundleSheaf,false,5,5,epoch-5,3,3,saliency,0.6128286729070807
roman_empire,BundleSheaf,false,5,5,epoch-5,4,3,saliency,0.7309737127497666
roman_empire,BundleSheaf,false,5,5,epoch-5,5,3,saliency,0.8063903903551966
roman_empire,BundleSheaf,false,5,5,epoch-5,0,3,cohens_d_train,0.23597409
roman_empire,BundleSheaf,false,5,5,epoch-5,1,3,cohens_d_train,0.27551028
roman_empire,BundleSheaf,false,5,5,epoch-5,2,3,cohens_d_train,0.2458982
roman_empire,BundleSheaf,false,5,5,epoch-5,3,3,cohens_d_train,0.16767457
roman_empire,BundleSheaf,false,5,5,epoch-5,4,3,cohens_d_train,0.08933222
roman_empire,BundleSheaf,false,5,5,epoch-5,5,3,cohens_d_train,0.043786068
roman_empire,BundleSheaf,false,5,5,epoch-5,0,3,cohens_d_test,0.22426999
roman_empire,BundleSheaf,false,5,5,epoch-5,1,3,cohens_d_test,0.24427731
roman_empire,BundleSheaf,false,5,5,epoch-5,2,3,cohens_d_test,0.21640559
roman_empire,BundleSheaf,false,5,5,epoch-5,3,3,cohens_d_test,0.11981774
roman_empire,BundleSheaf,false,5,5,epoch-5,4,3,cohens_d_test,0.049926516
roman_empire,BundleSheaf,false,5,5,epoch-5,5,3,cohens_d_test,0.008102212
roman_empire,BundleSheaf,false,5,5,epoch-5,0,4,degree,-0.10545788735849701
roman_empire,BundleSheaf,false,5,5,epoch-5,1,4,degree,0.4121910522153536
roman_empire,BundleSheaf,false,5,5,epoch-5,2,4,degree,0.6485087333264763
roman_empire,BundleSheaf,false,5,5,epoch-5,3,4,degree,0.7413787331737599
roman_empire,BundleSheaf,false,5,5,epoch-5,4,4,degree,0.7644676768593187
roman_empire,BundleSheaf,false,5,5,epoch-5,5,4,degree,0.7377717840572755
roman_empire,BundleSheaf,false,5,5,epoch-5,0,4,betweenness,-0.09338451227174968
roman_empire,BundleSheaf,false,5,5,epoch-5,1,4,betweenness,0.2941326053967399
roman_empire,BundleSheaf,false,5,5,epoch-5,2,4,betweenness,0.42645895692517355
roman_empire,BundleSheaf,false,5,5,epoch-5,3,4,betweenness,0.4419774299510628
roman_empire,BundleSheaf,false,5,5,epoch-5,4,4,betweenness,0.4181603943762749
roman_empire,BundleSheaf,false,5,5,epoch-5,5,4,betweenness,0.3755261554172103
roman_empire,BundleSheaf,false,5,5,epoch-5,0,4,confidence,0.09173879891060206
roman_empire,BundleSheaf,false,5,5,epoch-5,1,4,confidence,0.3396767516803878
roman_empire,BundleSheaf,false,5,5,epoch-5,2,4,confidence,0.4706051930481088
roman_empire,BundleSheaf,false,5,5,epoch-5,3,4,confidence,0.555609379157179
roman_empire,BundleSheaf,false,5,5,epoch-5,4,4,confidence,0.6012950327772711
roman_empire,BundleSheaf,false,5,5,epoch-5,5,4,confidence,0.622719470316004
roman_empire,BundleSheaf,false,5,5,epoch-5,0,4,saliency,-0.102287649083035
roman_empire,BundleSheaf,false,5,5,epoch-5,1,4,saliency,0.24827956221315128
roman_empire,BundleSheaf,false,5,5,epoch-5,2,4,saliency,0.4712072766286243
roman_empire,BundleSheaf,false,5,5,epoch-5,3,4,saliency,0.6282419533965846
roman_empire,BundleSheaf,false,5,5,epoch-5,4,4,saliency,0.746313327219631
roman_empire,BundleSheaf,false,5,5,epoch-5,5,4,saliency,0.8126863453060899
roman_empire,BundleSheaf,false,5,5,epoch-5,0,4,cohens_d_train,0.20337719
roman_empire,BundleSheaf,false,5,5,epoch-5,1,4,cohens_d_train,0.35335046
roman_empire,BundleSheaf,false,5,5,epoch-5,2,4,cohens_d_train,0.36699107
roman_empire,BundleSheaf,false,5,5,epoch-5,3,4,cohens_d_train,0.2731181
roman_empire,BundleSheaf,false,5,5,epoch-5,4,4,cohens_d_train,0.14492773
roman_empire,BundleSheaf,false,5,5,epoch-5,5,4,cohens_d_train,0.072194256
roman_empire,BundleSheaf,false,5,5,epoch-5,0,4,cohens_d_test,0.2777165
roman_empire,BundleSheaf,false,5,5,epoch-5,1,4,cohens_d_test,0.4125549
roman_empire,BundleSheaf,false,5,5,epoch-5,2,4,cohens_d_test,0.44826296
roman_empire,BundleSheaf,false,5,5,epoch-5,3,4,cohens_d_test,0.38577607
roman_empire,BundleSheaf,false,5,5,epoch-5,4,4,cohens_d_test,0.30076277
roman_empire,BundleSheaf,false,5,5,epoch-5,5,4,cohens_d_test,0.22705683
roman_empire,BundleSheaf,false,5,5,epoch-5,0,5,degree,-0.11544291535468927
roman_empire,BundleSheaf,false,5,5,epoch-5,1,5,degree,0.3659234775334115
roman_empire,BundleSheaf,false,5,5,epoch-5,2,5,degree,0.6116632148091564
roman_empire,BundleSheaf,false,5,5,epoch-5,3,5,degree,0.7691839352152836
roman_empire,BundleSheaf,false,5,5,epoch-5,4,5,degree,0.734294938830522
roman_empire,BundleSheaf,false,5,5,epoch-5,5,5,degree,0.7337990610283283
roman_empire,BundleSheaf,false,5,5,epoch-5,0,5,betweenness,-0.09412450700107979
roman_empire,BundleSheaf,false,5,5,epoch-5,1,5,betweenness,0.24688937798542598
roman_empire,BundleSheaf,false,5,5,epoch-5,2,5,betweenness,0.3779773750107694
roman_empire,BundleSheaf,false,5,5,epoch-5,3,5,betweenness,0.44629120027309155
roman_empire,BundleSheaf,false,5,5,epoch-5,4,5,betweenness,0.3846100932057016
roman_empire,BundleSheaf,false,5,5,epoch-5,5,5,betweenness,0.3683930546594516
roman_empire,BundleSheaf,false,5,5,epoch-5,0,5,confidence,0.05669140029321262
roman_empire,BundleSheaf,false,5,5,epoch-5,1,5,confidence,0.3480486302682364
roman_empire,BundleSheaf,false,5,5,epoch-5,2,5,confidence,0.4933243279162952
roman_empire,BundleSheaf,false,5,5,epoch-5,3,5,confidence,0.5824411054364028
roman_empire,BundleSheaf,false,5,5,epoch-5,4,5,confidence,0.628504803049178
roman_empire,BundleSheaf,false,5,5,epoch-5,5,5,confidence,0.6601658889397628
roman_empire,BundleSheaf,false,5,5,epoch-5,0,5,saliency,-0.08854068689189425
roman_empire,BundleSheaf,false,5,5,epoch-5,1,5,saliency,0.21708672364194123
roman_empire,BundleSheaf,false,5,5,epoch-5,2,5,saliency,0.4438233630021949
roman_empire,BundleSheaf,false,5,5,epoch-5,3,5,saliency,0.6217442905284959
roman_empire,BundleSheaf,false,5,5,epoch-5,4,5,saliency,0.7430853621167478
roman_empire,BundleSheaf,false,5,5,epoch-5,5,5,saliency,0.7973801092684102
roman_empire,BundleSheaf,false,5,5,epoch-5,0,5,cohens_d_train,0.006473465
roman_empire,BundleSheaf,false,5,5,epoch-5,1,5,cohens_d_train,0.30352297
roman_empire,BundleSheaf,false,5,5,epoch-5,2,5,cohens_d_train,0.3117123
roman_empire,BundleSheaf,false,5,5,epoch-5,3,5,cohens_d_train,0.2355456
roman_empire,BundleSheaf,false,5,5,epoch-5,4,5,cohens_d_train,0.120206
roman_empire,BundleSheaf,false,5,5,epoch-5,5,5,cohens_d_train,0.08650173
roman_empire,BundleSheaf,false,5,5,epoch-5,0,5,cohens_d_test,0.006511028
roman_empire,BundleSheaf,false,5,5,epoch-5,1,5,cohens_d_test,0.32003975
roman_empire,BundleSheaf,false,5,5,epoch-5,2,5,cohens_d_test,0.34321368
roman_empire,BundleSheaf,false,5,5,epoch-5,3,5,cohens_d_test,0.27930853
roman_empire,BundleSheaf,false,5,5,epoch-5,4,5,cohens_d_test,0.13389331
roman_empire,BundleSheaf,false,5,5,epoch-5,5,5,cohens_d_test,0.07395521
roman_empire,BundleSheaf,false,5,5,epoch-5,0,6,degree,-0.1082134059032566
roman_empire,BundleSheaf,false,5,5,epoch-5,1,6,degree,0.351775146826867
roman_empire,BundleSheaf,false,5,5,epoch-5,2,6,degree,0.5858827628405938
roman_empire,BundleSheaf,false,5,5,epoch-5,3,6,degree,0.6855039773241431
roman_empire,BundleSheaf,false,5,5,epoch-5,4,6,degree,0.7390986642721487
roman_empire,BundleSheaf,false,5,5,epoch-5,5,6,degree,0.7866980562181678
roman_empire,BundleSheaf,false,5,5,epoch-5,0,6,betweenness,-0.09835773456202443
roman_empire,BundleSheaf,false,5,5,epoch-5,1,6,betweenness,0.2377468930303641
roman_empire,BundleSheaf,false,5,5,epoch-5,2,6,betweenness,0.37582672543941903
roman_empire,BundleSheaf,false,5,5,epoch-5,3,6,betweenness,0.40482577386316887
roman_empire,BundleSheaf,false,5,5,epoch-5,4,6,betweenness,0.3936089287393621
roman_empire,BundleSheaf,false,5,5,epoch-5,5,6,betweenness,0.42449269800253014
roman_empire,BundleSheaf,false,5,5,epoch-5,0,6,confidence,0.10080817011654375
roman_empire,BundleSheaf,false,5,5,epoch-5,1,6,confidence,0.4014764047906689
roman_empire,BundleSheaf,false,5,5,epoch-5,2,6,confidence,0.5427452370499638
roman_empire,BundleSheaf,false,5,5,epoch-5,3,6,confidence,0.6261452669969824
roman_empire,BundleSheaf,false,5,5,epoch-5,4,6,confidence,0.6572496299522153
roman_empire,BundleSheaf,false,5,5,epoch-5,5,6,confidence,0.6675432645584022
roman_empire,BundleSheaf,false,5,5,epoch-5,0,6,saliency,-0.08289417432116038
roman_empire,BundleSheaf,false,5,5,epoch-5,1,6,saliency,0.21639413955876782
roman_empire,BundleSheaf,false,5,5,epoch-5,2,6,saliency,0.42670661797632337
roman_empire,BundleSheaf,false,5,5,epoch-5,3,6,saliency,0.583799994529276
roman_empire,BundleSheaf,false,5,5,epoch-5,4,6,saliency,0.7085930946611408
roman_empire,BundleSheaf,false,5,5,epoch-5,5,6,saliency,0.791662804938692
roman_empire,BundleSheaf,false,5,5,epoch-5,0,6,cohens_d_train,0.06870035
roman_empire,BundleSheaf,false,5,5,epoch-5,1,6,cohens_d_train,0.18189816
roman_empire,BundleSheaf,false,5,5,epoch-5,2,6,cohens_d_train,0.2411114
roman_empire,BundleSheaf,false,5,5,epoch-5,3,6,cohens_d_train,0.1810304
roman_empire,BundleSheaf,false,5,5,epoch-5,4,6,cohens_d_train,0.14080828
roman_empire,BundleSheaf,false,5,5,epoch-5,5,6,cohens_d_train,0.071973756
roman_empire,BundleSheaf,false,5,5,epoch-5,0,6,cohens_d_test,0.048683133
roman_empire,BundleSheaf,false,5,5,epoch-5,1,6,cohens_d_test,0.14208373
roman_empire,BundleSheaf,false,5,5,epoch-5,2,6,cohens_d_test,0.1849334
roman_empire,BundleSheaf,false,5,5,epoch-5,3,6,cohens_d_test,0.14325935
roman_empire,BundleSheaf,false,5,5,epoch-5,4,6,cohens_d_test,0.1055837
roman_empire,BundleSheaf,false,5,5,epoch-5,5,6,cohens_d_test,0.0911348
roman_empire,BundleSheaf,false,5,5,epoch-5,0,7,degree,-0.09543908830317899
roman_empire,BundleSheaf,false,5,5,epoch-5,1,7,degree,0.35982357609430854
roman_empire,BundleSheaf,false,5,5,epoch-5,2,7,degree,0.5806446844825444
roman_empire,BundleSheaf,false,5,5,epoch-5,3,7,degree,0.7174990516577632
roman_empire,BundleSheaf,false,5,5,epoch-5,4,7,degree,0.7508808329032416
roman_empire,BundleSheaf,false,5,5,epoch-5,5,7,degree,0.692696459252928
roman_empire,BundleSheaf,false,5,5,epoch-5,0,7,betweenness,-0.07792985289058366
roman_empire,BundleSheaf,false,5,5,epoch-5,1,7,betweenness,0.2546625855598015
roman_empire,BundleSheaf,false,5,5,epoch-5,2,7,betweenness,0.3851258526721252
roman_empire,BundleSheaf,false,5,5,epoch-5,3,7,betweenness,0.4143291240784195
roman_empire,BundleSheaf,false,5,5,epoch-5,4,7,betweenness,0.4129532790917273
roman_empire,BundleSheaf,false,5,5,epoch-5,5,7,betweenness,0.34299033150953795
roman_empire,BundleSheaf,false,5,5,epoch-5,0,7,confidence,0.07845537401317992
roman_empire,BundleSheaf,false,5,5,epoch-5,1,7,confidence,0.3591562205142857
roman_empire,BundleSheaf,false,5,5,epoch-5,2,7,confidence,0.47863853322272926
roman_empire,BundleSheaf,false,5,5,epoch-5,3,7,confidence,0.5775212735616408
roman_empire,BundleSheaf,false,5,5,epoch-5,4,7,confidence,0.6194091778780544
roman_empire,BundleSheaf,false,5,5,epoch-5,5,7,confidence,0.6338991113801544
roman_empire,BundleSheaf,false,5,5,epoch-5,0,7,saliency,-0.09850447005915104
roman_empire,BundleSheaf,false,5,5,epoch-5,1,7,saliency,0.17992015114350945
roman_empire,BundleSheaf,false,5,5,epoch-5,2,7,saliency,0.3809061330170031
roman_empire,BundleSheaf,false,5,5,epoch-5,3,7,saliency,0.572473031142969
roman_empire,BundleSheaf,false,5,5,epoch-5,4,7,saliency,0.6778321538238179
roman_empire,BundleSheaf,false,5,5,epoch-5,5,7,saliency,0.7479836674184804
roman_empire,BundleSheaf,false,5,5,epoch-5,0,7,cohens_d_train,0.7548522
roman_empire,BundleSheaf,false,5,5,epoch-5,1,7,cohens_d_train,0.97662246
roman_empire,BundleSheaf,false,5,5,epoch-5,2,7,cohens_d_train,0.9408817
roman_empire,BundleSheaf,false,5,5,epoch-5,3,7,cohens_d_train,0.56050336
roman_empire,BundleSheaf,false,5,5,epoch-5,4,7,cohens_d_train,0.3522956
roman_empire,BundleSheaf,false,5,5,epoch-5,5,7,cohens_d_train,0.14848287
roman_empire,BundleSheaf,false,5,5,epoch-5,0,7,cohens_d_test,0.7204156
roman_empire,BundleSheaf,false,5,5,epoch-5,1,7,cohens_d_test,0.9413354
roman_empire,BundleSheaf,false,5,5,epoch-5,2,7,cohens_d_test,0.8317498
roman_empire,BundleSheaf,false,5,5,epoch-5,3,7,cohens_d_test,0.38536784
roman_empire,BundleSheaf,false,5,5,epoch-5,4,7,cohens_d_test,0.1356238
roman_empire,BundleSheaf,false,5,5,epoch-5,5,7,cohens_d_test,0.040546793
roman_empire,BundleSheaf,false,5,5,epoch-5,0,8,degree,-0.116071989687843
roman_empire,BundleSheaf,false,5,5,epoch-5,1,8,degree,0.3901943775277186
roman_empire,BundleSheaf,false,5,5,epoch-5,2,8,degree,0.6221848538885203
roman_empire,BundleSheaf,false,5,5,epoch-5,3,8,degree,0.757314915453578
roman_empire,BundleSheaf,false,5,5,epoch-5,4,8,degree,0.7581345153220842
roman_empire,BundleSheaf,false,5,5,epoch-5,5,8,degree,0.7492398117807216
roman_empire,BundleSheaf,false,5,5,epoch-5,0,8,betweenness,-0.10882559488377956
roman_empire,BundleSheaf,false,5,5,epoch-5,1,8,betweenness,0.25939594266378935
roman_empire,BundleSheaf,false,5,5,epoch-5,2,8,betweenness,0.39400291817529826
roman_empire,BundleSheaf,false,5,5,epoch-5,3,8,betweenness,0.44509585674032126
roman_empire,BundleSheaf,false,5,5,epoch-5,4,8,betweenness,0.409066603638958
roman_empire,BundleSheaf,false,5,5,epoch-5,5,8,betweenness,0.3801497972446891
roman_empire,BundleSheaf,false,5,5,epoch-5,0,8,confidence,-0.006516199070918134
roman_empire,BundleSheaf,false,5,5,epoch-5,1,8,confidence,0.3045470611737644
roman_empire,BundleSheaf,false,5,5,epoch-5,2,8,confidence,0.44168864311383105
roman_empire,BundleSheaf,false,5,5,epoch-5,3,8,confidence,0.5475803007737441
roman_empire,BundleSheaf,false,5,5,epoch-5,4,8,confidence,0.6138054294358857
roman_empire,BundleSheaf,false,5,5,epoch-5,5,8,confidence,0.637734453534807
roman_empire,BundleSheaf,false,5,5,epoch-5,0,8,saliency,-0.10558050054020034
roman_empire,BundleSheaf,false,5,5,epoch-5,1,8,saliency,0.23770649599118457
roman_empire,BundleSheaf,false,5,5,epoch-5,2,8,saliency,0.4568087724861018
roman_empire,BundleSheaf,false,5,5,epoch-5,3,8,saliency,0.6330158568030222
roman_empire,BundleSheaf,false,5,5,epoch-5,4,8,saliency,0.7396998440924168
roman_empire,BundleSheaf,false,5,5,epoch-5,5,8,saliency,0.8145705116818798
roman_empire,BundleSheaf,false,5,5,epoch-5,0,8,cohens_d_train,0.45872197
roman_empire,BundleSheaf,false,5,5,epoch-5,1,8,cohens_d_train,0.5394933
roman_empire,BundleSheaf,false,5,5,epoch-5,2,8,cohens_d_train,0.49445197
roman_empire,BundleSheaf,false,5,5,epoch-5,3,8,cohens_d_train,0.32448536
roman_empire,BundleSheaf,false,5,5,epoch-5,4,8,cohens_d_train,0.21054284
roman_empire,BundleSheaf,false,5,5,epoch-5,5,8,cohens_d_train,0.14930731
roman_empire,BundleSheaf,false,5,5,epoch-5,0,8,cohens_d_test,0.5076138
roman_empire,BundleSheaf,false,5,5,epoch-5,1,8,cohens_d_test,0.5515322
roman_empire,BundleSheaf,false,5,5,epoch-5,2,8,cohens_d_test,0.45014057
roman_empire,BundleSheaf,false,5,5,epoch-5,3,8,cohens_d_test,0.31042698
roman_empire,BundleSheaf,false,5,5,epoch-5,4,8,cohens_d_test,0.17132999
roman_empire,BundleSheaf,false,5,5,epoch-5,5,8,cohens_d_test,0.067176454
roman_empire,BundleSheaf,false,5,5,epoch-5,0,9,degree,-0.10426561490383052
roman_empire,BundleSheaf,false,5,5,epoch-5,1,9,degree,0.37321581447813484
roman_empire,BundleSheaf,false,5,5,epoch-5,2,9,degree,0.6535476443554648
roman_empire,BundleSheaf,false,5,5,epoch-5,3,9,degree,0.7682432238168645
roman_empire,BundleSheaf,false,5,5,epoch-5,4,9,degree,0.7658291185976206
roman_empire,BundleSheaf,false,5,5,epoch-5,5,9,degree,0.7137194357798659
roman_empire,BundleSheaf,false,5,5,epoch-5,0,9,betweenness,-0.0838118960198968
roman_empire,BundleSheaf,false,5,5,epoch-5,1,9,betweenness,0.2691979252047909
roman_empire,BundleSheaf,false,5,5,epoch-5,2,9,betweenness,0.43558758131287395
roman_empire,BundleSheaf,false,5,5,epoch-5,3,9,betweenness,0.46976153600024095
roman_empire,BundleSheaf,false,5,5,epoch-5,4,9,betweenness,0.42557294860710015
roman_empire,BundleSheaf,false,5,5,epoch-5,5,9,betweenness,0.35770147994801416
roman_empire,BundleSheaf,false,5,5,epoch-5,0,9,confidence,0.036799813192082906
roman_empire,BundleSheaf,false,5,5,epoch-5,1,9,confidence,0.30025758144717973
roman_empire,BundleSheaf,false,5,5,epoch-5,2,9,confidence,0.4454963681295464
roman_empire,BundleSheaf,false,5,5,epoch-5,3,9,confidence,0.533959530082874
roman_empire,BundleSheaf,false,5,5,epoch-5,4,9,confidence,0.5940705781841978
roman_empire,BundleSheaf,false,5,5,epoch-5,5,9,confidence,0.6210459846873928
roman_empire,BundleSheaf,false,5,5,epoch-5,0,9,saliency,-0.09363001063188016
roman_empire,BundleSheaf,false,5,5,epoch-5,1,9,saliency,0.2085198677509614
roman_empire,BundleSheaf,false,5,5,epoch-5,2,9,saliency,0.4584412885191833
roman_empire,BundleSheaf,false,5,5,epoch-5,3,9,saliency,0.6199839431132108
roman_empire,BundleSheaf,false,5,5,epoch-5,4,9,saliency,0.7336027696704461
roman_empire,BundleSheaf,false,5,5,epoch-5,5,9,saliency,0.7996306313406517
roman_empire,BundleSheaf,false,5,5,epoch-5,0,9,cohens_d_train,0.46499535
roman_empire,BundleSheaf,false,5,5,epoch-5,1,9,cohens_d_train,0.44942328
roman_empire,BundleSheaf,false,5,5,epoch-5,2,9,cohens_d_train,0.2866158
roman_empire,BundleSheaf,false,5,5,epoch-5,3,9,cohens_d_train,0.13770828
roman_empire,BundleSheaf,false,5,5,epoch-5,4,9,cohens_d_train,0.03310857
roman_empire,BundleSheaf,false,5,5,epoch-5,5,9,cohens_d_train,0.025783475
roman_empire,BundleSheaf,false,5,5,epoch-5,0,9,cohens_d_test,0.4958695
roman_empire,BundleSheaf,false,5,5,epoch-5,1,9,cohens_d_test,0.47794446
roman_empire,BundleSheaf,false,5,5,epoch-5,2,9,cohens_d_test,0.3393369
roman_empire,BundleSheaf,false,5,5,epoch-5,3,9,cohens_d_test,0.21363384
roman_empire,BundleSheaf,false,5,5,epoch-5,4,9,cohens_d_test,0.10145239
roman_empire,BundleSheaf,false,5,5,epoch-5,5,9,cohens_d_test,0.009858839
roman_empire,BundleSheaf,false,5,5,epoch-15,0,0,degree,-0.12806106364286085
roman_empire,BundleSheaf,false,5,5,epoch-15,1,0,degree,0.34965581364186576
roman_empire,BundleSheaf,false,5,5,epoch-15,2,0,degree,0.5730332603345589
roman_empire,BundleSheaf,false,5,5,epoch-15,3,0,degree,0.721606231578302
roman_empire,BundleSheaf,false,5,5,epoch-15,4,0,degree,0.7429511462350485
roman_empire,BundleSheaf,false,5,5,epoch-15,5,0,degree,0.6812124076703335
roman_empire,BundleSheaf,false,5,5,epoch-15,0,0,betweenness,-0.0933506420478496
roman_empire,BundleSheaf,false,5,5,epoch-15,1,0,betweenness,0.23586677772399642
roman_empire,BundleSheaf,false,5,5,epoch-15,2,0,betweenness,0.3561638362190656
roman_empire,BundleSheaf,false,5,5,epoch-15,3,0,betweenness,0.41497846036436986
roman_empire,BundleSheaf,false,5,5,epoch-15,4,0,betweenness,0.3852618666476988
roman_empire,BundleSheaf,false,5,5,epoch-15,5,0,betweenness,0.3360813279641503
roman_empire,BundleSheaf,false,5,5,epoch-15,0,0,confidence,0.17997416969661065
roman_empire,BundleSheaf,false,5,5,epoch-15,1,0,confidence,0.4248201329115309
roman_empire,BundleSheaf,false,5,5,epoch-15,2,0,confidence,0.5555267563987598
roman_empire,BundleSheaf,false,5,5,epoch-15,3,0,confidence,0.6405740869534743
roman_empire,BundleSheaf,false,5,5,epoch-15,4,0,confidence,0.6717226397284541
roman_empire,BundleSheaf,false,5,5,epoch-15,5,0,confidence,0.7251002640950176
roman_empire,BundleSheaf,false,5,5,epoch-15,0,0,saliency,-0.09923981424202138
roman_empire,BundleSheaf,false,5,5,epoch-15,1,0,saliency,0.2022408297545189
roman_empire,BundleSheaf,false,5,5,epoch-15,2,0,saliency,0.3875242892402708
roman_empire,BundleSheaf,false,5,5,epoch-15,3,0,saliency,0.5526334770875715
roman_empire,BundleSheaf,false,5,5,epoch-15,4,0,saliency,0.6637585453205049
roman_empire,BundleSheaf,false,5,5,epoch-15,5,0,saliency,0.6958524722037143
roman_empire,BundleSheaf,false,5,5,epoch-15,0,0,cohens_d_train,0.8073495
roman_empire,BundleSheaf,false,5,5,epoch-15,1,0,cohens_d_train,0.80529374
roman_empire,BundleSheaf,false,5,5,epoch-15,2,0,cohens_d_train,0.6028649
roman_empire,BundleSheaf,false,5,5,epoch-15,3,0,cohens_d_train,0.24804944
roman_empire,BundleSheaf,false,5,5,epoch-15,4,0,cohens_d_train,0.12284526
roman_empire,BundleSheaf,false,5,5,epoch-15,5,0,cohens_d_train,0.08212062
roman_empire,BundleSheaf,false,5,5,epoch-15,0,0,cohens_d_test,0.78982484
roman_empire,BundleSheaf,false,5,5,epoch-15,1,0,cohens_d_test,0.75337684
roman_empire,BundleSheaf,false,5,5,epoch-15,2,0,cohens_d_test,0.67164475
roman_empire,BundleSheaf,false,5,5,epoch-15,3,0,cohens_d_test,0.41550177
roman_empire,BundleSheaf,false,5,5,epoch-15,4,0,cohens_d_test,0.13161781
roman_empire,BundleSheaf,false,5,5,epoch-15,5,0,cohens_d_test,0.06341245
roman_empire,BundleSheaf,false,5,5,epoch-15,0,1,degree,-0.11741410597353447
roman_empire,BundleSheaf,false,5,5,epoch-15,1,1,degree,0.3490014857906682
roman_empire,BundleSheaf,false,5,5,epoch-15,2,1,degree,0.5759475054520569
roman_empire,BundleSheaf,false,5,5,epoch-15,3,1,degree,0.6835497975912599
roman_empire,BundleSheaf,false,5,5,epoch-15,4,1,degree,0.6700101974347444
roman_empire,BundleSheaf,false,5,5,epoch-15,5,1,degree,0.7273686994347102
roman_empire,BundleSheaf,false,5,5,epoch-15,0,1,betweenness,-0.11005710608831895
roman_empire,BundleSheaf,false,5,5,epoch-15,1,1,betweenness,0.2350011356231451
roman_empire,BundleSheaf,false,5,5,epoch-15,2,1,betweenness,0.37246868738516614
roman_empire,BundleSheaf,false,5,5,epoch-15,3,1,betweenness,0.40592280651914436
roman_empire,BundleSheaf,false,5,5,epoch-15,4,1,betweenness,0.3497864032302288
roman_empire,BundleSheaf,false,5,5,epoch-15,5,1,betweenness,0.37329518606391676
roman_empire,BundleSheaf,false,5,5,epoch-15,0,1,confidence,0.1561281511142802
roman_empire,BundleSheaf,false,5,5,epoch-15,1,1,confidence,0.5124047260437021
roman_empire,BundleSheaf,false,5,5,epoch-15,2,1,confidence,0.6511467364586002
roman_empire,BundleSheaf,false,5,5,epoch-15,3,1,confidence,0.7180231396635111
roman_empire,BundleSheaf,false,5,5,epoch-15,4,1,confidence,0.7402218972685248
roman_empire,BundleSheaf,false,5,5,epoch-15,5,1,confidence,0.76322493291356
roman_empire,BundleSheaf,false,5,5,epoch-15,0,1,saliency,-0.09130264718565434
roman_empire,BundleSheaf,false,5,5,epoch-15,1,1,saliency,0.19250537783596955
roman_empire,BundleSheaf,false,5,5,epoch-15,2,1,saliency,0.39840024950413216
roman_empire,BundleSheaf,false,5,5,epoch-15,3,1,saliency,0.5387306406217284
roman_empire,BundleSheaf,false,5,5,epoch-15,4,1,saliency,0.6342845695815444
roman_empire,BundleSheaf,false,5,5,epoch-15,5,1,saliency,0.7162334968535932
roman_empire,BundleSheaf,false,5,5,epoch-15,0,1,cohens_d_train,0.8588123
roman_empire,BundleSheaf,false,5,5,epoch-15,1,1,cohens_d_train,1.0114712
roman_empire,BundleSheaf,false,5,5,epoch-15,2,1,cohens_d_train,0.8272177
roman_empire,BundleSheaf,false,5,5,epoch-15,3,1,cohens_d_train,0.47676542
roman_empire,BundleSheaf,false,5,5,epoch-15,4,1,cohens_d_train,0.22807387
roman_empire,BundleSheaf,false,5,5,epoch-15,5,1,cohens_d_train,0.12551226
roman_empire,BundleSheaf,false,5,5,epoch-15,0,1,cohens_d_test,0.8514987
roman_empire,BundleSheaf,false,5,5,epoch-15,1,1,cohens_d_test,0.9346578
roman_empire,BundleSheaf,false,5,5,epoch-15,2,1,cohens_d_test,0.49178594
roman_empire,BundleSheaf,false,5,5,epoch-15,3,1,cohens_d_test,0.14478587
roman_empire,BundleSheaf,false,5,5,epoch-15,4,1,cohens_d_test,0.04146323
roman_empire,BundleSheaf,false,5,5,epoch-15,5,1,cohens_d_test,0.0018639185
roman_empire,BundleSheaf,false,5,5,epoch-15,0,2,degree,-0.10276637272850687
roman_empire,BundleSheaf,false,5,5,epoch-15,1,2,degree,0.3482253185962451
roman_empire,BundleSheaf,false,5,5,epoch-15,2,2,degree,0.5897504357922432
roman_empire,BundleSheaf,false,5,5,epoch-15,3,2,degree,0.7324899225740836
roman_empire,BundleSheaf,false,5,5,epoch-15,4,2,degree,0.7364374210814066
roman_empire,BundleSheaf,false,5,5,epoch-15,5,2,degree,0.6891022471049593
roman_empire,BundleSheaf,false,5,5,epoch-15,0,2,betweenness,-0.09102015583543428
roman_empire,BundleSheaf,false,5,5,epoch-15,1,2,betweenness,0.23582750060666713
roman_empire,BundleSheaf,false,5,5,epoch-15,2,2,betweenness,0.36961448921070245
roman_empire,BundleSheaf,false,5,5,epoch-15,3,2,betweenness,0.43162546472622104
roman_empire,BundleSheaf,false,5,5,epoch-15,4,2,betweenness,0.3902026707487264
roman_empire,BundleSheaf,false,5,5,epoch-15,5,2,betweenness,0.3322519667767049
roman_empire,BundleSheaf,false,5,5,epoch-15,0,2,confidence,0.1440691037117495
roman_empire,BundleSheaf,false,5,5,epoch-15,1,2,confidence,0.4424160633562009
roman_empire,BundleSheaf,false,5,5,epoch-15,2,2,confidence,0.5880525887148484
roman_empire,BundleSheaf,false,5,5,epoch-15,3,2,confidence,0.6737578316265175
roman_empire,BundleSheaf,false,5,5,epoch-15,4,2,confidence,0.7152053328878438
roman_empire,BundleSheaf,false,5,5,epoch-15,5,2,confidence,0.7208227631861323
roman_empire,BundleSheaf,false,5,5,epoch-15,0,2,saliency,-0.10119697112335187
roman_empire,BundleSheaf,false,5,5,epoch-15,1,2,saliency,0.20280098967198865
roman_empire,BundleSheaf,false,5,5,epoch-15,2,2,saliency,0.41852195536773557
roman_empire,BundleSheaf,false,5,5,epoch-15,3,2,saliency,0.5897887173548019
roman_empire,BundleSheaf,false,5,5,epoch-15,4,2,saliency,0.7015580912610114
roman_empire,BundleSheaf,false,5,5,epoch-15,5,2,saliency,0.7729256113995571
roman_empire,BundleSheaf,false,5,5,epoch-15,0,2,cohens_d_train,0.7184708
roman_empire,BundleSheaf,false,5,5,epoch-15,1,2,cohens_d_train,0.78852814
roman_empire,BundleSheaf,false,5,5,epoch-15,2,2,cohens_d_train,0.5476593
roman_empire,BundleSheaf,false,5,5,epoch-15,3,2,cohens_d_train,0.24075831
roman_empire,BundleSheaf,false,5,5,epoch-15,4,2,cohens_d_train,0.0649509
roman_empire,BundleSheaf,false,5,5,epoch-15,5,2,cohens_d_train,0.006275348
roman_empire,BundleSheaf,false,5,5,epoch-15,0,2,cohens_d_test,0.70623386
roman_empire,BundleSheaf,false,5,5,epoch-15,1,2,cohens_d_test,0.7849353
roman_empire,BundleSheaf,false,5,5,epoch-15,2,2,cohens_d_test,0.57637715
roman_empire,BundleSheaf,false,5,5,epoch-15,3,2,cohens_d_test,0.3394572
roman_empire,BundleSheaf,false,5,5,epoch-15,4,2,cohens_d_test,0.123650305
roman_empire,BundleSheaf,false,5,5,epoch-15,5,2,cohens_d_test,0.0058024265
roman_empire,BundleSheaf,false,5,5,epoch-15,0,3,degree,-0.0823489531154442
roman_empire,BundleSheaf,false,5,5,epoch-15,1,3,degree,0.35566876556586047
roman_empire,BundleSheaf,false,5,5,epoch-15,2,3,degree,0.5858010179678286
roman_empire,BundleSheaf,false,5,5,epoch-15,3,3,degree,0.6533167783426932
roman_empire,BundleSheaf,false,5,5,epoch-15,4,3,degree,0.7197461083642888
roman_empire,BundleSheaf,false,5,5,epoch-15,5,3,degree,0.74976852245119
roman_empire,BundleSheaf,false,5,5,epoch-15,0,3,betweenness,-0.07379645581171253
roman_empire,BundleSheaf,false,5,5,epoch-15,1,3,betweenness,0.25446777537641274
roman_empire,BundleSheaf,false,5,5,epoch-15,2,3,betweenness,0.3805182708834098
roman_empire,BundleSheaf,false,5,5,epoch-15,3,3,betweenness,0.37545589406119456
roman_empire,BundleSheaf,false,5,5,epoch-15,4,3,betweenness,0.3875640255209271
roman_empire,BundleSheaf,false,5,5,epoch-15,5,3,betweenness,0.38666448668356845
roman_empire,BundleSheaf,false,5,5,epoch-15,0,3,confidence,0.12530823799798105
roman_empire,BundleSheaf,false,5,5,epoch-15,1,3,confidence,0.5060134857308511
roman_empire,BundleSheaf,false,5,5,epoch-15,2,3,confidence,0.647320930388404
roman_empire,BundleSheaf,false,5,5,epoch-15,3,3,confidence,0.7299753893914989
roman_empire,BundleSheaf,false,5,5,epoch-15,4,3,confidence,0.7800333131758733
roman_empire,BundleSheaf,false,5,5,epoch-15,5,3,confidence,0.7962249614784637
roman_empire,BundleSheaf,false,5,5,epoch-15,0,3,saliency,-0.07997348255723621
roman_empire,BundleSheaf,false,5,5,epoch-15,1,3,saliency,0.18593415420021983
roman_empire,BundleSheaf,false,5,5,epoch-15,2,3,saliency,0.379526555565967
roman_empire,BundleSheaf,false,5,5,epoch-15,3,3,saliency,0.49463565473974386
roman_empire,BundleSheaf,false,5,5,epoch-15,4,3,saliency,0.6185300071117867
roman_empire,BundleSheaf,false,5,5,epoch-15,5,3,saliency,0.7003917448267037
roman_empire,BundleSheaf,false,5,5,epoch-15,0,3,cohens_d_train,0.51575345
roman_empire,BundleSheaf,false,5,5,epoch-15,1,3,cohens_d_train,0.6248828
roman_empire,BundleSheaf,false,5,5,epoch-15,2,3,cohens_d_train,0.5025525
roman_empire,BundleSheaf,false,5,5,epoch-15,3,3,cohens_d_train,0.33656898
roman_empire,BundleSheaf,false,5,5,epoch-15,4,3,cohens_d_train,0.16007544
roman_empire,BundleSheaf,false,5,5,epoch-15,5,3,cohens_d_train,0.066145785
roman_empire,BundleSheaf,false,5,5,epoch-15,0,3,cohens_d_test,0.55592763
roman_empire,BundleSheaf,false,5,5,epoch-15,1,3,cohens_d_test,0.6671537
roman_empire,BundleSheaf,false,5,5,epoch-15,2,3,cohens_d_test,0.562948
roman_empire,BundleSheaf,false,5,5,epoch-15,3,3,cohens_d_test,0.39250532
roman_empire,BundleSheaf,false,5,5,epoch-15,4,3,cohens_d_test,0.2785722
roman_empire,BundleSheaf,false,5,5,epoch-15,5,3,cohens_d_test,0.1603887
roman_empire,BundleSheaf,false,5,5,epoch-15,0,4,degree,-0.09708178096285452
roman_empire,BundleSheaf,false,5,5,epoch-15,1,4,degree,0.37957587019122574
roman_empire,BundleSheaf,false,5,5,epoch-15,2,4,degree,0.6413798869435366
roman_empire,BundleSheaf,false,5,5,epoch-15,3,4,degree,0.6942012611758425
roman_empire,BundleSheaf,false,5,5,epoch-15,4,4,degree,0.7422110924790448
roman_empire,BundleSheaf,false,5,5,epoch-15,5,4,degree,0.720777317604414
roman_empire,BundleSheaf,false,5,5,epoch-15,0,4,betweenness,-0.09198497308113035
roman_empire,BundleSheaf,false,5,5,epoch-15,1,4,betweenness,0.2677067792380907
roman_empire,BundleSheaf,false,5,5,epoch-15,2,4,betweenness,0.41088251203011494
roman_empire,BundleSheaf,false,5,5,epoch-15,3,4,betweenness,0.40225811951963597
roman_empire,BundleSheaf,false,5,5,epoch-15,4,4,betweenness,0.3927599172024322
roman_empire,BundleSheaf,false,5,5,epoch-15,5,4,betweenness,0.36224722712798263
roman_empire,BundleSheaf,false,5,5,epoch-15,0,4,confidence,0.024602074498634694
roman_empire,BundleSheaf,false,5,5,epoch-15,1,4,confidence,0.36356396859208884
roman_empire,BundleSheaf,false,5,5,epoch-15,2,4,confidence,0.5467386803160921
roman_empire,BundleSheaf,false,5,5,epoch-15,3,4,confidence,0.6489170114549245
roman_empire,BundleSheaf,false,5,5,epoch-15,4,4,confidence,0.7194891258582072
roman_empire,BundleSheaf,false,5,5,epoch-15,5,4,confidence,0.773994225079802
roman_empire,BundleSheaf,false,5,5,epoch-15,0,4,saliency,-0.10469117592303283
roman_empire,BundleSheaf,false,5,5,epoch-15,1,4,saliency,0.2087432306063924
roman_empire,BundleSheaf,false,5,5,epoch-15,2,4,saliency,0.4378941489748861
roman_empire,BundleSheaf,false,5,5,epoch-15,3,4,saliency,0.5628837749478939
roman_empire,BundleSheaf,false,5,5,epoch-15,4,4,saliency,0.684043947192919
roman_empire,BundleSheaf,false,5,5,epoch-15,5,4,saliency,0.7357280790514494
roman_empire,BundleSheaf,false,5,5,epoch-15,0,4,cohens_d_train,0.12368904
roman_empire,BundleSheaf,false,5,5,epoch-15,1,4,cohens_d_train,0.27392557
roman_empire,BundleSheaf,false,5,5,epoch-15,2,4,cohens_d_train,0.20838937
roman_empire,BundleSheaf,false,5,5,epoch-15,3,4,cohens_d_train,0.16101092
roman_empire,BundleSheaf,false,5,5,epoch-15,4,4,cohens_d_train,0.09903892
roman_empire,BundleSheaf,false,5,5,epoch-15,5,4,cohens_d_train,0.07616114
roman_empire,BundleSheaf,false,5,5,epoch-15,0,4,cohens_d_test,0.14409986
roman_empire,BundleSheaf,false,5,5,epoch-15,1,4,cohens_d_test,0.30619383
roman_empire,BundleSheaf,false,5,5,epoch-15,2,4,cohens_d_test,0.22241224
roman_empire,BundleSheaf,false,5,5,epoch-15,3,4,cohens_d_test,0.1750636
roman_empire,BundleSheaf,false,5,5,epoch-15,4,4,cohens_d_test,0.07511309
roman_empire,BundleSheaf,false,5,5,epoch-15,5,4,cohens_d_test,0.06326478
roman_empire,BundleSheaf,false,5,5,epoch-15,0,5,degree,-0.11252133340465947
roman_empire,BundleSheaf,false,5,5,epoch-15,1,5,degree,0.34521785379995784
roman_empire,BundleSheaf,false,5,5,epoch-15,2,5,degree,0.5938167482912493
roman_empire,BundleSheaf,false,5,5,epoch-15,3,5,degree,0.7497606454374163
roman_empire,BundleSheaf,false,5,5,epoch-15,4,5,degree,0.684979427092806
roman_empire,BundleSheaf,false,5,5,epoch-15,5,5,degree,0.687863208093048
roman_empire,BundleSheaf,false,5,5,epoch-15,0,5,betweenness,-0.09293782166235681
roman_empire,BundleSheaf,false,5,5,epoch-15,1,5,betweenness,0.2193371387715288
roman_empire,BundleSheaf,false,5,5,epoch-15,2,5,betweenness,0.35619661653542184
roman_empire,BundleSheaf,false,5,5,epoch-15,3,5,betweenness,0.4289339323572275
roman_empire,BundleSheaf,false,5,5,epoch-15,4,5,betweenness,0.34815394615181816
roman_empire,BundleSheaf,false,5,5,epoch-15,5,5,betweenness,0.33775366845031124
roman_empire,BundleSheaf,false,5,5,epoch-15,0,5,confidence,0.17912672016057044
roman_empire,BundleSheaf,false,5,5,epoch-15,1,5,confidence,0.47558903878590447
roman_empire,BundleSheaf,false,5,5,epoch-15,2,5,confidence,0.6105145052331081
roman_empire,BundleSheaf,false,5,5,epoch-15,3,5,confidence,0.6884964023093196
roman_empire,BundleSheaf,false,5,5,epoch-15,4,5,confidence,0.6901571245094938
roman_empire,BundleSheaf,false,5,5,epoch-15,5,5,confidence,0.742409630272791
roman_empire,BundleSheaf,false,5,5,epoch-15,0,5,saliency,-0.07067357421483654
roman_empire,BundleSheaf,false,5,5,epoch-15,1,5,saliency,0.20569057974488603
roman_empire,BundleSheaf,false,5,5,epoch-15,2,5,saliency,0.40918196179225197
roman_empire,BundleSheaf,false,5,5,epoch-15,3,5,saliency,0.5785972225339443
roman_empire,BundleSheaf,false,5,5,epoch-15,4,5,saliency,0.6695886498215445
roman_empire,BundleSheaf,false,5,5,epoch-15,5,5,saliency,0.722501176932586
roman_empire,BundleSheaf,false,5,5,epoch-15,0,5,cohens_d_train,0.68123245
roman_empire,BundleSheaf,false,5,5,epoch-15,1,5,cohens_d_train,0.8270749
roman_empire,BundleSheaf,false,5,5,epoch-15,2,5,cohens_d_train,0.56667954
roman_empire,BundleSheaf,false,5,5,epoch-15,3,5,cohens_d_train,0.24929897
roman_empire,BundleSheaf,false,5,5,epoch-15,4,5,cohens_d_train,0.06529699
roman_empire,BundleSheaf,false,5,5,epoch-15,5,5,cohens_d_train,0.0067610685
roman_empire,BundleSheaf,false,5,5,epoch-15,0,5,cohens_d_test,0.6551909
roman_empire,BundleSheaf,false,5,5,epoch-15,1,5,cohens_d_test,0.8013232
roman_empire,BundleSheaf,false,5,5,epoch-15,2,5,cohens_d_test,0.6250249
roman_empire,BundleSheaf,false,5,5,epoch-15,3,5,cohens_d_test,0.4046698
roman_empire,BundleSheaf,false,5,5,epoch-15,4,5,cohens_d_test,0.13589962
roman_empire,BundleSheaf,false,5,5,epoch-15,5,5,cohens_d_test,0.04172932
roman_empire,BundleSheaf,false,5,5,epoch-15,0,6,degree,-0.10211945997323846
roman_empire,BundleSheaf,false,5,5,epoch-15,1,6,degree,0.3217406793304652
roman_empire,BundleSheaf,false,5,5,epoch-15,2,6,degree,0.5871411896375411
roman_empire,BundleSheaf,false,5,5,epoch-15,3,6,degree,0.638917628638804
roman_empire,BundleSheaf,false,5,5,epoch-15,4,6,degree,0.7271301821425725
roman_empire,BundleSheaf,false,5,5,epoch-15,5,6,degree,0.8006138113460751
roman_empire,BundleSheaf,false,5,5,epoch-15,0,6,betweenness,-0.0933437685712705
roman_empire,BundleSheaf,false,5,5,epoch-15,1,6,betweenness,0.2094953469015852
roman_empire,BundleSheaf,false,5,5,epoch-15,2,6,betweenness,0.37169173387483195
roman_empire,BundleSheaf,false,5,5,epoch-15,3,6,betweenness,0.369720449835601
roman_empire,BundleSheaf,false,5,5,epoch-15,4,6,betweenness,0.3916320792170292
roman_empire,BundleSheaf,false,5,5,epoch-15,5,6,betweenness,0.43858780661523344
roman_empire,BundleSheaf,false,5,5,epoch-15,0,6,confidence,0.13315418280605767
roman_empire,BundleSheaf,false,5,5,epoch-15,1,6,confidence,0.44978993485449453
roman_empire,BundleSheaf,false,5,5,epoch-15,2,6,confidence,0.6229555260239436
roman_empire,BundleSheaf,false,5,5,epoch-15,3,6,confidence,0.7082157486399879
roman_empire,BundleSheaf,false,5,5,epoch-15,4,6,confidence,0.7438974437671027
roman_empire,BundleSheaf,false,5,5,epoch-15,5,6,confidence,0.7719319436433616
roman_empire,BundleSheaf,false,5,5,epoch-15,0,6,saliency,-0.08471093391113646
roman_empire,BundleSheaf,false,5,5,epoch-15,1,6,saliency,0.17972942380981052
roman_empire,BundleSheaf,false,5,5,epoch-15,2,6,saliency,0.3964967397276368
roman_empire,BundleSheaf,false,5,5,epoch-15,3,6,saliency,0.5122625325445579
roman_empire,BundleSheaf,false,5,5,epoch-15,4,6,saliency,0.6328474801709315
roman_empire,BundleSheaf,false,5,5,epoch-15,5,6,saliency,0.7153679603696333
roman_empire,BundleSheaf,false,5,5,epoch-15,0,6,cohens_d_train,0.8456388
roman_empire,BundleSheaf,false,5,5,epoch-15,1,6,cohens_d_train,1.0249376
roman_empire,BundleSheaf,false,5,5,epoch-15,2,6,cohens_d_train,0.73993975
roman_empire,BundleSheaf,false,5,5,epoch-15,3,6,cohens_d_train,0.5276511
roman_empire,BundleSheaf,false,5,5,epoch-15,4,6,cohens_d_train,0.21422458
roman_empire,BundleSheaf,false,5,5,epoch-15,5,6,cohens_d_train,0.08743517
roman_empire,BundleSheaf,false,5,5,epoch-15,0,6,cohens_d_test,0.9233061
roman_empire,BundleSheaf,false,5,5,epoch-15,1,6,cohens_d_test,1.0413563
roman_empire,BundleSheaf,false,5,5,epoch-15,2,6,cohens_d_test,0.73831886
roman_empire,BundleSheaf,false,5,5,epoch-15,3,6,cohens_d_test,0.6073113
roman_empire,BundleSheaf,false,5,5,epoch-15,4,6,cohens_d_test,0.22398193
roman_empire,BundleSheaf,false,5,5,epoch-15,5,6,cohens_d_test,0.13214853
roman_empire,BundleSheaf,false,5,5,epoch-15,0,7,degree,-0.09623051216495994
roman_empire,BundleSheaf,false,5,5,epoch-15,1,7,degree,0.3405590038524137
roman_empire,BundleSheaf,false,5,5,epoch-15,2,7,degree,0.5440279866249418
roman_empire,BundleSheaf,false,5,5,epoch-15,3,7,degree,0.6451657804134068
roman_empire,BundleSheaf,false,5,5,epoch-15,4,7,degree,0.7042516238940562
roman_empire,BundleSheaf,false,5,5,epoch-15,5,7,degree,0.7057050189990497
roman_empire,BundleSheaf,false,5,5,epoch-15,0,7,betweenness,-0.08774828883751445
roman_empire,BundleSheaf,false,5,5,epoch-15,1,7,betweenness,0.2325554604533979
roman_empire,BundleSheaf,false,5,5,epoch-15,2,7,betweenness,0.34400083838265905
roman_empire,BundleSheaf,false,5,5,epoch-15,3,7,betweenness,0.3627720826107086
roman_empire,BundleSheaf,false,5,5,epoch-15,4,7,betweenness,0.38135815937008677
roman_empire,BundleSheaf,false,5,5,epoch-15,5,7,betweenness,0.36383000881584937
roman_empire,BundleSheaf,false,5,5,epoch-15,0,7,confidence,0.13620942736704772
roman_empire,BundleSheaf,false,5,5,epoch-15,1,7,confidence,0.4809403449505853
roman_empire,BundleSheaf,false,5,5,epoch-15,2,7,confidence,0.6122847346007586
roman_empire,BundleSheaf,false,5,5,epoch-15,3,7,confidence,0.7075342785778336
roman_empire,BundleSheaf,false,5,5,epoch-15,4,7,confidence,0.7566949503709072
roman_empire,BundleSheaf,false,5,5,epoch-15,5,7,confidence,0.7680931431637598
roman_empire,BundleSheaf,false,5,5,epoch-15,0,7,saliency,-0.11156936244144505
roman_empire,BundleSheaf,false,5,5,epoch-15,1,7,saliency,0.18393251762553844
roman_empire,BundleSheaf,false,5,5,epoch-15,2,7,saliency,0.3621020741510547
roman_empire,BundleSheaf,false,5,5,epoch-15,3,7,saliency,0.5123416997027649
roman_empire,BundleSheaf,false,5,5,epoch-15,4,7,saliency,0.6272156902273103
roman_empire,BundleSheaf,false,5,5,epoch-15,5,7,saliency,0.6796707933168538
roman_empire,BundleSheaf,false,5,5,epoch-15,0,7,cohens_d_train,0.85190094
roman_empire,BundleSheaf,false,5,5,epoch-15,1,7,cohens_d_train,0.84171927
roman_empire,BundleSheaf,false,5,5,epoch-15,2,7,cohens_d_train,0.8284236
roman_empire,BundleSheaf,false,5,5,epoch-15,3,7,cohens_d_train,0.49302408
roman_empire,BundleSheaf,false,5,5,epoch-15,4,7,cohens_d_train,0.28495002
roman_empire,BundleSheaf,false,5,5,epoch-15,5,7,cohens_d_train,0.19395585
roman_empire,BundleSheaf,false,5,5,epoch-15,0,7,cohens_d_test,0.94264823
roman_empire,BundleSheaf,false,5,5,epoch-15,1,7,cohens_d_test,0.85804075
roman_empire,BundleSheaf,false,5,5,epoch-15,2,7,cohens_d_test,0.7464051
roman_empire,BundleSheaf,false,5,5,epoch-15,3,7,cohens_d_test,0.35700804
roman_empire,BundleSheaf,false,5,5,epoch-15,4,7,cohens_d_test,0.14336325
roman_empire,BundleSheaf,false,5,5,epoch-15,5,7,cohens_d_test,0.05245288
roman_empire,BundleSheaf,false,5,5,epoch-15,0,8,degree,-0.1238742697087144
roman_empire,BundleSheaf,false,5,5,epoch-15,1,8,degree,0.3667192283872494
roman_empire,BundleSheaf,false,5,5,epoch-15,2,8,degree,0.6139312130703839
roman_empire,BundleSheaf,false,5,5,epoch-15,3,8,degree,0.7522461196463038
roman_empire,BundleSheaf,false,5,5,epoch-15,4,8,degree,0.6805672358994083
roman_empire,BundleSheaf,false,5,5,epoch-15,5,8,degree,0.7065099707608068
roman_empire,BundleSheaf,false,5,5,epoch-15,0,8,betweenness,-0.10841957077466495
roman_empire,BundleSheaf,false,5,5,epoch-15,1,8,betweenness,0.2394987479896923
roman_empire,BundleSheaf,false,5,5,epoch-15,2,8,betweenness,0.3789444874678246
roman_empire,BundleSheaf,false,5,5,epoch-15,3,8,betweenness,0.43509859405651435
roman_empire,BundleSheaf,false,5,5,epoch-15,4,8,betweenness,0.33901995918992717
roman_empire,BundleSheaf,false,5,5,epoch-15,5,8,betweenness,0.3407276695996577
roman_empire,BundleSheaf,false,5,5,epoch-15,0,8,confidence,0.008228227572809896
roman_empire,BundleSheaf,false,5,5,epoch-15,1,8,confidence,0.3150610807996346
roman_empire,BundleSheaf,false,5,5,epoch-15,2,8,confidence,0.45672155663182185
roman_empire,BundleSheaf,false,5,5,epoch-15,3,8,confidence,0.5631501342541556
roman_empire,BundleSheaf,false,5,5,epoch-15,4,8,confidence,0.6325432974506551
roman_empire,BundleSheaf,false,5,5,epoch-15,5,8,confidence,0.6768106068772133
roman_empire,BundleSheaf,false,5,5,epoch-15,0,8,saliency,-0.09215282111199086
roman_empire,BundleSheaf,false,5,5,epoch-15,1,8,saliency,0.21736239912964675
roman_empire,BundleSheaf,false,5,5,epoch-15,2,8,saliency,0.42353255333181805
roman_empire,BundleSheaf,false,5,5,epoch-15,3,8,saliency,0.5831490089956212
roman_empire,BundleSheaf,false,5,5,epoch-15,4,8,saliency,0.683141960008871
roman_empire,BundleSheaf,false,5,5,epoch-15,5,8,saliency,0.7455552664252378
roman_empire,BundleSheaf,false,5,5,epoch-15,0,8,cohens_d_train,0.45876876
roman_empire,BundleSheaf,false,5,5,epoch-15,1,8,cohens_d_train,0.4242354
roman_empire,BundleSheaf,false,5,5,epoch-15,2,8,cohens_d_train,0.38132533
roman_empire,BundleSheaf,false,5,5,epoch-15,3,8,cohens_d_train,0.19222106
roman_empire,BundleSheaf,false,5,5,epoch-15,4,8,cohens_d_train,0.11871644
roman_empire,BundleSheaf,false,5,5,epoch-15,5,8,cohens_d_train,0.08648795
roman_empire,BundleSheaf,false,5,5,epoch-15,0,8,cohens_d_test,0.47168282
roman_empire,BundleSheaf,false,5,5,epoch-15,1,8,cohens_d_test,0.437619
roman_empire,BundleSheaf,false,5,5,epoch-15,2,8,cohens_d_test,0.41205955
roman_empire,BundleSheaf,false,5,5,epoch-15,3,8,cohens_d_test,0.2626758
roman_empire,BundleSheaf,false,5,5,epoch-15,4,8,cohens_d_test,0.1199305
roman_empire,BundleSheaf,false,5,5,epoch-15,5,8,cohens_d_test,0.02817053
roman_empire,BundleSheaf,false,5,5,epoch-15,0,9,degree,-0.1075605334772621
roman_empire,BundleSheaf,false,5,5,epoch-15,1,9,degree,0.3354012310512064
roman_empire,BundleSheaf,false,5,5,epoch-15,2,9,degree,0.640334553502474
roman_empire,BundleSheaf,false,5,5,epoch-15,3,9,degree,0.7414233890567113
roman_empire,BundleSheaf,false,5,5,epoch-15,4,9,degree,0.741228102372427
roman_empire,BundleSheaf,false,5,5,epoch-15,5,9,degree,0.6630470246928213
roman_empire,BundleSheaf,false,5,5,epoch-15,0,9,betweenness,-0.09505128031383349
roman_empire,BundleSheaf,false,5,5,epoch-15,1,9,betweenness,0.22742134090591265
roman_empire,BundleSheaf,false,5,5,epoch-15,2,9,betweenness,0.4063548949776412
roman_empire,BundleSheaf,false,5,5,epoch-15,3,9,betweenness,0.43696652928958074
roman_empire,BundleSheaf,false,5,5,epoch-15,4,9,betweenness,0.41157726373333103
roman_empire,BundleSheaf,false,5,5,epoch-15,5,9,betweenness,0.33209583707603374
roman_empire,BundleSheaf,false,5,5,epoch-15,0,9,confidence,0.09792295279833342
roman_empire,BundleSheaf,false,5,5,epoch-15,1,9,confidence,0.405398389246201
roman_empire,BundleSheaf,false,5,5,epoch-15,2,9,confidence,0.5907747495406896
roman_empire,BundleSheaf,false,5,5,epoch-15,3,9,confidence,0.7018893947167213
roman_empire,BundleSheaf,false,5,5,epoch-15,4,9,confidence,0.749357109094942
roman_empire,BundleSheaf,false,5,5,epoch-15,5,9,confidence,0.7856292381449416
roman_empire,BundleSheaf,false,5,5,epoch-15,0,9,saliency,-0.07737888039790873
roman_empire,BundleSheaf,false,5,5,epoch-15,1,9,saliency,0.19998528167581509
roman_empire,BundleSheaf,false,5,5,epoch-15,2,9,saliency,0.44748610416436013
roman_empire,BundleSheaf,false,5,5,epoch-15,3,9,saliency,0.5954462449947809
roman_empire,BundleSheaf,false,5,5,epoch-15,4,9,saliency,0.6727985407221792
roman_empire,BundleSheaf,false,5,5,epoch-15,5,9,saliency,0.7117164739995023
roman_empire,BundleSheaf,false,5,5,epoch-15,0,9,cohens_d_train,0.62110454
roman_empire,BundleSheaf,false,5,5,epoch-15,1,9,cohens_d_train,0.6056356
roman_empire,BundleSheaf,false,5,5,epoch-15,2,9,cohens_d_train,0.38823155
roman_empire,BundleSheaf,false,5,5,epoch-15,3,9,cohens_d_train,0.20622674
roman_empire,BundleSheaf,false,5,5,epoch-15,4,9,cohens_d_train,0.048151225
roman_empire,BundleSheaf,false,5,5,epoch-15,5,9,cohens_d_train,0.016852707
roman_empire,BundleSheaf,false,5,5,epoch-15,0,9,cohens_d_test,0.53781515
roman_empire,BundleSheaf,false,5,5,epoch-15,1,9,cohens_d_test,0.54875785
roman_empire,BundleSheaf,false,5,5,epoch-15,2,9,cohens_d_test,0.365074
roman_empire,BundleSheaf,false,5,5,epoch-15,3,9,cohens_d_test,0.25718865
roman_empire,BundleSheaf,false,5,5,epoch-15,4,9,cohens_d_test,0.08830303
roman_empire,BundleSheaf,false,5,5,epoch-15,5,9,cohens_d_test,0.021067642
roman_empire,BundleSheaf,false,5,5,epoch-50,0,0,degree,-0.12864808163147337
roman_empire,BundleSheaf,false,5,5,epoch-50,1,0,degree,0.342571250028218
roman_empire,BundleSheaf,false,5,5,epoch-50,2,0,degree,0.5883487148780585
roman_empire,BundleSheaf,false,5,5,epoch-50,3,0,degree,0.7131955221542635
roman_empire,BundleSheaf,false,5,5,epoch-50,4,0,degree,0.7263976014506172
roman_empire,BundleSheaf,false,5,5,epoch-50,5,0,degree,0.5858492411715
roman_empire,BundleSheaf,false,5,5,epoch-50,0,0,betweenness,-0.08453190549098799
roman_empire,BundleSheaf,false,5,5,epoch-50,1,0,betweenness,0.23253869528407298
roman_empire,BundleSheaf,false,5,5,epoch-50,2,0,betweenness,0.3660529616638791
roman_empire,BundleSheaf,false,5,5,epoch-50,3,0,betweenness,0.4059425180037703
roman_empire,BundleSheaf,false,5,5,epoch-50,4,0,betweenness,0.3737123144571443
roman_empire,BundleSheaf,false,5,5,epoch-50,5,0,betweenness,0.2747102873424481
roman_empire,BundleSheaf,false,5,5,epoch-50,0,0,confidence,0.05890236157299445
roman_empire,BundleSheaf,false,5,5,epoch-50,1,0,confidence,0.24789579901840686
roman_empire,BundleSheaf,false,5,5,epoch-50,2,0,confidence,0.35858147938638796
roman_empire,BundleSheaf,false,5,5,epoch-50,3,0,confidence,0.43208889795086386
roman_empire,BundleSheaf,false,5,5,epoch-50,4,0,confidence,0.4663937286249929
roman_empire,BundleSheaf,false,5,5,epoch-50,5,0,confidence,0.49966115184249515
roman_empire,BundleSheaf,false,5,5,epoch-50,0,0,saliency,-0.13977353885036553
roman_empire,BundleSheaf,false,5,5,epoch-50,1,0,saliency,0.14624567001816366
roman_empire,BundleSheaf,false,5,5,epoch-50,2,0,saliency,0.33018784121405215
roman_empire,BundleSheaf,false,5,5,epoch-50,3,0,saliency,0.4532333474437388
roman_empire,BundleSheaf,false,5,5,epoch-50,4,0,saliency,0.5259234640465454
roman_empire,BundleSheaf,false,5,5,epoch-50,5,0,saliency,0.4681014207023488
roman_empire,BundleSheaf,false,5,5,epoch-50,0,0,cohens_d_train,0.4552377
roman_empire,BundleSheaf,false,5,5,epoch-50,1,0,cohens_d_train,0.5580277
roman_empire,BundleSheaf,false,5,5,epoch-50,2,0,cohens_d_train,0.44835165
roman_empire,BundleSheaf,false,5,5,epoch-50,3,0,cohens_d_train,0.1954158
roman_empire,BundleSheaf,false,5,5,epoch-50,4,0,cohens_d_train,0.094098054
roman_empire,BundleSheaf,false,5,5,epoch-50,5,0,cohens_d_train,0.07151581
roman_empire,BundleSheaf,false,5,5,epoch-50,0,0,cohens_d_test,0.5351595
roman_empire,BundleSheaf,false,5,5,epoch-50,1,0,cohens_d_test,0.62214696
roman_empire,BundleSheaf,false,5,5,epoch-50,2,0,cohens_d_test,0.6228546
roman_empire,BundleSheaf,false,5,5,epoch-50,3,0,cohens_d_test,0.4061597
roman_empire,BundleSheaf,false,5,5,epoch-50,4,0,cohens_d_test,0.11858557
roman_empire,BundleSheaf,false,5,5,epoch-50,5,0,cohens_d_test,0.076828785
roman_empire,BundleSheaf,false,5,5,epoch-50,0,1,degree,-0.1128103863170416
roman_empire,BundleSheaf,false,5,5,epoch-50,1,1,degree,0.3507257034360822
roman_empire,BundleSheaf,false,5,5,epoch-50,2,1,degree,0.5913624258988116
roman_empire,BundleSheaf,false,5,5,epoch-50,3,1,degree,0.7031197143930435
roman_empire,BundleSheaf,false,5,5,epoch-50,4,1,degree,0.6538757597769682
roman_empire,BundleSheaf,false,5,5,epoch-50,5,1,degree,0.7216657455583428
roman_empire,BundleSheaf,false,5,5,epoch-50,0,1,betweenness,-0.09667407765180258
roman_empire,BundleSheaf,false,5,5,epoch-50,1,1,betweenness,0.22886944020788583
roman_empire,BundleSheaf,false,5,5,epoch-50,2,1,betweenness,0.3639812782883956
roman_empire,BundleSheaf,false,5,5,epoch-50,3,1,betweenness,0.3989679758607786
roman_empire,BundleSheaf,false,5,5,epoch-50,4,1,betweenness,0.32733403824998486
roman_empire,BundleSheaf,false,5,5,epoch-50,5,1,betweenness,0.3588066010397967
roman_empire,BundleSheaf,false,5,5,epoch-50,0,1,confidence,0.26545278103712683
roman_empire,BundleSheaf,false,5,5,epoch-50,1,1,confidence,0.5822911673019373
roman_empire,BundleSheaf,false,5,5,epoch-50,2,1,confidence,0.694106972595935
roman_empire,BundleSheaf,false,5,5,epoch-50,3,1,confidence,0.7492112320412478
roman_empire,BundleSheaf,false,5,5,epoch-50,4,1,confidence,0.7340821055388724
roman_empire,BundleSheaf,false,5,5,epoch-50,5,1,confidence,0.7619175236038641
roman_empire,BundleSheaf,false,5,5,epoch-50,0,1,saliency,-0.04414596378868956
roman_empire,BundleSheaf,false,5,5,epoch-50,1,1,saliency,0.2562324291141712
roman_empire,BundleSheaf,false,5,5,epoch-50,2,1,saliency,0.43520521120688
roman_empire,BundleSheaf,false,5,5,epoch-50,3,1,saliency,0.5510802393181625
roman_empire,BundleSheaf,false,5,5,epoch-50,4,1,saliency,0.5881534494926038
roman_empire,BundleSheaf,false,5,5,epoch-50,5,1,saliency,0.6593494010157916
roman_empire,BundleSheaf,false,5,5,epoch-50,0,1,cohens_d_train,0.7997455
roman_empire,BundleSheaf,false,5,5,epoch-50,1,1,cohens_d_train,0.8665721
roman_empire,BundleSheaf,false,5,5,epoch-50,2,1,cohens_d_train,0.63373864
roman_empire,BundleSheaf,false,5,5,epoch-50,3,1,cohens_d_train,0.31401384
roman_empire,BundleSheaf,false,5,5,epoch-50,4,1,cohens_d_train,0.13897783
roman_empire,BundleSheaf,false,5,5,epoch-50,5,1,cohens_d_train,0.055399064
roman_empire,BundleSheaf,false,5,5,epoch-50,0,1,cohens_d_test,0.79211175
roman_empire,BundleSheaf,false,5,5,epoch-50,1,1,cohens_d_test,0.7699251
roman_empire,BundleSheaf,false,5,5,epoch-50,2,1,cohens_d_test,0.23505358
roman_empire,BundleSheaf,false,5,5,epoch-50,3,1,cohens_d_test,0.037756786
roman_empire,BundleSheaf,false,5,5,epoch-50,4,1,cohens_d_test,0.0036788909
roman_empire,BundleSheaf,false,5,5,epoch-50,5,1,cohens_d_test,0.016564118
roman_empire,BundleSheaf,false,5,5,epoch-50,0,2,degree,-0.09498231843197243
roman_empire,BundleSheaf,false,5,5,epoch-50,1,2,degree,0.34988682013706124
roman_empire,BundleSheaf,false,5,5,epoch-50,2,2,degree,0.5846964219717549
roman_empire,BundleSheaf,false,5,5,epoch-50,3,2,degree,0.7324542516945152
roman_empire,BundleSheaf,false,5,5,epoch-50,4,2,degree,0.7090472475688511
roman_empire,BundleSheaf,false,5,5,epoch-50,5,2,degree,0.7184635820867361
roman_empire,BundleSheaf,false,5,5,epoch-50,0,2,betweenness,-0.08524639252254967
roman_empire,BundleSheaf,false,5,5,epoch-50,1,2,betweenness,0.23457802476371165
roman_empire,BundleSheaf,false,5,5,epoch-50,2,2,betweenness,0.36447879603089256
roman_empire,BundleSheaf,false,5,5,epoch-50,3,2,betweenness,0.4311565734619639
roman_empire,BundleSheaf,false,5,5,epoch-50,4,2,betweenness,0.36862500970726353
roman_empire,BundleSheaf,false,5,5,epoch-50,5,2,betweenness,0.35360393299903253
roman_empire,BundleSheaf,false,5,5,epoch-50,0,2,confidence,0.22102899667021564
roman_empire,BundleSheaf,false,5,5,epoch-50,1,2,confidence,0.5388921731022195
roman_empire,BundleSheaf,false,5,5,epoch-50,2,2,confidence,0.6883970374546577
roman_empire,BundleSheaf,false,5,5,epoch-50,3,2,confidence,0.7681763914350964
roman_empire,BundleSheaf,false,5,5,epoch-50,4,2,confidence,0.7921856458152314
roman_empire,BundleSheaf,false,5,5,epoch-50,5,2,confidence,0.8118006197998727
roman_empire,BundleSheaf,false,5,5,epoch-50,0,2,saliency,-0.09133820176919596
roman_empire,BundleSheaf,false,5,5,epoch-50,1,2,saliency,0.2109838178283552
roman_empire,BundleSheaf,false,5,5,epoch-50,2,2,saliency,0.4106428488138696
roman_empire,BundleSheaf,false,5,5,epoch-50,3,2,saliency,0.5634657258152224
roman_empire,BundleSheaf,false,5,5,epoch-50,4,2,saliency,0.6403823466038042
roman_empire,BundleSheaf,false,5,5,epoch-50,5,2,saliency,0.6974322082939719
roman_empire,BundleSheaf,false,5,5,epoch-50,0,2,cohens_d_train,0.6775476
roman_empire,BundleSheaf,false,5,5,epoch-50,1,2,cohens_d_train,0.6872726
roman_empire,BundleSheaf,false,5,5,epoch-50,2,2,cohens_d_train,0.49855688
roman_empire,BundleSheaf,false,5,5,epoch-50,3,2,cohens_d_train,0.21472105
roman_empire,BundleSheaf,false,5,5,epoch-50,4,2,cohens_d_train,0.03958489
roman_empire,BundleSheaf,false,5,5,epoch-50,5,2,cohens_d_train,0.002420108
roman_empire,BundleSheaf,false,5,5,epoch-50,0,2,cohens_d_test,0.7092759
roman_empire,BundleSheaf,false,5,5,epoch-50,1,2,cohens_d_test,0.7818336
roman_empire,BundleSheaf,false,5,5,epoch-50,2,2,cohens_d_test,0.62014174
roman_empire,BundleSheaf,false,5,5,epoch-50,3,2,cohens_d_test,0.34689784
roman_empire,BundleSheaf,false,5,5,epoch-50,4,2,cohens_d_test,0.08345839
roman_empire,BundleSheaf,false,5,5,epoch-50,5,2,cohens_d_test,0.038501106
roman_empire,BundleSheaf,false,5,5,epoch-50,0,3,degree,-0.08931320833475898
roman_empire,BundleSheaf,false,5,5,epoch-50,1,3,degree,0.35207481040105765
roman_empire,BundleSheaf,false,5,5,epoch-50,2,3,degree,0.5882503141038702
roman_empire,BundleSheaf,false,5,5,epoch-50,3,3,degree,0.645785126405357
roman_empire,BundleSheaf,false,5,5,epoch-50,4,3,degree,0.7610133539233751
roman_empire,BundleSheaf,false,5,5,epoch-50,5,3,degree,0.7861381473307337
roman_empire,BundleSheaf,false,5,5,epoch-50,0,3,betweenness,-0.0781613112213346
roman_empire,BundleSheaf,false,5,5,epoch-50,1,3,betweenness,0.2448013409436476
roman_empire,BundleSheaf,false,5,5,epoch-50,2,3,betweenness,0.3747773854502949
roman_empire,BundleSheaf,false,5,5,epoch-50,3,3,betweenness,0.36520660085808904
roman_empire,BundleSheaf,false,5,5,epoch-50,4,3,betweenness,0.4253976461737786
roman_empire,BundleSheaf,false,5,5,epoch-50,5,3,betweenness,0.41487164561586104
roman_empire,BundleSheaf,false,5,5,epoch-50,0,3,confidence,0.31803902541745643
roman_empire,BundleSheaf,false,5,5,epoch-50,1,3,confidence,0.6117279774537685
roman_empire,BundleSheaf,false,5,5,epoch-50,2,3,confidence,0.7192618376075494
roman_empire,BundleSheaf,false,5,5,epoch-50,3,3,confidence,0.6922020812291783
roman_empire,BundleSheaf,false,5,5,epoch-50,4,3,confidence,0.7382539098028073
roman_empire,BundleSheaf,false,5,5,epoch-50,5,3,confidence,0.7783039475158281
roman_empire,BundleSheaf,false,5,5,epoch-50,0,3,saliency,-0.09537058204185161
roman_empire,BundleSheaf,false,5,5,epoch-50,1,3,saliency,0.14760200331838194
roman_empire,BundleSheaf,false,5,5,epoch-50,2,3,saliency,0.3246224310162254
roman_empire,BundleSheaf,false,5,5,epoch-50,3,3,saliency,0.4526427190184914
roman_empire,BundleSheaf,false,5,5,epoch-50,4,3,saliency,0.5578234916306967
roman_empire,BundleSheaf,false,5,5,epoch-50,5,3,saliency,0.6271380716220538
roman_empire,BundleSheaf,false,5,5,epoch-50,0,3,cohens_d_train,0.7007729
roman_empire,BundleSheaf,false,5,5,epoch-50,1,3,cohens_d_train,0.745439
roman_empire,BundleSheaf,false,5,5,epoch-50,2,3,cohens_d_train,0.5313082
roman_empire,BundleSheaf,false,5,5,epoch-50,3,3,cohens_d_train,0.29157862
roman_empire,BundleSheaf,false,5,5,epoch-50,4,3,cohens_d_train,0.13738434
roman_empire,BundleSheaf,false,5,5,epoch-50,5,3,cohens_d_train,0.10730958
roman_empire,BundleSheaf,false,5,5,epoch-50,0,3,cohens_d_test,0.7705831
roman_empire,BundleSheaf,false,5,5,epoch-50,1,3,cohens_d_test,0.8183909
roman_empire,BundleSheaf,false,5,5,epoch-50,2,3,cohens_d_test,0.6515682
roman_empire,BundleSheaf,false,5,5,epoch-50,3,3,cohens_d_test,0.36351115
roman_empire,BundleSheaf,false,5,5,epoch-50,4,3,cohens_d_test,0.1857981
roman_empire,BundleSheaf,false,5,5,epoch-50,5,3,cohens_d_test,0.1331084
roman_empire,BundleSheaf,false,5,5,epoch-50,0,4,degree,-0.09887888502697938
roman_empire,BundleSheaf,false,5,5,epoch-50,1,4,degree,0.3716343725125104
roman_empire,BundleSheaf,false,5,5,epoch-50,2,4,degree,0.6497889903419622
roman_empire,BundleSheaf,false,5,5,epoch-50,3,4,degree,0.6531872245299164
roman_empire,BundleSheaf,false,5,5,epoch-50,4,4,degree,0.7574733161246894
roman_empire,BundleSheaf,false,5,5,epoch-50,5,4,degree,0.6896732289380941
roman_empire,BundleSheaf,false,5,5,epoch-50,0,4,betweenness,-0.09057984357857572
roman_empire,BundleSheaf,false,5,5,epoch-50,1,4,betweenness,0.25693448699943855
roman_empire,BundleSheaf,false,5,5,epoch-50,2,4,betweenness,0.4129952159511579
roman_empire,BundleSheaf,false,5,5,epoch-50,3,4,betweenness,0.38009453723861064
roman_empire,BundleSheaf,false,5,5,epoch-50,4,4,betweenness,0.41323629408015516
roman_empire,BundleSheaf,false,5,5,epoch-50,5,4,betweenness,0.35005456714782285
roman_empire,BundleSheaf,false,5,5,epoch-50,0,4,confidence,0.125517150731081
roman_empire,BundleSheaf,false,5,5,epoch-50,1,4,confidence,0.3793874323253267
roman_empire,BundleSheaf,false,5,5,epoch-50,2,4,confidence,0.5020804097884743
roman_empire,BundleSheaf,false,5,5,epoch-50,3,4,confidence,0.5361195595658476
roman_empire,BundleSheaf,false,5,5,epoch-50,4,4,confidence,0.5482750791477872
roman_empire,BundleSheaf,false,5,5,epoch-50,5,4,confidence,0.6064324416934325
roman_empire,BundleSheaf,false,5,5,epoch-50,0,4,saliency,-0.07675417298331107
roman_empire,BundleSheaf,false,5,5,epoch-50,1,4,saliency,0.23475600468047045
roman_empire,BundleSheaf,false,5,5,epoch-50,2,4,saliency,0.43647688793979894
roman_empire,BundleSheaf,false,5,5,epoch-50,3,4,saliency,0.49322620630329517
roman_empire,BundleSheaf,false,5,5,epoch-50,4,4,saliency,0.5886758699962658
roman_empire,BundleSheaf,false,5,5,epoch-50,5,4,saliency,0.5840176940526771
roman_empire,BundleSheaf,false,5,5,epoch-50,0,4,cohens_d_train,0.4113729
roman_empire,BundleSheaf,false,5,5,epoch-50,1,4,cohens_d_train,0.5757779
roman_empire,BundleSheaf,false,5,5,epoch-50,2,4,cohens_d_train,0.37882748
roman_empire,BundleSheaf,false,5,5,epoch-50,3,4,cohens_d_train,0.29351324
roman_empire,BundleSheaf,false,5,5,epoch-50,4,4,cohens_d_train,0.078538254
roman_empire,BundleSheaf,false,5,5,epoch-50,5,4,cohens_d_train,0.02528264
roman_empire,BundleSheaf,false,5,5,epoch-50,0,4,cohens_d_test,0.46582577
roman_empire,BundleSheaf,false,5,5,epoch-50,1,4,cohens_d_test,0.60991764
roman_empire,BundleSheaf,false,5,5,epoch-50,2,4,cohens_d_test,0.46983528
roman_empire,BundleSheaf,false,5,5,epoch-50,3,4,cohens_d_test,0.33317578
roman_empire,BundleSheaf,false,5,5,epoch-50,4,4,cohens_d_test,0.13331676
roman_empire,BundleSheaf,false,5,5,epoch-50,5,4,cohens_d_test,0.050764814
roman_empire,BundleSheaf,false,5,5,epoch-50,0,5,degree,-0.10524281303300718
roman_empire,BundleSheaf,false,5,5,epoch-50,1,5,degree,0.34157415620574244
roman_empire,BundleSheaf,false,5,5,epoch-50,2,5,degree,0.6149006598611518
roman_empire,BundleSheaf,false,5,5,epoch-50,3,5,degree,0.7534213112363726
roman_empire,BundleSheaf,false,5,5,epoch-50,4,5,degree,0.553946163270227
roman_empire,BundleSheaf,false,5,5,epoch-50,5,5,degree,0.6390989444763687
roman_empire,BundleSheaf,false,5,5,epoch-50,0,5,betweenness,-0.08179002330330273
roman_empire,BundleSheaf,false,5,5,epoch-50,1,5,betweenness,0.22055544068411878
roman_empire,BundleSheaf,false,5,5,epoch-50,2,5,betweenness,0.37429036842596286
roman_empire,BundleSheaf,false,5,5,epoch-50,3,5,betweenness,0.4287989401188383
roman_empire,BundleSheaf,false,5,5,epoch-50,4,5,betweenness,0.2629269758944827
roman_empire,BundleSheaf,false,5,5,epoch-50,5,5,betweenness,0.31307150762634767
roman_empire,BundleSheaf,false,5,5,epoch-50,0,5,confidence,0.24928612594902394
roman_empire,BundleSheaf,false,5,5,epoch-50,1,5,confidence,0.4927185146047592
roman_empire,BundleSheaf,false,5,5,epoch-50,2,5,confidence,0.596514056474811
roman_empire,BundleSheaf,false,5,5,epoch-50,3,5,confidence,0.6343442563847514
roman_empire,BundleSheaf,false,5,5,epoch-50,4,5,confidence,0.5322466534491038
roman_empire,BundleSheaf,false,5,5,epoch-50,5,5,confidence,0.6527913960230378
roman_empire,BundleSheaf,false,5,5,epoch-50,0,5,saliency,-0.0652139344931265
roman_empire,BundleSheaf,false,5,5,epoch-50,1,5,saliency,0.19173471269865874
roman_empire,BundleSheaf,false,5,5,epoch-50,2,5,saliency,0.38536097438928374
roman_empire,BundleSheaf,false,5,5,epoch-50,3,5,saliency,0.5110321346716985
roman_empire,BundleSheaf,false,5,5,epoch-50,4,5,saliency,0.47818633313706893
roman_empire,BundleSheaf,false,5,5,epoch-50,5,5,saliency,0.5626442399080973
roman_empire,BundleSheaf,false,5,5,epoch-50,0,5,cohens_d_train,0.6383288
roman_empire,BundleSheaf,false,5,5,epoch-50,1,5,cohens_d_train,0.7660257
roman_empire,BundleSheaf,false,5,5,epoch-50,2,5,cohens_d_train,0.436228
roman_empire,BundleSheaf,false,5,5,epoch-50,3,5,cohens_d_train,0.14879054
roman_empire,BundleSheaf,false,5,5,epoch-50,4,5,cohens_d_train,0.06621671
roman_empire,BundleSheaf,false,5,5,epoch-50,5,5,cohens_d_train,0.008179634
roman_empire,BundleSheaf,false,5,5,epoch-50,0,5,cohens_d_test,0.6583216
roman_empire,BundleSheaf,false,5,5,epoch-50,1,5,cohens_d_test,0.79218405
roman_empire,BundleSheaf,false,5,5,epoch-50,2,5,cohens_d_test,0.58524257
roman_empire,BundleSheaf,false,5,5,epoch-50,3,5,cohens_d_test,0.32367983
roman_empire,BundleSheaf,false,5,5,epoch-50,4,5,cohens_d_test,0.10631313
roman_empire,BundleSheaf,false,5,5,epoch-50,5,5,cohens_d_test,0.06628347
roman_empire,BundleSheaf,false,5,5,epoch-50,0,6,degree,-0.0933303735794199
roman_empire,BundleSheaf,false,5,5,epoch-50,1,6,degree,0.3288993217071971
roman_empire,BundleSheaf,false,5,5,epoch-50,2,6,degree,0.6217986760940051
roman_empire,BundleSheaf,false,5,5,epoch-50,3,6,degree,0.6440710704676318
roman_empire,BundleSheaf,false,5,5,epoch-50,4,6,degree,0.7591524615195004
roman_empire,BundleSheaf,false,5,5,epoch-50,5,6,degree,0.8150983803473203
roman_empire,BundleSheaf,false,5,5,epoch-50,0,6,betweenness,-0.07999425202512264
roman_empire,BundleSheaf,false,5,5,epoch-50,1,6,betweenness,0.21273221999978412
roman_empire,BundleSheaf,false,5,5,epoch-50,2,6,betweenness,0.39327289225702594
roman_empire,BundleSheaf,false,5,5,epoch-50,3,6,betweenness,0.3611202672655294
roman_empire,BundleSheaf,false,5,5,epoch-50,4,6,betweenness,0.41269885846024285
roman_empire,BundleSheaf,false,5,5,epoch-50,5,6,betweenness,0.44526273237507324
roman_empire,BundleSheaf,false,5,5,epoch-50,0,6,confidence,0.22588580298930738
roman_empire,BundleSheaf,false,5,5,epoch-50,1,6,confidence,0.5389990034456104
roman_empire,BundleSheaf,false,5,5,epoch-50,2,6,confidence,0.6830977672109437
roman_empire,BundleSheaf,false,5,5,epoch-50,3,6,confidence,0.6839845590719594
roman_empire,BundleSheaf,false,5,5,epoch-50,4,6,confidence,0.7284681693202851
roman_empire,BundleSheaf,false,5,5,epoch-50,5,6,confidence,0.7561215285047003
roman_empire,BundleSheaf,false,5,5,epoch-50,0,6,saliency,-0.04930999560735648
roman_empire,BundleSheaf,false,5,5,epoch-50,1,6,saliency,0.2274388434774374
roman_empire,BundleSheaf,false,5,5,epoch-50,2,6,saliency,0.4425758159425909
roman_empire,BundleSheaf,false,5,5,epoch-50,3,6,saliency,0.5311527887217916
roman_empire,BundleSheaf,false,5,5,epoch-50,4,6,saliency,0.5687410952505145
roman_empire,BundleSheaf,false,5,5,epoch-50,5,6,saliency,0.6313236608812715
roman_empire,BundleSheaf,false,5,5,epoch-50,0,6,cohens_d_train,0.64165336
roman_empire,BundleSheaf,false,5,5,epoch-50,1,6,cohens_d_train,0.8289156
roman_empire,BundleSheaf,false,5,5,epoch-50,2,6,cohens_d_train,0.50089663
roman_empire,BundleSheaf,false,5,5,epoch-50,3,6,cohens_d_train,0.2796775
roman_empire,BundleSheaf,false,5,5,epoch-50,4,6,cohens_d_train,0.17179164
roman_empire,BundleSheaf,false,5,5,epoch-50,5,6,cohens_d_train,0.11489709
roman_empire,BundleSheaf,false,5,5,epoch-50,0,6,cohens_d_test,0.6999302
roman_empire,BundleSheaf,false,5,5,epoch-50,1,6,cohens_d_test,0.8353307
roman_empire,BundleSheaf,false,5,5,epoch-50,2,6,cohens_d_test,0.52451277
roman_empire,BundleSheaf,false,5,5,epoch-50,3,6,cohens_d_test,0.20225777
roman_empire,BundleSheaf,false,5,5,epoch-50,4,6,cohens_d_test,0.08484986
roman_empire,BundleSheaf,false,5,5,epoch-50,5,6,cohens_d_test,0.08768277
roman_empire,BundleSheaf,false,5,5,epoch-50,0,7,degree,-0.09314435261502908
roman_empire,BundleSheaf,false,5,5,epoch-50,1,7,degree,0.33768733685859226
roman_empire,BundleSheaf,false,5,5,epoch-50,2,7,degree,0.568488872249012
roman_empire,BundleSheaf,false,5,5,epoch-50,3,7,degree,0.6994556858718706
roman_empire,BundleSheaf,false,5,5,epoch-50,4,7,degree,0.6878043474884704
roman_empire,BundleSheaf,false,5,5,epoch-50,5,7,degree,0.680617983928032
roman_empire,BundleSheaf,false,5,5,epoch-50,0,7,betweenness,-0.08220685374938652
roman_empire,BundleSheaf,false,5,5,epoch-50,1,7,betweenness,0.23631025470030395
roman_empire,BundleSheaf,false,5,5,epoch-50,2,7,betweenness,0.3609951066248874
roman_empire,BundleSheaf,false,5,5,epoch-50,3,7,betweenness,0.40175157921129356
roman_empire,BundleSheaf,false,5,5,epoch-50,4,7,betweenness,0.37370663747045835
roman_empire,BundleSheaf,false,5,5,epoch-50,5,7,betweenness,0.3560782160752425
roman_empire,BundleSheaf,false,5,5,epoch-50,0,7,confidence,0.1982695112487112
roman_empire,BundleSheaf,false,5,5,epoch-50,1,7,confidence,0.54479671616125
roman_empire,BundleSheaf,false,5,5,epoch-50,2,7,confidence,0.6629494122714826
roman_empire,BundleSheaf,false,5,5,epoch-50,3,7,confidence,0.677216983142133
roman_empire,BundleSheaf,false,5,5,epoch-50,4,7,confidence,0.6477844182127613
roman_empire,BundleSheaf,false,5,5,epoch-50,5,7,confidence,0.7182143760671447
roman_empire,BundleSheaf,false,5,5,epoch-50,0,7,saliency,-0.11829220175586558
roman_empire,BundleSheaf,false,5,5,epoch-50,1,7,saliency,0.1711775628658556
roman_empire,BundleSheaf,false,5,5,epoch-50,2,7,saliency,0.3537108636419474
roman_empire,BundleSheaf,false,5,5,epoch-50,3,7,saliency,0.48670345409817983
roman_empire,BundleSheaf,false,5,5,epoch-50,4,7,saliency,0.5233263838959442
roman_empire,BundleSheaf,false,5,5,epoch-50,5,7,saliency,0.5675280125022905
roman_empire,BundleSheaf,false,5,5,epoch-50,0,7,cohens_d_train,0.75173646
roman_empire,BundleSheaf,false,5,5,epoch-50,1,7,cohens_d_train,0.81558824
roman_empire,BundleSheaf,false,5,5,epoch-50,2,7,cohens_d_train,0.7480972
roman_empire,BundleSheaf,false,5,5,epoch-50,3,7,cohens_d_train,0.31984976
roman_empire,BundleSheaf,false,5,5,epoch-50,4,7,cohens_d_train,0.10465914
roman_empire,BundleSheaf,false,5,5,epoch-50,5,7,cohens_d_train,0.00048459627
roman_empire,BundleSheaf,false,5,5,epoch-50,0,7,cohens_d_test,0.70638216
roman_empire,BundleSheaf,false,5,5,epoch-50,1,7,cohens_d_test,0.7779902
roman_empire,BundleSheaf,false,5,5,epoch-50,2,7,cohens_d_test,0.5779339
roman_empire,BundleSheaf,false,5,5,epoch-50,3,7,cohens_d_test,0.15659009
roman_empire,BundleSheaf,false,5,5,epoch-50,4,7,cohens_d_test,0.021636246
roman_empire,BundleSheaf,false,5,5,epoch-50,5,7,cohens_d_test,0.0014041163
roman_empire,BundleSheaf,false,5,5,epoch-50,0,8,degree,-0.11846650759752768
roman_empire,BundleSheaf,false,5,5,epoch-50,1,8,degree,0.35273098112802737
roman_empire,BundleSheaf,false,5,5,epoch-50,2,8,degree,0.6140035503842861
roman_empire,BundleSheaf,false,5,5,epoch-50,3,8,degree,0.7531342446746031
roman_empire,BundleSheaf,false,5,5,epoch-50,4,8,degree,0.5459517474698506
roman_empire,BundleSheaf,false,5,5,epoch-50,5,8,degree,0.6968247913389777
roman_empire,BundleSheaf,false,5,5,epoch-50,0,8,betweenness,-0.09824599788341788
roman_empire,BundleSheaf,false,5,5,epoch-50,1,8,betweenness,0.2280794883730503
roman_empire,BundleSheaf,false,5,5,epoch-50,2,8,betweenness,0.37683536813636714
roman_empire,BundleSheaf,false,5,5,epoch-50,3,8,betweenness,0.4328093302194463
roman_empire,BundleSheaf,false,5,5,epoch-50,4,8,betweenness,0.2552882430928153
roman_empire,BundleSheaf,false,5,5,epoch-50,5,8,betweenness,0.3452797257170774
roman_empire,BundleSheaf,false,5,5,epoch-50,0,8,confidence,0.11414534212084532
roman_empire,BundleSheaf,false,5,5,epoch-50,1,8,confidence,0.4219079717798182
roman_empire,BundleSheaf,false,5,5,epoch-50,2,8,confidence,0.5702721975788648
roman_empire,BundleSheaf,false,5,5,epoch-50,3,8,confidence,0.6515779471644885
roman_empire,BundleSheaf,false,5,5,epoch-50,4,8,confidence,0.6383558618645231
roman_empire,BundleSheaf,false,5,5,epoch-50,5,8,confidence,0.7408321138432385
roman_empire,BundleSheaf,false,5,5,epoch-50,0,8,saliency,-0.11559783871694579
roman_empire,BundleSheaf,false,5,5,epoch-50,1,8,saliency,0.16320042517212643
roman_empire,BundleSheaf,false,5,5,epoch-50,2,8,saliency,0.364087156944867
roman_empire,BundleSheaf,false,5,5,epoch-50,3,8,saliency,0.5098812965846405
roman_empire,BundleSheaf,false,5,5,epoch-50,4,8,saliency,0.5084796987954985
roman_empire,BundleSheaf,false,5,5,epoch-50,5,8,saliency,0.5911592911984672
roman_empire,BundleSheaf,false,5,5,epoch-50,0,8,cohens_d_train,0.6585699
roman_empire,BundleSheaf,false,5,5,epoch-50,1,8,cohens_d_train,0.7043551
roman_empire,BundleSheaf,false,5,5,epoch-50,2,8,cohens_d_train,0.43666095
roman_empire,BundleSheaf,false,5,5,epoch-50,3,8,cohens_d_train,0.10743361
roman_empire,BundleSheaf,false,5,5,epoch-50,4,8,cohens_d_train,0.00021267825
roman_empire,BundleSheaf,false,5,5,epoch-50,5,8,cohens_d_train,0.0053015635
roman_empire,BundleSheaf,false,5,5,epoch-50,0,8,cohens_d_test,0.64755857
roman_empire,BundleSheaf,false,5,5,epoch-50,1,8,cohens_d_test,0.66558254
roman_empire,BundleSheaf,false,5,5,epoch-50,2,8,cohens_d_test,0.44237188
roman_empire,BundleSheaf,false,5,5,epoch-50,3,8,cohens_d_test,0.17847522
roman_empire,BundleSheaf,false,5,5,epoch-50,4,8,cohens_d_test,0.006613154
roman_empire,BundleSheaf,false,5,5,epoch-50,5,8,cohens_d_test,0.013604082
roman_empire,BundleSheaf,false,5,5,epoch-50,0,9,degree,-0.111740215801847
roman_empire,BundleSheaf,false,5,5,epoch-50,1,9,degree,0.339144747390859
roman_empire,BundleSheaf,false,5,5,epoch-50,2,9,degree,0.6013691360687347
roman_empire,BundleSheaf,false,5,5,epoch-50,3,9,degree,0.7124408125099421
roman_empire,BundleSheaf,false,5,5,epoch-50,4,9,degree,0.6677691415475349
roman_empire,BundleSheaf,false,5,5,epoch-50,5,9,degree,0.6091726264777981
roman_empire,BundleSheaf,false,5,5,epoch-50,0,9,betweenness,-0.10049984696603947
roman_empire,BundleSheaf,false,5,5,epoch-50,1,9,betweenness,0.22244606517517335
roman_empire,BundleSheaf,false,5,5,epoch-50,2,9,betweenness,0.3706899215534543
roman_empire,BundleSheaf,false,5,5,epoch-50,3,9,betweenness,0.41634741313518947
roman_empire,BundleSheaf,false,5,5,epoch-50,4,9,betweenness,0.3572264759738255
roman_empire,BundleSheaf,false,5,5,epoch-50,5,9,betweenness,0.2859998570817522
roman_empire,BundleSheaf,false,5,5,epoch-50,0,9,confidence,0.1768925202408597
roman_empire,BundleSheaf,false,5,5,epoch-50,1,9,confidence,0.5289724930895915
roman_empire,BundleSheaf,false,5,5,epoch-50,2,9,confidence,0.6588428191816807
roman_empire,BundleSheaf,false,5,5,epoch-50,3,9,confidence,0.7150935419764015
roman_empire,BundleSheaf,false,5,5,epoch-50,4,9,confidence,0.6777476739349754
roman_empire,BundleSheaf,false,5,5,epoch-50,5,9,confidence,0.6740065097292256
roman_empire,BundleSheaf,false,5,5,epoch-50,0,9,saliency,-0.07892030157000286
roman_empire,BundleSheaf,false,5,5,epoch-50,1,9,saliency,0.19411389636028897
roman_empire,BundleSheaf,false,5,5,epoch-50,2,9,saliency,0.3859697476429083
roman_empire,BundleSheaf,false,5,5,epoch-50,3,9,saliency,0.49617393793210623
roman_empire,BundleSheaf,false,5,5,epoch-50,4,9,saliency,0.5173445680936768
roman_empire,BundleSheaf,false,5,5,epoch-50,5,9,saliency,0.5201674571710488
roman_empire,BundleSheaf,false,5,5,epoch-50,0,9,cohens_d_train,0.85082704
roman_empire,BundleSheaf,false,5,5,epoch-50,1,9,cohens_d_train,0.8315243
roman_empire,BundleSheaf,false,5,5,epoch-50,2,9,cohens_d_train,0.5649222
roman_empire,BundleSheaf,false,5,5,epoch-50,3,9,cohens_d_train,0.3607114
roman_empire,BundleSheaf,false,5,5,epoch-50,4,9,cohens_d_train,0.16538543
roman_empire,BundleSheaf,false,5,5,epoch-50,5,9,cohens_d_train,0.06414783
roman_empire,BundleSheaf,false,5,5,epoch-50,0,9,cohens_d_test,0.8730117
roman_empire,BundleSheaf,false,5,5,epoch-50,1,9,cohens_d_test,0.87022203
roman_empire,BundleSheaf,false,5,5,epoch-50,2,9,cohens_d_test,0.6617607
roman_empire,BundleSheaf,false,5,5,epoch-50,3,9,cohens_d_test,0.5183253
roman_empire,BundleSheaf,false,5,5,epoch-50,4,9,cohens_d_test,0.24917093
roman_empire,BundleSheaf,false,5,5,epoch-50,5,9,cohens_d_test,0.07748527
roman_empire,BundleSheaf,false,5,5,epoch-200,0,0,degree,-0.13018014836197442
roman_empire,BundleSheaf,false,5,5,epoch-200,1,0,degree,0.3453668115728982
roman_empire,BundleSheaf,false,5,5,epoch-200,2,0,degree,0.5996187023795917
roman_empire,BundleSheaf,false,5,5,epoch-200,3,0,degree,0.705522506837745
roman_empire,BundleSheaf,false,5,5,epoch-200,4,0,degree,0.7144917613003533
roman_empire,BundleSheaf,false,5,5,epoch-200,5,0,degree,0.6054622303604238
roman_empire,BundleSheaf,false,5,5,epoch-200,0,0,betweenness,-0.08477859100409904
roman_empire,BundleSheaf,false,5,5,epoch-200,1,0,betweenness,0.23673737523672161
roman_empire,BundleSheaf,false,5,5,epoch-200,2,0,betweenness,0.37537150443247375
roman_empire,BundleSheaf,false,5,5,epoch-200,3,0,betweenness,0.4034829256963338
roman_empire,BundleSheaf,false,5,5,epoch-200,4,0,betweenness,0.3651690220824307
roman_empire,BundleSheaf,false,5,5,epoch-200,5,0,betweenness,0.30034144822010606
roman_empire,BundleSheaf,false,5,5,epoch-200,0,0,confidence,0.14213696139163115
roman_empire,BundleSheaf,false,5,5,epoch-200,1,0,confidence,0.410746806977164
roman_empire,BundleSheaf,false,5,5,epoch-200,2,0,confidence,0.49632683028406277
roman_empire,BundleSheaf,false,5,5,epoch-200,3,0,confidence,0.5507544231805234
roman_empire,BundleSheaf,false,5,5,epoch-200,4,0,confidence,0.554494099290198
roman_empire,BundleSheaf,false,5,5,epoch-200,5,0,confidence,0.6161649728283783
roman_empire,BundleSheaf,false,5,5,epoch-200,0,0,saliency,-0.14911956092941533
roman_empire,BundleSheaf,false,5,5,epoch-200,1,0,saliency,0.14351342319312108
roman_empire,BundleSheaf,false,5,5,epoch-200,2,0,saliency,0.3301602131804872
roman_empire,BundleSheaf,false,5,5,epoch-200,3,0,saliency,0.421532890616656
roman_empire,BundleSheaf,false,5,5,epoch-200,4,0,saliency,0.4686886684592286
roman_empire,BundleSheaf,false,5,5,epoch-200,5,0,saliency,0.42625367588855967
roman_empire,BundleSheaf,false,5,5,epoch-200,0,0,cohens_d_train,0.44545862
roman_empire,BundleSheaf,false,5,5,epoch-200,1,0,cohens_d_train,0.55117273
roman_empire,BundleSheaf,false,5,5,epoch-200,2,0,cohens_d_train,0.350646
roman_empire,BundleSheaf,false,5,5,epoch-200,3,0,cohens_d_train,0.12883587
roman_empire,BundleSheaf,false,5,5,epoch-200,4,0,cohens_d_train,0.0512716
roman_empire,BundleSheaf,false,5,5,epoch-200,5,0,cohens_d_train,0.04535593
roman_empire,BundleSheaf,false,5,5,epoch-200,0,0,cohens_d_test,0.52830756
roman_empire,BundleSheaf,false,5,5,epoch-200,1,0,cohens_d_test,0.6250088
roman_empire,BundleSheaf,false,5,5,epoch-200,2,0,cohens_d_test,0.51964146
roman_empire,BundleSheaf,false,5,5,epoch-200,3,0,cohens_d_test,0.30377278
roman_empire,BundleSheaf,false,5,5,epoch-200,4,0,cohens_d_test,0.06144072
roman_empire,BundleSheaf,false,5,5,epoch-200,5,0,cohens_d_test,0.055914722
roman_empire,BundleSheaf,false,5,5,epoch-200,0,1,degree,-0.11092381336315409
roman_empire,BundleSheaf,false,5,5,epoch-200,1,1,degree,0.35727837562047005
roman_empire,BundleSheaf,false,5,5,epoch-200,2,1,degree,0.5841695870091708
roman_empire,BundleSheaf,false,5,5,epoch-200,3,1,degree,0.6978571890103953
roman_empire,BundleSheaf,false,5,5,epoch-200,4,1,degree,0.6062545481408711
roman_empire,BundleSheaf,false,5,5,epoch-200,5,1,degree,0.6942710818057864
roman_empire,BundleSheaf,false,5,5,epoch-200,0,1,betweenness,-0.09168202102107968
roman_empire,BundleSheaf,false,5,5,epoch-200,1,1,betweenness,0.23735555212393353
roman_empire,BundleSheaf,false,5,5,epoch-200,2,1,betweenness,0.3652600253949288
roman_empire,BundleSheaf,false,5,5,epoch-200,3,1,betweenness,0.39687183279439936
roman_empire,BundleSheaf,false,5,5,epoch-200,4,1,betweenness,0.287693438563431
roman_empire,BundleSheaf,false,5,5,epoch-200,5,1,betweenness,0.34757848403675967
roman_empire,BundleSheaf,false,5,5,epoch-200,0,1,confidence,0.3055451642808856
roman_empire,BundleSheaf,false,5,5,epoch-200,1,1,confidence,0.6730761003284496
roman_empire,BundleSheaf,false,5,5,epoch-200,2,1,confidence,0.733471761487772
roman_empire,BundleSheaf,false,5,5,epoch-200,3,1,confidence,0.7114579204669598
roman_empire,BundleSheaf,false,5,5,epoch-200,4,1,confidence,0.6349577277560765
roman_empire,BundleSheaf,false,5,5,epoch-200,5,1,confidence,0.6688369146730274
roman_empire,BundleSheaf,false,5,5,epoch-200,0,1,saliency,-0.056972485055194394
roman_empire,BundleSheaf,false,5,5,epoch-200,1,1,saliency,0.2249225662483178
roman_empire,BundleSheaf,false,5,5,epoch-200,2,1,saliency,0.3812794378408317
roman_empire,BundleSheaf,false,5,5,epoch-200,3,1,saliency,0.4727768540324208
roman_empire,BundleSheaf,false,5,5,epoch-200,4,1,saliency,0.46589692351986406
roman_empire,BundleSheaf,false,5,5,epoch-200,5,1,saliency,0.5429763255719068
roman_empire,BundleSheaf,false,5,5,epoch-200,0,1,cohens_d_train,0.46387884
roman_empire,BundleSheaf,false,5,5,epoch-200,1,1,cohens_d_train,0.60372984
roman_empire,BundleSheaf,false,5,5,epoch-200,2,1,cohens_d_train,0.45194924
roman_empire,BundleSheaf,false,5,5,epoch-200,3,1,cohens_d_train,0.2133211
roman_empire,BundleSheaf,false,5,5,epoch-200,4,1,cohens_d_train,0.056971885
roman_empire,BundleSheaf,false,5,5,epoch-200,5,1,cohens_d_train,0.036692664
roman_empire,BundleSheaf,false,5,5,epoch-200,0,1,cohens_d_test,0.44232705
roman_empire,BundleSheaf,false,5,5,epoch-200,1,1,cohens_d_test,0.49988037
roman_empire,BundleSheaf,false,5,5,epoch-200,2,1,cohens_d_test,0.12958331
roman_empire,BundleSheaf,false,5,5,epoch-200,3,1,cohens_d_test,0.009694172
roman_empire,BundleSheaf,false,5,5,epoch-200,4,1,cohens_d_test,0.026269484
roman_empire,BundleSheaf,false,5,5,epoch-200,5,1,cohens_d_test,0.028100407
roman_empire,BundleSheaf,false,5,5,epoch-200,0,2,degree,-0.09416276258906812
roman_empire,BundleSheaf,false,5,5,epoch-200,1,2,degree,0.3436370743957882
roman_empire,BundleSheaf,false,5,5,epoch-200,2,2,degree,0.5464514527365569
roman_empire,BundleSheaf,false,5,5,epoch-200,3,2,degree,0.651675442490392
roman_empire,BundleSheaf,false,5,5,epoch-200,4,2,degree,0.6757096824179085
roman_empire,BundleSheaf,false,5,5,epoch-200,5,2,degree,0.6791749022625664
roman_empire,BundleSheaf,false,5,5,epoch-200,0,2,betweenness,-0.08114372665226217
roman_empire,BundleSheaf,false,5,5,epoch-200,1,2,betweenness,0.2351538414935455
roman_empire,BundleSheaf,false,5,5,epoch-200,2,2,betweenness,0.3510069168262869
roman_empire,BundleSheaf,false,5,5,epoch-200,3,2,betweenness,0.39419993825093125
roman_empire,BundleSheaf,false,5,5,epoch-200,4,2,betweenness,0.3621114648537553
roman_empire,BundleSheaf,false,5,5,epoch-200,5,2,betweenness,0.3583711812211917
roman_empire,BundleSheaf,false,5,5,epoch-200,0,2,confidence,0.33440220327988984
roman_empire,BundleSheaf,false,5,5,epoch-200,1,2,confidence,0.6726450507899514
roman_empire,BundleSheaf,false,5,5,epoch-200,2,2,confidence,0.7397166099906598
roman_empire,BundleSheaf,false,5,5,epoch-200,3,2,confidence,0.7548787417635794
roman_empire,BundleSheaf,false,5,5,epoch-200,4,2,confidence,0.6589634459423023
roman_empire,BundleSheaf,false,5,5,epoch-200,5,2,confidence,0.6583320653296655
roman_empire,BundleSheaf,false,5,5,epoch-200,0,2,saliency,-0.07080896234641698
roman_empire,BundleSheaf,false,5,5,epoch-200,1,2,saliency,0.21699646967685027
roman_empire,BundleSheaf,false,5,5,epoch-200,2,2,saliency,0.38056829846463414
roman_empire,BundleSheaf,false,5,5,epoch-200,3,2,saliency,0.47340518426180805
roman_empire,BundleSheaf,false,5,5,epoch-200,4,2,saliency,0.5408661875128168
roman_empire,BundleSheaf,false,5,5,epoch-200,5,2,saliency,0.576007092590422
roman_empire,BundleSheaf,false,5,5,epoch-200,0,2,cohens_d_train,0.612642
roman_empire,BundleSheaf,false,5,5,epoch-200,1,2,cohens_d_train,0.6971564
roman_empire,BundleSheaf,false,5,5,epoch-200,2,2,cohens_d_train,0.57884
roman_empire,BundleSheaf,false,5,5,epoch-200,3,2,cohens_d_train,0.39665332
roman_empire,BundleSheaf,false,5,5,epoch-200,4,2,cohens_d_train,0.11028922
roman_empire,BundleSheaf,false,5,5,epoch-200,5,2,cohens_d_train,0.085787944
roman_empire,BundleSheaf,false,5,5,epoch-200,0,2,cohens_d_test,0.6435692
roman_empire,BundleSheaf,false,5,5,epoch-200,1,2,cohens_d_test,0.7471277
roman_empire,BundleSheaf,false,5,5,epoch-200,2,2,cohens_d_test,0.6319294
roman_empire,BundleSheaf,false,5,5,epoch-200,3,2,cohens_d_test,0.4455794
roman_empire,BundleSheaf,false,5,5,epoch-200,4,2,cohens_d_test,0.13223866
roman_empire,BundleSheaf,false,5,5,epoch-200,5,2,cohens_d_test,0.088835604
roman_empire,BundleSheaf,false,5,5,epoch-200,0,3,degree,-0.08887862962984361
roman_empire,BundleSheaf,false,5,5,epoch-200,1,3,degree,0.34902318653630776
roman_empire,BundleSheaf,false,5,5,epoch-200,2,3,degree,0.5658406055203349
roman_empire,BundleSheaf,false,5,5,epoch-200,3,3,degree,0.5938749539604256
roman_empire,BundleSheaf,false,5,5,epoch-200,4,3,degree,0.6717184685764753
roman_empire,BundleSheaf,false,5,5,epoch-200,5,3,degree,0.7129961500025092
roman_empire,BundleSheaf,false,5,5,epoch-200,0,3,betweenness,-0.0750390691231814
roman_empire,BundleSheaf,false,5,5,epoch-200,1,3,betweenness,0.24681465264148889
roman_empire,BundleSheaf,false,5,5,epoch-200,2,3,betweenness,0.35773877434590173
roman_empire,BundleSheaf,false,5,5,epoch-200,3,3,betweenness,0.34038850334108744
roman_empire,BundleSheaf,false,5,5,epoch-200,4,3,betweenness,0.38591742795659023
roman_empire,BundleSheaf,false,5,5,epoch-200,5,3,betweenness,0.40295480634334824
roman_empire,BundleSheaf,false,5,5,epoch-200,0,3,confidence,0.32901912769554087
roman_empire,BundleSheaf,false,5,5,epoch-200,1,3,confidence,0.70651498483222
roman_empire,BundleSheaf,false,5,5,epoch-200,2,3,confidence,0.7455757723618549
roman_empire,BundleSheaf,false,5,5,epoch-200,3,3,confidence,0.6928363356987239
roman_empire,BundleSheaf,false,5,5,epoch-200,4,3,confidence,0.7106567448668706
roman_empire,BundleSheaf,false,5,5,epoch-200,5,3,confidence,0.7130715927455746
roman_empire,BundleSheaf,false,5,5,epoch-200,0,3,saliency,-0.06688970351374272
roman_empire,BundleSheaf,false,5,5,epoch-200,1,3,saliency,0.2202132955138661
roman_empire,BundleSheaf,false,5,5,epoch-200,2,3,saliency,0.3930701504269985
roman_empire,BundleSheaf,false,5,5,epoch-200,3,3,saliency,0.4550803490486229
roman_empire,BundleSheaf,false,5,5,epoch-200,4,3,saliency,0.5206754535987754
roman_empire,BundleSheaf,false,5,5,epoch-200,5,3,saliency,0.5645665027034763
roman_empire,BundleSheaf,false,5,5,epoch-200,0,3,cohens_d_train,0.4840298
roman_empire,BundleSheaf,false,5,5,epoch-200,1,3,cohens_d_train,0.60123056
roman_empire,BundleSheaf,false,5,5,epoch-200,2,3,cohens_d_train,0.46079925
roman_empire,BundleSheaf,false,5,5,epoch-200,3,3,cohens_d_train,0.31429118
roman_empire,BundleSheaf,false,5,5,epoch-200,4,3,cohens_d_train,0.25734448
roman_empire,BundleSheaf,false,5,5,epoch-200,5,3,cohens_d_train,0.21103364
roman_empire,BundleSheaf,false,5,5,epoch-200,0,3,cohens_d_test,0.49777082
roman_empire,BundleSheaf,false,5,5,epoch-200,1,3,cohens_d_test,0.635676
roman_empire,BundleSheaf,false,5,5,epoch-200,2,3,cohens_d_test,0.5256026
roman_empire,BundleSheaf,false,5,5,epoch-200,3,3,cohens_d_test,0.34137434
roman_empire,BundleSheaf,false,5,5,epoch-200,4,3,cohens_d_test,0.31331897
roman_empire,BundleSheaf,false,5,5,epoch-200,5,3,cohens_d_test,0.24078657
roman_empire,BundleSheaf,false,5,5,epoch-200,0,4,degree,-0.10066153157679268
roman_empire,BundleSheaf,false,5,5,epoch-200,1,4,degree,0.37221661934834216
roman_empire,BundleSheaf,false,5,5,epoch-200,2,4,degree,0.6384767781877099
roman_empire,BundleSheaf,false,5,5,epoch-200,3,4,degree,0.5907655263357756
roman_empire,BundleSheaf,false,5,5,epoch-200,4,4,degree,0.7470890805773538
roman_empire,BundleSheaf,false,5,5,epoch-200,5,4,degree,0.7139865699848102
roman_empire,BundleSheaf,false,5,5,epoch-200,0,4,betweenness,-0.09141098394725118
roman_empire,BundleSheaf,false,5,5,epoch-200,1,4,betweenness,0.2621421078579671
roman_empire,BundleSheaf,false,5,5,epoch-200,2,4,betweenness,0.40316333757628475
roman_empire,BundleSheaf,false,5,5,epoch-200,3,4,betweenness,0.33770627505315115
roman_empire,BundleSheaf,false,5,5,epoch-200,4,4,betweenness,0.42228977532181694
roman_empire,BundleSheaf,false,5,5,epoch-200,5,4,betweenness,0.3724605328271759
roman_empire,BundleSheaf,false,5,5,epoch-200,0,4,confidence,0.21443133000412914
roman_empire,BundleSheaf,false,5,5,epoch-200,1,4,confidence,0.59809522441086
roman_empire,BundleSheaf,false,5,5,epoch-200,2,4,confidence,0.6575271996062426
roman_empire,BundleSheaf,false,5,5,epoch-200,3,4,confidence,0.6303142013479544
roman_empire,BundleSheaf,false,5,5,epoch-200,4,4,confidence,0.615539373834716
roman_empire,BundleSheaf,false,5,5,epoch-200,5,4,confidence,0.6515937328275837
roman_empire,BundleSheaf,false,5,5,epoch-200,0,4,saliency,-0.0740814570383315
roman_empire,BundleSheaf,false,5,5,epoch-200,1,4,saliency,0.27116096839236015
roman_empire,BundleSheaf,false,5,5,epoch-200,2,4,saliency,0.4792790084156397
roman_empire,BundleSheaf,false,5,5,epoch-200,3,4,saliency,0.49680974257775534
roman_empire,BundleSheaf,false,5,5,epoch-200,4,4,saliency,0.5912108574073189
roman_empire,BundleSheaf,false,5,5,epoch-200,5,4,saliency,0.6052270288224039
roman_empire,BundleSheaf,false,5,5,epoch-200,0,4,cohens_d_train,0.5207369
roman_empire,BundleSheaf,false,5,5,epoch-200,1,4,cohens_d_train,0.62426025
roman_empire,BundleSheaf,false,5,5,epoch-200,2,4,cohens_d_train,0.31602252
roman_empire,BundleSheaf,false,5,5,epoch-200,3,4,cohens_d_train,0.28168726
roman_empire,BundleSheaf,false,5,5,epoch-200,4,4,cohens_d_train,0.106925435
roman_empire,BundleSheaf,false,5,5,epoch-200,5,4,cohens_d_train,0.05278962
roman_empire,BundleSheaf,false,5,5,epoch-200,0,4,cohens_d_test,0.53032756
roman_empire,BundleSheaf,false,5,5,epoch-200,1,4,cohens_d_test,0.64093333
roman_empire,BundleSheaf,false,5,5,epoch-200,2,4,cohens_d_test,0.37203884
roman_empire,BundleSheaf,false,5,5,epoch-200,3,4,cohens_d_test,0.28272235
roman_empire,BundleSheaf,false,5,5,epoch-200,4,4,cohens_d_test,0.12767652
roman_empire,BundleSheaf,false,5,5,epoch-200,5,4,cohens_d_test,0.052002653
roman_empire,BundleSheaf,false,5,5,epoch-200,0,5,degree,-0.10721651192236793
roman_empire,BundleSheaf,false,5,5,epoch-200,1,5,degree,0.3460684357688107
roman_empire,BundleSheaf,false,5,5,epoch-200,2,5,degree,0.5921256086804331
roman_empire,BundleSheaf,false,5,5,epoch-200,3,5,degree,0.7183479427929812
roman_empire,BundleSheaf,false,5,5,epoch-200,4,5,degree,0.604845226284243
roman_empire,BundleSheaf,false,5,5,epoch-200,5,5,degree,0.6194966438170117
roman_empire,BundleSheaf,false,5,5,epoch-200,0,5,betweenness,-0.08245685817595447
roman_empire,BundleSheaf,false,5,5,epoch-200,1,5,betweenness,0.22764617303633566
roman_empire,BundleSheaf,false,5,5,epoch-200,2,5,betweenness,0.3722585144881528
roman_empire,BundleSheaf,false,5,5,epoch-200,3,5,betweenness,0.4236860799423277
roman_empire,BundleSheaf,false,5,5,epoch-200,4,5,betweenness,0.3101609286895236
roman_empire,BundleSheaf,false,5,5,epoch-200,5,5,betweenness,0.3051424082851532
roman_empire,BundleSheaf,false,5,5,epoch-200,0,5,confidence,0.24443534513206125
roman_empire,BundleSheaf,false,5,5,epoch-200,1,5,confidence,0.5925898464197771
roman_empire,BundleSheaf,false,5,5,epoch-200,2,5,confidence,0.6368068036386085
roman_empire,BundleSheaf,false,5,5,epoch-200,3,5,confidence,0.6154417990714923
roman_empire,BundleSheaf,false,5,5,epoch-200,4,5,confidence,0.6025783217769105
roman_empire,BundleSheaf,false,5,5,epoch-200,5,5,confidence,0.48240441359101793
roman_empire,BundleSheaf,false,5,5,epoch-200,0,5,saliency,-0.10467082129806128
roman_empire,BundleSheaf,false,5,5,epoch-200,1,5,saliency,0.1547071881158483
roman_empire,BundleSheaf,false,5,5,epoch-200,2,5,saliency,0.33350501439713887
roman_empire,BundleSheaf,false,5,5,epoch-200,3,5,saliency,0.44988028873066094
roman_empire,BundleSheaf,false,5,5,epoch-200,4,5,saliency,0.45074030238028817
roman_empire,BundleSheaf,false,5,5,epoch-200,5,5,saliency,0.5237291830852886
roman_empire,BundleSheaf,false,5,5,epoch-200,0,5,cohens_d_train,0.51468754
roman_empire,BundleSheaf,false,5,5,epoch-200,1,5,cohens_d_train,0.6666187
roman_empire,BundleSheaf,false,5,5,epoch-200,2,5,cohens_d_train,0.44276655
roman_empire,BundleSheaf,false,5,5,epoch-200,3,5,cohens_d_train,0.19892934
roman_empire,BundleSheaf,false,5,5,epoch-200,4,5,cohens_d_train,0.11676605
roman_empire,BundleSheaf,false,5,5,epoch-200,5,5,cohens_d_train,0.030413354
roman_empire,BundleSheaf,false,5,5,epoch-200,0,5,cohens_d_test,0.48144028
roman_empire,BundleSheaf,false,5,5,epoch-200,1,5,cohens_d_test,0.6556659
roman_empire,BundleSheaf,false,5,5,epoch-200,2,5,cohens_d_test,0.53176963
roman_empire,BundleSheaf,false,5,5,epoch-200,3,5,cohens_d_test,0.32948154
roman_empire,BundleSheaf,false,5,5,epoch-200,4,5,cohens_d_test,0.21470656
roman_empire,BundleSheaf,false,5,5,epoch-200,5,5,cohens_d_test,0.06650918
roman_empire,BundleSheaf,false,5,5,epoch-200,0,6,degree,-0.08951249058780747
roman_empire,BundleSheaf,false,5,5,epoch-200,1,6,degree,0.3346402872128179
roman_empire,BundleSheaf,false,5,5,epoch-200,2,6,degree,0.575053901569906
roman_empire,BundleSheaf,false,5,5,epoch-200,3,6,degree,0.5472156478288841
roman_empire,BundleSheaf,false,5,5,epoch-200,4,6,degree,0.7016383464992315
roman_empire,BundleSheaf,false,5,5,epoch-200,5,6,degree,0.7457606932621912
roman_empire,BundleSheaf,false,5,5,epoch-200,0,6,betweenness,-0.07372274761104361
roman_empire,BundleSheaf,false,5,5,epoch-200,1,6,betweenness,0.22152756430748777
roman_empire,BundleSheaf,false,5,5,epoch-200,2,6,betweenness,0.38245663681130343
roman_empire,BundleSheaf,false,5,5,epoch-200,3,6,betweenness,0.3351364259919781
roman_empire,BundleSheaf,false,5,5,epoch-200,4,6,betweenness,0.42967312052900647
roman_empire,BundleSheaf,false,5,5,epoch-200,5,6,betweenness,0.46493619919677265
roman_empire,BundleSheaf,false,5,5,epoch-200,0,6,confidence,0.29709047015909545
roman_empire,BundleSheaf,false,5,5,epoch-200,1,6,confidence,0.6627221926971739
roman_empire,BundleSheaf,false,5,5,epoch-200,2,6,confidence,0.7602352299777903
roman_empire,BundleSheaf,false,5,5,epoch-200,3,6,confidence,0.7584143355637335
roman_empire,BundleSheaf,false,5,5,epoch-200,4,6,confidence,0.7689935462632259
roman_empire,BundleSheaf,false,5,5,epoch-200,5,6,confidence,0.7960982725365666
roman_empire,BundleSheaf,false,5,5,epoch-200,0,6,saliency,-0.12403634323946171
roman_empire,BundleSheaf,false,5,5,epoch-200,1,6,saliency,0.11821736753789597
roman_empire,BundleSheaf,false,5,5,epoch-200,2,6,saliency,0.28411037756654195
roman_empire,BundleSheaf,false,5,5,epoch-200,3,6,saliency,0.28958784043582136
roman_empire,BundleSheaf,false,5,5,epoch-200,4,6,saliency,0.3779052195355577
roman_empire,BundleSheaf,false,5,5,epoch-200,5,6,saliency,0.43538977108066507
roman_empire,BundleSheaf,false,5,5,epoch-200,0,6,cohens_d_train,0.5391598
roman_empire,BundleSheaf,false,5,5,epoch-200,1,6,cohens_d_train,0.7255082
roman_empire,BundleSheaf,false,5,5,epoch-200,2,6,cohens_d_train,0.5564711
roman_empire,BundleSheaf,false,5,5,epoch-200,3,6,cohens_d_train,0.49250913
roman_empire,BundleSheaf,false,5,5,epoch-200,4,6,cohens_d_train,0.39817038
roman_empire,BundleSheaf,false,5,5,epoch-200,5,6,cohens_d_train,0.23889914
roman_empire,BundleSheaf,false,5,5,epoch-200,0,6,cohens_d_test,0.5920827
roman_empire,BundleSheaf,false,5,5,epoch-200,1,6,cohens_d_test,0.7463634
roman_empire,BundleSheaf,false,5,5,epoch-200,2,6,cohens_d_test,0.59077704
roman_empire,BundleSheaf,false,5,5,epoch-200,3,6,cohens_d_test,0.41783664
roman_empire,BundleSheaf,false,5,5,epoch-200,4,6,cohens_d_test,0.37859428
roman_empire,BundleSheaf,false,5,5,epoch-200,5,6,cohens_d_test,0.36314678
roman_empire,BundleSheaf,false,5,5,epoch-200,0,7,degree,-0.0987135671421496
roman_empire,BundleSheaf,false,5,5,epoch-200,1,7,degree,0.3197944564145881
roman_empire,BundleSheaf,false,5,5,epoch-200,2,7,degree,0.49045527361690444
roman_empire,BundleSheaf,false,5,5,epoch-200,3,7,degree,0.5994130287238381
roman_empire,BundleSheaf,false,5,5,epoch-200,4,7,degree,0.6384990541735049
roman_empire,BundleSheaf,false,5,5,epoch-200,5,7,degree,0.6597085017119034
roman_empire,BundleSheaf,false,5,5,epoch-200,0,7,betweenness,-0.08382756156520604
roman_empire,BundleSheaf,false,5,5,epoch-200,1,7,betweenness,0.21851064229627373
roman_empire,BundleSheaf,false,5,5,epoch-200,2,7,betweenness,0.3110564170904926
roman_empire,BundleSheaf,false,5,5,epoch-200,3,7,betweenness,0.3504224928929631
roman_empire,BundleSheaf,false,5,5,epoch-200,4,7,betweenness,0.3595255185415006
roman_empire,BundleSheaf,false,5,5,epoch-200,5,7,betweenness,0.3814658685207537
roman_empire,BundleSheaf,false,5,5,epoch-200,0,7,confidence,0.3489528049655047
roman_empire,BundleSheaf,false,5,5,epoch-200,1,7,confidence,0.6783646020424592
roman_empire,BundleSheaf,false,5,5,epoch-200,2,7,confidence,0.7558228869163395
roman_empire,BundleSheaf,false,5,5,epoch-200,3,7,confidence,0.6960626586232146
roman_empire,BundleSheaf,false,5,5,epoch-200,4,7,confidence,0.6814991317491894
roman_empire,BundleSheaf,false,5,5,epoch-200,5,7,confidence,0.6200146832302565
roman_empire,BundleSheaf,false,5,5,epoch-200,0,7,saliency,-0.1260460675705496
roman_empire,BundleSheaf,false,5,5,epoch-200,1,7,saliency,0.12026583273534183
roman_empire,BundleSheaf,false,5,5,epoch-200,2,7,saliency,0.22953255593311792
roman_empire,BundleSheaf,false,5,5,epoch-200,3,7,saliency,0.3150190045230817
roman_empire,BundleSheaf,false,5,5,epoch-200,4,7,saliency,0.36429341948737
roman_empire,BundleSheaf,false,5,5,epoch-200,5,7,saliency,0.41613869944365617
roman_empire,BundleSheaf,false,5,5,epoch-200,0,7,cohens_d_train,0.62522507
roman_empire,BundleSheaf,false,5,5,epoch-200,1,7,cohens_d_train,0.78991926
roman_empire,BundleSheaf,false,5,5,epoch-200,2,7,cohens_d_train,0.7889321
roman_empire,BundleSheaf,false,5,5,epoch-200,3,7,cohens_d_train,0.5422949
roman_empire,BundleSheaf,false,5,5,epoch-200,4,7,cohens_d_train,0.3529471
roman_empire,BundleSheaf,false,5,5,epoch-200,5,7,cohens_d_train,0.16338198
roman_empire,BundleSheaf,false,5,5,epoch-200,0,7,cohens_d_test,0.5867789
roman_empire,BundleSheaf,false,5,5,epoch-200,1,7,cohens_d_test,0.70129246
roman_empire,BundleSheaf,false,5,5,epoch-200,2,7,cohens_d_test,0.50822234
roman_empire,BundleSheaf,false,5,5,epoch-200,3,7,cohens_d_test,0.2682903
roman_empire,BundleSheaf,false,5,5,epoch-200,4,7,cohens_d_test,0.09024839
roman_empire,BundleSheaf,false,5,5,epoch-200,5,7,cohens_d_test,0.060551517
roman_empire,BundleSheaf,false,5,5,epoch-200,0,8,degree,-0.11770806403225086
roman_empire,BundleSheaf,false,5,5,epoch-200,1,8,degree,0.35429506549018386
roman_empire,BundleSheaf,false,5,5,epoch-200,2,8,degree,0.6092634407847606
roman_empire,BundleSheaf,false,5,5,epoch-200,3,8,degree,0.7404910928970675
roman_empire,BundleSheaf,false,5,5,epoch-200,4,8,degree,0.5158306718499742
roman_empire,BundleSheaf,false,5,5,epoch-200,5,8,degree,0.7002897457746833
roman_empire,BundleSheaf,false,5,5,epoch-200,0,8,betweenness,-0.09250373240321885
roman_empire,BundleSheaf,false,5,5,epoch-200,1,8,betweenness,0.2271945591409821
roman_empire,BundleSheaf,false,5,5,epoch-200,2,8,betweenness,0.38322347097586307
roman_empire,BundleSheaf,false,5,5,epoch-200,3,8,betweenness,0.42884428058840196
roman_empire,BundleSheaf,false,5,5,epoch-200,4,8,betweenness,0.24286522607990021
roman_empire,BundleSheaf,false,5,5,epoch-200,5,8,betweenness,0.36038177230255447
roman_empire,BundleSheaf,false,5,5,epoch-200,0,8,confidence,0.2788076849259393
roman_empire,BundleSheaf,false,5,5,epoch-200,1,8,confidence,0.5579067116491339
roman_empire,BundleSheaf,false,5,5,epoch-200,2,8,confidence,0.6158274370758356
roman_empire,BundleSheaf,false,5,5,epoch-200,3,8,confidence,0.5939754943064979
roman_empire,BundleSheaf,false,5,5,epoch-200,4,8,confidence,0.5414536044525486
roman_empire,BundleSheaf,false,5,5,epoch-200,5,8,confidence,0.5918425346264092
roman_empire,BundleSheaf,false,5,5,epoch-200,0,8,saliency,-0.05266740989962625
roman_empire,BundleSheaf,false,5,5,epoch-200,1,8,saliency,0.25348107133662406
roman_empire,BundleSheaf,false,5,5,epoch-200,2,8,saliency,0.44323222116192745
roman_empire,BundleSheaf,false,5,5,epoch-200,3,8,saliency,0.552480633009132
roman_empire,BundleSheaf,false,5,5,epoch-200,4,8,saliency,0.5025642226203143
roman_empire,BundleSheaf,false,5,5,epoch-200,5,8,saliency,0.5963664286317221
roman_empire,BundleSheaf,false,5,5,epoch-200,0,8,cohens_d_train,0.63194793
roman_empire,BundleSheaf,false,5,5,epoch-200,1,8,cohens_d_train,0.65770006
roman_empire,BundleSheaf,false,5,5,epoch-200,2,8,cohens_d_train,0.42491382
roman_empire,BundleSheaf,false,5,5,epoch-200,3,8,cohens_d_train,0.12633525
roman_empire,BundleSheaf,false,5,5,epoch-200,4,8,cohens_d_train,0.031956136
roman_empire,BundleSheaf,false,5,5,epoch-200,5,8,cohens_d_train,0.009873344
roman_empire,BundleSheaf,false,5,5,epoch-200,0,8,cohens_d_test,0.59623826
roman_empire,BundleSheaf,false,5,5,epoch-200,1,8,cohens_d_test,0.60642475
roman_empire,BundleSheaf,false,5,5,epoch-200,2,8,cohens_d_test,0.4257522
roman_empire,BundleSheaf,false,5,5,epoch-200,3,8,cohens_d_test,0.17937009
roman_empire,BundleSheaf,false,5,5,epoch-200,4,8,cohens_d_test,0.08664932
roman_empire,BundleSheaf,false,5,5,epoch-200,5,8,cohens_d_test,0.08382294
roman_empire,BundleSheaf,false,5,5,epoch-200,0,9,degree,-0.1150530014168833
roman_empire,BundleSheaf,false,5,5,epoch-200,1,9,degree,0.34965862921374025
roman_empire,BundleSheaf,false,5,5,epoch-200,2,9,degree,0.5687372998987162
roman_empire,BundleSheaf,false,5,5,epoch-200,3,9,degree,0.6700273345603285
roman_empire,BundleSheaf,false,5,5,epoch-200,4,9,degree,0.6505695712040218
roman_empire,BundleSheaf,false,5,5,epoch-200,5,9,degree,0.5772020169866523
roman_empire,BundleSheaf,false,5,5,epoch-200,0,9,betweenness,-0.10017123605354421
roman_empire,BundleSheaf,false,5,5,epoch-200,1,9,betweenness,0.22837835996434103
roman_empire,BundleSheaf,false,5,5,epoch-200,2,9,betweenness,0.35090866912187585
roman_empire,BundleSheaf,false,5,5,epoch-200,3,9,betweenness,0.39481209656192845
roman_empire,BundleSheaf,false,5,5,epoch-200,4,9,betweenness,0.35629881390432816
roman_empire,BundleSheaf,false,5,5,epoch-200,5,9,betweenness,0.2693780136052826
roman_empire,BundleSheaf,false,5,5,epoch-200,0,9,confidence,0.289260727608726
roman_empire,BundleSheaf,false,5,5,epoch-200,1,9,confidence,0.6077767903791017
roman_empire,BundleSheaf,false,5,5,epoch-200,2,9,confidence,0.6779062862089633
roman_empire,BundleSheaf,false,5,5,epoch-200,3,9,confidence,0.6662428481107949
roman_empire,BundleSheaf,false,5,5,epoch-200,4,9,confidence,0.625048904219119
roman_empire,BundleSheaf,false,5,5,epoch-200,5,9,confidence,0.5270884820750895
roman_empire,BundleSheaf,false,5,5,epoch-200,0,9,saliency,-0.05087387888938968
roman_empire,BundleSheaf,false,5,5,epoch-200,1,9,saliency,0.27833194445080023
roman_empire,BundleSheaf,false,5,5,epoch-200,2,9,saliency,0.4346667014632997
roman_empire,BundleSheaf,false,5,5,epoch-200,3,9,saliency,0.5216752053772027
roman_empire,BundleSheaf,false,5,5,epoch-200,4,9,saliency,0.5258995578879504
roman_empire,BundleSheaf,false,5,5,epoch-200,5,9,saliency,0.5086233386037305
roman_empire,BundleSheaf,false,5,5,epoch-200,0,9,cohens_d_train,0.6299731
roman_empire,BundleSheaf,false,5,5,epoch-200,1,9,cohens_d_train,0.65672153
roman_empire,BundleSheaf,false,5,5,epoch-200,2,9,cohens_d_train,0.56056875
roman_empire,BundleSheaf,false,5,5,epoch-200,3,9,cohens_d_train,0.34904948
roman_empire,BundleSheaf,false,5,5,epoch-200,4,9,cohens_d_train,0.18788584
roman_empire,BundleSheaf,false,5,5,epoch-200,5,9,cohens_d_train,0.048696045
roman_empire,BundleSheaf,false,5,5,epoch-200,0,9,cohens_d_test,0.61266243
roman_empire,BundleSheaf,false,5,5,epoch-200,1,9,cohens_d_test,0.66634965
roman_empire,BundleSheaf,false,5,5,epoch-200,2,9,cohens_d_test,0.6331057
roman_empire,BundleSheaf,false,5,5,epoch-200,3,9,cohens_d_test,0.50522006
roman_empire,BundleSheaf,false,5,5,epoch-200,4,9,cohens_d_test,0.35134897
roman_empire,BundleSheaf,false,5,5,epoch-200,5,9,cohens_d_test,0.06737603
roman_empire,BundleSheaf,false,5,5,best-epoch,0,0,degree,-0.13341390068811046
roman_empire,BundleSheaf,false,5,5,best-epoch,1,0,degree,0.3276147602892407
roman_empire,BundleSheaf,false,5,5,best-epoch,2,0,degree,0.5662613606073225
roman_empire,BundleSheaf,false,5,5,best-epoch,3,0,degree,0.6537190203965122
roman_empire,BundleSheaf,false,5,5,best-epoch,4,0,degree,0.6633252345578541
roman_empire,BundleSheaf,false,5,5,best-epoch,5,0,degree,0.6401664977210957
roman_empire,BundleSheaf,false,5,5,best-epoch,0,0,betweenness,-0.09143085395553306
roman_empire,BundleSheaf,false,5,5,best-epoch,1,0,betweenness,0.22405322368043232
roman_empire,BundleSheaf,false,5,5,best-epoch,2,0,betweenness,0.35904812829442073
roman_empire,BundleSheaf,false,5,5,best-epoch,3,0,betweenness,0.3954794315023679
roman_empire,BundleSheaf,false,5,5,best-epoch,4,0,betweenness,0.36492897532667723
roman_empire,BundleSheaf,false,5,5,best-epoch,5,0,betweenness,0.37806514285103665
roman_empire,BundleSheaf,false,5,5,best-epoch,0,0,confidence,0.2719687257456195
roman_empire,BundleSheaf,false,5,5,best-epoch,1,0,confidence,0.6549298428651262
roman_empire,BundleSheaf,false,5,5,best-epoch,2,0,confidence,0.7123413542114164
roman_empire,BundleSheaf,false,5,5,best-epoch,3,0,confidence,0.7178737936253389
roman_empire,BundleSheaf,false,5,5,best-epoch,4,0,confidence,0.6639693186694635
roman_empire,BundleSheaf,false,5,5,best-epoch,5,0,confidence,0.6891187629673791
roman_empire,BundleSheaf,false,5,5,best-epoch,0,0,saliency,-0.18902619094227413
roman_empire,BundleSheaf,false,5,5,best-epoch,1,0,saliency,0.04349652138787577
roman_empire,BundleSheaf,false,5,5,best-epoch,2,0,saliency,0.2147523550260693
roman_empire,BundleSheaf,false,5,5,best-epoch,3,0,saliency,0.30220212520302847
roman_empire,BundleSheaf,false,5,5,best-epoch,4,0,saliency,0.3430400559992995
roman_empire,BundleSheaf,false,5,5,best-epoch,5,0,saliency,0.33356299721729626
roman_empire,BundleSheaf,false,5,5,best-epoch,0,0,cohens_d_train,0.6169063
roman_empire,BundleSheaf,false,5,5,best-epoch,1,0,cohens_d_train,0.7599363
roman_empire,BundleSheaf,false,5,5,best-epoch,2,0,cohens_d_train,0.48974395
roman_empire,BundleSheaf,false,5,5,best-epoch,3,0,cohens_d_train,0.2145577
roman_empire,BundleSheaf,false,5,5,best-epoch,4,0,cohens_d_train,0.084860034
roman_empire,BundleSheaf,false,5,5,best-epoch,5,0,cohens_d_train,0.1275806
roman_empire,BundleSheaf,false,5,5,best-epoch,0,0,cohens_d_test,0.6877537
roman_empire,BundleSheaf,false,5,5,best-epoch,1,0,cohens_d_test,0.8430624
roman_empire,BundleSheaf,false,5,5,best-epoch,2,0,cohens_d_test,0.69280666
roman_empire,BundleSheaf,false,5,5,best-epoch,3,0,cohens_d_test,0.5105427
roman_empire,BundleSheaf,false,5,5,best-epoch,4,0,cohens_d_test,0.25143638
roman_empire,BundleSheaf,false,5,5,best-epoch,5,0,cohens_d_test,0.35387328
roman_empire,BundleSheaf,false,5,5,best-epoch,0,1,degree,-0.11869245916057686
roman_empire,BundleSheaf,false,5,5,best-epoch,1,1,degree,0.3132962504897148
roman_empire,BundleSheaf,false,5,5,best-epoch,2,1,degree,0.5496128484472541
roman_empire,BundleSheaf,false,5,5,best-epoch,3,1,degree,0.6170474237052865
roman_empire,BundleSheaf,false,5,5,best-epoch,4,1,degree,0.4920237006733943
roman_empire,BundleSheaf,false,5,5,best-epoch,5,1,degree,0.5736340975447192
roman_empire,BundleSheaf,false,5,5,best-epoch,0,1,betweenness,-0.09460431806847724
roman_empire,BundleSheaf,false,5,5,best-epoch,1,1,betweenness,0.20119032760276687
roman_empire,BundleSheaf,false,5,5,best-epoch,2,1,betweenness,0.3485735247939625
roman_empire,BundleSheaf,false,5,5,best-epoch,3,1,betweenness,0.3753036348605574
roman_empire,BundleSheaf,false,5,5,best-epoch,4,1,betweenness,0.2590633702093602
roman_empire,BundleSheaf,false,5,5,best-epoch,5,1,betweenness,0.32606713977659707
roman_empire,BundleSheaf,false,5,5,best-epoch,0,1,confidence,0.4851830255238044
roman_empire,BundleSheaf,false,5,5,best-epoch,1,1,confidence,0.7418124805910915
roman_empire,BundleSheaf,false,5,5,best-epoch,2,1,confidence,0.713823149507007
roman_empire,BundleSheaf,false,5,5,best-epoch,3,1,confidence,0.6971251478624774
roman_empire,BundleSheaf,false,5,5,best-epoch,4,1,confidence,0.6829222895635259
roman_empire,BundleSheaf,false,5,5,best-epoch,5,1,confidence,0.673167586418817
roman_empire,BundleSheaf,false,5,5,best-epoch,0,1,saliency,-0.14320053545720815
roman_empire,BundleSheaf,false,5,5,best-epoch,1,1,saliency,0.011510248250509118
roman_empire,BundleSheaf,false,5,5,best-epoch,2,1,saliency,0.14300555641881904
roman_empire,BundleSheaf,false,5,5,best-epoch,3,1,saliency,0.22348675869289106
roman_empire,BundleSheaf,false,5,5,best-epoch,4,1,saliency,0.17711098959902233
roman_empire,BundleSheaf,false,5,5,best-epoch,5,1,saliency,0.23445909154745875
roman_empire,BundleSheaf,false,5,5,best-epoch,0,1,cohens_d_train,0.62885594
roman_empire,BundleSheaf,false,5,5,best-epoch,1,1,cohens_d_train,0.71438605
roman_empire,BundleSheaf,false,5,5,best-epoch,2,1,cohens_d_train,0.5116804
roman_empire,BundleSheaf,false,5,5,best-epoch,3,1,cohens_d_train,0.42300606
roman_empire,BundleSheaf,false,5,5,best-epoch,4,1,cohens_d_train,0.37685648
roman_empire,BundleSheaf,false,5,5,best-epoch,5,1,cohens_d_train,0.32831463
roman_empire,BundleSheaf,false,5,5,best-epoch,0,1,cohens_d_test,0.643632
roman_empire,BundleSheaf,false,5,5,best-epoch,1,1,cohens_d_test,0.6493726
roman_empire,BundleSheaf,false,5,5,best-epoch,2,1,cohens_d_test,0.23654458
roman_empire,BundleSheaf,false,5,5,best-epoch,3,1,cohens_d_test,0.09570379
roman_empire,BundleSheaf,false,5,5,best-epoch,4,1,cohens_d_test,0.0423196
roman_empire,BundleSheaf,false,5,5,best-epoch,5,1,cohens_d_test,0.033859212
roman_empire,BundleSheaf,false,5,5,best-epoch,0,2,degree,-0.09818015618912927
roman_empire,BundleSheaf,false,5,5,best-epoch,1,2,degree,0.315810107958748
roman_empire,BundleSheaf,false,5,5,best-epoch,2,2,degree,0.5004023680605227
roman_empire,BundleSheaf,false,5,5,best-epoch,3,2,degree,0.567133947618139
roman_empire,BundleSheaf,false,5,5,best-epoch,4,2,degree,0.6020982123674259
roman_empire,BundleSheaf,false,5,5,best-epoch,5,2,degree,0.5885031710570031
roman_empire,BundleSheaf,false,5,5,best-epoch,0,2,betweenness,-0.08314254135231454
roman_empire,BundleSheaf,false,5,5,best-epoch,1,2,betweenness,0.20459058146591863
roman_empire,BundleSheaf,false,5,5,best-epoch,2,2,betweenness,0.31462577795551677
roman_empire,BundleSheaf,false,5,5,best-epoch,3,2,betweenness,0.35563857049437264
roman_empire,BundleSheaf,false,5,5,best-epoch,4,2,betweenness,0.3500591440227703
roman_empire,BundleSheaf,false,5,5,best-epoch,5,2,betweenness,0.3282738861107037
roman_empire,BundleSheaf,false,5,5,best-epoch,0,2,confidence,0.4279210714177291
roman_empire,BundleSheaf,false,5,5,best-epoch,1,2,confidence,0.7153224744492974
roman_empire,BundleSheaf,false,5,5,best-epoch,2,2,confidence,0.7600328618666243
roman_empire,BundleSheaf,false,5,5,best-epoch,3,2,confidence,0.7628588015841243
roman_empire,BundleSheaf,false,5,5,best-epoch,4,2,confidence,0.6901259913106541
roman_empire,BundleSheaf,false,5,5,best-epoch,5,2,confidence,0.6384730947093187
roman_empire,BundleSheaf,false,5,5,best-epoch,0,2,saliency,-0.20483872741142448
roman_empire,BundleSheaf,false,5,5,best-epoch,1,2,saliency,-0.07149396987158023
roman_empire,BundleSheaf,false,5,5,best-epoch,2,2,saliency,0.032772083779530906
roman_empire,BundleSheaf,false,5,5,best-epoch,3,2,saliency,0.09937793059436097
roman_empire,BundleSheaf,false,5,5,best-epoch,4,2,saliency,0.14422618808513976
roman_empire,BundleSheaf,false,5,5,best-epoch,5,2,saliency,0.1771622035075978
roman_empire,BundleSheaf,false,5,5,best-epoch,0,2,cohens_d_train,0.6084782
roman_empire,BundleSheaf,false,5,5,best-epoch,1,2,cohens_d_train,0.7429969
roman_empire,BundleSheaf,false,5,5,best-epoch,2,2,cohens_d_train,0.6739538
roman_empire,BundleSheaf,false,5,5,best-epoch,3,2,cohens_d_train,0.52569467
roman_empire,BundleSheaf,false,5,5,best-epoch,4,2,cohens_d_train,0.31598473
roman_empire,BundleSheaf,false,5,5,best-epoch,5,2,cohens_d_train,0.2140894
roman_empire,BundleSheaf,false,5,5,best-epoch,0,2,cohens_d_test,0.62915486
roman_empire,BundleSheaf,false,5,5,best-epoch,1,2,cohens_d_test,0.7533058
roman_empire,BundleSheaf,false,5,5,best-epoch,2,2,cohens_d_test,0.6897547
roman_empire,BundleSheaf,false,5,5,best-epoch,3,2,cohens_d_test,0.61000055
roman_empire,BundleSheaf,false,5,5,best-epoch,4,2,cohens_d_test,0.3370786
roman_empire,BundleSheaf,false,5,5,best-epoch,5,2,cohens_d_test,0.22914043
roman_empire,BundleSheaf,false,5,5,best-epoch,0,3,degree,-0.10294284572918412
roman_empire,BundleSheaf,false,5,5,best-epoch,1,3,degree,0.30332547475837074
roman_empire,BundleSheaf,false,5,5,best-epoch,2,3,degree,0.526046985208144
roman_empire,BundleSheaf,false,5,5,best-epoch,3,3,degree,0.5324303497532653
roman_empire,BundleSheaf,false,5,5,best-epoch,4,3,degree,0.6488718970436375
roman_empire,BundleSheaf,false,5,5,best-epoch,5,3,degree,0.6444839524415603
roman_empire,BundleSheaf,false,5,5,best-epoch,0,3,betweenness,-0.08695793435236875
roman_empire,BundleSheaf,false,5,5,best-epoch,1,3,betweenness,0.1878106362673728
roman_empire,BundleSheaf,false,5,5,best-epoch,2,3,betweenness,0.3283725099609569
roman_empire,BundleSheaf,false,5,5,best-epoch,3,3,betweenness,0.29827078630367887
roman_empire,BundleSheaf,false,5,5,best-epoch,4,3,betweenness,0.3787721447551141
roman_empire,BundleSheaf,false,5,5,best-epoch,5,3,betweenness,0.3801002206102426
roman_empire,BundleSheaf,false,5,5,best-epoch,0,3,confidence,0.531436319229716
roman_empire,BundleSheaf,false,5,5,best-epoch,1,3,confidence,0.7289667414805028
roman_empire,BundleSheaf,false,5,5,best-epoch,2,3,confidence,0.6922103037560278
roman_empire,BundleSheaf,false,5,5,best-epoch,3,3,confidence,0.6877662716303417
roman_empire,BundleSheaf,false,5,5,best-epoch,4,3,confidence,0.6229887014630693
roman_empire,BundleSheaf,false,5,5,best-epoch,5,3,confidence,0.6010379244387246
roman_empire,BundleSheaf,false,5,5,best-epoch,0,3,saliency,-0.21582809016752352
roman_empire,BundleSheaf,false,5,5,best-epoch,1,3,saliency,-0.10003922289929545
roman_empire,BundleSheaf,false,5,5,best-epoch,2,3,saliency,0.03543407925407162
roman_empire,BundleSheaf,false,5,5,best-epoch,3,3,saliency,0.04097261662385631
roman_empire,BundleSheaf,false,5,5,best-epoch,4,3,saliency,0.1441825247082196
roman_empire,BundleSheaf,false,5,5,best-epoch,5,3,saliency,0.17200893596855896
roman_empire,BundleSheaf,false,5,5,best-epoch,0,3,cohens_d_train,0.59542006
roman_empire,BundleSheaf,false,5,5,best-epoch,1,3,cohens_d_train,0.73922133
roman_empire,BundleSheaf,false,5,5,best-epoch,2,3,cohens_d_train,0.5942443
roman_empire,BundleSheaf,false,5,5,best-epoch,3,3,cohens_d_train,0.54647505
roman_empire,BundleSheaf,false,5,5,best-epoch,4,3,cohens_d_train,0.37531227
roman_empire,BundleSheaf,false,5,5,best-epoch,5,3,cohens_d_train,0.34145582
roman_empire,BundleSheaf,false,5,5,best-epoch,0,3,cohens_d_test,0.6214575
roman_empire,BundleSheaf,false,5,5,best-epoch,1,3,cohens_d_test,0.765606
roman_empire,BundleSheaf,false,5,5,best-epoch,2,3,cohens_d_test,0.6236489
roman_empire,BundleSheaf,false,5,5,best-epoch,3,3,cohens_d_test,0.5821674
roman_empire,BundleSheaf,false,5,5,best-epoch,4,3,cohens_d_test,0.42993656
roman_empire,BundleSheaf,false,5,5,best-epoch,5,3,cohens_d_test,0.38636282
roman_empire,BundleSheaf,false,5,5,best-epoch,0,4,degree,-0.1181251921115483
roman_empire,BundleSheaf,false,5,5,best-epoch,1,4,degree,0.31079321215080047
roman_empire,BundleSheaf,false,5,5,best-epoch,2,4,degree,0.5465447462297662
roman_empire,BundleSheaf,false,5,5,best-epoch,3,4,degree,0.4784544208823695
roman_empire,BundleSheaf,false,5,5,best-epoch,4,4,degree,0.6147451351188343
roman_empire,BundleSheaf,false,5,5,best-epoch,5,4,degree,0.554617125820172
roman_empire,BundleSheaf,false,5,5,best-epoch,0,4,betweenness,-0.10603414732576953
roman_empire,BundleSheaf,false,5,5,best-epoch,1,4,betweenness,0.19325586975902895
roman_empire,BundleSheaf,false,5,5,best-epoch,2,4,betweenness,0.33556252694355987
roman_empire,BundleSheaf,false,5,5,best-epoch,3,4,betweenness,0.2645711154568264
roman_empire,BundleSheaf,false,5,5,best-epoch,4,4,betweenness,0.3494657048016983
roman_empire,BundleSheaf,false,5,5,best-epoch,5,4,betweenness,0.2780089141485032
roman_empire,BundleSheaf,false,5,5,best-epoch,0,4,confidence,0.4796446226182549
roman_empire,BundleSheaf,false,5,5,best-epoch,1,4,confidence,0.7364980947631755
roman_empire,BundleSheaf,false,5,5,best-epoch,2,4,confidence,0.6869751950231932
roman_empire,BundleSheaf,false,5,5,best-epoch,3,4,confidence,0.6922193249761713
roman_empire,BundleSheaf,false,5,5,best-epoch,4,4,confidence,0.6929281559607718
roman_empire,BundleSheaf,false,5,5,best-epoch,5,4,confidence,0.6973284630335619
roman_empire,BundleSheaf,false,5,5,best-epoch,0,4,saliency,-0.17429887753852352
roman_empire,BundleSheaf,false,5,5,best-epoch,1,4,saliency,0.0005408970090554799
roman_empire,BundleSheaf,false,5,5,best-epoch,2,4,saliency,0.15629924228336575
roman_empire,BundleSheaf,false,5,5,best-epoch,3,4,saliency,0.14688382234469088
roman_empire,BundleSheaf,false,5,5,best-epoch,4,4,saliency,0.20610582573848502
roman_empire,BundleSheaf,false,5,5,best-epoch,5,4,saliency,0.18686867916373892
roman_empire,BundleSheaf,false,5,5,best-epoch,0,4,cohens_d_train,0.6263604
roman_empire,BundleSheaf,false,5,5,best-epoch,1,4,cohens_d_train,0.7959435
roman_empire,BundleSheaf,false,5,5,best-epoch,2,4,cohens_d_train,0.5002548
roman_empire,BundleSheaf,false,5,5,best-epoch,3,4,cohens_d_train,0.5583468
roman_empire,BundleSheaf,false,5,5,best-epoch,4,4,cohens_d_train,0.32606795
roman_empire,BundleSheaf,false,5,5,best-epoch,5,4,cohens_d_train,0.2645549
roman_empire,BundleSheaf,false,5,5,best-epoch,0,4,cohens_d_test,0.6546744
roman_empire,BundleSheaf,false,5,5,best-epoch,1,4,cohens_d_test,0.83868885
roman_empire,BundleSheaf,false,5,5,best-epoch,2,4,cohens_d_test,0.6009587
roman_empire,BundleSheaf,false,5,5,best-epoch,3,4,cohens_d_test,0.6540442
roman_empire,BundleSheaf,false,5,5,best-epoch,4,4,cohens_d_test,0.50581956
roman_empire,BundleSheaf,false,5,5,best-epoch,5,4,cohens_d_test,0.38773534
roman_empire,BundleSheaf,false,5,5,best-epoch,0,5,degree,-0.10717729957896172
roman_empire,BundleSheaf,false,5,5,best-epoch,1,5,degree,0.3326288256484725
roman_empire,BundleSheaf,false,5,5,best-epoch,2,5,degree,0.5241675011065319
roman_empire,BundleSheaf,false,5,5,best-epoch,3,5,degree,0.6170241077173049
roman_empire,BundleSheaf,false,5,5,best-epoch,4,5,degree,0.5605754513153295
roman_empire,BundleSheaf,false,5,5,best-epoch,5,5,degree,0.6243877701982296
roman_empire,BundleSheaf,false,5,5,best-epoch,0,5,betweenness,-0.07989665677027376
roman_empire,BundleSheaf,false,5,5,best-epoch,1,5,betweenness,0.21891496756783482
roman_empire,BundleSheaf,false,5,5,best-epoch,2,5,betweenness,0.3353375080455375
roman_empire,BundleSheaf,false,5,5,best-epoch,3,5,betweenness,0.3826082428077713
roman_empire,BundleSheaf,false,5,5,best-epoch,4,5,betweenness,0.3106547187186811
roman_empire,BundleSheaf,false,5,5,best-epoch,5,5,betweenness,0.3635206147618131
roman_empire,BundleSheaf,false,5,5,best-epoch,0,5,confidence,0.3571667942722824
roman_empire,BundleSheaf,false,5,5,best-epoch,1,5,confidence,0.632655903003981
roman_empire,BundleSheaf,false,5,5,best-epoch,2,5,confidence,0.6706594834036284
roman_empire,BundleSheaf,false,5,5,best-epoch,3,5,confidence,0.6580902980784442
roman_empire,BundleSheaf,false,5,5,best-epoch,4,5,confidence,0.6586917943802231
roman_empire,BundleSheaf,false,5,5,best-epoch,5,5,confidence,0.592733969914829
roman_empire,BundleSheaf,false,5,5,best-epoch,0,5,saliency,-0.19825575293124234
roman_empire,BundleSheaf,false,5,5,best-epoch,1,5,saliency,-0.03981243341057691
roman_empire,BundleSheaf,false,5,5,best-epoch,2,5,saliency,0.07389654505405326
roman_empire,BundleSheaf,false,5,5,best-epoch,3,5,saliency,0.14692993309103208
roman_empire,BundleSheaf,false,5,5,best-epoch,4,5,saliency,0.12822650628081517
roman_empire,BundleSheaf,false,5,5,best-epoch,5,5,saliency,0.19443195028388643
roman_empire,BundleSheaf,false,5,5,best-epoch,0,5,cohens_d_train,0.5660983
roman_empire,BundleSheaf,false,5,5,best-epoch,1,5,cohens_d_train,0.6575004
roman_empire,BundleSheaf,false,5,5,best-epoch,2,5,cohens_d_train,0.5771665
roman_empire,BundleSheaf,false,5,5,best-epoch,3,5,cohens_d_train,0.3919271
roman_empire,BundleSheaf,false,5,5,best-epoch,4,5,cohens_d_train,0.25679395
roman_empire,BundleSheaf,false,5,5,best-epoch,5,5,cohens_d_train,0.21097523
roman_empire,BundleSheaf,false,5,5,best-epoch,0,5,cohens_d_test,0.5501207
roman_empire,BundleSheaf,false,5,5,best-epoch,1,5,cohens_d_test,0.6619151
roman_empire,BundleSheaf,false,5,5,best-epoch,2,5,cohens_d_test,0.6271352
roman_empire,BundleSheaf,false,5,5,best-epoch,3,5,cohens_d_test,0.50771433
roman_empire,BundleSheaf,false,5,5,best-epoch,4,5,cohens_d_test,0.4085873
roman_empire,BundleSheaf,false,5,5,best-epoch,5,5,cohens_d_test,0.34811014
roman_empire,BundleSheaf,false,5,5,best-epoch,0,6,degree,-0.09766002731054997
roman_empire,BundleSheaf,false,5,5,best-epoch,1,6,degree,0.3046446888896455
roman_empire,BundleSheaf,false,5,5,best-epoch,2,6,degree,0.5381713027233851
roman_empire,BundleSheaf,false,5,5,best-epoch,3,6,degree,0.5583175279689788
roman_empire,BundleSheaf,false,5,5,best-epoch,4,6,degree,0.6712153562030831
roman_empire,BundleSheaf,false,5,5,best-epoch,5,6,degree,0.6730750647423517
roman_empire,BundleSheaf,false,5,5,best-epoch,0,6,betweenness,-0.08023489663448591
roman_empire,BundleSheaf,false,5,5,best-epoch,1,6,betweenness,0.1899859284550181
roman_empire,BundleSheaf,false,5,5,best-epoch,2,6,betweenness,0.3444561544392909
roman_empire,BundleSheaf,false,5,5,best-epoch,3,6,betweenness,0.35164781467822676
roman_empire,BundleSheaf,false,5,5,best-epoch,4,6,betweenness,0.42491686614565444
roman_empire,BundleSheaf,false,5,5,best-epoch,5,6,betweenness,0.42034913986234806
roman_empire,BundleSheaf,false,5,5,best-epoch,0,6,confidence,0.49974350998250266
roman_empire,BundleSheaf,false,5,5,best-epoch,1,6,confidence,0.6749336515425026
roman_empire,BundleSheaf,false,5,5,best-epoch,2,6,confidence,0.6800626195880596
roman_empire,BundleSheaf,false,5,5,best-epoch,3,6,confidence,0.6860175544659022
roman_empire,BundleSheaf,false,5,5,best-epoch,4,6,confidence,0.6178670689960051
roman_empire,BundleSheaf,false,5,5,best-epoch,5,6,confidence,0.6209655034728783
roman_empire,BundleSheaf,false,5,5,best-epoch,0,6,saliency,-0.2726384897493892
roman_empire,BundleSheaf,false,5,5,best-epoch,1,6,saliency,-0.18072602100991272
roman_empire,BundleSheaf,false,5,5,best-epoch,2,6,saliency,-0.07928428226501293
roman_empire,BundleSheaf,false,5,5,best-epoch,3,6,saliency,-0.08278705922942002
roman_empire,BundleSheaf,false,5,5,best-epoch,4,6,saliency,0.011571870831075217
roman_empire,BundleSheaf,false,5,5,best-epoch,5,6,saliency,0.06092343969551224
roman_empire,BundleSheaf,false,5,5,best-epoch,0,6,cohens_d_train,0.55472475
roman_empire,BundleSheaf,false,5,5,best-epoch,1,6,cohens_d_train,0.66194713
roman_empire,BundleSheaf,false,5,5,best-epoch,2,6,cohens_d_train,0.5380041
roman_empire,BundleSheaf,false,5,5,best-epoch,3,6,cohens_d_train,0.5291028
roman_empire,BundleSheaf,false,5,5,best-epoch,4,6,cohens_d_train,0.43488416
roman_empire,BundleSheaf,false,5,5,best-epoch,5,6,cohens_d_train,0.31903017
roman_empire,BundleSheaf,false,5,5,best-epoch,0,6,cohens_d_test,0.5720168
roman_empire,BundleSheaf,false,5,5,best-epoch,1,6,cohens_d_test,0.66802454
roman_empire,BundleSheaf,false,5,5,best-epoch,2,6,cohens_d_test,0.5599971
roman_empire,BundleSheaf,false,5,5,best-epoch,3,6,cohens_d_test,0.57266223
roman_empire,BundleSheaf,false,5,5,best-epoch,4,6,cohens_d_test,0.4646496
roman_empire,BundleSheaf,false,5,5,best-epoch,5,6,cohens_d_test,0.43201098
roman_empire,BundleSheaf,false,5,5,best-epoch,0,7,degree,-0.10930896285860672
roman_empire,BundleSheaf,false,5,5,best-epoch,1,7,degree,0.2803825933283567
roman_empire,BundleSheaf,false,5,5,best-epoch,2,7,degree,0.4695765404683961
roman_empire,BundleSheaf,false,5,5,best-epoch,3,7,degree,0.5713200752543652
roman_empire,BundleSheaf,false,5,5,best-epoch,4,7,degree,0.6072588689323904
roman_empire,BundleSheaf,false,5,5,best-epoch,5,7,degree,0.6738187007235038
roman_empire,BundleSheaf,false,5,5,best-epoch,0,7,betweenness,-0.09361736245394828
roman_empire,BundleSheaf,false,5,5,best-epoch,1,7,betweenness,0.17182735992229128
roman_empire,BundleSheaf,false,5,5,best-epoch,2,7,betweenness,0.2767617245608443
roman_empire,BundleSheaf,false,5,5,best-epoch,3,7,betweenness,0.3331248221810666
roman_empire,BundleSheaf,false,5,5,best-epoch,4,7,betweenness,0.351838171897002
roman_empire,BundleSheaf,false,5,5,best-epoch,5,7,betweenness,0.4128798015685298
roman_empire,BundleSheaf,false,5,5,best-epoch,0,7,confidence,0.5341165739049492
roman_empire,BundleSheaf,false,5,5,best-epoch,1,7,confidence,0.6684044646860927
roman_empire,BundleSheaf,false,5,5,best-epoch,2,7,confidence,0.6600548637956757
roman_empire,BundleSheaf,false,5,5,best-epoch,3,7,confidence,0.6260074387994615
roman_empire,BundleSheaf,false,5,5,best-epoch,4,7,confidence,0.596261788906437
roman_empire,BundleSheaf,false,5,5,best-epoch,5,7,confidence,0.5145163293202557
roman_empire,BundleSheaf,false,5,5,best-epoch,0,7,saliency,-0.260151691502672
roman_empire,BundleSheaf,false,5,5,best-epoch,1,7,saliency,-0.1735587466262107
roman_empire,BundleSheaf,false,5,5,best-epoch,2,7,saliency,-0.11500001798790967
roman_empire,BundleSheaf,false,5,5,best-epoch,3,7,saliency,-0.04642803155301672
roman_empire,BundleSheaf,false,5,5,best-epoch,4,7,saliency,-0.012247984609184987
roman_empire,BundleSheaf,false,5,5,best-epoch,5,7,saliency,0.08809881641316089
roman_empire,BundleSheaf,false,5,5,best-epoch,0,7,cohens_d_train,0.6018535
roman_empire,BundleSheaf,false,5,5,best-epoch,1,7,cohens_d_train,0.70231307
roman_empire,BundleSheaf,false,5,5,best-epoch,2,7,cohens_d_train,0.6440122
roman_empire,BundleSheaf,false,5,5,best-epoch,3,7,cohens_d_train,0.5236556
roman_empire,BundleSheaf,false,5,5,best-epoch,4,7,cohens_d_train,0.40545297
roman_empire,BundleSheaf,false,5,5,best-epoch,5,7,cohens_d_train,0.31686583
roman_empire,BundleSheaf,false,5,5,best-epoch,0,7,cohens_d_test,0.5595634
roman_empire,BundleSheaf,false,5,5,best-epoch,1,7,cohens_d_test,0.6330991
roman_empire,BundleSheaf,false,5,5,best-epoch,2,7,cohens_d_test,0.48755538
roman_empire,BundleSheaf,false,5,5,best-epoch,3,7,cohens_d_test,0.2854717
roman_empire,BundleSheaf,false,5,5,best-epoch,4,7,cohens_d_test,0.14077245
roman_empire,BundleSheaf,false,5,5,best-epoch,5,7,cohens_d_test,0.121292345
roman_empire,BundleSheaf,false,5,5,best-epoch,0,8,degree,-0.1229664727505383
roman_empire,BundleSheaf,false,5,5,best-epoch,1,8,degree,0.3212155382887273
roman_empire,BundleSheaf,false,5,5,best-epoch,2,8,degree,0.5576964242314775
roman_empire,BundleSheaf,false,5,5,best-epoch,3,8,degree,0.678138481222605
roman_empire,BundleSheaf,false,5,5,best-epoch,4,8,degree,0.4751860180599838
roman_empire,BundleSheaf,false,5,5,best-epoch,5,8,degree,0.5664567249848176
roman_empire,BundleSheaf,false,5,5,best-epoch,0,8,betweenness,-0.09559660083842812
roman_empire,BundleSheaf,false,5,5,best-epoch,1,8,betweenness,0.2023784018876749
roman_empire,BundleSheaf,false,5,5,best-epoch,2,8,betweenness,0.3448482421907294
roman_empire,BundleSheaf,false,5,5,best-epoch,3,8,betweenness,0.4090804033722502
roman_empire,BundleSheaf,false,5,5,best-epoch,4,8,betweenness,0.2327749569511313
roman_empire,BundleSheaf,false,5,5,best-epoch,5,8,betweenness,0.29577171558831516
roman_empire,BundleSheaf,false,5,5,best-epoch,0,8,confidence,0.4757916172216919
roman_empire,BundleSheaf,false,5,5,best-epoch,1,8,confidence,0.7054241138135507
roman_empire,BundleSheaf,false,5,5,best-epoch,2,8,confidence,0.6880971231042786
roman_empire,BundleSheaf,false,5,5,best-epoch,3,8,confidence,0.6004354202085925
roman_empire,BundleSheaf,false,5,5,best-epoch,4,8,confidence,0.5634715347336662
roman_empire,BundleSheaf,false,5,5,best-epoch,5,8,confidence,0.5843189063277141
roman_empire,BundleSheaf,false,5,5,best-epoch,0,8,saliency,-0.16897964629970527
roman_empire,BundleSheaf,false,5,5,best-epoch,1,8,saliency,0.02323183860644226
roman_empire,BundleSheaf,false,5,5,best-epoch,2,8,saliency,0.17845141375957946
roman_empire,BundleSheaf,false,5,5,best-epoch,3,8,saliency,0.2802209539079105
roman_empire,BundleSheaf,false,5,5,best-epoch,4,8,saliency,0.23533662462828336
roman_empire,BundleSheaf,false,5,5,best-epoch,5,8,saliency,0.2800930696814827
roman_empire,BundleSheaf,false,5,5,best-epoch,0,8,cohens_d_train,0.6534559
roman_empire,BundleSheaf,false,5,5,best-epoch,1,8,cohens_d_train,0.70369357
roman_empire,BundleSheaf,false,5,5,best-epoch,2,8,cohens_d_train,0.45722827
roman_empire,BundleSheaf,false,5,5,best-epoch,3,8,cohens_d_train,0.17484301
roman_empire,BundleSheaf,false,5,5,best-epoch,4,8,cohens_d_train,0.2748202
roman_empire,BundleSheaf,false,5,5,best-epoch,5,8,cohens_d_train,0.19407068
roman_empire,BundleSheaf,false,5,5,best-epoch,0,8,cohens_d_test,0.58781517
roman_empire,BundleSheaf,false,5,5,best-epoch,1,8,cohens_d_test,0.66377616
roman_empire,BundleSheaf,false,5,5,best-epoch,2,8,cohens_d_test,0.5037866
roman_empire,BundleSheaf,false,5,5,best-epoch,3,8,cohens_d_test,0.26918355
roman_empire,BundleSheaf,false,5,5,best-epoch,4,8,cohens_d_test,0.24863225
roman_empire,BundleSheaf,false,5,5,best-epoch,5,8,cohens_d_test,0.22431822
roman_empire,BundleSheaf,false,5,5,best-epoch,0,9,degree,-0.11935767621183473
roman_empire,BundleSheaf,false,5,5,best-epoch,1,9,degree,0.3238722671986511
roman_empire,BundleSheaf,false,5,5,best-epoch,2,9,degree,0.5399294981743957
roman_empire,BundleSheaf,false,5,5,best-epoch,3,9,degree,0.6016199703583911
roman_empire,BundleSheaf,false,5,5,best-epoch,4,9,degree,0.6359041645605419
roman_empire,BundleSheaf,false,5,5,best-epoch,5,9,degree,0.6553924518322869
roman_empire,BundleSheaf,false,5,5,best-epoch,0,9,betweenness,-0.09963148199583116
roman_empire,BundleSheaf,false,5,5,best-epoch,1,9,betweenness,0.1963402378592933
roman_empire,BundleSheaf,false,5,5,best-epoch,2,9,betweenness,0.32451417990741216
roman_empire,BundleSheaf,false,5,5,best-epoch,3,9,betweenness,0.35859634335417195
roman_empire,BundleSheaf,false,5,5,best-epoch,4,9,betweenness,0.3873759458413694
roman_empire,BundleSheaf,false,5,5,best-epoch,5,9,betweenness,0.38600806250689057
roman_empire,BundleSheaf,false,5,5,best-epoch,0,9,confidence,0.4869862875631233
roman_empire,BundleSheaf,false,5,5,best-epoch,1,9,confidence,0.7021702586419998
roman_empire,BundleSheaf,false,5,5,best-epoch,2,9,confidence,0.6980179813323764
roman_empire,BundleSheaf,false,5,5,best-epoch,3,9,confidence,0.6599252547719943
roman_empire,BundleSheaf,false,5,5,best-epoch,4,9,confidence,0.6363705522339378
roman_empire,BundleSheaf,false,5,5,best-epoch,5,9,confidence,0.5913682151624498
roman_empire,BundleSheaf,false,5,5,best-epoch,0,9,saliency,-0.2078077454704533
roman_empire,BundleSheaf,false,5,5,best-epoch,1,9,saliency,-0.056856900691108464
roman_empire,BundleSheaf,false,5,5,best-epoch,2,9,saliency,0.06870972709632829
roman_empire,BundleSheaf,false,5,5,best-epoch,3,9,saliency,0.1157819100875635
roman_empire,BundleSheaf,false,5,5,best-epoch,4,9,saliency,0.15764825990021855
roman_empire,BundleSheaf,false,5,5,best-epoch,5,9,saliency,0.2039848389742134
roman_empire,BundleSheaf,false,5,5,best-epoch,0,9,cohens_d_train,0.61757016
roman_empire,BundleSheaf,false,5,5,best-epoch,1,9,cohens_d_train,0.67158115
roman_empire,BundleSheaf,false,5,5,best-epoch,2,9,cohens_d_train,0.5212342
roman_empire,BundleSheaf,false,5,5,best-epoch,3,9,cohens_d_train,0.3456909
roman_empire,BundleSheaf,false,5,5,best-epoch,4,9,cohens_d_train,0.23680493
roman_empire,BundleSheaf,false,5,5,best-epoch,5,9,cohens_d_train,0.19307429
roman_empire,BundleSheaf,false,5,5,best-epoch,0,9,cohens_d_test,0.581206
roman_empire,BundleSheaf,false,5,5,best-epoch,1,9,cohens_d_test,0.705161
roman_empire,BundleSheaf,false,5,5,best-epoch,2,9,cohens_d_test,0.6475492
roman_empire,BundleSheaf,false,5,5,best-epoch,3,9,cohens_d_test,0.5353356
roman_empire,BundleSheaf,false,5,5,best-epoch,4,9,cohens_d_test,0.47658187
roman_empire,BundleSheaf,false,5,5,best-epoch,5,9,cohens_d_test,0.3655667
roman_empire,BundleSheaf,false,5,5,last,0,0,degree,-0.13341390068811046
roman_empire,BundleSheaf,false,5,5,last,1,0,degree,0.3276147310552039
roman_empire,BundleSheaf,false,5,5,last,2,0,degree,0.5662613525072479
roman_empire,BundleSheaf,false,5,5,last,3,0,degree,0.65371902066792
roman_empire,BundleSheaf,false,5,5,last,4,0,degree,0.6633252493040565
roman_empire,BundleSheaf,false,5,5,last,5,0,degree,0.6401665051823222
roman_empire,BundleSheaf,false,5,5,last,0,0,betweenness,-0.09143085395553306
roman_empire,BundleSheaf,false,5,5,last,1,0,betweenness,0.22405322005075523
roman_empire,BundleSheaf,false,5,5,last,2,0,betweenness,0.35904812585219775
roman_empire,BundleSheaf,false,5,5,last,3,0,betweenness,0.3954794458057893
roman_empire,BundleSheaf,false,5,5,last,4,0,betweenness,0.3649289604588749
roman_empire,BundleSheaf,false,5,5,last,5,0,betweenness,0.378065179754427
roman_empire,BundleSheaf,false,5,5,last,0,0,confidence,0.27196876096294503
roman_empire,BundleSheaf,false,5,5,last,1,0,confidence,0.6549297325018482
roman_empire,BundleSheaf,false,5,5,last,2,0,confidence,0.7123413009255984
roman_empire,BundleSheaf,false,5,5,last,3,0,confidence,0.7178737768374006
roman_empire,BundleSheaf,false,5,5,last,4,0,confidence,0.66396925247777
roman_empire,BundleSheaf,false,5,5,last,5,0,confidence,0.6891187187069093
roman_empire,BundleSheaf,false,5,5,last,0,0,saliency,-0.1890264193420081
roman_empire,BundleSheaf,false,5,5,last,1,0,saliency,0.04349596326045427
roman_empire,BundleSheaf,false,5,5,last,2,0,saliency,0.21475206957456733
roman_empire,BundleSheaf,false,5,5,last,3,0,saliency,0.30220187893929185
roman_empire,BundleSheaf,false,5,5,last,4,0,saliency,0.3430398975062223
roman_empire,BundleSheaf,false,5,5,last,5,0,saliency,0.3335627774409864
roman_empire,BundleSheaf,false,5,5,last,0,0,cohens_d_train,0.6169063
roman_empire,BundleSheaf,false,5,5,last,1,0,cohens_d_train,0.7599363
roman_empire,BundleSheaf,false,5,5,last,2,0,cohens_d_train,0.48974383
roman_empire,BundleSheaf,false,5,5,last,3,0,cohens_d_train,0.2145577
roman_empire,BundleSheaf,false,5,5,last,4,0,cohens_d_train,0.084860034
roman_empire,BundleSheaf,false,5,5,last,5,0,cohens_d_train,0.12758057
roman_empire,BundleSheaf,false,5,5,last,0,0,cohens_d_test,0.6877537
roman_empire,BundleSheaf,false,5,5,last,1,0,cohens_d_test,0.8430623
roman_empire,BundleSheaf,false,5,5,last,2,0,cohens_d_test,0.69280666
roman_empire,BundleSheaf,false,5,5,last,3,0,cohens_d_test,0.5105427
roman_empire,BundleSheaf,false,5,5,last,4,0,cohens_d_test,0.25143638
roman_empire,BundleSheaf,false,5,5,last,5,0,cohens_d_test,0.3538732
roman_empire,BundleSheaf,false,5,5,last,0,1,degree,-0.11869245916057686
roman_empire,BundleSheaf,false,5,5,last,1,1,degree,0.31329625540402306
roman_empire,BundleSheaf,false,5,5,last,2,1,degree,0.5496128582786192
roman_empire,BundleSheaf,false,5,5,last,3,1,degree,0.6170474126950742
roman_empire,BundleSheaf,false,5,5,last,4,1,degree,0.4920237157007352
roman_empire,BundleSheaf,false,5,5,last,5,1,degree,0.5736341283442329
roman_empire,BundleSheaf,false,5,5,last,0,1,betweenness,-0.09460431806847724
roman_empire,BundleSheaf,false,5,5,last,1,1,betweenness,0.20119036265301263
roman_empire,BundleSheaf,false,5,5,last,2,1,betweenness,0.34857354770321003
roman_empire,BundleSheaf,false,5,5,last,3,1,betweenness,0.3753036268082913
roman_empire,BundleSheaf,false,5,5,last,4,1,betweenness,0.25906342987984093
roman_empire,BundleSheaf,false,5,5,last,5,1,betweenness,0.3260671637128766
roman_empire,BundleSheaf,false,5,5,last,0,1,confidence,0.48518303074887725
roman_empire,BundleSheaf,false,5,5,last,1,1,confidence,0.7418124334068759
roman_empire,BundleSheaf,false,5,5,last,2,1,confidence,0.7138231486181899
roman_empire,BundleSheaf,false,5,5,last,3,1,confidence,0.697125176626154
roman_empire,BundleSheaf,false,5,5,last,4,1,confidence,0.6829222784148085
roman_empire,BundleSheaf,false,5,5,last,5,1,confidence,0.6731675994155746
roman_empire,BundleSheaf,false,5,5,last,0,1,saliency,-0.14320060403276424
roman_empire,BundleSheaf,false,5,5,last,1,1,saliency,0.011509798623385751
roman_empire,BundleSheaf,false,5,5,last,2,1,saliency,0.1430051474888404
roman_empire,BundleSheaf,false,5,5,last,3,1,saliency,0.223486520993757
roman_empire,BundleSheaf,false,5,5,last,4,1,saliency,0.1771109567214151
roman_empire,BundleSheaf,false,5,5,last,5,1,saliency,0.23445904175518242
roman_empire,BundleSheaf,false,5,5,last,0,1,cohens_d_train,0.62885594
roman_empire,BundleSheaf,false,5,5,last,1,1,cohens_d_train,0.71438605
roman_empire,BundleSheaf,false,5,5,last,2,1,cohens_d_train,0.5116806
roman_empire,BundleSheaf,false,5,5,last,3,1,cohens_d_train,0.42300606
roman_empire,BundleSheaf,false,5,5,last,4,1,cohens_d_train,0.37685648
roman_empire,BundleSheaf,false,5,5,last,5,1,cohens_d_train,0.32831466
roman_empire,BundleSheaf,false,5,5,last,0,1,cohens_d_test,0.643632
roman_empire,BundleSheaf,false,5,5,last,1,1,cohens_d_test,0.6493726
roman_empire,BundleSheaf,false,5,5,last,2,1,cohens_d_test,0.23654467
roman_empire,BundleSheaf,false,5,5,last,3,1,cohens_d_test,0.0957038
roman_empire,BundleSheaf,false,5,5,last,4,1,cohens_d_test,0.0423196
roman_empire,BundleSheaf,false,5,5,last,5,1,cohens_d_test,0.033859212
roman_empire,BundleSheaf,false,5,5,last,0,2,degree,-0.09808894184064504
roman_empire,BundleSheaf,false,5,5,last,1,2,degree,0.31572039531653073
roman_empire,BundleSheaf,false,5,5,last,2,2,degree,0.5005735624768126
roman_empire,BundleSheaf,false,5,5,last,3,2,degree,0.5672036211753749
roman_empire,BundleSheaf,false,5,5,last,4,2,degree,0.6025821984220694
roman_empire,BundleSheaf,false,5,5,last,5,2,degree,0.5885676304384656
roman_empire,BundleSheaf,false,5,5,last,0,2,betweenness,-0.08309894071294827
roman_empire,BundleSheaf,false,5,5,last,1,2,betweenness,0.20449641739609012
roman_empire,BundleSheaf,false,5,5,last,2,2,betweenness,0.3146042714389155
roman_empire,BundleSheaf,false,5,5,last,3,2,betweenness,0.3555902089555133
roman_empire,BundleSheaf,false,5,5,last,4,2,betweenness,0.3503434018909736
roman_empire,BundleSheaf,false,5,5,last,5,2,betweenness,0.3285429594502751
roman_empire,BundleSheaf,false,5,5,last,0,2,confidence,0.42384226621465715
roman_empire,BundleSheaf,false,5,5,last,1,2,confidence,0.7150152915317279
roman_empire,BundleSheaf,false,5,5,last,2,2,confidence,0.7606975824582095
roman_empire,BundleSheaf,false,5,5,last,3,2,confidence,0.7638075381308772
roman_empire,BundleSheaf,false,5,5,last,4,2,confidence,0.6916343252874909
roman_empire,BundleSheaf,false,5,5,last,5,2,confidence,0.6403542679107475
roman_empire,BundleSheaf,false,5,5,last,0,2,saliency,-0.2049426032749922
roman_empire,BundleSheaf,false,5,5,last,1,2,saliency,-0.0722031360763456
roman_empire,BundleSheaf,false,5,5,last,2,2,saliency,0.032525554177636765
roman_empire,BundleSheaf,false,5,5,last,3,2,saliency,0.09910404509209236
roman_empire,BundleSheaf,false,5,5,last,4,2,saliency,0.14421652051402328
roman_empire,BundleSheaf,false,5,5,last,5,2,saliency,0.17691728661691983
roman_empire,BundleSheaf,false,5,5,last,0,2,cohens_d_train,0.60650414
roman_empire,BundleSheaf,false,5,5,last,1,2,cohens_d_train,0.7387914
roman_empire,BundleSheaf,false,5,5,last,2,2,cohens_d_train,0.67022336
roman_empire,BundleSheaf,false,5,5,last,3,2,cohens_d_train,0.5215022
roman_empire,BundleSheaf,false,5,5,last,4,2,cohens_d_train,0.31016392
roman_empire,BundleSheaf,false,5,5,last,5,2,cohens_d_train,0.20945546
roman_empire,BundleSheaf,false,5,5,last,0,2,cohens_d_test,0.6359238
roman_empire,BundleSheaf,false,5,5,last,1,2,cohens_d_test,0.758737
roman_empire,BundleSheaf,false,5,5,last,2,2,cohens_d_test,0.69306564
roman_empire,BundleSheaf,false,5,5,last,3,2,cohens_d_test,0.61040294
roman_empire,BundleSheaf,false,5,5,last,4,2,cohens_d_test,0.3282161
roman_empire,BundleSheaf,false,5,5,last,5,2,cohens_d_test,0.21851696
roman_empire,BundleSheaf,false,5,5,last,0,3,degree,-0.10291029347932157
roman_empire,BundleSheaf,false,5,5,last,1,3,degree,0.3030948982399927
roman_empire,BundleSheaf,false,5,5,last,2,3,degree,0.5261380638651979
roman_empire,BundleSheaf,false,5,5,last,3,3,degree,0.5329750436198267
roman_empire,BundleSheaf,false,5,5,last,4,3,degree,0.6487632805108131
roman_empire,BundleSheaf,false,5,5,last,5,3,degree,0.6446954752487026
roman_empire,BundleSheaf,false,5,5,last,0,3,betweenness,-0.08696007956134513
roman_empire,BundleSheaf,false,5,5,last,1,3,betweenness,0.18749905013003393
roman_empire,BundleSheaf,false,5,5,last,2,3,betweenness,0.3284476125985734
roman_empire,BundleSheaf,false,5,5,last,3,3,betweenness,0.298690174688296
roman_empire,BundleSheaf,false,5,5,last,4,3,betweenness,0.37891387063319415
roman_empire,BundleSheaf,false,5,5,last,5,3,betweenness,0.38074894703271334
roman_empire,BundleSheaf,false,5,5,last,0,3,confidence,0.5299534367513253
roman_empire,BundleSheaf,false,5,5,last,1,3,confidence,0.7308411186972895
roman_empire,BundleSheaf,false,5,5,last,2,3,confidence,0.695298882946275
roman_empire,BundleSheaf,false,5,5,last,3,3,confidence,0.6907297566518569
roman_empire,BundleSheaf,false,5,5,last,4,3,confidence,0.6278292954517206
roman_empire,BundleSheaf,false,5,5,last,5,3,confidence,0.6058611526201015
roman_empire,BundleSheaf,false,5,5,last,0,3,saliency,-0.2163313651412473
roman_empire,BundleSheaf,false,5,5,last,1,3,saliency,-0.09869622649705624
roman_empire,BundleSheaf,false,5,5,last,2,3,saliency,0.03687906183114877
roman_empire,BundleSheaf,false,5,5,last,3,3,saliency,0.042614486997663445
roman_empire,BundleSheaf,false,5,5,last,4,3,saliency,0.14531653170529188
roman_empire,BundleSheaf,false,5,5,last,5,3,saliency,0.17308340110090215
roman_empire,BundleSheaf,false,5,5,last,0,3,cohens_d_train,0.5946251
roman_empire,BundleSheaf,false,5,5,last,1,3,cohens_d_train,0.7370117
roman_empire,BundleSheaf,false,5,5,last,2,3,cohens_d_train,0.59211653
roman_empire,BundleSheaf,false,5,5,last,3,3,cohens_d_train,0.54407454
roman_empire,BundleSheaf,false,5,5,last,4,3,cohens_d_train,0.3769874
roman_empire,BundleSheaf,false,5,5,last,5,3,cohens_d_train,0.3445418
roman_empire,BundleSheaf,false,5,5,last,0,3,cohens_d_test,0.61968946
roman_empire,BundleSheaf,false,5,5,last,1,3,cohens_d_test,0.7637143
roman_empire,BundleSheaf,false,5,5,last,2,3,cohens_d_test,0.62397593
roman_empire,BundleSheaf,false,5,5,last,3,3,cohens_d_test,0.5793526
roman_empire,BundleSheaf,false,5,5,last,4,3,cohens_d_test,0.43395314
roman_empire,BundleSheaf,false,5,5,last,5,3,cohens_d_test,0.39055744
roman_empire,BundleSheaf,false,5,5,last,0,4,degree,-0.1181251921115483
roman_empire,BundleSheaf,false,5,5,last,1,4,degree,0.31079322198251896
roman_empire,BundleSheaf,false,5,5,last,2,4,degree,0.5465447265691621
roman_empire,BundleSheaf,false,5,5,last,3,4,degree,0.4784544146567453
roman_empire,BundleSheaf,false,5,5,last,4,4,degree,0.6147451590013953
roman_empire,BundleSheaf,false,5,5,last,5,4,degree,0.5546171156975591
roman_empire,BundleSheaf,false,5,5,last,0,4,betweenness,-0.10603414732576953
roman_empire,BundleSheaf,false,5,5,last,1,4,betweenness,0.19325586826930294
roman_empire,BundleSheaf,false,5,5,last,2,4,betweenness,0.33556251247675656
roman_empire,BundleSheaf,false,5,5,last,3,4,betweenness,0.26457111151352114
roman_empire,BundleSheaf,false,5,5,last,4,4,betweenness,0.3494657061675575
roman_empire,BundleSheaf,false,5,5,last,5,4,betweenness,0.2780088961953845
roman_empire,BundleSheaf,false,5,5,last,0,4,confidence,0.4796445607680755
roman_empire,BundleSheaf,false,5,5,last,1,4,confidence,0.7364979669879578
roman_empire,BundleSheaf,false,5,5,last,2,4,confidence,0.6869750967243562
roman_empire,BundleSheaf,false,5,5,last,3,4,confidence,0.6922191729136787
roman_empire,BundleSheaf,false,5,5,last,4,4,confidence,0.6929280200812407
roman_empire,BundleSheaf,false,5,5,last,5,4,confidence,0.6973284011365191
roman_empire,BundleSheaf,false,5,5,last,0,4,saliency,-0.1742988164306066
roman_empire,BundleSheaf,false,5,5,last,1,4,saliency,0.0005408419109438716
roman_empire,BundleSheaf,false,5,5,last,2,4,saliency,0.15629914504962025
roman_empire,BundleSheaf,false,5,5,last,3,4,saliency,0.1468837078539956
roman_empire,BundleSheaf,false,5,5,last,4,4,saliency,0.2061057055323095
roman_empire,BundleSheaf,false,5,5,last,5,4,saliency,0.1868685484285754
roman_empire,BundleSheaf,false,5,5,last,0,4,cohens_d_train,0.6263604
roman_empire,BundleSheaf,false,5,5,last,1,4,cohens_d_train,0.7959435
roman_empire,BundleSheaf,false,5,5,last,2,4,cohens_d_train,0.5002548
roman_empire,BundleSheaf,false,5,5,last,3,4,cohens_d_train,0.5583468
roman_empire,BundleSheaf,false,5,5,last,4,4,cohens_d_train,0.32606798
roman_empire,BundleSheaf,false,5,5,last,5,4,cohens_d_train,0.2645548
roman_empire,BundleSheaf,false,5,5,last,0,4,cohens_d_test,0.6546744
roman_empire,BundleSheaf,false,5,5,last,1,4,cohens_d_test,0.83868885
roman_empire,BundleSheaf,false,5,5,last,2,4,cohens_d_test,0.6009587
roman_empire,BundleSheaf,false,5,5,last,3,4,cohens_d_test,0.6540442
roman_empire,BundleSheaf,false,5,5,last,4,4,cohens_d_test,0.50581956
roman_empire,BundleSheaf,false,5,5,last,5,4,cohens_d_test,0.38773534
roman_empire,BundleSheaf,false,5,5,last,0,5,degree,-0.10715717427163722
roman_empire,BundleSheaf,false,5,5,last,1,5,degree,0.33248780001801215
roman_empire,BundleSheaf,false,5,5,last,2,5,degree,0.5241065137412558
roman_empire,BundleSheaf,false,5,5,last,3,5,degree,0.6167762513241728
roman_empire,BundleSheaf,false,5,5,last,4,5,degree,0.5602702430588439
roman_empire,BundleSheaf,false,5,5,last,5,5,degree,0.6236366622597739
roman_empire,BundleSheaf,false,5,5,last,0,5,betweenness,-0.07985661994325932
roman_empire,BundleSheaf,false,5,5,last,1,5,betweenness,0.21871337493542378
roman_empire,BundleSheaf,false,5,5,last,2,5,betweenness,0.3353514282112049
roman_empire,BundleSheaf,false,5,5,last,3,5,betweenness,0.38255664612085116
roman_empire,BundleSheaf,false,5,5,last,4,5,betweenness,0.31067372889723266
roman_empire,BundleSheaf,false,5,5,last,5,5,betweenness,0.36326498725440015
roman_empire,BundleSheaf,false,5,5,last,0,5,confidence,0.33842341479278915
roman_empire,BundleSheaf,false,5,5,last,1,5,confidence,0.6301850254057706
roman_empire,BundleSheaf,false,5,5,last,2,5,confidence,0.6734531922981499
roman_empire,BundleSheaf,false,5,5,last,3,5,confidence,0.6645498441202723
roman_empire,BundleSheaf,false,5,5,last,4,5,confidence,0.6660687119180018
roman_empire,BundleSheaf,false,5,5,last,5,5,confidence,0.6011394530721477
roman_empire,BundleSheaf,false,5,5,last,0,5,saliency,-0.1970832645837668
roman_empire,BundleSheaf,false,5,5,last,1,5,saliency,-0.038761769222580345
roman_empire,BundleSheaf,false,5,5,last,2,5,saliency,0.07425624613790606
roman_empire,BundleSheaf,false,5,5,last,3,5,saliency,0.1462744603702145
roman_empire,BundleSheaf,false,5,5,last,4,5,saliency,0.12527631411172363
roman_empire,BundleSheaf,false,5,5,last,5,5,saliency,0.19054131621325698
roman_empire,BundleSheaf,false,5,5,last,0,5,cohens_d_train,0.5726607
roman_empire,BundleSheaf,false,5,5,last,1,5,cohens_d_train,0.65859014
roman_empire,BundleSheaf,false,5,5,last,2,5,cohens_d_train,0.5717564
roman_empire,BundleSheaf,false,5,5,last,3,5,cohens_d_train,0.38073954
roman_empire,BundleSheaf,false,5,5,last,4,5,cohens_d_train,0.23580848
roman_empire,BundleSheaf,false,5,5,last,5,5,cohens_d_train,0.19159804
roman_empire,BundleSheaf,false,5,5,last,0,5,cohens_d_test,0.5603549
roman_empire,BundleSheaf,false,5,5,last,1,5,cohens_d_test,0.6758291
roman_empire,BundleSheaf,false,5,5,last,2,5,cohens_d_test,0.6394701
roman_empire,BundleSheaf,false,5,5,last,3,5,cohens_d_test,0.5212817
roman_empire,BundleSheaf,false,5,5,last,4,5,cohens_d_test,0.42272693
roman_empire,BundleSheaf,false,5,5,last,5,5,cohens_d_test,0.36252993
roman_empire,BundleSheaf,false,5,5,last,0,6,degree,-0.09766002731054997
roman_empire,BundleSheaf,false,5,5,last,1,6,degree,0.30464470253000353
roman_empire,BundleSheaf,false,5,5,last,2,6,degree,0.5381713248739368
roman_empire,BundleSheaf,false,5,5,last,3,6,degree,0.5583175139154612
roman_empire,BundleSheaf,false,5,5,last,4,6,degree,0.6712153547528877
roman_empire,BundleSheaf,false,5,5,last,5,6,degree,0.6730750343545501
roman_empire,BundleSheaf,false,5,5,last,0,6,betweenness,-0.08023489663448591
roman_empire,BundleSheaf,false,5,5,last,1,6,betweenness,0.18998599072247
roman_empire,BundleSheaf,false,5,5,last,2,6,betweenness,0.34445616813639895
roman_empire,BundleSheaf,false,5,5,last,3,6,betweenness,0.3516478128407467
roman_empire,BundleSheaf,false,5,5,last,4,6,betweenness,0.42491683934460756
roman_empire,BundleSheaf,false,5,5,last,5,6,betweenness,0.42034913517796096
roman_empire,BundleSheaf,false,5,5,last,0,6,confidence,0.4997434664744667
roman_empire,BundleSheaf,false,5,5,last,1,6,confidence,0.674933626099907
roman_empire,BundleSheaf,false,5,5,last,2,6,confidence,0.6800626020731735
roman_empire,BundleSheaf,false,5,5,last,3,6,confidence,0.6860175841204773
roman_empire,BundleSheaf,false,5,5,last,4,6,confidence,0.617867093997897
roman_empire,BundleSheaf,false,5,5,last,5,6,confidence,0.6209655503279929
roman_empire,BundleSheaf,false,5,5,last,0,6,saliency,-0.2726383811988323
roman_empire,BundleSheaf,false,5,5,last,1,6,saliency,-0.1807258083654976
roman_empire,BundleSheaf,false,5,5,last,2,6,saliency,-0.07928410407710523
roman_empire,BundleSheaf,false,5,5,last,3,6,saliency,-0.0827868922419166
roman_empire,BundleSheaf,false,5,5,last,4,6,saliency,0.011572019105612162
roman_empire,BundleSheaf,false,5,5,last,5,6,saliency,0.060923536227630845
roman_empire,BundleSheaf,false,5,5,last,0,6,cohens_d_train,0.55472475
roman_empire,BundleSheaf,false,5,5,last,1,6,cohens_d_train,0.66194713
roman_empire,BundleSheaf,false,5,5,last,2,6,cohens_d_train,0.5380041
roman_empire,BundleSheaf,false,5,5,last,3,6,cohens_d_train,0.5291028
roman_empire,BundleSheaf,false,5,5,last,4,6,cohens_d_train,0.4348842
roman_empire,BundleSheaf,false,5,5,last,5,6,cohens_d_train,0.31903017
roman_empire,BundleSheaf,false,5,5,last,0,6,cohens_d_test,0.5720168
roman_empire,BundleSheaf,false,5,5,last,1,6,cohens_d_test,0.66802454
roman_empire,BundleSheaf,false,5,5,last,2,6,cohens_d_test,0.5599971
roman_empire,BundleSheaf,false,5,5,last,3,6,cohens_d_test,0.57266223
roman_empire,BundleSheaf,false,5,5,last,4,6,cohens_d_test,0.4646496
roman_empire,BundleSheaf,false,5,5,last,5,6,cohens_d_test,0.43201107
roman_empire,BundleSheaf,false,5,5,last,0,7,degree,-0.10930896285860672
roman_empire,BundleSheaf,false,5,5,last,1,7,degree,0.2803825933393422
roman_empire,BundleSheaf,false,5,5,last,2,7,degree,0.46957653755669887
roman_empire,BundleSheaf,false,5,5,last,3,7,degree,0.5713200991362168
roman_empire,BundleSheaf,false,5,5,last,4,7,degree,0.6072588940503766
roman_empire,BundleSheaf,false,5,5,last,5,7,degree,0.6738186627886767
roman_empire,BundleSheaf,false,5,5,last,0,7,betweenness,-0.09361736245394828
roman_empire,BundleSheaf,false,5,5,last,1,7,betweenness,0.17182736195560153
roman_empire,BundleSheaf,false,5,5,last,2,7,betweenness,0.276761725721151
roman_empire,BundleSheaf,false,5,5,last,3,7,betweenness,0.33312483704917456
roman_empire,BundleSheaf,false,5,5,last,4,7,betweenness,0.35183821436769536
roman_empire,BundleSheaf,false,5,5,last,5,7,betweenness,0.412879747895391
roman_empire,BundleSheaf,false,5,5,last,0,7,confidence,0.5341166099443794
roman_empire,BundleSheaf,false,5,5,last,1,7,confidence,0.668404457821408
roman_empire,BundleSheaf,false,5,5,last,2,7,confidence,0.6600548757515685
roman_empire,BundleSheaf,false,5,5,last,3,7,confidence,0.626007443855808
roman_empire,BundleSheaf,false,5,5,last,4,7,confidence,0.5962617830210024
roman_empire,BundleSheaf,false,5,5,last,5,7,confidence,0.5145163531207468
roman_empire,BundleSheaf,false,5,5,last,0,7,saliency,-0.26015180874792976
roman_empire,BundleSheaf,false,5,5,last,1,7,saliency,-0.17355888200357283
roman_empire,BundleSheaf,false,5,5,last,2,7,saliency,-0.11500021355280944
roman_empire,BundleSheaf,false,5,5,last,3,7,saliency,-0.046428184104269576
roman_empire,BundleSheaf,false,5,5,last,4,7,saliency,-0.012248162205185256
roman_empire,BundleSheaf,false,5,5,last,5,7,saliency,0.08809858119287221
roman_empire,BundleSheaf,false,5,5,last,0,7,cohens_d_train,0.6018535
roman_empire,BundleSheaf,false,5,5,last,1,7,cohens_d_train,0.70231307
roman_empire,BundleSheaf,false,5,5,last,2,7,cohens_d_train,0.64401215
roman_empire,BundleSheaf,false,5,5,last,3,7,cohens_d_train,0.5236556
roman_empire,BundleSheaf,false,5,5,last,4,7,cohens_d_train,0.4054531
roman_empire,BundleSheaf,false,5,5,last,5,7,cohens_d_train,0.31686583
roman_empire,BundleSheaf,false,5,5,last,0,7,cohens_d_test,0.5595634
roman_empire,BundleSheaf,false,5,5,last,1,7,cohens_d_test,0.6330991
roman_empire,BundleSheaf,false,5,5,last,2,7,cohens_d_test,0.48755538
roman_empire,BundleSheaf,false,5,5,last,3,7,cohens_d_test,0.28547165
roman_empire,BundleSheaf,false,5,5,last,4,7,cohens_d_test,0.14077246
roman_empire,BundleSheaf,false,5,5,last,5,7,cohens_d_test,0.121292345
roman_empire,BundleSheaf,false,5,5,last,0,8,degree,-0.12290898071939457
roman_empire,BundleSheaf,false,5,5,last,1,8,degree,0.3208255702030025
roman_empire,BundleSheaf,false,5,5,last,2,8,degree,0.5567141397238357
roman_empire,BundleSheaf,false,5,5,last,3,8,degree,0.6783977342249241
roman_empire,BundleSheaf,false,5,5,last,4,8,degree,0.47873176645539006
roman_empire,BundleSheaf,false,5,5,last,5,8,degree,0.5660159694991277
roman_empire,BundleSheaf,false,5,5,last,0,8,betweenness,-0.09545755134760989
roman_empire,BundleSheaf,false,5,5,last,1,8,betweenness,0.20207478779550245
roman_empire,BundleSheaf,false,5,5,last,2,8,betweenness,0.3434310923317485
roman_empire,BundleSheaf,false,5,5,last,3,8,betweenness,0.40826926611769704
roman_empire,BundleSheaf,false,5,5,last,4,8,betweenness,0.23586633905874008
roman_empire,BundleSheaf,false,5,5,last,5,8,betweenness,0.29577354983242005
roman_empire,BundleSheaf,false,5,5,last,0,8,confidence,0.4724023669099632
roman_empire,BundleSheaf,false,5,5,last,1,8,confidence,0.6999053362072792
roman_empire,BundleSheaf,false,5,5,last,2,8,confidence,0.6868652187819451
roman_empire,BundleSheaf,false,5,5,last,3,8,confidence,0.5989800396730002
roman_empire,BundleSheaf,false,5,5,last,4,8,confidence,0.5617888643323885
roman_empire,BundleSheaf,false,5,5,last,5,8,confidence,0.5818700083914783
roman_empire,BundleSheaf,false,5,5,last,0,8,saliency,-0.17228376978695273
roman_empire,BundleSheaf,false,5,5,last,1,8,saliency,0.017022323631702883
roman_empire,BundleSheaf,false,5,5,last,2,8,saliency,0.1680979154311044
roman_empire,BundleSheaf,false,5,5,last,3,8,saliency,0.269111700854509
roman_empire,BundleSheaf,false,5,5,last,4,8,saliency,0.2275501638155419
roman_empire,BundleSheaf,false,5,5,last,5,8,saliency,0.26759375743167235
roman_empire,BundleSheaf,false,5,5,last,0,8,cohens_d_train,0.66731805
roman_empire,BundleSheaf,false,5,5,last,1,8,cohens_d_train,0.7052154
roman_empire,BundleSheaf,false,5,5,last,2,8,cohens_d_train,0.44879636
roman_empire,BundleSheaf,false,5,5,last,3,8,cohens_d_train,0.16210134
roman_empire,BundleSheaf,false,5,5,last,4,8,cohens_d_train,0.26037598
roman_empire,BundleSheaf,false,5,5,last,5,8,cohens_d_train,0.18187186
roman_empire,BundleSheaf,false,5,5,last,0,8,cohens_d_test,0.5993429
roman_empire,BundleSheaf,false,5,5,last,1,8,cohens_d_test,0.6661817
roman_empire,BundleSheaf,false,5,5,last,2,8,cohens_d_test,0.50042605
roman_empire,BundleSheaf,false,5,5,last,3,8,cohens_d_test,0.2612029
roman_empire,BundleSheaf,false,5,5,last,4,8,cohens_d_test,0.25388324
roman_empire,BundleSheaf,false,5,5,last,5,8,cohens_d_test,0.23849191
roman_empire,BundleSheaf,false,5,5,last,0,9,degree,-0.11945280543963686
roman_empire,BundleSheaf,false,5,5,last,1,9,degree,0.32280310635841114
roman_empire,BundleSheaf,false,5,5,last,2,9,degree,0.5394553207720435
roman_empire,BundleSheaf,false,5,5,last,3,9,degree,0.6012219372473212
roman_empire,BundleSheaf,false,5,5,last,4,9,degree,0.6353875410071772
roman_empire,BundleSheaf,false,5,5,last,5,9,degree,0.6537182619583161
roman_empire,BundleSheaf,false,5,5,last,0,9,betweenness,-0.09930680695909837
roman_empire,BundleSheaf,false,5,5,last,1,9,betweenness,0.1950916395398085
roman_empire,BundleSheaf,false,5,5,last,2,9,betweenness,0.3235155961702349
roman_empire,BundleSheaf,false,5,5,last,3,9,betweenness,0.3579730292436283
roman_empire,BundleSheaf,false,5,5,last,4,9,betweenness,0.3868185859869364
roman_empire,BundleSheaf,false,5,5,last,5,9,betweenness,0.38464147888939654
roman_empire,BundleSheaf,false,5,5,last,0,9,confidence,0.4894029282947589
roman_empire,BundleSheaf,false,5,5,last,1,9,confidence,0.7074203361347552
roman_empire,BundleSheaf,false,5,5,last,2,9,confidence,0.7020019420928522
roman_empire,BundleSheaf,false,5,5,last,3,9,confidence,0.6643521526541782
roman_empire,BundleSheaf,false,5,5,last,4,9,confidence,0.6423789056001352
roman_empire,BundleSheaf,false,5,5,last,5,9,confidence,0.5973860497481482
roman_empire,BundleSheaf,false,5,5,last,0,9,saliency,-0.20948830906948399
roman_empire,BundleSheaf,false,5,5,last,1,9,saliency,-0.06041328445493575
roman_empire,BundleSheaf,false,5,5,last,2,9,saliency,0.06573197049571695
roman_empire,BundleSheaf,false,5,5,last,3,9,saliency,0.1131480694082972
roman_empire,BundleSheaf,false,5,5,last,4,9,saliency,0.1543149031370314
roman_empire,BundleSheaf,false,5,5,last,5,9,saliency,0.19900281945984744
roman_empire,BundleSheaf,false,5,5,last,0,9,cohens_d_train,0.62209374
roman_empire,BundleSheaf,false,5,5,last,1,9,cohens_d_train,0.6776214
roman_empire,BundleSheaf,false,5,5,last,2,9,cohens_d_train,0.522983
roman_empire,BundleSheaf,false,5,5,last,3,9,cohens_d_train,0.3508773
roman_empire,BundleSheaf,false,5,5,last,4,9,cohens_d_train,0.24384888
roman_empire,BundleSheaf,false,5,5,last,5,9,cohens_d_train,0.1980216
roman_empire,BundleSheaf,false,5,5,last,0,9,cohens_d_test,0.58048254
roman_empire,BundleSheaf,false,5,5,last,1,9,cohens_d_test,0.69989747
roman_empire,BundleSheaf,false,5,5,last,2,9,cohens_d_test,0.6329376
roman_empire,BundleSheaf,false,5,5,last,3,9,cohens_d_test,0.51972806
roman_empire,BundleSheaf,false,5,5,last,4,9,cohens_d_test,0.46267077
roman_empire,BundleSheaf,false,5,5,last,5,9,cohens_d_test,0.35000807
