dataset,model,normalised,d,layers,checkpoint,layer,fold,observable,value
tolokers,BundleSheaf,false,3,4,epoch-0,0,0,degree,-0.10505175559493685
tolokers,BundleSheaf,false,3,4,epoch-0,1,0,degree,0.938708353723273
tolokers,BundleSheaf,false,3,4,epoch-0,2,0,degree,0.9507467289712594
tolokers,BundleSheaf,false,3,4,epoch-0,3,0,degree,0.8669079141201106
tolokers,BundleSheaf,false,3,4,epoch-0,4,0,degree,0.8017046521560363
tolokers,BundleSheaf,false,3,4,epoch-0,0,0,betweenness,-0.12507445404220352
tolokers,BundleSheaf,false,3,4,epoch-0,1,0,betweenness,0.7951066615520123
tolokers,BundleSheaf,false,3,4,epoch-0,2,0,betweenness,0.7786120909268247
tolokers,BundleSheaf,false,3,4,epoch-0,3,0,betweenness,0.7025107177618448
tolokers,BundleSheaf,false,3,4,epoch-0,4,0,betweenness,0.6427864150424543
tolokers,BundleSheaf,false,3,4,epoch-0,0,0,confidence,0.024170468070440414
tolokers,BundleSheaf,false,3,4,epoch-0,1,0,confidence,0.09837983954396977
tolokers,BundleSheaf,false,3,4,epoch-0,2,0,confidence,0.10417473816565086
tolokers,BundleSheaf,false,3,4,epoch-0,3,0,confidence,0.10514091223786876
tolokers,BundleSheaf,false,3,4,epoch-0,4,0,confidence,0.10550070639672156
tolokers,BundleSheaf,false,3,4,epoch-0,0,0,saliency,-0.05167835372845374
tolokers,BundleSheaf,false,3,4,epoch-0,1,0,saliency,0.752661783664921
tolokers,BundleSheaf,false,3,4,epoch-0,2,0,saliency,0.875362826559289
tolokers,BundleSheaf,false,3,4,epoch-0,3,0,saliency,0.9302287187017168
tolokers,BundleSheaf,false,3,4,epoch-0,4,0,saliency,0.9214553859960908
tolokers,BundleSheaf,false,3,4,epoch-0,0,0,cohens_d_train,0.023591595
tolokers,BundleSheaf,false,3,4,epoch-0,1,0,cohens_d_train,0.17831288
tolokers,BundleSheaf,false,3,4,epoch-0,2,0,cohens_d_train,0.1137663
tolokers,BundleSheaf,false,3,4,epoch-0,3,0,cohens_d_train,0.084090784
tolokers,BundleSheaf,false,3,4,epoch-0,4,0,cohens_d_train,0.066487506
tolokers,BundleSheaf,false,3,4,epoch-0,0,0,cohens_d_test,0.013896809
tolokers,BundleSheaf,false,3,4,epoch-0,1,0,cohens_d_test,0.22658469
tolokers,BundleSheaf,false,3,4,epoch-0,2,0,cohens_d_test,0.15760471
tolokers,BundleSheaf,false,3,4,epoch-0,3,0,cohens_d_test,0.13297114
tolokers,BundleSheaf,false,3,4,epoch-0,4,0,cohens_d_test,0.122951865
tolokers,BundleSheaf,false,3,4,epoch-0,0,1,degree,-0.253739987712773
tolokers,BundleSheaf,false,3,4,epoch-0,1,1,degree,0.9408964328151522
tolokers,BundleSheaf,false,3,4,epoch-0,2,1,degree,0.9583051119301889
tolokers,BundleSheaf,false,3,4,epoch-0,3,1,degree,0.9166202712764301
tolokers,BundleSheaf,false,3,4,epoch-0,4,1,degree,0.8907482867414839
tolokers,BundleSheaf,false,3,4,epoch-0,0,1,betweenness,-0.2550410484030847
tolokers,BundleSheaf,false,3,4,epoch-0,1,1,betweenness,0.7932594702949781
tolokers,BundleSheaf,false,3,4,epoch-0,2,1,betweenness,0.7974668523423587
tolokers,BundleSheaf,false,3,4,epoch-0,3,1,betweenness,0.7503002453273139
tolokers,BundleSheaf,false,3,4,epoch-0,4,1,betweenness,0.726782898118553
tolokers,BundleSheaf,false,3,4,epoch-0,0,1,confidence,-0.025911965544095694
tolokers,BundleSheaf,false,3,4,epoch-0,1,1,confidence,0.08693897021202497
tolokers,BundleSheaf,false,3,4,epoch-0,2,1,confidence,0.0931542432846313
tolokers,BundleSheaf,false,3,4,epoch-0,3,1,confidence,0.09408594803939974
tolokers,BundleSheaf,false,3,4,epoch-0,4,1,confidence,0.09431352266129064
tolokers,BundleSheaf,false,3,4,epoch-0,0,1,saliency,-0.12398240101626971
tolokers,BundleSheaf,false,3,4,epoch-0,1,1,saliency,0.7278032952040002
tolokers,BundleSheaf,false,3,4,epoch-0,2,1,saliency,0.8244704436786531
tolokers,BundleSheaf,false,3,4,epoch-0,3,1,saliency,0.8960058730638325
tolokers,BundleSheaf,false,3,4,epoch-0,4,1,saliency,0.9094473902149423
tolokers,BundleSheaf,false,3,4,epoch-0,0,1,cohens_d_train,0.0032078424
tolokers,BundleSheaf,false,3,4,epoch-0,1,1,cohens_d_train,0.1595186
tolokers,BundleSheaf,false,3,4,epoch-0,2,1,cohens_d_train,0.17330974
tolokers,BundleSheaf,false,3,4,epoch-0,3,1,cohens_d_train,0.14742258
tolokers,BundleSheaf,false,3,4,epoch-0,4,1,cohens_d_train,0.11727723
tolokers,BundleSheaf,false,3,4,epoch-0,0,1,cohens_d_test,0.010854565
tolokers,BundleSheaf,false,3,4,epoch-0,1,1,cohens_d_test,0.19368783
tolokers,BundleSheaf,false,3,4,epoch-0,2,1,cohens_d_test,0.22383139
tolokers,BundleSheaf,false,3,4,epoch-0,3,1,cohens_d_test,0.16949321
tolokers,BundleSheaf,false,3,4,epoch-0,4,1,cohens_d_test,0.13224375
tolokers,BundleSheaf,false,3,4,epoch-0,0,2,degree,0.13125590143205626
tolokers,BundleSheaf,false,3,4,epoch-0,1,2,degree,0.9372880559747349
tolokers,BundleSheaf,false,3,4,epoch-0,2,2,degree,0.961516741787076
tolokers,BundleSheaf,false,3,4,epoch-0,3,2,degree,0.8883670067069052
tolokers,BundleSheaf,false,3,4,epoch-0,4,2,degree,0.8452459096556447
tolokers,BundleSheaf,false,3,4,epoch-0,0,2,betweenness,0.0889570870216343
tolokers,BundleSheaf,false,3,4,epoch-0,1,2,betweenness,0.7932242232714553
tolokers,BundleSheaf,false,3,4,epoch-0,2,2,betweenness,0.7978375640974189
tolokers,BundleSheaf,false,3,4,epoch-0,3,2,betweenness,0.7300233427171298
tolokers,BundleSheaf,false,3,4,epoch-0,4,2,betweenness,0.6826889075792767
tolokers,BundleSheaf,false,3,4,epoch-0,0,2,confidence,0.03911804608401886
tolokers,BundleSheaf,false,3,4,epoch-0,1,2,confidence,0.09284372434773226
tolokers,BundleSheaf,false,3,4,epoch-0,2,2,confidence,0.09719669738996436
tolokers,BundleSheaf,false,3,4,epoch-0,3,2,confidence,0.09801005722511766
tolokers,BundleSheaf,false,3,4,epoch-0,4,2,confidence,0.09821898668671235
tolokers,BundleSheaf,false,3,4,epoch-0,0,2,saliency,0.12097947785411191
tolokers,BundleSheaf,false,3,4,epoch-0,1,2,saliency,0.8115059823114531
tolokers,BundleSheaf,false,3,4,epoch-0,2,2,saliency,0.869365553352984
tolokers,BundleSheaf,false,3,4,epoch-0,3,2,saliency,0.8441155642581095
tolokers,BundleSheaf,false,3,4,epoch-0,4,2,saliency,0.8253029281236594
tolokers,BundleSheaf,false,3,4,epoch-0,0,2,cohens_d_train,0.047885105
tolokers,BundleSheaf,false,3,4,epoch-0,1,2,cohens_d_train,0.03929245
tolokers,BundleSheaf,false,3,4,epoch-0,2,2,cohens_d_train,0.06567206
tolokers,BundleSheaf,false,3,4,epoch-0,3,2,cohens_d_train,0.06739993
tolokers,BundleSheaf,false,3,4,epoch-0,4,2,cohens_d_train,0.063569754
tolokers,BundleSheaf,false,3,4,epoch-0,0,2,cohens_d_test,0.088136576
tolokers,BundleSheaf,false,3,4,epoch-0,1,2,cohens_d_test,0.08632848
tolokers,BundleSheaf,false,3,4,epoch-0,2,2,cohens_d_test,0.10368182
tolokers,BundleSheaf,false,3,4,epoch-0,3,2,cohens_d_test,0.10378631
tolokers,BundleSheaf,false,3,4,epoch-0,4,2,cohens_d_test,0.09271524
tolokers,BundleSheaf,false,3,4,epoch-0,0,3,degree,-0.16687863422808008
tolokers,BundleSheaf,false,3,4,epoch-0,1,3,degree,0.9501059181970277
tolokers,BundleSheaf,false,3,4,epoch-0,2,3,degree,0.9475865385967183
tolokers,BundleSheaf,false,3,4,epoch-0,3,3,degree,0.8969275337582295
tolokers,BundleSheaf,false,3,4,epoch-0,4,3,degree,0.8388081728173603
tolokers,BundleSheaf,false,3,4,epoch-0,0,3,betweenness,-0.20485247776015397
tolokers,BundleSheaf,false,3,4,epoch-0,1,3,betweenness,0.8077270101050742
tolokers,BundleSheaf,false,3,4,epoch-0,2,3,betweenness,0.7784550945118455
tolokers,BundleSheaf,false,3,4,epoch-0,3,3,betweenness,0.74138037431309
tolokers,BundleSheaf,false,3,4,epoch-0,4,3,betweenness,0.6762129601503243
tolokers,BundleSheaf,false,3,4,epoch-0,0,3,confidence,-0.004401554259770516
tolokers,BundleSheaf,false,3,4,epoch-0,1,3,confidence,0.09278539262696082
tolokers,BundleSheaf,false,3,4,epoch-0,2,3,confidence,0.0998036261292462
tolokers,BundleSheaf,false,3,4,epoch-0,3,3,confidence,0.10066649397348018
tolokers,BundleSheaf,false,3,4,epoch-0,4,3,confidence,0.10076981749291868
tolokers,BundleSheaf,false,3,4,epoch-0,0,3,saliency,-0.18263580297085596
tolokers,BundleSheaf,false,3,4,epoch-0,1,3,saliency,0.780996790298756
tolokers,BundleSheaf,false,3,4,epoch-0,2,3,saliency,0.877038372151987
tolokers,BundleSheaf,false,3,4,epoch-0,3,3,saliency,0.8984858569157611
tolokers,BundleSheaf,false,3,4,epoch-0,4,3,saliency,0.9344701935365063
tolokers,BundleSheaf,false,3,4,epoch-0,0,3,cohens_d_train,0.09110422
tolokers,BundleSheaf,false,3,4,epoch-0,1,3,cohens_d_train,0.09910565
tolokers,BundleSheaf,false,3,4,epoch-0,2,3,cohens_d_train,0.12902804
tolokers,BundleSheaf,false,3,4,epoch-0,3,3,cohens_d_train,0.11886135
tolokers,BundleSheaf,false,3,4,epoch-0,4,3,cohens_d_train,0.0967707
tolokers,BundleSheaf,false,3,4,epoch-0,0,3,cohens_d_test,0.06154639
tolokers,BundleSheaf,false,3,4,epoch-0,1,3,cohens_d_test,0.1681261
tolokers,BundleSheaf,false,3,4,epoch-0,2,3,cohens_d_test,0.1989422
tolokers,BundleSheaf,false,3,4,epoch-0,3,3,cohens_d_test,0.16996762
tolokers,BundleSheaf,false,3,4,epoch-0,4,3,cohens_d_test,0.13732067
tolokers,BundleSheaf,false,3,4,epoch-0,0,4,degree,0.025308985478136124
tolokers,BundleSheaf,false,3,4,epoch-0,1,4,degree,0.9563482444981913
tolokers,BundleSheaf,false,3,4,epoch-0,2,4,degree,0.9479747043461979
tolokers,BundleSheaf,false,3,4,epoch-0,3,4,degree,0.8774070636224324
tolokers,BundleSheaf,false,3,4,epoch-0,4,4,degree,0.815664581261958
tolokers,BundleSheaf,false,3,4,epoch-0,0,4,betweenness,0.04075450423438643
tolokers,BundleSheaf,false,3,4,epoch-0,1,4,betweenness,0.8142975548927087
tolokers,BundleSheaf,false,3,4,epoch-0,2,4,betweenness,0.7808397052363004
tolokers,BundleSheaf,false,3,4,epoch-0,3,4,betweenness,0.7149923464779242
tolokers,BundleSheaf,false,3,4,epoch-0,4,4,betweenness,0.6549035688550303
tolokers,BundleSheaf,false,3,4,epoch-0,0,4,confidence,-0.0218090919281952
tolokers,BundleSheaf,false,3,4,epoch-0,1,4,confidence,0.09501324199458801
tolokers,BundleSheaf,false,3,4,epoch-0,2,4,confidence,0.10098374709215746
tolokers,BundleSheaf,false,3,4,epoch-0,3,4,confidence,0.10187275980709097
tolokers,BundleSheaf,false,3,4,epoch-0,4,4,confidence,0.10205271765867835
tolokers,BundleSheaf,false,3,4,epoch-0,0,4,saliency,0.07662990200515181
tolokers,BundleSheaf,false,3,4,epoch-0,1,4,saliency,0.8137423085759675
tolokers,BundleSheaf,false,3,4,epoch-0,2,4,saliency,0.8964907574958425
tolokers,BundleSheaf,false,3,4,epoch-0,3,4,saliency,0.894882087379873
tolokers,BundleSheaf,false,3,4,epoch-0,4,4,saliency,0.8698223950914012
tolokers,BundleSheaf,false,3,4,epoch-0,0,4,cohens_d_train,0.04894302
tolokers,BundleSheaf,false,3,4,epoch-0,1,4,cohens_d_train,0.012537479
tolokers,BundleSheaf,false,3,4,epoch-0,2,4,cohens_d_train,0.050123997
tolokers,BundleSheaf,false,3,4,epoch-0,3,4,cohens_d_train,0.051264558
tolokers,BundleSheaf,false,3,4,epoch-0,4,4,cohens_d_train,0.055273667
tolokers,BundleSheaf,false,3,4,epoch-0,0,4,cohens_d_test,0.008614243
tolokers,BundleSheaf,false,3,4,epoch-0,1,4,cohens_d_test,0.041432172
tolokers,BundleSheaf,false,3,4,epoch-0,2,4,cohens_d_test,0.012215699
tolokers,BundleSheaf,false,3,4,epoch-0,3,4,cohens_d_test,0.021063233
tolokers,BundleSheaf,false,3,4,epoch-0,4,4,cohens_d_test,0.028191071
tolokers,BundleSheaf,false,3,4,epoch-0,0,5,degree,-0.07163165503986699
tolokers,BundleSheaf,false,3,4,epoch-0,1,5,degree,0.9393260926217978
tolokers,BundleSheaf,false,3,4,epoch-0,2,5,degree,0.9512389665530614
tolokers,BundleSheaf,false,3,4,epoch-0,3,5,degree,0.9008961424562809
tolokers,BundleSheaf,false,3,4,epoch-0,4,5,degree,0.8334599770397331
tolokers,BundleSheaf,false,3,4,epoch-0,0,5,betweenness,-0.09982202129793226
tolokers,BundleSheaf,false,3,4,epoch-0,1,5,betweenness,0.7992399195016102
tolokers,BundleSheaf,false,3,4,epoch-0,2,5,betweenness,0.7832682493285559
tolokers,BundleSheaf,false,3,4,epoch-0,3,5,betweenness,0.7443257395695947
tolokers,BundleSheaf,false,3,4,epoch-0,4,5,betweenness,0.6782199881189795
tolokers,BundleSheaf,false,3,4,epoch-0,0,5,confidence,0.026858655730187368
tolokers,BundleSheaf,false,3,4,epoch-0,1,5,confidence,0.10153102607405737
tolokers,BundleSheaf,false,3,4,epoch-0,2,5,confidence,0.10881562094581704
tolokers,BundleSheaf,false,3,4,epoch-0,3,5,confidence,0.10995018509944426
tolokers,BundleSheaf,false,3,4,epoch-0,4,5,confidence,0.11028598913870975
tolokers,BundleSheaf,false,3,4,epoch-0,0,5,saliency,-0.013056794418850708
tolokers,BundleSheaf,false,3,4,epoch-0,1,5,saliency,0.7717496383447097
tolokers,BundleSheaf,false,3,4,epoch-0,2,5,saliency,0.8711699559396541
tolokers,BundleSheaf,false,3,4,epoch-0,3,5,saliency,0.8717759480981556
tolokers,BundleSheaf,false,3,4,epoch-0,4,5,saliency,0.8759814522379754
tolokers,BundleSheaf,false,3,4,epoch-0,0,5,cohens_d_train,0.008281271
tolokers,BundleSheaf,false,3,4,epoch-0,1,5,cohens_d_train,0.003950128
tolokers,BundleSheaf,false,3,4,epoch-0,2,5,cohens_d_train,0.06631306
tolokers,BundleSheaf,false,3,4,epoch-0,3,5,cohens_d_train,0.061258636
tolokers,BundleSheaf,false,3,4,epoch-0,4,5,cohens_d_train,0.051107723
tolokers,BundleSheaf,false,3,4,epoch-0,0,5,cohens_d_test,0.03976223
tolokers,BundleSheaf,false,3,4,epoch-0,1,5,cohens_d_test,0.020878725
tolokers,BundleSheaf,false,3,4,epoch-0,2,5,cohens_d_test,0.047175363
tolokers,BundleSheaf,false,3,4,epoch-0,3,5,cohens_d_test,0.050315432
tolokers,BundleSheaf,false,3,4,epoch-0,4,5,cohens_d_test,0.052149735
tolokers,BundleSheaf,false,3,4,epoch-0,0,6,degree,-0.005339556062590765
tolokers,BundleSheaf,false,3,4,epoch-0,1,6,degree,0.9392694794795388
tolokers,BundleSheaf,false,3,4,epoch-0,2,6,degree,0.9457421820078377
tolokers,BundleSheaf,false,3,4,epoch-0,3,6,degree,0.8635855245597153
tolokers,BundleSheaf,false,3,4,epoch-0,4,6,degree,0.8169471202975718
tolokers,BundleSheaf,false,3,4,epoch-0,0,6,betweenness,5.68250404754105e-05
tolokers,BundleSheaf,false,3,4,epoch-0,1,6,betweenness,0.7956886173844316
tolokers,BundleSheaf,false,3,4,epoch-0,2,6,betweenness,0.7874192902252576
tolokers,BundleSheaf,false,3,4,epoch-0,3,6,betweenness,0.6987426402027831
tolokers,BundleSheaf,false,3,4,epoch-0,4,6,betweenness,0.6571824251001471
tolokers,BundleSheaf,false,3,4,epoch-0,0,6,confidence,0.0020093901148433148
tolokers,BundleSheaf,false,3,4,epoch-0,1,6,confidence,0.10347767864448017
tolokers,BundleSheaf,false,3,4,epoch-0,2,6,confidence,0.11231081149364452
tolokers,BundleSheaf,false,3,4,epoch-0,3,6,confidence,0.11338845368727532
tolokers,BundleSheaf,false,3,4,epoch-0,4,6,confidence,0.11365335833486534
tolokers,BundleSheaf,false,3,4,epoch-0,0,6,saliency,0.07927076323378614
tolokers,BundleSheaf,false,3,4,epoch-0,1,6,saliency,0.7056092103274969
tolokers,BundleSheaf,false,3,4,epoch-0,2,6,saliency,0.8401013377274834
tolokers,BundleSheaf,false,3,4,epoch-0,3,6,saliency,0.8704140921688663
tolokers,BundleSheaf,false,3,4,epoch-0,4,6,saliency,0.8614445343993109
tolokers,BundleSheaf,false,3,4,epoch-0,0,6,cohens_d_train,0.077995576
tolokers,BundleSheaf,false,3,4,epoch-0,1,6,cohens_d_train,0.04696205
tolokers,BundleSheaf,false,3,4,epoch-0,2,6,cohens_d_train,0.07275552
tolokers,BundleSheaf,false,3,4,epoch-0,3,6,cohens_d_train,0.058014464
tolokers,BundleSheaf,false,3,4,epoch-0,4,6,cohens_d_train,0.043531425
tolokers,BundleSheaf,false,3,4,epoch-0,0,6,cohens_d_test,0.058997925
tolokers,BundleSheaf,false,3,4,epoch-0,1,6,cohens_d_test,0.027204018
tolokers,BundleSheaf,false,3,4,epoch-0,2,6,cohens_d_test,0.08827542
tolokers,BundleSheaf,false,3,4,epoch-0,3,6,cohens_d_test,0.082579955
tolokers,BundleSheaf,false,3,4,epoch-0,4,6,cohens_d_test,0.073846154
tolokers,BundleSheaf,false,3,4,epoch-0,0,7,degree,0.065436700272422
tolokers,BundleSheaf,false,3,4,epoch-0,1,7,degree,0.9459672309470972
tolokers,BundleSheaf,false,3,4,epoch-0,2,7,degree,0.9563763219621582
tolokers,BundleSheaf,false,3,4,epoch-0,3,7,degree,0.8542260362912659
tolokers,BundleSheaf,false,3,4,epoch-0,4,7,degree,0.8417243002469337
tolokers,BundleSheaf,false,3,4,epoch-0,0,7,betweenness,0.04786304935749504
tolokers,BundleSheaf,false,3,4,epoch-0,1,7,betweenness,0.7995991277448067
tolokers,BundleSheaf,false,3,4,epoch-0,2,7,betweenness,0.7917795745258408
tolokers,BundleSheaf,false,3,4,epoch-0,3,7,betweenness,0.6975772977684801
tolokers,BundleSheaf,false,3,4,epoch-0,4,7,betweenness,0.6798418651545498
tolokers,BundleSheaf,false,3,4,epoch-0,0,7,confidence,-0.0017904470221610578
tolokers,BundleSheaf,false,3,4,epoch-0,1,7,confidence,0.09489105183423441
tolokers,BundleSheaf,false,3,4,epoch-0,2,7,confidence,0.10103117994011156
tolokers,BundleSheaf,false,3,4,epoch-0,3,7,confidence,0.10185234390736428
tolokers,BundleSheaf,false,3,4,epoch-0,4,7,confidence,0.10203249776864046
tolokers,BundleSheaf,false,3,4,epoch-0,0,7,saliency,0.02814231222463204
tolokers,BundleSheaf,false,3,4,epoch-0,1,7,saliency,0.8087907409087041
tolokers,BundleSheaf,false,3,4,epoch-0,2,7,saliency,0.8541235812943123
tolokers,BundleSheaf,false,3,4,epoch-0,3,7,saliency,0.7974304039451947
tolokers,BundleSheaf,false,3,4,epoch-0,4,7,saliency,0.7939457998310152
tolokers,BundleSheaf,false,3,4,epoch-0,0,7,cohens_d_train,0.0013929898
tolokers,BundleSheaf,false,3,4,epoch-0,1,7,cohens_d_train,0.057539225
tolokers,BundleSheaf,false,3,4,epoch-0,2,7,cohens_d_train,0.018533403
tolokers,BundleSheaf,false,3,4,epoch-0,3,7,cohens_d_train,0.0058662426
tolokers,BundleSheaf,false,3,4,epoch-0,4,7,cohens_d_train,0.007109653
tolokers,BundleSheaf,false,3,4,epoch-0,0,7,cohens_d_test,0.024096519
tolokers,BundleSheaf,false,3,4,epoch-0,1,7,cohens_d_test,0.010575183
tolokers,BundleSheaf,false,3,4,epoch-0,2,7,cohens_d_test,0.040883604
tolokers,BundleSheaf,false,3,4,epoch-0,3,7,cohens_d_test,0.0044144313
tolokers,BundleSheaf,false,3,4,epoch-0,4,7,cohens_d_test,0.011790123
tolokers,BundleSheaf,false,3,4,epoch-0,0,8,degree,-0.14457579110547444
tolokers,BundleSheaf,false,3,4,epoch-0,1,8,degree,0.9429800233402353
tolokers,BundleSheaf,false,3,4,epoch-0,2,8,degree,0.9347893230800611
tolokers,BundleSheaf,false,3,4,epoch-0,3,8,degree,0.8700326086218131
tolokers,BundleSheaf,false,3,4,epoch-0,4,8,degree,0.8261886743156915
tolokers,BundleSheaf,false,3,4,epoch-0,0,8,betweenness,-0.13993093842301252
tolokers,BundleSheaf,false,3,4,epoch-0,1,8,betweenness,0.799856957691559
tolokers,BundleSheaf,false,3,4,epoch-0,2,8,betweenness,0.7674434559632324
tolokers,BundleSheaf,false,3,4,epoch-0,3,8,betweenness,0.7042584637288923
tolokers,BundleSheaf,false,3,4,epoch-0,4,8,betweenness,0.6681183436091005
tolokers,BundleSheaf,false,3,4,epoch-0,0,8,confidence,-0.014781542775372988
tolokers,BundleSheaf,false,3,4,epoch-0,1,8,confidence,0.0967418791002616
tolokers,BundleSheaf,false,3,4,epoch-0,2,8,confidence,0.1020656540803161
tolokers,BundleSheaf,false,3,4,epoch-0,3,8,confidence,0.10304235192453305
tolokers,BundleSheaf,false,3,4,epoch-0,4,8,confidence,0.10319033537416236
tolokers,BundleSheaf,false,3,4,epoch-0,0,8,saliency,-0.02566301382672721
tolokers,BundleSheaf,false,3,4,epoch-0,1,8,saliency,0.7473229806312133
tolokers,BundleSheaf,false,3,4,epoch-0,2,8,saliency,0.8898242415810477
tolokers,BundleSheaf,false,3,4,epoch-0,3,8,saliency,0.9284009432737318
tolokers,BundleSheaf,false,3,4,epoch-0,4,8,saliency,0.9287892050456157
tolokers,BundleSheaf,false,3,4,epoch-0,0,8,cohens_d_train,0.13840456
tolokers,BundleSheaf,false,3,4,epoch-0,1,8,cohens_d_train,0.012081145
tolokers,BundleSheaf,false,3,4,epoch-0,2,8,cohens_d_train,0.07542897
tolokers,BundleSheaf,false,3,4,epoch-0,3,8,cohens_d_train,0.06923769
tolokers,BundleSheaf,false,3,4,epoch-0,4,8,cohens_d_train,0.056985877
tolokers,BundleSheaf,false,3,4,epoch-0,0,8,cohens_d_test,0.14706443
tolokers,BundleSheaf,false,3,4,epoch-0,1,8,cohens_d_test,0.13015631
tolokers,BundleSheaf,false,3,4,epoch-0,2,8,cohens_d_test,0.16968656
tolokers,BundleSheaf,false,3,4,epoch-0,3,8,cohens_d_test,0.12415197
tolokers,BundleSheaf,false,3,4,epoch-0,4,8,cohens_d_test,0.09574173
tolokers,BundleSheaf,false,3,4,epoch-0,0,9,degree,0.061562579998863214
tolokers,BundleSheaf,false,3,4,epoch-0,1,9,degree,0.9275139848279316
tolokers,BundleSheaf,false,3,4,epoch-0,2,9,degree,0.9365310882046267
tolokers,BundleSheaf,false,3,4,epoch-0,3,9,degree,0.87585657595206
tolokers,BundleSheaf,false,3,4,epoch-0,4,9,degree,0.82052389013717
tolokers,BundleSheaf,false,3,4,epoch-0,0,9,betweenness,0.06705930899014849
tolokers,BundleSheaf,false,3,4,epoch-0,1,9,betweenness,0.7845847892528403
tolokers,BundleSheaf,false,3,4,epoch-0,2,9,betweenness,0.7715213521194285
tolokers,BundleSheaf,false,3,4,epoch-0,3,9,betweenness,0.7168388054215198
tolokers,BundleSheaf,false,3,4,epoch-0,4,9,betweenness,0.6638245237644061
tolokers,BundleSheaf,false,3,4,epoch-0,0,9,confidence,-0.009550252767615647
tolokers,BundleSheaf,false,3,4,epoch-0,1,9,confidence,0.09463658087173381
tolokers,BundleSheaf,false,3,4,epoch-0,2,9,confidence,0.10204948463895709
tolokers,BundleSheaf,false,3,4,epoch-0,3,9,confidence,0.10305939971161775
tolokers,BundleSheaf,false,3,4,epoch-0,4,9,confidence,0.10324933508366649
tolokers,BundleSheaf,false,3,4,epoch-0,0,9,saliency,0.035357350325304286
tolokers,BundleSheaf,false,3,4,epoch-0,1,9,saliency,0.7215889306117603
tolokers,BundleSheaf,false,3,4,epoch-0,2,9,saliency,0.8027959452472908
tolokers,BundleSheaf,false,3,4,epoch-0,3,9,saliency,0.7809094366980477
tolokers,BundleSheaf,false,3,4,epoch-0,4,9,saliency,0.7396303096968005
tolokers,BundleSheaf,false,3,4,epoch-0,0,9,cohens_d_train,0.06639135
tolokers,BundleSheaf,false,3,4,epoch-0,1,9,cohens_d_train,0.12869945
tolokers,BundleSheaf,false,3,4,epoch-0,2,9,cohens_d_train,0.16931576
tolokers,BundleSheaf,false,3,4,epoch-0,3,9,cohens_d_train,0.14046916
tolokers,BundleSheaf,false,3,4,epoch-0,4,9,cohens_d_train,0.11847456
tolokers,BundleSheaf,false,3,4,epoch-0,0,9,cohens_d_test,0.02920504
tolokers,BundleSheaf,false,3,4,epoch-0,1,9,cohens_d_test,0.18373571
tolokers,BundleSheaf,false,3,4,epoch-0,2,9,cohens_d_test,0.17171459
tolokers,BundleSheaf,false,3,4,epoch-0,3,9,cohens_d_test,0.1190512
tolokers,BundleSheaf,false,3,4,epoch-0,4,9,cohens_d_test,0.09059293
tolokers,BundleSheaf,false,3,4,epoch-1,0,0,degree,-0.09344799974361329
tolokers,BundleSheaf,false,3,4,epoch-1,1,0,degree,0.9371061071856863
tolokers,BundleSheaf,false,3,4,epoch-1,2,0,degree,0.9550725279675709
tolokers,BundleSheaf,false,3,4,epoch-1,3,0,degree,0.8827100857003233
tolokers,BundleSheaf,false,3,4,epoch-1,4,0,degree,0.8333773877825789
tolokers,BundleSheaf,false,3,4,epoch-1,0,0,betweenness,-0.1127408144772747
tolokers,BundleSheaf,false,3,4,epoch-1,1,0,betweenness,0.793100202534693
tolokers,BundleSheaf,false,3,4,epoch-1,2,0,betweenness,0.784436634474483
tolokers,BundleSheaf,false,3,4,epoch-1,3,0,betweenness,0.7148965277716736
tolokers,BundleSheaf,false,3,4,epoch-1,4,0,betweenness,0.6712571536537975
tolokers,BundleSheaf,false,3,4,epoch-1,0,0,confidence,0.008610946315621601
tolokers,BundleSheaf,false,3,4,epoch-1,1,0,confidence,0.10833509035886983
tolokers,BundleSheaf,false,3,4,epoch-1,2,0,confidence,0.11589823168750181
tolokers,BundleSheaf,false,3,4,epoch-1,3,0,confidence,0.1168536729919138
tolokers,BundleSheaf,false,3,4,epoch-1,4,0,confidence,0.116940670712377
tolokers,BundleSheaf,false,3,4,epoch-1,0,0,saliency,-0.03302109409331762
tolokers,BundleSheaf,false,3,4,epoch-1,1,0,saliency,0.7266815073694343
tolokers,BundleSheaf,false,3,4,epoch-1,2,0,saliency,0.8392231600156468
tolokers,BundleSheaf,false,3,4,epoch-1,3,0,saliency,0.9244820936857725
tolokers,BundleSheaf,false,3,4,epoch-1,4,0,saliency,0.9307152541304444
tolokers,BundleSheaf,false,3,4,epoch-1,0,0,cohens_d_train,0.14062463
tolokers,BundleSheaf,false,3,4,epoch-1,1,0,cohens_d_train,0.1267915
tolokers,BundleSheaf,false,3,4,epoch-1,2,0,cohens_d_train,0.16499552
tolokers,BundleSheaf,false,3,4,epoch-1,3,0,cohens_d_train,0.13726014
tolokers,BundleSheaf,false,3,4,epoch-1,4,0,cohens_d_train,0.1051006
tolokers,BundleSheaf,false,3,4,epoch-1,0,0,cohens_d_test,0.13963461
tolokers,BundleSheaf,false,3,4,epoch-1,1,0,cohens_d_test,0.12089029
tolokers,BundleSheaf,false,3,4,epoch-1,2,0,cohens_d_test,0.19382893
tolokers,BundleSheaf,false,3,4,epoch-1,3,0,cohens_d_test,0.17875534
tolokers,BundleSheaf,false,3,4,epoch-1,4,0,cohens_d_test,0.16078995
tolokers,BundleSheaf,false,3,4,epoch-1,0,1,degree,-0.24494061490987126
tolokers,BundleSheaf,false,3,4,epoch-1,1,1,degree,0.9444513765409632
tolokers,BundleSheaf,false,3,4,epoch-1,2,1,degree,0.9551031260524483
tolokers,BundleSheaf,false,3,4,epoch-1,3,1,degree,0.9264233175299146
tolokers,BundleSheaf,false,3,4,epoch-1,4,1,degree,0.857112438680855
tolokers,BundleSheaf,false,3,4,epoch-1,0,1,betweenness,-0.24387599406304022
tolokers,BundleSheaf,false,3,4,epoch-1,1,1,betweenness,0.7952315617957169
tolokers,BundleSheaf,false,3,4,epoch-1,2,1,betweenness,0.7903942198671277
tolokers,BundleSheaf,false,3,4,epoch-1,3,1,betweenness,0.7637074482992531
tolokers,BundleSheaf,false,3,4,epoch-1,4,1,betweenness,0.698140250443223
tolokers,BundleSheaf,false,3,4,epoch-1,0,1,confidence,-0.02193731577377539
tolokers,BundleSheaf,false,3,4,epoch-1,1,1,confidence,0.10341919687322586
tolokers,BundleSheaf,false,3,4,epoch-1,2,1,confidence,0.11046576393687546
tolokers,BundleSheaf,false,3,4,epoch-1,3,1,confidence,0.11134470520279581
tolokers,BundleSheaf,false,3,4,epoch-1,4,1,confidence,0.11150411452461999
tolokers,BundleSheaf,false,3,4,epoch-1,0,1,saliency,-0.14440144426302023
tolokers,BundleSheaf,false,3,4,epoch-1,1,1,saliency,0.7848648691447725
tolokers,BundleSheaf,false,3,4,epoch-1,2,1,saliency,0.8902428966831404
tolokers,BundleSheaf,false,3,4,epoch-1,3,1,saliency,0.8997668935729428
tolokers,BundleSheaf,false,3,4,epoch-1,4,1,saliency,0.8806561522237155
tolokers,BundleSheaf,false,3,4,epoch-1,0,1,cohens_d_train,0.0896613
tolokers,BundleSheaf,false,3,4,epoch-1,1,1,cohens_d_train,0.0012815068
tolokers,BundleSheaf,false,3,4,epoch-1,2,1,cohens_d_train,0.014526447
tolokers,BundleSheaf,false,3,4,epoch-1,3,1,cohens_d_train,0.032960154
tolokers,BundleSheaf,false,3,4,epoch-1,4,1,cohens_d_train,0.035092454
tolokers,BundleSheaf,false,3,4,epoch-1,0,1,cohens_d_test,0.12805408
tolokers,BundleSheaf,false,3,4,epoch-1,1,1,cohens_d_test,0.0020997012
tolokers,BundleSheaf,false,3,4,epoch-1,2,1,cohens_d_test,0.018795129
tolokers,BundleSheaf,false,3,4,epoch-1,3,1,cohens_d_test,0.039245777
tolokers,BundleSheaf,false,3,4,epoch-1,4,1,cohens_d_test,0.040268186
tolokers,BundleSheaf,false,3,4,epoch-1,0,2,degree,0.13021419104713694
tolokers,BundleSheaf,false,3,4,epoch-1,1,2,degree,0.9395747105044608
tolokers,BundleSheaf,false,3,4,epoch-1,2,2,degree,0.9675195344865549
tolokers,BundleSheaf,false,3,4,epoch-1,3,2,degree,0.8918979513551225
tolokers,BundleSheaf,false,3,4,epoch-1,4,2,degree,0.8702277195995688
tolokers,BundleSheaf,false,3,4,epoch-1,0,2,betweenness,0.08817154328479335
tolokers,BundleSheaf,false,3,4,epoch-1,1,2,betweenness,0.7970367264460182
tolokers,BundleSheaf,false,3,4,epoch-1,2,2,betweenness,0.8084978310380941
tolokers,BundleSheaf,false,3,4,epoch-1,3,2,betweenness,0.729911217711111
tolokers,BundleSheaf,false,3,4,epoch-1,4,2,betweenness,0.7140842524725706
tolokers,BundleSheaf,false,3,4,epoch-1,0,2,confidence,0.038427344125196834
tolokers,BundleSheaf,false,3,4,epoch-1,1,2,confidence,0.09588465314445126
tolokers,BundleSheaf,false,3,4,epoch-1,2,2,confidence,0.10105061149905809
tolokers,BundleSheaf,false,3,4,epoch-1,3,2,confidence,0.10186650816304829
tolokers,BundleSheaf,false,3,4,epoch-1,4,2,confidence,0.10205535609960464
tolokers,BundleSheaf,false,3,4,epoch-1,0,2,saliency,0.07862777910575984
tolokers,BundleSheaf,false,3,4,epoch-1,1,2,saliency,0.7942866442333645
tolokers,BundleSheaf,false,3,4,epoch-1,2,2,saliency,0.8688974812975412
tolokers,BundleSheaf,false,3,4,epoch-1,3,2,saliency,0.8636625915842172
tolokers,BundleSheaf,false,3,4,epoch-1,4,2,saliency,0.8592724951676364
tolokers,BundleSheaf,false,3,4,epoch-1,0,2,cohens_d_train,0.033889376
tolokers,BundleSheaf,false,3,4,epoch-1,1,2,cohens_d_train,0.04138166
tolokers,BundleSheaf,false,3,4,epoch-1,2,2,cohens_d_train,0.022124873
tolokers,BundleSheaf,false,3,4,epoch-1,3,2,cohens_d_train,0.03771243
tolokers,BundleSheaf,false,3,4,epoch-1,4,2,cohens_d_train,0.049842905
tolokers,BundleSheaf,false,3,4,epoch-1,0,2,cohens_d_test,0.1000473
tolokers,BundleSheaf,false,3,4,epoch-1,1,2,cohens_d_test,0.08682038
tolokers,BundleSheaf,false,3,4,epoch-1,2,2,cohens_d_test,0.043328054
tolokers,BundleSheaf,false,3,4,epoch-1,3,2,cohens_d_test,0.03933785
tolokers,BundleSheaf,false,3,4,epoch-1,4,2,cohens_d_test,0.025279088
tolokers,BundleSheaf,false,3,4,epoch-1,0,3,degree,-0.1957613690270221
tolokers,BundleSheaf,false,3,4,epoch-1,1,3,degree,0.9515916742320941
tolokers,BundleSheaf,false,3,4,epoch-1,2,3,degree,0.9448407567207795
tolokers,BundleSheaf,false,3,4,epoch-1,3,3,degree,0.906977088586375
tolokers,BundleSheaf,false,3,4,epoch-1,4,3,degree,0.8620883162632276
tolokers,BundleSheaf,false,3,4,epoch-1,0,3,betweenness,-0.22576439575176363
tolokers,BundleSheaf,false,3,4,epoch-1,1,3,betweenness,0.8082350242512061
tolokers,BundleSheaf,false,3,4,epoch-1,2,3,betweenness,0.7847719546906865
tolokers,BundleSheaf,false,3,4,epoch-1,3,3,betweenness,0.7434835796336996
tolokers,BundleSheaf,false,3,4,epoch-1,4,3,betweenness,0.7069451792353622
tolokers,BundleSheaf,false,3,4,epoch-1,0,3,confidence,-0.010201195078091639
tolokers,BundleSheaf,false,3,4,epoch-1,1,3,confidence,0.10824274236343231
tolokers,BundleSheaf,false,3,4,epoch-1,2,3,confidence,0.11574995434302233
tolokers,BundleSheaf,false,3,4,epoch-1,3,3,confidence,0.11677698781704142
tolokers,BundleSheaf,false,3,4,epoch-1,4,3,confidence,0.11690355542642887
tolokers,BundleSheaf,false,3,4,epoch-1,0,3,saliency,-0.18084755430468075
tolokers,BundleSheaf,false,3,4,epoch-1,1,3,saliency,0.8373930267080221
tolokers,BundleSheaf,false,3,4,epoch-1,2,3,saliency,0.8921784189037062
tolokers,BundleSheaf,false,3,4,epoch-1,3,3,saliency,0.9059020680152015
tolokers,BundleSheaf,false,3,4,epoch-1,4,3,saliency,0.8917942283850863
tolokers,BundleSheaf,false,3,4,epoch-1,0,3,cohens_d_train,0.042790905
tolokers,BundleSheaf,false,3,4,epoch-1,1,3,cohens_d_train,0.1022866
tolokers,BundleSheaf,false,3,4,epoch-1,2,3,cohens_d_train,0.017227892
tolokers,BundleSheaf,false,3,4,epoch-1,3,3,cohens_d_train,0.009997108
tolokers,BundleSheaf,false,3,4,epoch-1,4,3,cohens_d_train,0.014486979
tolokers,BundleSheaf,false,3,4,epoch-1,0,3,cohens_d_test,0.005370935
tolokers,BundleSheaf,false,3,4,epoch-1,1,3,cohens_d_test,0.043073766
tolokers,BundleSheaf,false,3,4,epoch-1,2,3,cohens_d_test,0.08641845
tolokers,BundleSheaf,false,3,4,epoch-1,3,3,cohens_d_test,0.10389581
tolokers,BundleSheaf,false,3,4,epoch-1,4,3,cohens_d_test,0.09401877
tolokers,BundleSheaf,false,3,4,epoch-1,0,4,degree,0.03378369888519302
tolokers,BundleSheaf,false,3,4,epoch-1,1,4,degree,0.9618806492810498
tolokers,BundleSheaf,false,3,4,epoch-1,2,4,degree,0.938880223119753
tolokers,BundleSheaf,false,3,4,epoch-1,3,4,degree,0.8730115281957921
tolokers,BundleSheaf,false,3,4,epoch-1,4,4,degree,0.8469034698829416
tolokers,BundleSheaf,false,3,4,epoch-1,0,4,betweenness,0.05022285904257036
tolokers,BundleSheaf,false,3,4,epoch-1,1,4,betweenness,0.8193162861573676
tolokers,BundleSheaf,false,3,4,epoch-1,2,4,betweenness,0.7695281902656539
tolokers,BundleSheaf,false,3,4,epoch-1,3,4,betweenness,0.7108364699310719
tolokers,BundleSheaf,false,3,4,epoch-1,4,4,betweenness,0.687338975174147
tolokers,BundleSheaf,false,3,4,epoch-1,0,4,confidence,-0.02193207381491563
tolokers,BundleSheaf,false,3,4,epoch-1,1,4,confidence,0.08560534023538868
tolokers,BundleSheaf,false,3,4,epoch-1,2,4,confidence,0.09077165562588874
tolokers,BundleSheaf,false,3,4,epoch-1,3,4,confidence,0.091461586610989
tolokers,BundleSheaf,false,3,4,epoch-1,4,4,confidence,0.09158945323042891
tolokers,BundleSheaf,false,3,4,epoch-1,0,4,saliency,0.006479620440194586
tolokers,BundleSheaf,false,3,4,epoch-1,1,4,saliency,0.7745931042482297
tolokers,BundleSheaf,false,3,4,epoch-1,2,4,saliency,0.8419578363967264
tolokers,BundleSheaf,false,3,4,epoch-1,3,4,saliency,0.839758329730887
tolokers,BundleSheaf,false,3,4,epoch-1,4,4,saliency,0.8470788395893842
tolokers,BundleSheaf,false,3,4,epoch-1,0,4,cohens_d_train,0.12263307
tolokers,BundleSheaf,false,3,4,epoch-1,1,4,cohens_d_train,0.20935522
tolokers,BundleSheaf,false,3,4,epoch-1,2,4,cohens_d_train,0.20496783
tolokers,BundleSheaf,false,3,4,epoch-1,3,4,cohens_d_train,0.160018
tolokers,BundleSheaf,false,3,4,epoch-1,4,4,cohens_d_train,0.12546586
tolokers,BundleSheaf,false,3,4,epoch-1,0,4,cohens_d_test,0.031061541
tolokers,BundleSheaf,false,3,4,epoch-1,1,4,cohens_d_test,0.25974983
tolokers,BundleSheaf,false,3,4,epoch-1,2,4,cohens_d_test,0.25272384
tolokers,BundleSheaf,false,3,4,epoch-1,3,4,cohens_d_test,0.18528506
tolokers,BundleSheaf,false,3,4,epoch-1,4,4,cohens_d_test,0.1437878
tolokers,BundleSheaf,false,3,4,epoch-1,0,5,degree,-0.11801308572840043
tolokers,BundleSheaf,false,3,4,epoch-1,1,5,degree,0.9356789542735032
tolokers,BundleSheaf,false,3,4,epoch-1,2,5,degree,0.967228597294931
tolokers,BundleSheaf,false,3,4,epoch-1,3,5,degree,0.8892030428679575
tolokers,BundleSheaf,false,3,4,epoch-1,4,5,degree,0.8393032897320891
tolokers,BundleSheaf,false,3,4,epoch-1,0,5,betweenness,-0.1473512130312618
tolokers,BundleSheaf,false,3,4,epoch-1,1,5,betweenness,0.7954636100633887
tolokers,BundleSheaf,false,3,4,epoch-1,2,5,betweenness,0.8072012223072166
tolokers,BundleSheaf,false,3,4,epoch-1,3,5,betweenness,0.7252663423432261
tolokers,BundleSheaf,false,3,4,epoch-1,4,5,betweenness,0.6769224762094672
tolokers,BundleSheaf,false,3,4,epoch-1,0,5,confidence,0.03013428219417621
tolokers,BundleSheaf,false,3,4,epoch-1,1,5,confidence,0.096646185415155
tolokers,BundleSheaf,false,3,4,epoch-1,2,5,confidence,0.10325835766372056
tolokers,BundleSheaf,false,3,4,epoch-1,3,5,confidence,0.1042744972367088
tolokers,BundleSheaf,false,3,4,epoch-1,4,5,confidence,0.10447758136355725
tolokers,BundleSheaf,false,3,4,epoch-1,0,5,saliency,-0.15335492231079187
tolokers,BundleSheaf,false,3,4,epoch-1,1,5,saliency,0.7017979062672249
tolokers,BundleSheaf,false,3,4,epoch-1,2,5,saliency,0.8054912502613151
tolokers,BundleSheaf,false,3,4,epoch-1,3,5,saliency,0.7835397185670365
tolokers,BundleSheaf,false,3,4,epoch-1,4,5,saliency,0.8335910945438089
tolokers,BundleSheaf,false,3,4,epoch-1,0,5,cohens_d_train,0.08767933
tolokers,BundleSheaf,false,3,4,epoch-1,1,5,cohens_d_train,0.05330148
tolokers,BundleSheaf,false,3,4,epoch-1,2,5,cohens_d_train,0.09596325
tolokers,BundleSheaf,false,3,4,epoch-1,3,5,cohens_d_train,0.06708704
tolokers,BundleSheaf,false,3,4,epoch-1,4,5,cohens_d_train,0.057327155
tolokers,BundleSheaf,false,3,4,epoch-1,0,5,cohens_d_test,0.020482864
tolokers,BundleSheaf,false,3,4,epoch-1,1,5,cohens_d_test,0.060753345
tolokers,BundleSheaf,false,3,4,epoch-1,2,5,cohens_d_test,0.09837727
tolokers,BundleSheaf,false,3,4,epoch-1,3,5,cohens_d_test,0.04068625
tolokers,BundleSheaf,false,3,4,epoch-1,4,5,cohens_d_test,0.0053841188
tolokers,BundleSheaf,false,3,4,epoch-1,0,6,degree,-0.008209842178345089
tolokers,BundleSheaf,false,3,4,epoch-1,1,6,degree,0.9295801165445795
tolokers,BundleSheaf,false,3,4,epoch-1,2,6,degree,0.9427781743387816
tolokers,BundleSheaf,false,3,4,epoch-1,3,6,degree,0.8393894710448819
tolokers,BundleSheaf,false,3,4,epoch-1,4,6,degree,0.8306633696503535
tolokers,BundleSheaf,false,3,4,epoch-1,0,6,betweenness,-0.003816248281861068
tolokers,BundleSheaf,false,3,4,epoch-1,1,6,betweenness,0.78601914154746
tolokers,BundleSheaf,false,3,4,epoch-1,2,6,betweenness,0.7812247219810168
tolokers,BundleSheaf,false,3,4,epoch-1,3,6,betweenness,0.6701757429196259
tolokers,BundleSheaf,false,3,4,epoch-1,4,6,betweenness,0.674286252999672
tolokers,BundleSheaf,false,3,4,epoch-1,0,6,confidence,0.007980328435081393
tolokers,BundleSheaf,false,3,4,epoch-1,1,6,confidence,0.10505440941480268
tolokers,BundleSheaf,false,3,4,epoch-1,2,6,confidence,0.11360406341937176
tolokers,BundleSheaf,false,3,4,epoch-1,3,6,confidence,0.1146547709118125
tolokers,BundleSheaf,false,3,4,epoch-1,4,6,confidence,0.11484245574641216
tolokers,BundleSheaf,false,3,4,epoch-1,0,6,saliency,0.04059235257870033
tolokers,BundleSheaf,false,3,4,epoch-1,1,6,saliency,0.8103440346232681
tolokers,BundleSheaf,false,3,4,epoch-1,2,6,saliency,0.9129042789712959
tolokers,BundleSheaf,false,3,4,epoch-1,3,6,saliency,0.8915731937141509
tolokers,BundleSheaf,false,3,4,epoch-1,4,6,saliency,0.8906920212459335
tolokers,BundleSheaf,false,3,4,epoch-1,0,6,cohens_d_train,0.16637385
tolokers,BundleSheaf,false,3,4,epoch-1,1,6,cohens_d_train,0.07214105
tolokers,BundleSheaf,false,3,4,epoch-1,2,6,cohens_d_train,0.056265227
tolokers,BundleSheaf,false,3,4,epoch-1,3,6,cohens_d_train,0.05316723
tolokers,BundleSheaf,false,3,4,epoch-1,4,6,cohens_d_train,0.047823567
tolokers,BundleSheaf,false,3,4,epoch-1,0,6,cohens_d_test,0.088346325
tolokers,BundleSheaf,false,3,4,epoch-1,1,6,cohens_d_test,0.07000905
tolokers,BundleSheaf,false,3,4,epoch-1,2,6,cohens_d_test,0.063990496
tolokers,BundleSheaf,false,3,4,epoch-1,3,6,cohens_d_test,0.05916578
tolokers,BundleSheaf,false,3,4,epoch-1,4,6,cohens_d_test,0.058512606
tolokers,BundleSheaf,false,3,4,epoch-1,0,7,degree,0.09336154668179002
tolokers,BundleSheaf,false,3,4,epoch-1,1,7,degree,0.9468609670479969
tolokers,BundleSheaf,false,3,4,epoch-1,2,7,degree,0.9510045226463624
tolokers,BundleSheaf,false,3,4,epoch-1,3,7,degree,0.8820324118222406
tolokers,BundleSheaf,false,3,4,epoch-1,4,7,degree,0.8338653461849537
tolokers,BundleSheaf,false,3,4,epoch-1,0,7,betweenness,0.07759166817376434
tolokers,BundleSheaf,false,3,4,epoch-1,1,7,betweenness,0.7998418708750574
tolokers,BundleSheaf,false,3,4,epoch-1,2,7,betweenness,0.7890349631137528
tolokers,BundleSheaf,false,3,4,epoch-1,3,7,betweenness,0.7234171984484222
tolokers,BundleSheaf,false,3,4,epoch-1,4,7,betweenness,0.6705581839358773
tolokers,BundleSheaf,false,3,4,epoch-1,0,7,confidence,-0.0029490378637243857
tolokers,BundleSheaf,false,3,4,epoch-1,1,7,confidence,0.09730520431552495
tolokers,BundleSheaf,false,3,4,epoch-1,2,7,confidence,0.10347624395824251
tolokers,BundleSheaf,false,3,4,epoch-1,3,7,confidence,0.10430428658510263
tolokers,BundleSheaf,false,3,4,epoch-1,4,7,confidence,0.10444642371906826
tolokers,BundleSheaf,false,3,4,epoch-1,0,7,saliency,0.021195385868006452
tolokers,BundleSheaf,false,3,4,epoch-1,1,7,saliency,0.8083690262563621
tolokers,BundleSheaf,false,3,4,epoch-1,2,7,saliency,0.8421563109248823
tolokers,BundleSheaf,false,3,4,epoch-1,3,7,saliency,0.8291886270561021
tolokers,BundleSheaf,false,3,4,epoch-1,4,7,saliency,0.7955419586876478
tolokers,BundleSheaf,false,3,4,epoch-1,0,7,cohens_d_train,0.046125222
tolokers,BundleSheaf,false,3,4,epoch-1,1,7,cohens_d_train,0.10621925
tolokers,BundleSheaf,false,3,4,epoch-1,2,7,cohens_d_train,0.12974754
tolokers,BundleSheaf,false,3,4,epoch-1,3,7,cohens_d_train,0.083995946
tolokers,BundleSheaf,false,3,4,epoch-1,4,7,cohens_d_train,0.0574914
tolokers,BundleSheaf,false,3,4,epoch-1,0,7,cohens_d_test,0.09843238
tolokers,BundleSheaf,false,3,4,epoch-1,1,7,cohens_d_test,0.12518042
tolokers,BundleSheaf,false,3,4,epoch-1,2,7,cohens_d_test,0.12530878
tolokers,BundleSheaf,false,3,4,epoch-1,3,7,cohens_d_test,0.08598736
tolokers,BundleSheaf,false,3,4,epoch-1,4,7,cohens_d_test,0.0722522
tolokers,BundleSheaf,false,3,4,epoch-1,0,8,degree,-0.1436524701653519
tolokers,BundleSheaf,false,3,4,epoch-1,1,8,degree,0.9414667980147169
tolokers,BundleSheaf,false,3,4,epoch-1,2,8,degree,0.930896347044246
tolokers,BundleSheaf,false,3,4,epoch-1,3,8,degree,0.8682170262876322
tolokers,BundleSheaf,false,3,4,epoch-1,4,8,degree,0.825791706918409
tolokers,BundleSheaf,false,3,4,epoch-1,0,8,betweenness,-0.13875350860853258
tolokers,BundleSheaf,false,3,4,epoch-1,1,8,betweenness,0.7990720749555533
tolokers,BundleSheaf,false,3,4,epoch-1,2,8,betweenness,0.765630223895091
tolokers,BundleSheaf,false,3,4,epoch-1,3,8,betweenness,0.7060615066275798
tolokers,BundleSheaf,false,3,4,epoch-1,4,8,betweenness,0.6619049774844259
tolokers,BundleSheaf,false,3,4,epoch-1,0,8,confidence,-0.02328714728298105
tolokers,BundleSheaf,false,3,4,epoch-1,1,8,confidence,0.09434289115547838
tolokers,BundleSheaf,false,3,4,epoch-1,2,8,confidence,0.10072634321119531
tolokers,BundleSheaf,false,3,4,epoch-1,3,8,confidence,0.10185594131264453
tolokers,BundleSheaf,false,3,4,epoch-1,4,8,confidence,0.10201989307448338
tolokers,BundleSheaf,false,3,4,epoch-1,0,8,saliency,-0.04402706745080085
tolokers,BundleSheaf,false,3,4,epoch-1,1,8,saliency,0.7174724882967791
tolokers,BundleSheaf,false,3,4,epoch-1,2,8,saliency,0.8395183011966734
tolokers,BundleSheaf,false,3,4,epoch-1,3,8,saliency,0.84147746510676
tolokers,BundleSheaf,false,3,4,epoch-1,4,8,saliency,0.8440771008299038
tolokers,BundleSheaf,false,3,4,epoch-1,0,8,cohens_d_train,0.013610954
tolokers,BundleSheaf,false,3,4,epoch-1,1,8,cohens_d_train,0.038882375
tolokers,BundleSheaf,false,3,4,epoch-1,2,8,cohens_d_train,0.0046958826
tolokers,BundleSheaf,false,3,4,epoch-1,3,8,cohens_d_train,0.014012596
tolokers,BundleSheaf,false,3,4,epoch-1,4,8,cohens_d_train,0.008376422
tolokers,BundleSheaf,false,3,4,epoch-1,0,8,cohens_d_test,0.058020763
tolokers,BundleSheaf,false,3,4,epoch-1,1,8,cohens_d_test,0.0023938143
tolokers,BundleSheaf,false,3,4,epoch-1,2,8,cohens_d_test,0.04102988
tolokers,BundleSheaf,false,3,4,epoch-1,3,8,cohens_d_test,0.021743884
tolokers,BundleSheaf,false,3,4,epoch-1,4,8,cohens_d_test,0.0025977301
tolokers,BundleSheaf,false,3,4,epoch-1,0,9,degree,0.0931167405959668
tolokers,BundleSheaf,false,3,4,epoch-1,1,9,degree,0.9357136824445537
tolokers,BundleSheaf,false,3,4,epoch-1,2,9,degree,0.923854434971934
tolokers,BundleSheaf,false,3,4,epoch-1,3,9,degree,0.8586314506566872
tolokers,BundleSheaf,false,3,4,epoch-1,4,9,degree,0.827390350243931
tolokers,BundleSheaf,false,3,4,epoch-1,0,9,betweenness,0.09438893666545878
tolokers,BundleSheaf,false,3,4,epoch-1,1,9,betweenness,0.7924477400265802
tolokers,BundleSheaf,false,3,4,epoch-1,2,9,betweenness,0.7599085059316693
tolokers,BundleSheaf,false,3,4,epoch-1,3,9,betweenness,0.6958734332657506
tolokers,BundleSheaf,false,3,4,epoch-1,4,9,betweenness,0.6699563782461699
tolokers,BundleSheaf,false,3,4,epoch-1,0,9,confidence,-0.009824460172397886
tolokers,BundleSheaf,false,3,4,epoch-1,1,9,confidence,0.09617362557141369
tolokers,BundleSheaf,false,3,4,epoch-1,2,9,confidence,0.10346726137904741
tolokers,BundleSheaf,false,3,4,epoch-1,3,9,confidence,0.10428915502504613
tolokers,BundleSheaf,false,3,4,epoch-1,4,9,confidence,0.10445981965842373
tolokers,BundleSheaf,false,3,4,epoch-1,0,9,saliency,0.12484674594036155
tolokers,BundleSheaf,false,3,4,epoch-1,1,9,saliency,0.7932629302912767
tolokers,BundleSheaf,false,3,4,epoch-1,2,9,saliency,0.9109219388761398
tolokers,BundleSheaf,false,3,4,epoch-1,3,9,saliency,0.9267051760470554
tolokers,BundleSheaf,false,3,4,epoch-1,4,9,saliency,0.923853773508076
tolokers,BundleSheaf,false,3,4,epoch-1,0,9,cohens_d_train,0.02955028
tolokers,BundleSheaf,false,3,4,epoch-1,1,9,cohens_d_train,0.06677707
tolokers,BundleSheaf,false,3,4,epoch-1,2,9,cohens_d_train,0.12005312
tolokers,BundleSheaf,false,3,4,epoch-1,3,9,cohens_d_train,0.085143186
tolokers,BundleSheaf,false,3,4,epoch-1,4,9,cohens_d_train,0.065697685
tolokers,BundleSheaf,false,3,4,epoch-1,0,9,cohens_d_test,0.038632367
tolokers,BundleSheaf,false,3,4,epoch-1,1,9,cohens_d_test,0.14025697
tolokers,BundleSheaf,false,3,4,epoch-1,2,9,cohens_d_test,0.1285544
tolokers,BundleSheaf,false,3,4,epoch-1,3,9,cohens_d_test,0.08912906
tolokers,BundleSheaf,false,3,4,epoch-1,4,9,cohens_d_test,0.07834584
tolokers,BundleSheaf,false,3,4,epoch-5,0,0,degree,-0.07854870892567525
tolokers,BundleSheaf,false,3,4,epoch-5,1,0,degree,0.9342828274396757
tolokers,BundleSheaf,false,3,4,epoch-5,2,0,degree,0.9358749013319929
tolokers,BundleSheaf,false,3,4,epoch-5,3,0,degree,0.8797946866151194
tolokers,BundleSheaf,false,3,4,epoch-5,4,0,degree,0.8126710548546467
tolokers,BundleSheaf,false,3,4,epoch-5,0,0,betweenness,-0.10211776324206139
tolokers,BundleSheaf,false,3,4,epoch-5,1,0,betweenness,0.7899923517260075
tolokers,BundleSheaf,false,3,4,epoch-5,2,0,betweenness,0.7720606339648006
tolokers,BundleSheaf,false,3,4,epoch-5,3,0,betweenness,0.709888276538324
tolokers,BundleSheaf,false,3,4,epoch-5,4,0,betweenness,0.6526877183065141
tolokers,BundleSheaf,false,3,4,epoch-5,0,0,confidence,0.003506532298311641
tolokers,BundleSheaf,false,3,4,epoch-5,1,0,confidence,0.08268177454019127
tolokers,BundleSheaf,false,3,4,epoch-5,2,0,confidence,0.08922747046148982
tolokers,BundleSheaf,false,3,4,epoch-5,3,0,confidence,0.09002812565883306
tolokers,BundleSheaf,false,3,4,epoch-5,4,0,confidence,0.0902056856624705
tolokers,BundleSheaf,false,3,4,epoch-5,0,0,saliency,-0.05964578957418452
tolokers,BundleSheaf,false,3,4,epoch-5,1,0,saliency,0.7581034183326177
tolokers,BundleSheaf,false,3,4,epoch-5,2,0,saliency,0.9239158585031085
tolokers,BundleSheaf,false,3,4,epoch-5,3,0,saliency,0.9581979176315443
tolokers,BundleSheaf,false,3,4,epoch-5,4,0,saliency,0.9539820332803204
tolokers,BundleSheaf,false,3,4,epoch-5,0,0,cohens_d_train,0.09700518
tolokers,BundleSheaf,false,3,4,epoch-5,1,0,cohens_d_train,0.13638996
tolokers,BundleSheaf,false,3,4,epoch-5,2,0,cohens_d_train,0.12738635
tolokers,BundleSheaf,false,3,4,epoch-5,3,0,cohens_d_train,0.08074024
tolokers,BundleSheaf,false,3,4,epoch-5,4,0,cohens_d_train,0.05638629
tolokers,BundleSheaf,false,3,4,epoch-5,0,0,cohens_d_test,0.017780628
tolokers,BundleSheaf,false,3,4,epoch-5,1,0,cohens_d_test,0.079029165
tolokers,BundleSheaf,false,3,4,epoch-5,2,0,cohens_d_test,0.096311204
tolokers,BundleSheaf,false,3,4,epoch-5,3,0,cohens_d_test,0.06717371
tolokers,BundleSheaf,false,3,4,epoch-5,4,0,cohens_d_test,0.058115806
tolokers,BundleSheaf,false,3,4,epoch-5,0,1,degree,-0.2678450500776145
tolokers,BundleSheaf,false,3,4,epoch-5,1,1,degree,0.947439977335809
tolokers,BundleSheaf,false,3,4,epoch-5,2,1,degree,0.9485184836439424
tolokers,BundleSheaf,false,3,4,epoch-5,3,1,degree,0.8797765510497773
tolokers,BundleSheaf,false,3,4,epoch-5,4,1,degree,0.8599384707249748
tolokers,BundleSheaf,false,3,4,epoch-5,0,1,betweenness,-0.26776251946034285
tolokers,BundleSheaf,false,3,4,epoch-5,1,1,betweenness,0.7965535359571005
tolokers,BundleSheaf,false,3,4,epoch-5,2,1,betweenness,0.7751367196828565
tolokers,BundleSheaf,false,3,4,epoch-5,3,1,betweenness,0.7170410696788209
tolokers,BundleSheaf,false,3,4,epoch-5,4,1,betweenness,0.6954510034371671
tolokers,BundleSheaf,false,3,4,epoch-5,0,1,confidence,-0.031682856669882686
tolokers,BundleSheaf,false,3,4,epoch-5,1,1,confidence,0.097032354303061
tolokers,BundleSheaf,false,3,4,epoch-5,2,1,confidence,0.10353333983495402
tolokers,BundleSheaf,false,3,4,epoch-5,3,1,confidence,0.10434965041284357
tolokers,BundleSheaf,false,3,4,epoch-5,4,1,confidence,0.10447385917503303
tolokers,BundleSheaf,false,3,4,epoch-5,0,1,saliency,-0.18895310355090558
tolokers,BundleSheaf,false,3,4,epoch-5,1,1,saliency,0.7948889361001761
tolokers,BundleSheaf,false,3,4,epoch-5,2,1,saliency,0.8831243195316468
tolokers,BundleSheaf,false,3,4,epoch-5,3,1,saliency,0.893165459446644
tolokers,BundleSheaf,false,3,4,epoch-5,4,1,saliency,0.8894184293492515
tolokers,BundleSheaf,false,3,4,epoch-5,0,1,cohens_d_train,0.08138173
tolokers,BundleSheaf,false,3,4,epoch-5,1,1,cohens_d_train,0.08672264
tolokers,BundleSheaf,false,3,4,epoch-5,2,1,cohens_d_train,0.07489326
tolokers,BundleSheaf,false,3,4,epoch-5,3,1,cohens_d_train,0.04137902
tolokers,BundleSheaf,false,3,4,epoch-5,4,1,cohens_d_train,0.022054454
tolokers,BundleSheaf,false,3,4,epoch-5,0,1,cohens_d_test,0.087459266
tolokers,BundleSheaf,false,3,4,epoch-5,1,1,cohens_d_test,0.08565562
tolokers,BundleSheaf,false,3,4,epoch-5,2,1,cohens_d_test,0.046518255
tolokers,BundleSheaf,false,3,4,epoch-5,3,1,cohens_d_test,0.004627819
tolokers,BundleSheaf,false,3,4,epoch-5,4,1,cohens_d_test,0.02673963
tolokers,BundleSheaf,false,3,4,epoch-5,0,2,degree,0.13082642307941814
tolokers,BundleSheaf,false,3,4,epoch-5,1,2,degree,0.9463782546093363
tolokers,BundleSheaf,false,3,4,epoch-5,2,2,degree,0.960619532673745
tolokers,BundleSheaf,false,3,4,epoch-5,3,2,degree,0.9112214765077595
tolokers,BundleSheaf,false,3,4,epoch-5,4,2,degree,0.8395415519860397
tolokers,BundleSheaf,false,3,4,epoch-5,0,2,betweenness,0.09121002960301708
tolokers,BundleSheaf,false,3,4,epoch-5,1,2,betweenness,0.8040619959791311
tolokers,BundleSheaf,false,3,4,epoch-5,2,2,betweenness,0.7928825498314728
tolokers,BundleSheaf,false,3,4,epoch-5,3,2,betweenness,0.7428076423821428
tolokers,BundleSheaf,false,3,4,epoch-5,4,2,betweenness,0.6811329121370557
tolokers,BundleSheaf,false,3,4,epoch-5,0,2,confidence,0.04819426948860155
tolokers,BundleSheaf,false,3,4,epoch-5,1,2,confidence,0.09784253005592108
tolokers,BundleSheaf,false,3,4,epoch-5,2,2,confidence,0.10342201352616205
tolokers,BundleSheaf,false,3,4,epoch-5,3,2,confidence,0.10431062433422483
tolokers,BundleSheaf,false,3,4,epoch-5,4,2,confidence,0.10443554820653794
tolokers,BundleSheaf,false,3,4,epoch-5,0,2,saliency,0.16812050820225488
tolokers,BundleSheaf,false,3,4,epoch-5,1,2,saliency,0.8212985366638906
tolokers,BundleSheaf,false,3,4,epoch-5,2,2,saliency,0.9067265747926974
tolokers,BundleSheaf,false,3,4,epoch-5,3,2,saliency,0.9223636430056529
tolokers,BundleSheaf,false,3,4,epoch-5,4,2,saliency,0.8977973750515316
tolokers,BundleSheaf,false,3,4,epoch-5,0,2,cohens_d_train,0.16321807
tolokers,BundleSheaf,false,3,4,epoch-5,1,2,cohens_d_train,0.10041509
tolokers,BundleSheaf,false,3,4,epoch-5,2,2,cohens_d_train,0.032244615
tolokers,BundleSheaf,false,3,4,epoch-5,3,2,cohens_d_train,0.050038245
tolokers,BundleSheaf,false,3,4,epoch-5,4,2,cohens_d_train,0.050126027
tolokers,BundleSheaf,false,3,4,epoch-5,0,2,cohens_d_test,0.1779955
tolokers,BundleSheaf,false,3,4,epoch-5,1,2,cohens_d_test,0.111925885
tolokers,BundleSheaf,false,3,4,epoch-5,2,2,cohens_d_test,0.030586522
tolokers,BundleSheaf,false,3,4,epoch-5,3,2,cohens_d_test,0.041174788
tolokers,BundleSheaf,false,3,4,epoch-5,4,2,cohens_d_test,0.038270216
tolokers,BundleSheaf,false,3,4,epoch-5,0,3,degree,-0.2028161686328183
tolokers,BundleSheaf,false,3,4,epoch-5,1,3,degree,0.9525011787362571
tolokers,BundleSheaf,false,3,4,epoch-5,2,3,degree,0.9600065515117561
tolokers,BundleSheaf,false,3,4,epoch-5,3,3,degree,0.8987995448636655
tolokers,BundleSheaf,false,3,4,epoch-5,4,3,degree,0.8641925417069498
tolokers,BundleSheaf,false,3,4,epoch-5,0,3,betweenness,-0.23137035405461812
tolokers,BundleSheaf,false,3,4,epoch-5,1,3,betweenness,0.808462668101503
tolokers,BundleSheaf,false,3,4,epoch-5,2,3,betweenness,0.7967485252578369
tolokers,BundleSheaf,false,3,4,epoch-5,3,3,betweenness,0.7337918628604907
tolokers,BundleSheaf,false,3,4,epoch-5,4,3,betweenness,0.6998766166875225
tolokers,BundleSheaf,false,3,4,epoch-5,0,3,confidence,-0.0193421062296529
tolokers,BundleSheaf,false,3,4,epoch-5,1,3,confidence,0.1002768061745917
tolokers,BundleSheaf,false,3,4,epoch-5,2,3,confidence,0.10796412389352276
tolokers,BundleSheaf,false,3,4,epoch-5,3,3,confidence,0.10897106950350599
tolokers,BundleSheaf,false,3,4,epoch-5,4,3,confidence,0.10914982399526663
tolokers,BundleSheaf,false,3,4,epoch-5,0,3,saliency,-0.20379675577937412
tolokers,BundleSheaf,false,3,4,epoch-5,1,3,saliency,0.7954711096307236
tolokers,BundleSheaf,false,3,4,epoch-5,2,3,saliency,0.8747765101601739
tolokers,BundleSheaf,false,3,4,epoch-5,3,3,saliency,0.8985772023703312
tolokers,BundleSheaf,false,3,4,epoch-5,4,3,saliency,0.9034854721071552
tolokers,BundleSheaf,false,3,4,epoch-5,0,3,cohens_d_train,0.19605
tolokers,BundleSheaf,false,3,4,epoch-5,1,3,cohens_d_train,0.27364483
tolokers,BundleSheaf,false,3,4,epoch-5,2,3,cohens_d_train,0.21377432
tolokers,BundleSheaf,false,3,4,epoch-5,3,3,cohens_d_train,0.14116928
tolokers,BundleSheaf,false,3,4,epoch-5,4,3,cohens_d_train,0.10399767
tolokers,BundleSheaf,false,3,4,epoch-5,0,3,cohens_d_test,0.20885883
tolokers,BundleSheaf,false,3,4,epoch-5,1,3,cohens_d_test,0.2544652
tolokers,BundleSheaf,false,3,4,epoch-5,2,3,cohens_d_test,0.15422295
tolokers,BundleSheaf,false,3,4,epoch-5,3,3,cohens_d_test,0.046495676
tolokers,BundleSheaf,false,3,4,epoch-5,4,3,cohens_d_test,0.004391586
tolokers,BundleSheaf,false,3,4,epoch-5,0,4,degree,-0.012926679706139494
tolokers,BundleSheaf,false,3,4,epoch-5,1,4,degree,0.9588367204757379
tolokers,BundleSheaf,false,3,4,epoch-5,2,4,degree,0.9446363667565778
tolokers,BundleSheaf,false,3,4,epoch-5,3,4,degree,0.8912163277954418
tolokers,BundleSheaf,false,3,4,epoch-5,4,4,degree,0.8523377392009849
tolokers,BundleSheaf,false,3,4,epoch-5,0,4,betweenness,0.00853407182290018
tolokers,BundleSheaf,false,3,4,epoch-5,1,4,betweenness,0.8165217328680289
tolokers,BundleSheaf,false,3,4,epoch-5,2,4,betweenness,0.7781917352574952
tolokers,BundleSheaf,false,3,4,epoch-5,3,4,betweenness,0.7238120837955904
tolokers,BundleSheaf,false,3,4,epoch-5,4,4,betweenness,0.6906174185599113
tolokers,BundleSheaf,false,3,4,epoch-5,0,4,confidence,-0.02408769480449267
tolokers,BundleSheaf,false,3,4,epoch-5,1,4,confidence,0.10724113969441759
tolokers,BundleSheaf,false,3,4,epoch-5,2,4,confidence,0.11571612463290853
tolokers,BundleSheaf,false,3,4,epoch-5,3,4,confidence,0.11678219089695037
tolokers,BundleSheaf,false,3,4,epoch-5,4,4,confidence,0.11691054753025676
tolokers,BundleSheaf,false,3,4,epoch-5,0,4,saliency,0.05900566706900074
tolokers,BundleSheaf,false,3,4,epoch-5,1,4,saliency,0.8004095004980469
tolokers,BundleSheaf,false,3,4,epoch-5,2,4,saliency,0.8962885403310165
tolokers,BundleSheaf,false,3,4,epoch-5,3,4,saliency,0.9270055248759648
tolokers,BundleSheaf,false,3,4,epoch-5,4,4,saliency,0.9315549174618719
tolokers,BundleSheaf,false,3,4,epoch-5,0,4,cohens_d_train,0.07155372
tolokers,BundleSheaf,false,3,4,epoch-5,1,4,cohens_d_train,0.0077007255
tolokers,BundleSheaf,false,3,4,epoch-5,2,4,cohens_d_train,0.049619965
tolokers,BundleSheaf,false,3,4,epoch-5,3,4,cohens_d_train,0.04439437
tolokers,BundleSheaf,false,3,4,epoch-5,4,4,cohens_d_train,0.03896425
tolokers,BundleSheaf,false,3,4,epoch-5,0,4,cohens_d_test,0.02162687
tolokers,BundleSheaf,false,3,4,epoch-5,1,4,cohens_d_test,0.029433122
tolokers,BundleSheaf,false,3,4,epoch-5,2,4,cohens_d_test,0.024155583
tolokers,BundleSheaf,false,3,4,epoch-5,3,4,cohens_d_test,0.011320432
tolokers,BundleSheaf,false,3,4,epoch-5,4,4,cohens_d_test,0.0014481953
tolokers,BundleSheaf,false,3,4,epoch-5,0,5,degree,-0.18456400666249007
tolokers,BundleSheaf,false,3,4,epoch-5,1,5,degree,0.9353055390730538
tolokers,BundleSheaf,false,3,4,epoch-5,2,5,degree,0.9520788701805099
tolokers,BundleSheaf,false,3,4,epoch-5,3,5,degree,0.8928762630762255
tolokers,BundleSheaf,false,3,4,epoch-5,4,5,degree,0.8601657408653051
tolokers,BundleSheaf,false,3,4,epoch-5,0,5,betweenness,-0.21817088187304587
tolokers,BundleSheaf,false,3,4,epoch-5,1,5,betweenness,0.7961609018764049
tolokers,BundleSheaf,false,3,4,epoch-5,2,5,betweenness,0.7878201644542416
tolokers,BundleSheaf,false,3,4,epoch-5,3,5,betweenness,0.7285232993307982
tolokers,BundleSheaf,false,3,4,epoch-5,4,5,betweenness,0.7005150298309634
tolokers,BundleSheaf,false,3,4,epoch-5,0,5,confidence,0.02184625505759864
tolokers,BundleSheaf,false,3,4,epoch-5,1,5,confidence,0.10561538295682274
tolokers,BundleSheaf,false,3,4,epoch-5,2,5,confidence,0.11349506368315747
tolokers,BundleSheaf,false,3,4,epoch-5,3,5,confidence,0.11464636440699678
tolokers,BundleSheaf,false,3,4,epoch-5,4,5,confidence,0.11481091954191865
tolokers,BundleSheaf,false,3,4,epoch-5,0,5,saliency,-0.10236949988495349
tolokers,BundleSheaf,false,3,4,epoch-5,1,5,saliency,0.7379465101379818
tolokers,BundleSheaf,false,3,4,epoch-5,2,5,saliency,0.8135866859635175
tolokers,BundleSheaf,false,3,4,epoch-5,3,5,saliency,0.8280000073564855
tolokers,BundleSheaf,false,3,4,epoch-5,4,5,saliency,0.8375072802190364
tolokers,BundleSheaf,false,3,4,epoch-5,0,5,cohens_d_train,0.055426545
tolokers,BundleSheaf,false,3,4,epoch-5,1,5,cohens_d_train,0.073316224
tolokers,BundleSheaf,false,3,4,epoch-5,2,5,cohens_d_train,0.03784876
tolokers,BundleSheaf,false,3,4,epoch-5,3,5,cohens_d_train,0.004488462
tolokers,BundleSheaf,false,3,4,epoch-5,4,5,cohens_d_train,0.015595591
tolokers,BundleSheaf,false,3,4,epoch-5,0,5,cohens_d_test,0.088339746
tolokers,BundleSheaf,false,3,4,epoch-5,1,5,cohens_d_test,0.10627563
tolokers,BundleSheaf,false,3,4,epoch-5,2,5,cohens_d_test,0.08518511
tolokers,BundleSheaf,false,3,4,epoch-5,3,5,cohens_d_test,0.05693066
tolokers,BundleSheaf,false,3,4,epoch-5,4,5,cohens_d_test,0.035176735
tolokers,BundleSheaf,false,3,4,epoch-5,0,6,degree,-0.028658874846652173
tolokers,BundleSheaf,false,3,4,epoch-5,1,6,degree,0.9391067498264215
tolokers,BundleSheaf,false,3,4,epoch-5,2,6,degree,0.922872292153581
tolokers,BundleSheaf,false,3,4,epoch-5,3,6,degree,0.8303295677606931
tolokers,BundleSheaf,false,3,4,epoch-5,4,6,degree,0.8302377543849504
tolokers,BundleSheaf,false,3,4,epoch-5,0,6,betweenness,-0.02506180304485141
tolokers,BundleSheaf,false,3,4,epoch-5,1,6,betweenness,0.7943545066453371
tolokers,BundleSheaf,false,3,4,epoch-5,2,6,betweenness,0.7565814513198532
tolokers,BundleSheaf,false,3,4,epoch-5,3,6,betweenness,0.6638211723054758
tolokers,BundleSheaf,false,3,4,epoch-5,4,6,betweenness,0.6716628895351551
tolokers,BundleSheaf,false,3,4,epoch-5,0,6,confidence,0.015897617383238957
tolokers,BundleSheaf,false,3,4,epoch-5,1,6,confidence,0.10672986154683121
tolokers,BundleSheaf,false,3,4,epoch-5,2,6,confidence,0.11378062879123278
tolokers,BundleSheaf,false,3,4,epoch-5,3,6,confidence,0.11469262110199085
tolokers,BundleSheaf,false,3,4,epoch-5,4,6,confidence,0.1148335454015041
tolokers,BundleSheaf,false,3,4,epoch-5,0,6,saliency,0.008374159958368243
tolokers,BundleSheaf,false,3,4,epoch-5,1,6,saliency,0.7851016004054967
tolokers,BundleSheaf,false,3,4,epoch-5,2,6,saliency,0.8719831683020899
tolokers,BundleSheaf,false,3,4,epoch-5,3,6,saliency,0.8465960361315821
tolokers,BundleSheaf,false,3,4,epoch-5,4,6,saliency,0.8515698945950115
tolokers,BundleSheaf,false,3,4,epoch-5,0,6,cohens_d_train,0.109243505
tolokers,BundleSheaf,false,3,4,epoch-5,1,6,cohens_d_train,0.09212979
tolokers,BundleSheaf,false,3,4,epoch-5,2,6,cohens_d_train,0.017951831
tolokers,BundleSheaf,false,3,4,epoch-5,3,6,cohens_d_train,0.022768151
tolokers,BundleSheaf,false,3,4,epoch-5,4,6,cohens_d_train,0.026335113
tolokers,BundleSheaf,false,3,4,epoch-5,0,6,cohens_d_test,0.0693801
tolokers,BundleSheaf,false,3,4,epoch-5,1,6,cohens_d_test,0.098295465
tolokers,BundleSheaf,false,3,4,epoch-5,2,6,cohens_d_test,0.019776724
tolokers,BundleSheaf,false,3,4,epoch-5,3,6,cohens_d_test,0.031521082
tolokers,BundleSheaf,false,3,4,epoch-5,4,6,cohens_d_test,0.0317207
tolokers,BundleSheaf,false,3,4,epoch-5,0,7,degree,0.12611342011026594
tolokers,BundleSheaf,false,3,4,epoch-5,1,7,degree,0.9455169279835253
tolokers,BundleSheaf,false,3,4,epoch-5,2,7,degree,0.9650830898176953
tolokers,BundleSheaf,false,3,4,epoch-5,3,7,degree,0.8778307255164173
tolokers,BundleSheaf,false,3,4,epoch-5,4,7,degree,0.8360929884708658
tolokers,BundleSheaf,false,3,4,epoch-5,0,7,betweenness,0.11162289951900368
tolokers,BundleSheaf,false,3,4,epoch-5,1,7,betweenness,0.8003942795571886
tolokers,BundleSheaf,false,3,4,epoch-5,2,7,betweenness,0.8000704519897004
tolokers,BundleSheaf,false,3,4,epoch-5,3,7,betweenness,0.7135397368907516
tolokers,BundleSheaf,false,3,4,epoch-5,4,7,betweenness,0.6747738504880915
tolokers,BundleSheaf,false,3,4,epoch-5,0,7,confidence,-0.005360383768213647
tolokers,BundleSheaf,false,3,4,epoch-5,1,7,confidence,0.11153124245045949
tolokers,BundleSheaf,false,3,4,epoch-5,2,7,confidence,0.11781303143612804
tolokers,BundleSheaf,false,3,4,epoch-5,3,7,confidence,0.11874033090806406
tolokers,BundleSheaf,false,3,4,epoch-5,4,7,confidence,0.11897903410376585
tolokers,BundleSheaf,false,3,4,epoch-5,0,7,saliency,0.07079602737683516
tolokers,BundleSheaf,false,3,4,epoch-5,1,7,saliency,0.7067040270512069
tolokers,BundleSheaf,false,3,4,epoch-5,2,7,saliency,0.8105805923695774
tolokers,BundleSheaf,false,3,4,epoch-5,3,7,saliency,0.856513934243703
tolokers,BundleSheaf,false,3,4,epoch-5,4,7,saliency,0.8591953123235279
tolokers,BundleSheaf,false,3,4,epoch-5,0,7,cohens_d_train,0.0316095
tolokers,BundleSheaf,false,3,4,epoch-5,1,7,cohens_d_train,0.06018516
tolokers,BundleSheaf,false,3,4,epoch-5,2,7,cohens_d_train,0.06087137
tolokers,BundleSheaf,false,3,4,epoch-5,3,7,cohens_d_train,0.049180657
tolokers,BundleSheaf,false,3,4,epoch-5,4,7,cohens_d_train,0.030667124
tolokers,BundleSheaf,false,3,4,epoch-5,0,7,cohens_d_test,0.06303549
tolokers,BundleSheaf,false,3,4,epoch-5,1,7,cohens_d_test,0.03707601
tolokers,BundleSheaf,false,3,4,epoch-5,2,7,cohens_d_test,0.106399894
tolokers,BundleSheaf,false,3,4,epoch-5,3,7,cohens_d_test,0.08539622
tolokers,BundleSheaf,false,3,4,epoch-5,4,7,cohens_d_test,0.07069862
tolokers,BundleSheaf,false,3,4,epoch-5,0,8,degree,-0.06188772664958616
tolokers,BundleSheaf,false,3,4,epoch-5,1,8,degree,0.9466277754171124
tolokers,BundleSheaf,false,3,4,epoch-5,2,8,degree,0.9495430304428077
tolokers,BundleSheaf,false,3,4,epoch-5,3,8,degree,0.8596745486103815
tolokers,BundleSheaf,false,3,4,epoch-5,4,8,degree,0.8109741244896955
tolokers,BundleSheaf,false,3,4,epoch-5,0,8,betweenness,-0.04932574546152927
tolokers,BundleSheaf,false,3,4,epoch-5,1,8,betweenness,0.8060529656078464
tolokers,BundleSheaf,false,3,4,epoch-5,2,8,betweenness,0.784507664308243
tolokers,BundleSheaf,false,3,4,epoch-5,3,8,betweenness,0.6956788063691551
tolokers,BundleSheaf,false,3,4,epoch-5,4,8,betweenness,0.6524175569053944
tolokers,BundleSheaf,false,3,4,epoch-5,0,8,confidence,-0.026160688295665212
tolokers,BundleSheaf,false,3,4,epoch-5,1,8,confidence,0.09518416785634042
tolokers,BundleSheaf,false,3,4,epoch-5,2,8,confidence,0.10211605515138272
tolokers,BundleSheaf,false,3,4,epoch-5,3,8,confidence,0.10310573051871526
tolokers,BundleSheaf,false,3,4,epoch-5,4,8,confidence,0.10330135969075774
tolokers,BundleSheaf,false,3,4,epoch-5,0,8,saliency,0.06939722716928616
tolokers,BundleSheaf,false,3,4,epoch-5,1,8,saliency,0.7323519150548715
tolokers,BundleSheaf,false,3,4,epoch-5,2,8,saliency,0.8495573541830023
tolokers,BundleSheaf,false,3,4,epoch-5,3,8,saliency,0.8751818465527733
tolokers,BundleSheaf,false,3,4,epoch-5,4,8,saliency,0.8921458465643262
tolokers,BundleSheaf,false,3,4,epoch-5,0,8,cohens_d_train,0.11568125
tolokers,BundleSheaf,false,3,4,epoch-5,1,8,cohens_d_train,0.061919443
tolokers,BundleSheaf,false,3,4,epoch-5,2,8,cohens_d_train,0.0835878
tolokers,BundleSheaf,false,3,4,epoch-5,3,8,cohens_d_train,0.061562996
tolokers,BundleSheaf,false,3,4,epoch-5,4,8,cohens_d_train,0.041224852
tolokers,BundleSheaf,false,3,4,epoch-5,0,8,cohens_d_test,0.08419491
tolokers,BundleSheaf,false,3,4,epoch-5,1,8,cohens_d_test,0.1445268
tolokers,BundleSheaf,false,3,4,epoch-5,2,8,cohens_d_test,0.1153985
tolokers,BundleSheaf,false,3,4,epoch-5,3,8,cohens_d_test,0.07718921
tolokers,BundleSheaf,false,3,4,epoch-5,4,8,cohens_d_test,0.061889593
tolokers,BundleSheaf,false,3,4,epoch-5,0,9,degree,0.1012347163725137
tolokers,BundleSheaf,false,3,4,epoch-5,1,9,degree,0.9448389506774701
tolokers,BundleSheaf,false,3,4,epoch-5,2,9,degree,0.9555159591960481
tolokers,BundleSheaf,false,3,4,epoch-5,3,9,degree,0.884506993147792
tolokers,BundleSheaf,false,3,4,epoch-5,4,9,degree,0.8484464209391785
tolokers,BundleSheaf,false,3,4,epoch-5,0,9,betweenness,0.08477183594337587
tolokers,BundleSheaf,false,3,4,epoch-5,1,9,betweenness,0.8015097370230225
tolokers,BundleSheaf,false,3,4,epoch-5,2,9,betweenness,0.7887169503403968
tolokers,BundleSheaf,false,3,4,epoch-5,3,9,betweenness,0.7249256475946279
tolokers,BundleSheaf,false,3,4,epoch-5,4,9,betweenness,0.6887808866462576
tolokers,BundleSheaf,false,3,4,epoch-5,0,9,confidence,0.008406057576824043
tolokers,BundleSheaf,false,3,4,epoch-5,1,9,confidence,0.10376760302122309
tolokers,BundleSheaf,false,3,4,epoch-5,2,9,confidence,0.11315854720198351
tolokers,BundleSheaf,false,3,4,epoch-5,3,9,confidence,0.1144763953433045
tolokers,BundleSheaf,false,3,4,epoch-5,4,9,confidence,0.11473755523331983
tolokers,BundleSheaf,false,3,4,epoch-5,0,9,saliency,0.08810054206862634
tolokers,BundleSheaf,false,3,4,epoch-5,1,9,saliency,0.8020857381327048
tolokers,BundleSheaf,false,3,4,epoch-5,2,9,saliency,0.8921626805902314
tolokers,BundleSheaf,false,3,4,epoch-5,3,9,saliency,0.9146383904155616
tolokers,BundleSheaf,false,3,4,epoch-5,4,9,saliency,0.9206407207507914
tolokers,BundleSheaf,false,3,4,epoch-5,0,9,cohens_d_train,0.040569387
tolokers,BundleSheaf,false,3,4,epoch-5,1,9,cohens_d_train,0.29115677
tolokers,BundleSheaf,false,3,4,epoch-5,2,9,cohens_d_train,0.11908239
tolokers,BundleSheaf,false,3,4,epoch-5,3,9,cohens_d_train,0.0535627
tolokers,BundleSheaf,false,3,4,epoch-5,4,9,cohens_d_train,0.042871516
tolokers,BundleSheaf,false,3,4,epoch-5,0,9,cohens_d_test,0.03756091
tolokers,BundleSheaf,false,3,4,epoch-5,1,9,cohens_d_test,0.16759849
tolokers,BundleSheaf,false,3,4,epoch-5,2,9,cohens_d_test,0.01603738
tolokers,BundleSheaf,false,3,4,epoch-5,3,9,cohens_d_test,0.020537196
tolokers,BundleSheaf,false,3,4,epoch-5,4,9,cohens_d_test,0.028457666
tolokers,BundleSheaf,false,3,4,epoch-15,0,0,degree,-0.030225230812521632
tolokers,BundleSheaf,false,3,4,epoch-15,1,0,degree,0.9423568905159608
tolokers,BundleSheaf,false,3,4,epoch-15,2,0,degree,0.9358473330963892
tolokers,BundleSheaf,false,3,4,epoch-15,3,0,degree,0.9016909856058137
tolokers,BundleSheaf,false,3,4,epoch-15,4,0,degree,0.8524354708476335
tolokers,BundleSheaf,false,3,4,epoch-15,0,0,betweenness,-0.0530320645966573
tolokers,BundleSheaf,false,3,4,epoch-15,1,0,betweenness,0.7956377448666628
tolokers,BundleSheaf,false,3,4,epoch-15,2,0,betweenness,0.7669436322893463
tolokers,BundleSheaf,false,3,4,epoch-15,3,0,betweenness,0.7295520592322863
tolokers,BundleSheaf,false,3,4,epoch-15,4,0,betweenness,0.6889637518939302
tolokers,BundleSheaf,false,3,4,epoch-15,0,0,confidence,0.01455783881319545
tolokers,BundleSheaf,false,3,4,epoch-15,1,0,confidence,0.10899896328011525
tolokers,BundleSheaf,false,3,4,epoch-15,2,0,confidence,0.11710478546089516
tolokers,BundleSheaf,false,3,4,epoch-15,3,0,confidence,0.11792129789028216
tolokers,BundleSheaf,false,3,4,epoch-15,4,0,confidence,0.11806236540314156
tolokers,BundleSheaf,false,3,4,epoch-15,0,0,saliency,-0.02316622863963258
tolokers,BundleSheaf,false,3,4,epoch-15,1,0,saliency,0.7916693389607704
tolokers,BundleSheaf,false,3,4,epoch-15,2,0,saliency,0.900165140487978
tolokers,BundleSheaf,false,3,4,epoch-15,3,0,saliency,0.9248649825002495
tolokers,BundleSheaf,false,3,4,epoch-15,4,0,saliency,0.9152564319259925
tolokers,BundleSheaf,false,3,4,epoch-15,0,0,cohens_d_train,0.06916011
tolokers,BundleSheaf,false,3,4,epoch-15,1,0,cohens_d_train,0.09463264
tolokers,BundleSheaf,false,3,4,epoch-15,2,0,cohens_d_train,0.16066511
tolokers,BundleSheaf,false,3,4,epoch-15,3,0,cohens_d_train,0.14123695
tolokers,BundleSheaf,false,3,4,epoch-15,4,0,cohens_d_train,0.117410146
tolokers,BundleSheaf,false,3,4,epoch-15,0,0,cohens_d_test,0.07809934
tolokers,BundleSheaf,false,3,4,epoch-15,1,0,cohens_d_test,0.055157427
tolokers,BundleSheaf,false,3,4,epoch-15,2,0,cohens_d_test,0.17212386
tolokers,BundleSheaf,false,3,4,epoch-15,3,0,cohens_d_test,0.15727837
tolokers,BundleSheaf,false,3,4,epoch-15,4,0,cohens_d_test,0.14799434
tolokers,BundleSheaf,false,3,4,epoch-15,0,1,degree,-0.1930398734026119
tolokers,BundleSheaf,false,3,4,epoch-15,1,1,degree,0.9486640357867363
tolokers,BundleSheaf,false,3,4,epoch-15,2,1,degree,0.9491202788858424
tolokers,BundleSheaf,false,3,4,epoch-15,3,1,degree,0.8823307828725013
tolokers,BundleSheaf,false,3,4,epoch-15,4,1,degree,0.8389265508709796
tolokers,BundleSheaf,false,3,4,epoch-15,0,1,betweenness,-0.18988632070686579
tolokers,BundleSheaf,false,3,4,epoch-15,1,1,betweenness,0.8026037890041491
tolokers,BundleSheaf,false,3,4,epoch-15,2,1,betweenness,0.7787896555621494
tolokers,BundleSheaf,false,3,4,epoch-15,3,1,betweenness,0.7159505769161344
tolokers,BundleSheaf,false,3,4,epoch-15,4,1,betweenness,0.6782496043627231
tolokers,BundleSheaf,false,3,4,epoch-15,0,1,confidence,-0.03498711359099901
tolokers,BundleSheaf,false,3,4,epoch-15,1,1,confidence,0.11007011764666651
tolokers,BundleSheaf,false,3,4,epoch-15,2,1,confidence,0.11899627868566078
tolokers,BundleSheaf,false,3,4,epoch-15,3,1,confidence,0.12005570786095887
tolokers,BundleSheaf,false,3,4,epoch-15,4,1,confidence,0.12016969473707595
tolokers,BundleSheaf,false,3,4,epoch-15,0,1,saliency,-0.055377263862222435
tolokers,BundleSheaf,false,3,4,epoch-15,1,1,saliency,0.6881313733947486
tolokers,BundleSheaf,false,3,4,epoch-15,2,1,saliency,0.7731528991608231
tolokers,BundleSheaf,false,3,4,epoch-15,3,1,saliency,0.8466186372457498
tolokers,BundleSheaf,false,3,4,epoch-15,4,1,saliency,0.8468893984082849
tolokers,BundleSheaf,false,3,4,epoch-15,0,1,cohens_d_train,0.0015671662
tolokers,BundleSheaf,false,3,4,epoch-15,1,1,cohens_d_train,0.18447272
tolokers,BundleSheaf,false,3,4,epoch-15,2,1,cohens_d_train,0.1115936
tolokers,BundleSheaf,false,3,4,epoch-15,3,1,cohens_d_train,0.08948236
tolokers,BundleSheaf,false,3,4,epoch-15,4,1,cohens_d_train,0.045983873
tolokers,BundleSheaf,false,3,4,epoch-15,0,1,cohens_d_test,0.03870042
tolokers,BundleSheaf,false,3,4,epoch-15,1,1,cohens_d_test,0.21497071
tolokers,BundleSheaf,false,3,4,epoch-15,2,1,cohens_d_test,0.14830053
tolokers,BundleSheaf,false,3,4,epoch-15,3,1,cohens_d_test,0.11574555
tolokers,BundleSheaf,false,3,4,epoch-15,4,1,cohens_d_test,0.089873314
tolokers,BundleSheaf,false,3,4,epoch-15,0,2,degree,0.024040632065773625
tolokers,BundleSheaf,false,3,4,epoch-15,1,2,degree,0.9407348392795664
tolokers,BundleSheaf,false,3,4,epoch-15,2,2,degree,0.9542232033945929
tolokers,BundleSheaf,false,3,4,epoch-15,3,2,degree,0.9169061993777253
tolokers,BundleSheaf,false,3,4,epoch-15,4,2,degree,0.8728233547073516
tolokers,BundleSheaf,false,3,4,epoch-15,0,2,betweenness,-0.016880051274941948
tolokers,BundleSheaf,false,3,4,epoch-15,1,2,betweenness,0.802174336372842
tolokers,BundleSheaf,false,3,4,epoch-15,2,2,betweenness,0.7893631740380913
tolokers,BundleSheaf,false,3,4,epoch-15,3,2,betweenness,0.7449881172493399
tolokers,BundleSheaf,false,3,4,epoch-15,4,2,betweenness,0.7075280821886873
tolokers,BundleSheaf,false,3,4,epoch-15,0,2,confidence,0.03893080253328547
tolokers,BundleSheaf,false,3,4,epoch-15,1,2,confidence,0.08694907818237041
tolokers,BundleSheaf,false,3,4,epoch-15,2,2,confidence,0.09201530521522498
tolokers,BundleSheaf,false,3,4,epoch-15,3,2,confidence,0.09274820669150162
tolokers,BundleSheaf,false,3,4,epoch-15,4,2,confidence,0.09299212796729303
tolokers,BundleSheaf,false,3,4,epoch-15,0,2,saliency,-0.036889809131083716
tolokers,BundleSheaf,false,3,4,epoch-15,1,2,saliency,0.7375995389755318
tolokers,BundleSheaf,false,3,4,epoch-15,2,2,saliency,0.8868836584146953
tolokers,BundleSheaf,false,3,4,epoch-15,3,2,saliency,0.9148482706064929
tolokers,BundleSheaf,false,3,4,epoch-15,4,2,saliency,0.9205827877852608
tolokers,BundleSheaf,false,3,4,epoch-15,0,2,cohens_d_train,0.16953497
tolokers,BundleSheaf,false,3,4,epoch-15,1,2,cohens_d_train,0.05159066
tolokers,BundleSheaf,false,3,4,epoch-15,2,2,cohens_d_train,0.068126686
tolokers,BundleSheaf,false,3,4,epoch-15,3,2,cohens_d_train,0.03041038
tolokers,BundleSheaf,false,3,4,epoch-15,4,2,cohens_d_train,0.0041137934
tolokers,BundleSheaf,false,3,4,epoch-15,0,2,cohens_d_test,0.22115712
tolokers,BundleSheaf,false,3,4,epoch-15,1,2,cohens_d_test,0.024942633
tolokers,BundleSheaf,false,3,4,epoch-15,2,2,cohens_d_test,0.048209984
tolokers,BundleSheaf,false,3,4,epoch-15,3,2,cohens_d_test,0.009736674
tolokers,BundleSheaf,false,3,4,epoch-15,4,2,cohens_d_test,0.009437342
tolokers,BundleSheaf,false,3,4,epoch-15,0,3,degree,-0.1772170189434119
tolokers,BundleSheaf,false,3,4,epoch-15,1,3,degree,0.959577490449766
tolokers,BundleSheaf,false,3,4,epoch-15,2,3,degree,0.9640658693824543
tolokers,BundleSheaf,false,3,4,epoch-15,3,3,degree,0.907717501751876
tolokers,BundleSheaf,false,3,4,epoch-15,4,3,degree,0.8101118243597918
tolokers,BundleSheaf,false,3,4,epoch-15,0,3,betweenness,-0.2147809941392691
tolokers,BundleSheaf,false,3,4,epoch-15,1,3,betweenness,0.8149414801443614
tolokers,BundleSheaf,false,3,4,epoch-15,2,3,betweenness,0.7993836209315494
tolokers,BundleSheaf,false,3,4,epoch-15,3,3,betweenness,0.7480031350374386
tolokers,BundleSheaf,false,3,4,epoch-15,4,3,betweenness,0.6459350209588679
tolokers,BundleSheaf,false,3,4,epoch-15,0,3,confidence,0.005440216767585094
tolokers,BundleSheaf,false,3,4,epoch-15,1,3,confidence,0.11453055386521187
tolokers,BundleSheaf,false,3,4,epoch-15,2,3,confidence,0.12207616576095787
tolokers,BundleSheaf,false,3,4,epoch-15,3,3,confidence,0.12317142405935595
tolokers,BundleSheaf,false,3,4,epoch-15,4,3,confidence,0.12323615719003748
tolokers,BundleSheaf,false,3,4,epoch-15,0,3,saliency,-0.216811261026469
tolokers,BundleSheaf,false,3,4,epoch-15,1,3,saliency,0.7403576601298403
tolokers,BundleSheaf,false,3,4,epoch-15,2,3,saliency,0.8168900981029531
tolokers,BundleSheaf,false,3,4,epoch-15,3,3,saliency,0.8513569227480066
tolokers,BundleSheaf,false,3,4,epoch-15,4,3,saliency,0.8370287768302477
tolokers,BundleSheaf,false,3,4,epoch-15,0,3,cohens_d_train,0.07234767
tolokers,BundleSheaf,false,3,4,epoch-15,1,3,cohens_d_train,0.089247316
tolokers,BundleSheaf,false,3,4,epoch-15,2,3,cohens_d_train,0.048753332
tolokers,BundleSheaf,false,3,4,epoch-15,3,3,cohens_d_train,0.017259352
tolokers,BundleSheaf,false,3,4,epoch-15,4,3,cohens_d_train,0.010280446
tolokers,BundleSheaf,false,3,4,epoch-15,0,3,cohens_d_test,0.12474443
tolokers,BundleSheaf,false,3,4,epoch-15,1,3,cohens_d_test,0.05840695
tolokers,BundleSheaf,false,3,4,epoch-15,2,3,cohens_d_test,0.011135076
tolokers,BundleSheaf,false,3,4,epoch-15,3,3,cohens_d_test,0.037201785
tolokers,BundleSheaf,false,3,4,epoch-15,4,3,cohens_d_test,0.048078153
tolokers,BundleSheaf,false,3,4,epoch-15,0,4,degree,-0.059947145852802704
tolokers,BundleSheaf,false,3,4,epoch-15,1,4,degree,0.9523029467579799
tolokers,BundleSheaf,false,3,4,epoch-15,2,4,degree,0.9515734931449648
tolokers,BundleSheaf,false,3,4,epoch-15,3,4,degree,0.8553442582563847
tolokers,BundleSheaf,false,3,4,epoch-15,4,4,degree,0.8631168647894873
tolokers,BundleSheaf,false,3,4,epoch-15,0,4,betweenness,-0.03466070104357298
tolokers,BundleSheaf,false,3,4,epoch-15,1,4,betweenness,0.8100892370523998
tolokers,BundleSheaf,false,3,4,epoch-15,2,4,betweenness,0.7888972490433647
tolokers,BundleSheaf,false,3,4,epoch-15,3,4,betweenness,0.690978755130846
tolokers,BundleSheaf,false,3,4,epoch-15,4,4,betweenness,0.7022010306992726
tolokers,BundleSheaf,false,3,4,epoch-15,0,4,confidence,-0.03086334663644352
tolokers,BundleSheaf,false,3,4,epoch-15,1,4,confidence,0.11113915615183385
tolokers,BundleSheaf,false,3,4,epoch-15,2,4,confidence,0.11871175930910623
tolokers,BundleSheaf,false,3,4,epoch-15,3,4,confidence,0.11980954434661588
tolokers,BundleSheaf,false,3,4,epoch-15,4,4,confidence,0.12011080262854303
tolokers,BundleSheaf,false,3,4,epoch-15,0,4,saliency,0.052016621744518654
tolokers,BundleSheaf,false,3,4,epoch-15,1,4,saliency,0.7705914453892951
tolokers,BundleSheaf,false,3,4,epoch-15,2,4,saliency,0.8520578587089556
tolokers,BundleSheaf,false,3,4,epoch-15,3,4,saliency,0.9355953289519562
tolokers,BundleSheaf,false,3,4,epoch-15,4,4,saliency,0.9423804463882028
tolokers,BundleSheaf,false,3,4,epoch-15,0,4,cohens_d_train,0.15247048
tolokers,BundleSheaf,false,3,4,epoch-15,1,4,cohens_d_train,0.12085862
tolokers,BundleSheaf,false,3,4,epoch-15,2,4,cohens_d_train,0.0919521
tolokers,BundleSheaf,false,3,4,epoch-15,3,4,cohens_d_train,0.11667858
tolokers,BundleSheaf,false,3,4,epoch-15,4,4,cohens_d_train,0.093139924
tolokers,BundleSheaf,false,3,4,epoch-15,0,4,cohens_d_test,0.16871715
tolokers,BundleSheaf,false,3,4,epoch-15,1,4,cohens_d_test,0.070911326
tolokers,BundleSheaf,false,3,4,epoch-15,2,4,cohens_d_test,0.10258808
tolokers,BundleSheaf,false,3,4,epoch-15,3,4,cohens_d_test,0.12158973
tolokers,BundleSheaf,false,3,4,epoch-15,4,4,cohens_d_test,0.087666
tolokers,BundleSheaf,false,3,4,epoch-15,0,5,degree,-0.2412483388482956
tolokers,BundleSheaf,false,3,4,epoch-15,1,5,degree,0.9381868638362525
tolokers,BundleSheaf,false,3,4,epoch-15,2,5,degree,0.9650754175808711
tolokers,BundleSheaf,false,3,4,epoch-15,3,5,degree,0.8708529304947243
tolokers,BundleSheaf,false,3,4,epoch-15,4,5,degree,0.8548133871932525
tolokers,BundleSheaf,false,3,4,epoch-15,0,5,betweenness,-0.27568304941627664
tolokers,BundleSheaf,false,3,4,epoch-15,1,5,betweenness,0.7988405825876431
tolokers,BundleSheaf,false,3,4,epoch-15,2,5,betweenness,0.7984552222078733
tolokers,BundleSheaf,false,3,4,epoch-15,3,5,betweenness,0.7004010934553335
tolokers,BundleSheaf,false,3,4,epoch-15,4,5,betweenness,0.6997232688302591
tolokers,BundleSheaf,false,3,4,epoch-15,0,5,confidence,0.017795918775998152
tolokers,BundleSheaf,false,3,4,epoch-15,1,5,confidence,0.11344431037039894
tolokers,BundleSheaf,false,3,4,epoch-15,2,5,confidence,0.12115612254675553
tolokers,BundleSheaf,false,3,4,epoch-15,3,5,confidence,0.12213955958424522
tolokers,BundleSheaf,false,3,4,epoch-15,4,5,confidence,0.1222648484587996
tolokers,BundleSheaf,false,3,4,epoch-15,0,5,saliency,-0.19946651309546454
tolokers,BundleSheaf,false,3,4,epoch-15,1,5,saliency,0.7680873905916146
tolokers,BundleSheaf,false,3,4,epoch-15,2,5,saliency,0.867246712735127
tolokers,BundleSheaf,false,3,4,epoch-15,3,5,saliency,0.8495529434750112
tolokers,BundleSheaf,false,3,4,epoch-15,4,5,saliency,0.8750419364818759
tolokers,BundleSheaf,false,3,4,epoch-15,0,5,cohens_d_train,0.17856258
tolokers,BundleSheaf,false,3,4,epoch-15,1,5,cohens_d_train,0.09081375
tolokers,BundleSheaf,false,3,4,epoch-15,2,5,cohens_d_train,0.042007625
tolokers,BundleSheaf,false,3,4,epoch-15,3,5,cohens_d_train,0.0026381884
tolokers,BundleSheaf,false,3,4,epoch-15,4,5,cohens_d_train,0.021663653
tolokers,BundleSheaf,false,3,4,epoch-15,0,5,cohens_d_test,0.15356006
tolokers,BundleSheaf,false,3,4,epoch-15,1,5,cohens_d_test,0.17943117
tolokers,BundleSheaf,false,3,4,epoch-15,2,5,cohens_d_test,0.11213536
tolokers,BundleSheaf,false,3,4,epoch-15,3,5,cohens_d_test,0.07993515
tolokers,BundleSheaf,false,3,4,epoch-15,4,5,cohens_d_test,0.05411743
tolokers,BundleSheaf,false,3,4,epoch-15,0,6,degree,-0.06523243123893843
tolokers,BundleSheaf,false,3,4,epoch-15,1,6,degree,0.9489840332864603
tolokers,BundleSheaf,false,3,4,epoch-15,2,6,degree,0.9401085517758945
tolokers,BundleSheaf,false,3,4,epoch-15,3,6,degree,0.8437637019978392
tolokers,BundleSheaf,false,3,4,epoch-15,4,6,degree,0.8375382119938342
tolokers,BundleSheaf,false,3,4,epoch-15,0,6,betweenness,-0.06777813423343701
tolokers,BundleSheaf,false,3,4,epoch-15,1,6,betweenness,0.803773102702528
tolokers,BundleSheaf,false,3,4,epoch-15,2,6,betweenness,0.7706712218907648
tolokers,BundleSheaf,false,3,4,epoch-15,3,6,betweenness,0.6754071306978092
tolokers,BundleSheaf,false,3,4,epoch-15,4,6,betweenness,0.6782944429368104
tolokers,BundleSheaf,false,3,4,epoch-15,0,6,confidence,0.020259155837031133
tolokers,BundleSheaf,false,3,4,epoch-15,1,6,confidence,0.11715557021507236
tolokers,BundleSheaf,false,3,4,epoch-15,2,6,confidence,0.12596258634887786
tolokers,BundleSheaf,false,3,4,epoch-15,3,6,confidence,0.12711239243974576
tolokers,BundleSheaf,false,3,4,epoch-15,4,6,confidence,0.1272044039132366
tolokers,BundleSheaf,false,3,4,epoch-15,0,6,saliency,0.005181504342406898
tolokers,BundleSheaf,false,3,4,epoch-15,1,6,saliency,0.777370337745639
tolokers,BundleSheaf,false,3,4,epoch-15,2,6,saliency,0.8583684470798939
tolokers,BundleSheaf,false,3,4,epoch-15,3,6,saliency,0.8286352956560896
tolokers,BundleSheaf,false,3,4,epoch-15,4,6,saliency,0.8196689293959154
tolokers,BundleSheaf,false,3,4,epoch-15,0,6,cohens_d_train,0.123698525
tolokers,BundleSheaf,false,3,4,epoch-15,1,6,cohens_d_train,0.062323418
tolokers,BundleSheaf,false,3,4,epoch-15,2,6,cohens_d_train,0.025129555
tolokers,BundleSheaf,false,3,4,epoch-15,3,6,cohens_d_train,0.04465552
tolokers,BundleSheaf,false,3,4,epoch-15,4,6,cohens_d_train,0.04980065
tolokers,BundleSheaf,false,3,4,epoch-15,0,6,cohens_d_test,0.18675065
tolokers,BundleSheaf,false,3,4,epoch-15,1,6,cohens_d_test,0.03610479
tolokers,BundleSheaf,false,3,4,epoch-15,2,6,cohens_d_test,0.00043087054
tolokers,BundleSheaf,false,3,4,epoch-15,3,6,cohens_d_test,0.031075373
tolokers,BundleSheaf,false,3,4,epoch-15,4,6,cohens_d_test,0.011786444
tolokers,BundleSheaf,false,3,4,epoch-15,0,7,degree,0.09239579489905118
tolokers,BundleSheaf,false,3,4,epoch-15,1,7,degree,0.9484500497783467
tolokers,BundleSheaf,false,3,4,epoch-15,2,7,degree,0.9572013641020352
tolokers,BundleSheaf,false,3,4,epoch-15,3,7,degree,0.8617676712683349
tolokers,BundleSheaf,false,3,4,epoch-15,4,7,degree,0.8465646643017665
tolokers,BundleSheaf,false,3,4,epoch-15,0,7,betweenness,0.08299740944318848
tolokers,BundleSheaf,false,3,4,epoch-15,1,7,betweenness,0.8021538358342493
tolokers,BundleSheaf,false,3,4,epoch-15,2,7,betweenness,0.7875768188284552
tolokers,BundleSheaf,false,3,4,epoch-15,3,7,betweenness,0.7052836557782588
tolokers,BundleSheaf,false,3,4,epoch-15,4,7,betweenness,0.6828039646467429
tolokers,BundleSheaf,false,3,4,epoch-15,0,7,confidence,-0.002779921200131066
tolokers,BundleSheaf,false,3,4,epoch-15,1,7,confidence,0.11300355814897367
tolokers,BundleSheaf,false,3,4,epoch-15,2,7,confidence,0.12011140777746998
tolokers,BundleSheaf,false,3,4,epoch-15,3,7,confidence,0.1211546031244501
tolokers,BundleSheaf,false,3,4,epoch-15,4,7,confidence,0.12125562579741138
tolokers,BundleSheaf,false,3,4,epoch-15,0,7,saliency,0.10326289953202107
tolokers,BundleSheaf,false,3,4,epoch-15,1,7,saliency,0.7586267423994423
tolokers,BundleSheaf,false,3,4,epoch-15,2,7,saliency,0.886995347531602
tolokers,BundleSheaf,false,3,4,epoch-15,3,7,saliency,0.9058635785546828
tolokers,BundleSheaf,false,3,4,epoch-15,4,7,saliency,0.9254920809521399
tolokers,BundleSheaf,false,3,4,epoch-15,0,7,cohens_d_train,0.22373042
tolokers,BundleSheaf,false,3,4,epoch-15,1,7,cohens_d_train,0.16682896
tolokers,BundleSheaf,false,3,4,epoch-15,2,7,cohens_d_train,0.12909472
tolokers,BundleSheaf,false,3,4,epoch-15,3,7,cohens_d_train,0.03622089
tolokers,BundleSheaf,false,3,4,epoch-15,4,7,cohens_d_train,0.0026530947
tolokers,BundleSheaf,false,3,4,epoch-15,0,7,cohens_d_test,0.20801075
tolokers,BundleSheaf,false,3,4,epoch-15,1,7,cohens_d_test,0.22725418
tolokers,BundleSheaf,false,3,4,epoch-15,2,7,cohens_d_test,0.2028191
tolokers,BundleSheaf,false,3,4,epoch-15,3,7,cohens_d_test,0.12713791
tolokers,BundleSheaf,false,3,4,epoch-15,4,7,cohens_d_test,0.10623998
tolokers,BundleSheaf,false,3,4,epoch-15,0,8,degree,-0.030266665281748744
tolokers,BundleSheaf,false,3,4,epoch-15,1,8,degree,0.950574519358539
tolokers,BundleSheaf,false,3,4,epoch-15,2,8,degree,0.9423685298383974
tolokers,BundleSheaf,false,3,4,epoch-15,3,8,degree,0.9042245664694971
tolokers,BundleSheaf,false,3,4,epoch-15,4,8,degree,0.861824416665467
tolokers,BundleSheaf,false,3,4,epoch-15,0,8,betweenness,-0.019344892048479657
tolokers,BundleSheaf,false,3,4,epoch-15,1,8,betweenness,0.8097100559390844
tolokers,BundleSheaf,false,3,4,epoch-15,2,8,betweenness,0.766012182858572
tolokers,BundleSheaf,false,3,4,epoch-15,3,8,betweenness,0.7325201148287249
tolokers,BundleSheaf,false,3,4,epoch-15,4,8,betweenness,0.6963894621006957
tolokers,BundleSheaf,false,3,4,epoch-15,0,8,confidence,-0.028059035469305604
tolokers,BundleSheaf,false,3,4,epoch-15,1,8,confidence,0.11097836380893357
tolokers,BundleSheaf,false,3,4,epoch-15,2,8,confidence,0.11902838452889757
tolokers,BundleSheaf,false,3,4,epoch-15,3,8,confidence,0.12012275670741647
tolokers,BundleSheaf,false,3,4,epoch-15,4,8,confidence,0.12017690409258892
tolokers,BundleSheaf,false,3,4,epoch-15,0,8,saliency,0.08465668059113436
tolokers,BundleSheaf,false,3,4,epoch-15,1,8,saliency,0.762848202216891
tolokers,BundleSheaf,false,3,4,epoch-15,2,8,saliency,0.8786109784140718
tolokers,BundleSheaf,false,3,4,epoch-15,3,8,saliency,0.9055151419392026
tolokers,BundleSheaf,false,3,4,epoch-15,4,8,saliency,0.911322683688573
tolokers,BundleSheaf,false,3,4,epoch-15,0,8,cohens_d_train,0.19826883
tolokers,BundleSheaf,false,3,4,epoch-15,1,8,cohens_d_train,0.16273408
tolokers,BundleSheaf,false,3,4,epoch-15,2,8,cohens_d_train,0.119650595
tolokers,BundleSheaf,false,3,4,epoch-15,3,8,cohens_d_train,0.05664119
tolokers,BundleSheaf,false,3,4,epoch-15,4,8,cohens_d_train,0.014959486
tolokers,BundleSheaf,false,3,4,epoch-15,0,8,cohens_d_test,0.257542
tolokers,BundleSheaf,false,3,4,epoch-15,1,8,cohens_d_test,0.06933581
tolokers,BundleSheaf,false,3,4,epoch-15,2,8,cohens_d_test,0.039827902
tolokers,BundleSheaf,false,3,4,epoch-15,3,8,cohens_d_test,0.010462243
tolokers,BundleSheaf,false,3,4,epoch-15,4,8,cohens_d_test,0.010612343
tolokers,BundleSheaf,false,3,4,epoch-15,0,9,degree,-0.028525469930176284
tolokers,BundleSheaf,false,3,4,epoch-15,1,9,degree,0.9365035990063472
tolokers,BundleSheaf,false,3,4,epoch-15,2,9,degree,0.9325623085386141
tolokers,BundleSheaf,false,3,4,epoch-15,3,9,degree,0.8823277316466989
tolokers,BundleSheaf,false,3,4,epoch-15,4,9,degree,0.8180921962771295
tolokers,BundleSheaf,false,3,4,epoch-15,0,9,betweenness,-0.051706454677757974
tolokers,BundleSheaf,false,3,4,epoch-15,1,9,betweenness,0.7990188788872592
tolokers,BundleSheaf,false,3,4,epoch-15,2,9,betweenness,0.7680596144328363
tolokers,BundleSheaf,false,3,4,epoch-15,3,9,betweenness,0.7242003323346167
tolokers,BundleSheaf,false,3,4,epoch-15,4,9,betweenness,0.6580256825001831
tolokers,BundleSheaf,false,3,4,epoch-15,0,9,confidence,0.019019683075065363
tolokers,BundleSheaf,false,3,4,epoch-15,1,9,confidence,0.10604668691635265
tolokers,BundleSheaf,false,3,4,epoch-15,2,9,confidence,0.1135730119791952
tolokers,BundleSheaf,false,3,4,epoch-15,3,9,confidence,0.11465070828634512
tolokers,BundleSheaf,false,3,4,epoch-15,4,9,confidence,0.11480169068452213
tolokers,BundleSheaf,false,3,4,epoch-15,0,9,saliency,-0.03834519279201983
tolokers,BundleSheaf,false,3,4,epoch-15,1,9,saliency,0.778329662201073
tolokers,BundleSheaf,false,3,4,epoch-15,2,9,saliency,0.8705038682963506
tolokers,BundleSheaf,false,3,4,epoch-15,3,9,saliency,0.9152394243324224
tolokers,BundleSheaf,false,3,4,epoch-15,4,9,saliency,0.9245814407031042
tolokers,BundleSheaf,false,3,4,epoch-15,0,9,cohens_d_train,0.016214969
tolokers,BundleSheaf,false,3,4,epoch-15,1,9,cohens_d_train,0.120022036
tolokers,BundleSheaf,false,3,4,epoch-15,2,9,cohens_d_train,0.115588605
tolokers,BundleSheaf,false,3,4,epoch-15,3,9,cohens_d_train,0.06652552
tolokers,BundleSheaf,false,3,4,epoch-15,4,9,cohens_d_train,0.04206105
tolokers,BundleSheaf,false,3,4,epoch-15,0,9,cohens_d_test,0.057455737
tolokers,BundleSheaf,false,3,4,epoch-15,1,9,cohens_d_test,0.11264478
tolokers,BundleSheaf,false,3,4,epoch-15,2,9,cohens_d_test,0.050458383
tolokers,BundleSheaf,false,3,4,epoch-15,3,9,cohens_d_test,0.006509502
tolokers,BundleSheaf,false,3,4,epoch-15,4,9,cohens_d_test,0.012368873
tolokers,BundleSheaf,false,3,4,epoch-50,0,0,degree,0.1042710653747462
tolokers,BundleSheaf,false,3,4,epoch-50,1,0,degree,0.9461180596281015
tolokers,BundleSheaf,false,3,4,epoch-50,2,0,degree,0.958929506486607
tolokers,BundleSheaf,false,3,4,epoch-50,3,0,degree,0.8916202540390841
tolokers,BundleSheaf,false,3,4,epoch-50,4,0,degree,0.8290921133828906
tolokers,BundleSheaf,false,3,4,epoch-50,0,0,betweenness,0.07964530665931296
tolokers,BundleSheaf,false,3,4,epoch-50,1,0,betweenness,0.8002920108318919
tolokers,BundleSheaf,false,3,4,epoch-50,2,0,betweenness,0.7902013851499642
tolokers,BundleSheaf,false,3,4,epoch-50,3,0,betweenness,0.7161813968040488
tolokers,BundleSheaf,false,3,4,epoch-50,4,0,betweenness,0.6664626485958358
tolokers,BundleSheaf,false,3,4,epoch-50,0,0,confidence,0.023997333953094394
tolokers,BundleSheaf,false,3,4,epoch-50,1,0,confidence,0.12445932298863358
tolokers,BundleSheaf,false,3,4,epoch-50,2,0,confidence,0.1328909389602786
tolokers,BundleSheaf,false,3,4,epoch-50,3,0,confidence,0.13386714038182276
tolokers,BundleSheaf,false,3,4,epoch-50,4,0,confidence,0.13395651675518716
tolokers,BundleSheaf,false,3,4,epoch-50,0,0,saliency,0.10913489067329564
tolokers,BundleSheaf,false,3,4,epoch-50,1,0,saliency,0.7248877276351906
tolokers,BundleSheaf,false,3,4,epoch-50,2,0,saliency,0.8442830873793151
tolokers,BundleSheaf,false,3,4,epoch-50,3,0,saliency,0.8988087349124613
tolokers,BundleSheaf,false,3,4,epoch-50,4,0,saliency,0.9204464075565726
tolokers,BundleSheaf,false,3,4,epoch-50,0,0,cohens_d_train,0.052822743
tolokers,BundleSheaf,false,3,4,epoch-50,1,0,cohens_d_train,0.10502488
tolokers,BundleSheaf,false,3,4,epoch-50,2,0,cohens_d_train,0.08681841
tolokers,BundleSheaf,false,3,4,epoch-50,3,0,cohens_d_train,0.09303358
tolokers,BundleSheaf,false,3,4,epoch-50,4,0,cohens_d_train,0.0773671
tolokers,BundleSheaf,false,3,4,epoch-50,0,0,cohens_d_test,0.052062936
tolokers,BundleSheaf,false,3,4,epoch-50,1,0,cohens_d_test,0.031970773
tolokers,BundleSheaf,false,3,4,epoch-50,2,0,cohens_d_test,0.008696925
tolokers,BundleSheaf,false,3,4,epoch-50,3,0,cohens_d_test,0.012887829
tolokers,BundleSheaf,false,3,4,epoch-50,4,0,cohens_d_test,0.026581593
tolokers,BundleSheaf,false,3,4,epoch-50,0,1,degree,-0.11517380366086169
tolokers,BundleSheaf,false,3,4,epoch-50,1,1,degree,0.9568369069234011
tolokers,BundleSheaf,false,3,4,epoch-50,2,1,degree,0.941754829217469
tolokers,BundleSheaf,false,3,4,epoch-50,3,1,degree,0.7613429706303007
tolokers,BundleSheaf,false,3,4,epoch-50,4,1,degree,0.8245110097647302
tolokers,BundleSheaf,false,3,4,epoch-50,0,1,betweenness,-0.11449559054125638
tolokers,BundleSheaf,false,3,4,epoch-50,1,1,betweenness,0.8108708047638626
tolokers,BundleSheaf,false,3,4,epoch-50,2,1,betweenness,0.7687444528143712
tolokers,BundleSheaf,false,3,4,epoch-50,3,1,betweenness,0.6103549208588248
tolokers,BundleSheaf,false,3,4,epoch-50,4,1,betweenness,0.6623536228547832
tolokers,BundleSheaf,false,3,4,epoch-50,0,1,confidence,-0.030256347167212795
tolokers,BundleSheaf,false,3,4,epoch-50,1,1,confidence,0.13253090044517848
tolokers,BundleSheaf,false,3,4,epoch-50,2,1,confidence,0.14333667272512324
tolokers,BundleSheaf,false,3,4,epoch-50,3,1,confidence,0.14466659680521443
tolokers,BundleSheaf,false,3,4,epoch-50,4,1,confidence,0.1447736791086291
tolokers,BundleSheaf,false,3,4,epoch-50,0,1,saliency,-0.028631439367579295
tolokers,BundleSheaf,false,3,4,epoch-50,1,1,saliency,0.7880532834039587
tolokers,BundleSheaf,false,3,4,epoch-50,2,1,saliency,0.8880928873496767
tolokers,BundleSheaf,false,3,4,epoch-50,3,1,saliency,0.8489101318847104
tolokers,BundleSheaf,false,3,4,epoch-50,4,1,saliency,0.8880477581595501
tolokers,BundleSheaf,false,3,4,epoch-50,0,1,cohens_d_train,0.044380616
tolokers,BundleSheaf,false,3,4,epoch-50,1,1,cohens_d_train,0.062425293
tolokers,BundleSheaf,false,3,4,epoch-50,2,1,cohens_d_train,0.08454911
tolokers,BundleSheaf,false,3,4,epoch-50,3,1,cohens_d_train,0.09191557
tolokers,BundleSheaf,false,3,4,epoch-50,4,1,cohens_d_train,0.059956186
tolokers,BundleSheaf,false,3,4,epoch-50,0,1,cohens_d_test,0.05269391
tolokers,BundleSheaf,false,3,4,epoch-50,1,1,cohens_d_test,0.01064154
tolokers,BundleSheaf,false,3,4,epoch-50,2,1,cohens_d_test,0.009674837
tolokers,BundleSheaf,false,3,4,epoch-50,3,1,cohens_d_test,0.017879026
tolokers,BundleSheaf,false,3,4,epoch-50,4,1,cohens_d_test,0.028293844
tolokers,BundleSheaf,false,3,4,epoch-50,0,2,degree,-0.054757905639606246
tolokers,BundleSheaf,false,3,4,epoch-50,1,2,degree,0.9349495902886988
tolokers,BundleSheaf,false,3,4,epoch-50,2,2,degree,0.9517670693883877
tolokers,BundleSheaf,false,3,4,epoch-50,3,2,degree,0.9041743549115558
tolokers,BundleSheaf,false,3,4,epoch-50,4,2,degree,0.870180648369818
tolokers,BundleSheaf,false,3,4,epoch-50,0,2,betweenness,-0.09269762008206729
tolokers,BundleSheaf,false,3,4,epoch-50,1,2,betweenness,0.7966868399945362
tolokers,BundleSheaf,false,3,4,epoch-50,2,2,betweenness,0.7745364722643377
tolokers,BundleSheaf,false,3,4,epoch-50,3,2,betweenness,0.732685866727611
tolokers,BundleSheaf,false,3,4,epoch-50,4,2,betweenness,0.7043104264471075
tolokers,BundleSheaf,false,3,4,epoch-50,0,2,confidence,0.048055280227015024
tolokers,BundleSheaf,false,3,4,epoch-50,1,2,confidence,0.13419011344602796
tolokers,BundleSheaf,false,3,4,epoch-50,2,2,confidence,0.14379612070127415
tolokers,BundleSheaf,false,3,4,epoch-50,3,2,confidence,0.14483697294827347
tolokers,BundleSheaf,false,3,4,epoch-50,4,2,confidence,0.14484276876648441
tolokers,BundleSheaf,false,3,4,epoch-50,0,2,saliency,-0.11679459967213299
tolokers,BundleSheaf,false,3,4,epoch-50,1,2,saliency,0.7658953726914431
tolokers,BundleSheaf,false,3,4,epoch-50,2,2,saliency,0.9041650884474263
tolokers,BundleSheaf,false,3,4,epoch-50,3,2,saliency,0.9372425452292288
tolokers,BundleSheaf,false,3,4,epoch-50,4,2,saliency,0.9425011720618175
tolokers,BundleSheaf,false,3,4,epoch-50,0,2,cohens_d_train,0.06940777
tolokers,BundleSheaf,false,3,4,epoch-50,1,2,cohens_d_train,0.2197516
tolokers,BundleSheaf,false,3,4,epoch-50,2,2,cohens_d_train,0.059799507
tolokers,BundleSheaf,false,3,4,epoch-50,3,2,cohens_d_train,0.10267397
tolokers,BundleSheaf,false,3,4,epoch-50,4,2,cohens_d_train,0.035469897
tolokers,BundleSheaf,false,3,4,epoch-50,0,2,cohens_d_test,0.04474012
tolokers,BundleSheaf,false,3,4,epoch-50,1,2,cohens_d_test,0.19338085
tolokers,BundleSheaf,false,3,4,epoch-50,2,2,cohens_d_test,0.07550538
tolokers,BundleSheaf,false,3,4,epoch-50,3,2,cohens_d_test,0.095112674
tolokers,BundleSheaf,false,3,4,epoch-50,4,2,cohens_d_test,0.06515071
tolokers,BundleSheaf,false,3,4,epoch-50,0,3,degree,-0.15132984725628662
tolokers,BundleSheaf,false,3,4,epoch-50,1,3,degree,0.9578543128746252
tolokers,BundleSheaf,false,3,4,epoch-50,2,3,degree,0.9420303059705496
tolokers,BundleSheaf,false,3,4,epoch-50,3,3,degree,0.8975307007016585
tolokers,BundleSheaf,false,3,4,epoch-50,4,3,degree,0.8743014334258667
tolokers,BundleSheaf,false,3,4,epoch-50,0,3,betweenness,-0.1905205106491633
tolokers,BundleSheaf,false,3,4,epoch-50,1,3,betweenness,0.8132298980556559
tolokers,BundleSheaf,false,3,4,epoch-50,2,3,betweenness,0.777729991454786
tolokers,BundleSheaf,false,3,4,epoch-50,3,3,betweenness,0.733983758016366
tolokers,BundleSheaf,false,3,4,epoch-50,4,3,betweenness,0.7100100415345362
tolokers,BundleSheaf,false,3,4,epoch-50,0,3,confidence,0.003938214660242124
tolokers,BundleSheaf,false,3,4,epoch-50,1,3,confidence,0.12172484087460435
tolokers,BundleSheaf,false,3,4,epoch-50,2,3,confidence,0.13040003025341715
tolokers,BundleSheaf,false,3,4,epoch-50,3,3,confidence,0.13188738856832943
tolokers,BundleSheaf,false,3,4,epoch-50,4,3,confidence,0.13197345926822204
tolokers,BundleSheaf,false,3,4,epoch-50,0,3,saliency,-0.21031873350324903
tolokers,BundleSheaf,false,3,4,epoch-50,1,3,saliency,0.7506576166416357
tolokers,BundleSheaf,false,3,4,epoch-50,2,3,saliency,0.848277666155776
tolokers,BundleSheaf,false,3,4,epoch-50,3,3,saliency,0.8799613500901389
tolokers,BundleSheaf,false,3,4,epoch-50,4,3,saliency,0.879249571772803
tolokers,BundleSheaf,false,3,4,epoch-50,0,3,cohens_d_train,0.20214602
tolokers,BundleSheaf,false,3,4,epoch-50,1,3,cohens_d_train,0.10441701
tolokers,BundleSheaf,false,3,4,epoch-50,2,3,cohens_d_train,0.12488367
tolokers,BundleSheaf,false,3,4,epoch-50,3,3,cohens_d_train,0.10008662
tolokers,BundleSheaf,false,3,4,epoch-50,4,3,cohens_d_train,0.085775696
tolokers,BundleSheaf,false,3,4,epoch-50,0,3,cohens_d_test,0.17257951
tolokers,BundleSheaf,false,3,4,epoch-50,1,3,cohens_d_test,0.009701478
tolokers,BundleSheaf,false,3,4,epoch-50,2,3,cohens_d_test,0.0026641025
tolokers,BundleSheaf,false,3,4,epoch-50,3,3,cohens_d_test,0.030243168
tolokers,BundleSheaf,false,3,4,epoch-50,4,3,cohens_d_test,0.03966308
tolokers,BundleSheaf,false,3,4,epoch-50,0,4,degree,-0.08541787189011146
tolokers,BundleSheaf,false,3,4,epoch-50,1,4,degree,0.9499049578451328
tolokers,BundleSheaf,false,3,4,epoch-50,2,4,degree,0.9596340573404277
tolokers,BundleSheaf,false,3,4,epoch-50,3,4,degree,0.9085748609531505
tolokers,BundleSheaf,false,3,4,epoch-50,4,4,degree,0.8742349936101584
tolokers,BundleSheaf,false,3,4,epoch-50,0,4,betweenness,-0.06675164571189461
tolokers,BundleSheaf,false,3,4,epoch-50,1,4,betweenness,0.8130120672482898
tolokers,BundleSheaf,false,3,4,epoch-50,2,4,betweenness,0.7983592505742266
tolokers,BundleSheaf,false,3,4,epoch-50,3,4,betweenness,0.7379004293047142
tolokers,BundleSheaf,false,3,4,epoch-50,4,4,betweenness,0.7174401466067131
tolokers,BundleSheaf,false,3,4,epoch-50,0,4,confidence,-0.032286240753664264
tolokers,BundleSheaf,false,3,4,epoch-50,1,4,confidence,0.08953587757386587
tolokers,BundleSheaf,false,3,4,epoch-50,2,4,confidence,0.0972277998210807
tolokers,BundleSheaf,false,3,4,epoch-50,3,4,confidence,0.09819154039358591
tolokers,BundleSheaf,false,3,4,epoch-50,4,4,confidence,0.09830634262389847
tolokers,BundleSheaf,false,3,4,epoch-50,0,4,saliency,-0.0020430359321241655
tolokers,BundleSheaf,false,3,4,epoch-50,1,4,saliency,0.8163911794486255
tolokers,BundleSheaf,false,3,4,epoch-50,2,4,saliency,0.9063223209376831
tolokers,BundleSheaf,false,3,4,epoch-50,3,4,saliency,0.9328350413019818
tolokers,BundleSheaf,false,3,4,epoch-50,4,4,saliency,0.9142695278233866
tolokers,BundleSheaf,false,3,4,epoch-50,0,4,cohens_d_train,0.12121093
tolokers,BundleSheaf,false,3,4,epoch-50,1,4,cohens_d_train,0.24526581
tolokers,BundleSheaf,false,3,4,epoch-50,2,4,cohens_d_train,0.116912745
tolokers,BundleSheaf,false,3,4,epoch-50,3,4,cohens_d_train,0.2718614
tolokers,BundleSheaf,false,3,4,epoch-50,4,4,cohens_d_train,0.13951786
tolokers,BundleSheaf,false,3,4,epoch-50,0,4,cohens_d_test,0.035217956
tolokers,BundleSheaf,false,3,4,epoch-50,1,4,cohens_d_test,0.2250312
tolokers,BundleSheaf,false,3,4,epoch-50,2,4,cohens_d_test,0.0704719
tolokers,BundleSheaf,false,3,4,epoch-50,3,4,cohens_d_test,0.15519382
tolokers,BundleSheaf,false,3,4,epoch-50,4,4,cohens_d_test,0.013077151
tolokers,BundleSheaf,false,3,4,epoch-50,0,5,degree,-0.25434303996676166
tolokers,BundleSheaf,false,3,4,epoch-50,1,5,degree,0.9340546143384798
tolokers,BundleSheaf,false,3,4,epoch-50,2,5,degree,0.9504277267944053
tolokers,BundleSheaf,false,3,4,epoch-50,3,5,degree,0.7326543299482455
tolokers,BundleSheaf,false,3,4,epoch-50,4,5,degree,0.8465401214676977
tolokers,BundleSheaf,false,3,4,epoch-50,0,5,betweenness,-0.28864510468175475
tolokers,BundleSheaf,false,3,4,epoch-50,1,5,betweenness,0.7928915356029411
tolokers,BundleSheaf,false,3,4,epoch-50,2,5,betweenness,0.7790194200106499
tolokers,BundleSheaf,false,3,4,epoch-50,3,5,betweenness,0.5779865591674459
tolokers,BundleSheaf,false,3,4,epoch-50,4,5,betweenness,0.6910888749133586
tolokers,BundleSheaf,false,3,4,epoch-50,0,5,confidence,0.014319837409692055
tolokers,BundleSheaf,false,3,4,epoch-50,1,5,confidence,0.12912001552269708
tolokers,BundleSheaf,false,3,4,epoch-50,2,5,confidence,0.13873766999144602
tolokers,BundleSheaf,false,3,4,epoch-50,3,5,confidence,0.14011393303408204
tolokers,BundleSheaf,false,3,4,epoch-50,4,5,confidence,0.1403765903823812
tolokers,BundleSheaf,false,3,4,epoch-50,0,5,saliency,-0.2780168266313221
tolokers,BundleSheaf,false,3,4,epoch-50,1,5,saliency,0.7629808550525414
tolokers,BundleSheaf,false,3,4,epoch-50,2,5,saliency,0.8771005250531965
tolokers,BundleSheaf,false,3,4,epoch-50,3,5,saliency,0.7980415443132645
tolokers,BundleSheaf,false,3,4,epoch-50,4,5,saliency,0.9040218985416315
tolokers,BundleSheaf,false,3,4,epoch-50,0,5,cohens_d_train,0.01270901
tolokers,BundleSheaf,false,3,4,epoch-50,1,5,cohens_d_train,0.12506767
tolokers,BundleSheaf,false,3,4,epoch-50,2,5,cohens_d_train,0.058345117
tolokers,BundleSheaf,false,3,4,epoch-50,3,5,cohens_d_train,0.04558857
tolokers,BundleSheaf,false,3,4,epoch-50,4,5,cohens_d_train,0.0428854
tolokers,BundleSheaf,false,3,4,epoch-50,0,5,cohens_d_test,0.05995147
tolokers,BundleSheaf,false,3,4,epoch-50,1,5,cohens_d_test,0.11810897
tolokers,BundleSheaf,false,3,4,epoch-50,2,5,cohens_d_test,0.018433498
tolokers,BundleSheaf,false,3,4,epoch-50,3,5,cohens_d_test,0.008791196
tolokers,BundleSheaf,false,3,4,epoch-50,4,5,cohens_d_test,0.016256535
tolokers,BundleSheaf,false,3,4,epoch-50,0,6,degree,-0.06289492955055259
tolokers,BundleSheaf,false,3,4,epoch-50,1,6,degree,0.9371234877443104
tolokers,BundleSheaf,false,3,4,epoch-50,2,6,degree,0.9574848610710112
tolokers,BundleSheaf,false,3,4,epoch-50,3,6,degree,0.8313608622575589
tolokers,BundleSheaf,false,3,4,epoch-50,4,6,degree,0.8740352514649782
tolokers,BundleSheaf,false,3,4,epoch-50,0,6,betweenness,-0.06477222060706399
tolokers,BundleSheaf,false,3,4,epoch-50,1,6,betweenness,0.7944712982255807
tolokers,BundleSheaf,false,3,4,epoch-50,2,6,betweenness,0.7986801537655678
tolokers,BundleSheaf,false,3,4,epoch-50,3,6,betweenness,0.6789309491439015
tolokers,BundleSheaf,false,3,4,epoch-50,4,6,betweenness,0.7109102287610004
tolokers,BundleSheaf,false,3,4,epoch-50,0,6,confidence,0.019262647333642913
tolokers,BundleSheaf,false,3,4,epoch-50,1,6,confidence,0.12458530721369898
tolokers,BundleSheaf,false,3,4,epoch-50,2,6,confidence,0.1338396034956947
tolokers,BundleSheaf,false,3,4,epoch-50,3,6,confidence,0.1348093697755592
tolokers,BundleSheaf,false,3,4,epoch-50,4,6,confidence,0.13501411825537052
tolokers,BundleSheaf,false,3,4,epoch-50,0,6,saliency,-0.001059133105341692
tolokers,BundleSheaf,false,3,4,epoch-50,1,6,saliency,0.6437610116864529
tolokers,BundleSheaf,false,3,4,epoch-50,2,6,saliency,0.766500250013608
tolokers,BundleSheaf,false,3,4,epoch-50,3,6,saliency,0.771119261835554
tolokers,BundleSheaf,false,3,4,epoch-50,4,6,saliency,0.8544179384458113
tolokers,BundleSheaf,false,3,4,epoch-50,0,6,cohens_d_train,0.007632129
tolokers,BundleSheaf,false,3,4,epoch-50,1,6,cohens_d_train,0.0972383
tolokers,BundleSheaf,false,3,4,epoch-50,2,6,cohens_d_train,0.082239404
tolokers,BundleSheaf,false,3,4,epoch-50,3,6,cohens_d_train,0.031391237
tolokers,BundleSheaf,false,3,4,epoch-50,4,6,cohens_d_train,0.027311197
tolokers,BundleSheaf,false,3,4,epoch-50,0,6,cohens_d_test,0.063545994
tolokers,BundleSheaf,false,3,4,epoch-50,1,6,cohens_d_test,0.060131054
tolokers,BundleSheaf,false,3,4,epoch-50,2,6,cohens_d_test,0.09770592
tolokers,BundleSheaf,false,3,4,epoch-50,3,6,cohens_d_test,0.04146379
tolokers,BundleSheaf,false,3,4,epoch-50,4,6,cohens_d_test,0.03239259
tolokers,BundleSheaf,false,3,4,epoch-50,0,7,degree,0.06889535140224183
tolokers,BundleSheaf,false,3,4,epoch-50,1,7,degree,0.9519724125890127
tolokers,BundleSheaf,false,3,4,epoch-50,2,7,degree,0.9610646327498619
tolokers,BundleSheaf,false,3,4,epoch-50,3,7,degree,0.8974461456266273
tolokers,BundleSheaf,false,3,4,epoch-50,4,7,degree,0.8660044024388411
tolokers,BundleSheaf,false,3,4,epoch-50,0,7,betweenness,0.061341298745949506
tolokers,BundleSheaf,false,3,4,epoch-50,1,7,betweenness,0.8055306635176994
tolokers,BundleSheaf,false,3,4,epoch-50,2,7,betweenness,0.7948098037551732
tolokers,BundleSheaf,false,3,4,epoch-50,3,7,betweenness,0.7343716440904128
tolokers,BundleSheaf,false,3,4,epoch-50,4,7,betweenness,0.7032101975884215
tolokers,BundleSheaf,false,3,4,epoch-50,0,7,confidence,-0.0043933112640290204
tolokers,BundleSheaf,false,3,4,epoch-50,1,7,confidence,0.14578145749147453
tolokers,BundleSheaf,false,3,4,epoch-50,2,7,confidence,0.15583655075685926
tolokers,BundleSheaf,false,3,4,epoch-50,3,7,confidence,0.15696354932371873
tolokers,BundleSheaf,false,3,4,epoch-50,4,7,confidence,0.15709963147184372
tolokers,BundleSheaf,false,3,4,epoch-50,0,7,saliency,0.061222469485961696
tolokers,BundleSheaf,false,3,4,epoch-50,1,7,saliency,0.8045820490925686
tolokers,BundleSheaf,false,3,4,epoch-50,2,7,saliency,0.8999805414896673
tolokers,BundleSheaf,false,3,4,epoch-50,3,7,saliency,0.9285495743263431
tolokers,BundleSheaf,false,3,4,epoch-50,4,7,saliency,0.9329514074515529
tolokers,BundleSheaf,false,3,4,epoch-50,0,7,cohens_d_train,0.054744665
tolokers,BundleSheaf,false,3,4,epoch-50,1,7,cohens_d_train,0.020174017
tolokers,BundleSheaf,false,3,4,epoch-50,2,7,cohens_d_train,0.0002870446
tolokers,BundleSheaf,false,3,4,epoch-50,3,7,cohens_d_train,0.020099124
tolokers,BundleSheaf,false,3,4,epoch-50,4,7,cohens_d_train,0.021576898
tolokers,BundleSheaf,false,3,4,epoch-50,0,7,cohens_d_test,0.014250231
tolokers,BundleSheaf,false,3,4,epoch-50,1,7,cohens_d_test,0.058978572
tolokers,BundleSheaf,false,3,4,epoch-50,2,7,cohens_d_test,0.02222967
tolokers,BundleSheaf,false,3,4,epoch-50,3,7,cohens_d_test,0.0064682798
tolokers,BundleSheaf,false,3,4,epoch-50,4,7,cohens_d_test,0.016082156
tolokers,BundleSheaf,false,3,4,epoch-50,0,8,degree,-0.02728428617800486
tolokers,BundleSheaf,false,3,4,epoch-50,1,8,degree,0.9663857344304193
tolokers,BundleSheaf,false,3,4,epoch-50,2,8,degree,0.93942781848527
tolokers,BundleSheaf,false,3,4,epoch-50,3,8,degree,0.8988425609511596
tolokers,BundleSheaf,false,3,4,epoch-50,4,8,degree,0.8627592465780297
tolokers,BundleSheaf,false,3,4,epoch-50,0,8,betweenness,-0.020670990906427454
tolokers,BundleSheaf,false,3,4,epoch-50,1,8,betweenness,0.8225843523660534
tolokers,BundleSheaf,false,3,4,epoch-50,2,8,betweenness,0.7700680941708388
tolokers,BundleSheaf,false,3,4,epoch-50,3,8,betweenness,0.7245899483934758
tolokers,BundleSheaf,false,3,4,epoch-50,4,8,betweenness,0.6999502609209255
tolokers,BundleSheaf,false,3,4,epoch-50,0,8,confidence,-0.025974280354553042
tolokers,BundleSheaf,false,3,4,epoch-50,1,8,confidence,0.13247579146961022
tolokers,BundleSheaf,false,3,4,epoch-50,2,8,confidence,0.14237906350838372
tolokers,BundleSheaf,false,3,4,epoch-50,3,8,confidence,0.14372358553421422
tolokers,BundleSheaf,false,3,4,epoch-50,4,8,confidence,0.14399118654729995
tolokers,BundleSheaf,false,3,4,epoch-50,0,8,saliency,0.08023948312095554
tolokers,BundleSheaf,false,3,4,epoch-50,1,8,saliency,0.7921184423703892
tolokers,BundleSheaf,false,3,4,epoch-50,2,8,saliency,0.9260992843384449
tolokers,BundleSheaf,false,3,4,epoch-50,3,8,saliency,0.9462241317790825
tolokers,BundleSheaf,false,3,4,epoch-50,4,8,saliency,0.9461501152700125
tolokers,BundleSheaf,false,3,4,epoch-50,0,8,cohens_d_train,0.12128336
tolokers,BundleSheaf,false,3,4,epoch-50,1,8,cohens_d_train,0.017690301
tolokers,BundleSheaf,false,3,4,epoch-50,2,8,cohens_d_train,0.07185379
tolokers,BundleSheaf,false,3,4,epoch-50,3,8,cohens_d_train,0.04823806
tolokers,BundleSheaf,false,3,4,epoch-50,4,8,cohens_d_train,0.071539275
tolokers,BundleSheaf,false,3,4,epoch-50,0,8,cohens_d_test,0.14279884
tolokers,BundleSheaf,false,3,4,epoch-50,1,8,cohens_d_test,0.00015861586
tolokers,BundleSheaf,false,3,4,epoch-50,2,8,cohens_d_test,0.06602919
tolokers,BundleSheaf,false,3,4,epoch-50,3,8,cohens_d_test,0.03382502
tolokers,BundleSheaf,false,3,4,epoch-50,4,8,cohens_d_test,0.043536134
tolokers,BundleSheaf,false,3,4,epoch-50,0,9,degree,-0.15838976854753514
tolokers,BundleSheaf,false,3,4,epoch-50,1,9,degree,0.9306358989059462
tolokers,BundleSheaf,false,3,4,epoch-50,2,9,degree,0.89027155253915
tolokers,BundleSheaf,false,3,4,epoch-50,3,9,degree,0.8410768282689444
tolokers,BundleSheaf,false,3,4,epoch-50,4,9,degree,0.7501606370062568
tolokers,BundleSheaf,false,3,4,epoch-50,0,9,betweenness,-0.18483586593989657
tolokers,BundleSheaf,false,3,4,epoch-50,1,9,betweenness,0.7922223516149021
tolokers,BundleSheaf,false,3,4,epoch-50,2,9,betweenness,0.7265746010496814
tolokers,BundleSheaf,false,3,4,epoch-50,3,9,betweenness,0.6816653981456027
tolokers,BundleSheaf,false,3,4,epoch-50,4,9,betweenness,0.6040266259955943
tolokers,BundleSheaf,false,3,4,epoch-50,0,9,confidence,0.009108045382508714
tolokers,BundleSheaf,false,3,4,epoch-50,1,9,confidence,0.15561453435411932
tolokers,BundleSheaf,false,3,4,epoch-50,2,9,confidence,0.173025051846532
tolokers,BundleSheaf,false,3,4,epoch-50,3,9,confidence,0.17457325383560446
tolokers,BundleSheaf,false,3,4,epoch-50,4,9,confidence,0.1747126979497766
tolokers,BundleSheaf,false,3,4,epoch-50,0,9,saliency,-0.16359802128193657
tolokers,BundleSheaf,false,3,4,epoch-50,1,9,saliency,0.7570991796472388
tolokers,BundleSheaf,false,3,4,epoch-50,2,9,saliency,0.8399158991071977
tolokers,BundleSheaf,false,3,4,epoch-50,3,9,saliency,0.8388637597782643
tolokers,BundleSheaf,false,3,4,epoch-50,4,9,saliency,0.7728125815329776
tolokers,BundleSheaf,false,3,4,epoch-50,0,9,cohens_d_train,0.013827351
tolokers,BundleSheaf,false,3,4,epoch-50,1,9,cohens_d_train,0.009613969
tolokers,BundleSheaf,false,3,4,epoch-50,2,9,cohens_d_train,0.032498006
tolokers,BundleSheaf,false,3,4,epoch-50,3,9,cohens_d_train,0.05274163
tolokers,BundleSheaf,false,3,4,epoch-50,4,9,cohens_d_train,0.05456587
tolokers,BundleSheaf,false,3,4,epoch-50,0,9,cohens_d_test,0.01601674
tolokers,BundleSheaf,false,3,4,epoch-50,1,9,cohens_d_test,0.081331074
tolokers,BundleSheaf,false,3,4,epoch-50,2,9,cohens_d_test,0.06263421
tolokers,BundleSheaf,false,3,4,epoch-50,3,9,cohens_d_test,0.05349613
tolokers,BundleSheaf,false,3,4,epoch-50,4,9,cohens_d_test,0.051382996
tolokers,BundleSheaf,false,3,4,epoch-200,0,0,degree,0.09939621683477079
tolokers,BundleSheaf,false,3,4,epoch-200,1,0,degree,0.9267458208269392
tolokers,BundleSheaf,false,3,4,epoch-200,2,0,degree,0.957503593165285
tolokers,BundleSheaf,false,3,4,epoch-200,3,0,degree,0.878690207765466
tolokers,BundleSheaf,false,3,4,epoch-200,4,0,degree,0.8518714867965145
tolokers,BundleSheaf,false,3,4,epoch-200,0,0,betweenness,0.07831762138973106
tolokers,BundleSheaf,false,3,4,epoch-200,1,0,betweenness,0.7869197311884514
tolokers,BundleSheaf,false,3,4,epoch-200,2,0,betweenness,0.7820245468499563
tolokers,BundleSheaf,false,3,4,epoch-200,3,0,betweenness,0.7060162314891156
tolokers,BundleSheaf,false,3,4,epoch-200,4,0,betweenness,0.6929850644192265
tolokers,BundleSheaf,false,3,4,epoch-200,0,0,confidence,0.028811339793260702
tolokers,BundleSheaf,false,3,4,epoch-200,1,0,confidence,0.17616585552576206
tolokers,BundleSheaf,false,3,4,epoch-200,2,0,confidence,0.19077868944550183
tolokers,BundleSheaf,false,3,4,epoch-200,3,0,confidence,0.1924870642583659
tolokers,BundleSheaf,false,3,4,epoch-200,4,0,confidence,0.19268670360167411
tolokers,BundleSheaf,false,3,4,epoch-200,0,0,saliency,0.08880005170875732
tolokers,BundleSheaf,false,3,4,epoch-200,1,0,saliency,0.7772625303240873
tolokers,BundleSheaf,false,3,4,epoch-200,2,0,saliency,0.8991821919887912
tolokers,BundleSheaf,false,3,4,epoch-200,3,0,saliency,0.8859739570081036
tolokers,BundleSheaf,false,3,4,epoch-200,4,0,saliency,0.8618459351297555
tolokers,BundleSheaf,false,3,4,epoch-200,0,0,cohens_d_train,0.08601056
tolokers,BundleSheaf,false,3,4,epoch-200,1,0,cohens_d_train,0.17187043
tolokers,BundleSheaf,false,3,4,epoch-200,2,0,cohens_d_train,0.17137374
tolokers,BundleSheaf,false,3,4,epoch-200,3,0,cohens_d_train,0.23410025
tolokers,BundleSheaf,false,3,4,epoch-200,4,0,cohens_d_train,0.14048718
tolokers,BundleSheaf,false,3,4,epoch-200,0,0,cohens_d_test,0.06513431
tolokers,BundleSheaf,false,3,4,epoch-200,1,0,cohens_d_test,0.18112403
tolokers,BundleSheaf,false,3,4,epoch-200,2,0,cohens_d_test,0.1857325
tolokers,BundleSheaf,false,3,4,epoch-200,3,0,cohens_d_test,0.2172256
tolokers,BundleSheaf,false,3,4,epoch-200,4,0,cohens_d_test,0.15373486
tolokers,BundleSheaf,false,3,4,epoch-200,0,1,degree,-0.1911617524213964
tolokers,BundleSheaf,false,3,4,epoch-200,1,1,degree,0.9396384673602737
tolokers,BundleSheaf,false,3,4,epoch-200,2,1,degree,0.9530605065601242
tolokers,BundleSheaf,false,3,4,epoch-200,3,1,degree,0.8156618789575167
tolokers,BundleSheaf,false,3,4,epoch-200,4,1,degree,0.8384501718476641
tolokers,BundleSheaf,false,3,4,epoch-200,0,1,betweenness,-0.18793610059459645
tolokers,BundleSheaf,false,3,4,epoch-200,1,1,betweenness,0.7990657402568163
tolokers,BundleSheaf,false,3,4,epoch-200,2,1,betweenness,0.7827353124066715
tolokers,BundleSheaf,false,3,4,epoch-200,3,1,betweenness,0.6621833901305442
tolokers,BundleSheaf,false,3,4,epoch-200,4,1,betweenness,0.6764002987188573
tolokers,BundleSheaf,false,3,4,epoch-200,0,1,confidence,-0.020245115564398106
tolokers,BundleSheaf,false,3,4,epoch-200,1,1,confidence,0.15905050387533085
tolokers,BundleSheaf,false,3,4,epoch-200,2,1,confidence,0.17310712506008644
tolokers,BundleSheaf,false,3,4,epoch-200,3,1,confidence,0.17493635422508508
tolokers,BundleSheaf,false,3,4,epoch-200,4,1,confidence,0.17446306020076283
tolokers,BundleSheaf,false,3,4,epoch-200,0,1,saliency,-0.11070301796824412
tolokers,BundleSheaf,false,3,4,epoch-200,1,1,saliency,0.7787172529375104
tolokers,BundleSheaf,false,3,4,epoch-200,2,1,saliency,0.8970125753970458
tolokers,BundleSheaf,false,3,4,epoch-200,3,1,saliency,0.7724070471147699
tolokers,BundleSheaf,false,3,4,epoch-200,4,1,saliency,0.8815770973951472
tolokers,BundleSheaf,false,3,4,epoch-200,0,1,cohens_d_train,0.027404055
tolokers,BundleSheaf,false,3,4,epoch-200,1,1,cohens_d_train,0.0977701
tolokers,BundleSheaf,false,3,4,epoch-200,2,1,cohens_d_train,0.05957917
tolokers,BundleSheaf,false,3,4,epoch-200,3,1,cohens_d_train,0.035322383
tolokers,BundleSheaf,false,3,4,epoch-200,4,1,cohens_d_train,0.016875448
tolokers,BundleSheaf,false,3,4,epoch-200,0,1,cohens_d_test,0.046991725
tolokers,BundleSheaf,false,3,4,epoch-200,1,1,cohens_d_test,0.07061549
tolokers,BundleSheaf,false,3,4,epoch-200,2,1,cohens_d_test,0.015987571
tolokers,BundleSheaf,false,3,4,epoch-200,3,1,cohens_d_test,0.025156502
tolokers,BundleSheaf,false,3,4,epoch-200,4,1,cohens_d_test,0.0346844
tolokers,BundleSheaf,false,3,4,epoch-200,0,2,degree,-0.06413270417086707
tolokers,BundleSheaf,false,3,4,epoch-200,1,2,degree,0.9281678250146654
tolokers,BundleSheaf,false,3,4,epoch-200,2,2,degree,0.9551955656378394
tolokers,BundleSheaf,false,3,4,epoch-200,3,2,degree,0.9023139233273665
tolokers,BundleSheaf,false,3,4,epoch-200,4,2,degree,0.8745472078494142
tolokers,BundleSheaf,false,3,4,epoch-200,0,2,betweenness,-0.10125142216843323
tolokers,BundleSheaf,false,3,4,epoch-200,1,2,betweenness,0.7891007546088296
tolokers,BundleSheaf,false,3,4,epoch-200,2,2,betweenness,0.7770695529158929
tolokers,BundleSheaf,false,3,4,epoch-200,3,2,betweenness,0.7307067704800426
tolokers,BundleSheaf,false,3,4,epoch-200,4,2,betweenness,0.7121123589249894
tolokers,BundleSheaf,false,3,4,epoch-200,0,2,confidence,0.05981501346066365
tolokers,BundleSheaf,false,3,4,epoch-200,1,2,confidence,0.15615739192910222
tolokers,BundleSheaf,false,3,4,epoch-200,2,2,confidence,0.16875048859009556
tolokers,BundleSheaf,false,3,4,epoch-200,3,2,confidence,0.1700467366659022
tolokers,BundleSheaf,false,3,4,epoch-200,4,2,confidence,0.17026056652973348
tolokers,BundleSheaf,false,3,4,epoch-200,0,2,saliency,-0.1128469790764722
tolokers,BundleSheaf,false,3,4,epoch-200,1,2,saliency,0.7502746893541455
tolokers,BundleSheaf,false,3,4,epoch-200,2,2,saliency,0.9015133893042674
tolokers,BundleSheaf,false,3,4,epoch-200,3,2,saliency,0.9359916599552288
tolokers,BundleSheaf,false,3,4,epoch-200,4,2,saliency,0.9276321110963753
tolokers,BundleSheaf,false,3,4,epoch-200,0,2,cohens_d_train,0.18613313
tolokers,BundleSheaf,false,3,4,epoch-200,1,2,cohens_d_train,0.16342363
tolokers,BundleSheaf,false,3,4,epoch-200,2,2,cohens_d_train,0.07219107
tolokers,BundleSheaf,false,3,4,epoch-200,3,2,cohens_d_train,0.16726005
tolokers,BundleSheaf,false,3,4,epoch-200,4,2,cohens_d_train,0.00016518029
tolokers,BundleSheaf,false,3,4,epoch-200,0,2,cohens_d_test,0.12759821
tolokers,BundleSheaf,false,3,4,epoch-200,1,2,cohens_d_test,0.15536079
tolokers,BundleSheaf,false,3,4,epoch-200,2,2,cohens_d_test,0.038620386
tolokers,BundleSheaf,false,3,4,epoch-200,3,2,cohens_d_test,0.084582254
tolokers,BundleSheaf,false,3,4,epoch-200,4,2,cohens_d_test,0.004465436
tolokers,BundleSheaf,false,3,4,epoch-200,0,3,degree,-0.09490115830368154
tolokers,BundleSheaf,false,3,4,epoch-200,1,3,degree,0.957898363966146
tolokers,BundleSheaf,false,3,4,epoch-200,2,3,degree,0.9251417986453121
tolokers,BundleSheaf,false,3,4,epoch-200,3,3,degree,0.8620145260984354
tolokers,BundleSheaf,false,3,4,epoch-200,4,3,degree,0.8210097958335512
tolokers,BundleSheaf,false,3,4,epoch-200,0,3,betweenness,-0.13717608643493856
tolokers,BundleSheaf,false,3,4,epoch-200,1,3,betweenness,0.8085463785472916
tolokers,BundleSheaf,false,3,4,epoch-200,2,3,betweenness,0.7489263669868657
tolokers,BundleSheaf,false,3,4,epoch-200,3,3,betweenness,0.7033524061026244
tolokers,BundleSheaf,false,3,4,epoch-200,4,3,betweenness,0.6629925374421317
tolokers,BundleSheaf,false,3,4,epoch-200,0,3,confidence,0.043150235121864174
tolokers,BundleSheaf,false,3,4,epoch-200,1,3,confidence,0.1696551743917496
tolokers,BundleSheaf,false,3,4,epoch-200,2,3,confidence,0.18367258112229257
tolokers,BundleSheaf,false,3,4,epoch-200,3,3,confidence,0.18521866445803187
tolokers,BundleSheaf,false,3,4,epoch-200,4,3,confidence,0.18559460979324005
tolokers,BundleSheaf,false,3,4,epoch-200,0,3,saliency,-0.017160172458902993
tolokers,BundleSheaf,false,3,4,epoch-200,1,3,saliency,0.8256816186770612
tolokers,BundleSheaf,false,3,4,epoch-200,2,3,saliency,0.8489419166348865
tolokers,BundleSheaf,false,3,4,epoch-200,3,3,saliency,0.7812935726690602
tolokers,BundleSheaf,false,3,4,epoch-200,4,3,saliency,0.7587161473294042
tolokers,BundleSheaf,false,3,4,epoch-200,0,3,cohens_d_train,0.2149111
tolokers,BundleSheaf,false,3,4,epoch-200,1,3,cohens_d_train,0.10863592
tolokers,BundleSheaf,false,3,4,epoch-200,2,3,cohens_d_train,0.13915437
tolokers,BundleSheaf,false,3,4,epoch-200,3,3,cohens_d_train,0.111768104
tolokers,BundleSheaf,false,3,4,epoch-200,4,3,cohens_d_train,0.04378729
tolokers,BundleSheaf,false,3,4,epoch-200,0,3,cohens_d_test,0.24504296
tolokers,BundleSheaf,false,3,4,epoch-200,1,3,cohens_d_test,0.1288276
tolokers,BundleSheaf,false,3,4,epoch-200,2,3,cohens_d_test,0.1668411
tolokers,BundleSheaf,false,3,4,epoch-200,3,3,cohens_d_test,0.13839482
tolokers,BundleSheaf,false,3,4,epoch-200,4,3,cohens_d_test,0.11774096
tolokers,BundleSheaf,false,3,4,epoch-200,0,4,degree,-0.07560882931097172
tolokers,BundleSheaf,false,3,4,epoch-200,1,4,degree,0.954452195727264
tolokers,BundleSheaf,false,3,4,epoch-200,2,4,degree,0.9552054972119539
tolokers,BundleSheaf,false,3,4,epoch-200,3,4,degree,0.8383242827256274
tolokers,BundleSheaf,false,3,4,epoch-200,4,4,degree,0.8690716424429313
tolokers,BundleSheaf,false,3,4,epoch-200,0,4,betweenness,-0.056234973911954894
tolokers,BundleSheaf,false,3,4,epoch-200,1,4,betweenness,0.8159956975352095
tolokers,BundleSheaf,false,3,4,epoch-200,2,4,betweenness,0.7841890212057177
tolokers,BundleSheaf,false,3,4,epoch-200,3,4,betweenness,0.6694132841459501
tolokers,BundleSheaf,false,3,4,epoch-200,4,4,betweenness,0.7078694833568321
tolokers,BundleSheaf,false,3,4,epoch-200,0,4,confidence,-0.034077726499271724
tolokers,BundleSheaf,false,3,4,epoch-200,1,4,confidence,0.16344476778562936
tolokers,BundleSheaf,false,3,4,epoch-200,2,4,confidence,0.17857717892567046
tolokers,BundleSheaf,false,3,4,epoch-200,3,4,confidence,0.1800955812265822
tolokers,BundleSheaf,false,3,4,epoch-200,4,4,confidence,0.18036741524481256
tolokers,BundleSheaf,false,3,4,epoch-200,0,4,saliency,0.03269583360832976
tolokers,BundleSheaf,false,3,4,epoch-200,1,4,saliency,0.7790213794021765
tolokers,BundleSheaf,false,3,4,epoch-200,2,4,saliency,0.864066485401236
tolokers,BundleSheaf,false,3,4,epoch-200,3,4,saliency,0.8616397046536999
tolokers,BundleSheaf,false,3,4,epoch-200,4,4,saliency,0.8691086546642837
tolokers,BundleSheaf,false,3,4,epoch-200,0,4,cohens_d_train,0.18419324
tolokers,BundleSheaf,false,3,4,epoch-200,1,4,cohens_d_train,0.24753198
tolokers,BundleSheaf,false,3,4,epoch-200,2,4,cohens_d_train,0.16022411
tolokers,BundleSheaf,false,3,4,epoch-200,3,4,cohens_d_train,0.18714853
tolokers,BundleSheaf,false,3,4,epoch-200,4,4,cohens_d_train,0.15148412
tolokers,BundleSheaf,false,3,4,epoch-200,0,4,cohens_d_test,0.073886305
tolokers,BundleSheaf,false,3,4,epoch-200,1,4,cohens_d_test,0.27824304
tolokers,BundleSheaf,false,3,4,epoch-200,2,4,cohens_d_test,0.2433107
tolokers,BundleSheaf,false,3,4,epoch-200,3,4,cohens_d_test,0.33722547
tolokers,BundleSheaf,false,3,4,epoch-200,4,4,cohens_d_test,0.15288839
tolokers,BundleSheaf,false,3,4,epoch-200,0,5,degree,-0.26919090148300673
tolokers,BundleSheaf,false,3,4,epoch-200,1,5,degree,0.9457910291414597
tolokers,BundleSheaf,false,3,4,epoch-200,2,5,degree,0.9622149148964448
tolokers,BundleSheaf,false,3,4,epoch-200,3,5,degree,0.49861985275788695
tolokers,BundleSheaf,false,3,4,epoch-200,4,5,degree,0.825384135763797
tolokers,BundleSheaf,false,3,4,epoch-200,0,5,betweenness,-0.29941084503213006
tolokers,BundleSheaf,false,3,4,epoch-200,1,5,betweenness,0.8044906588466563
tolokers,BundleSheaf,false,3,4,epoch-200,2,5,betweenness,0.7865623077662537
tolokers,BundleSheaf,false,3,4,epoch-200,3,5,betweenness,0.3935647148533979
tolokers,BundleSheaf,false,3,4,epoch-200,4,5,betweenness,0.6676102719443843
tolokers,BundleSheaf,false,3,4,epoch-200,0,5,confidence,0.002868698706455306
tolokers,BundleSheaf,false,3,4,epoch-200,1,5,confidence,0.17674620214332373
tolokers,BundleSheaf,false,3,4,epoch-200,2,5,confidence,0.19291243058663474
tolokers,BundleSheaf,false,3,4,epoch-200,3,5,confidence,0.1893793106960148
tolokers,BundleSheaf,false,3,4,epoch-200,4,5,confidence,0.19149156235782716
tolokers,BundleSheaf,false,3,4,epoch-200,0,5,saliency,-0.2334962787586905
tolokers,BundleSheaf,false,3,4,epoch-200,1,5,saliency,0.7869168831163736
tolokers,BundleSheaf,false,3,4,epoch-200,2,5,saliency,0.880167338240259
tolokers,BundleSheaf,false,3,4,epoch-200,3,5,saliency,0.5242522719236137
tolokers,BundleSheaf,false,3,4,epoch-200,4,5,saliency,0.8597642291425358
tolokers,BundleSheaf,false,3,4,epoch-200,0,5,cohens_d_train,0.06326209
tolokers,BundleSheaf,false,3,4,epoch-200,1,5,cohens_d_train,0.002029677
tolokers,BundleSheaf,false,3,4,epoch-200,2,5,cohens_d_train,0.017213358
tolokers,BundleSheaf,false,3,4,epoch-200,3,5,cohens_d_train,0.0035504564
tolokers,BundleSheaf,false,3,4,epoch-200,4,5,cohens_d_train,0.013101448
tolokers,BundleSheaf,false,3,4,epoch-200,0,5,cohens_d_test,0.07634659
tolokers,BundleSheaf,false,3,4,epoch-200,1,5,cohens_d_test,0.008498827
tolokers,BundleSheaf,false,3,4,epoch-200,2,5,cohens_d_test,0.0015622257
tolokers,BundleSheaf,false,3,4,epoch-200,3,5,cohens_d_test,0.02021194
tolokers,BundleSheaf,false,3,4,epoch-200,4,5,cohens_d_test,0.025633533
tolokers,BundleSheaf,false,3,4,epoch-200,0,6,degree,0.012443577808004605
tolokers,BundleSheaf,false,3,4,epoch-200,1,6,degree,0.9237119805625231
tolokers,BundleSheaf,false,3,4,epoch-200,2,6,degree,0.935301503884735
tolokers,BundleSheaf,false,3,4,epoch-200,3,6,degree,0.6640868390816255
tolokers,BundleSheaf,false,3,4,epoch-200,4,6,degree,0.8592036423553301
tolokers,BundleSheaf,false,3,4,epoch-200,0,6,betweenness,0.014493840347976544
tolokers,BundleSheaf,false,3,4,epoch-200,1,6,betweenness,0.7816793893029003
tolokers,BundleSheaf,false,3,4,epoch-200,2,6,betweenness,0.7607831393078913
tolokers,BundleSheaf,false,3,4,epoch-200,3,6,betweenness,0.550540358711223
tolokers,BundleSheaf,false,3,4,epoch-200,4,6,betweenness,0.6969044862525832
tolokers,BundleSheaf,false,3,4,epoch-200,0,6,confidence,0.029842343699762082
tolokers,BundleSheaf,false,3,4,epoch-200,1,6,confidence,0.1704009936828097
tolokers,BundleSheaf,false,3,4,epoch-200,2,6,confidence,0.18317404443308655
tolokers,BundleSheaf,false,3,4,epoch-200,3,6,confidence,0.1843822176171019
tolokers,BundleSheaf,false,3,4,epoch-200,4,6,confidence,0.18526768631891524
tolokers,BundleSheaf,false,3,4,epoch-200,0,6,saliency,0.05055517097877184
tolokers,BundleSheaf,false,3,4,epoch-200,1,6,saliency,0.7390139101988689
tolokers,BundleSheaf,false,3,4,epoch-200,2,6,saliency,0.8605020218620825
tolokers,BundleSheaf,false,3,4,epoch-200,3,6,saliency,0.5714881063297362
tolokers,BundleSheaf,false,3,4,epoch-200,4,6,saliency,0.8536809072843682
tolokers,BundleSheaf,false,3,4,epoch-200,0,6,cohens_d_train,0.1193138
tolokers,BundleSheaf,false,3,4,epoch-200,1,6,cohens_d_train,0.071553
tolokers,BundleSheaf,false,3,4,epoch-200,2,6,cohens_d_train,0.041010924
tolokers,BundleSheaf,false,3,4,epoch-200,3,6,cohens_d_train,0.096122384
tolokers,BundleSheaf,false,3,4,epoch-200,4,6,cohens_d_train,0.024255857
tolokers,BundleSheaf,false,3,4,epoch-200,0,6,cohens_d_test,0.12192673
tolokers,BundleSheaf,false,3,4,epoch-200,1,6,cohens_d_test,0.016333371
tolokers,BundleSheaf,false,3,4,epoch-200,2,6,cohens_d_test,0.0070446767
tolokers,BundleSheaf,false,3,4,epoch-200,3,6,cohens_d_test,0.09964944
tolokers,BundleSheaf,false,3,4,epoch-200,4,6,cohens_d_test,0.035471532
tolokers,BundleSheaf,false,3,4,epoch-200,0,7,degree,0.07209853394663807
tolokers,BundleSheaf,false,3,4,epoch-200,1,7,degree,0.9514180076923487
tolokers,BundleSheaf,false,3,4,epoch-200,2,7,degree,0.9589457656806402
tolokers,BundleSheaf,false,3,4,epoch-200,3,7,degree,0.8989823756010159
tolokers,BundleSheaf,false,3,4,epoch-200,4,7,degree,0.8520593838847844
tolokers,BundleSheaf,false,3,4,epoch-200,0,7,betweenness,0.06403436938473002
tolokers,BundleSheaf,false,3,4,epoch-200,1,7,betweenness,0.804826543309819
tolokers,BundleSheaf,false,3,4,epoch-200,2,7,betweenness,0.7898439706333953
tolokers,BundleSheaf,false,3,4,epoch-200,3,7,betweenness,0.7468266477266452
tolokers,BundleSheaf,false,3,4,epoch-200,4,7,betweenness,0.6900682419427314
tolokers,BundleSheaf,false,3,4,epoch-200,0,7,confidence,0.004199647563736497
tolokers,BundleSheaf,false,3,4,epoch-200,1,7,confidence,0.1640255794460402
tolokers,BundleSheaf,false,3,4,epoch-200,2,7,confidence,0.17599674492209302
tolokers,BundleSheaf,false,3,4,epoch-200,3,7,confidence,0.17744287627016206
tolokers,BundleSheaf,false,3,4,epoch-200,4,7,confidence,0.17754203572241561
tolokers,BundleSheaf,false,3,4,epoch-200,0,7,saliency,0.05812422252733887
tolokers,BundleSheaf,false,3,4,epoch-200,1,7,saliency,0.8125282108144543
tolokers,BundleSheaf,false,3,4,epoch-200,2,7,saliency,0.9167734009455085
tolokers,BundleSheaf,false,3,4,epoch-200,3,7,saliency,0.9186807639529048
tolokers,BundleSheaf,false,3,4,epoch-200,4,7,saliency,0.9279679666823442
tolokers,BundleSheaf,false,3,4,epoch-200,0,7,cohens_d_train,0.20249392
tolokers,BundleSheaf,false,3,4,epoch-200,1,7,cohens_d_train,0.115967765
tolokers,BundleSheaf,false,3,4,epoch-200,2,7,cohens_d_train,0.06777302
tolokers,BundleSheaf,false,3,4,epoch-200,3,7,cohens_d_train,0.006182315
tolokers,BundleSheaf,false,3,4,epoch-200,4,7,cohens_d_train,0.01952335
tolokers,BundleSheaf,false,3,4,epoch-200,0,7,cohens_d_test,0.19719033
tolokers,BundleSheaf,false,3,4,epoch-200,1,7,cohens_d_test,0.10873782
tolokers,BundleSheaf,false,3,4,epoch-200,2,7,cohens_d_test,0.07610545
tolokers,BundleSheaf,false,3,4,epoch-200,3,7,cohens_d_test,0.020742506
tolokers,BundleSheaf,false,3,4,epoch-200,4,7,cohens_d_test,0.00082853454
tolokers,BundleSheaf,false,3,4,epoch-200,0,8,degree,-0.04318434118045261
tolokers,BundleSheaf,false,3,4,epoch-200,1,8,degree,0.9687562622614442
tolokers,BundleSheaf,false,3,4,epoch-200,2,8,degree,0.9267397025614832
tolokers,BundleSheaf,false,3,4,epoch-200,3,8,degree,0.892034830350211
tolokers,BundleSheaf,false,3,4,epoch-200,4,8,degree,0.8548556595359948
tolokers,BundleSheaf,false,3,4,epoch-200,0,8,betweenness,-0.03722524275859049
tolokers,BundleSheaf,false,3,4,epoch-200,1,8,betweenness,0.8244618387392925
tolokers,BundleSheaf,false,3,4,epoch-200,2,8,betweenness,0.7518455673619457
tolokers,BundleSheaf,false,3,4,epoch-200,3,8,betweenness,0.7204216956718782
tolokers,BundleSheaf,false,3,4,epoch-200,4,8,betweenness,0.6931794942049496
tolokers,BundleSheaf,false,3,4,epoch-200,0,8,confidence,-0.020126185507907016
tolokers,BundleSheaf,false,3,4,epoch-200,1,8,confidence,0.18388835330592684
tolokers,BundleSheaf,false,3,4,epoch-200,2,8,confidence,0.19621957093309433
tolokers,BundleSheaf,false,3,4,epoch-200,3,8,confidence,0.19735644929557417
tolokers,BundleSheaf,false,3,4,epoch-200,4,8,confidence,0.1980202455346146
tolokers,BundleSheaf,false,3,4,epoch-200,0,8,saliency,0.10910477458783882
tolokers,BundleSheaf,false,3,4,epoch-200,1,8,saliency,0.7879560858547043
tolokers,BundleSheaf,false,3,4,epoch-200,2,8,saliency,0.8970089108310962
tolokers,BundleSheaf,false,3,4,epoch-200,3,8,saliency,0.881075031998949
tolokers,BundleSheaf,false,3,4,epoch-200,4,8,saliency,0.8989798786002787
tolokers,BundleSheaf,false,3,4,epoch-200,0,8,cohens_d_train,0.16480884
tolokers,BundleSheaf,false,3,4,epoch-200,1,8,cohens_d_train,0.18134184
tolokers,BundleSheaf,false,3,4,epoch-200,2,8,cohens_d_train,0.16148262
tolokers,BundleSheaf,false,3,4,epoch-200,3,8,cohens_d_train,0.16090268
tolokers,BundleSheaf,false,3,4,epoch-200,4,8,cohens_d_train,0.08704992
tolokers,BundleSheaf,false,3,4,epoch-200,0,8,cohens_d_test,0.19306105
tolokers,BundleSheaf,false,3,4,epoch-200,1,8,cohens_d_test,0.1978715
tolokers,BundleSheaf,false,3,4,epoch-200,2,8,cohens_d_test,0.17117019
tolokers,BundleSheaf,false,3,4,epoch-200,3,8,cohens_d_test,0.18581602
tolokers,BundleSheaf,false,3,4,epoch-200,4,8,cohens_d_test,0.08162186
tolokers,BundleSheaf,false,3,4,epoch-200,0,9,degree,-0.23492801135339533
tolokers,BundleSheaf,false,3,4,epoch-200,1,9,degree,0.9383179912081139
tolokers,BundleSheaf,false,3,4,epoch-200,2,9,degree,0.9248929929280988
tolokers,BundleSheaf,false,3,4,epoch-200,3,9,degree,0.8582951289364275
tolokers,BundleSheaf,false,3,4,epoch-200,4,9,degree,0.8494321866454155
tolokers,BundleSheaf,false,3,4,epoch-200,0,9,betweenness,-0.2624012982939478
tolokers,BundleSheaf,false,3,4,epoch-200,1,9,betweenness,0.7977047860771858
tolokers,BundleSheaf,false,3,4,epoch-200,2,9,betweenness,0.7516204195211499
tolokers,BundleSheaf,false,3,4,epoch-200,3,9,betweenness,0.6988210703324567
tolokers,BundleSheaf,false,3,4,epoch-200,4,9,betweenness,0.6863955560693651
tolokers,BundleSheaf,false,3,4,epoch-200,0,9,confidence,0.00045154454457501124
tolokers,BundleSheaf,false,3,4,epoch-200,1,9,confidence,0.166329342012343
tolokers,BundleSheaf,false,3,4,epoch-200,2,9,confidence,0.18232584243692387
tolokers,BundleSheaf,false,3,4,epoch-200,3,9,confidence,0.183858598780246
tolokers,BundleSheaf,false,3,4,epoch-200,4,9,confidence,0.18405761818039
tolokers,BundleSheaf,false,3,4,epoch-200,0,9,saliency,-0.2608175655139836
tolokers,BundleSheaf,false,3,4,epoch-200,1,9,saliency,0.7805632382387636
tolokers,BundleSheaf,false,3,4,epoch-200,2,9,saliency,0.8638117857197172
tolokers,BundleSheaf,false,3,4,epoch-200,3,9,saliency,0.8537255831277366
tolokers,BundleSheaf,false,3,4,epoch-200,4,9,saliency,0.8620857982587464
tolokers,BundleSheaf,false,3,4,epoch-200,0,9,cohens_d_train,0.10337269
tolokers,BundleSheaf,false,3,4,epoch-200,1,9,cohens_d_train,0.0030257604
tolokers,BundleSheaf,false,3,4,epoch-200,2,9,cohens_d_train,0.05211839
tolokers,BundleSheaf,false,3,4,epoch-200,3,9,cohens_d_train,0.06448413
tolokers,BundleSheaf,false,3,4,epoch-200,4,9,cohens_d_train,0.08366902
tolokers,BundleSheaf,false,3,4,epoch-200,0,9,cohens_d_test,0.04096869
tolokers,BundleSheaf,false,3,4,epoch-200,1,9,cohens_d_test,0.07819886
tolokers,BundleSheaf,false,3,4,epoch-200,2,9,cohens_d_test,0.06634302
tolokers,BundleSheaf,false,3,4,epoch-200,3,9,cohens_d_test,0.049385417
tolokers,BundleSheaf,false,3,4,epoch-200,4,9,cohens_d_test,0.068222746
tolokers,BundleSheaf,false,3,4,best-epoch,0,0,degree,0.09727531234225256
tolokers,BundleSheaf,false,3,4,best-epoch,1,0,degree,0.9308991152781076
tolokers,BundleSheaf,false,3,4,best-epoch,2,0,degree,0.956412363384614
tolokers,BundleSheaf,false,3,4,best-epoch,3,0,degree,0.8405314243315837
tolokers,BundleSheaf,false,3,4,best-epoch,4,0,degree,0.8781653926158628
tolokers,BundleSheaf,false,3,4,best-epoch,0,0,betweenness,0.057687630747568455
tolokers,BundleSheaf,false,3,4,best-epoch,1,0,betweenness,0.7894540323290603
tolokers,BundleSheaf,false,3,4,best-epoch,2,0,betweenness,0.7815458794702467
tolokers,BundleSheaf,false,3,4,best-epoch,3,0,betweenness,0.6624859198027054
tolokers,BundleSheaf,false,3,4,best-epoch,4,0,betweenness,0.7374802761263399
tolokers,BundleSheaf,false,3,4,best-epoch,0,0,confidence,0.05486188163135587
tolokers,BundleSheaf,false,3,4,best-epoch,1,0,confidence,0.1816053560897804
tolokers,BundleSheaf,false,3,4,best-epoch,2,0,confidence,0.1962961207769698
tolokers,BundleSheaf,false,3,4,best-epoch,3,0,confidence,0.19762405207270306
tolokers,BundleSheaf,false,3,4,best-epoch,4,0,confidence,0.19907091591867238
tolokers,BundleSheaf,false,3,4,best-epoch,0,0,saliency,0.05896395667720757
tolokers,BundleSheaf,false,3,4,best-epoch,1,0,saliency,0.7647318187140367
tolokers,BundleSheaf,false,3,4,best-epoch,2,0,saliency,0.8855849471399605
tolokers,BundleSheaf,false,3,4,best-epoch,3,0,saliency,0.8339072634153463
tolokers,BundleSheaf,false,3,4,best-epoch,4,0,saliency,0.838828412124368
tolokers,BundleSheaf,false,3,4,best-epoch,0,0,cohens_d_train,0.07922491
tolokers,BundleSheaf,false,3,4,best-epoch,1,0,cohens_d_train,0.0847443
tolokers,BundleSheaf,false,3,4,best-epoch,2,0,cohens_d_train,0.022754565
tolokers,BundleSheaf,false,3,4,best-epoch,3,0,cohens_d_train,0.13114409
tolokers,BundleSheaf,false,3,4,best-epoch,4,0,cohens_d_train,0.04278115
tolokers,BundleSheaf,false,3,4,best-epoch,0,0,cohens_d_test,0.03936968
tolokers,BundleSheaf,false,3,4,best-epoch,1,0,cohens_d_test,0.0855404
tolokers,BundleSheaf,false,3,4,best-epoch,2,0,cohens_d_test,0.010974524
tolokers,BundleSheaf,false,3,4,best-epoch,3,0,cohens_d_test,0.069395095
tolokers,BundleSheaf,false,3,4,best-epoch,4,0,cohens_d_test,0.08811299
tolokers,BundleSheaf,false,3,4,best-epoch,0,1,degree,-0.18600008322945447
tolokers,BundleSheaf,false,3,4,best-epoch,1,1,degree,0.9420302623368406
tolokers,BundleSheaf,false,3,4,best-epoch,2,1,degree,0.9553926623371033
tolokers,BundleSheaf,false,3,4,best-epoch,3,1,degree,0.7768915671928037
tolokers,BundleSheaf,false,3,4,best-epoch,4,1,degree,0.8493383717001356
tolokers,BundleSheaf,false,3,4,best-epoch,0,1,betweenness,-0.1829648722845178
tolokers,BundleSheaf,false,3,4,best-epoch,1,1,betweenness,0.8014589453226618
tolokers,BundleSheaf,false,3,4,best-epoch,2,1,betweenness,0.7875632229114095
tolokers,BundleSheaf,false,3,4,best-epoch,3,1,betweenness,0.6173383093533328
tolokers,BundleSheaf,false,3,4,best-epoch,4,1,betweenness,0.6899590327243466
tolokers,BundleSheaf,false,3,4,best-epoch,0,1,confidence,-0.015710287108813788
tolokers,BundleSheaf,false,3,4,best-epoch,1,1,confidence,0.166434544322926
tolokers,BundleSheaf,false,3,4,best-epoch,2,1,confidence,0.18177460173015023
tolokers,BundleSheaf,false,3,4,best-epoch,3,1,confidence,0.18286506415510678
tolokers,BundleSheaf,false,3,4,best-epoch,4,1,confidence,0.18357400389141454
tolokers,BundleSheaf,false,3,4,best-epoch,0,1,saliency,-0.1510284483412584
tolokers,BundleSheaf,false,3,4,best-epoch,1,1,saliency,0.7883668456592596
tolokers,BundleSheaf,false,3,4,best-epoch,2,1,saliency,0.8217945629329496
tolokers,BundleSheaf,false,3,4,best-epoch,3,1,saliency,0.6291397458728645
tolokers,BundleSheaf,false,3,4,best-epoch,4,1,saliency,0.7288195308701659
tolokers,BundleSheaf,false,3,4,best-epoch,0,1,cohens_d_train,0.0021892686
tolokers,BundleSheaf,false,3,4,best-epoch,1,1,cohens_d_train,0.006802102
tolokers,BundleSheaf,false,3,4,best-epoch,2,1,cohens_d_train,0.0032929005
tolokers,BundleSheaf,false,3,4,best-epoch,3,1,cohens_d_train,0.0028536974
tolokers,BundleSheaf,false,3,4,best-epoch,4,1,cohens_d_train,0.026617046
tolokers,BundleSheaf,false,3,4,best-epoch,0,1,cohens_d_test,0.0067259558
tolokers,BundleSheaf,false,3,4,best-epoch,1,1,cohens_d_test,0.014604136
tolokers,BundleSheaf,false,3,4,best-epoch,2,1,cohens_d_test,0.015185186
tolokers,BundleSheaf,false,3,4,best-epoch,3,1,cohens_d_test,0.023959918
tolokers,BundleSheaf,false,3,4,best-epoch,4,1,cohens_d_test,0.04633299
tolokers,BundleSheaf,false,3,4,best-epoch,0,2,degree,0.22971117115226933
tolokers,BundleSheaf,false,3,4,best-epoch,1,2,degree,0.9378302141883259
tolokers,BundleSheaf,false,3,4,best-epoch,2,2,degree,0.9562458439848894
tolokers,BundleSheaf,false,3,4,best-epoch,3,2,degree,0.9159668456848458
tolokers,BundleSheaf,false,3,4,best-epoch,4,2,degree,0.8093579341622005
tolokers,BundleSheaf,false,3,4,best-epoch,0,2,betweenness,0.2020237116360719
tolokers,BundleSheaf,false,3,4,best-epoch,1,2,betweenness,0.7986505313357585
tolokers,BundleSheaf,false,3,4,best-epoch,2,2,betweenness,0.782451019456711
tolokers,BundleSheaf,false,3,4,best-epoch,3,2,betweenness,0.7462721073930748
tolokers,BundleSheaf,false,3,4,best-epoch,4,2,betweenness,0.6464366791697754
tolokers,BundleSheaf,false,3,4,best-epoch,0,2,confidence,0.05403388617940852
tolokers,BundleSheaf,false,3,4,best-epoch,1,2,confidence,0.16645890743762184
tolokers,BundleSheaf,false,3,4,best-epoch,2,2,confidence,0.18209387844852348
tolokers,BundleSheaf,false,3,4,best-epoch,3,2,confidence,0.18381010504258044
tolokers,BundleSheaf,false,3,4,best-epoch,4,2,confidence,0.18437814220410045
tolokers,BundleSheaf,false,3,4,best-epoch,0,2,saliency,0.14463855986868687
tolokers,BundleSheaf,false,3,4,best-epoch,1,2,saliency,0.7345983750735543
tolokers,BundleSheaf,false,3,4,best-epoch,2,2,saliency,0.8728830405348762
tolokers,BundleSheaf,false,3,4,best-epoch,3,2,saliency,0.9053850506060838
tolokers,BundleSheaf,false,3,4,best-epoch,4,2,saliency,0.883506626198056
tolokers,BundleSheaf,false,3,4,best-epoch,0,2,cohens_d_train,0.18665223
tolokers,BundleSheaf,false,3,4,best-epoch,1,2,cohens_d_train,0.19956341
tolokers,BundleSheaf,false,3,4,best-epoch,2,2,cohens_d_train,0.23544537
tolokers,BundleSheaf,false,3,4,best-epoch,3,2,cohens_d_train,0.20482527
tolokers,BundleSheaf,false,3,4,best-epoch,4,2,cohens_d_train,0.18580297
tolokers,BundleSheaf,false,3,4,best-epoch,0,2,cohens_d_test,0.09819433
tolokers,BundleSheaf,false,3,4,best-epoch,1,2,cohens_d_test,0.19431616
tolokers,BundleSheaf,false,3,4,best-epoch,2,2,cohens_d_test,0.19108362
tolokers,BundleSheaf,false,3,4,best-epoch,3,2,cohens_d_test,0.18156187
tolokers,BundleSheaf,false,3,4,best-epoch,4,2,cohens_d_test,0.07507492
tolokers,BundleSheaf,false,3,4,best-epoch,0,3,degree,-0.05385350873516428
tolokers,BundleSheaf,false,3,4,best-epoch,1,3,degree,0.9629372318579814
tolokers,BundleSheaf,false,3,4,best-epoch,2,3,degree,0.9474744323981141
tolokers,BundleSheaf,false,3,4,best-epoch,3,3,degree,0.8707241813076596
tolokers,BundleSheaf,false,3,4,best-epoch,4,3,degree,0.9038297238157196
tolokers,BundleSheaf,false,3,4,best-epoch,0,3,betweenness,-0.09967383929892228
tolokers,BundleSheaf,false,3,4,best-epoch,1,3,betweenness,0.816607826869735
tolokers,BundleSheaf,false,3,4,best-epoch,2,3,betweenness,0.7724578810744277
tolokers,BundleSheaf,false,3,4,best-epoch,3,3,betweenness,0.7204179327456518
tolokers,BundleSheaf,false,3,4,best-epoch,4,3,betweenness,0.7394900649100555
tolokers,BundleSheaf,false,3,4,best-epoch,0,3,confidence,0.06486195322747002
tolokers,BundleSheaf,false,3,4,best-epoch,1,3,confidence,0.20788070859781999
tolokers,BundleSheaf,false,3,4,best-epoch,2,3,confidence,0.22554645439907337
tolokers,BundleSheaf,false,3,4,best-epoch,3,3,confidence,0.22692174952627892
tolokers,BundleSheaf,false,3,4,best-epoch,4,3,confidence,0.22685244149029277
tolokers,BundleSheaf,false,3,4,best-epoch,0,3,saliency,-0.14844516351124062
tolokers,BundleSheaf,false,3,4,best-epoch,1,3,saliency,0.7660119179022176
tolokers,BundleSheaf,false,3,4,best-epoch,2,3,saliency,0.8152681961558735
tolokers,BundleSheaf,false,3,4,best-epoch,3,3,saliency,0.8230923835188114
tolokers,BundleSheaf,false,3,4,best-epoch,4,3,saliency,0.8604286117973776
tolokers,BundleSheaf,false,3,4,best-epoch,0,3,cohens_d_train,0.20938401
tolokers,BundleSheaf,false,3,4,best-epoch,1,3,cohens_d_train,0.0271909
tolokers,BundleSheaf,false,3,4,best-epoch,2,3,cohens_d_train,0.007040336
tolokers,BundleSheaf,false,3,4,best-epoch,3,3,cohens_d_train,0.046555072
tolokers,BundleSheaf,false,3,4,best-epoch,4,3,cohens_d_train,0.005356767
tolokers,BundleSheaf,false,3,4,best-epoch,0,3,cohens_d_test,0.31415027
tolokers,BundleSheaf,false,3,4,best-epoch,1,3,cohens_d_test,4.129672e-05
tolokers,BundleSheaf,false,3,4,best-epoch,2,3,cohens_d_test,0.064852566
tolokers,BundleSheaf,false,3,4,best-epoch,3,3,cohens_d_test,0.12876685
tolokers,BundleSheaf,false,3,4,best-epoch,4,3,cohens_d_test,0.10403563
tolokers,BundleSheaf,false,3,4,best-epoch,0,4,degree,-0.08042622034249487
tolokers,BundleSheaf,false,3,4,best-epoch,1,4,degree,0.9522916725081833
tolokers,BundleSheaf,false,3,4,best-epoch,2,4,degree,0.9575477622764492
tolokers,BundleSheaf,false,3,4,best-epoch,3,4,degree,0.8779018242572175
tolokers,BundleSheaf,false,3,4,best-epoch,4,4,degree,0.8070646033814471
tolokers,BundleSheaf,false,3,4,best-epoch,0,4,betweenness,-0.06087206253080271
tolokers,BundleSheaf,false,3,4,best-epoch,1,4,betweenness,0.8138529905424107
tolokers,BundleSheaf,false,3,4,best-epoch,2,4,betweenness,0.7866430120996588
tolokers,BundleSheaf,false,3,4,best-epoch,3,4,betweenness,0.7043712532667582
tolokers,BundleSheaf,false,3,4,best-epoch,4,4,betweenness,0.673195816369955
tolokers,BundleSheaf,false,3,4,best-epoch,0,4,confidence,-0.037360683330036136
tolokers,BundleSheaf,false,3,4,best-epoch,1,4,confidence,0.18101860295728905
tolokers,BundleSheaf,false,3,4,best-epoch,2,4,confidence,0.19719044912998293
tolokers,BundleSheaf,false,3,4,best-epoch,3,4,confidence,0.19817835710529635
tolokers,BundleSheaf,false,3,4,best-epoch,4,4,confidence,0.19963007679527658
tolokers,BundleSheaf,false,3,4,best-epoch,0,4,saliency,0.04747766620371483
tolokers,BundleSheaf,false,3,4,best-epoch,1,4,saliency,0.7844104707071158
tolokers,BundleSheaf,false,3,4,best-epoch,2,4,saliency,0.8746919155984881
tolokers,BundleSheaf,false,3,4,best-epoch,3,4,saliency,0.8748217059082101
tolokers,BundleSheaf,false,3,4,best-epoch,4,4,saliency,0.8147631163121939
tolokers,BundleSheaf,false,3,4,best-epoch,0,4,cohens_d_train,0.16813664
tolokers,BundleSheaf,false,3,4,best-epoch,1,4,cohens_d_train,0.27866343
tolokers,BundleSheaf,false,3,4,best-epoch,2,4,cohens_d_train,0.14269507
tolokers,BundleSheaf,false,3,4,best-epoch,3,4,cohens_d_train,0.26338643
tolokers,BundleSheaf,false,3,4,best-epoch,4,4,cohens_d_train,0.13643914
tolokers,BundleSheaf,false,3,4,best-epoch,0,4,cohens_d_test,0.08397039
tolokers,BundleSheaf,false,3,4,best-epoch,1,4,cohens_d_test,0.29086232
tolokers,BundleSheaf,false,3,4,best-epoch,2,4,cohens_d_test,0.14687793
tolokers,BundleSheaf,false,3,4,best-epoch,3,4,cohens_d_test,0.33093655
tolokers,BundleSheaf,false,3,4,best-epoch,4,4,cohens_d_test,0.04130992
tolokers,BundleSheaf,false,3,4,best-epoch,0,5,degree,-0.2806707030042752
tolokers,BundleSheaf,false,3,4,best-epoch,1,5,degree,0.9449270799039025
tolokers,BundleSheaf,false,3,4,best-epoch,2,5,degree,0.962570990661571
tolokers,BundleSheaf,false,3,4,best-epoch,3,5,degree,0.37179786345395194
tolokers,BundleSheaf,false,3,4,best-epoch,4,5,degree,0.8333564794813945
tolokers,BundleSheaf,false,3,4,best-epoch,0,5,betweenness,-0.31012707710638915
tolokers,BundleSheaf,false,3,4,best-epoch,1,5,betweenness,0.8032104655329202
tolokers,BundleSheaf,false,3,4,best-epoch,2,5,betweenness,0.7868636841239964
tolokers,BundleSheaf,false,3,4,best-epoch,3,5,betweenness,0.27466682095463774
tolokers,BundleSheaf,false,3,4,best-epoch,4,5,betweenness,0.6886891473832384
tolokers,BundleSheaf,false,3,4,best-epoch,0,5,confidence,-0.040204647771899533
tolokers,BundleSheaf,false,3,4,best-epoch,1,5,confidence,0.2442311720365746
tolokers,BundleSheaf,false,3,4,best-epoch,2,5,confidence,0.26217346798748614
tolokers,BundleSheaf,false,3,4,best-epoch,3,5,confidence,0.22068956867588915
tolokers,BundleSheaf,false,3,4,best-epoch,4,5,confidence,0.26842561590610176
tolokers,BundleSheaf,false,3,4,best-epoch,0,5,saliency,-0.23527216691659647
tolokers,BundleSheaf,false,3,4,best-epoch,1,5,saliency,0.7606452866807136
tolokers,BundleSheaf,false,3,4,best-epoch,2,5,saliency,0.8651020095132516
tolokers,BundleSheaf,false,3,4,best-epoch,3,5,saliency,0.45413145468147076
tolokers,BundleSheaf,false,3,4,best-epoch,4,5,saliency,0.8164679987811035
tolokers,BundleSheaf,false,3,4,best-epoch,0,5,cohens_d_train,0.11582238
tolokers,BundleSheaf,false,3,4,best-epoch,1,5,cohens_d_train,0.13200149
tolokers,BundleSheaf,false,3,4,best-epoch,2,5,cohens_d_train,0.0888471
tolokers,BundleSheaf,false,3,4,best-epoch,3,5,cohens_d_train,0.1491818
tolokers,BundleSheaf,false,3,4,best-epoch,4,5,cohens_d_train,0.003368257
tolokers,BundleSheaf,false,3,4,best-epoch,0,5,cohens_d_test,0.108533435
tolokers,BundleSheaf,false,3,4,best-epoch,1,5,cohens_d_test,0.068297796
tolokers,BundleSheaf,false,3,4,best-epoch,2,5,cohens_d_test,0.016442146
tolokers,BundleSheaf,false,3,4,best-epoch,3,5,cohens_d_test,0.29260495
tolokers,BundleSheaf,false,3,4,best-epoch,4,5,cohens_d_test,0.09320594
tolokers,BundleSheaf,false,3,4,best-epoch,0,6,degree,0.015670520840807733
tolokers,BundleSheaf,false,3,4,best-epoch,1,6,degree,0.9199946769713823
tolokers,BundleSheaf,false,3,4,best-epoch,2,6,degree,0.9430530029908067
tolokers,BundleSheaf,false,3,4,best-epoch,3,6,degree,0.35514003510320874
tolokers,BundleSheaf,false,3,4,best-epoch,4,6,degree,0.8667193655883358
tolokers,BundleSheaf,false,3,4,best-epoch,0,6,betweenness,0.01648993767312674
tolokers,BundleSheaf,false,3,4,best-epoch,1,6,betweenness,0.7780328031127004
tolokers,BundleSheaf,false,3,4,best-epoch,2,6,betweenness,0.7693445461283691
tolokers,BundleSheaf,false,3,4,best-epoch,3,6,betweenness,0.26963352834079785
tolokers,BundleSheaf,false,3,4,best-epoch,4,6,betweenness,0.6983642734690191
tolokers,BundleSheaf,false,3,4,best-epoch,0,6,confidence,0.01890886088747861
tolokers,BundleSheaf,false,3,4,best-epoch,1,6,confidence,0.233013790283802
tolokers,BundleSheaf,false,3,4,best-epoch,2,6,confidence,0.25087308193427144
tolokers,BundleSheaf,false,3,4,best-epoch,3,6,confidence,0.23425297992720326
tolokers,BundleSheaf,false,3,4,best-epoch,4,6,confidence,0.258640152577646
tolokers,BundleSheaf,false,3,4,best-epoch,0,6,saliency,0.08416316437248633
tolokers,BundleSheaf,false,3,4,best-epoch,1,6,saliency,0.7940416988385653
tolokers,BundleSheaf,false,3,4,best-epoch,2,6,saliency,0.8615165004032893
tolokers,BundleSheaf,false,3,4,best-epoch,3,6,saliency,0.36521864769444834
tolokers,BundleSheaf,false,3,4,best-epoch,4,6,saliency,0.7925763811463101
tolokers,BundleSheaf,false,3,4,best-epoch,0,6,cohens_d_train,0.0019250552
tolokers,BundleSheaf,false,3,4,best-epoch,1,6,cohens_d_train,0.080839105
tolokers,BundleSheaf,false,3,4,best-epoch,2,6,cohens_d_train,0.074456796
tolokers,BundleSheaf,false,3,4,best-epoch,3,6,cohens_d_train,0.22247985
tolokers,BundleSheaf,false,3,4,best-epoch,4,6,cohens_d_train,0.09249909
tolokers,BundleSheaf,false,3,4,best-epoch,0,6,cohens_d_test,0.013874265
tolokers,BundleSheaf,false,3,4,best-epoch,1,6,cohens_d_test,0.078139655
tolokers,BundleSheaf,false,3,4,best-epoch,2,6,cohens_d_test,0.1157645
tolokers,BundleSheaf,false,3,4,best-epoch,3,6,cohens_d_test,0.17896852
tolokers,BundleSheaf,false,3,4,best-epoch,4,6,cohens_d_test,0.11487556
tolokers,BundleSheaf,false,3,4,best-epoch,0,7,degree,0.07182255212314548
tolokers,BundleSheaf,false,3,4,best-epoch,1,7,degree,0.9513089137184874
tolokers,BundleSheaf,false,3,4,best-epoch,2,7,degree,0.9597505278123857
tolokers,BundleSheaf,false,3,4,best-epoch,3,7,degree,0.8809370555560031
tolokers,BundleSheaf,false,3,4,best-epoch,4,7,degree,0.8472790398600202
tolokers,BundleSheaf,false,3,4,best-epoch,0,7,betweenness,0.06363637381683296
tolokers,BundleSheaf,false,3,4,best-epoch,1,7,betweenness,0.8047065131555394
tolokers,BundleSheaf,false,3,4,best-epoch,2,7,betweenness,0.7906395198781416
tolokers,BundleSheaf,false,3,4,best-epoch,3,7,betweenness,0.7354580685833264
tolokers,BundleSheaf,false,3,4,best-epoch,4,7,betweenness,0.6885007744270367
tolokers,BundleSheaf,false,3,4,best-epoch,0,7,confidence,0.005079362606437398
tolokers,BundleSheaf,false,3,4,best-epoch,1,7,confidence,0.18046603958393356
tolokers,BundleSheaf,false,3,4,best-epoch,2,7,confidence,0.19551422837314952
tolokers,BundleSheaf,false,3,4,best-epoch,3,7,confidence,0.19745088226156954
tolokers,BundleSheaf,false,3,4,best-epoch,4,7,confidence,0.19804100088767915
tolokers,BundleSheaf,false,3,4,best-epoch,0,7,saliency,0.09157939165356892
tolokers,BundleSheaf,false,3,4,best-epoch,1,7,saliency,0.7725010387652183
tolokers,BundleSheaf,false,3,4,best-epoch,2,7,saliency,0.8783282880311919
tolokers,BundleSheaf,false,3,4,best-epoch,3,7,saliency,0.8777360889193747
tolokers,BundleSheaf,false,3,4,best-epoch,4,7,saliency,0.8895230224192021
tolokers,BundleSheaf,false,3,4,best-epoch,0,7,cohens_d_train,0.1603455
tolokers,BundleSheaf,false,3,4,best-epoch,1,7,cohens_d_train,0.07248391
tolokers,BundleSheaf,false,3,4,best-epoch,2,7,cohens_d_train,0.040664632
tolokers,BundleSheaf,false,3,4,best-epoch,3,7,cohens_d_train,0.016406508
tolokers,BundleSheaf,false,3,4,best-epoch,4,7,cohens_d_train,0.002457962
tolokers,BundleSheaf,false,3,4,best-epoch,0,7,cohens_d_test,0.1292965
tolokers,BundleSheaf,false,3,4,best-epoch,1,7,cohens_d_test,0.1212333
tolokers,BundleSheaf,false,3,4,best-epoch,2,7,cohens_d_test,0.070724204
tolokers,BundleSheaf,false,3,4,best-epoch,3,7,cohens_d_test,0.016129924
tolokers,BundleSheaf,false,3,4,best-epoch,4,7,cohens_d_test,0.010798395
tolokers,BundleSheaf,false,3,4,best-epoch,0,8,degree,-0.07368022376652102
tolokers,BundleSheaf,false,3,4,best-epoch,1,8,degree,0.9687629923629777
tolokers,BundleSheaf,false,3,4,best-epoch,2,8,degree,0.9259386798511555
tolokers,BundleSheaf,false,3,4,best-epoch,3,8,degree,0.8867817480219036
tolokers,BundleSheaf,false,3,4,best-epoch,4,8,degree,0.8405267937060408
tolokers,BundleSheaf,false,3,4,best-epoch,0,8,betweenness,-0.07082773145657298
tolokers,BundleSheaf,false,3,4,best-epoch,1,8,betweenness,0.8240795076299258
tolokers,BundleSheaf,false,3,4,best-epoch,2,8,betweenness,0.7505740991413435
tolokers,BundleSheaf,false,3,4,best-epoch,3,8,betweenness,0.7162981938921628
tolokers,BundleSheaf,false,3,4,best-epoch,4,8,betweenness,0.6808590688095998
tolokers,BundleSheaf,false,3,4,best-epoch,0,8,confidence,-0.022693319911093954
tolokers,BundleSheaf,false,3,4,best-epoch,1,8,confidence,0.19432970479595219
tolokers,BundleSheaf,false,3,4,best-epoch,2,8,confidence,0.20611411556137751
tolokers,BundleSheaf,false,3,4,best-epoch,3,8,confidence,0.20656553429291652
tolokers,BundleSheaf,false,3,4,best-epoch,4,8,confidence,0.20706839917685316
tolokers,BundleSheaf,false,3,4,best-epoch,0,8,saliency,0.06289161739574502
tolokers,BundleSheaf,false,3,4,best-epoch,1,8,saliency,0.7279562734893272
tolokers,BundleSheaf,false,3,4,best-epoch,2,8,saliency,0.8475457133055664
tolokers,BundleSheaf,false,3,4,best-epoch,3,8,saliency,0.848364182733612
tolokers,BundleSheaf,false,3,4,best-epoch,4,8,saliency,0.8728582834862604
tolokers,BundleSheaf,false,3,4,best-epoch,0,8,cohens_d_train,0.14223199
tolokers,BundleSheaf,false,3,4,best-epoch,1,8,cohens_d_train,0.06342677
tolokers,BundleSheaf,false,3,4,best-epoch,2,8,cohens_d_train,0.041490104
tolokers,BundleSheaf,false,3,4,best-epoch,3,8,cohens_d_train,0.03173721
tolokers,BundleSheaf,false,3,4,best-epoch,4,8,cohens_d_train,0.0076084533
tolokers,BundleSheaf,false,3,4,best-epoch,0,8,cohens_d_test,0.17084248
tolokers,BundleSheaf,false,3,4,best-epoch,1,8,cohens_d_test,0.21146636
tolokers,BundleSheaf,false,3,4,best-epoch,2,8,cohens_d_test,0.18996121
tolokers,BundleSheaf,false,3,4,best-epoch,3,8,cohens_d_test,0.16612214
tolokers,BundleSheaf,false,3,4,best-epoch,4,8,cohens_d_test,0.12180307
tolokers,BundleSheaf,false,3,4,best-epoch,0,9,degree,-0.24866933592434304
tolokers,BundleSheaf,false,3,4,best-epoch,1,9,degree,0.9364652124716291
tolokers,BundleSheaf,false,3,4,best-epoch,2,9,degree,0.923005973402486
tolokers,BundleSheaf,false,3,4,best-epoch,3,9,degree,0.8597401161010029
tolokers,BundleSheaf,false,3,4,best-epoch,4,9,degree,0.8459299286581455
tolokers,BundleSheaf,false,3,4,best-epoch,0,9,betweenness,-0.27547662206489276
tolokers,BundleSheaf,false,3,4,best-epoch,1,9,betweenness,0.794977800892831
tolokers,BundleSheaf,false,3,4,best-epoch,2,9,betweenness,0.7478441481132917
tolokers,BundleSheaf,false,3,4,best-epoch,3,9,betweenness,0.7023149779149136
tolokers,BundleSheaf,false,3,4,best-epoch,4,9,betweenness,0.682461640575296
tolokers,BundleSheaf,false,3,4,best-epoch,0,9,confidence,-0.0028053069686843697
tolokers,BundleSheaf,false,3,4,best-epoch,1,9,confidence,0.17679626372354687
tolokers,BundleSheaf,false,3,4,best-epoch,2,9,confidence,0.19527355162537044
tolokers,BundleSheaf,false,3,4,best-epoch,3,9,confidence,0.19670721231659163
tolokers,BundleSheaf,false,3,4,best-epoch,4,9,confidence,0.19701676019323391
tolokers,BundleSheaf,false,3,4,best-epoch,0,9,saliency,-0.2659254977125746
tolokers,BundleSheaf,false,3,4,best-epoch,1,9,saliency,0.761640478646205
tolokers,BundleSheaf,false,3,4,best-epoch,2,9,saliency,0.8620820269311641
tolokers,BundleSheaf,false,3,4,best-epoch,3,9,saliency,0.8688076308953718
tolokers,BundleSheaf,false,3,4,best-epoch,4,9,saliency,0.8670122032463445
tolokers,BundleSheaf,false,3,4,best-epoch,0,9,cohens_d_train,0.16431421
tolokers,BundleSheaf,false,3,4,best-epoch,1,9,cohens_d_train,0.06098201
tolokers,BundleSheaf,false,3,4,best-epoch,2,9,cohens_d_train,0.06464766
tolokers,BundleSheaf,false,3,4,best-epoch,3,9,cohens_d_train,0.021694146
tolokers,BundleSheaf,false,3,4,best-epoch,4,9,cohens_d_train,0.059683215
tolokers,BundleSheaf,false,3,4,best-epoch,0,9,cohens_d_test,0.065635815
tolokers,BundleSheaf,false,3,4,best-epoch,1,9,cohens_d_test,0.08308479
tolokers,BundleSheaf,false,3,4,best-epoch,2,9,cohens_d_test,0.02314196
tolokers,BundleSheaf,false,3,4,best-epoch,3,9,cohens_d_test,0.008520215
tolokers,BundleSheaf,false,3,4,best-epoch,4,9,cohens_d_test,0.007693769
tolokers,BundleSheaf,false,3,4,last,0,0,degree,0.09493025621687315
tolokers,BundleSheaf,false,3,4,last,1,0,degree,0.9315009520339212
tolokers,BundleSheaf,false,3,4,last,2,0,degree,0.9565028903566201
tolokers,BundleSheaf,false,3,4,last,3,0,degree,0.8300875166767723
tolokers,BundleSheaf,false,3,4,last,4,0,degree,0.9276330010022994
tolokers,BundleSheaf,false,3,4,last,0,0,betweenness,0.05322905831693134
tolokers,BundleSheaf,false,3,4,last,1,0,betweenness,0.7895767866158788
tolokers,BundleSheaf,false,3,4,last,2,0,betweenness,0.7818291375719871
tolokers,BundleSheaf,false,3,4,last,3,0,betweenness,0.6546117837620145
tolokers,BundleSheaf,false,3,4,last,4,0,betweenness,0.7794553247255188
tolokers,BundleSheaf,false,3,4,last,0,0,confidence,0.05089557646038619
tolokers,BundleSheaf,false,3,4,last,1,0,confidence,0.1688791708934396
tolokers,BundleSheaf,false,3,4,last,2,0,confidence,0.18209819935104304
tolokers,BundleSheaf,false,3,4,last,3,0,confidence,0.18369920756501892
tolokers,BundleSheaf,false,3,4,last,4,0,confidence,0.18422272637496545
tolokers,BundleSheaf,false,3,4,last,0,0,saliency,0.06223448738882662
tolokers,BundleSheaf,false,3,4,last,1,0,saliency,0.7149358937767403
tolokers,BundleSheaf,false,3,4,last,2,0,saliency,0.8488406952938153
tolokers,BundleSheaf,false,3,4,last,3,0,saliency,0.7868309790948148
tolokers,BundleSheaf,false,3,4,last,4,0,saliency,0.8408347841355119
tolokers,BundleSheaf,false,3,4,last,0,0,cohens_d_train,0.05873825
tolokers,BundleSheaf,false,3,4,last,1,0,cohens_d_train,0.28227538
tolokers,BundleSheaf,false,3,4,last,2,0,cohens_d_train,0.24941756
tolokers,BundleSheaf,false,3,4,last,3,0,cohens_d_train,0.295686
tolokers,BundleSheaf,false,3,4,last,4,0,cohens_d_train,0.3085915
tolokers,BundleSheaf,false,3,4,last,0,0,cohens_d_test,0.07085117
tolokers,BundleSheaf,false,3,4,last,1,0,cohens_d_test,0.29080012
tolokers,BundleSheaf,false,3,4,last,2,0,cohens_d_test,0.25938594
tolokers,BundleSheaf,false,3,4,last,3,0,cohens_d_test,0.29263327
tolokers,BundleSheaf,false,3,4,last,4,0,cohens_d_test,0.32568252
tolokers,BundleSheaf,false,3,4,last,0,1,degree,-0.03350114685378915
tolokers,BundleSheaf,false,3,4,last,1,1,degree,0.9238945888419031
tolokers,BundleSheaf,false,3,4,last,2,1,degree,0.964795755294218
tolokers,BundleSheaf,false,3,4,last,3,1,degree,0.9020342107335079
tolokers,BundleSheaf,false,3,4,last,4,1,degree,0.9247759600845802
tolokers,BundleSheaf,false,3,4,last,0,1,betweenness,-0.02334032315412889
tolokers,BundleSheaf,false,3,4,last,1,1,betweenness,0.7798120636903694
tolokers,BundleSheaf,false,3,4,last,2,1,betweenness,0.8015693805686089
tolokers,BundleSheaf,false,3,4,last,3,1,betweenness,0.7390377649294373
tolokers,BundleSheaf,false,3,4,last,4,1,betweenness,0.7727550473722667
tolokers,BundleSheaf,false,3,4,last,0,1,confidence,-0.017569014263184912
tolokers,BundleSheaf,false,3,4,last,1,1,confidence,0.15004357722531977
tolokers,BundleSheaf,false,3,4,last,2,1,confidence,0.15924121279755968
tolokers,BundleSheaf,false,3,4,last,3,1,confidence,0.16042281174634967
tolokers,BundleSheaf,false,3,4,last,4,1,confidence,0.16116445521851303
tolokers,BundleSheaf,false,3,4,last,0,1,saliency,0.028845306779625934
tolokers,BundleSheaf,false,3,4,last,1,1,saliency,0.7525129309495464
tolokers,BundleSheaf,false,3,4,last,2,1,saliency,0.8790742926825812
tolokers,BundleSheaf,false,3,4,last,3,1,saliency,0.8638418850323073
tolokers,BundleSheaf,false,3,4,last,4,1,saliency,0.8970676487136959
tolokers,BundleSheaf,false,3,4,last,0,1,cohens_d_train,0.24038665
tolokers,BundleSheaf,false,3,4,last,1,1,cohens_d_train,0.16811638
tolokers,BundleSheaf,false,3,4,last,2,1,cohens_d_train,0.1887655
tolokers,BundleSheaf,false,3,4,last,3,1,cohens_d_train,0.2020576
tolokers,BundleSheaf,false,3,4,last,4,1,cohens_d_train,0.10711088
tolokers,BundleSheaf,false,3,4,last,0,1,cohens_d_test,0.24281003
tolokers,BundleSheaf,false,3,4,last,1,1,cohens_d_test,0.15327491
tolokers,BundleSheaf,false,3,4,last,2,1,cohens_d_test,0.16011818
tolokers,BundleSheaf,false,3,4,last,3,1,cohens_d_test,0.088541165
tolokers,BundleSheaf,false,3,4,last,4,1,cohens_d_test,0.025598038
tolokers,BundleSheaf,false,3,4,last,0,2,degree,0.22834696015349176
tolokers,BundleSheaf,false,3,4,last,1,2,degree,0.9378175997127663
tolokers,BundleSheaf,false,3,4,last,2,2,degree,0.9576954663652223
tolokers,BundleSheaf,false,3,4,last,3,2,degree,0.9231422590243497
tolokers,BundleSheaf,false,3,4,last,4,2,degree,0.797791523597806
tolokers,BundleSheaf,false,3,4,last,0,2,betweenness,0.20048461412566826
tolokers,BundleSheaf,false,3,4,last,1,2,betweenness,0.7989452575802045
tolokers,BundleSheaf,false,3,4,last,2,2,betweenness,0.783893621836732
tolokers,BundleSheaf,false,3,4,last,3,2,betweenness,0.7552069814245427
tolokers,BundleSheaf,false,3,4,last,4,2,betweenness,0.6353313439480253
tolokers,BundleSheaf,false,3,4,last,0,2,confidence,0.05940231573100146
tolokers,BundleSheaf,false,3,4,last,1,2,confidence,0.17118874993226088
tolokers,BundleSheaf,false,3,4,last,2,2,confidence,0.1873093781993368
tolokers,BundleSheaf,false,3,4,last,3,2,confidence,0.18902734683546693
tolokers,BundleSheaf,false,3,4,last,4,2,confidence,0.18915378176706313
tolokers,BundleSheaf,false,3,4,last,0,2,saliency,0.15187580322015024
tolokers,BundleSheaf,false,3,4,last,1,2,saliency,0.7825937109427642
tolokers,BundleSheaf,false,3,4,last,2,2,saliency,0.8988905531266221
tolokers,BundleSheaf,false,3,4,last,3,2,saliency,0.9117498038187912
tolokers,BundleSheaf,false,3,4,last,4,2,saliency,0.8643108881202173
tolokers,BundleSheaf,false,3,4,last,0,2,cohens_d_train,0.18019487
tolokers,BundleSheaf,false,3,4,last,1,2,cohens_d_train,0.23004125
tolokers,BundleSheaf,false,3,4,last,2,2,cohens_d_train,0.21844232
tolokers,BundleSheaf,false,3,4,last,3,2,cohens_d_train,0.16712372
tolokers,BundleSheaf,false,3,4,last,4,2,cohens_d_train,0.095436364
tolokers,BundleSheaf,false,3,4,last,0,2,cohens_d_test,0.118271895
tolokers,BundleSheaf,false,3,4,last,1,2,cohens_d_test,0.3045438
tolokers,BundleSheaf,false,3,4,last,2,2,cohens_d_test,0.19963934
tolokers,BundleSheaf,false,3,4,last,3,2,cohens_d_test,0.11293915
tolokers,BundleSheaf,false,3,4,last,4,2,cohens_d_test,0.027098177
tolokers,BundleSheaf,false,3,4,last,0,3,degree,-0.052471244814548734
tolokers,BundleSheaf,false,3,4,last,1,3,degree,0.9587217416553464
tolokers,BundleSheaf,false,3,4,last,2,3,degree,0.9507082421257333
tolokers,BundleSheaf,false,3,4,last,3,3,degree,0.8447434572993924
tolokers,BundleSheaf,false,3,4,last,4,3,degree,0.8418432783714759
tolokers,BundleSheaf,false,3,4,last,0,3,betweenness,-0.09759656987373645
tolokers,BundleSheaf,false,3,4,last,1,3,betweenness,0.8111737064397421
tolokers,BundleSheaf,false,3,4,last,2,3,betweenness,0.775899325486326
tolokers,BundleSheaf,false,3,4,last,3,3,betweenness,0.689390077116424
tolokers,BundleSheaf,false,3,4,last,4,3,betweenness,0.6807509730139474
tolokers,BundleSheaf,false,3,4,last,0,3,confidence,0.06152905607745519
tolokers,BundleSheaf,false,3,4,last,1,3,confidence,0.1762907209529871
tolokers,BundleSheaf,false,3,4,last,2,3,confidence,0.18992955285270247
tolokers,BundleSheaf,false,3,4,last,3,3,confidence,0.19138620909384504
tolokers,BundleSheaf,false,3,4,last,4,3,confidence,0.19162000599438378
tolokers,BundleSheaf,false,3,4,last,0,3,saliency,-0.1325045604729162
tolokers,BundleSheaf,false,3,4,last,1,3,saliency,0.7834369152472113
tolokers,BundleSheaf,false,3,4,last,2,3,saliency,0.828366820831369
tolokers,BundleSheaf,false,3,4,last,3,3,saliency,0.8115746834980465
tolokers,BundleSheaf,false,3,4,last,4,3,saliency,0.8693530155952519
tolokers,BundleSheaf,false,3,4,last,0,3,cohens_d_train,0.29545656
tolokers,BundleSheaf,false,3,4,last,1,3,cohens_d_train,0.18659928
tolokers,BundleSheaf,false,3,4,last,2,3,cohens_d_train,0.15473792
tolokers,BundleSheaf,false,3,4,last,3,3,cohens_d_train,0.14802018
tolokers,BundleSheaf,false,3,4,last,4,3,cohens_d_train,0.12306279
tolokers,BundleSheaf,false,3,4,last,0,3,cohens_d_test,0.3353716
tolokers,BundleSheaf,false,3,4,last,1,3,cohens_d_test,0.18054125
tolokers,BundleSheaf,false,3,4,last,2,3,cohens_d_test,0.089309976
tolokers,BundleSheaf,false,3,4,last,3,3,cohens_d_test,0.05416662
tolokers,BundleSheaf,false,3,4,last,4,3,cohens_d_test,0.00859116
tolokers,BundleSheaf,false,3,4,last,0,4,degree,-0.06955096089295142
tolokers,BundleSheaf,false,3,4,last,1,4,degree,0.9501553680701782
tolokers,BundleSheaf,false,3,4,last,2,4,degree,0.9630346245747201
tolokers,BundleSheaf,false,3,4,last,3,4,degree,0.8823828334557423
tolokers,BundleSheaf,false,3,4,last,4,4,degree,0.8659758530900123
tolokers,BundleSheaf,false,3,4,last,0,4,betweenness,-0.05298919291555842
tolokers,BundleSheaf,false,3,4,last,1,4,betweenness,0.808691796045789
tolokers,BundleSheaf,false,3,4,last,2,4,betweenness,0.7921811748821881
tolokers,BundleSheaf,false,3,4,last,3,4,betweenness,0.7127588299512368
tolokers,BundleSheaf,false,3,4,last,4,4,betweenness,0.7163339245802558
tolokers,BundleSheaf,false,3,4,last,0,4,confidence,-0.03242141164757792
tolokers,BundleSheaf,false,3,4,last,1,4,confidence,0.18130480377322714
tolokers,BundleSheaf,false,3,4,last,2,4,confidence,0.19729226338873804
tolokers,BundleSheaf,false,3,4,last,3,4,confidence,0.19838262235210113
tolokers,BundleSheaf,false,3,4,last,4,4,confidence,0.19868238031666371
tolokers,BundleSheaf,false,3,4,last,0,4,saliency,0.05322230491043489
tolokers,BundleSheaf,false,3,4,last,1,4,saliency,0.7528447470929095
tolokers,BundleSheaf,false,3,4,last,2,4,saliency,0.8439283248900972
tolokers,BundleSheaf,false,3,4,last,3,4,saliency,0.8866959439105387
tolokers,BundleSheaf,false,3,4,last,4,4,saliency,0.8333990598469108
tolokers,BundleSheaf,false,3,4,last,0,4,cohens_d_train,0.019408856
tolokers,BundleSheaf,false,3,4,last,1,4,cohens_d_train,0.00470463
tolokers,BundleSheaf,false,3,4,last,2,4,cohens_d_train,0.03782955
tolokers,BundleSheaf,false,3,4,last,3,4,cohens_d_train,0.023256868
tolokers,BundleSheaf,false,3,4,last,4,4,cohens_d_train,0.006796766
tolokers,BundleSheaf,false,3,4,last,0,4,cohens_d_test,0.040437598
tolokers,BundleSheaf,false,3,4,last,1,4,cohens_d_test,0.04994955
tolokers,BundleSheaf,false,3,4,last,2,4,cohens_d_test,0.08375007
tolokers,BundleSheaf,false,3,4,last,3,4,cohens_d_test,0.049828853
tolokers,BundleSheaf,false,3,4,last,4,4,cohens_d_test,0.05334789
tolokers,BundleSheaf,false,3,4,last,0,5,degree,-0.25513865403575237
tolokers,BundleSheaf,false,3,4,last,1,5,degree,0.9581212703166567
tolokers,BundleSheaf,false,3,4,last,2,5,degree,0.9595459333873417
tolokers,BundleSheaf,false,3,4,last,3,5,degree,0.78353008631135
tolokers,BundleSheaf,false,3,4,last,4,5,degree,0.8510251532233211
tolokers,BundleSheaf,false,3,4,last,0,5,betweenness,-0.2873347421337436
tolokers,BundleSheaf,false,3,4,last,1,5,betweenness,0.8173383411615575
tolokers,BundleSheaf,false,3,4,last,2,5,betweenness,0.7821693533936139
tolokers,BundleSheaf,false,3,4,last,3,5,betweenness,0.644405818810501
tolokers,BundleSheaf,false,3,4,last,4,5,betweenness,0.7008384974871623
tolokers,BundleSheaf,false,3,4,last,0,5,confidence,0.0154564765511782
tolokers,BundleSheaf,false,3,4,last,1,5,confidence,0.13739301631192782
tolokers,BundleSheaf,false,3,4,last,2,5,confidence,0.14545406104293043
tolokers,BundleSheaf,false,3,4,last,3,5,confidence,0.14701597083037946
tolokers,BundleSheaf,false,3,4,last,4,5,confidence,0.14715134987627523
tolokers,BundleSheaf,false,3,4,last,0,5,saliency,-0.2978589645908248
tolokers,BundleSheaf,false,3,4,last,1,5,saliency,0.745629956727482
tolokers,BundleSheaf,false,3,4,last,2,5,saliency,0.8626060511455093
tolokers,BundleSheaf,false,3,4,last,3,5,saliency,0.6990782130768161
tolokers,BundleSheaf,false,3,4,last,4,5,saliency,0.878974318945405
tolokers,BundleSheaf,false,3,4,last,0,5,cohens_d_train,0.17273758
tolokers,BundleSheaf,false,3,4,last,1,5,cohens_d_train,0.16092885
tolokers,BundleSheaf,false,3,4,last,2,5,cohens_d_train,0.02693465
tolokers,BundleSheaf,false,3,4,last,3,5,cohens_d_train,0.011372775
tolokers,BundleSheaf,false,3,4,last,4,5,cohens_d_train,0.03805428
tolokers,BundleSheaf,false,3,4,last,0,5,cohens_d_test,0.14257409
tolokers,BundleSheaf,false,3,4,last,1,5,cohens_d_test,0.17906645
tolokers,BundleSheaf,false,3,4,last,2,5,cohens_d_test,0.04891854
tolokers,BundleSheaf,false,3,4,last,3,5,cohens_d_test,0.073182926
tolokers,BundleSheaf,false,3,4,last,4,5,cohens_d_test,0.025798993
tolokers,BundleSheaf,false,3,4,last,0,6,degree,-0.006363462457307667
tolokers,BundleSheaf,false,3,4,last,1,6,degree,0.9192267378049704
tolokers,BundleSheaf,false,3,4,last,2,6,degree,0.9485737871250921
tolokers,BundleSheaf,false,3,4,last,3,6,degree,0.6885723565950921
tolokers,BundleSheaf,false,3,4,last,4,6,degree,0.8841555277483982
tolokers,BundleSheaf,false,3,4,last,0,6,betweenness,-0.006202612186761786
tolokers,BundleSheaf,false,3,4,last,1,6,betweenness,0.7757896957449771
tolokers,BundleSheaf,false,3,4,last,2,6,betweenness,0.7819978696520002
tolokers,BundleSheaf,false,3,4,last,3,6,betweenness,0.5326134007390365
tolokers,BundleSheaf,false,3,4,last,4,6,betweenness,0.7269558653910616
tolokers,BundleSheaf,false,3,4,last,0,6,confidence,0.023336741881108493
tolokers,BundleSheaf,false,3,4,last,1,6,confidence,0.17576827315843485
tolokers,BundleSheaf,false,3,4,last,2,6,confidence,0.18982402182271524
tolokers,BundleSheaf,false,3,4,last,3,6,confidence,0.19071696190241563
tolokers,BundleSheaf,false,3,4,last,4,6,confidence,0.19162710472816924
tolokers,BundleSheaf,false,3,4,last,0,6,saliency,-0.023313333521793805
tolokers,BundleSheaf,false,3,4,last,1,6,saliency,0.7144389360709272
tolokers,BundleSheaf,false,3,4,last,2,6,saliency,0.7933084198234576
tolokers,BundleSheaf,false,3,4,last,3,6,saliency,0.6676209627829276
tolokers,BundleSheaf,false,3,4,last,4,6,saliency,0.831323254277009
tolokers,BundleSheaf,false,3,4,last,0,6,cohens_d_train,0.03337276
tolokers,BundleSheaf,false,3,4,last,1,6,cohens_d_train,0.19066341
tolokers,BundleSheaf,false,3,4,last,2,6,cohens_d_train,0.1992865
tolokers,BundleSheaf,false,3,4,last,3,6,cohens_d_train,0.16381016
tolokers,BundleSheaf,false,3,4,last,4,6,cohens_d_train,0.38170466
tolokers,BundleSheaf,false,3,4,last,0,6,cohens_d_test,0.052096665
tolokers,BundleSheaf,false,3,4,last,1,6,cohens_d_test,0.16217841
tolokers,BundleSheaf,false,3,4,last,2,6,cohens_d_test,0.2578302
tolokers,BundleSheaf,false,3,4,last,3,6,cohens_d_test,0.17127173
tolokers,BundleSheaf,false,3,4,last,4,6,cohens_d_test,0.34982488
tolokers,BundleSheaf,false,3,4,last,0,7,degree,0.07178881649365601
tolokers,BundleSheaf,false,3,4,last,1,7,degree,0.9513088182215176
tolokers,BundleSheaf,false,3,4,last,2,7,degree,0.9597516379514865
tolokers,BundleSheaf,false,3,4,last,3,7,degree,0.8809656704743098
tolokers,BundleSheaf,false,3,4,last,4,7,degree,0.8472040254268549
tolokers,BundleSheaf,false,3,4,last,0,7,betweenness,0.0635975999870282
tolokers,BundleSheaf,false,3,4,last,1,7,betweenness,0.8047049178926523
tolokers,BundleSheaf,false,3,4,last,2,7,betweenness,0.7906460116417205
tolokers,BundleSheaf,false,3,4,last,3,7,betweenness,0.7354812021324251
tolokers,BundleSheaf,false,3,4,last,4,7,betweenness,0.6885079893227153
tolokers,BundleSheaf,false,3,4,last,0,7,confidence,-0.0027251181860444055
tolokers,BundleSheaf,false,3,4,last,1,7,confidence,0.1749238856006622
tolokers,BundleSheaf,false,3,4,last,2,7,confidence,0.18772124474572344
tolokers,BundleSheaf,false,3,4,last,3,7,confidence,0.18932210965269566
tolokers,BundleSheaf,false,3,4,last,4,7,confidence,0.18950410769517706
tolokers,BundleSheaf,false,3,4,last,0,7,saliency,0.07949201810963988
tolokers,BundleSheaf,false,3,4,last,1,7,saliency,0.7791172952578258
tolokers,BundleSheaf,false,3,4,last,2,7,saliency,0.8877375627722782
tolokers,BundleSheaf,false,3,4,last,3,7,saliency,0.8886520016468391
tolokers,BundleSheaf,false,3,4,last,4,7,saliency,0.9246732507563953
tolokers,BundleSheaf,false,3,4,last,0,7,cohens_d_train,0.013729
tolokers,BundleSheaf,false,3,4,last,1,7,cohens_d_train,0.06712939
tolokers,BundleSheaf,false,3,4,last,2,7,cohens_d_train,0.07398429
tolokers,BundleSheaf,false,3,4,last,3,7,cohens_d_train,0.024617791
tolokers,BundleSheaf,false,3,4,last,4,7,cohens_d_train,0.022374436
tolokers,BundleSheaf,false,3,4,last,0,7,cohens_d_test,0.010224124
tolokers,BundleSheaf,false,3,4,last,1,7,cohens_d_test,0.10293104
tolokers,BundleSheaf,false,3,4,last,2,7,cohens_d_test,0.07425925
tolokers,BundleSheaf,false,3,4,last,3,7,cohens_d_test,0.019018777
tolokers,BundleSheaf,false,3,4,last,4,7,cohens_d_test,0.012868117
tolokers,BundleSheaf,false,3,4,last,0,8,degree,-0.06836030985312946
tolokers,BundleSheaf,false,3,4,last,1,8,degree,0.9699168301945736
tolokers,BundleSheaf,false,3,4,last,2,8,degree,0.937851880860708
tolokers,BundleSheaf,false,3,4,last,3,8,degree,0.892659704439216
tolokers,BundleSheaf,false,3,4,last,4,8,degree,0.8554789751215353
tolokers,BundleSheaf,false,3,4,last,0,8,betweenness,-0.06544476493089682
tolokers,BundleSheaf,false,3,4,last,1,8,betweenness,0.8256439653000829
tolokers,BundleSheaf,false,3,4,last,2,8,betweenness,0.7666456608229493
tolokers,BundleSheaf,false,3,4,last,3,8,betweenness,0.7197913559257716
tolokers,BundleSheaf,false,3,4,last,4,8,betweenness,0.6892984009410251
tolokers,BundleSheaf,false,3,4,last,0,8,confidence,-0.0239654447062069
tolokers,BundleSheaf,false,3,4,last,1,8,confidence,0.19480381804368777
tolokers,BundleSheaf,false,3,4,last,2,8,confidence,0.20875935123217215
tolokers,BundleSheaf,false,3,4,last,3,8,confidence,0.20968063897177186
tolokers,BundleSheaf,false,3,4,last,4,8,confidence,0.20989633536348068
tolokers,BundleSheaf,false,3,4,last,0,8,saliency,-0.017594366847353483
tolokers,BundleSheaf,false,3,4,last,1,8,saliency,0.7967977573574381
tolokers,BundleSheaf,false,3,4,last,2,8,saliency,0.8746590543941677
tolokers,BundleSheaf,false,3,4,last,3,8,saliency,0.8580690298293728
tolokers,BundleSheaf,false,3,4,last,4,8,saliency,0.8561898107214752
tolokers,BundleSheaf,false,3,4,last,0,8,cohens_d_train,0.018359985
tolokers,BundleSheaf,false,3,4,last,1,8,cohens_d_train,0.13519393
tolokers,BundleSheaf,false,3,4,last,2,8,cohens_d_train,0.08542444
tolokers,BundleSheaf,false,3,4,last,3,8,cohens_d_train,0.09089013
tolokers,BundleSheaf,false,3,4,last,4,8,cohens_d_train,0.07948095
tolokers,BundleSheaf,false,3,4,last,0,8,cohens_d_test,0.08167473
tolokers,BundleSheaf,false,3,4,last,1,8,cohens_d_test,0.221205
tolokers,BundleSheaf,false,3,4,last,2,8,cohens_d_test,0.15979889
tolokers,BundleSheaf,false,3,4,last,3,8,cohens_d_test,0.12023503
tolokers,BundleSheaf,false,3,4,last,4,8,cohens_d_test,0.11330812
tolokers,BundleSheaf,false,3,4,last,0,9,degree,-0.24891493361043712
tolokers,BundleSheaf,false,3,4,last,1,9,degree,0.9363782295566273
tolokers,BundleSheaf,false,3,4,last,2,9,degree,0.9226946935012849
tolokers,BundleSheaf,false,3,4,last,3,9,degree,0.8559398129456457
tolokers,BundleSheaf,false,3,4,last,4,9,degree,0.8456623607763464
tolokers,BundleSheaf,false,3,4,last,0,9,betweenness,-0.2759470204637629
tolokers,BundleSheaf,false,3,4,last,1,9,betweenness,0.7947958448459099
tolokers,BundleSheaf,false,3,4,last,2,9,betweenness,0.750171088975208
tolokers,BundleSheaf,false,3,4,last,3,9,betweenness,0.6986767576966992
tolokers,BundleSheaf,false,3,4,last,4,9,betweenness,0.682549684776621
tolokers,BundleSheaf,false,3,4,last,0,9,confidence,0.006357973428854968
tolokers,BundleSheaf,false,3,4,last,1,9,confidence,0.16935496850694598
tolokers,BundleSheaf,false,3,4,last,2,9,confidence,0.18509067351203
tolokers,BundleSheaf,false,3,4,last,3,9,confidence,0.1866413403255943
tolokers,BundleSheaf,false,3,4,last,4,9,confidence,0.186877390062329
tolokers,BundleSheaf,false,3,4,last,0,9,saliency,-0.27894189250403156
tolokers,BundleSheaf,false,3,4,last,1,9,saliency,0.7751615865830566
tolokers,BundleSheaf,false,3,4,last,2,9,saliency,0.9012787977367903
tolokers,BundleSheaf,false,3,4,last,3,9,saliency,0.923940263782093
tolokers,BundleSheaf,false,3,4,last,4,9,saliency,0.9368163200668984
tolokers,BundleSheaf,false,3,4,last,0,9,cohens_d_train,0.25472543
tolokers,BundleSheaf,false,3,4,last,1,9,cohens_d_train,0.2171173
tolokers,BundleSheaf,false,3,4,last,2,9,cohens_d_train,0.19264138
tolokers,BundleSheaf,false,3,4,last,3,9,cohens_d_train,0.103196025
tolokers,BundleSheaf,false,3,4,last,4,9,cohens_d_train,0.13978218
tolokers,BundleSheaf,false,3,4,last,0,9,cohens_d_test,0.21969008
tolokers,BundleSheaf,false,3,4,last,1,9,cohens_d_test,0.23478346
tolokers,BundleSheaf,false,3,4,last,2,9,cohens_d_test,0.07827282
tolokers,BundleSheaf,false,3,4,last,3,9,cohens_d_test,0.012749351
tolokers,BundleSheaf,false,3,4,last,4,9,cohens_d_test,0.03434413
