dataset,model,normalised,d,layers,checkpoint,layer,fold,observable,value
wisconsin,BundleSheaf,false,2,2,epoch-0,0,0,degree,-0.07548145901750902
wisconsin,BundleSheaf,false,2,2,epoch-0,1,0,degree,0.5739802573446431
wisconsin,BundleSheaf,false,2,2,epoch-0,2,0,degree,0.5644024523601618
wisconsin,BundleSheaf,false,2,2,epoch-0,0,0,betweenness,-0.10219358001356994
wisconsin,BundleSheaf,false,2,2,epoch-0,1,0,betweenness,0.42191011676171686
wisconsin,BundleSheaf,false,2,2,epoch-0,2,0,betweenness,0.5471644820145567
wisconsin,BundleSheaf,false,2,2,epoch-0,0,0,confidence,0.16498330295960315
wisconsin,BundleSheaf,false,2,2,epoch-0,1,0,confidence,0.4115315543659854
wisconsin,BundleSheaf,false,2,2,epoch-0,2,0,confidence,0.7403322862198012
wisconsin,BundleSheaf,false,2,2,epoch-0,0,0,saliency,0.1610091305376686
wisconsin,BundleSheaf,false,2,2,epoch-0,1,0,saliency,0.44987010996212723
wisconsin,BundleSheaf,false,2,2,epoch-0,2,0,saliency,0.860423938772889
wisconsin,BundleSheaf,false,2,2,epoch-0,0,0,cohens_d_train,0.13452739
wisconsin,BundleSheaf,false,2,2,epoch-0,1,0,cohens_d_train,0.1159905
wisconsin,BundleSheaf,false,2,2,epoch-0,2,0,cohens_d_train,0.26742253
wisconsin,BundleSheaf,false,2,2,epoch-0,0,0,cohens_d_test,0.3930353
wisconsin,BundleSheaf,false,2,2,epoch-0,1,0,cohens_d_test,0.15299481
wisconsin,BundleSheaf,false,2,2,epoch-0,2,0,cohens_d_test,0.17899694
wisconsin,BundleSheaf,false,2,2,epoch-0,0,1,degree,0.010544414540643405
wisconsin,BundleSheaf,false,2,2,epoch-0,1,1,degree,0.5583402258977498
wisconsin,BundleSheaf,false,2,2,epoch-0,2,1,degree,0.5170584994530569
wisconsin,BundleSheaf,false,2,2,epoch-0,0,1,betweenness,-0.05849026922942506
wisconsin,BundleSheaf,false,2,2,epoch-0,1,1,betweenness,0.4191408518587497
wisconsin,BundleSheaf,false,2,2,epoch-0,2,1,betweenness,0.4940690033325403
wisconsin,BundleSheaf,false,2,2,epoch-0,0,1,confidence,-0.042382913880359585
wisconsin,BundleSheaf,false,2,2,epoch-0,1,1,confidence,0.22773907858418846
wisconsin,BundleSheaf,false,2,2,epoch-0,2,1,confidence,0.8027331451716014
wisconsin,BundleSheaf,false,2,2,epoch-0,0,1,saliency,-0.06643341519017688
wisconsin,BundleSheaf,false,2,2,epoch-0,1,1,saliency,0.28492825930275184
wisconsin,BundleSheaf,false,2,2,epoch-0,2,1,saliency,0.895248470071238
wisconsin,BundleSheaf,false,2,2,epoch-0,0,1,cohens_d_train,0.12577222
wisconsin,BundleSheaf,false,2,2,epoch-0,1,1,cohens_d_train,0.14088835
wisconsin,BundleSheaf,false,2,2,epoch-0,2,1,cohens_d_train,1.0245773
wisconsin,BundleSheaf,false,2,2,epoch-0,0,1,cohens_d_test,0.24671681
wisconsin,BundleSheaf,false,2,2,epoch-0,1,1,cohens_d_test,0.025982734
wisconsin,BundleSheaf,false,2,2,epoch-0,2,1,cohens_d_test,1.0965059
wisconsin,BundleSheaf,false,2,2,epoch-0,0,2,degree,-0.24985918120064943
wisconsin,BundleSheaf,false,2,2,epoch-0,1,2,degree,0.43032483771673913
wisconsin,BundleSheaf,false,2,2,epoch-0,2,2,degree,0.5675011653993952
wisconsin,BundleSheaf,false,2,2,epoch-0,0,2,betweenness,-0.22673042812652722
wisconsin,BundleSheaf,false,2,2,epoch-0,1,2,betweenness,0.27243168849384075
wisconsin,BundleSheaf,false,2,2,epoch-0,2,2,betweenness,0.5358589852894163
wisconsin,BundleSheaf,false,2,2,epoch-0,0,2,confidence,-0.1033266407297616
wisconsin,BundleSheaf,false,2,2,epoch-0,1,2,confidence,-0.11051192023065284
wisconsin,BundleSheaf,false,2,2,epoch-0,2,2,confidence,0.7007994882182756
wisconsin,BundleSheaf,false,2,2,epoch-0,0,2,saliency,-0.15258263480906356
wisconsin,BundleSheaf,false,2,2,epoch-0,1,2,saliency,0.295765677726629
wisconsin,BundleSheaf,false,2,2,epoch-0,2,2,saliency,0.8543097254656152
wisconsin,BundleSheaf,false,2,2,epoch-0,0,2,cohens_d_train,0.11958502
wisconsin,BundleSheaf,false,2,2,epoch-0,1,2,cohens_d_train,0.2408132
wisconsin,BundleSheaf,false,2,2,epoch-0,2,2,cohens_d_train,0.5539897
wisconsin,BundleSheaf,false,2,2,epoch-0,0,2,cohens_d_test,0.13930611
wisconsin,BundleSheaf,false,2,2,epoch-0,1,2,cohens_d_test,0.7933331
wisconsin,BundleSheaf,false,2,2,epoch-0,2,2,cohens_d_test,0.76388747
wisconsin,BundleSheaf,false,2,2,epoch-0,0,3,degree,-0.08524575364086032
wisconsin,BundleSheaf,false,2,2,epoch-0,1,3,degree,0.5368416462700215
wisconsin,BundleSheaf,false,2,2,epoch-0,2,3,degree,0.5801481570701785
wisconsin,BundleSheaf,false,2,2,epoch-0,0,3,betweenness,-0.1069759749289803
wisconsin,BundleSheaf,false,2,2,epoch-0,1,3,betweenness,0.42057187417922165
wisconsin,BundleSheaf,false,2,2,epoch-0,2,3,betweenness,0.5548714131750911
wisconsin,BundleSheaf,false,2,2,epoch-0,0,3,confidence,-0.001713149685458027
wisconsin,BundleSheaf,false,2,2,epoch-0,1,3,confidence,0.03859308563315169
wisconsin,BundleSheaf,false,2,2,epoch-0,2,3,confidence,0.7339309811787162
wisconsin,BundleSheaf,false,2,2,epoch-0,0,3,saliency,-0.02679001850315925
wisconsin,BundleSheaf,false,2,2,epoch-0,1,3,saliency,0.06267278518139646
wisconsin,BundleSheaf,false,2,2,epoch-0,2,3,saliency,0.8379871967295902
wisconsin,BundleSheaf,false,2,2,epoch-0,0,3,cohens_d_train,0.29788902
wisconsin,BundleSheaf,false,2,2,epoch-0,1,3,cohens_d_train,0.07720152
wisconsin,BundleSheaf,false,2,2,epoch-0,2,3,cohens_d_train,0.7396674
wisconsin,BundleSheaf,false,2,2,epoch-0,0,3,cohens_d_test,1.6365864
wisconsin,BundleSheaf,false,2,2,epoch-0,1,3,cohens_d_test,0.19399843
wisconsin,BundleSheaf,false,2,2,epoch-0,2,3,cohens_d_test,0.9905863
wisconsin,BundleSheaf,false,2,2,epoch-0,0,4,degree,-0.12739892799045008
wisconsin,BundleSheaf,false,2,2,epoch-0,1,4,degree,0.47150719642573463
wisconsin,BundleSheaf,false,2,2,epoch-0,2,4,degree,0.5383587571920222
wisconsin,BundleSheaf,false,2,2,epoch-0,0,4,betweenness,-0.11249154846109122
wisconsin,BundleSheaf,false,2,2,epoch-0,1,4,betweenness,0.34597488399327786
wisconsin,BundleSheaf,false,2,2,epoch-0,2,4,betweenness,0.5291713654242183
wisconsin,BundleSheaf,false,2,2,epoch-0,0,4,confidence,0.08904925504550584
wisconsin,BundleSheaf,false,2,2,epoch-0,1,4,confidence,0.12562483447151165
wisconsin,BundleSheaf,false,2,2,epoch-0,2,4,confidence,-0.5810863829151075
wisconsin,BundleSheaf,false,2,2,epoch-0,0,4,saliency,-0.08872897811517756
wisconsin,BundleSheaf,false,2,2,epoch-0,1,4,saliency,0.30702648720415304
wisconsin,BundleSheaf,false,2,2,epoch-0,2,4,saliency,0.8555093361826972
wisconsin,BundleSheaf,false,2,2,epoch-0,0,4,cohens_d_train,0.16643345
wisconsin,BundleSheaf,false,2,2,epoch-0,1,4,cohens_d_train,0.3854917
wisconsin,BundleSheaf,false,2,2,epoch-0,2,4,cohens_d_train,0.29171306
wisconsin,BundleSheaf,false,2,2,epoch-0,0,4,cohens_d_test,0.2533111
wisconsin,BundleSheaf,false,2,2,epoch-0,1,4,cohens_d_test,0.2507617
wisconsin,BundleSheaf,false,2,2,epoch-0,2,4,cohens_d_test,0.38447183
wisconsin,BundleSheaf,false,2,2,epoch-0,0,5,degree,-0.10635011891876942
wisconsin,BundleSheaf,false,2,2,epoch-0,1,5,degree,0.5277517012699906
wisconsin,BundleSheaf,false,2,2,epoch-0,2,5,degree,0.5490130064085424
wisconsin,BundleSheaf,false,2,2,epoch-0,0,5,betweenness,-0.07014075433101977
wisconsin,BundleSheaf,false,2,2,epoch-0,1,5,betweenness,0.4779994058566798
wisconsin,BundleSheaf,false,2,2,epoch-0,2,5,betweenness,0.5537331192120248
wisconsin,BundleSheaf,false,2,2,epoch-0,0,5,confidence,-0.014157102057035444
wisconsin,BundleSheaf,false,2,2,epoch-0,1,5,confidence,0.2243897645189772
wisconsin,BundleSheaf,false,2,2,epoch-0,2,5,confidence,0.6797980192745282
wisconsin,BundleSheaf,false,2,2,epoch-0,0,5,saliency,-0.09841978541805765
wisconsin,BundleSheaf,false,2,2,epoch-0,1,5,saliency,0.48370962836822823
wisconsin,BundleSheaf,false,2,2,epoch-0,2,5,saliency,0.8812594657139974
wisconsin,BundleSheaf,false,2,2,epoch-0,0,5,cohens_d_train,0.15730965
wisconsin,BundleSheaf,false,2,2,epoch-0,1,5,cohens_d_train,0.41108432
wisconsin,BundleSheaf,false,2,2,epoch-0,2,5,cohens_d_train,0.6122787
wisconsin,BundleSheaf,false,2,2,epoch-0,0,5,cohens_d_test,0.040968332
wisconsin,BundleSheaf,false,2,2,epoch-0,1,5,cohens_d_test,0.24042358
wisconsin,BundleSheaf,false,2,2,epoch-0,2,5,cohens_d_test,0.022922425
wisconsin,BundleSheaf,false,2,2,epoch-0,0,6,degree,0.13329293641486667
wisconsin,BundleSheaf,false,2,2,epoch-0,1,6,degree,0.5666989033098747
wisconsin,BundleSheaf,false,2,2,epoch-0,2,6,degree,0.5495918783278576
wisconsin,BundleSheaf,false,2,2,epoch-0,0,6,betweenness,0.1722736252871559
wisconsin,BundleSheaf,false,2,2,epoch-0,1,6,betweenness,0.4117635394970931
wisconsin,BundleSheaf,false,2,2,epoch-0,2,6,betweenness,0.5258073631451304
wisconsin,BundleSheaf,false,2,2,epoch-0,0,6,confidence,0.19893670888960957
wisconsin,BundleSheaf,false,2,2,epoch-0,1,6,confidence,0.06434001005881926
wisconsin,BundleSheaf,false,2,2,epoch-0,2,6,confidence,-0.3692159187341664
wisconsin,BundleSheaf,false,2,2,epoch-0,0,6,saliency,-0.165704988470913
wisconsin,BundleSheaf,false,2,2,epoch-0,1,6,saliency,0.25376560567846923
wisconsin,BundleSheaf,false,2,2,epoch-0,2,6,saliency,0.8833093846744012
wisconsin,BundleSheaf,false,2,2,epoch-0,0,6,cohens_d_train,0.49777624
wisconsin,BundleSheaf,false,2,2,epoch-0,1,6,cohens_d_train,0.12656103
wisconsin,BundleSheaf,false,2,2,epoch-0,2,6,cohens_d_train,0.16281548
wisconsin,BundleSheaf,false,2,2,epoch-0,0,6,cohens_d_test,0.10259569
wisconsin,BundleSheaf,false,2,2,epoch-0,1,6,cohens_d_test,0.06608956
wisconsin,BundleSheaf,false,2,2,epoch-0,2,6,cohens_d_test,0.58703464
wisconsin,BundleSheaf,false,2,2,epoch-0,0,7,degree,-0.0903359453471886
wisconsin,BundleSheaf,false,2,2,epoch-0,1,7,degree,0.4889198851093256
wisconsin,BundleSheaf,false,2,2,epoch-0,2,7,degree,0.5472251080376106
wisconsin,BundleSheaf,false,2,2,epoch-0,0,7,betweenness,-0.13333148906774273
wisconsin,BundleSheaf,false,2,2,epoch-0,1,7,betweenness,0.3728354426015465
wisconsin,BundleSheaf,false,2,2,epoch-0,2,7,betweenness,0.5390594398371963
wisconsin,BundleSheaf,false,2,2,epoch-0,0,7,confidence,0.23259260636472076
wisconsin,BundleSheaf,false,2,2,epoch-0,1,7,confidence,0.4070023185367092
wisconsin,BundleSheaf,false,2,2,epoch-0,2,7,confidence,-0.6071519297013559
wisconsin,BundleSheaf,false,2,2,epoch-0,0,7,saliency,-0.20147660953518554
wisconsin,BundleSheaf,false,2,2,epoch-0,1,7,saliency,0.03486208873537801
wisconsin,BundleSheaf,false,2,2,epoch-0,2,7,saliency,0.8684104983534428
wisconsin,BundleSheaf,false,2,2,epoch-0,0,7,cohens_d_train,0.32418767
wisconsin,BundleSheaf,false,2,2,epoch-0,1,7,cohens_d_train,0.473991
wisconsin,BundleSheaf,false,2,2,epoch-0,2,7,cohens_d_train,1.04267
wisconsin,BundleSheaf,false,2,2,epoch-0,0,7,cohens_d_test,0.541505
wisconsin,BundleSheaf,false,2,2,epoch-0,1,7,cohens_d_test,0.25350714
wisconsin,BundleSheaf,false,2,2,epoch-0,2,7,cohens_d_test,0.1629939
wisconsin,BundleSheaf,false,2,2,epoch-0,0,8,degree,-0.09296342188415523
wisconsin,BundleSheaf,false,2,2,epoch-0,1,8,degree,0.48315758423195465
wisconsin,BundleSheaf,false,2,2,epoch-0,2,8,degree,0.5534213686021461
wisconsin,BundleSheaf,false,2,2,epoch-0,0,8,betweenness,-0.08473098596226605
wisconsin,BundleSheaf,false,2,2,epoch-0,1,8,betweenness,0.4024832331253873
wisconsin,BundleSheaf,false,2,2,epoch-0,2,8,betweenness,0.5482630816240391
wisconsin,BundleSheaf,false,2,2,epoch-0,0,8,confidence,-0.27457037964971565
wisconsin,BundleSheaf,false,2,2,epoch-0,1,8,confidence,-0.0668670589012068
wisconsin,BundleSheaf,false,2,2,epoch-0,2,8,confidence,0.767596864046243
wisconsin,BundleSheaf,false,2,2,epoch-0,0,8,saliency,-0.18901413623854613
wisconsin,BundleSheaf,false,2,2,epoch-0,1,8,saliency,0.19958880644402166
wisconsin,BundleSheaf,false,2,2,epoch-0,2,8,saliency,0.8785449887374406
wisconsin,BundleSheaf,false,2,2,epoch-0,0,8,cohens_d_train,0.58998424
wisconsin,BundleSheaf,false,2,2,epoch-0,1,8,cohens_d_train,0.11786819
wisconsin,BundleSheaf,false,2,2,epoch-0,2,8,cohens_d_train,0.35485807
wisconsin,BundleSheaf,false,2,2,epoch-0,0,8,cohens_d_test,0.17625532
wisconsin,BundleSheaf,false,2,2,epoch-0,1,8,cohens_d_test,0.13923419
wisconsin,BundleSheaf,false,2,2,epoch-0,2,8,cohens_d_test,0.15787488
wisconsin,BundleSheaf,false,2,2,epoch-0,0,9,degree,-0.045879713721220114
wisconsin,BundleSheaf,false,2,2,epoch-0,1,9,degree,0.3816681276181135
wisconsin,BundleSheaf,false,2,2,epoch-0,2,9,degree,0.5393428396415555
wisconsin,BundleSheaf,false,2,2,epoch-0,0,9,betweenness,-0.12899857467371725
wisconsin,BundleSheaf,false,2,2,epoch-0,1,9,betweenness,0.25155635011203004
wisconsin,BundleSheaf,false,2,2,epoch-0,2,9,betweenness,0.5410707230693148
wisconsin,BundleSheaf,false,2,2,epoch-0,0,9,confidence,-0.14412730200934112
wisconsin,BundleSheaf,false,2,2,epoch-0,1,9,confidence,0.22902763936310752
wisconsin,BundleSheaf,false,2,2,epoch-0,2,9,confidence,0.8560347987363298
wisconsin,BundleSheaf,false,2,2,epoch-0,0,9,saliency,-0.04279079050366306
wisconsin,BundleSheaf,false,2,2,epoch-0,1,9,saliency,0.2531497830202174
wisconsin,BundleSheaf,false,2,2,epoch-0,2,9,saliency,0.8472355419667437
wisconsin,BundleSheaf,false,2,2,epoch-0,0,9,cohens_d_train,0.11655503
wisconsin,BundleSheaf,false,2,2,epoch-0,1,9,cohens_d_train,0.1314393
wisconsin,BundleSheaf,false,2,2,epoch-0,2,9,cohens_d_train,0.08862814
wisconsin,BundleSheaf,false,2,2,epoch-0,0,9,cohens_d_test,0.053890117
wisconsin,BundleSheaf,false,2,2,epoch-0,1,9,cohens_d_test,0.08038329
wisconsin,BundleSheaf,false,2,2,epoch-0,2,9,cohens_d_test,0.67697376
wisconsin,BundleSheaf,false,2,2,epoch-1,0,0,degree,-0.15666927857406165
wisconsin,BundleSheaf,false,2,2,epoch-1,1,0,degree,0.5519917762352814
wisconsin,BundleSheaf,false,2,2,epoch-1,2,0,degree,0.4855897154271898
wisconsin,BundleSheaf,false,2,2,epoch-1,0,0,betweenness,-0.20529585008552406
wisconsin,BundleSheaf,false,2,2,epoch-1,1,0,betweenness,0.3884221657992513
wisconsin,BundleSheaf,false,2,2,epoch-1,2,0,betweenness,0.46527278387945403
wisconsin,BundleSheaf,false,2,2,epoch-1,0,0,confidence,0.08706631045304399
wisconsin,BundleSheaf,false,2,2,epoch-1,1,0,confidence,0.17085648123116295
wisconsin,BundleSheaf,false,2,2,epoch-1,2,0,confidence,0.7801719484947673
wisconsin,BundleSheaf,false,2,2,epoch-1,0,0,saliency,-0.003709737425187848
wisconsin,BundleSheaf,false,2,2,epoch-1,1,0,saliency,0.26959155347490305
wisconsin,BundleSheaf,false,2,2,epoch-1,2,0,saliency,0.858311408318276
wisconsin,BundleSheaf,false,2,2,epoch-1,0,0,cohens_d_train,0.10930754
wisconsin,BundleSheaf,false,2,2,epoch-1,1,0,cohens_d_train,0.15000486
wisconsin,BundleSheaf,false,2,2,epoch-1,2,0,cohens_d_train,0.025210723
wisconsin,BundleSheaf,false,2,2,epoch-1,0,0,cohens_d_test,1.3227112
wisconsin,BundleSheaf,false,2,2,epoch-1,1,0,cohens_d_test,0.1587864
wisconsin,BundleSheaf,false,2,2,epoch-1,2,0,cohens_d_test,0.17907768
wisconsin,BundleSheaf,false,2,2,epoch-1,0,1,degree,-0.23696742182108205
wisconsin,BundleSheaf,false,2,2,epoch-1,1,1,degree,0.4165260087992192
wisconsin,BundleSheaf,false,2,2,epoch-1,2,1,degree,0.5626640008261546
wisconsin,BundleSheaf,false,2,2,epoch-1,0,1,betweenness,-0.24282105247085728
wisconsin,BundleSheaf,false,2,2,epoch-1,1,1,betweenness,0.322292527663607
wisconsin,BundleSheaf,false,2,2,epoch-1,2,1,betweenness,0.5480845610140959
wisconsin,BundleSheaf,false,2,2,epoch-1,0,1,confidence,0.2054348762302351
wisconsin,BundleSheaf,false,2,2,epoch-1,1,1,confidence,0.43767583248483
wisconsin,BundleSheaf,false,2,2,epoch-1,2,1,confidence,0.8628917830915256
wisconsin,BundleSheaf,false,2,2,epoch-1,0,1,saliency,-0.007343965862987351
wisconsin,BundleSheaf,false,2,2,epoch-1,1,1,saliency,0.39816831616486176
wisconsin,BundleSheaf,false,2,2,epoch-1,2,1,saliency,0.9110830455794391
wisconsin,BundleSheaf,false,2,2,epoch-1,0,1,cohens_d_train,0.6783861
wisconsin,BundleSheaf,false,2,2,epoch-1,1,1,cohens_d_train,0.013903496
wisconsin,BundleSheaf,false,2,2,epoch-1,2,1,cohens_d_train,0.665801
wisconsin,BundleSheaf,false,2,2,epoch-1,0,1,cohens_d_test,0.68126494
wisconsin,BundleSheaf,false,2,2,epoch-1,1,1,cohens_d_test,0.28207847
wisconsin,BundleSheaf,false,2,2,epoch-1,2,1,cohens_d_test,0.04540589
wisconsin,BundleSheaf,false,2,2,epoch-1,0,2,degree,-0.18245823640233763
wisconsin,BundleSheaf,false,2,2,epoch-1,1,2,degree,0.4401815890354945
wisconsin,BundleSheaf,false,2,2,epoch-1,2,2,degree,0.5569754090839549
wisconsin,BundleSheaf,false,2,2,epoch-1,0,2,betweenness,-0.1869263011236789
wisconsin,BundleSheaf,false,2,2,epoch-1,1,2,betweenness,0.3193103309160342
wisconsin,BundleSheaf,false,2,2,epoch-1,2,2,betweenness,0.5457611698672691
wisconsin,BundleSheaf,false,2,2,epoch-1,0,2,confidence,-0.12321888433190911
wisconsin,BundleSheaf,false,2,2,epoch-1,1,2,confidence,0.12494370136357477
wisconsin,BundleSheaf,false,2,2,epoch-1,2,2,confidence,0.7862689380644804
wisconsin,BundleSheaf,false,2,2,epoch-1,0,2,saliency,0.07230704493310175
wisconsin,BundleSheaf,false,2,2,epoch-1,1,2,saliency,0.4066019376216799
wisconsin,BundleSheaf,false,2,2,epoch-1,2,2,saliency,0.9139525380203142
wisconsin,BundleSheaf,false,2,2,epoch-1,0,2,cohens_d_train,0.45411173
wisconsin,BundleSheaf,false,2,2,epoch-1,1,2,cohens_d_train,0.06713365
wisconsin,BundleSheaf,false,2,2,epoch-1,2,2,cohens_d_train,0.5073568
wisconsin,BundleSheaf,false,2,2,epoch-1,0,2,cohens_d_test,0.4820813
wisconsin,BundleSheaf,false,2,2,epoch-1,1,2,cohens_d_test,0.5923855
wisconsin,BundleSheaf,false,2,2,epoch-1,2,2,cohens_d_test,0.8300385
wisconsin,BundleSheaf,false,2,2,epoch-1,0,3,degree,-0.1985287431900242
wisconsin,BundleSheaf,false,2,2,epoch-1,1,3,degree,0.5309961035506623
wisconsin,BundleSheaf,false,2,2,epoch-1,2,3,degree,0.4842035305950006
wisconsin,BundleSheaf,false,2,2,epoch-1,0,3,betweenness,-0.22267459609719958
wisconsin,BundleSheaf,false,2,2,epoch-1,1,3,betweenness,0.4436326571803122
wisconsin,BundleSheaf,false,2,2,epoch-1,2,3,betweenness,0.5073943384280462
wisconsin,BundleSheaf,false,2,2,epoch-1,0,3,confidence,0.12609044897417665
wisconsin,BundleSheaf,false,2,2,epoch-1,1,3,confidence,0.2324967681642072
wisconsin,BundleSheaf,false,2,2,epoch-1,2,3,confidence,0.7249634177367335
wisconsin,BundleSheaf,false,2,2,epoch-1,0,3,saliency,0.0918016427638838
wisconsin,BundleSheaf,false,2,2,epoch-1,1,3,saliency,0.4229646031046562
wisconsin,BundleSheaf,false,2,2,epoch-1,2,3,saliency,0.8581722095133266
wisconsin,BundleSheaf,false,2,2,epoch-1,0,3,cohens_d_train,0.70178694
wisconsin,BundleSheaf,false,2,2,epoch-1,1,3,cohens_d_train,0.07246559
wisconsin,BundleSheaf,false,2,2,epoch-1,2,3,cohens_d_train,0.28485465
wisconsin,BundleSheaf,false,2,2,epoch-1,0,3,cohens_d_test,0.8747431
wisconsin,BundleSheaf,false,2,2,epoch-1,1,3,cohens_d_test,0.4352778
wisconsin,BundleSheaf,false,2,2,epoch-1,2,3,cohens_d_test,0.5633315
wisconsin,BundleSheaf,false,2,2,epoch-1,0,4,degree,-0.19774163218429824
wisconsin,BundleSheaf,false,2,2,epoch-1,1,4,degree,0.4061108972850359
wisconsin,BundleSheaf,false,2,2,epoch-1,2,4,degree,0.5494143317056248
wisconsin,BundleSheaf,false,2,2,epoch-1,0,4,betweenness,-0.20595586650480438
wisconsin,BundleSheaf,false,2,2,epoch-1,1,4,betweenness,0.2813594156072429
wisconsin,BundleSheaf,false,2,2,epoch-1,2,4,betweenness,0.5569281255151953
wisconsin,BundleSheaf,false,2,2,epoch-1,0,4,confidence,-0.26064723276110646
wisconsin,BundleSheaf,false,2,2,epoch-1,1,4,confidence,-0.05437034884095953
wisconsin,BundleSheaf,false,2,2,epoch-1,2,4,confidence,0.07614535236021718
wisconsin,BundleSheaf,false,2,2,epoch-1,0,4,saliency,0.108845124847451
wisconsin,BundleSheaf,false,2,2,epoch-1,1,4,saliency,0.3990253838077723
wisconsin,BundleSheaf,false,2,2,epoch-1,2,4,saliency,0.8930525111183879
wisconsin,BundleSheaf,false,2,2,epoch-1,0,4,cohens_d_train,0.11384839
wisconsin,BundleSheaf,false,2,2,epoch-1,1,4,cohens_d_train,0.20361394
wisconsin,BundleSheaf,false,2,2,epoch-1,2,4,cohens_d_train,0.17575587
wisconsin,BundleSheaf,false,2,2,epoch-1,0,4,cohens_d_test,0.38620985
wisconsin,BundleSheaf,false,2,2,epoch-1,1,4,cohens_d_test,0.06752584
wisconsin,BundleSheaf,false,2,2,epoch-1,2,4,cohens_d_test,0.22371078
wisconsin,BundleSheaf,false,2,2,epoch-1,0,5,degree,-0.21595163566918754
wisconsin,BundleSheaf,false,2,2,epoch-1,1,5,degree,0.40121309535730915
wisconsin,BundleSheaf,false,2,2,epoch-1,2,5,degree,0.5613217170270478
wisconsin,BundleSheaf,false,2,2,epoch-1,0,5,betweenness,-0.2554909549251672
wisconsin,BundleSheaf,false,2,2,epoch-1,1,5,betweenness,0.2788147491102674
wisconsin,BundleSheaf,false,2,2,epoch-1,2,5,betweenness,0.5538811052180305
wisconsin,BundleSheaf,false,2,2,epoch-1,0,5,confidence,0.12369241930462978
wisconsin,BundleSheaf,false,2,2,epoch-1,1,5,confidence,0.2025650934728324
wisconsin,BundleSheaf,false,2,2,epoch-1,2,5,confidence,0.7766758357100324
wisconsin,BundleSheaf,false,2,2,epoch-1,0,5,saliency,0.08087620665098892
wisconsin,BundleSheaf,false,2,2,epoch-1,1,5,saliency,0.3096059436194005
wisconsin,BundleSheaf,false,2,2,epoch-1,2,5,saliency,0.8974992776509045
wisconsin,BundleSheaf,false,2,2,epoch-1,0,5,cohens_d_train,0.17785452
wisconsin,BundleSheaf,false,2,2,epoch-1,1,5,cohens_d_train,0.0066825794
wisconsin,BundleSheaf,false,2,2,epoch-1,2,5,cohens_d_train,0.35761875
wisconsin,BundleSheaf,false,2,2,epoch-1,0,5,cohens_d_test,0.30412853
wisconsin,BundleSheaf,false,2,2,epoch-1,1,5,cohens_d_test,0.093908355
wisconsin,BundleSheaf,false,2,2,epoch-1,2,5,cohens_d_test,0.15290554
wisconsin,BundleSheaf,false,2,2,epoch-1,0,6,degree,-0.17560267825473658
wisconsin,BundleSheaf,false,2,2,epoch-1,1,6,degree,0.6425625936163136
wisconsin,BundleSheaf,false,2,2,epoch-1,2,6,degree,0.488552840907881
wisconsin,BundleSheaf,false,2,2,epoch-1,0,6,betweenness,-0.18865728758179148
wisconsin,BundleSheaf,false,2,2,epoch-1,1,6,betweenness,0.5323394192716487
wisconsin,BundleSheaf,false,2,2,epoch-1,2,6,betweenness,0.46848218972368694
wisconsin,BundleSheaf,false,2,2,epoch-1,0,6,confidence,-0.03330340222421628
wisconsin,BundleSheaf,false,2,2,epoch-1,1,6,confidence,0.28298479395833975
wisconsin,BundleSheaf,false,2,2,epoch-1,2,6,confidence,0.8391317314602402
wisconsin,BundleSheaf,false,2,2,epoch-1,0,6,saliency,0.039119384146409114
wisconsin,BundleSheaf,false,2,2,epoch-1,1,6,saliency,0.3345378492911363
wisconsin,BundleSheaf,false,2,2,epoch-1,2,6,saliency,0.8456268985975327
wisconsin,BundleSheaf,false,2,2,epoch-1,0,6,cohens_d_train,0.38045734
wisconsin,BundleSheaf,false,2,2,epoch-1,1,6,cohens_d_train,0.20772627
wisconsin,BundleSheaf,false,2,2,epoch-1,2,6,cohens_d_train,0.14717463
wisconsin,BundleSheaf,false,2,2,epoch-1,0,6,cohens_d_test,0.98010325
wisconsin,BundleSheaf,false,2,2,epoch-1,1,6,cohens_d_test,0.4124008
wisconsin,BundleSheaf,false,2,2,epoch-1,2,6,cohens_d_test,0.08434604
wisconsin,BundleSheaf,false,2,2,epoch-1,0,7,degree,-0.1685295573414857
wisconsin,BundleSheaf,false,2,2,epoch-1,1,7,degree,0.5219066489034826
wisconsin,BundleSheaf,false,2,2,epoch-1,2,7,degree,0.4762170391164938
wisconsin,BundleSheaf,false,2,2,epoch-1,0,7,betweenness,-0.19180754283773147
wisconsin,BundleSheaf,false,2,2,epoch-1,1,7,betweenness,0.4111689025139939
wisconsin,BundleSheaf,false,2,2,epoch-1,2,7,betweenness,0.5008650051851046
wisconsin,BundleSheaf,false,2,2,epoch-1,0,7,confidence,0.14677724922476154
wisconsin,BundleSheaf,false,2,2,epoch-1,1,7,confidence,0.10875853111687767
wisconsin,BundleSheaf,false,2,2,epoch-1,2,7,confidence,0.7689975919166854
wisconsin,BundleSheaf,false,2,2,epoch-1,0,7,saliency,0.14075637346584222
wisconsin,BundleSheaf,false,2,2,epoch-1,1,7,saliency,0.21719871644800473
wisconsin,BundleSheaf,false,2,2,epoch-1,2,7,saliency,0.842951722416097
wisconsin,BundleSheaf,false,2,2,epoch-1,0,7,cohens_d_train,0.7570739
wisconsin,BundleSheaf,false,2,2,epoch-1,1,7,cohens_d_train,0.3364236
wisconsin,BundleSheaf,false,2,2,epoch-1,2,7,cohens_d_train,1.2086123
wisconsin,BundleSheaf,false,2,2,epoch-1,0,7,cohens_d_test,0.4735841
wisconsin,BundleSheaf,false,2,2,epoch-1,1,7,cohens_d_test,0.21686167
wisconsin,BundleSheaf,false,2,2,epoch-1,2,7,cohens_d_test,0.18122424
wisconsin,BundleSheaf,false,2,2,epoch-1,0,8,degree,-0.21012988916336175
wisconsin,BundleSheaf,false,2,2,epoch-1,1,8,degree,0.5866662107806047
wisconsin,BundleSheaf,false,2,2,epoch-1,2,8,degree,0.5397383374440131
wisconsin,BundleSheaf,false,2,2,epoch-1,0,8,betweenness,-0.24650873854933625
wisconsin,BundleSheaf,false,2,2,epoch-1,1,8,betweenness,0.43359940783285833
wisconsin,BundleSheaf,false,2,2,epoch-1,2,8,betweenness,0.5565040463348161
wisconsin,BundleSheaf,false,2,2,epoch-1,0,8,confidence,-0.005790558668822008
wisconsin,BundleSheaf,false,2,2,epoch-1,1,8,confidence,0.3809821936912573
wisconsin,BundleSheaf,false,2,2,epoch-1,2,8,confidence,0.8242395129422534
wisconsin,BundleSheaf,false,2,2,epoch-1,0,8,saliency,0.024904221101378184
wisconsin,BundleSheaf,false,2,2,epoch-1,1,8,saliency,0.44136318043816786
wisconsin,BundleSheaf,false,2,2,epoch-1,2,8,saliency,0.9026922231221314
wisconsin,BundleSheaf,false,2,2,epoch-1,0,8,cohens_d_train,0.017927863
wisconsin,BundleSheaf,false,2,2,epoch-1,1,8,cohens_d_train,0.30847204
wisconsin,BundleSheaf,false,2,2,epoch-1,2,8,cohens_d_train,0.74736047
wisconsin,BundleSheaf,false,2,2,epoch-1,0,8,cohens_d_test,0.55150205
wisconsin,BundleSheaf,false,2,2,epoch-1,1,8,cohens_d_test,0.24181412
wisconsin,BundleSheaf,false,2,2,epoch-1,2,8,cohens_d_test,0.17995547
wisconsin,BundleSheaf,false,2,2,epoch-1,0,9,degree,-0.19862237288024134
wisconsin,BundleSheaf,false,2,2,epoch-1,1,9,degree,0.5758486854253708
wisconsin,BundleSheaf,false,2,2,epoch-1,2,9,degree,0.5395696240308283
wisconsin,BundleSheaf,false,2,2,epoch-1,0,9,betweenness,-0.20566594183949552
wisconsin,BundleSheaf,false,2,2,epoch-1,1,9,betweenness,0.5286950330908435
wisconsin,BundleSheaf,false,2,2,epoch-1,2,9,betweenness,0.5220037100870076
wisconsin,BundleSheaf,false,2,2,epoch-1,0,9,confidence,-0.02574884357675973
wisconsin,BundleSheaf,false,2,2,epoch-1,1,9,confidence,0.5820477606039342
wisconsin,BundleSheaf,false,2,2,epoch-1,2,9,confidence,0.8179684378556015
wisconsin,BundleSheaf,false,2,2,epoch-1,0,9,saliency,0.12358465974352988
wisconsin,BundleSheaf,false,2,2,epoch-1,1,9,saliency,0.6173845289610407
wisconsin,BundleSheaf,false,2,2,epoch-1,2,9,saliency,0.8842192692920771
wisconsin,BundleSheaf,false,2,2,epoch-1,0,9,cohens_d_train,0.058126014
wisconsin,BundleSheaf,false,2,2,epoch-1,1,9,cohens_d_train,0.46844345
wisconsin,BundleSheaf,false,2,2,epoch-1,2,9,cohens_d_train,0.40749928
wisconsin,BundleSheaf,false,2,2,epoch-1,0,9,cohens_d_test,0.08429969
wisconsin,BundleSheaf,false,2,2,epoch-1,1,9,cohens_d_test,0.18981145
wisconsin,BundleSheaf,false,2,2,epoch-1,2,9,cohens_d_test,0.63742155
wisconsin,BundleSheaf,false,2,2,epoch-5,0,0,degree,-0.18897968030269074
wisconsin,BundleSheaf,false,2,2,epoch-5,1,0,degree,0.5598623870922979
wisconsin,BundleSheaf,false,2,2,epoch-5,2,0,degree,0.43931833171689155
wisconsin,BundleSheaf,false,2,2,epoch-5,0,0,betweenness,-0.2075810012730324
wisconsin,BundleSheaf,false,2,2,epoch-5,1,0,betweenness,0.4076267651971294
wisconsin,BundleSheaf,false,2,2,epoch-5,2,0,betweenness,0.43507190825739606
wisconsin,BundleSheaf,false,2,2,epoch-5,0,0,confidence,0.16092258879449384
wisconsin,BundleSheaf,false,2,2,epoch-5,1,0,confidence,0.35620692703734663
wisconsin,BundleSheaf,false,2,2,epoch-5,2,0,confidence,0.8379198777916439
wisconsin,BundleSheaf,false,2,2,epoch-5,0,0,saliency,0.12641979861866506
wisconsin,BundleSheaf,false,2,2,epoch-5,1,0,saliency,0.46028816554284396
wisconsin,BundleSheaf,false,2,2,epoch-5,2,0,saliency,0.8470938520561001
wisconsin,BundleSheaf,false,2,2,epoch-5,0,0,cohens_d_train,0.48059976
wisconsin,BundleSheaf,false,2,2,epoch-5,1,0,cohens_d_train,0.009169538
wisconsin,BundleSheaf,false,2,2,epoch-5,2,0,cohens_d_train,0.751233
wisconsin,BundleSheaf,false,2,2,epoch-5,0,0,cohens_d_test,0.68699974
wisconsin,BundleSheaf,false,2,2,epoch-5,1,0,cohens_d_test,0.20375861
wisconsin,BundleSheaf,false,2,2,epoch-5,2,0,cohens_d_test,0.19266988
wisconsin,BundleSheaf,false,2,2,epoch-5,0,1,degree,-0.25509195421946607
wisconsin,BundleSheaf,false,2,2,epoch-5,1,1,degree,0.5190248199235545
wisconsin,BundleSheaf,false,2,2,epoch-5,2,1,degree,0.5102379119258775
wisconsin,BundleSheaf,false,2,2,epoch-5,0,1,betweenness,-0.2433078924122014
wisconsin,BundleSheaf,false,2,2,epoch-5,1,1,betweenness,0.42238730745960806
wisconsin,BundleSheaf,false,2,2,epoch-5,2,1,betweenness,0.5206241367198043
wisconsin,BundleSheaf,false,2,2,epoch-5,0,1,confidence,0.1689734742581036
wisconsin,BundleSheaf,false,2,2,epoch-5,1,1,confidence,0.5163509894524678
wisconsin,BundleSheaf,false,2,2,epoch-5,2,1,confidence,0.8210044513400553
wisconsin,BundleSheaf,false,2,2,epoch-5,0,1,saliency,0.07779217312564567
wisconsin,BundleSheaf,false,2,2,epoch-5,1,1,saliency,0.4609724613716269
wisconsin,BundleSheaf,false,2,2,epoch-5,2,1,saliency,0.9013884849488789
wisconsin,BundleSheaf,false,2,2,epoch-5,0,1,cohens_d_train,0.23424411
wisconsin,BundleSheaf,false,2,2,epoch-5,1,1,cohens_d_train,0.67467785
wisconsin,BundleSheaf,false,2,2,epoch-5,2,1,cohens_d_train,0.060411662
wisconsin,BundleSheaf,false,2,2,epoch-5,0,1,cohens_d_test,0.2113137
wisconsin,BundleSheaf,false,2,2,epoch-5,1,1,cohens_d_test,0.13098066
wisconsin,BundleSheaf,false,2,2,epoch-5,2,1,cohens_d_test,0.7592122
wisconsin,BundleSheaf,false,2,2,epoch-5,0,2,degree,-0.18769023241127694
wisconsin,BundleSheaf,false,2,2,epoch-5,1,2,degree,0.5559392671988451
wisconsin,BundleSheaf,false,2,2,epoch-5,2,2,degree,0.417667435659357
wisconsin,BundleSheaf,false,2,2,epoch-5,0,2,betweenness,-0.1830335273960485
wisconsin,BundleSheaf,false,2,2,epoch-5,1,2,betweenness,0.537451040196392
wisconsin,BundleSheaf,false,2,2,epoch-5,2,2,betweenness,0.3909661073542107
wisconsin,BundleSheaf,false,2,2,epoch-5,0,2,confidence,0.22530740881138206
wisconsin,BundleSheaf,false,2,2,epoch-5,1,2,confidence,0.49212653846577065
wisconsin,BundleSheaf,false,2,2,epoch-5,2,2,confidence,0.8791012402397654
wisconsin,BundleSheaf,false,2,2,epoch-5,0,2,saliency,0.1212025893413449
wisconsin,BundleSheaf,false,2,2,epoch-5,1,2,saliency,0.6402287840421956
wisconsin,BundleSheaf,false,2,2,epoch-5,2,2,saliency,0.9020549436956508
wisconsin,BundleSheaf,false,2,2,epoch-5,0,2,cohens_d_train,0.2056074
wisconsin,BundleSheaf,false,2,2,epoch-5,1,2,cohens_d_train,0.038704444
wisconsin,BundleSheaf,false,2,2,epoch-5,2,2,cohens_d_train,0.513038
wisconsin,BundleSheaf,false,2,2,epoch-5,0,2,cohens_d_test,0.3709947
wisconsin,BundleSheaf,false,2,2,epoch-5,1,2,cohens_d_test,0.2088325
wisconsin,BundleSheaf,false,2,2,epoch-5,2,2,cohens_d_test,0.16084963
wisconsin,BundleSheaf,false,2,2,epoch-5,0,3,degree,-0.21116447781501435
wisconsin,BundleSheaf,false,2,2,epoch-5,1,3,degree,0.4481882812403042
wisconsin,BundleSheaf,false,2,2,epoch-5,2,3,degree,0.3883041754394709
wisconsin,BundleSheaf,false,2,2,epoch-5,0,3,betweenness,-0.2331387361314147
wisconsin,BundleSheaf,false,2,2,epoch-5,1,3,betweenness,0.315247886238958
wisconsin,BundleSheaf,false,2,2,epoch-5,2,3,betweenness,0.3797049007335274
wisconsin,BundleSheaf,false,2,2,epoch-5,0,3,confidence,0.16788977562870586
wisconsin,BundleSheaf,false,2,2,epoch-5,1,3,confidence,0.3631285764100081
wisconsin,BundleSheaf,false,2,2,epoch-5,2,3,confidence,0.8075309457525879
wisconsin,BundleSheaf,false,2,2,epoch-5,0,3,saliency,0.010803654870412752
wisconsin,BundleSheaf,false,2,2,epoch-5,1,3,saliency,0.564422524918431
wisconsin,BundleSheaf,false,2,2,epoch-5,2,3,saliency,0.6596044999447921
wisconsin,BundleSheaf,false,2,2,epoch-5,0,3,cohens_d_train,0.96981317
wisconsin,BundleSheaf,false,2,2,epoch-5,1,3,cohens_d_train,0.18533681
wisconsin,BundleSheaf,false,2,2,epoch-5,2,3,cohens_d_train,0.028073555
wisconsin,BundleSheaf,false,2,2,epoch-5,0,3,cohens_d_test,1.0164044
wisconsin,BundleSheaf,false,2,2,epoch-5,1,3,cohens_d_test,0.06490861
wisconsin,BundleSheaf,false,2,2,epoch-5,2,3,cohens_d_test,0.4536666
wisconsin,BundleSheaf,false,2,2,epoch-5,0,4,degree,-0.1993236242945233
wisconsin,BundleSheaf,false,2,2,epoch-5,1,4,degree,0.4610206770898464
wisconsin,BundleSheaf,false,2,2,epoch-5,2,4,degree,0.5047216302425358
wisconsin,BundleSheaf,false,2,2,epoch-5,0,4,betweenness,-0.22719975583976545
wisconsin,BundleSheaf,false,2,2,epoch-5,1,4,betweenness,0.3066934220663919
wisconsin,BundleSheaf,false,2,2,epoch-5,2,4,betweenness,0.5276474132857417
wisconsin,BundleSheaf,false,2,2,epoch-5,0,4,confidence,0.15591632242424042
wisconsin,BundleSheaf,false,2,2,epoch-5,1,4,confidence,0.26393185198170765
wisconsin,BundleSheaf,false,2,2,epoch-5,2,4,confidence,0.8145593708363099
wisconsin,BundleSheaf,false,2,2,epoch-5,0,4,saliency,0.23078417467376175
wisconsin,BundleSheaf,false,2,2,epoch-5,1,4,saliency,0.43319091245926356
wisconsin,BundleSheaf,false,2,2,epoch-5,2,4,saliency,0.8436430527279906
wisconsin,BundleSheaf,false,2,2,epoch-5,0,4,cohens_d_train,0.9085463
wisconsin,BundleSheaf,false,2,2,epoch-5,1,4,cohens_d_train,0.11341581
wisconsin,BundleSheaf,false,2,2,epoch-5,2,4,cohens_d_train,0.14996195
wisconsin,BundleSheaf,false,2,2,epoch-5,0,4,cohens_d_test,0.7652816
wisconsin,BundleSheaf,false,2,2,epoch-5,1,4,cohens_d_test,0.03022125
wisconsin,BundleSheaf,false,2,2,epoch-5,2,4,cohens_d_test,0.44911176
wisconsin,BundleSheaf,false,2,2,epoch-5,0,5,degree,-0.22620471242041112
wisconsin,BundleSheaf,false,2,2,epoch-5,1,5,degree,0.5870935659699006
wisconsin,BundleSheaf,false,2,2,epoch-5,2,5,degree,0.4990540287437795
wisconsin,BundleSheaf,false,2,2,epoch-5,0,5,betweenness,-0.23390348113433612
wisconsin,BundleSheaf,false,2,2,epoch-5,1,5,betweenness,0.4775811491081916
wisconsin,BundleSheaf,false,2,2,epoch-5,2,5,betweenness,0.5023487784977356
wisconsin,BundleSheaf,false,2,2,epoch-5,0,5,confidence,0.10960251884278449
wisconsin,BundleSheaf,false,2,2,epoch-5,1,5,confidence,0.5414187375592773
wisconsin,BundleSheaf,false,2,2,epoch-5,2,5,confidence,0.7884231389242062
wisconsin,BundleSheaf,false,2,2,epoch-5,0,5,saliency,0.07682159259587504
wisconsin,BundleSheaf,false,2,2,epoch-5,1,5,saliency,0.4839123383891773
wisconsin,BundleSheaf,false,2,2,epoch-5,2,5,saliency,0.885442355592326
wisconsin,BundleSheaf,false,2,2,epoch-5,0,5,cohens_d_train,0.38432875
wisconsin,BundleSheaf,false,2,2,epoch-5,1,5,cohens_d_train,0.1637883
wisconsin,BundleSheaf,false,2,2,epoch-5,2,5,cohens_d_train,0.16086993
wisconsin,BundleSheaf,false,2,2,epoch-5,0,5,cohens_d_test,0.6377779
wisconsin,BundleSheaf,false,2,2,epoch-5,1,5,cohens_d_test,0.13684969
wisconsin,BundleSheaf,false,2,2,epoch-5,2,5,cohens_d_test,0.17678185
wisconsin,BundleSheaf,false,2,2,epoch-5,0,6,degree,-0.21641861860545733
wisconsin,BundleSheaf,false,2,2,epoch-5,1,6,degree,0.5577648505202291
wisconsin,BundleSheaf,false,2,2,epoch-5,2,6,degree,0.4237506425266265
wisconsin,BundleSheaf,false,2,2,epoch-5,0,6,betweenness,-0.22460716775884237
wisconsin,BundleSheaf,false,2,2,epoch-5,1,6,betweenness,0.5035929240703587
wisconsin,BundleSheaf,false,2,2,epoch-5,2,6,betweenness,0.43229221803889956
wisconsin,BundleSheaf,false,2,2,epoch-5,0,6,confidence,0.16780557287785117
wisconsin,BundleSheaf,false,2,2,epoch-5,1,6,confidence,0.49172784579464696
wisconsin,BundleSheaf,false,2,2,epoch-5,2,6,confidence,0.7357068758921463
wisconsin,BundleSheaf,false,2,2,epoch-5,0,6,saliency,0.0877584000285588
wisconsin,BundleSheaf,false,2,2,epoch-5,1,6,saliency,0.5985807621251231
wisconsin,BundleSheaf,false,2,2,epoch-5,2,6,saliency,0.7524974876669578
wisconsin,BundleSheaf,false,2,2,epoch-5,0,6,cohens_d_train,0.538411
wisconsin,BundleSheaf,false,2,2,epoch-5,1,6,cohens_d_train,0.20894422
wisconsin,BundleSheaf,false,2,2,epoch-5,2,6,cohens_d_train,0.18092099
wisconsin,BundleSheaf,false,2,2,epoch-5,0,6,cohens_d_test,0.7136718
wisconsin,BundleSheaf,false,2,2,epoch-5,1,6,cohens_d_test,0.26861343
wisconsin,BundleSheaf,false,2,2,epoch-5,2,6,cohens_d_test,0.5138918
wisconsin,BundleSheaf,false,2,2,epoch-5,0,7,degree,-0.17268422915551981
wisconsin,BundleSheaf,false,2,2,epoch-5,1,7,degree,0.5120937986094807
wisconsin,BundleSheaf,false,2,2,epoch-5,2,7,degree,0.4220174429176005
wisconsin,BundleSheaf,false,2,2,epoch-5,0,7,betweenness,-0.16918368992802513
wisconsin,BundleSheaf,false,2,2,epoch-5,1,7,betweenness,0.3907722313371648
wisconsin,BundleSheaf,false,2,2,epoch-5,2,7,betweenness,0.4276685221536794
wisconsin,BundleSheaf,false,2,2,epoch-5,0,7,confidence,0.23115146782567972
wisconsin,BundleSheaf,false,2,2,epoch-5,1,7,confidence,0.41447445056894344
wisconsin,BundleSheaf,false,2,2,epoch-5,2,7,confidence,0.8371458308274827
wisconsin,BundleSheaf,false,2,2,epoch-5,0,7,saliency,0.16146518095073625
wisconsin,BundleSheaf,false,2,2,epoch-5,1,7,saliency,0.2773467187807698
wisconsin,BundleSheaf,false,2,2,epoch-5,2,7,saliency,0.8215138764992891
wisconsin,BundleSheaf,false,2,2,epoch-5,0,7,cohens_d_train,0.01627383
wisconsin,BundleSheaf,false,2,2,epoch-5,1,7,cohens_d_train,0.28831917
wisconsin,BundleSheaf,false,2,2,epoch-5,2,7,cohens_d_train,0.6073182
wisconsin,BundleSheaf,false,2,2,epoch-5,0,7,cohens_d_test,0.4886926
wisconsin,BundleSheaf,false,2,2,epoch-5,1,7,cohens_d_test,0.1929664
wisconsin,BundleSheaf,false,2,2,epoch-5,2,7,cohens_d_test,0.22670658
wisconsin,BundleSheaf,false,2,2,epoch-5,0,8,degree,-0.08648547290012559
wisconsin,BundleSheaf,false,2,2,epoch-5,1,8,degree,0.5949095038774065
wisconsin,BundleSheaf,false,2,2,epoch-5,2,8,degree,0.392716034174869
wisconsin,BundleSheaf,false,2,2,epoch-5,0,8,betweenness,-0.14410890340474122
wisconsin,BundleSheaf,false,2,2,epoch-5,1,8,betweenness,0.4550674414689817
wisconsin,BundleSheaf,false,2,2,epoch-5,2,8,betweenness,0.3757397461387646
wisconsin,BundleSheaf,false,2,2,epoch-5,0,8,confidence,0.026209482729349552
wisconsin,BundleSheaf,false,2,2,epoch-5,1,8,confidence,0.4017107962138465
wisconsin,BundleSheaf,false,2,2,epoch-5,2,8,confidence,0.8240270294215835
wisconsin,BundleSheaf,false,2,2,epoch-5,0,8,saliency,0.10856208687814473
wisconsin,BundleSheaf,false,2,2,epoch-5,1,8,saliency,0.5006841211793749
wisconsin,BundleSheaf,false,2,2,epoch-5,2,8,saliency,0.8893755773338676
wisconsin,BundleSheaf,false,2,2,epoch-5,0,8,cohens_d_train,0.3014348
wisconsin,BundleSheaf,false,2,2,epoch-5,1,8,cohens_d_train,0.113980986
wisconsin,BundleSheaf,false,2,2,epoch-5,2,8,cohens_d_train,0.9248434
wisconsin,BundleSheaf,false,2,2,epoch-5,0,8,cohens_d_test,0.6367304
wisconsin,BundleSheaf,false,2,2,epoch-5,1,8,cohens_d_test,0.23233947
wisconsin,BundleSheaf,false,2,2,epoch-5,2,8,cohens_d_test,0.20508695
wisconsin,BundleSheaf,false,2,2,epoch-5,0,9,degree,-0.21261865180042014
wisconsin,BundleSheaf,false,2,2,epoch-5,1,9,degree,0.5274739204496479
wisconsin,BundleSheaf,false,2,2,epoch-5,2,9,degree,0.5482212339444054
wisconsin,BundleSheaf,false,2,2,epoch-5,0,9,betweenness,-0.219498267079413
wisconsin,BundleSheaf,false,2,2,epoch-5,1,9,betweenness,0.4005479388080101
wisconsin,BundleSheaf,false,2,2,epoch-5,2,9,betweenness,0.5759997057709165
wisconsin,BundleSheaf,false,2,2,epoch-5,0,9,confidence,0.10459924636608554
wisconsin,BundleSheaf,false,2,2,epoch-5,1,9,confidence,0.14965553012920893
wisconsin,BundleSheaf,false,2,2,epoch-5,2,9,confidence,0.8547250444792428
wisconsin,BundleSheaf,false,2,2,epoch-5,0,9,saliency,0.13326404848880538
wisconsin,BundleSheaf,false,2,2,epoch-5,1,9,saliency,0.284225112587787
wisconsin,BundleSheaf,false,2,2,epoch-5,2,9,saliency,0.9167148232649681
wisconsin,BundleSheaf,false,2,2,epoch-5,0,9,cohens_d_train,0.27316588
wisconsin,BundleSheaf,false,2,2,epoch-5,1,9,cohens_d_train,0.1416462
wisconsin,BundleSheaf,false,2,2,epoch-5,2,9,cohens_d_train,0.16054735
wisconsin,BundleSheaf,false,2,2,epoch-5,0,9,cohens_d_test,0.32566893
wisconsin,BundleSheaf,false,2,2,epoch-5,1,9,cohens_d_test,0.14505085
wisconsin,BundleSheaf,false,2,2,epoch-5,2,9,cohens_d_test,0.25113484
wisconsin,BundleSheaf,false,2,2,epoch-15,0,0,degree,-0.22612191795343894
wisconsin,BundleSheaf,false,2,2,epoch-15,1,0,degree,0.5738543818400403
wisconsin,BundleSheaf,false,2,2,epoch-15,2,0,degree,0.4033506483132241
wisconsin,BundleSheaf,false,2,2,epoch-15,0,0,betweenness,-0.22234731201193145
wisconsin,BundleSheaf,false,2,2,epoch-15,1,0,betweenness,0.498035325408291
wisconsin,BundleSheaf,false,2,2,epoch-15,2,0,betweenness,0.3678585409398949
wisconsin,BundleSheaf,false,2,2,epoch-15,0,0,confidence,0.39152425519751954
wisconsin,BundleSheaf,false,2,2,epoch-15,1,0,confidence,0.4874215471149865
wisconsin,BundleSheaf,false,2,2,epoch-15,2,0,confidence,0.8665100739006457
wisconsin,BundleSheaf,false,2,2,epoch-15,0,0,saliency,0.1764528663854043
wisconsin,BundleSheaf,false,2,2,epoch-15,1,0,saliency,0.6125166429583164
wisconsin,BundleSheaf,false,2,2,epoch-15,2,0,saliency,0.8757766320109996
wisconsin,BundleSheaf,false,2,2,epoch-15,0,0,cohens_d_train,0.99847025
wisconsin,BundleSheaf,false,2,2,epoch-15,1,0,cohens_d_train,0.28785798
wisconsin,BundleSheaf,false,2,2,epoch-15,2,0,cohens_d_train,0.2527433
wisconsin,BundleSheaf,false,2,2,epoch-15,0,0,cohens_d_test,1.312368
wisconsin,BundleSheaf,false,2,2,epoch-15,1,0,cohens_d_test,0.356542
wisconsin,BundleSheaf,false,2,2,epoch-15,2,0,cohens_d_test,0.31187043
wisconsin,BundleSheaf,false,2,2,epoch-15,0,1,degree,-0.2651177126665358
wisconsin,BundleSheaf,false,2,2,epoch-15,1,1,degree,0.4653105461809429
wisconsin,BundleSheaf,false,2,2,epoch-15,2,1,degree,0.34008336755122887
wisconsin,BundleSheaf,false,2,2,epoch-15,0,1,betweenness,-0.2420808689629143
wisconsin,BundleSheaf,false,2,2,epoch-15,1,1,betweenness,0.37343404203487796
wisconsin,BundleSheaf,false,2,2,epoch-15,2,1,betweenness,0.31521831005393475
wisconsin,BundleSheaf,false,2,2,epoch-15,0,1,confidence,0.309539777419599
wisconsin,BundleSheaf,false,2,2,epoch-15,1,1,confidence,0.5426435535143642
wisconsin,BundleSheaf,false,2,2,epoch-15,2,1,confidence,0.8244884222093236
wisconsin,BundleSheaf,false,2,2,epoch-15,0,1,saliency,0.15629958150203074
wisconsin,BundleSheaf,false,2,2,epoch-15,1,1,saliency,0.5395177685583522
wisconsin,BundleSheaf,false,2,2,epoch-15,2,1,saliency,0.886060075541702
wisconsin,BundleSheaf,false,2,2,epoch-15,0,1,cohens_d_train,1.364141
wisconsin,BundleSheaf,false,2,2,epoch-15,1,1,cohens_d_train,0.05101527
wisconsin,BundleSheaf,false,2,2,epoch-15,2,1,cohens_d_train,0.5979903
wisconsin,BundleSheaf,false,2,2,epoch-15,0,1,cohens_d_test,1.1123635
wisconsin,BundleSheaf,false,2,2,epoch-15,1,1,cohens_d_test,0.34276918
wisconsin,BundleSheaf,false,2,2,epoch-15,2,1,cohens_d_test,0.2487743
wisconsin,BundleSheaf,false,2,2,epoch-15,0,2,degree,-0.20243554885319293
wisconsin,BundleSheaf,false,2,2,epoch-15,1,2,degree,0.594468162518279
wisconsin,BundleSheaf,false,2,2,epoch-15,2,2,degree,0.31036703584888076
wisconsin,BundleSheaf,false,2,2,epoch-15,0,2,betweenness,-0.19362803623949643
wisconsin,BundleSheaf,false,2,2,epoch-15,1,2,betweenness,0.5680286425117427
wisconsin,BundleSheaf,false,2,2,epoch-15,2,2,betweenness,0.25705713136602676
wisconsin,BundleSheaf,false,2,2,epoch-15,0,2,confidence,0.24724482706684456
wisconsin,BundleSheaf,false,2,2,epoch-15,1,2,confidence,0.5071108938214247
wisconsin,BundleSheaf,false,2,2,epoch-15,2,2,confidence,0.8664048060727779
wisconsin,BundleSheaf,false,2,2,epoch-15,0,2,saliency,0.1640385407455749
wisconsin,BundleSheaf,false,2,2,epoch-15,1,2,saliency,0.664275973649003
wisconsin,BundleSheaf,false,2,2,epoch-15,2,2,saliency,0.8447768040847072
wisconsin,BundleSheaf,false,2,2,epoch-15,0,2,cohens_d_train,0.33470997
wisconsin,BundleSheaf,false,2,2,epoch-15,1,2,cohens_d_train,0.10101382
wisconsin,BundleSheaf,false,2,2,epoch-15,2,2,cohens_d_train,0.5586255
wisconsin,BundleSheaf,false,2,2,epoch-15,0,2,cohens_d_test,0.3979377
wisconsin,BundleSheaf,false,2,2,epoch-15,1,2,cohens_d_test,0.13582182
wisconsin,BundleSheaf,false,2,2,epoch-15,2,2,cohens_d_test,0.17751625
wisconsin,BundleSheaf,false,2,2,epoch-15,0,3,degree,-0.22422795637746962
wisconsin,BundleSheaf,false,2,2,epoch-15,1,3,degree,0.4535361337064036
wisconsin,BundleSheaf,false,2,2,epoch-15,2,3,degree,0.33393068285926775
wisconsin,BundleSheaf,false,2,2,epoch-15,0,3,betweenness,-0.23395363847927614
wisconsin,BundleSheaf,false,2,2,epoch-15,1,3,betweenness,0.35322533146313395
wisconsin,BundleSheaf,false,2,2,epoch-15,2,3,betweenness,0.3090202121164305
wisconsin,BundleSheaf,false,2,2,epoch-15,0,3,confidence,-0.12259964629065905
wisconsin,BundleSheaf,false,2,2,epoch-15,1,3,confidence,0.1915242979648856
wisconsin,BundleSheaf,false,2,2,epoch-15,2,3,confidence,0.7233508195887929
wisconsin,BundleSheaf,false,2,2,epoch-15,0,3,saliency,0.10767416778051496
wisconsin,BundleSheaf,false,2,2,epoch-15,1,3,saliency,0.5275205947716542
wisconsin,BundleSheaf,false,2,2,epoch-15,2,3,saliency,0.838500033580039
wisconsin,BundleSheaf,false,2,2,epoch-15,0,3,cohens_d_train,1.0632864
wisconsin,BundleSheaf,false,2,2,epoch-15,1,3,cohens_d_train,0.06595787
wisconsin,BundleSheaf,false,2,2,epoch-15,2,3,cohens_d_train,0.09583488
wisconsin,BundleSheaf,false,2,2,epoch-15,0,3,cohens_d_test,1.241285
wisconsin,BundleSheaf,false,2,2,epoch-15,1,3,cohens_d_test,0.21924835
wisconsin,BundleSheaf,false,2,2,epoch-15,2,3,cohens_d_test,0.786452
wisconsin,BundleSheaf,false,2,2,epoch-15,0,4,degree,-0.22841914765573773
wisconsin,BundleSheaf,false,2,2,epoch-15,1,4,degree,0.47520265329899225
wisconsin,BundleSheaf,false,2,2,epoch-15,2,4,degree,0.41803923467404447
wisconsin,BundleSheaf,false,2,2,epoch-15,0,4,betweenness,-0.22798352533766086
wisconsin,BundleSheaf,false,2,2,epoch-15,1,4,betweenness,0.35827118524951984
wisconsin,BundleSheaf,false,2,2,epoch-15,2,4,betweenness,0.4126193813422021
wisconsin,BundleSheaf,false,2,2,epoch-15,0,4,confidence,0.11840311683208478
wisconsin,BundleSheaf,false,2,2,epoch-15,1,4,confidence,0.32188906992151006
wisconsin,BundleSheaf,false,2,2,epoch-15,2,4,confidence,0.8488748616011093
wisconsin,BundleSheaf,false,2,2,epoch-15,0,4,saliency,0.15397516179591425
wisconsin,BundleSheaf,false,2,2,epoch-15,1,4,saliency,0.2991328394102367
wisconsin,BundleSheaf,false,2,2,epoch-15,2,4,saliency,0.8327154867884551
wisconsin,BundleSheaf,false,2,2,epoch-15,0,4,cohens_d_train,0.41026142
wisconsin,BundleSheaf,false,2,2,epoch-15,1,4,cohens_d_train,0.39338818
wisconsin,BundleSheaf,false,2,2,epoch-15,2,4,cohens_d_train,0.27880633
wisconsin,BundleSheaf,false,2,2,epoch-15,0,4,cohens_d_test,0.28743687
wisconsin,BundleSheaf,false,2,2,epoch-15,1,4,cohens_d_test,0.33941
wisconsin,BundleSheaf,false,2,2,epoch-15,2,4,cohens_d_test,0.5536738
wisconsin,BundleSheaf,false,2,2,epoch-15,0,5,degree,-0.17499311400597845
wisconsin,BundleSheaf,false,2,2,epoch-15,1,5,degree,0.6167512390976065
wisconsin,BundleSheaf,false,2,2,epoch-15,2,5,degree,0.4239642396878612
wisconsin,BundleSheaf,false,2,2,epoch-15,0,5,betweenness,-0.19781968532680094
wisconsin,BundleSheaf,false,2,2,epoch-15,1,5,betweenness,0.5239694583161958
wisconsin,BundleSheaf,false,2,2,epoch-15,2,5,betweenness,0.3568246083354032
wisconsin,BundleSheaf,false,2,2,epoch-15,0,5,confidence,0.0720695322494379
wisconsin,BundleSheaf,false,2,2,epoch-15,1,5,confidence,0.693181326641113
wisconsin,BundleSheaf,false,2,2,epoch-15,2,5,confidence,0.7408541496039687
wisconsin,BundleSheaf,false,2,2,epoch-15,0,5,saliency,0.04159026581898999
wisconsin,BundleSheaf,false,2,2,epoch-15,1,5,saliency,0.7219736080239864
wisconsin,BundleSheaf,false,2,2,epoch-15,2,5,saliency,0.8259295158012949
wisconsin,BundleSheaf,false,2,2,epoch-15,0,5,cohens_d_train,0.06841768
wisconsin,BundleSheaf,false,2,2,epoch-15,1,5,cohens_d_train,0.21977468
wisconsin,BundleSheaf,false,2,2,epoch-15,2,5,cohens_d_train,0.33772793
wisconsin,BundleSheaf,false,2,2,epoch-15,0,5,cohens_d_test,0.5251973
wisconsin,BundleSheaf,false,2,2,epoch-15,1,5,cohens_d_test,0.53407574
wisconsin,BundleSheaf,false,2,2,epoch-15,2,5,cohens_d_test,0.48257074
wisconsin,BundleSheaf,false,2,2,epoch-15,0,6,degree,-0.22717088128782192
wisconsin,BundleSheaf,false,2,2,epoch-15,1,6,degree,0.6238308422137758
wisconsin,BundleSheaf,false,2,2,epoch-15,2,6,degree,0.4378598852839323
wisconsin,BundleSheaf,false,2,2,epoch-15,0,6,betweenness,-0.20600451158287636
wisconsin,BundleSheaf,false,2,2,epoch-15,1,6,betweenness,0.5558003388810189
wisconsin,BundleSheaf,false,2,2,epoch-15,2,6,betweenness,0.4567146708084945
wisconsin,BundleSheaf,false,2,2,epoch-15,0,6,confidence,0.03247319812415378
wisconsin,BundleSheaf,false,2,2,epoch-15,1,6,confidence,0.4508156616291079
wisconsin,BundleSheaf,false,2,2,epoch-15,2,6,confidence,0.750103253710839
wisconsin,BundleSheaf,false,2,2,epoch-15,0,6,saliency,0.05291107276711996
wisconsin,BundleSheaf,false,2,2,epoch-15,1,6,saliency,0.7276309481371689
wisconsin,BundleSheaf,false,2,2,epoch-15,2,6,saliency,0.8850326095679555
wisconsin,BundleSheaf,false,2,2,epoch-15,0,6,cohens_d_train,0.19595078
wisconsin,BundleSheaf,false,2,2,epoch-15,1,6,cohens_d_train,0.13447344
wisconsin,BundleSheaf,false,2,2,epoch-15,2,6,cohens_d_train,0.13879856
wisconsin,BundleSheaf,false,2,2,epoch-15,0,6,cohens_d_test,0.34158337
wisconsin,BundleSheaf,false,2,2,epoch-15,1,6,cohens_d_test,0.3852455
wisconsin,BundleSheaf,false,2,2,epoch-15,2,6,cohens_d_test,0.77960175
wisconsin,BundleSheaf,false,2,2,epoch-15,0,7,degree,-0.22034174147604982
wisconsin,BundleSheaf,false,2,2,epoch-15,1,7,degree,0.569404557675505
wisconsin,BundleSheaf,false,2,2,epoch-15,2,7,degree,0.3698685347460368
wisconsin,BundleSheaf,false,2,2,epoch-15,0,7,betweenness,-0.19783019266366447
wisconsin,BundleSheaf,false,2,2,epoch-15,1,7,betweenness,0.4248471903675014
wisconsin,BundleSheaf,false,2,2,epoch-15,2,7,betweenness,0.3123689373849675
wisconsin,BundleSheaf,false,2,2,epoch-15,0,7,confidence,0.21047149740643215
wisconsin,BundleSheaf,false,2,2,epoch-15,1,7,confidence,0.28355546398528153
wisconsin,BundleSheaf,false,2,2,epoch-15,2,7,confidence,0.8449346489857764
wisconsin,BundleSheaf,false,2,2,epoch-15,0,7,saliency,0.12725154444335415
wisconsin,BundleSheaf,false,2,2,epoch-15,1,7,saliency,0.3461804941608759
wisconsin,BundleSheaf,false,2,2,epoch-15,2,7,saliency,0.8606669403657298
wisconsin,BundleSheaf,false,2,2,epoch-15,0,7,cohens_d_train,0.572427
wisconsin,BundleSheaf,false,2,2,epoch-15,1,7,cohens_d_train,0.4334698
wisconsin,BundleSheaf,false,2,2,epoch-15,2,7,cohens_d_train,0.1132359
wisconsin,BundleSheaf,false,2,2,epoch-15,0,7,cohens_d_test,0.7149474
wisconsin,BundleSheaf,false,2,2,epoch-15,1,7,cohens_d_test,0.39080068
wisconsin,BundleSheaf,false,2,2,epoch-15,2,7,cohens_d_test,0.3948748
wisconsin,BundleSheaf,false,2,2,epoch-15,0,8,degree,-0.16759481445906885
wisconsin,BundleSheaf,false,2,2,epoch-15,1,8,degree,0.48663897434536624
wisconsin,BundleSheaf,false,2,2,epoch-15,2,8,degree,0.3583022928239036
wisconsin,BundleSheaf,false,2,2,epoch-15,0,8,betweenness,-0.15458121581207238
wisconsin,BundleSheaf,false,2,2,epoch-15,1,8,betweenness,0.37509607495417946
wisconsin,BundleSheaf,false,2,2,epoch-15,2,8,betweenness,0.2887612450696425
wisconsin,BundleSheaf,false,2,2,epoch-15,0,8,confidence,0.000509581304778714
wisconsin,BundleSheaf,false,2,2,epoch-15,1,8,confidence,0.21812833167457094
wisconsin,BundleSheaf,false,2,2,epoch-15,2,8,confidence,0.3092905745743026
wisconsin,BundleSheaf,false,2,2,epoch-15,0,8,saliency,0.10139226111814088
wisconsin,BundleSheaf,false,2,2,epoch-15,1,8,saliency,0.36632114070238686
wisconsin,BundleSheaf,false,2,2,epoch-15,2,8,saliency,0.8456535176071021
wisconsin,BundleSheaf,false,2,2,epoch-15,0,8,cohens_d_train,0.38233078
wisconsin,BundleSheaf,false,2,2,epoch-15,1,8,cohens_d_train,0.1372091
wisconsin,BundleSheaf,false,2,2,epoch-15,2,8,cohens_d_train,0.58602
wisconsin,BundleSheaf,false,2,2,epoch-15,0,8,cohens_d_test,0.18539734
wisconsin,BundleSheaf,false,2,2,epoch-15,1,8,cohens_d_test,0.18556756
wisconsin,BundleSheaf,false,2,2,epoch-15,2,8,cohens_d_test,0.19247177
wisconsin,BundleSheaf,false,2,2,epoch-15,0,9,degree,-0.22499797316589448
wisconsin,BundleSheaf,false,2,2,epoch-15,1,9,degree,0.49318838563114825
wisconsin,BundleSheaf,false,2,2,epoch-15,2,9,degree,0.5043854779711369
wisconsin,BundleSheaf,false,2,2,epoch-15,0,9,betweenness,-0.21087057603257048
wisconsin,BundleSheaf,false,2,2,epoch-15,1,9,betweenness,0.3506727618505655
wisconsin,BundleSheaf,false,2,2,epoch-15,2,9,betweenness,0.4945239317574376
wisconsin,BundleSheaf,false,2,2,epoch-15,0,9,confidence,0.40422857704427706
wisconsin,BundleSheaf,false,2,2,epoch-15,1,9,confidence,0.11286517522207101
wisconsin,BundleSheaf,false,2,2,epoch-15,2,9,confidence,0.8280209607404593
wisconsin,BundleSheaf,false,2,2,epoch-15,0,9,saliency,0.2474853889039478
wisconsin,BundleSheaf,false,2,2,epoch-15,1,9,saliency,0.0540045737069147
wisconsin,BundleSheaf,false,2,2,epoch-15,2,9,saliency,0.9034960741779829
wisconsin,BundleSheaf,false,2,2,epoch-15,0,9,cohens_d_train,0.8706138
wisconsin,BundleSheaf,false,2,2,epoch-15,1,9,cohens_d_train,0.17464276
wisconsin,BundleSheaf,false,2,2,epoch-15,2,9,cohens_d_train,0.1636607
wisconsin,BundleSheaf,false,2,2,epoch-15,0,9,cohens_d_test,1.3071696
wisconsin,BundleSheaf,false,2,2,epoch-15,1,9,cohens_d_test,0.05589115
wisconsin,BundleSheaf,false,2,2,epoch-15,2,9,cohens_d_test,0.5292365
wisconsin,BundleSheaf,false,2,2,epoch-50,0,0,degree,-0.17949666325492955
wisconsin,BundleSheaf,false,2,2,epoch-50,1,0,degree,0.345304935474739
wisconsin,BundleSheaf,false,2,2,epoch-50,2,0,degree,0.33018821691518757
wisconsin,BundleSheaf,false,2,2,epoch-50,0,0,betweenness,-0.21423798291702373
wisconsin,BundleSheaf,false,2,2,epoch-50,1,0,betweenness,0.2930486800134641
wisconsin,BundleSheaf,false,2,2,epoch-50,2,0,betweenness,0.2948158574038681
wisconsin,BundleSheaf,false,2,2,epoch-50,0,0,confidence,-0.10941581595727663
wisconsin,BundleSheaf,false,2,2,epoch-50,1,0,confidence,-0.26077879778318935
wisconsin,BundleSheaf,false,2,2,epoch-50,2,0,confidence,-0.20271614700523394
wisconsin,BundleSheaf,false,2,2,epoch-50,0,0,saliency,-0.010613939346914151
wisconsin,BundleSheaf,false,2,2,epoch-50,1,0,saliency,0.4430722390986448
wisconsin,BundleSheaf,false,2,2,epoch-50,2,0,saliency,0.4771439781020513
wisconsin,BundleSheaf,false,2,2,epoch-50,0,0,cohens_d_train,0.29078278
wisconsin,BundleSheaf,false,2,2,epoch-50,1,0,cohens_d_train,0.11670275
wisconsin,BundleSheaf,false,2,2,epoch-50,2,0,cohens_d_train,0.5785474
wisconsin,BundleSheaf,false,2,2,epoch-50,0,0,cohens_d_test,0.1861889
wisconsin,BundleSheaf,false,2,2,epoch-50,1,0,cohens_d_test,0.19914635
wisconsin,BundleSheaf,false,2,2,epoch-50,2,0,cohens_d_test,0.2593791
wisconsin,BundleSheaf,false,2,2,epoch-50,0,1,degree,-0.22750111048568328
wisconsin,BundleSheaf,false,2,2,epoch-50,1,1,degree,0.44646060108916696
wisconsin,BundleSheaf,false,2,2,epoch-50,2,1,degree,0.27811066078513497
wisconsin,BundleSheaf,false,2,2,epoch-50,0,1,betweenness,-0.22233252390819755
wisconsin,BundleSheaf,false,2,2,epoch-50,1,1,betweenness,0.37724501829231677
wisconsin,BundleSheaf,false,2,2,epoch-50,2,1,betweenness,0.2393168685966814
wisconsin,BundleSheaf,false,2,2,epoch-50,0,1,confidence,0.31274442733201263
wisconsin,BundleSheaf,false,2,2,epoch-50,1,1,confidence,0.16556371298186795
wisconsin,BundleSheaf,false,2,2,epoch-50,2,1,confidence,-0.31475595323693917
wisconsin,BundleSheaf,false,2,2,epoch-50,0,1,saliency,0.17418915673215796
wisconsin,BundleSheaf,false,2,2,epoch-50,1,1,saliency,0.6197038966814254
wisconsin,BundleSheaf,false,2,2,epoch-50,2,1,saliency,0.8316045652075755
wisconsin,BundleSheaf,false,2,2,epoch-50,0,1,cohens_d_train,1.215956
wisconsin,BundleSheaf,false,2,2,epoch-50,1,1,cohens_d_train,0.010174565
wisconsin,BundleSheaf,false,2,2,epoch-50,2,1,cohens_d_train,0.55129224
wisconsin,BundleSheaf,false,2,2,epoch-50,0,1,cohens_d_test,1.0524163
wisconsin,BundleSheaf,false,2,2,epoch-50,1,1,cohens_d_test,0.39305472
wisconsin,BundleSheaf,false,2,2,epoch-50,2,1,cohens_d_test,0.27898243
wisconsin,BundleSheaf,false,2,2,epoch-50,0,2,degree,-0.20457154900594773
wisconsin,BundleSheaf,false,2,2,epoch-50,1,2,degree,0.3337247753589706
wisconsin,BundleSheaf,false,2,2,epoch-50,2,2,degree,0.4894168753996941
wisconsin,BundleSheaf,false,2,2,epoch-50,0,2,betweenness,-0.1790753746834894
wisconsin,BundleSheaf,false,2,2,epoch-50,1,2,betweenness,0.29922582309161494
wisconsin,BundleSheaf,false,2,2,epoch-50,2,2,betweenness,0.5175148438706462
wisconsin,BundleSheaf,false,2,2,epoch-50,0,2,confidence,-0.029912010886758062
wisconsin,BundleSheaf,false,2,2,epoch-50,1,2,confidence,0.32946790321980896
wisconsin,BundleSheaf,false,2,2,epoch-50,2,2,confidence,0.7668250933979082
wisconsin,BundleSheaf,false,2,2,epoch-50,0,2,saliency,0.047268883250497294
wisconsin,BundleSheaf,false,2,2,epoch-50,1,2,saliency,0.5528130636386347
wisconsin,BundleSheaf,false,2,2,epoch-50,2,2,saliency,0.9045985038504263
wisconsin,BundleSheaf,false,2,2,epoch-50,0,2,cohens_d_train,0.6687307
wisconsin,BundleSheaf,false,2,2,epoch-50,1,2,cohens_d_train,0.17012776
wisconsin,BundleSheaf,false,2,2,epoch-50,2,2,cohens_d_train,0.41687408
wisconsin,BundleSheaf,false,2,2,epoch-50,0,2,cohens_d_test,1.4924136
wisconsin,BundleSheaf,false,2,2,epoch-50,1,2,cohens_d_test,0.58277047
wisconsin,BundleSheaf,false,2,2,epoch-50,2,2,cohens_d_test,0.62118477
wisconsin,BundleSheaf,false,2,2,epoch-50,0,3,degree,-0.2499287235846696
wisconsin,BundleSheaf,false,2,2,epoch-50,1,3,degree,0.3053067628629209
wisconsin,BundleSheaf,false,2,2,epoch-50,2,3,degree,0.378026745309697
wisconsin,BundleSheaf,false,2,2,epoch-50,0,3,betweenness,-0.23883526935395333
wisconsin,BundleSheaf,false,2,2,epoch-50,1,3,betweenness,0.2235819490039788
wisconsin,BundleSheaf,false,2,2,epoch-50,2,3,betweenness,0.34726806401272564
wisconsin,BundleSheaf,false,2,2,epoch-50,0,3,confidence,0.2302355552360241
wisconsin,BundleSheaf,false,2,2,epoch-50,1,3,confidence,0.18938200875470387
wisconsin,BundleSheaf,false,2,2,epoch-50,2,3,confidence,0.6563199820299617
wisconsin,BundleSheaf,false,2,2,epoch-50,0,3,saliency,0.0450522235464636
wisconsin,BundleSheaf,false,2,2,epoch-50,1,3,saliency,0.43778123232071037
wisconsin,BundleSheaf,false,2,2,epoch-50,2,3,saliency,0.8303764923410275
wisconsin,BundleSheaf,false,2,2,epoch-50,0,3,cohens_d_train,1.0327365
wisconsin,BundleSheaf,false,2,2,epoch-50,1,3,cohens_d_train,0.10154326
wisconsin,BundleSheaf,false,2,2,epoch-50,2,3,cohens_d_train,0.13640682
wisconsin,BundleSheaf,false,2,2,epoch-50,0,3,cohens_d_test,1.0856457
wisconsin,BundleSheaf,false,2,2,epoch-50,1,3,cohens_d_test,0.031190654
wisconsin,BundleSheaf,false,2,2,epoch-50,2,3,cohens_d_test,0.24604656
wisconsin,BundleSheaf,false,2,2,epoch-50,0,4,degree,-0.20465935112208497
wisconsin,BundleSheaf,false,2,2,epoch-50,1,4,degree,0.5033750728915358
wisconsin,BundleSheaf,false,2,2,epoch-50,2,4,degree,0.454860157783786
wisconsin,BundleSheaf,false,2,2,epoch-50,0,4,betweenness,-0.16721726129204428
wisconsin,BundleSheaf,false,2,2,epoch-50,1,4,betweenness,0.39014770302652535
wisconsin,BundleSheaf,false,2,2,epoch-50,2,4,betweenness,0.4181010947800419
wisconsin,BundleSheaf,false,2,2,epoch-50,0,4,confidence,-0.17968717095869824
wisconsin,BundleSheaf,false,2,2,epoch-50,1,4,confidence,-0.09222088344956537
wisconsin,BundleSheaf,false,2,2,epoch-50,2,4,confidence,-0.5401960957291478
wisconsin,BundleSheaf,false,2,2,epoch-50,0,4,saliency,0.07105263257748119
wisconsin,BundleSheaf,false,2,2,epoch-50,1,4,saliency,0.4539755951293547
wisconsin,BundleSheaf,false,2,2,epoch-50,2,4,saliency,0.8050203784976687
wisconsin,BundleSheaf,false,2,2,epoch-50,0,4,cohens_d_train,0.6132568
wisconsin,BundleSheaf,false,2,2,epoch-50,1,4,cohens_d_train,0.41755956
wisconsin,BundleSheaf,false,2,2,epoch-50,2,4,cohens_d_train,0.3767275
wisconsin,BundleSheaf,false,2,2,epoch-50,0,4,cohens_d_test,0.39278018
wisconsin,BundleSheaf,false,2,2,epoch-50,1,4,cohens_d_test,0.16642801
wisconsin,BundleSheaf,false,2,2,epoch-50,2,4,cohens_d_test,0.97802454
wisconsin,BundleSheaf,false,2,2,epoch-50,0,5,degree,-0.22101074698042297
wisconsin,BundleSheaf,false,2,2,epoch-50,1,5,degree,0.5758485761768489
wisconsin,BundleSheaf,false,2,2,epoch-50,2,5,degree,0.5509047400355995
wisconsin,BundleSheaf,false,2,2,epoch-50,0,5,betweenness,-0.21254007511200007
wisconsin,BundleSheaf,false,2,2,epoch-50,1,5,betweenness,0.5034606095584125
wisconsin,BundleSheaf,false,2,2,epoch-50,2,5,betweenness,0.5462469455907337
wisconsin,BundleSheaf,false,2,2,epoch-50,0,5,confidence,-0.307903653068836
wisconsin,BundleSheaf,false,2,2,epoch-50,1,5,confidence,-0.4087386124484682
wisconsin,BundleSheaf,false,2,2,epoch-50,2,5,confidence,-0.49367595801628383
wisconsin,BundleSheaf,false,2,2,epoch-50,0,5,saliency,0.3195196806370778
wisconsin,BundleSheaf,false,2,2,epoch-50,1,5,saliency,0.7684815605093445
wisconsin,BundleSheaf,false,2,2,epoch-50,2,5,saliency,0.8095259415867513
wisconsin,BundleSheaf,false,2,2,epoch-50,0,5,cohens_d_train,0.07554691
wisconsin,BundleSheaf,false,2,2,epoch-50,1,5,cohens_d_train,0.21679567
wisconsin,BundleSheaf,false,2,2,epoch-50,2,5,cohens_d_train,0.23108628
wisconsin,BundleSheaf,false,2,2,epoch-50,0,5,cohens_d_test,0.41503853
wisconsin,BundleSheaf,false,2,2,epoch-50,1,5,cohens_d_test,0.24093653
wisconsin,BundleSheaf,false,2,2,epoch-50,2,5,cohens_d_test,0.21613666
wisconsin,BundleSheaf,false,2,2,epoch-50,0,6,degree,-0.1925170177691935
wisconsin,BundleSheaf,false,2,2,epoch-50,1,6,degree,0.4233880873010529
wisconsin,BundleSheaf,false,2,2,epoch-50,2,6,degree,0.33654221157058367
wisconsin,BundleSheaf,false,2,2,epoch-50,0,6,betweenness,-0.1260713084556591
wisconsin,BundleSheaf,false,2,2,epoch-50,1,6,betweenness,0.4091981946066547
wisconsin,BundleSheaf,false,2,2,epoch-50,2,6,betweenness,0.29558406003955573
wisconsin,BundleSheaf,false,2,2,epoch-50,0,6,confidence,0.2680333159173406
wisconsin,BundleSheaf,false,2,2,epoch-50,1,6,confidence,0.42573986937578046
wisconsin,BundleSheaf,false,2,2,epoch-50,2,6,confidence,0.717031711458016
wisconsin,BundleSheaf,false,2,2,epoch-50,0,6,saliency,-0.222869116741816
wisconsin,BundleSheaf,false,2,2,epoch-50,1,6,saliency,0.36667622209756345
wisconsin,BundleSheaf,false,2,2,epoch-50,2,6,saliency,0.33134142718326315
wisconsin,BundleSheaf,false,2,2,epoch-50,0,6,cohens_d_train,0.70998144
wisconsin,BundleSheaf,false,2,2,epoch-50,1,6,cohens_d_train,0.22735696
wisconsin,BundleSheaf,false,2,2,epoch-50,2,6,cohens_d_train,0.20943642
wisconsin,BundleSheaf,false,2,2,epoch-50,0,6,cohens_d_test,0.65517694
wisconsin,BundleSheaf,false,2,2,epoch-50,1,6,cohens_d_test,0.03043482
wisconsin,BundleSheaf,false,2,2,epoch-50,2,6,cohens_d_test,0.49908882
wisconsin,BundleSheaf,false,2,2,epoch-50,0,7,degree,-0.18222280240950942
wisconsin,BundleSheaf,false,2,2,epoch-50,1,7,degree,0.42335631023832154
wisconsin,BundleSheaf,false,2,2,epoch-50,2,7,degree,0.4421481995425907
wisconsin,BundleSheaf,false,2,2,epoch-50,0,7,betweenness,-0.15173256004017852
wisconsin,BundleSheaf,false,2,2,epoch-50,1,7,betweenness,0.3952071774270191
wisconsin,BundleSheaf,false,2,2,epoch-50,2,7,betweenness,0.4307876421926454
wisconsin,BundleSheaf,false,2,2,epoch-50,0,7,confidence,0.04693725699556312
wisconsin,BundleSheaf,false,2,2,epoch-50,1,7,confidence,0.2989840441950599
wisconsin,BundleSheaf,false,2,2,epoch-50,2,7,confidence,0.7488422496081387
wisconsin,BundleSheaf,false,2,2,epoch-50,0,7,saliency,0.052001956367258045
wisconsin,BundleSheaf,false,2,2,epoch-50,1,7,saliency,0.5921301036597167
wisconsin,BundleSheaf,false,2,2,epoch-50,2,7,saliency,0.8618242693319177
wisconsin,BundleSheaf,false,2,2,epoch-50,0,7,cohens_d_train,0.9538717
wisconsin,BundleSheaf,false,2,2,epoch-50,1,7,cohens_d_train,0.19830617
wisconsin,BundleSheaf,false,2,2,epoch-50,2,7,cohens_d_train,0.39734817
wisconsin,BundleSheaf,false,2,2,epoch-50,0,7,cohens_d_test,0.56108165
wisconsin,BundleSheaf,false,2,2,epoch-50,1,7,cohens_d_test,0.26852036
wisconsin,BundleSheaf,false,2,2,epoch-50,2,7,cohens_d_test,0.28262764
wisconsin,BundleSheaf,false,2,2,epoch-50,0,8,degree,-0.1567248347802901
wisconsin,BundleSheaf,false,2,2,epoch-50,1,8,degree,0.41803651514102175
wisconsin,BundleSheaf,false,2,2,epoch-50,2,8,degree,0.2658199783034272
wisconsin,BundleSheaf,false,2,2,epoch-50,0,8,betweenness,-0.14999846029706934
wisconsin,BundleSheaf,false,2,2,epoch-50,1,8,betweenness,0.3164049199253507
wisconsin,BundleSheaf,false,2,2,epoch-50,2,8,betweenness,0.23502525307405747
wisconsin,BundleSheaf,false,2,2,epoch-50,0,8,confidence,0.21884187666350285
wisconsin,BundleSheaf,false,2,2,epoch-50,1,8,confidence,-0.05370066681894655
wisconsin,BundleSheaf,false,2,2,epoch-50,2,8,confidence,0.6346094741866622
wisconsin,BundleSheaf,false,2,2,epoch-50,0,8,saliency,0.1624130097663261
wisconsin,BundleSheaf,false,2,2,epoch-50,1,8,saliency,0.31408631042666685
wisconsin,BundleSheaf,false,2,2,epoch-50,2,8,saliency,0.7751543019280932
wisconsin,BundleSheaf,false,2,2,epoch-50,0,8,cohens_d_train,0.6281217
wisconsin,BundleSheaf,false,2,2,epoch-50,1,8,cohens_d_train,0.18772973
wisconsin,BundleSheaf,false,2,2,epoch-50,2,8,cohens_d_train,0.44681668
wisconsin,BundleSheaf,false,2,2,epoch-50,0,8,cohens_d_test,0.48303744
wisconsin,BundleSheaf,false,2,2,epoch-50,1,8,cohens_d_test,0.27975446
wisconsin,BundleSheaf,false,2,2,epoch-50,2,8,cohens_d_test,0.24359351
wisconsin,BundleSheaf,false,2,2,epoch-50,0,9,degree,-0.24448810042366972
wisconsin,BundleSheaf,false,2,2,epoch-50,1,9,degree,0.4349970770900265
wisconsin,BundleSheaf,false,2,2,epoch-50,2,9,degree,0.41645141589345114
wisconsin,BundleSheaf,false,2,2,epoch-50,0,9,betweenness,-0.23934468061152284
wisconsin,BundleSheaf,false,2,2,epoch-50,1,9,betweenness,0.3555388900594678
wisconsin,BundleSheaf,false,2,2,epoch-50,2,9,betweenness,0.4151333575461241
wisconsin,BundleSheaf,false,2,2,epoch-50,0,9,confidence,0.24555562870225964
wisconsin,BundleSheaf,false,2,2,epoch-50,1,9,confidence,0.5044670874347087
wisconsin,BundleSheaf,false,2,2,epoch-50,2,9,confidence,0.7686615584606781
wisconsin,BundleSheaf,false,2,2,epoch-50,0,9,saliency,0.19735218771874075
wisconsin,BundleSheaf,false,2,2,epoch-50,1,9,saliency,0.44235131273102846
wisconsin,BundleSheaf,false,2,2,epoch-50,2,9,saliency,0.8206388318260912
wisconsin,BundleSheaf,false,2,2,epoch-50,0,9,cohens_d_train,0.95717925
wisconsin,BundleSheaf,false,2,2,epoch-50,1,9,cohens_d_train,0.15763126
wisconsin,BundleSheaf,false,2,2,epoch-50,2,9,cohens_d_train,0.15584552
wisconsin,BundleSheaf,false,2,2,epoch-50,0,9,cohens_d_test,1.593783
wisconsin,BundleSheaf,false,2,2,epoch-50,1,9,cohens_d_test,0.23603664
wisconsin,BundleSheaf,false,2,2,epoch-50,2,9,cohens_d_test,0.09065636
wisconsin,BundleSheaf,false,2,2,epoch-200,0,0,degree,-0.2371717754188174
wisconsin,BundleSheaf,false,2,2,epoch-200,1,0,degree,-0.025964547282753537
wisconsin,BundleSheaf,false,2,2,epoch-200,2,0,degree,0.11467610299096555
wisconsin,BundleSheaf,false,2,2,epoch-200,0,0,betweenness,-0.24223419824899714
wisconsin,BundleSheaf,false,2,2,epoch-200,1,0,betweenness,-0.04170554207769556
wisconsin,BundleSheaf,false,2,2,epoch-200,2,0,betweenness,0.11660101829280473
wisconsin,BundleSheaf,false,2,2,epoch-200,0,0,confidence,0.6498870326711789
wisconsin,BundleSheaf,false,2,2,epoch-200,1,0,confidence,0.7308372079963635
wisconsin,BundleSheaf,false,2,2,epoch-200,2,0,confidence,0.7982104330946183
wisconsin,BundleSheaf,false,2,2,epoch-200,0,0,saliency,-0.03335424020593661
wisconsin,BundleSheaf,false,2,2,epoch-200,1,0,saliency,0.2243059519859376
wisconsin,BundleSheaf,false,2,2,epoch-200,2,0,saliency,0.48812700898901024
wisconsin,BundleSheaf,false,2,2,epoch-200,0,0,cohens_d_train,0.9888005
wisconsin,BundleSheaf,false,2,2,epoch-200,1,0,cohens_d_train,1.4944212
wisconsin,BundleSheaf,false,2,2,epoch-200,2,0,cohens_d_train,1.4402813
wisconsin,BundleSheaf,false,2,2,epoch-200,0,0,cohens_d_test,1.0143392
wisconsin,BundleSheaf,false,2,2,epoch-200,1,0,cohens_d_test,0.1875875
wisconsin,BundleSheaf,false,2,2,epoch-200,2,0,cohens_d_test,0.27697003
wisconsin,BundleSheaf,false,2,2,epoch-200,0,1,degree,-0.22450379488391844
wisconsin,BundleSheaf,false,2,2,epoch-200,1,1,degree,0.2431651027094122
wisconsin,BundleSheaf,false,2,2,epoch-200,2,1,degree,0.31943861928244416
wisconsin,BundleSheaf,false,2,2,epoch-200,0,1,betweenness,-0.22798119037391334
wisconsin,BundleSheaf,false,2,2,epoch-200,1,1,betweenness,0.1977281200424964
wisconsin,BundleSheaf,false,2,2,epoch-200,2,1,betweenness,0.33583368933580426
wisconsin,BundleSheaf,false,2,2,epoch-200,0,1,confidence,0.6256980420957747
wisconsin,BundleSheaf,false,2,2,epoch-200,1,1,confidence,0.22632914158917974
wisconsin,BundleSheaf,false,2,2,epoch-200,2,1,confidence,-0.1866895389999307
wisconsin,BundleSheaf,false,2,2,epoch-200,0,1,saliency,0.09351518897576849
wisconsin,BundleSheaf,false,2,2,epoch-200,1,1,saliency,0.4707579989136864
wisconsin,BundleSheaf,false,2,2,epoch-200,2,1,saliency,0.816189647577176
wisconsin,BundleSheaf,false,2,2,epoch-200,0,1,cohens_d_train,1.4481312
wisconsin,BundleSheaf,false,2,2,epoch-200,1,1,cohens_d_train,0.4744726
wisconsin,BundleSheaf,false,2,2,epoch-200,2,1,cohens_d_train,0.9048592
wisconsin,BundleSheaf,false,2,2,epoch-200,0,1,cohens_d_test,1.234905
wisconsin,BundleSheaf,false,2,2,epoch-200,1,1,cohens_d_test,0.23795196
wisconsin,BundleSheaf,false,2,2,epoch-200,2,1,cohens_d_test,0.012285719
wisconsin,BundleSheaf,false,2,2,epoch-200,0,2,degree,-0.23206021594086282
wisconsin,BundleSheaf,false,2,2,epoch-200,1,2,degree,0.14606767267306048
wisconsin,BundleSheaf,false,2,2,epoch-200,2,2,degree,0.2726715957714353
wisconsin,BundleSheaf,false,2,2,epoch-200,0,2,betweenness,-0.222566020282943
wisconsin,BundleSheaf,false,2,2,epoch-200,1,2,betweenness,0.1323511181264164
wisconsin,BundleSheaf,false,2,2,epoch-200,2,2,betweenness,0.2774055466620284
wisconsin,BundleSheaf,false,2,2,epoch-200,0,2,confidence,0.33103705506728665
wisconsin,BundleSheaf,false,2,2,epoch-200,1,2,confidence,0.4386791414753492
wisconsin,BundleSheaf,false,2,2,epoch-200,2,2,confidence,0.7293102234738644
wisconsin,BundleSheaf,false,2,2,epoch-200,0,2,saliency,-0.0644982833405499
wisconsin,BundleSheaf,false,2,2,epoch-200,1,2,saliency,0.32492227275452307
wisconsin,BundleSheaf,false,2,2,epoch-200,2,2,saliency,0.7093709216681526
wisconsin,BundleSheaf,false,2,2,epoch-200,0,2,cohens_d_train,1.1696975
wisconsin,BundleSheaf,false,2,2,epoch-200,1,2,cohens_d_train,0.41698268
wisconsin,BundleSheaf,false,2,2,epoch-200,2,2,cohens_d_train,0.3911221
wisconsin,BundleSheaf,false,2,2,epoch-200,0,2,cohens_d_test,1.7022196
wisconsin,BundleSheaf,false,2,2,epoch-200,1,2,cohens_d_test,0.86709815
wisconsin,BundleSheaf,false,2,2,epoch-200,2,2,cohens_d_test,0.62645054
wisconsin,BundleSheaf,false,2,2,epoch-200,0,3,degree,-0.2579031759556126
wisconsin,BundleSheaf,false,2,2,epoch-200,1,3,degree,0.01969563516049906
wisconsin,BundleSheaf,false,2,2,epoch-200,2,3,degree,0.17680461190609748
wisconsin,BundleSheaf,false,2,2,epoch-200,0,3,betweenness,-0.26192455837065215
wisconsin,BundleSheaf,false,2,2,epoch-200,1,3,betweenness,-0.02418670821206756
wisconsin,BundleSheaf,false,2,2,epoch-200,2,3,betweenness,0.2076762274265302
wisconsin,BundleSheaf,false,2,2,epoch-200,0,3,confidence,0.7851586978014712
wisconsin,BundleSheaf,false,2,2,epoch-200,1,3,confidence,0.609843756284391
wisconsin,BundleSheaf,false,2,2,epoch-200,2,3,confidence,0.41138031597823255
wisconsin,BundleSheaf,false,2,2,epoch-200,0,3,saliency,-0.09104887826640592
wisconsin,BundleSheaf,false,2,2,epoch-200,1,3,saliency,0.11998946688633419
wisconsin,BundleSheaf,false,2,2,epoch-200,2,3,saliency,0.46582391639075427
wisconsin,BundleSheaf,false,2,2,epoch-200,0,3,cohens_d_train,1.1266896
wisconsin,BundleSheaf,false,2,2,epoch-200,1,3,cohens_d_train,0.3711574
wisconsin,BundleSheaf,false,2,2,epoch-200,2,3,cohens_d_train,0.023179218
wisconsin,BundleSheaf,false,2,2,epoch-200,0,3,cohens_d_test,1.1933728
wisconsin,BundleSheaf,false,2,2,epoch-200,1,3,cohens_d_test,0.18429354
wisconsin,BundleSheaf,false,2,2,epoch-200,2,3,cohens_d_test,0.5317445
wisconsin,BundleSheaf,false,2,2,epoch-200,0,4,degree,-0.21839649724817725
wisconsin,BundleSheaf,false,2,2,epoch-200,1,4,degree,0.13050961275438158
wisconsin,BundleSheaf,false,2,2,epoch-200,2,4,degree,0.22116136102199735
wisconsin,BundleSheaf,false,2,2,epoch-200,0,4,betweenness,-0.16085215011648468
wisconsin,BundleSheaf,false,2,2,epoch-200,1,4,betweenness,0.11687654385818813
wisconsin,BundleSheaf,false,2,2,epoch-200,2,4,betweenness,0.21530960873302094
wisconsin,BundleSheaf,false,2,2,epoch-200,0,4,confidence,0.2724090128748478
wisconsin,BundleSheaf,false,2,2,epoch-200,1,4,confidence,0.3272178540829855
wisconsin,BundleSheaf,false,2,2,epoch-200,2,4,confidence,0.7711225734187619
wisconsin,BundleSheaf,false,2,2,epoch-200,0,4,saliency,-0.2647815573306291
wisconsin,BundleSheaf,false,2,2,epoch-200,1,4,saliency,0.02924228566246628
wisconsin,BundleSheaf,false,2,2,epoch-200,2,4,saliency,-0.01203870918537824
wisconsin,BundleSheaf,false,2,2,epoch-200,0,4,cohens_d_train,0.7816407
wisconsin,BundleSheaf,false,2,2,epoch-200,1,4,cohens_d_train,0.23516662
wisconsin,BundleSheaf,false,2,2,epoch-200,2,4,cohens_d_train,0.20663278
wisconsin,BundleSheaf,false,2,2,epoch-200,0,4,cohens_d_test,1.0578523
wisconsin,BundleSheaf,false,2,2,epoch-200,1,4,cohens_d_test,0.75302976
wisconsin,BundleSheaf,false,2,2,epoch-200,2,4,cohens_d_test,0.5879642
wisconsin,BundleSheaf,false,2,2,epoch-200,0,5,degree,-0.2700420127640561
wisconsin,BundleSheaf,false,2,2,epoch-200,1,5,degree,0.3806894844202914
wisconsin,BundleSheaf,false,2,2,epoch-200,2,5,degree,0.3602584137056163
wisconsin,BundleSheaf,false,2,2,epoch-200,0,5,betweenness,-0.27563351969257915
wisconsin,BundleSheaf,false,2,2,epoch-200,1,5,betweenness,0.34064526764669323
wisconsin,BundleSheaf,false,2,2,epoch-200,2,5,betweenness,0.38182232208499517
wisconsin,BundleSheaf,false,2,2,epoch-200,0,5,confidence,0.24469734640137236
wisconsin,BundleSheaf,false,2,2,epoch-200,1,5,confidence,-0.40889418074038725
wisconsin,BundleSheaf,false,2,2,epoch-200,2,5,confidence,-0.6344378492342264
wisconsin,BundleSheaf,false,2,2,epoch-200,0,5,saliency,0.08084281636445093
wisconsin,BundleSheaf,false,2,2,epoch-200,1,5,saliency,0.7400310149994366
wisconsin,BundleSheaf,false,2,2,epoch-200,2,5,saliency,0.7561547168107444
wisconsin,BundleSheaf,false,2,2,epoch-200,0,5,cohens_d_train,1.6155661
wisconsin,BundleSheaf,false,2,2,epoch-200,1,5,cohens_d_train,0.35759443
wisconsin,BundleSheaf,false,2,2,epoch-200,2,5,cohens_d_train,0.5125983
wisconsin,BundleSheaf,false,2,2,epoch-200,0,5,cohens_d_test,1.3607908
wisconsin,BundleSheaf,false,2,2,epoch-200,1,5,cohens_d_test,0.27867642
wisconsin,BundleSheaf,false,2,2,epoch-200,2,5,cohens_d_test,0.2843946
wisconsin,BundleSheaf,false,2,2,epoch-200,0,6,degree,-0.19861343726665215
wisconsin,BundleSheaf,false,2,2,epoch-200,1,6,degree,0.11064769757477465
wisconsin,BundleSheaf,false,2,2,epoch-200,2,6,degree,0.27576292722243584
wisconsin,BundleSheaf,false,2,2,epoch-200,0,6,betweenness,-0.15680176633590115
wisconsin,BundleSheaf,false,2,2,epoch-200,1,6,betweenness,0.13535387979661176
wisconsin,BundleSheaf,false,2,2,epoch-200,2,6,betweenness,0.3127066692889333
wisconsin,BundleSheaf,false,2,2,epoch-200,0,6,confidence,0.21337721120538627
wisconsin,BundleSheaf,false,2,2,epoch-200,1,6,confidence,-0.06350980658877363
wisconsin,BundleSheaf,false,2,2,epoch-200,2,6,confidence,-0.24604790212403801
wisconsin,BundleSheaf,false,2,2,epoch-200,0,6,saliency,-0.24949411818726766
wisconsin,BundleSheaf,false,2,2,epoch-200,1,6,saliency,-0.041156540214309346
wisconsin,BundleSheaf,false,2,2,epoch-200,2,6,saliency,-0.0016827932774780034
wisconsin,BundleSheaf,false,2,2,epoch-200,0,6,cohens_d_train,0.76432544
wisconsin,BundleSheaf,false,2,2,epoch-200,1,6,cohens_d_train,0.33208284
wisconsin,BundleSheaf,false,2,2,epoch-200,2,6,cohens_d_train,0.21272078
wisconsin,BundleSheaf,false,2,2,epoch-200,0,6,cohens_d_test,0.53633827
wisconsin,BundleSheaf,false,2,2,epoch-200,1,6,cohens_d_test,0.23955257
wisconsin,BundleSheaf,false,2,2,epoch-200,2,6,cohens_d_test,0.06813851
wisconsin,BundleSheaf,false,2,2,epoch-200,0,7,degree,-0.2109702253456842
wisconsin,BundleSheaf,false,2,2,epoch-200,1,7,degree,0.28780312924081236
wisconsin,BundleSheaf,false,2,2,epoch-200,2,7,degree,0.3371979435614612
wisconsin,BundleSheaf,false,2,2,epoch-200,0,7,betweenness,-0.19919342233155302
wisconsin,BundleSheaf,false,2,2,epoch-200,1,7,betweenness,0.2828880910493466
wisconsin,BundleSheaf,false,2,2,epoch-200,2,7,betweenness,0.37111107318262465
wisconsin,BundleSheaf,false,2,2,epoch-200,0,7,confidence,0.5692077375174822
wisconsin,BundleSheaf,false,2,2,epoch-200,1,7,confidence,0.1347843936895418
wisconsin,BundleSheaf,false,2,2,epoch-200,2,7,confidence,-0.17711487978460558
wisconsin,BundleSheaf,false,2,2,epoch-200,0,7,saliency,-0.28368203107085177
wisconsin,BundleSheaf,false,2,2,epoch-200,1,7,saliency,0.11773790000978941
wisconsin,BundleSheaf,false,2,2,epoch-200,2,7,saliency,0.14988056339246905
wisconsin,BundleSheaf,false,2,2,epoch-200,0,7,cohens_d_train,1.3413743
wisconsin,BundleSheaf,false,2,2,epoch-200,1,7,cohens_d_train,0.311889
wisconsin,BundleSheaf,false,2,2,epoch-200,2,7,cohens_d_train,0.19324218
wisconsin,BundleSheaf,false,2,2,epoch-200,0,7,cohens_d_test,1.0964861
wisconsin,BundleSheaf,false,2,2,epoch-200,1,7,cohens_d_test,0.3203303
wisconsin,BundleSheaf,false,2,2,epoch-200,2,7,cohens_d_test,0.2862596
wisconsin,BundleSheaf,false,2,2,epoch-200,0,8,degree,-0.27763106823584793
wisconsin,BundleSheaf,false,2,2,epoch-200,1,8,degree,-0.04881173271195167
wisconsin,BundleSheaf,false,2,2,epoch-200,2,8,degree,0.08407785994209097
wisconsin,BundleSheaf,false,2,2,epoch-200,0,8,betweenness,-0.2368738998060919
wisconsin,BundleSheaf,false,2,2,epoch-200,1,8,betweenness,-0.04588434648601049
wisconsin,BundleSheaf,false,2,2,epoch-200,2,8,betweenness,0.10319016164213039
wisconsin,BundleSheaf,false,2,2,epoch-200,0,8,confidence,0.5614528419977943
wisconsin,BundleSheaf,false,2,2,epoch-200,1,8,confidence,0.44630198922556574
wisconsin,BundleSheaf,false,2,2,epoch-200,2,8,confidence,0.47668410296649816
wisconsin,BundleSheaf,false,2,2,epoch-200,0,8,saliency,-0.04741838066976968
wisconsin,BundleSheaf,false,2,2,epoch-200,1,8,saliency,0.09738878622014188
wisconsin,BundleSheaf,false,2,2,epoch-200,2,8,saliency,-0.11615487544386972
wisconsin,BundleSheaf,false,2,2,epoch-200,0,8,cohens_d_train,1.3229619
wisconsin,BundleSheaf,false,2,2,epoch-200,1,8,cohens_d_train,0.89739054
wisconsin,BundleSheaf,false,2,2,epoch-200,2,8,cohens_d_train,0.8729405
wisconsin,BundleSheaf,false,2,2,epoch-200,0,8,cohens_d_test,0.8937382
wisconsin,BundleSheaf,false,2,2,epoch-200,1,8,cohens_d_test,0.15113534
wisconsin,BundleSheaf,false,2,2,epoch-200,2,8,cohens_d_test,0.2978434
wisconsin,BundleSheaf,false,2,2,epoch-200,0,9,degree,-0.2501171484799199
wisconsin,BundleSheaf,false,2,2,epoch-200,1,9,degree,-0.14707700792923406
wisconsin,BundleSheaf,false,2,2,epoch-200,2,9,degree,0.1849865212575278
wisconsin,BundleSheaf,false,2,2,epoch-200,0,9,betweenness,-0.2215117841509675
wisconsin,BundleSheaf,false,2,2,epoch-200,1,9,betweenness,-0.13046874925669955
wisconsin,BundleSheaf,false,2,2,epoch-200,2,9,betweenness,0.23067677472999798
wisconsin,BundleSheaf,false,2,2,epoch-200,0,9,confidence,0.23029930034059928
wisconsin,BundleSheaf,false,2,2,epoch-200,1,9,confidence,0.10047892276905541
wisconsin,BundleSheaf,false,2,2,epoch-200,2,9,confidence,-0.24343710372764463
wisconsin,BundleSheaf,false,2,2,epoch-200,0,9,saliency,-0.02226563381890642
wisconsin,BundleSheaf,false,2,2,epoch-200,1,9,saliency,0.05489209250016506
wisconsin,BundleSheaf,false,2,2,epoch-200,2,9,saliency,0.4737503120852302
wisconsin,BundleSheaf,false,2,2,epoch-200,0,9,cohens_d_train,0.5852976
wisconsin,BundleSheaf,false,2,2,epoch-200,1,9,cohens_d_train,0.093831606
wisconsin,BundleSheaf,false,2,2,epoch-200,2,9,cohens_d_train,0.16979231
wisconsin,BundleSheaf,false,2,2,epoch-200,0,9,cohens_d_test,1.3530664
wisconsin,BundleSheaf,false,2,2,epoch-200,1,9,cohens_d_test,0.68597996
wisconsin,BundleSheaf,false,2,2,epoch-200,2,9,cohens_d_test,0.006890026
wisconsin,BundleSheaf,false,2,2,best-epoch,0,0,degree,-0.3158646162592932
wisconsin,BundleSheaf,false,2,2,best-epoch,1,0,degree,0.23683480684178615
wisconsin,BundleSheaf,false,2,2,best-epoch,2,0,degree,0.27164405252409635
wisconsin,BundleSheaf,false,2,2,best-epoch,0,0,betweenness,-0.303532055707784
wisconsin,BundleSheaf,false,2,2,best-epoch,1,0,betweenness,0.1970587641491921
wisconsin,BundleSheaf,false,2,2,best-epoch,2,0,betweenness,0.2308320497308285
wisconsin,BundleSheaf,false,2,2,best-epoch,0,0,confidence,0.7360332294124899
wisconsin,BundleSheaf,false,2,2,best-epoch,1,0,confidence,0.893499444886697
wisconsin,BundleSheaf,false,2,2,best-epoch,2,0,confidence,0.8939540079332255
wisconsin,BundleSheaf,false,2,2,best-epoch,0,0,saliency,-0.696980114187392
wisconsin,BundleSheaf,false,2,2,best-epoch,1,0,saliency,-0.6146002359705495
wisconsin,BundleSheaf,false,2,2,best-epoch,2,0,saliency,-0.5997385314391295
wisconsin,BundleSheaf,false,2,2,best-epoch,0,0,cohens_d_train,0.47208917
wisconsin,BundleSheaf,false,2,2,best-epoch,1,0,cohens_d_train,0.7597688
wisconsin,BundleSheaf,false,2,2,best-epoch,2,0,cohens_d_train,0.73669934
wisconsin,BundleSheaf,false,2,2,best-epoch,0,0,cohens_d_test,0.80478644
wisconsin,BundleSheaf,false,2,2,best-epoch,1,0,cohens_d_test,0.32981867
wisconsin,BundleSheaf,false,2,2,best-epoch,2,0,cohens_d_test,0.27431688
wisconsin,BundleSheaf,false,2,2,best-epoch,0,1,degree,-0.16773156819747728
wisconsin,BundleSheaf,false,2,2,best-epoch,1,1,degree,0.4279935025469005
wisconsin,BundleSheaf,false,2,2,best-epoch,2,1,degree,0.33944350040283156
wisconsin,BundleSheaf,false,2,2,best-epoch,0,1,betweenness,-0.1747911053675359
wisconsin,BundleSheaf,false,2,2,best-epoch,1,1,betweenness,0.3609871357026424
wisconsin,BundleSheaf,false,2,2,best-epoch,2,1,betweenness,0.3055574048802192
wisconsin,BundleSheaf,false,2,2,best-epoch,0,1,confidence,-0.04418711996013611
wisconsin,BundleSheaf,false,2,2,best-epoch,1,1,confidence,0.295626101784179
wisconsin,BundleSheaf,false,2,2,best-epoch,2,1,confidence,0.8051698758318542
wisconsin,BundleSheaf,false,2,2,best-epoch,0,1,saliency,0.0923692950513964
wisconsin,BundleSheaf,false,2,2,best-epoch,1,1,saliency,0.578924252850088
wisconsin,BundleSheaf,false,2,2,best-epoch,2,1,saliency,0.666675646623277
wisconsin,BundleSheaf,false,2,2,best-epoch,0,1,cohens_d_train,0.7877059
wisconsin,BundleSheaf,false,2,2,best-epoch,1,1,cohens_d_train,0.038093723
wisconsin,BundleSheaf,false,2,2,best-epoch,2,1,cohens_d_train,0.46101633
wisconsin,BundleSheaf,false,2,2,best-epoch,0,1,cohens_d_test,0.027426373
wisconsin,BundleSheaf,false,2,2,best-epoch,1,1,cohens_d_test,0.3861506
wisconsin,BundleSheaf,false,2,2,best-epoch,2,1,cohens_d_test,0.19064496
wisconsin,BundleSheaf,false,2,2,best-epoch,0,2,degree,-0.24145465386260945
wisconsin,BundleSheaf,false,2,2,best-epoch,1,2,degree,0.054647840211215847
wisconsin,BundleSheaf,false,2,2,best-epoch,2,2,degree,0.0951451938307042
wisconsin,BundleSheaf,false,2,2,best-epoch,0,2,betweenness,-0.24896745537540535
wisconsin,BundleSheaf,false,2,2,best-epoch,1,2,betweenness,0.019869358930690705
wisconsin,BundleSheaf,false,2,2,best-epoch,2,2,betweenness,0.039431288682073226
wisconsin,BundleSheaf,false,2,2,best-epoch,0,2,confidence,0.7119914596738428
wisconsin,BundleSheaf,false,2,2,best-epoch,1,2,confidence,0.6785092080302956
wisconsin,BundleSheaf,false,2,2,best-epoch,2,2,confidence,0.6079852839956623
wisconsin,BundleSheaf,false,2,2,best-epoch,0,2,saliency,-0.2646169327108243
wisconsin,BundleSheaf,false,2,2,best-epoch,1,2,saliency,-0.0409554397393897
wisconsin,BundleSheaf,false,2,2,best-epoch,2,2,saliency,-0.011805738422112253
wisconsin,BundleSheaf,false,2,2,best-epoch,0,2,cohens_d_train,1.1846136
wisconsin,BundleSheaf,false,2,2,best-epoch,1,2,cohens_d_train,0.56386536
wisconsin,BundleSheaf,false,2,2,best-epoch,2,2,cohens_d_train,0.3644807
wisconsin,BundleSheaf,false,2,2,best-epoch,0,2,cohens_d_test,1.8553559
wisconsin,BundleSheaf,false,2,2,best-epoch,1,2,cohens_d_test,1.377125
wisconsin,BundleSheaf,false,2,2,best-epoch,2,2,cohens_d_test,0.9096978
wisconsin,BundleSheaf,false,2,2,best-epoch,0,3,degree,-0.2554276224864686
wisconsin,BundleSheaf,false,2,2,best-epoch,1,3,degree,0.10553961752582823
wisconsin,BundleSheaf,false,2,2,best-epoch,2,3,degree,0.39902224155360994
wisconsin,BundleSheaf,false,2,2,best-epoch,0,3,betweenness,-0.25458576731240423
wisconsin,BundleSheaf,false,2,2,best-epoch,1,3,betweenness,0.03804820539110465
wisconsin,BundleSheaf,false,2,2,best-epoch,2,3,betweenness,0.4162151445034226
wisconsin,BundleSheaf,false,2,2,best-epoch,0,3,confidence,0.4365814942270598
wisconsin,BundleSheaf,false,2,2,best-epoch,1,3,confidence,0.27682884281664855
wisconsin,BundleSheaf,false,2,2,best-epoch,2,3,confidence,0.6580523570778094
wisconsin,BundleSheaf,false,2,2,best-epoch,0,3,saliency,-0.15015725686658493
wisconsin,BundleSheaf,false,2,2,best-epoch,1,3,saliency,0.16876007162211026
wisconsin,BundleSheaf,false,2,2,best-epoch,2,3,saliency,0.5135076886767932
wisconsin,BundleSheaf,false,2,2,best-epoch,0,3,cohens_d_train,1.0236468
wisconsin,BundleSheaf,false,2,2,best-epoch,1,3,cohens_d_train,0.24416845
wisconsin,BundleSheaf,false,2,2,best-epoch,2,3,cohens_d_train,0.021661125
wisconsin,BundleSheaf,false,2,2,best-epoch,0,3,cohens_d_test,1.1157455
wisconsin,BundleSheaf,false,2,2,best-epoch,1,3,cohens_d_test,0.038524587
wisconsin,BundleSheaf,false,2,2,best-epoch,2,3,cohens_d_test,0.49509194
wisconsin,BundleSheaf,false,2,2,best-epoch,0,4,degree,-0.2197014853371375
wisconsin,BundleSheaf,false,2,2,best-epoch,1,4,degree,0.1250297299931333
wisconsin,BundleSheaf,false,2,2,best-epoch,2,4,degree,0.2201601425966719
wisconsin,BundleSheaf,false,2,2,best-epoch,0,4,betweenness,-0.16243564469788307
wisconsin,BundleSheaf,false,2,2,best-epoch,1,4,betweenness,0.1122711983482881
wisconsin,BundleSheaf,false,2,2,best-epoch,2,4,betweenness,0.21542670514414458
wisconsin,BundleSheaf,false,2,2,best-epoch,0,4,confidence,0.2742765926648421
wisconsin,BundleSheaf,false,2,2,best-epoch,1,4,confidence,0.3258457555563076
wisconsin,BundleSheaf,false,2,2,best-epoch,2,4,confidence,0.7684815605093445
wisconsin,BundleSheaf,false,2,2,best-epoch,0,4,saliency,-0.2673897940313356
wisconsin,BundleSheaf,false,2,2,best-epoch,1,4,saliency,0.022433702308367408
wisconsin,BundleSheaf,false,2,2,best-epoch,2,4,saliency,-0.01604553824531901
wisconsin,BundleSheaf,false,2,2,best-epoch,0,4,cohens_d_train,0.78420997
wisconsin,BundleSheaf,false,2,2,best-epoch,1,4,cohens_d_train,0.23629346
wisconsin,BundleSheaf,false,2,2,best-epoch,2,4,cohens_d_train,0.20669699
wisconsin,BundleSheaf,false,2,2,best-epoch,0,4,cohens_d_test,1.0604576
wisconsin,BundleSheaf,false,2,2,best-epoch,1,4,cohens_d_test,0.76724404
wisconsin,BundleSheaf,false,2,2,best-epoch,2,4,cohens_d_test,0.5941708
wisconsin,BundleSheaf,false,2,2,best-epoch,0,5,degree,-0.26944837721778303
wisconsin,BundleSheaf,false,2,2,best-epoch,1,5,degree,0.2517553305189789
wisconsin,BundleSheaf,false,2,2,best-epoch,2,5,degree,0.2230708617087153
wisconsin,BundleSheaf,false,2,2,best-epoch,0,5,betweenness,-0.27128348223107235
wisconsin,BundleSheaf,false,2,2,best-epoch,1,5,betweenness,0.21918136558330265
wisconsin,BundleSheaf,false,2,2,best-epoch,2,5,betweenness,0.22475414255546414
wisconsin,BundleSheaf,false,2,2,best-epoch,0,5,confidence,0.5470297532173666
wisconsin,BundleSheaf,false,2,2,best-epoch,1,5,confidence,0.6768018795688708
wisconsin,BundleSheaf,false,2,2,best-epoch,2,5,confidence,0.9021634620857235
wisconsin,BundleSheaf,false,2,2,best-epoch,0,5,saliency,0.09239206115585413
wisconsin,BundleSheaf,false,2,2,best-epoch,1,5,saliency,0.6342025996220563
wisconsin,BundleSheaf,false,2,2,best-epoch,2,5,saliency,0.8085931371237882
wisconsin,BundleSheaf,false,2,2,best-epoch,0,5,cohens_d_train,1.7402097
wisconsin,BundleSheaf,false,2,2,best-epoch,1,5,cohens_d_train,0.4705864
wisconsin,BundleSheaf,false,2,2,best-epoch,2,5,cohens_d_train,0.6622613
wisconsin,BundleSheaf,false,2,2,best-epoch,0,5,cohens_d_test,1.3847429
wisconsin,BundleSheaf,false,2,2,best-epoch,1,5,cohens_d_test,0.26040223
wisconsin,BundleSheaf,false,2,2,best-epoch,2,5,cohens_d_test,0.28409997
wisconsin,BundleSheaf,false,2,2,best-epoch,0,6,degree,-0.14512291179707523
wisconsin,BundleSheaf,false,2,2,best-epoch,1,6,degree,0.18959574122644368
wisconsin,BundleSheaf,false,2,2,best-epoch,2,6,degree,0.19519409420622102
wisconsin,BundleSheaf,false,2,2,best-epoch,0,6,betweenness,-0.14720467617324065
wisconsin,BundleSheaf,false,2,2,best-epoch,1,6,betweenness,0.14645584777578932
wisconsin,BundleSheaf,false,2,2,best-epoch,2,6,betweenness,0.14671892020827404
wisconsin,BundleSheaf,false,2,2,best-epoch,0,6,confidence,0.6457443597440845
wisconsin,BundleSheaf,false,2,2,best-epoch,1,6,confidence,0.6201628686494924
wisconsin,BundleSheaf,false,2,2,best-epoch,2,6,confidence,0.5955921803014079
wisconsin,BundleSheaf,false,2,2,best-epoch,0,6,saliency,-0.29858618696975425
wisconsin,BundleSheaf,false,2,2,best-epoch,1,6,saliency,-0.09732580003365762
wisconsin,BundleSheaf,false,2,2,best-epoch,2,6,saliency,-0.07121612856163773
wisconsin,BundleSheaf,false,2,2,best-epoch,0,6,cohens_d_train,0.59087825
wisconsin,BundleSheaf,false,2,2,best-epoch,1,6,cohens_d_train,0.11405167
wisconsin,BundleSheaf,false,2,2,best-epoch,2,6,cohens_d_train,0.18138263
wisconsin,BundleSheaf,false,2,2,best-epoch,0,6,cohens_d_test,0.97608817
wisconsin,BundleSheaf,false,2,2,best-epoch,1,6,cohens_d_test,0.94145525
wisconsin,BundleSheaf,false,2,2,best-epoch,2,6,cohens_d_test,0.82396287
wisconsin,BundleSheaf,false,2,2,best-epoch,0,7,degree,-0.22575206125183425
wisconsin,BundleSheaf,false,2,2,best-epoch,1,7,degree,0.15892520614922193
wisconsin,BundleSheaf,false,2,2,best-epoch,2,7,degree,0.15483894368100165
wisconsin,BundleSheaf,false,2,2,best-epoch,0,7,betweenness,-0.24108734188837266
wisconsin,BundleSheaf,false,2,2,best-epoch,1,7,betweenness,0.12712895055885354
wisconsin,BundleSheaf,false,2,2,best-epoch,2,7,betweenness,0.13622676658072894
wisconsin,BundleSheaf,false,2,2,best-epoch,0,7,confidence,0.8816558853333238
wisconsin,BundleSheaf,false,2,2,best-epoch,1,7,confidence,0.663062414947317
wisconsin,BundleSheaf,false,2,2,best-epoch,2,7,confidence,0.6594677742119326
wisconsin,BundleSheaf,false,2,2,best-epoch,0,7,saliency,-0.047426737239081994
wisconsin,BundleSheaf,false,2,2,best-epoch,1,7,saliency,0.2727415705226214
wisconsin,BundleSheaf,false,2,2,best-epoch,2,7,saliency,0.2746243783907254
wisconsin,BundleSheaf,false,2,2,best-epoch,0,7,cohens_d_train,1.5733948
wisconsin,BundleSheaf,false,2,2,best-epoch,1,7,cohens_d_train,0.6678412
wisconsin,BundleSheaf,false,2,2,best-epoch,2,7,cohens_d_train,0.75836307
wisconsin,BundleSheaf,false,2,2,best-epoch,0,7,cohens_d_test,0.99799657
wisconsin,BundleSheaf,false,2,2,best-epoch,1,7,cohens_d_test,0.2338506
wisconsin,BundleSheaf,false,2,2,best-epoch,2,7,cohens_d_test,0.22974378
wisconsin,BundleSheaf,false,2,2,best-epoch,0,8,degree,-0.23719081216081178
wisconsin,BundleSheaf,false,2,2,best-epoch,1,8,degree,0.3094086535927469
wisconsin,BundleSheaf,false,2,2,best-epoch,2,8,degree,0.3514879880544167
wisconsin,BundleSheaf,false,2,2,best-epoch,0,8,betweenness,-0.1895231699714723
wisconsin,BundleSheaf,false,2,2,best-epoch,1,8,betweenness,0.27530958135969064
wisconsin,BundleSheaf,false,2,2,best-epoch,2,8,betweenness,0.32283579558631215
wisconsin,BundleSheaf,false,2,2,best-epoch,0,8,confidence,0.7573430660979149
wisconsin,BundleSheaf,false,2,2,best-epoch,1,8,confidence,0.8482503117057952
wisconsin,BundleSheaf,false,2,2,best-epoch,2,8,confidence,0.859990028450031
wisconsin,BundleSheaf,false,2,2,best-epoch,0,8,saliency,-0.5096272164227038
wisconsin,BundleSheaf,false,2,2,best-epoch,1,8,saliency,-0.3516435315747729
wisconsin,BundleSheaf,false,2,2,best-epoch,2,8,saliency,-0.3345613742523533
wisconsin,BundleSheaf,false,2,2,best-epoch,0,8,cohens_d_train,1.6400819
wisconsin,BundleSheaf,false,2,2,best-epoch,1,8,cohens_d_train,1.6688539
wisconsin,BundleSheaf,false,2,2,best-epoch,2,8,cohens_d_train,1.5086906
wisconsin,BundleSheaf,false,2,2,best-epoch,0,8,cohens_d_test,1.3343931
wisconsin,BundleSheaf,false,2,2,best-epoch,1,8,cohens_d_test,0.109714314
wisconsin,BundleSheaf,false,2,2,best-epoch,2,8,cohens_d_test,0.40524054
wisconsin,BundleSheaf,false,2,2,best-epoch,0,9,degree,-0.2229047085563923
wisconsin,BundleSheaf,false,2,2,best-epoch,1,9,degree,0.5038960577177594
wisconsin,BundleSheaf,false,2,2,best-epoch,2,9,degree,0.5323286744790188
wisconsin,BundleSheaf,false,2,2,best-epoch,0,9,betweenness,-0.21112508708104297
wisconsin,BundleSheaf,false,2,2,best-epoch,1,9,betweenness,0.36051430581289545
wisconsin,BundleSheaf,false,2,2,best-epoch,2,9,betweenness,0.5345047073436145
wisconsin,BundleSheaf,false,2,2,best-epoch,0,9,confidence,0.387395242719037
wisconsin,BundleSheaf,false,2,2,best-epoch,1,9,confidence,0.028142683443
wisconsin,BundleSheaf,false,2,2,best-epoch,2,9,confidence,0.8349671162842406
wisconsin,BundleSheaf,false,2,2,best-epoch,0,9,saliency,0.1674322086939108
wisconsin,BundleSheaf,false,2,2,best-epoch,1,9,saliency,0.19972923523372052
wisconsin,BundleSheaf,false,2,2,best-epoch,2,9,saliency,0.9238183971647276
wisconsin,BundleSheaf,false,2,2,best-epoch,0,9,cohens_d_train,0.8615229
wisconsin,BundleSheaf,false,2,2,best-epoch,1,9,cohens_d_train,0.17643042
wisconsin,BundleSheaf,false,2,2,best-epoch,2,9,cohens_d_train,0.166432
wisconsin,BundleSheaf,false,2,2,best-epoch,0,9,cohens_d_test,1.0921036
wisconsin,BundleSheaf,false,2,2,best-epoch,1,9,cohens_d_test,0.15885258
wisconsin,BundleSheaf,false,2,2,best-epoch,2,9,cohens_d_test,0.28575328
wisconsin,BundleSheaf,false,2,2,last,0,0,degree,-0.3132682377542258
wisconsin,BundleSheaf,false,2,2,last,1,0,degree,0.23773846881478836
wisconsin,BundleSheaf,false,2,2,last,2,0,degree,0.2739482740038367
wisconsin,BundleSheaf,false,2,2,last,0,0,betweenness,-0.3019104233851772
wisconsin,BundleSheaf,false,2,2,last,1,0,betweenness,0.1975059094523355
wisconsin,BundleSheaf,false,2,2,last,2,0,betweenness,0.23319269673593543
wisconsin,BundleSheaf,false,2,2,last,0,0,confidence,0.7410144540128648
wisconsin,BundleSheaf,false,2,2,last,1,0,confidence,0.8957449408043565
wisconsin,BundleSheaf,false,2,2,last,2,0,confidence,0.8955673652569647
wisconsin,BundleSheaf,false,2,2,last,0,0,saliency,-0.7010188211181921
wisconsin,BundleSheaf,false,2,2,last,1,0,saliency,-0.6176463390132945
wisconsin,BundleSheaf,false,2,2,last,2,0,saliency,-0.6015514711922729
wisconsin,BundleSheaf,false,2,2,last,0,0,cohens_d_train,0.47995305
wisconsin,BundleSheaf,false,2,2,last,1,0,cohens_d_train,0.76402533
wisconsin,BundleSheaf,false,2,2,last,2,0,cohens_d_train,0.7447996
wisconsin,BundleSheaf,false,2,2,last,0,0,cohens_d_test,0.81329936
wisconsin,BundleSheaf,false,2,2,last,1,0,cohens_d_test,0.33214816
wisconsin,BundleSheaf,false,2,2,last,2,0,cohens_d_test,0.27847692
wisconsin,BundleSheaf,false,2,2,last,0,1,degree,-0.23789905666398964
wisconsin,BundleSheaf,false,2,2,last,1,1,degree,0.16167892706472928
wisconsin,BundleSheaf,false,2,2,last,2,1,degree,0.1536671842995497
wisconsin,BundleSheaf,false,2,2,last,0,1,betweenness,-0.24624955757336883
wisconsin,BundleSheaf,false,2,2,last,1,1,betweenness,0.11417419235833723
wisconsin,BundleSheaf,false,2,2,last,2,1,betweenness,0.13779817014566467
wisconsin,BundleSheaf,false,2,2,last,0,1,confidence,0.8421187430908594
wisconsin,BundleSheaf,false,2,2,last,1,1,confidence,0.6886962751069798
wisconsin,BundleSheaf,false,2,2,last,2,1,confidence,0.7016418336037882
wisconsin,BundleSheaf,false,2,2,last,0,1,saliency,-0.21739087542128296
wisconsin,BundleSheaf,false,2,2,last,1,1,saliency,0.11978111166044836
wisconsin,BundleSheaf,false,2,2,last,2,1,saliency,0.14422278285819876
wisconsin,BundleSheaf,false,2,2,last,0,1,cohens_d_train,1.3076712
wisconsin,BundleSheaf,false,2,2,last,1,1,cohens_d_train,0.97804976
wisconsin,BundleSheaf,false,2,2,last,2,1,cohens_d_train,1.2856753
wisconsin,BundleSheaf,false,2,2,last,0,1,cohens_d_test,1.2603745
wisconsin,BundleSheaf,false,2,2,last,1,1,cohens_d_test,0.5690828
wisconsin,BundleSheaf,false,2,2,last,2,1,cohens_d_test,0.56279445
wisconsin,BundleSheaf,false,2,2,last,0,2,degree,-0.24145465386260945
wisconsin,BundleSheaf,false,2,2,last,1,2,degree,0.054647840211215847
wisconsin,BundleSheaf,false,2,2,last,2,2,degree,0.0951451938307042
wisconsin,BundleSheaf,false,2,2,last,0,2,betweenness,-0.24896745537540535
wisconsin,BundleSheaf,false,2,2,last,1,2,betweenness,0.019869358930690705
wisconsin,BundleSheaf,false,2,2,last,2,2,betweenness,0.039431288682073226
wisconsin,BundleSheaf,false,2,2,last,0,2,confidence,0.7119914596738428
wisconsin,BundleSheaf,false,2,2,last,1,2,confidence,0.6785092080302956
wisconsin,BundleSheaf,false,2,2,last,2,2,confidence,0.6079852839956623
wisconsin,BundleSheaf,false,2,2,last,0,2,saliency,-0.2646169327108243
wisconsin,BundleSheaf,false,2,2,last,1,2,saliency,-0.0409554397393897
wisconsin,BundleSheaf,false,2,2,last,2,2,saliency,-0.011805738422112253
wisconsin,BundleSheaf,false,2,2,last,0,2,cohens_d_train,1.1846136
wisconsin,BundleSheaf,false,2,2,last,1,2,cohens_d_train,0.56386614
wisconsin,BundleSheaf,false,2,2,last,2,2,cohens_d_train,0.36448067
wisconsin,BundleSheaf,false,2,2,last,0,2,cohens_d_test,1.8553559
wisconsin,BundleSheaf,false,2,2,last,1,2,cohens_d_test,1.3771235
wisconsin,BundleSheaf,false,2,2,last,2,2,cohens_d_test,0.90969765
wisconsin,BundleSheaf,false,2,2,last,0,3,degree,-0.25023603099115
wisconsin,BundleSheaf,false,2,2,last,1,3,degree,-0.03388732398758345
wisconsin,BundleSheaf,false,2,2,last,2,3,degree,0.00745773655793238
wisconsin,BundleSheaf,false,2,2,last,0,3,betweenness,-0.2576476831065656
wisconsin,BundleSheaf,false,2,2,last,1,3,betweenness,-0.07465692088801874
wisconsin,BundleSheaf,false,2,2,last,2,3,betweenness,-0.020917760826162785
wisconsin,BundleSheaf,false,2,2,last,0,3,confidence,0.8750514371771595
wisconsin,BundleSheaf,false,2,2,last,1,3,confidence,0.7115421829195089
wisconsin,BundleSheaf,false,2,2,last,2,3,confidence,0.7463477490781628
wisconsin,BundleSheaf,false,2,2,last,0,3,saliency,-0.15708270584262443
wisconsin,BundleSheaf,false,2,2,last,1,3,saliency,0.026560440083726575
wisconsin,BundleSheaf,false,2,2,last,2,3,saliency,0.06709774260922675
wisconsin,BundleSheaf,false,2,2,last,0,3,cohens_d_train,1.2280456
wisconsin,BundleSheaf,false,2,2,last,1,3,cohens_d_train,0.59423405
wisconsin,BundleSheaf,false,2,2,last,2,3,cohens_d_train,0.70862925
wisconsin,BundleSheaf,false,2,2,last,0,3,cohens_d_test,1.2745157
wisconsin,BundleSheaf,false,2,2,last,1,3,cohens_d_test,0.34191167
wisconsin,BundleSheaf,false,2,2,last,2,3,cohens_d_test,0.6630618
wisconsin,BundleSheaf,false,2,2,last,0,4,degree,-0.24183228066298731
wisconsin,BundleSheaf,false,2,2,last,1,4,degree,-0.07666206734952138
wisconsin,BundleSheaf,false,2,2,last,2,4,degree,-0.04029143575154247
wisconsin,BundleSheaf,false,2,2,last,0,4,betweenness,-0.20296750206868786
wisconsin,BundleSheaf,false,2,2,last,1,4,betweenness,-0.07235463421643788
wisconsin,BundleSheaf,false,2,2,last,2,4,betweenness,-0.03016070955980853
wisconsin,BundleSheaf,false,2,2,last,0,4,confidence,0.5790707747099065
wisconsin,BundleSheaf,false,2,2,last,1,4,confidence,0.5824325075502899
wisconsin,BundleSheaf,false,2,2,last,2,4,confidence,0.7006759253848799
wisconsin,BundleSheaf,false,2,2,last,0,4,saliency,-0.2872608088721854
wisconsin,BundleSheaf,false,2,2,last,1,4,saliency,-0.19157055267332676
wisconsin,BundleSheaf,false,2,2,last,2,4,saliency,-0.18597620146625346
wisconsin,BundleSheaf,false,2,2,last,0,4,cohens_d_train,0.7069856
wisconsin,BundleSheaf,false,2,2,last,1,4,cohens_d_train,0.034659717
wisconsin,BundleSheaf,false,2,2,last,2,4,cohens_d_train,0.13907515
wisconsin,BundleSheaf,false,2,2,last,0,4,cohens_d_test,1.2728066
wisconsin,BundleSheaf,false,2,2,last,1,4,cohens_d_test,1.351924
wisconsin,BundleSheaf,false,2,2,last,2,4,cohens_d_test,1.5962374
wisconsin,BundleSheaf,false,2,2,last,0,5,degree,-0.26944837721778303
wisconsin,BundleSheaf,false,2,2,last,1,5,degree,0.2517553305189789
wisconsin,BundleSheaf,false,2,2,last,2,5,degree,0.2230708193882889
wisconsin,BundleSheaf,false,2,2,last,0,5,betweenness,-0.27128348223107235
wisconsin,BundleSheaf,false,2,2,last,1,5,betweenness,0.21918136558330265
wisconsin,BundleSheaf,false,2,2,last,2,5,betweenness,0.22475409991569006
wisconsin,BundleSheaf,false,2,2,last,0,5,confidence,0.5470297532173666
wisconsin,BundleSheaf,false,2,2,last,1,5,confidence,0.6768018795688708
wisconsin,BundleSheaf,false,2,2,last,2,5,confidence,0.902163290929607
wisconsin,BundleSheaf,false,2,2,last,0,5,saliency,0.09239206115585413
wisconsin,BundleSheaf,false,2,2,last,1,5,saliency,0.6342025996220563
wisconsin,BundleSheaf,false,2,2,last,2,5,saliency,0.808593363154378
wisconsin,BundleSheaf,false,2,2,last,0,5,cohens_d_train,1.7402097
wisconsin,BundleSheaf,false,2,2,last,1,5,cohens_d_train,0.4705864
wisconsin,BundleSheaf,false,2,2,last,2,5,cohens_d_train,0.6622613
wisconsin,BundleSheaf,false,2,2,last,0,5,cohens_d_test,1.3847429
wisconsin,BundleSheaf,false,2,2,last,1,5,cohens_d_test,0.26040223
wisconsin,BundleSheaf,false,2,2,last,2,5,cohens_d_test,0.28409994
wisconsin,BundleSheaf,false,2,2,last,0,6,degree,-0.14512291179707523
wisconsin,BundleSheaf,false,2,2,last,1,6,degree,0.18959574122644368
wisconsin,BundleSheaf,false,2,2,last,2,6,degree,0.19519409420622102
wisconsin,BundleSheaf,false,2,2,last,0,6,betweenness,-0.14720467617324065
wisconsin,BundleSheaf,false,2,2,last,1,6,betweenness,0.14645584777578932
wisconsin,BundleSheaf,false,2,2,last,2,6,betweenness,0.14671892020827404
wisconsin,BundleSheaf,false,2,2,last,0,6,confidence,0.6457443597440845
wisconsin,BundleSheaf,false,2,2,last,1,6,confidence,0.6201628686494924
wisconsin,BundleSheaf,false,2,2,last,2,6,confidence,0.5955921803014079
wisconsin,BundleSheaf,false,2,2,last,0,6,saliency,-0.29858624361676345
wisconsin,BundleSheaf,false,2,2,last,1,6,saliency,-0.09732581849805995
wisconsin,BundleSheaf,false,2,2,last,2,6,saliency,-0.07121614207257983
wisconsin,BundleSheaf,false,2,2,last,0,6,cohens_d_train,0.59087825
wisconsin,BundleSheaf,false,2,2,last,1,6,cohens_d_train,0.114051655
wisconsin,BundleSheaf,false,2,2,last,2,6,cohens_d_train,0.18138266
wisconsin,BundleSheaf,false,2,2,last,0,6,cohens_d_test,0.97608817
wisconsin,BundleSheaf,false,2,2,last,1,6,cohens_d_test,0.94145525
wisconsin,BundleSheaf,false,2,2,last,2,6,cohens_d_test,0.82396287
wisconsin,BundleSheaf,false,2,2,last,0,7,degree,-0.22575206125183425
wisconsin,BundleSheaf,false,2,2,last,1,7,degree,0.15892523630010633
wisconsin,BundleSheaf,false,2,2,last,2,7,degree,0.15483891430535812
wisconsin,BundleSheaf,false,2,2,last,0,7,betweenness,-0.24108734188837266
wisconsin,BundleSheaf,false,2,2,last,1,7,betweenness,0.1271289746774335
wisconsin,BundleSheaf,false,2,2,last,2,7,betweenness,0.13622674073613947
wisconsin,BundleSheaf,false,2,2,last,0,7,confidence,0.8816558853333238
wisconsin,BundleSheaf,false,2,2,last,1,7,confidence,0.6630625407418257
wisconsin,BundleSheaf,false,2,2,last,2,7,confidence,0.6594676490994138
wisconsin,BundleSheaf,false,2,2,last,0,7,saliency,-0.047426737239081994
wisconsin,BundleSheaf,false,2,2,last,1,7,saliency,0.2727416222664559
wisconsin,BundleSheaf,false,2,2,last,2,7,saliency,0.2746243262896993
wisconsin,BundleSheaf,false,2,2,last,0,7,cohens_d_train,1.5733948
wisconsin,BundleSheaf,false,2,2,last,1,7,cohens_d_train,0.6678412
wisconsin,BundleSheaf,false,2,2,last,2,7,cohens_d_train,0.75836307
wisconsin,BundleSheaf,false,2,2,last,0,7,cohens_d_test,0.99799657
wisconsin,BundleSheaf,false,2,2,last,1,7,cohens_d_test,0.23385066
wisconsin,BundleSheaf,false,2,2,last,2,7,cohens_d_test,0.22974387
wisconsin,BundleSheaf,false,2,2,last,0,8,degree,-0.26150267421230095
wisconsin,BundleSheaf,false,2,2,last,1,8,degree,0.4456144379748927
wisconsin,BundleSheaf,false,2,2,last,2,8,degree,0.4949363619218104
wisconsin,BundleSheaf,false,2,2,last,0,8,betweenness,-0.21224625884044546
wisconsin,BundleSheaf,false,2,2,last,1,8,betweenness,0.3994411668316135
wisconsin,BundleSheaf,false,2,2,last,2,8,betweenness,0.4411763608809019
wisconsin,BundleSheaf,false,2,2,last,0,8,confidence,0.7542808813671851
wisconsin,BundleSheaf,false,2,2,last,1,8,confidence,0.8257559574107217
wisconsin,BundleSheaf,false,2,2,last,2,8,confidence,0.7996536518613225
wisconsin,BundleSheaf,false,2,2,last,0,8,saliency,-0.5194310598723483
wisconsin,BundleSheaf,false,2,2,last,1,8,saliency,-0.3611168131727616
wisconsin,BundleSheaf,false,2,2,last,2,8,saliency,-0.3387381931729485
wisconsin,BundleSheaf,false,2,2,last,0,8,cohens_d_train,1.1213928
wisconsin,BundleSheaf,false,2,2,last,1,8,cohens_d_train,1.605583
wisconsin,BundleSheaf,false,2,2,last,2,8,cohens_d_train,1.4491488
wisconsin,BundleSheaf,false,2,2,last,0,8,cohens_d_test,1.1257962
wisconsin,BundleSheaf,false,2,2,last,1,8,cohens_d_test,0.017481033
wisconsin,BundleSheaf,false,2,2,last,2,8,cohens_d_test,0.42335883
wisconsin,BundleSheaf,false,2,2,last,0,9,degree,-0.251492067457839
wisconsin,BundleSheaf,false,2,2,last,1,9,degree,-0.15859186916481088
wisconsin,BundleSheaf,false,2,2,last,2,9,degree,0.1664563686699768
wisconsin,BundleSheaf,false,2,2,last,0,9,betweenness,-0.22509984510955514
wisconsin,BundleSheaf,false,2,2,last,1,9,betweenness,-0.14139829235158785
wisconsin,BundleSheaf,false,2,2,last,2,9,betweenness,0.20020469886539793
wisconsin,BundleSheaf,false,2,2,last,0,9,confidence,0.31568890340022643
wisconsin,BundleSheaf,false,2,2,last,1,9,confidence,0.18519684226722527
wisconsin,BundleSheaf,false,2,2,last,2,9,confidence,-0.002269020452866927
wisconsin,BundleSheaf,false,2,2,last,0,9,saliency,-0.048621199079574094
wisconsin,BundleSheaf,false,2,2,last,1,9,saliency,0.033238493590492114
wisconsin,BundleSheaf,false,2,2,last,2,9,saliency,0.3077998336937071
wisconsin,BundleSheaf,false,2,2,last,0,9,cohens_d_train,0.56714374
wisconsin,BundleSheaf,false,2,2,last,1,9,cohens_d_train,0.08735056
wisconsin,BundleSheaf,false,2,2,last,2,9,cohens_d_train,0.17083882
wisconsin,BundleSheaf,false,2,2,last,0,9,cohens_d_test,1.3450521
wisconsin,BundleSheaf,false,2,2,last,1,9,cohens_d_test,0.769105
wisconsin,BundleSheaf,false,2,2,last,2,9,cohens_d_test,0.019368738
