Running with wandb account: franceguad2002-epfl
Namespace(epochs=500, lr=0.01, weight_decay=0.0006914841722570725, sheaf_decay=0.00031764232712732976, early_stopping=200, min_acc=0.0, stop_strategy='loss', d=5, layers=5, normalised=True, deg_normalised=False, linear=False, hidden_channels=16, input_dropout=0.2, dropout=0.3, left_weights=True, right_weights=True, add_lp=False, add_hp=False, use_act=True, second_linear=False, orth='householder', sheaf_act='tanh', edge_weights=False, sparse_learner=False, dataset='amazon_ratings', seed=43, cuda=0, folds=10, model='GeneralSheaf', entity='franceguad2002-epfl', evectors=0, max_t=1.0, int_method=None, step_size=1, max_iters=100, adjoint_method='adaptive_heun', adjoint=False, adjoint_step_size=1, tol_scale=1.0, tol_scale_adjoint=1.0, max_nfe=1000, no_early=False, earlystopxT=3, max_test_steps=100, num_nodes=200, num_classes=2, num_feats=10, het_coef=0.9, edge_noise=0.05, node_degree=10, feat_noise=0.25, ellipsoid_radius=1, just_add_noise=False, ellipsoids=True, classes_corr=None, dual_diff_strength=1.0, dual_normalised=True, sheaf_init=False, dual_left_linear=True, dual_right_linear=True, dual_linear=False, learn_first_maps=False, learnt_map_type='general', rotation_invariant_sheaf_learner=False, node_edge_sims_time_dependent=False, num_of_convolutions=1, dim_list=[], zero_laplacian=False, maps_lr=None, use_epsilons=True, use_embedding=True, checkpoint_epochs=[0, 1, 5, 15, 50, 200], save_laplacians=False, save_norms=True, save_preds=True, save_saliency=True, save_others=False, sha='76c20f9b6a5a98e71dded402ae983d844519635e', graph_size=24492, input_dim=300, output_dim=5, device=device(type='cuda', index=0))
Saved node norms to /home/fguadagn/FMG_Master_Thesis/neural-sheaf-diffusion-modified/results/node_norms/amazon_ratings/GeneralSheaf/normalised-true/stalk_dim-5/5-layers/16-hidden/500-epochs/checkpoints/epoch-0/GeneralSheaf_amazon_ratings_fold0_seed43.pt
Saved confidence to /home/fguadagn/FMG_Master_Thesis/neural-sheaf-diffusion-modified/results/node_conf/amazon_ratings/GeneralSheaf/normalised-true/stalk_dim-5/5-layers/16-hidden/500-epochs/checkpoints/epoch-0/GeneralSheaf_amazon_ratings_fold0_seed43.pt
Saved per-node accuracy to /home/fguadagn/FMG_Master_Thesis/neural-sheaf-diffusion-modified/results/node_accuracy/amazon_ratings/GeneralSheaf/normalised-true/stalk_dim-5/5-layers/16-hidden/500-epochs/checkpoints/epoch-0/GeneralSheaf_amazon_ratings_fold0_seed43.pt
Saved saliency to /home/fguadagn/FMG_Master_Thesis/neural-sheaf-diffusion-modified/results/node_saliency/amazon_ratings/GeneralSheaf/normalised-true/stalk_dim-5/5-layers/16-hidden/500-epochs/checkpoints/epoch-0/GeneralSheaf_amazon_ratings_fold0_seed43.pt
Saved node norms to /home/fguadagn/FMG_Master_Thesis/neural-sheaf-diffusion-modified/results/node_norms/amazon_ratings/GeneralSheaf/normalised-true/stalk_dim-5/5-layers/16-hidden/500-epochs/checkpoints/epoch-1/GeneralSheaf_amazon_ratings_fold0_seed43.pt
Saved confidence to /home/fguadagn/FMG_Master_Thesis/neural-sheaf-diffusion-modified/results/node_conf/amazon_ratings/GeneralSheaf/normalised-true/stalk_dim-5/5-layers/16-hidden/500-epochs/checkpoints/epoch-1/GeneralSheaf_amazon_ratings_fold0_seed43.pt
Saved per-node accuracy to /home/fguadagn/FMG_Master_Thesis/neural-sheaf-diffusion-modified/results/node_accuracy/amazon_ratings/GeneralSheaf/normalised-true/stalk_dim-5/5-layers/16-hidden/500-epochs/checkpoints/epoch-1/GeneralSheaf_amazon_ratings_fold0_seed43.pt
Saved saliency to /home/fguadagn/FMG_Master_Thesis/neural-sheaf-diffusion-modified/results/node_saliency/amazon_ratings/GeneralSheaf/normalised-true/stalk_dim-5/5-layers/16-hidden/500-epochs/checkpoints/epoch-1/GeneralSheaf_amazon_ratings_fold0_seed43.pt
Saved node norms to /home/fguadagn/FMG_Master_Thesis/neural-sheaf-diffusion-modified/results/node_norms/amazon_ratings/GeneralSheaf/normalised-true/stalk_dim-5/5-layers/16-hidden/500-epochs/checkpoints/epoch-5/GeneralSheaf_amazon_ratings_fold0_seed43.pt
Saved confidence to /home/fguadagn/FMG_Master_Thesis/neural-sheaf-diffusion-modified/results/node_conf/amazon_ratings/GeneralSheaf/normalised-true/stalk_dim-5/5-layers/16-hidden/500-epochs/checkpoints/epoch-5/GeneralSheaf_amazon_ratings_fold0_seed43.pt
Saved per-node accuracy to /home/fguadagn/FMG_Master_Thesis/neural-sheaf-diffusion-modified/results/node_accuracy/amazon_ratings/GeneralSheaf/normalised-true/stalk_dim-5/5-layers/16-hidden/500-epochs/checkpoints/epoch-5/GeneralSheaf_amazon_ratings_fold0_seed43.pt
Saved saliency to /home/fguadagn/FMG_Master_Thesis/neural-sheaf-diffusion-modified/results/node_saliency/amazon_ratings/GeneralSheaf/normalised-true/stalk_dim-5/5-layers/16-hidden/500-epochs/checkpoints/epoch-5/GeneralSheaf_amazon_ratings_fold0_seed43.pt
Saved node norms to /home/fguadagn/FMG_Master_Thesis/neural-sheaf-diffusion-modified/results/node_norms/amazon_ratings/GeneralSheaf/normalised-true/stalk_dim-5/5-layers/16-hidden/500-epochs/checkpoints/epoch-15/GeneralSheaf_amazon_ratings_fold0_seed43.pt
Saved confidence to /home/fguadagn/FMG_Master_Thesis/neural-sheaf-diffusion-modified/results/node_conf/amazon_ratings/GeneralSheaf/normalised-true/stalk_dim-5/5-layers/16-hidden/500-epochs/checkpoints/epoch-15/GeneralSheaf_amazon_ratings_fold0_seed43.pt
Saved per-node accuracy to /home/fguadagn/FMG_Master_Thesis/neural-sheaf-diffusion-modified/results/node_accuracy/amazon_ratings/GeneralSheaf/normalised-true/stalk_dim-5/5-layers/16-hidden/500-epochs/checkpoints/epoch-15/GeneralSheaf_amazon_ratings_fold0_seed43.pt
Saved saliency to /home/fguadagn/FMG_Master_Thesis/neural-sheaf-diffusion-modified/results/node_saliency/amazon_ratings/GeneralSheaf/normalised-true/stalk_dim-5/5-layers/16-hidden/500-epochs/checkpoints/epoch-15/GeneralSheaf_amazon_ratings_fold0_seed43.pt
Saved node norms to /home/fguadagn/FMG_Master_Thesis/neural-sheaf-diffusion-modified/results/node_norms/amazon_ratings/GeneralSheaf/normalised-true/stalk_dim-5/5-layers/16-hidden/500-epochs/checkpoints/epoch-50/GeneralSheaf_amazon_ratings_fold0_seed43.pt
Saved confidence to /home/fguadagn/FMG_Master_Thesis/neural-sheaf-diffusion-modified/results/node_conf/amazon_ratings/GeneralSheaf/normalised-true/stalk_dim-5/5-layers/16-hidden/500-epochs/checkpoints/epoch-50/GeneralSheaf_amazon_ratings_fold0_seed43.pt
Saved per-node accuracy to /home/fguadagn/FMG_Master_Thesis/neural-sheaf-diffusion-modified/results/node_accuracy/amazon_ratings/GeneralSheaf/normalised-true/stalk_dim-5/5-layers/16-hidden/500-epochs/checkpoints/epoch-50/GeneralSheaf_amazon_ratings_fold0_seed43.pt
Saved saliency to /home/fguadagn/FMG_Master_Thesis/neural-sheaf-diffusion-modified/results/node_saliency/amazon_ratings/GeneralSheaf/normalised-true/stalk_dim-5/5-layers/16-hidden/500-epochs/checkpoints/epoch-50/GeneralSheaf_amazon_ratings_fold0_seed43.pt
Saved node norms to /home/fguadagn/FMG_Master_Thesis/neural-sheaf-diffusion-modified/results/node_norms/amazon_ratings/GeneralSheaf/normalised-true/stalk_dim-5/5-layers/16-hidden/500-epochs/checkpoints/epoch-200/GeneralSheaf_amazon_ratings_fold0_seed43.pt
Saved confidence to /home/fguadagn/FMG_Master_Thesis/neural-sheaf-diffusion-modified/results/node_conf/amazon_ratings/GeneralSheaf/normalised-true/stalk_dim-5/5-layers/16-hidden/500-epochs/checkpoints/epoch-200/GeneralSheaf_amazon_ratings_fold0_seed43.pt
Saved per-node accuracy to /home/fguadagn/FMG_Master_Thesis/neural-sheaf-diffusion-modified/results/node_accuracy/amazon_ratings/GeneralSheaf/normalised-true/stalk_dim-5/5-layers/16-hidden/500-epochs/checkpoints/epoch-200/GeneralSheaf_amazon_ratings_fold0_seed43.pt
Saved saliency to /home/fguadagn/FMG_Master_Thesis/neural-sheaf-diffusion-modified/results/node_saliency/amazon_ratings/GeneralSheaf/normalised-true/stalk_dim-5/5-layers/16-hidden/500-epochs/checkpoints/epoch-200/GeneralSheaf_amazon_ratings_fold0_seed43.pt
Fold 0 | Epochs: 471 | Best epoch: 271
Test acc (best epoch): 0.4743
Test acc (last epoch): 0.4735
Best val acc: 0.4633
Laplacian 0: Max: 1.1962, Min: -1.1738, Avg: -0.0107, Abs avg: 0.0292
Laplacian 1: Max: 1.4067, Min: -1.4123, Avg: -0.0038, Abs avg: 0.0412
Laplacian 2: Max: 1.9902, Min: -1.9234, Avg: 0.0027, Abs avg: 0.0654
Laplacian 3: Max: 3.4279, Min: -3.5893, Avg: 0.0396, Abs avg: 0.1660
Laplacian 4: Max: 4.9723, Min: -4.8220, Avg: 0.0867, Abs avg: 0.4636
Epsilons 0: [0.232 0.412 0.342 0.022 0.405]
Epsilons 1: [0.431 0.062 0.308 0.389 0.417]
Epsilons 2: [0.536 0.042 0.456 0.43  0.299]
Epsilons 3: [0.528 0.257 0.502 0.492 0.103]
Epsilons 4: [0.282 0.431 0.286 0.278 0.322]
Saved node norms to /home/fguadagn/FMG_Master_Thesis/neural-sheaf-diffusion-modified/results/node_norms/amazon_ratings/GeneralSheaf/normalised-true/stalk_dim-5/5-layers/16-hidden/500-epochs/checkpoints/best-epoch/GeneralSheaf_amazon_ratings_fold0_seed43.pt
Saved best-epoch node norms (epoch 271) to checkpoints/best-epoch/
Saved confidence to /home/fguadagn/FMG_Master_Thesis/neural-sheaf-diffusion-modified/results/node_conf/amazon_ratings/GeneralSheaf/normalised-true/stalk_dim-5/5-layers/16-hidden/500-epochs/checkpoints/best-epoch/GeneralSheaf_amazon_ratings_fold0_seed43.pt
Saved per-node accuracy to /home/fguadagn/FMG_Master_Thesis/neural-sheaf-diffusion-modified/results/node_accuracy/amazon_ratings/GeneralSheaf/normalised-true/stalk_dim-5/5-layers/16-hidden/500-epochs/checkpoints/best-epoch/GeneralSheaf_amazon_ratings_fold0_seed43.pt
Saved saliency to /home/fguadagn/FMG_Master_Thesis/neural-sheaf-diffusion-modified/results/node_saliency/amazon_ratings/GeneralSheaf/normalised-true/stalk_dim-5/5-layers/16-hidden/500-epochs/checkpoints/best-epoch/GeneralSheaf_amazon_ratings_fold0_seed43.pt
Saved training args to /home/fguadagn/FMG_Master_Thesis/neural-sheaf-diffusion-modified/results/model_weights/amazon_ratings/GeneralSheaf/normalised-true/stalk_dim-5/5-layers/16-hidden/500-epochs/training_args.json
Saved model weights to /home/fguadagn/FMG_Master_Thesis/neural-sheaf-diffusion-modified/results/model_weights/amazon_ratings/GeneralSheaf/normalised-true/stalk_dim-5/5-layers/16-hidden/500-epochs/checkpoints/best-epoch/GeneralSheaf_amazon_ratings_fold0_seed43.pth
Saved fold masks to /home/fguadagn/FMG_Master_Thesis/neural-sheaf-diffusion-modified/results/model_weights/amazon_ratings/GeneralSheaf/normalised-true/stalk_dim-5/5-layers/16-hidden/500-epochs/checkpoints/best-epoch/GeneralSheaf_amazon_ratings_fold0_seed43_masks.pt
Saved best-epoch model weights and masks (epoch 271) to checkpoints/best-epoch/
Updated best_epochs.json: fold_0 -> epoch 271
Saved node norms to /home/fguadagn/FMG_Master_Thesis/neural-sheaf-diffusion-modified/results/node_norms/amazon_ratings/GeneralSheaf/normalised-true/stalk_dim-5/5-layers/16-hidden/500-epochs/GeneralSheaf_amazon_ratings_fold0_seed43.pt
Saved node predictions to /home/fguadagn/FMG_Master_Thesis/neural-sheaf-diffusion-modified/results/node_preds/amazon_ratings/GeneralSheaf/normalised-true/stalk_dim-5/5-layers/16-hidden/500-epochs/GeneralSheaf_amazon_ratings_fold0_seed43.pt
Saved confidence to /home/fguadagn/FMG_Master_Thesis/neural-sheaf-diffusion-modified/results/node_conf/amazon_ratings/GeneralSheaf/normalised-true/stalk_dim-5/5-layers/16-hidden/500-epochs/GeneralSheaf_amazon_ratings_fold0_seed43.pt
Saved per-node accuracy to /home/fguadagn/FMG_Master_Thesis/neural-sheaf-diffusion-modified/results/node_accuracy/amazon_ratings/GeneralSheaf/normalised-true/stalk_dim-5/5-layers/16-hidden/500-epochs/GeneralSheaf_amazon_ratings_fold0_seed43.pt
Saved saliency to /home/fguadagn/FMG_Master_Thesis/neural-sheaf-diffusion-modified/results/node_saliency/amazon_ratings/GeneralSheaf/normalised-true/stalk_dim-5/5-layers/16-hidden/500-epochs/GeneralSheaf_amazon_ratings_fold0_seed43.pt
Saved node norms to /home/fguadagn/FMG_Master_Thesis/neural-sheaf-diffusion-modified/results/node_norms/amazon_ratings/GeneralSheaf/normalised-true/stalk_dim-5/5-layers/16-hidden/500-epochs/checkpoints/epoch-0/GeneralSheaf_amazon_ratings_fold1_seed43.pt
Saved confidence to /home/fguadagn/FMG_Master_Thesis/neural-sheaf-diffusion-modified/results/node_conf/amazon_ratings/GeneralSheaf/normalised-true/stalk_dim-5/5-layers/16-hidden/500-epochs/checkpoints/epoch-0/GeneralSheaf_amazon_ratings_fold1_seed43.pt
Saved per-node accuracy to /home/fguadagn/FMG_Master_Thesis/neural-sheaf-diffusion-modified/results/node_accuracy/amazon_ratings/GeneralSheaf/normalised-true/stalk_dim-5/5-layers/16-hidden/500-epochs/checkpoints/epoch-0/GeneralSheaf_amazon_ratings_fold1_seed43.pt
Saved saliency to /home/fguadagn/FMG_Master_Thesis/neural-sheaf-diffusion-modified/results/node_saliency/amazon_ratings/GeneralSheaf/normalised-true/stalk_dim-5/5-layers/16-hidden/500-epochs/checkpoints/epoch-0/GeneralSheaf_amazon_ratings_fold1_seed43.pt
Saved node norms to /home/fguadagn/FMG_Master_Thesis/neural-sheaf-diffusion-modified/results/node_norms/amazon_ratings/GeneralSheaf/normalised-true/stalk_dim-5/5-layers/16-hidden/500-epochs/checkpoints/epoch-1/GeneralSheaf_amazon_ratings_fold1_seed43.pt
Saved confidence to /home/fguadagn/FMG_Master_Thesis/neural-sheaf-diffusion-modified/results/node_conf/amazon_ratings/GeneralSheaf/normalised-true/stalk_dim-5/5-layers/16-hidden/500-epochs/checkpoints/epoch-1/GeneralSheaf_amazon_ratings_fold1_seed43.pt
Saved per-node accuracy to /home/fguadagn/FMG_Master_Thesis/neural-sheaf-diffusion-modified/results/node_accuracy/amazon_ratings/GeneralSheaf/normalised-true/stalk_dim-5/5-layers/16-hidden/500-epochs/checkpoints/epoch-1/GeneralSheaf_amazon_ratings_fold1_seed43.pt
Saved saliency to /home/fguadagn/FMG_Master_Thesis/neural-sheaf-diffusion-modified/results/node_saliency/amazon_ratings/GeneralSheaf/normalised-true/stalk_dim-5/5-layers/16-hidden/500-epochs/checkpoints/epoch-1/GeneralSheaf_amazon_ratings_fold1_seed43.pt
Saved node norms to /home/fguadagn/FMG_Master_Thesis/neural-sheaf-diffusion-modified/results/node_norms/amazon_ratings/GeneralSheaf/normalised-true/stalk_dim-5/5-layers/16-hidden/500-epochs/checkpoints/epoch-5/GeneralSheaf_amazon_ratings_fold1_seed43.pt
Saved confidence to /home/fguadagn/FMG_Master_Thesis/neural-sheaf-diffusion-modified/results/node_conf/amazon_ratings/GeneralSheaf/normalised-true/stalk_dim-5/5-layers/16-hidden/500-epochs/checkpoints/epoch-5/GeneralSheaf_amazon_ratings_fold1_seed43.pt
Saved per-node accuracy to /home/fguadagn/FMG_Master_Thesis/neural-sheaf-diffusion-modified/results/node_accuracy/amazon_ratings/GeneralSheaf/normalised-true/stalk_dim-5/5-layers/16-hidden/500-epochs/checkpoints/epoch-5/GeneralSheaf_amazon_ratings_fold1_seed43.pt
Saved saliency to /home/fguadagn/FMG_Master_Thesis/neural-sheaf-diffusion-modified/results/node_saliency/amazon_ratings/GeneralSheaf/normalised-true/stalk_dim-5/5-layers/16-hidden/500-epochs/checkpoints/epoch-5/GeneralSheaf_amazon_ratings_fold1_seed43.pt
Saved node norms to /home/fguadagn/FMG_Master_Thesis/neural-sheaf-diffusion-modified/results/node_norms/amazon_ratings/GeneralSheaf/normalised-true/stalk_dim-5/5-layers/16-hidden/500-epochs/checkpoints/epoch-15/GeneralSheaf_amazon_ratings_fold1_seed43.pt
Saved confidence to /home/fguadagn/FMG_Master_Thesis/neural-sheaf-diffusion-modified/results/node_conf/amazon_ratings/GeneralSheaf/normalised-true/stalk_dim-5/5-layers/16-hidden/500-epochs/checkpoints/epoch-15/GeneralSheaf_amazon_ratings_fold1_seed43.pt
Saved per-node accuracy to /home/fguadagn/FMG_Master_Thesis/neural-sheaf-diffusion-modified/results/node_accuracy/amazon_ratings/GeneralSheaf/normalised-true/stalk_dim-5/5-layers/16-hidden/500-epochs/checkpoints/epoch-15/GeneralSheaf_amazon_ratings_fold1_seed43.pt
Saved saliency to /home/fguadagn/FMG_Master_Thesis/neural-sheaf-diffusion-modified/results/node_saliency/amazon_ratings/GeneralSheaf/normalised-true/stalk_dim-5/5-layers/16-hidden/500-epochs/checkpoints/epoch-15/GeneralSheaf_amazon_ratings_fold1_seed43.pt
Saved node norms to /home/fguadagn/FMG_Master_Thesis/neural-sheaf-diffusion-modified/results/node_norms/amazon_ratings/GeneralSheaf/normalised-true/stalk_dim-5/5-layers/16-hidden/500-epochs/checkpoints/epoch-50/GeneralSheaf_amazon_ratings_fold1_seed43.pt
Saved confidence to /home/fguadagn/FMG_Master_Thesis/neural-sheaf-diffusion-modified/results/node_conf/amazon_ratings/GeneralSheaf/normalised-true/stalk_dim-5/5-layers/16-hidden/500-epochs/checkpoints/epoch-50/GeneralSheaf_amazon_ratings_fold1_seed43.pt
Saved per-node accuracy to /home/fguadagn/FMG_Master_Thesis/neural-sheaf-diffusion-modified/results/node_accuracy/amazon_ratings/GeneralSheaf/normalised-true/stalk_dim-5/5-layers/16-hidden/500-epochs/checkpoints/epoch-50/GeneralSheaf_amazon_ratings_fold1_seed43.pt
Saved saliency to /home/fguadagn/FMG_Master_Thesis/neural-sheaf-diffusion-modified/results/node_saliency/amazon_ratings/GeneralSheaf/normalised-true/stalk_dim-5/5-layers/16-hidden/500-epochs/checkpoints/epoch-50/GeneralSheaf_amazon_ratings_fold1_seed43.pt
Saved node norms to /home/fguadagn/FMG_Master_Thesis/neural-sheaf-diffusion-modified/results/node_norms/amazon_ratings/GeneralSheaf/normalised-true/stalk_dim-5/5-layers/16-hidden/500-epochs/checkpoints/epoch-200/GeneralSheaf_amazon_ratings_fold1_seed43.pt
Saved confidence to /home/fguadagn/FMG_Master_Thesis/neural-sheaf-diffusion-modified/results/node_conf/amazon_ratings/GeneralSheaf/normalised-true/stalk_dim-5/5-layers/16-hidden/500-epochs/checkpoints/epoch-200/GeneralSheaf_amazon_ratings_fold1_seed43.pt
Saved per-node accuracy to /home/fguadagn/FMG_Master_Thesis/neural-sheaf-diffusion-modified/results/node_accuracy/amazon_ratings/GeneralSheaf/normalised-true/stalk_dim-5/5-layers/16-hidden/500-epochs/checkpoints/epoch-200/GeneralSheaf_amazon_ratings_fold1_seed43.pt
Saved saliency to /home/fguadagn/FMG_Master_Thesis/neural-sheaf-diffusion-modified/results/node_saliency/amazon_ratings/GeneralSheaf/normalised-true/stalk_dim-5/5-layers/16-hidden/500-epochs/checkpoints/epoch-200/GeneralSheaf_amazon_ratings_fold1_seed43.pt
Fold 1 | Epochs: 321 | Best epoch: 121
Test acc (best epoch): 0.4571
Test acc (last epoch): 0.4744
Best val acc: 0.4625
Laplacian 0: Max: 0.9946, Min: -1.2217, Avg: -0.0176, Abs avg: 0.0420
Laplacian 1: Max: 1.8416, Min: -1.5179, Avg: -0.0096, Abs avg: 0.0493
Laplacian 2: Max: 2.6601, Min: -3.3245, Avg: -0.0765, Abs avg: 0.1483
Laplacian 3: Max: 4.4538, Min: -4.0573, Avg: -0.0232, Abs avg: 0.2469
Laplacian 4: Max: 4.9729, Min: -4.9179, Avg: -0.0190, Abs avg: 0.4488
Epsilons 0: [0.282 0.182 0.361 0.334 0.078]
Epsilons 1: [0.024 0.428 0.312 0.339 0.31 ]
Epsilons 2: [0.095 0.526 0.241 0.36  0.342]
Epsilons 3: [0.2   0.511 0.23  0.247 0.338]
Epsilons 4: [0.086 0.432 0.098 0.141 0.617]
Saved node norms to /home/fguadagn/FMG_Master_Thesis/neural-sheaf-diffusion-modified/results/node_norms/amazon_ratings/GeneralSheaf/normalised-true/stalk_dim-5/5-layers/16-hidden/500-epochs/checkpoints/best-epoch/GeneralSheaf_amazon_ratings_fold1_seed43.pt
Saved best-epoch node norms (epoch 121) to checkpoints/best-epoch/
Saved confidence to /home/fguadagn/FMG_Master_Thesis/neural-sheaf-diffusion-modified/results/node_conf/amazon_ratings/GeneralSheaf/normalised-true/stalk_dim-5/5-layers/16-hidden/500-epochs/checkpoints/best-epoch/GeneralSheaf_amazon_ratings_fold1_seed43.pt
Saved per-node accuracy to /home/fguadagn/FMG_Master_Thesis/neural-sheaf-diffusion-modified/results/node_accuracy/amazon_ratings/GeneralSheaf/normalised-true/stalk_dim-5/5-layers/16-hidden/500-epochs/checkpoints/best-epoch/GeneralSheaf_amazon_ratings_fold1_seed43.pt
Saved saliency to /home/fguadagn/FMG_Master_Thesis/neural-sheaf-diffusion-modified/results/node_saliency/amazon_ratings/GeneralSheaf/normalised-true/stalk_dim-5/5-layers/16-hidden/500-epochs/checkpoints/best-epoch/GeneralSheaf_amazon_ratings_fold1_seed43.pt
Saved model weights to /home/fguadagn/FMG_Master_Thesis/neural-sheaf-diffusion-modified/results/model_weights/amazon_ratings/GeneralSheaf/normalised-true/stalk_dim-5/5-layers/16-hidden/500-epochs/checkpoints/best-epoch/GeneralSheaf_amazon_ratings_fold1_seed43.pth
Saved fold masks to /home/fguadagn/FMG_Master_Thesis/neural-sheaf-diffusion-modified/results/model_weights/amazon_ratings/GeneralSheaf/normalised-true/stalk_dim-5/5-layers/16-hidden/500-epochs/checkpoints/best-epoch/GeneralSheaf_amazon_ratings_fold1_seed43_masks.pt
Saved best-epoch model weights and masks (epoch 121) to checkpoints/best-epoch/
Updated best_epochs.json: fold_1 -> epoch 121
Saved node norms to /home/fguadagn/FMG_Master_Thesis/neural-sheaf-diffusion-modified/results/node_norms/amazon_ratings/GeneralSheaf/normalised-true/stalk_dim-5/5-layers/16-hidden/500-epochs/GeneralSheaf_amazon_ratings_fold1_seed43.pt
Saved node predictions to /home/fguadagn/FMG_Master_Thesis/neural-sheaf-diffusion-modified/results/node_preds/amazon_ratings/GeneralSheaf/normalised-true/stalk_dim-5/5-layers/16-hidden/500-epochs/GeneralSheaf_amazon_ratings_fold1_seed43.pt
Saved confidence to /home/fguadagn/FMG_Master_Thesis/neural-sheaf-diffusion-modified/results/node_conf/amazon_ratings/GeneralSheaf/normalised-true/stalk_dim-5/5-layers/16-hidden/500-epochs/GeneralSheaf_amazon_ratings_fold1_seed43.pt
Saved per-node accuracy to /home/fguadagn/FMG_Master_Thesis/neural-sheaf-diffusion-modified/results/node_accuracy/amazon_ratings/GeneralSheaf/normalised-true/stalk_dim-5/5-layers/16-hidden/500-epochs/GeneralSheaf_amazon_ratings_fold1_seed43.pt
Saved saliency to /home/fguadagn/FMG_Master_Thesis/neural-sheaf-diffusion-modified/results/node_saliency/amazon_ratings/GeneralSheaf/normalised-true/stalk_dim-5/5-layers/16-hidden/500-epochs/GeneralSheaf_amazon_ratings_fold1_seed43.pt
Saved node norms to /home/fguadagn/FMG_Master_Thesis/neural-sheaf-diffusion-modified/results/node_norms/amazon_ratings/GeneralSheaf/normalised-true/stalk_dim-5/5-layers/16-hidden/500-epochs/checkpoints/epoch-0/GeneralSheaf_amazon_ratings_fold2_seed43.pt
Saved confidence to /home/fguadagn/FMG_Master_Thesis/neural-sheaf-diffusion-modified/results/node_conf/amazon_ratings/GeneralSheaf/normalised-true/stalk_dim-5/5-layers/16-hidden/500-epochs/checkpoints/epoch-0/GeneralSheaf_amazon_ratings_fold2_seed43.pt
Saved per-node accuracy to /home/fguadagn/FMG_Master_Thesis/neural-sheaf-diffusion-modified/results/node_accuracy/amazon_ratings/GeneralSheaf/normalised-true/stalk_dim-5/5-layers/16-hidden/500-epochs/checkpoints/epoch-0/GeneralSheaf_amazon_ratings_fold2_seed43.pt
Saved saliency to /home/fguadagn/FMG_Master_Thesis/neural-sheaf-diffusion-modified/results/node_saliency/amazon_ratings/GeneralSheaf/normalised-true/stalk_dim-5/5-layers/16-hidden/500-epochs/checkpoints/epoch-0/GeneralSheaf_amazon_ratings_fold2_seed43.pt
Saved node norms to /home/fguadagn/FMG_Master_Thesis/neural-sheaf-diffusion-modified/results/node_norms/amazon_ratings/GeneralSheaf/normalised-true/stalk_dim-5/5-layers/16-hidden/500-epochs/checkpoints/epoch-1/GeneralSheaf_amazon_ratings_fold2_seed43.pt
Saved confidence to /home/fguadagn/FMG_Master_Thesis/neural-sheaf-diffusion-modified/results/node_conf/amazon_ratings/GeneralSheaf/normalised-true/stalk_dim-5/5-layers/16-hidden/500-epochs/checkpoints/epoch-1/GeneralSheaf_amazon_ratings_fold2_seed43.pt
Saved per-node accuracy to /home/fguadagn/FMG_Master_Thesis/neural-sheaf-diffusion-modified/results/node_accuracy/amazon_ratings/GeneralSheaf/normalised-true/stalk_dim-5/5-layers/16-hidden/500-epochs/checkpoints/epoch-1/GeneralSheaf_amazon_ratings_fold2_seed43.pt
Saved saliency to /home/fguadagn/FMG_Master_Thesis/neural-sheaf-diffusion-modified/results/node_saliency/amazon_ratings/GeneralSheaf/normalised-true/stalk_dim-5/5-layers/16-hidden/500-epochs/checkpoints/epoch-1/GeneralSheaf_amazon_ratings_fold2_seed43.pt
Saved node norms to /home/fguadagn/FMG_Master_Thesis/neural-sheaf-diffusion-modified/results/node_norms/amazon_ratings/GeneralSheaf/normalised-true/stalk_dim-5/5-layers/16-hidden/500-epochs/checkpoints/epoch-5/GeneralSheaf_amazon_ratings_fold2_seed43.pt
Saved confidence to /home/fguadagn/FMG_Master_Thesis/neural-sheaf-diffusion-modified/results/node_conf/amazon_ratings/GeneralSheaf/normalised-true/stalk_dim-5/5-layers/16-hidden/500-epochs/checkpoints/epoch-5/GeneralSheaf_amazon_ratings_fold2_seed43.pt
Saved per-node accuracy to /home/fguadagn/FMG_Master_Thesis/neural-sheaf-diffusion-modified/results/node_accuracy/amazon_ratings/GeneralSheaf/normalised-true/stalk_dim-5/5-layers/16-hidden/500-epochs/checkpoints/epoch-5/GeneralSheaf_amazon_ratings_fold2_seed43.pt
Saved saliency to /home/fguadagn/FMG_Master_Thesis/neural-sheaf-diffusion-modified/results/node_saliency/amazon_ratings/GeneralSheaf/normalised-true/stalk_dim-5/5-layers/16-hidden/500-epochs/checkpoints/epoch-5/GeneralSheaf_amazon_ratings_fold2_seed43.pt
Saved node norms to /home/fguadagn/FMG_Master_Thesis/neural-sheaf-diffusion-modified/results/node_norms/amazon_ratings/GeneralSheaf/normalised-true/stalk_dim-5/5-layers/16-hidden/500-epochs/checkpoints/epoch-15/GeneralSheaf_amazon_ratings_fold2_seed43.pt
Saved confidence to /home/fguadagn/FMG_Master_Thesis/neural-sheaf-diffusion-modified/results/node_conf/amazon_ratings/GeneralSheaf/normalised-true/stalk_dim-5/5-layers/16-hidden/500-epochs/checkpoints/epoch-15/GeneralSheaf_amazon_ratings_fold2_seed43.pt
Saved per-node accuracy to /home/fguadagn/FMG_Master_Thesis/neural-sheaf-diffusion-modified/results/node_accuracy/amazon_ratings/GeneralSheaf/normalised-true/stalk_dim-5/5-layers/16-hidden/500-epochs/checkpoints/epoch-15/GeneralSheaf_amazon_ratings_fold2_seed43.pt
Saved saliency to /home/fguadagn/FMG_Master_Thesis/neural-sheaf-diffusion-modified/results/node_saliency/amazon_ratings/GeneralSheaf/normalised-true/stalk_dim-5/5-layers/16-hidden/500-epochs/checkpoints/epoch-15/GeneralSheaf_amazon_ratings_fold2_seed43.pt
Saved node norms to /home/fguadagn/FMG_Master_Thesis/neural-sheaf-diffusion-modified/results/node_norms/amazon_ratings/GeneralSheaf/normalised-true/stalk_dim-5/5-layers/16-hidden/500-epochs/checkpoints/epoch-50/GeneralSheaf_amazon_ratings_fold2_seed43.pt
Saved confidence to /home/fguadagn/FMG_Master_Thesis/neural-sheaf-diffusion-modified/results/node_conf/amazon_ratings/GeneralSheaf/normalised-true/stalk_dim-5/5-layers/16-hidden/500-epochs/checkpoints/epoch-50/GeneralSheaf_amazon_ratings_fold2_seed43.pt
Saved per-node accuracy to /home/fguadagn/FMG_Master_Thesis/neural-sheaf-diffusion-modified/results/node_accuracy/amazon_ratings/GeneralSheaf/normalised-true/stalk_dim-5/5-layers/16-hidden/500-epochs/checkpoints/epoch-50/GeneralSheaf_amazon_ratings_fold2_seed43.pt
Saved saliency to /home/fguadagn/FMG_Master_Thesis/neural-sheaf-diffusion-modified/results/node_saliency/amazon_ratings/GeneralSheaf/normalised-true/stalk_dim-5/5-layers/16-hidden/500-epochs/checkpoints/epoch-50/GeneralSheaf_amazon_ratings_fold2_seed43.pt
Saved node norms to /home/fguadagn/FMG_Master_Thesis/neural-sheaf-diffusion-modified/results/node_norms/amazon_ratings/GeneralSheaf/normalised-true/stalk_dim-5/5-layers/16-hidden/500-epochs/checkpoints/epoch-200/GeneralSheaf_amazon_ratings_fold2_seed43.pt
Saved confidence to /home/fguadagn/FMG_Master_Thesis/neural-sheaf-diffusion-modified/results/node_conf/amazon_ratings/GeneralSheaf/normalised-true/stalk_dim-5/5-layers/16-hidden/500-epochs/checkpoints/epoch-200/GeneralSheaf_amazon_ratings_fold2_seed43.pt
Saved per-node accuracy to /home/fguadagn/FMG_Master_Thesis/neural-sheaf-diffusion-modified/results/node_accuracy/amazon_ratings/GeneralSheaf/normalised-true/stalk_dim-5/5-layers/16-hidden/500-epochs/checkpoints/epoch-200/GeneralSheaf_amazon_ratings_fold2_seed43.pt
Saved saliency to /home/fguadagn/FMG_Master_Thesis/neural-sheaf-diffusion-modified/results/node_saliency/amazon_ratings/GeneralSheaf/normalised-true/stalk_dim-5/5-layers/16-hidden/500-epochs/checkpoints/epoch-200/GeneralSheaf_amazon_ratings_fold2_seed43.pt
Fold 2 | Epochs: 393 | Best epoch: 193
Test acc (best epoch): 0.4522
Test acc (last epoch): 0.4547
Best val acc: 0.4579
Laplacian 0: Max: 0.9390, Min: -1.2353, Avg: -0.0120, Abs avg: 0.0393
Laplacian 1: Max: 0.9968, Min: -0.8631, Avg: -0.0035, Abs avg: 0.0336
Laplacian 2: Max: 2.1037, Min: -1.5378, Avg: -0.0036, Abs avg: 0.0638
Laplacian 3: Max: 2.7847, Min: -3.1849, Avg: -0.0186, Abs avg: 0.1211
Laplacian 4: Max: 4.6295, Min: -4.4900, Avg: -0.0275, Abs avg: 0.3796
Epsilons 0: [0.332 0.082 0.316 0.445 0.132]
Epsilons 1: [0.038 0.426 0.47  0.455 0.079]
Epsilons 2: [0.102 0.434 0.559 0.246 0.187]
Epsilons 3: [0.24  0.422 0.34  0.269 0.516]
Epsilons 4: [0.306 0.411 0.252 0.106 0.578]
Saved node norms to /home/fguadagn/FMG_Master_Thesis/neural-sheaf-diffusion-modified/results/node_norms/amazon_ratings/GeneralSheaf/normalised-true/stalk_dim-5/5-layers/16-hidden/500-epochs/checkpoints/best-epoch/GeneralSheaf_amazon_ratings_fold2_seed43.pt
Saved best-epoch node norms (epoch 193) to checkpoints/best-epoch/
Saved confidence to /home/fguadagn/FMG_Master_Thesis/neural-sheaf-diffusion-modified/results/node_conf/amazon_ratings/GeneralSheaf/normalised-true/stalk_dim-5/5-layers/16-hidden/500-epochs/checkpoints/best-epoch/GeneralSheaf_amazon_ratings_fold2_seed43.pt
Saved per-node accuracy to /home/fguadagn/FMG_Master_Thesis/neural-sheaf-diffusion-modified/results/node_accuracy/amazon_ratings/GeneralSheaf/normalised-true/stalk_dim-5/5-layers/16-hidden/500-epochs/checkpoints/best-epoch/GeneralSheaf_amazon_ratings_fold2_seed43.pt
Saved saliency to /home/fguadagn/FMG_Master_Thesis/neural-sheaf-diffusion-modified/results/node_saliency/amazon_ratings/GeneralSheaf/normalised-true/stalk_dim-5/5-layers/16-hidden/500-epochs/checkpoints/best-epoch/GeneralSheaf_amazon_ratings_fold2_seed43.pt
Saved model weights to /home/fguadagn/FMG_Master_Thesis/neural-sheaf-diffusion-modified/results/model_weights/amazon_ratings/GeneralSheaf/normalised-true/stalk_dim-5/5-layers/16-hidden/500-epochs/checkpoints/best-epoch/GeneralSheaf_amazon_ratings_fold2_seed43.pth
Saved fold masks to /home/fguadagn/FMG_Master_Thesis/neural-sheaf-diffusion-modified/results/model_weights/amazon_ratings/GeneralSheaf/normalised-true/stalk_dim-5/5-layers/16-hidden/500-epochs/checkpoints/best-epoch/GeneralSheaf_amazon_ratings_fold2_seed43_masks.pt
Saved best-epoch model weights and masks (epoch 193) to checkpoints/best-epoch/
Updated best_epochs.json: fold_2 -> epoch 193
Saved node norms to /home/fguadagn/FMG_Master_Thesis/neural-sheaf-diffusion-modified/results/node_norms/amazon_ratings/GeneralSheaf/normalised-true/stalk_dim-5/5-layers/16-hidden/500-epochs/GeneralSheaf_amazon_ratings_fold2_seed43.pt
Saved node predictions to /home/fguadagn/FMG_Master_Thesis/neural-sheaf-diffusion-modified/results/node_preds/amazon_ratings/GeneralSheaf/normalised-true/stalk_dim-5/5-layers/16-hidden/500-epochs/GeneralSheaf_amazon_ratings_fold2_seed43.pt
Saved confidence to /home/fguadagn/FMG_Master_Thesis/neural-sheaf-diffusion-modified/results/node_conf/amazon_ratings/GeneralSheaf/normalised-true/stalk_dim-5/5-layers/16-hidden/500-epochs/GeneralSheaf_amazon_ratings_fold2_seed43.pt
Saved per-node accuracy to /home/fguadagn/FMG_Master_Thesis/neural-sheaf-diffusion-modified/results/node_accuracy/amazon_ratings/GeneralSheaf/normalised-true/stalk_dim-5/5-layers/16-hidden/500-epochs/GeneralSheaf_amazon_ratings_fold2_seed43.pt
Saved saliency to /home/fguadagn/FMG_Master_Thesis/neural-sheaf-diffusion-modified/results/node_saliency/amazon_ratings/GeneralSheaf/normalised-true/stalk_dim-5/5-layers/16-hidden/500-epochs/GeneralSheaf_amazon_ratings_fold2_seed43.pt
Saved node norms to /home/fguadagn/FMG_Master_Thesis/neural-sheaf-diffusion-modified/results/node_norms/amazon_ratings/GeneralSheaf/normalised-true/stalk_dim-5/5-layers/16-hidden/500-epochs/checkpoints/epoch-0/GeneralSheaf_amazon_ratings_fold3_seed43.pt
Saved confidence to /home/fguadagn/FMG_Master_Thesis/neural-sheaf-diffusion-modified/results/node_conf/amazon_ratings/GeneralSheaf/normalised-true/stalk_dim-5/5-layers/16-hidden/500-epochs/checkpoints/epoch-0/GeneralSheaf_amazon_ratings_fold3_seed43.pt
Saved per-node accuracy to /home/fguadagn/FMG_Master_Thesis/neural-sheaf-diffusion-modified/results/node_accuracy/amazon_ratings/GeneralSheaf/normalised-true/stalk_dim-5/5-layers/16-hidden/500-epochs/checkpoints/epoch-0/GeneralSheaf_amazon_ratings_fold3_seed43.pt
Saved saliency to /home/fguadagn/FMG_Master_Thesis/neural-sheaf-diffusion-modified/results/node_saliency/amazon_ratings/GeneralSheaf/normalised-true/stalk_dim-5/5-layers/16-hidden/500-epochs/checkpoints/epoch-0/GeneralSheaf_amazon_ratings_fold3_seed43.pt
Saved node norms to /home/fguadagn/FMG_Master_Thesis/neural-sheaf-diffusion-modified/results/node_norms/amazon_ratings/GeneralSheaf/normalised-true/stalk_dim-5/5-layers/16-hidden/500-epochs/checkpoints/epoch-1/GeneralSheaf_amazon_ratings_fold3_seed43.pt
Saved confidence to /home/fguadagn/FMG_Master_Thesis/neural-sheaf-diffusion-modified/results/node_conf/amazon_ratings/GeneralSheaf/normalised-true/stalk_dim-5/5-layers/16-hidden/500-epochs/checkpoints/epoch-1/GeneralSheaf_amazon_ratings_fold3_seed43.pt
Saved per-node accuracy to /home/fguadagn/FMG_Master_Thesis/neural-sheaf-diffusion-modified/results/node_accuracy/amazon_ratings/GeneralSheaf/normalised-true/stalk_dim-5/5-layers/16-hidden/500-epochs/checkpoints/epoch-1/GeneralSheaf_amazon_ratings_fold3_seed43.pt
Saved saliency to /home/fguadagn/FMG_Master_Thesis/neural-sheaf-diffusion-modified/results/node_saliency/amazon_ratings/GeneralSheaf/normalised-true/stalk_dim-5/5-layers/16-hidden/500-epochs/checkpoints/epoch-1/GeneralSheaf_amazon_ratings_fold3_seed43.pt
Saved node norms to /home/fguadagn/FMG_Master_Thesis/neural-sheaf-diffusion-modified/results/node_norms/amazon_ratings/GeneralSheaf/normalised-true/stalk_dim-5/5-layers/16-hidden/500-epochs/checkpoints/epoch-5/GeneralSheaf_amazon_ratings_fold3_seed43.pt
Saved confidence to /home/fguadagn/FMG_Master_Thesis/neural-sheaf-diffusion-modified/results/node_conf/amazon_ratings/GeneralSheaf/normalised-true/stalk_dim-5/5-layers/16-hidden/500-epochs/checkpoints/epoch-5/GeneralSheaf_amazon_ratings_fold3_seed43.pt
Saved per-node accuracy to /home/fguadagn/FMG_Master_Thesis/neural-sheaf-diffusion-modified/results/node_accuracy/amazon_ratings/GeneralSheaf/normalised-true/stalk_dim-5/5-layers/16-hidden/500-epochs/checkpoints/epoch-5/GeneralSheaf_amazon_ratings_fold3_seed43.pt
Saved saliency to /home/fguadagn/FMG_Master_Thesis/neural-sheaf-diffusion-modified/results/node_saliency/amazon_ratings/GeneralSheaf/normalised-true/stalk_dim-5/5-layers/16-hidden/500-epochs/checkpoints/epoch-5/GeneralSheaf_amazon_ratings_fold3_seed43.pt
Saved node norms to /home/fguadagn/FMG_Master_Thesis/neural-sheaf-diffusion-modified/results/node_norms/amazon_ratings/GeneralSheaf/normalised-true/stalk_dim-5/5-layers/16-hidden/500-epochs/checkpoints/epoch-15/GeneralSheaf_amazon_ratings_fold3_seed43.pt
Saved confidence to /home/fguadagn/FMG_Master_Thesis/neural-sheaf-diffusion-modified/results/node_conf/amazon_ratings/GeneralSheaf/normalised-true/stalk_dim-5/5-layers/16-hidden/500-epochs/checkpoints/epoch-15/GeneralSheaf_amazon_ratings_fold3_seed43.pt
Saved per-node accuracy to /home/fguadagn/FMG_Master_Thesis/neural-sheaf-diffusion-modified/results/node_accuracy/amazon_ratings/GeneralSheaf/normalised-true/stalk_dim-5/5-layers/16-hidden/500-epochs/checkpoints/epoch-15/GeneralSheaf_amazon_ratings_fold3_seed43.pt
Saved saliency to /home/fguadagn/FMG_Master_Thesis/neural-sheaf-diffusion-modified/results/node_saliency/amazon_ratings/GeneralSheaf/normalised-true/stalk_dim-5/5-layers/16-hidden/500-epochs/checkpoints/epoch-15/GeneralSheaf_amazon_ratings_fold3_seed43.pt
Saved node norms to /home/fguadagn/FMG_Master_Thesis/neural-sheaf-diffusion-modified/results/node_norms/amazon_ratings/GeneralSheaf/normalised-true/stalk_dim-5/5-layers/16-hidden/500-epochs/checkpoints/epoch-50/GeneralSheaf_amazon_ratings_fold3_seed43.pt
Saved confidence to /home/fguadagn/FMG_Master_Thesis/neural-sheaf-diffusion-modified/results/node_conf/amazon_ratings/GeneralSheaf/normalised-true/stalk_dim-5/5-layers/16-hidden/500-epochs/checkpoints/epoch-50/GeneralSheaf_amazon_ratings_fold3_seed43.pt
Saved per-node accuracy to /home/fguadagn/FMG_Master_Thesis/neural-sheaf-diffusion-modified/results/node_accuracy/amazon_ratings/GeneralSheaf/normalised-true/stalk_dim-5/5-layers/16-hidden/500-epochs/checkpoints/epoch-50/GeneralSheaf_amazon_ratings_fold3_seed43.pt
Saved saliency to /home/fguadagn/FMG_Master_Thesis/neural-sheaf-diffusion-modified/results/node_saliency/amazon_ratings/GeneralSheaf/normalised-true/stalk_dim-5/5-layers/16-hidden/500-epochs/checkpoints/epoch-50/GeneralSheaf_amazon_ratings_fold3_seed43.pt
Saved node norms to /home/fguadagn/FMG_Master_Thesis/neural-sheaf-diffusion-modified/results/node_norms/amazon_ratings/GeneralSheaf/normalised-true/stalk_dim-5/5-layers/16-hidden/500-epochs/checkpoints/epoch-200/GeneralSheaf_amazon_ratings_fold3_seed43.pt
Saved confidence to /home/fguadagn/FMG_Master_Thesis/neural-sheaf-diffusion-modified/results/node_conf/amazon_ratings/GeneralSheaf/normalised-true/stalk_dim-5/5-layers/16-hidden/500-epochs/checkpoints/epoch-200/GeneralSheaf_amazon_ratings_fold3_seed43.pt
Saved per-node accuracy to /home/fguadagn/FMG_Master_Thesis/neural-sheaf-diffusion-modified/results/node_accuracy/amazon_ratings/GeneralSheaf/normalised-true/stalk_dim-5/5-layers/16-hidden/500-epochs/checkpoints/epoch-200/GeneralSheaf_amazon_ratings_fold3_seed43.pt
Saved saliency to /home/fguadagn/FMG_Master_Thesis/neural-sheaf-diffusion-modified/results/node_saliency/amazon_ratings/GeneralSheaf/normalised-true/stalk_dim-5/5-layers/16-hidden/500-epochs/checkpoints/epoch-200/GeneralSheaf_amazon_ratings_fold3_seed43.pt
Fold 3 | Epochs: 442 | Best epoch: 242
Test acc (best epoch): 0.4609
Test acc (last epoch): 0.4645
Best val acc: 0.4581
Laplacian 0: Max: 1.3312, Min: -1.5491, Avg: -0.0172, Abs avg: 0.0389
Laplacian 1: Max: 1.1767, Min: -2.2897, Avg: -0.0699, Abs avg: 0.0981
Laplacian 2: Max: 2.4321, Min: -1.5125, Avg: 0.0074, Abs avg: 0.0502
Laplacian 3: Max: 3.1601, Min: -3.1991, Avg: 0.0377, Abs avg: 0.1442
Laplacian 4: Max: 4.5464, Min: -4.9768, Avg: -0.1320, Abs avg: 0.4218
Epsilons 0: [ 0.217 -0.055  0.359  0.236  0.094]
Epsilons 1: [0.188 0.58  0.084 0.127 0.496]
Epsilons 2: [0.294 0.528 0.148 0.239 0.532]
Epsilons 3: [0.455 0.64  0.149 0.583 0.461]
Epsilons 4: [0.456 0.652 0.043 0.544 0.407]
Saved node norms to /home/fguadagn/FMG_Master_Thesis/neural-sheaf-diffusion-modified/results/node_norms/amazon_ratings/GeneralSheaf/normalised-true/stalk_dim-5/5-layers/16-hidden/500-epochs/checkpoints/best-epoch/GeneralSheaf_amazon_ratings_fold3_seed43.pt
Saved best-epoch node norms (epoch 242) to checkpoints/best-epoch/
Saved confidence to /home/fguadagn/FMG_Master_Thesis/neural-sheaf-diffusion-modified/results/node_conf/amazon_ratings/GeneralSheaf/normalised-true/stalk_dim-5/5-layers/16-hidden/500-epochs/checkpoints/best-epoch/GeneralSheaf_amazon_ratings_fold3_seed43.pt
Saved per-node accuracy to /home/fguadagn/FMG_Master_Thesis/neural-sheaf-diffusion-modified/results/node_accuracy/amazon_ratings/GeneralSheaf/normalised-true/stalk_dim-5/5-layers/16-hidden/500-epochs/checkpoints/best-epoch/GeneralSheaf_amazon_ratings_fold3_seed43.pt
Saved saliency to /home/fguadagn/FMG_Master_Thesis/neural-sheaf-diffusion-modified/results/node_saliency/amazon_ratings/GeneralSheaf/normalised-true/stalk_dim-5/5-layers/16-hidden/500-epochs/checkpoints/best-epoch/GeneralSheaf_amazon_ratings_fold3_seed43.pt
Saved model weights to /home/fguadagn/FMG_Master_Thesis/neural-sheaf-diffusion-modified/results/model_weights/amazon_ratings/GeneralSheaf/normalised-true/stalk_dim-5/5-layers/16-hidden/500-epochs/checkpoints/best-epoch/GeneralSheaf_amazon_ratings_fold3_seed43.pth
Saved fold masks to /home/fguadagn/FMG_Master_Thesis/neural-sheaf-diffusion-modified/results/model_weights/amazon_ratings/GeneralSheaf/normalised-true/stalk_dim-5/5-layers/16-hidden/500-epochs/checkpoints/best-epoch/GeneralSheaf_amazon_ratings_fold3_seed43_masks.pt
Saved best-epoch model weights and masks (epoch 242) to checkpoints/best-epoch/
Updated best_epochs.json: fold_3 -> epoch 242
Saved node norms to /home/fguadagn/FMG_Master_Thesis/neural-sheaf-diffusion-modified/results/node_norms/amazon_ratings/GeneralSheaf/normalised-true/stalk_dim-5/5-layers/16-hidden/500-epochs/GeneralSheaf_amazon_ratings_fold3_seed43.pt
Saved node predictions to /home/fguadagn/FMG_Master_Thesis/neural-sheaf-diffusion-modified/results/node_preds/amazon_ratings/GeneralSheaf/normalised-true/stalk_dim-5/5-layers/16-hidden/500-epochs/GeneralSheaf_amazon_ratings_fold3_seed43.pt
Saved confidence to /home/fguadagn/FMG_Master_Thesis/neural-sheaf-diffusion-modified/results/node_conf/amazon_ratings/GeneralSheaf/normalised-true/stalk_dim-5/5-layers/16-hidden/500-epochs/GeneralSheaf_amazon_ratings_fold3_seed43.pt
Saved per-node accuracy to /home/fguadagn/FMG_Master_Thesis/neural-sheaf-diffusion-modified/results/node_accuracy/amazon_ratings/GeneralSheaf/normalised-true/stalk_dim-5/5-layers/16-hidden/500-epochs/GeneralSheaf_amazon_ratings_fold3_seed43.pt
Saved saliency to /home/fguadagn/FMG_Master_Thesis/neural-sheaf-diffusion-modified/results/node_saliency/amazon_ratings/GeneralSheaf/normalised-true/stalk_dim-5/5-layers/16-hidden/500-epochs/GeneralSheaf_amazon_ratings_fold3_seed43.pt
Saved node norms to /home/fguadagn/FMG_Master_Thesis/neural-sheaf-diffusion-modified/results/node_norms/amazon_ratings/GeneralSheaf/normalised-true/stalk_dim-5/5-layers/16-hidden/500-epochs/checkpoints/epoch-0/GeneralSheaf_amazon_ratings_fold4_seed43.pt
Saved confidence to /home/fguadagn/FMG_Master_Thesis/neural-sheaf-diffusion-modified/results/node_conf/amazon_ratings/GeneralSheaf/normalised-true/stalk_dim-5/5-layers/16-hidden/500-epochs/checkpoints/epoch-0/GeneralSheaf_amazon_ratings_fold4_seed43.pt
Saved per-node accuracy to /home/fguadagn/FMG_Master_Thesis/neural-sheaf-diffusion-modified/results/node_accuracy/amazon_ratings/GeneralSheaf/normalised-true/stalk_dim-5/5-layers/16-hidden/500-epochs/checkpoints/epoch-0/GeneralSheaf_amazon_ratings_fold4_seed43.pt
Saved saliency to /home/fguadagn/FMG_Master_Thesis/neural-sheaf-diffusion-modified/results/node_saliency/amazon_ratings/GeneralSheaf/normalised-true/stalk_dim-5/5-layers/16-hidden/500-epochs/checkpoints/epoch-0/GeneralSheaf_amazon_ratings_fold4_seed43.pt
Saved node norms to /home/fguadagn/FMG_Master_Thesis/neural-sheaf-diffusion-modified/results/node_norms/amazon_ratings/GeneralSheaf/normalised-true/stalk_dim-5/5-layers/16-hidden/500-epochs/checkpoints/epoch-1/GeneralSheaf_amazon_ratings_fold4_seed43.pt
Saved confidence to /home/fguadagn/FMG_Master_Thesis/neural-sheaf-diffusion-modified/results/node_conf/amazon_ratings/GeneralSheaf/normalised-true/stalk_dim-5/5-layers/16-hidden/500-epochs/checkpoints/epoch-1/GeneralSheaf_amazon_ratings_fold4_seed43.pt
Saved per-node accuracy to /home/fguadagn/FMG_Master_Thesis/neural-sheaf-diffusion-modified/results/node_accuracy/amazon_ratings/GeneralSheaf/normalised-true/stalk_dim-5/5-layers/16-hidden/500-epochs/checkpoints/epoch-1/GeneralSheaf_amazon_ratings_fold4_seed43.pt
Saved saliency to /home/fguadagn/FMG_Master_Thesis/neural-sheaf-diffusion-modified/results/node_saliency/amazon_ratings/GeneralSheaf/normalised-true/stalk_dim-5/5-layers/16-hidden/500-epochs/checkpoints/epoch-1/GeneralSheaf_amazon_ratings_fold4_seed43.pt
Saved node norms to /home/fguadagn/FMG_Master_Thesis/neural-sheaf-diffusion-modified/results/node_norms/amazon_ratings/GeneralSheaf/normalised-true/stalk_dim-5/5-layers/16-hidden/500-epochs/checkpoints/epoch-5/GeneralSheaf_amazon_ratings_fold4_seed43.pt
Saved confidence to /home/fguadagn/FMG_Master_Thesis/neural-sheaf-diffusion-modified/results/node_conf/amazon_ratings/GeneralSheaf/normalised-true/stalk_dim-5/5-layers/16-hidden/500-epochs/checkpoints/epoch-5/GeneralSheaf_amazon_ratings_fold4_seed43.pt
Saved per-node accuracy to /home/fguadagn/FMG_Master_Thesis/neural-sheaf-diffusion-modified/results/node_accuracy/amazon_ratings/GeneralSheaf/normalised-true/stalk_dim-5/5-layers/16-hidden/500-epochs/checkpoints/epoch-5/GeneralSheaf_amazon_ratings_fold4_seed43.pt
Saved saliency to /home/fguadagn/FMG_Master_Thesis/neural-sheaf-diffusion-modified/results/node_saliency/amazon_ratings/GeneralSheaf/normalised-true/stalk_dim-5/5-layers/16-hidden/500-epochs/checkpoints/epoch-5/GeneralSheaf_amazon_ratings_fold4_seed43.pt
Saved node norms to /home/fguadagn/FMG_Master_Thesis/neural-sheaf-diffusion-modified/results/node_norms/amazon_ratings/GeneralSheaf/normalised-true/stalk_dim-5/5-layers/16-hidden/500-epochs/checkpoints/epoch-15/GeneralSheaf_amazon_ratings_fold4_seed43.pt
Saved confidence to /home/fguadagn/FMG_Master_Thesis/neural-sheaf-diffusion-modified/results/node_conf/amazon_ratings/GeneralSheaf/normalised-true/stalk_dim-5/5-layers/16-hidden/500-epochs/checkpoints/epoch-15/GeneralSheaf_amazon_ratings_fold4_seed43.pt
Saved per-node accuracy to /home/fguadagn/FMG_Master_Thesis/neural-sheaf-diffusion-modified/results/node_accuracy/amazon_ratings/GeneralSheaf/normalised-true/stalk_dim-5/5-layers/16-hidden/500-epochs/checkpoints/epoch-15/GeneralSheaf_amazon_ratings_fold4_seed43.pt
Saved saliency to /home/fguadagn/FMG_Master_Thesis/neural-sheaf-diffusion-modified/results/node_saliency/amazon_ratings/GeneralSheaf/normalised-true/stalk_dim-5/5-layers/16-hidden/500-epochs/checkpoints/epoch-15/GeneralSheaf_amazon_ratings_fold4_seed43.pt
Saved node norms to /home/fguadagn/FMG_Master_Thesis/neural-sheaf-diffusion-modified/results/node_norms/amazon_ratings/GeneralSheaf/normalised-true/stalk_dim-5/5-layers/16-hidden/500-epochs/checkpoints/epoch-50/GeneralSheaf_amazon_ratings_fold4_seed43.pt
Saved confidence to /home/fguadagn/FMG_Master_Thesis/neural-sheaf-diffusion-modified/results/node_conf/amazon_ratings/GeneralSheaf/normalised-true/stalk_dim-5/5-layers/16-hidden/500-epochs/checkpoints/epoch-50/GeneralSheaf_amazon_ratings_fold4_seed43.pt
Saved per-node accuracy to /home/fguadagn/FMG_Master_Thesis/neural-sheaf-diffusion-modified/results/node_accuracy/amazon_ratings/GeneralSheaf/normalised-true/stalk_dim-5/5-layers/16-hidden/500-epochs/checkpoints/epoch-50/GeneralSheaf_amazon_ratings_fold4_seed43.pt
Saved saliency to /home/fguadagn/FMG_Master_Thesis/neural-sheaf-diffusion-modified/results/node_saliency/amazon_ratings/GeneralSheaf/normalised-true/stalk_dim-5/5-layers/16-hidden/500-epochs/checkpoints/epoch-50/GeneralSheaf_amazon_ratings_fold4_seed43.pt
Saved node norms to /home/fguadagn/FMG_Master_Thesis/neural-sheaf-diffusion-modified/results/node_norms/amazon_ratings/GeneralSheaf/normalised-true/stalk_dim-5/5-layers/16-hidden/500-epochs/checkpoints/epoch-200/GeneralSheaf_amazon_ratings_fold4_seed43.pt
Saved confidence to /home/fguadagn/FMG_Master_Thesis/neural-sheaf-diffusion-modified/results/node_conf/amazon_ratings/GeneralSheaf/normalised-true/stalk_dim-5/5-layers/16-hidden/500-epochs/checkpoints/epoch-200/GeneralSheaf_amazon_ratings_fold4_seed43.pt
Saved per-node accuracy to /home/fguadagn/FMG_Master_Thesis/neural-sheaf-diffusion-modified/results/node_accuracy/amazon_ratings/GeneralSheaf/normalised-true/stalk_dim-5/5-layers/16-hidden/500-epochs/checkpoints/epoch-200/GeneralSheaf_amazon_ratings_fold4_seed43.pt
Saved saliency to /home/fguadagn/FMG_Master_Thesis/neural-sheaf-diffusion-modified/results/node_saliency/amazon_ratings/GeneralSheaf/normalised-true/stalk_dim-5/5-layers/16-hidden/500-epochs/checkpoints/epoch-200/GeneralSheaf_amazon_ratings_fold4_seed43.pt
Fold 4 | Epochs: 412 | Best epoch: 212
Test acc (best epoch): 0.4677
Test acc (last epoch): 0.4710
Best val acc: 0.4686
Laplacian 0: Max: 1.9156, Min: -2.0355, Avg: -0.0430, Abs avg: 0.0636
Laplacian 1: Max: 1.3147, Min: -1.4466, Avg: -0.0155, Abs avg: 0.0458
Laplacian 2: Max: 2.3920, Min: -1.9248, Avg: -0.0154, Abs avg: 0.0891
Laplacian 3: Max: 3.5933, Min: -3.5147, Avg: 0.0345, Abs avg: 0.1638
Laplacian 4: Max: 4.9148, Min: -4.9872, Avg: -0.0976, Abs avg: 0.4962
Epsilons 0: [ 0.264  0.483  0.492  0.243 -0.292]
Epsilons 1: [0.35  0.317 0.347 0.095 0.591]
Epsilons 2: [0.477 0.081 0.193 0.187 0.561]
Epsilons 3: [0.357 0.129 0.248 0.31  0.763]
Epsilons 4: [0.131 0.108 0.302 0.411 0.758]
Saved node norms to /home/fguadagn/FMG_Master_Thesis/neural-sheaf-diffusion-modified/results/node_norms/amazon_ratings/GeneralSheaf/normalised-true/stalk_dim-5/5-layers/16-hidden/500-epochs/checkpoints/best-epoch/GeneralSheaf_amazon_ratings_fold4_seed43.pt
Saved best-epoch node norms (epoch 212) to checkpoints/best-epoch/
Saved confidence to /home/fguadagn/FMG_Master_Thesis/neural-sheaf-diffusion-modified/results/node_conf/amazon_ratings/GeneralSheaf/normalised-true/stalk_dim-5/5-layers/16-hidden/500-epochs/checkpoints/best-epoch/GeneralSheaf_amazon_ratings_fold4_seed43.pt
Saved per-node accuracy to /home/fguadagn/FMG_Master_Thesis/neural-sheaf-diffusion-modified/results/node_accuracy/amazon_ratings/GeneralSheaf/normalised-true/stalk_dim-5/5-layers/16-hidden/500-epochs/checkpoints/best-epoch/GeneralSheaf_amazon_ratings_fold4_seed43.pt
Saved saliency to /home/fguadagn/FMG_Master_Thesis/neural-sheaf-diffusion-modified/results/node_saliency/amazon_ratings/GeneralSheaf/normalised-true/stalk_dim-5/5-layers/16-hidden/500-epochs/checkpoints/best-epoch/GeneralSheaf_amazon_ratings_fold4_seed43.pt
Saved model weights to /home/fguadagn/FMG_Master_Thesis/neural-sheaf-diffusion-modified/results/model_weights/amazon_ratings/GeneralSheaf/normalised-true/stalk_dim-5/5-layers/16-hidden/500-epochs/checkpoints/best-epoch/GeneralSheaf_amazon_ratings_fold4_seed43.pth
Saved fold masks to /home/fguadagn/FMG_Master_Thesis/neural-sheaf-diffusion-modified/results/model_weights/amazon_ratings/GeneralSheaf/normalised-true/stalk_dim-5/5-layers/16-hidden/500-epochs/checkpoints/best-epoch/GeneralSheaf_amazon_ratings_fold4_seed43_masks.pt
Saved best-epoch model weights and masks (epoch 212) to checkpoints/best-epoch/
Updated best_epochs.json: fold_4 -> epoch 212
Saved node norms to /home/fguadagn/FMG_Master_Thesis/neural-sheaf-diffusion-modified/results/node_norms/amazon_ratings/GeneralSheaf/normalised-true/stalk_dim-5/5-layers/16-hidden/500-epochs/GeneralSheaf_amazon_ratings_fold4_seed43.pt
Saved node predictions to /home/fguadagn/FMG_Master_Thesis/neural-sheaf-diffusion-modified/results/node_preds/amazon_ratings/GeneralSheaf/normalised-true/stalk_dim-5/5-layers/16-hidden/500-epochs/GeneralSheaf_amazon_ratings_fold4_seed43.pt
Saved confidence to /home/fguadagn/FMG_Master_Thesis/neural-sheaf-diffusion-modified/results/node_conf/amazon_ratings/GeneralSheaf/normalised-true/stalk_dim-5/5-layers/16-hidden/500-epochs/GeneralSheaf_amazon_ratings_fold4_seed43.pt
Saved per-node accuracy to /home/fguadagn/FMG_Master_Thesis/neural-sheaf-diffusion-modified/results/node_accuracy/amazon_ratings/GeneralSheaf/normalised-true/stalk_dim-5/5-layers/16-hidden/500-epochs/GeneralSheaf_amazon_ratings_fold4_seed43.pt
Saved saliency to /home/fguadagn/FMG_Master_Thesis/neural-sheaf-diffusion-modified/results/node_saliency/amazon_ratings/GeneralSheaf/normalised-true/stalk_dim-5/5-layers/16-hidden/500-epochs/GeneralSheaf_amazon_ratings_fold4_seed43.pt
Saved node norms to /home/fguadagn/FMG_Master_Thesis/neural-sheaf-diffusion-modified/results/node_norms/amazon_ratings/GeneralSheaf/normalised-true/stalk_dim-5/5-layers/16-hidden/500-epochs/checkpoints/epoch-0/GeneralSheaf_amazon_ratings_fold5_seed43.pt
Saved confidence to /home/fguadagn/FMG_Master_Thesis/neural-sheaf-diffusion-modified/results/node_conf/amazon_ratings/GeneralSheaf/normalised-true/stalk_dim-5/5-layers/16-hidden/500-epochs/checkpoints/epoch-0/GeneralSheaf_amazon_ratings_fold5_seed43.pt
Saved per-node accuracy to /home/fguadagn/FMG_Master_Thesis/neural-sheaf-diffusion-modified/results/node_accuracy/amazon_ratings/GeneralSheaf/normalised-true/stalk_dim-5/5-layers/16-hidden/500-epochs/checkpoints/epoch-0/GeneralSheaf_amazon_ratings_fold5_seed43.pt
Saved saliency to /home/fguadagn/FMG_Master_Thesis/neural-sheaf-diffusion-modified/results/node_saliency/amazon_ratings/GeneralSheaf/normalised-true/stalk_dim-5/5-layers/16-hidden/500-epochs/checkpoints/epoch-0/GeneralSheaf_amazon_ratings_fold5_seed43.pt
Saved node norms to /home/fguadagn/FMG_Master_Thesis/neural-sheaf-diffusion-modified/results/node_norms/amazon_ratings/GeneralSheaf/normalised-true/stalk_dim-5/5-layers/16-hidden/500-epochs/checkpoints/epoch-1/GeneralSheaf_amazon_ratings_fold5_seed43.pt
Saved confidence to /home/fguadagn/FMG_Master_Thesis/neural-sheaf-diffusion-modified/results/node_conf/amazon_ratings/GeneralSheaf/normalised-true/stalk_dim-5/5-layers/16-hidden/500-epochs/checkpoints/epoch-1/GeneralSheaf_amazon_ratings_fold5_seed43.pt
Saved per-node accuracy to /home/fguadagn/FMG_Master_Thesis/neural-sheaf-diffusion-modified/results/node_accuracy/amazon_ratings/GeneralSheaf/normalised-true/stalk_dim-5/5-layers/16-hidden/500-epochs/checkpoints/epoch-1/GeneralSheaf_amazon_ratings_fold5_seed43.pt
Saved saliency to /home/fguadagn/FMG_Master_Thesis/neural-sheaf-diffusion-modified/results/node_saliency/amazon_ratings/GeneralSheaf/normalised-true/stalk_dim-5/5-layers/16-hidden/500-epochs/checkpoints/epoch-1/GeneralSheaf_amazon_ratings_fold5_seed43.pt
Saved node norms to /home/fguadagn/FMG_Master_Thesis/neural-sheaf-diffusion-modified/results/node_norms/amazon_ratings/GeneralSheaf/normalised-true/stalk_dim-5/5-layers/16-hidden/500-epochs/checkpoints/epoch-5/GeneralSheaf_amazon_ratings_fold5_seed43.pt
Saved confidence to /home/fguadagn/FMG_Master_Thesis/neural-sheaf-diffusion-modified/results/node_conf/amazon_ratings/GeneralSheaf/normalised-true/stalk_dim-5/5-layers/16-hidden/500-epochs/checkpoints/epoch-5/GeneralSheaf_amazon_ratings_fold5_seed43.pt
Saved per-node accuracy to /home/fguadagn/FMG_Master_Thesis/neural-sheaf-diffusion-modified/results/node_accuracy/amazon_ratings/GeneralSheaf/normalised-true/stalk_dim-5/5-layers/16-hidden/500-epochs/checkpoints/epoch-5/GeneralSheaf_amazon_ratings_fold5_seed43.pt
Saved saliency to /home/fguadagn/FMG_Master_Thesis/neural-sheaf-diffusion-modified/results/node_saliency/amazon_ratings/GeneralSheaf/normalised-true/stalk_dim-5/5-layers/16-hidden/500-epochs/checkpoints/epoch-5/GeneralSheaf_amazon_ratings_fold5_seed43.pt
Saved node norms to /home/fguadagn/FMG_Master_Thesis/neural-sheaf-diffusion-modified/results/node_norms/amazon_ratings/GeneralSheaf/normalised-true/stalk_dim-5/5-layers/16-hidden/500-epochs/checkpoints/epoch-15/GeneralSheaf_amazon_ratings_fold5_seed43.pt
Saved confidence to /home/fguadagn/FMG_Master_Thesis/neural-sheaf-diffusion-modified/results/node_conf/amazon_ratings/GeneralSheaf/normalised-true/stalk_dim-5/5-layers/16-hidden/500-epochs/checkpoints/epoch-15/GeneralSheaf_amazon_ratings_fold5_seed43.pt
Saved per-node accuracy to /home/fguadagn/FMG_Master_Thesis/neural-sheaf-diffusion-modified/results/node_accuracy/amazon_ratings/GeneralSheaf/normalised-true/stalk_dim-5/5-layers/16-hidden/500-epochs/checkpoints/epoch-15/GeneralSheaf_amazon_ratings_fold5_seed43.pt
Saved saliency to /home/fguadagn/FMG_Master_Thesis/neural-sheaf-diffusion-modified/results/node_saliency/amazon_ratings/GeneralSheaf/normalised-true/stalk_dim-5/5-layers/16-hidden/500-epochs/checkpoints/epoch-15/GeneralSheaf_amazon_ratings_fold5_seed43.pt
Saved node norms to /home/fguadagn/FMG_Master_Thesis/neural-sheaf-diffusion-modified/results/node_norms/amazon_ratings/GeneralSheaf/normalised-true/stalk_dim-5/5-layers/16-hidden/500-epochs/checkpoints/epoch-50/GeneralSheaf_amazon_ratings_fold5_seed43.pt
Saved confidence to /home/fguadagn/FMG_Master_Thesis/neural-sheaf-diffusion-modified/results/node_conf/amazon_ratings/GeneralSheaf/normalised-true/stalk_dim-5/5-layers/16-hidden/500-epochs/checkpoints/epoch-50/GeneralSheaf_amazon_ratings_fold5_seed43.pt
Saved per-node accuracy to /home/fguadagn/FMG_Master_Thesis/neural-sheaf-diffusion-modified/results/node_accuracy/amazon_ratings/GeneralSheaf/normalised-true/stalk_dim-5/5-layers/16-hidden/500-epochs/checkpoints/epoch-50/GeneralSheaf_amazon_ratings_fold5_seed43.pt
Saved saliency to /home/fguadagn/FMG_Master_Thesis/neural-sheaf-diffusion-modified/results/node_saliency/amazon_ratings/GeneralSheaf/normalised-true/stalk_dim-5/5-layers/16-hidden/500-epochs/checkpoints/epoch-50/GeneralSheaf_amazon_ratings_fold5_seed43.pt
Saved node norms to /home/fguadagn/FMG_Master_Thesis/neural-sheaf-diffusion-modified/results/node_norms/amazon_ratings/GeneralSheaf/normalised-true/stalk_dim-5/5-layers/16-hidden/500-epochs/checkpoints/epoch-200/GeneralSheaf_amazon_ratings_fold5_seed43.pt
Saved confidence to /home/fguadagn/FMG_Master_Thesis/neural-sheaf-diffusion-modified/results/node_conf/amazon_ratings/GeneralSheaf/normalised-true/stalk_dim-5/5-layers/16-hidden/500-epochs/checkpoints/epoch-200/GeneralSheaf_amazon_ratings_fold5_seed43.pt
Saved per-node accuracy to /home/fguadagn/FMG_Master_Thesis/neural-sheaf-diffusion-modified/results/node_accuracy/amazon_ratings/GeneralSheaf/normalised-true/stalk_dim-5/5-layers/16-hidden/500-epochs/checkpoints/epoch-200/GeneralSheaf_amazon_ratings_fold5_seed43.pt
Saved saliency to /home/fguadagn/FMG_Master_Thesis/neural-sheaf-diffusion-modified/results/node_saliency/amazon_ratings/GeneralSheaf/normalised-true/stalk_dim-5/5-layers/16-hidden/500-epochs/checkpoints/epoch-200/GeneralSheaf_amazon_ratings_fold5_seed43.pt
Fold 5 | Epochs: 397 | Best epoch: 197
Test acc (best epoch): 0.4591
Test acc (last epoch): 0.4684
Best val acc: 0.4552
Laplacian 0: Max: 1.1870, Min: -1.2957, Avg: -0.0071, Abs avg: 0.0416
Laplacian 1: Max: 1.3772, Min: -1.6077, Avg: -0.0101, Abs avg: 0.0503
Laplacian 2: Max: 2.3728, Min: -1.9596, Avg: -0.0311, Abs avg: 0.0821
Laplacian 3: Max: 3.5546, Min: -3.5321, Avg: -0.0629, Abs avg: 0.1554
Laplacian 4: Max: 4.9892, Min: -4.9883, Avg: -0.0689, Abs avg: 0.4759
Epsilons 0: [ 0.13   0.362  0.448 -0.01  -0.014]
Epsilons 1: [ 0.532  0.351 -0.045  0.424  0.214]
Epsilons 2: [ 0.509  0.339 -0.093  0.309  0.392]
Epsilons 3: [0.463 0.329 0.124 0.416 0.588]
Epsilons 4: [0.35  0.165 0.222 0.602 0.639]
Saved node norms to /home/fguadagn/FMG_Master_Thesis/neural-sheaf-diffusion-modified/results/node_norms/amazon_ratings/GeneralSheaf/normalised-true/stalk_dim-5/5-layers/16-hidden/500-epochs/checkpoints/best-epoch/GeneralSheaf_amazon_ratings_fold5_seed43.pt
Saved best-epoch node norms (epoch 197) to checkpoints/best-epoch/
Saved confidence to /home/fguadagn/FMG_Master_Thesis/neural-sheaf-diffusion-modified/results/node_conf/amazon_ratings/GeneralSheaf/normalised-true/stalk_dim-5/5-layers/16-hidden/500-epochs/checkpoints/best-epoch/GeneralSheaf_amazon_ratings_fold5_seed43.pt
Saved per-node accuracy to /home/fguadagn/FMG_Master_Thesis/neural-sheaf-diffusion-modified/results/node_accuracy/amazon_ratings/GeneralSheaf/normalised-true/stalk_dim-5/5-layers/16-hidden/500-epochs/checkpoints/best-epoch/GeneralSheaf_amazon_ratings_fold5_seed43.pt
Saved saliency to /home/fguadagn/FMG_Master_Thesis/neural-sheaf-diffusion-modified/results/node_saliency/amazon_ratings/GeneralSheaf/normalised-true/stalk_dim-5/5-layers/16-hidden/500-epochs/checkpoints/best-epoch/GeneralSheaf_amazon_ratings_fold5_seed43.pt
Saved model weights to /home/fguadagn/FMG_Master_Thesis/neural-sheaf-diffusion-modified/results/model_weights/amazon_ratings/GeneralSheaf/normalised-true/stalk_dim-5/5-layers/16-hidden/500-epochs/checkpoints/best-epoch/GeneralSheaf_amazon_ratings_fold5_seed43.pth
Saved fold masks to /home/fguadagn/FMG_Master_Thesis/neural-sheaf-diffusion-modified/results/model_weights/amazon_ratings/GeneralSheaf/normalised-true/stalk_dim-5/5-layers/16-hidden/500-epochs/checkpoints/best-epoch/GeneralSheaf_amazon_ratings_fold5_seed43_masks.pt
Saved best-epoch model weights and masks (epoch 197) to checkpoints/best-epoch/
Updated best_epochs.json: fold_5 -> epoch 197
Saved node norms to /home/fguadagn/FMG_Master_Thesis/neural-sheaf-diffusion-modified/results/node_norms/amazon_ratings/GeneralSheaf/normalised-true/stalk_dim-5/5-layers/16-hidden/500-epochs/GeneralSheaf_amazon_ratings_fold5_seed43.pt
Saved node predictions to /home/fguadagn/FMG_Master_Thesis/neural-sheaf-diffusion-modified/results/node_preds/amazon_ratings/GeneralSheaf/normalised-true/stalk_dim-5/5-layers/16-hidden/500-epochs/GeneralSheaf_amazon_ratings_fold5_seed43.pt
Saved confidence to /home/fguadagn/FMG_Master_Thesis/neural-sheaf-diffusion-modified/results/node_conf/amazon_ratings/GeneralSheaf/normalised-true/stalk_dim-5/5-layers/16-hidden/500-epochs/GeneralSheaf_amazon_ratings_fold5_seed43.pt
Saved per-node accuracy to /home/fguadagn/FMG_Master_Thesis/neural-sheaf-diffusion-modified/results/node_accuracy/amazon_ratings/GeneralSheaf/normalised-true/stalk_dim-5/5-layers/16-hidden/500-epochs/GeneralSheaf_amazon_ratings_fold5_seed43.pt
Saved saliency to /home/fguadagn/FMG_Master_Thesis/neural-sheaf-diffusion-modified/results/node_saliency/amazon_ratings/GeneralSheaf/normalised-true/stalk_dim-5/5-layers/16-hidden/500-epochs/GeneralSheaf_amazon_ratings_fold5_seed43.pt
Saved node norms to /home/fguadagn/FMG_Master_Thesis/neural-sheaf-diffusion-modified/results/node_norms/amazon_ratings/GeneralSheaf/normalised-true/stalk_dim-5/5-layers/16-hidden/500-epochs/checkpoints/epoch-0/GeneralSheaf_amazon_ratings_fold6_seed43.pt
Saved confidence to /home/fguadagn/FMG_Master_Thesis/neural-sheaf-diffusion-modified/results/node_conf/amazon_ratings/GeneralSheaf/normalised-true/stalk_dim-5/5-layers/16-hidden/500-epochs/checkpoints/epoch-0/GeneralSheaf_amazon_ratings_fold6_seed43.pt
Saved per-node accuracy to /home/fguadagn/FMG_Master_Thesis/neural-sheaf-diffusion-modified/results/node_accuracy/amazon_ratings/GeneralSheaf/normalised-true/stalk_dim-5/5-layers/16-hidden/500-epochs/checkpoints/epoch-0/GeneralSheaf_amazon_ratings_fold6_seed43.pt
Saved saliency to /home/fguadagn/FMG_Master_Thesis/neural-sheaf-diffusion-modified/results/node_saliency/amazon_ratings/GeneralSheaf/normalised-true/stalk_dim-5/5-layers/16-hidden/500-epochs/checkpoints/epoch-0/GeneralSheaf_amazon_ratings_fold6_seed43.pt
Saved node norms to /home/fguadagn/FMG_Master_Thesis/neural-sheaf-diffusion-modified/results/node_norms/amazon_ratings/GeneralSheaf/normalised-true/stalk_dim-5/5-layers/16-hidden/500-epochs/checkpoints/epoch-1/GeneralSheaf_amazon_ratings_fold6_seed43.pt
Saved confidence to /home/fguadagn/FMG_Master_Thesis/neural-sheaf-diffusion-modified/results/node_conf/amazon_ratings/GeneralSheaf/normalised-true/stalk_dim-5/5-layers/16-hidden/500-epochs/checkpoints/epoch-1/GeneralSheaf_amazon_ratings_fold6_seed43.pt
Saved per-node accuracy to /home/fguadagn/FMG_Master_Thesis/neural-sheaf-diffusion-modified/results/node_accuracy/amazon_ratings/GeneralSheaf/normalised-true/stalk_dim-5/5-layers/16-hidden/500-epochs/checkpoints/epoch-1/GeneralSheaf_amazon_ratings_fold6_seed43.pt
Saved saliency to /home/fguadagn/FMG_Master_Thesis/neural-sheaf-diffusion-modified/results/node_saliency/amazon_ratings/GeneralSheaf/normalised-true/stalk_dim-5/5-layers/16-hidden/500-epochs/checkpoints/epoch-1/GeneralSheaf_amazon_ratings_fold6_seed43.pt
Saved node norms to /home/fguadagn/FMG_Master_Thesis/neural-sheaf-diffusion-modified/results/node_norms/amazon_ratings/GeneralSheaf/normalised-true/stalk_dim-5/5-layers/16-hidden/500-epochs/checkpoints/epoch-5/GeneralSheaf_amazon_ratings_fold6_seed43.pt
Saved confidence to /home/fguadagn/FMG_Master_Thesis/neural-sheaf-diffusion-modified/results/node_conf/amazon_ratings/GeneralSheaf/normalised-true/stalk_dim-5/5-layers/16-hidden/500-epochs/checkpoints/epoch-5/GeneralSheaf_amazon_ratings_fold6_seed43.pt
Saved per-node accuracy to /home/fguadagn/FMG_Master_Thesis/neural-sheaf-diffusion-modified/results/node_accuracy/amazon_ratings/GeneralSheaf/normalised-true/stalk_dim-5/5-layers/16-hidden/500-epochs/checkpoints/epoch-5/GeneralSheaf_amazon_ratings_fold6_seed43.pt
Saved saliency to /home/fguadagn/FMG_Master_Thesis/neural-sheaf-diffusion-modified/results/node_saliency/amazon_ratings/GeneralSheaf/normalised-true/stalk_dim-5/5-layers/16-hidden/500-epochs/checkpoints/epoch-5/GeneralSheaf_amazon_ratings_fold6_seed43.pt
Saved node norms to /home/fguadagn/FMG_Master_Thesis/neural-sheaf-diffusion-modified/results/node_norms/amazon_ratings/GeneralSheaf/normalised-true/stalk_dim-5/5-layers/16-hidden/500-epochs/checkpoints/epoch-15/GeneralSheaf_amazon_ratings_fold6_seed43.pt
Saved confidence to /home/fguadagn/FMG_Master_Thesis/neural-sheaf-diffusion-modified/results/node_conf/amazon_ratings/GeneralSheaf/normalised-true/stalk_dim-5/5-layers/16-hidden/500-epochs/checkpoints/epoch-15/GeneralSheaf_amazon_ratings_fold6_seed43.pt
Saved per-node accuracy to /home/fguadagn/FMG_Master_Thesis/neural-sheaf-diffusion-modified/results/node_accuracy/amazon_ratings/GeneralSheaf/normalised-true/stalk_dim-5/5-layers/16-hidden/500-epochs/checkpoints/epoch-15/GeneralSheaf_amazon_ratings_fold6_seed43.pt
Saved saliency to /home/fguadagn/FMG_Master_Thesis/neural-sheaf-diffusion-modified/results/node_saliency/amazon_ratings/GeneralSheaf/normalised-true/stalk_dim-5/5-layers/16-hidden/500-epochs/checkpoints/epoch-15/GeneralSheaf_amazon_ratings_fold6_seed43.pt
Saved node norms to /home/fguadagn/FMG_Master_Thesis/neural-sheaf-diffusion-modified/results/node_norms/amazon_ratings/GeneralSheaf/normalised-true/stalk_dim-5/5-layers/16-hidden/500-epochs/checkpoints/epoch-50/GeneralSheaf_amazon_ratings_fold6_seed43.pt
Saved confidence to /home/fguadagn/FMG_Master_Thesis/neural-sheaf-diffusion-modified/results/node_conf/amazon_ratings/GeneralSheaf/normalised-true/stalk_dim-5/5-layers/16-hidden/500-epochs/checkpoints/epoch-50/GeneralSheaf_amazon_ratings_fold6_seed43.pt
Saved per-node accuracy to /home/fguadagn/FMG_Master_Thesis/neural-sheaf-diffusion-modified/results/node_accuracy/amazon_ratings/GeneralSheaf/normalised-true/stalk_dim-5/5-layers/16-hidden/500-epochs/checkpoints/epoch-50/GeneralSheaf_amazon_ratings_fold6_seed43.pt
Saved saliency to /home/fguadagn/FMG_Master_Thesis/neural-sheaf-diffusion-modified/results/node_saliency/amazon_ratings/GeneralSheaf/normalised-true/stalk_dim-5/5-layers/16-hidden/500-epochs/checkpoints/epoch-50/GeneralSheaf_amazon_ratings_fold6_seed43.pt
Saved node norms to /home/fguadagn/FMG_Master_Thesis/neural-sheaf-diffusion-modified/results/node_norms/amazon_ratings/GeneralSheaf/normalised-true/stalk_dim-5/5-layers/16-hidden/500-epochs/checkpoints/epoch-200/GeneralSheaf_amazon_ratings_fold6_seed43.pt
Saved confidence to /home/fguadagn/FMG_Master_Thesis/neural-sheaf-diffusion-modified/results/node_conf/amazon_ratings/GeneralSheaf/normalised-true/stalk_dim-5/5-layers/16-hidden/500-epochs/checkpoints/epoch-200/GeneralSheaf_amazon_ratings_fold6_seed43.pt
Saved per-node accuracy to /home/fguadagn/FMG_Master_Thesis/neural-sheaf-diffusion-modified/results/node_accuracy/amazon_ratings/GeneralSheaf/normalised-true/stalk_dim-5/5-layers/16-hidden/500-epochs/checkpoints/epoch-200/GeneralSheaf_amazon_ratings_fold6_seed43.pt
Saved saliency to /home/fguadagn/FMG_Master_Thesis/neural-sheaf-diffusion-modified/results/node_saliency/amazon_ratings/GeneralSheaf/normalised-true/stalk_dim-5/5-layers/16-hidden/500-epochs/checkpoints/epoch-200/GeneralSheaf_amazon_ratings_fold6_seed43.pt
Fold 6 | Epochs: 411 | Best epoch: 211
Test acc (best epoch): 0.4661
Test acc (last epoch): 0.4769
Best val acc: 0.4684
Laplacian 0: Max: 1.0432, Min: -1.1123, Avg: -0.0088, Abs avg: 0.0362
Laplacian 1: Max: 1.1150, Min: -1.1137, Avg: -0.0196, Abs avg: 0.0390
Laplacian 2: Max: 2.8574, Min: -1.8192, Avg: 0.0124, Abs avg: 0.0801
Laplacian 3: Max: 4.0309, Min: -4.7553, Avg: -0.0403, Abs avg: 0.2536
Laplacian 4: Max: 4.5190, Min: -4.8876, Avg: -0.2153, Abs avg: 0.4714
Epsilons 0: [0.191 0.21  0.196 0.41  0.251]
Epsilons 1: [0.482 0.312 0.512 0.182 0.335]
Epsilons 2: [0.529 0.445 0.452 0.151 0.326]
Epsilons 3: [0.402 0.423 0.466 0.125 0.454]
Epsilons 4: [0.35  0.387 0.589 0.158 0.452]
Saved node norms to /home/fguadagn/FMG_Master_Thesis/neural-sheaf-diffusion-modified/results/node_norms/amazon_ratings/GeneralSheaf/normalised-true/stalk_dim-5/5-layers/16-hidden/500-epochs/checkpoints/best-epoch/GeneralSheaf_amazon_ratings_fold6_seed43.pt
Saved best-epoch node norms (epoch 211) to checkpoints/best-epoch/
Saved confidence to /home/fguadagn/FMG_Master_Thesis/neural-sheaf-diffusion-modified/results/node_conf/amazon_ratings/GeneralSheaf/normalised-true/stalk_dim-5/5-layers/16-hidden/500-epochs/checkpoints/best-epoch/GeneralSheaf_amazon_ratings_fold6_seed43.pt
Saved per-node accuracy to /home/fguadagn/FMG_Master_Thesis/neural-sheaf-diffusion-modified/results/node_accuracy/amazon_ratings/GeneralSheaf/normalised-true/stalk_dim-5/5-layers/16-hidden/500-epochs/checkpoints/best-epoch/GeneralSheaf_amazon_ratings_fold6_seed43.pt
Saved saliency to /home/fguadagn/FMG_Master_Thesis/neural-sheaf-diffusion-modified/results/node_saliency/amazon_ratings/GeneralSheaf/normalised-true/stalk_dim-5/5-layers/16-hidden/500-epochs/checkpoints/best-epoch/GeneralSheaf_amazon_ratings_fold6_seed43.pt
Saved model weights to /home/fguadagn/FMG_Master_Thesis/neural-sheaf-diffusion-modified/results/model_weights/amazon_ratings/GeneralSheaf/normalised-true/stalk_dim-5/5-layers/16-hidden/500-epochs/checkpoints/best-epoch/GeneralSheaf_amazon_ratings_fold6_seed43.pth
Saved fold masks to /home/fguadagn/FMG_Master_Thesis/neural-sheaf-diffusion-modified/results/model_weights/amazon_ratings/GeneralSheaf/normalised-true/stalk_dim-5/5-layers/16-hidden/500-epochs/checkpoints/best-epoch/GeneralSheaf_amazon_ratings_fold6_seed43_masks.pt
Saved best-epoch model weights and masks (epoch 211) to checkpoints/best-epoch/
Updated best_epochs.json: fold_6 -> epoch 211
Saved node norms to /home/fguadagn/FMG_Master_Thesis/neural-sheaf-diffusion-modified/results/node_norms/amazon_ratings/GeneralSheaf/normalised-true/stalk_dim-5/5-layers/16-hidden/500-epochs/GeneralSheaf_amazon_ratings_fold6_seed43.pt
Saved node predictions to /home/fguadagn/FMG_Master_Thesis/neural-sheaf-diffusion-modified/results/node_preds/amazon_ratings/GeneralSheaf/normalised-true/stalk_dim-5/5-layers/16-hidden/500-epochs/GeneralSheaf_amazon_ratings_fold6_seed43.pt
Saved confidence to /home/fguadagn/FMG_Master_Thesis/neural-sheaf-diffusion-modified/results/node_conf/amazon_ratings/GeneralSheaf/normalised-true/stalk_dim-5/5-layers/16-hidden/500-epochs/GeneralSheaf_amazon_ratings_fold6_seed43.pt
Saved per-node accuracy to /home/fguadagn/FMG_Master_Thesis/neural-sheaf-diffusion-modified/results/node_accuracy/amazon_ratings/GeneralSheaf/normalised-true/stalk_dim-5/5-layers/16-hidden/500-epochs/GeneralSheaf_amazon_ratings_fold6_seed43.pt
Saved saliency to /home/fguadagn/FMG_Master_Thesis/neural-sheaf-diffusion-modified/results/node_saliency/amazon_ratings/GeneralSheaf/normalised-true/stalk_dim-5/5-layers/16-hidden/500-epochs/GeneralSheaf_amazon_ratings_fold6_seed43.pt
Saved node norms to /home/fguadagn/FMG_Master_Thesis/neural-sheaf-diffusion-modified/results/node_norms/amazon_ratings/GeneralSheaf/normalised-true/stalk_dim-5/5-layers/16-hidden/500-epochs/checkpoints/epoch-0/GeneralSheaf_amazon_ratings_fold7_seed43.pt
Saved confidence to /home/fguadagn/FMG_Master_Thesis/neural-sheaf-diffusion-modified/results/node_conf/amazon_ratings/GeneralSheaf/normalised-true/stalk_dim-5/5-layers/16-hidden/500-epochs/checkpoints/epoch-0/GeneralSheaf_amazon_ratings_fold7_seed43.pt
Saved per-node accuracy to /home/fguadagn/FMG_Master_Thesis/neural-sheaf-diffusion-modified/results/node_accuracy/amazon_ratings/GeneralSheaf/normalised-true/stalk_dim-5/5-layers/16-hidden/500-epochs/checkpoints/epoch-0/GeneralSheaf_amazon_ratings_fold7_seed43.pt
Saved saliency to /home/fguadagn/FMG_Master_Thesis/neural-sheaf-diffusion-modified/results/node_saliency/amazon_ratings/GeneralSheaf/normalised-true/stalk_dim-5/5-layers/16-hidden/500-epochs/checkpoints/epoch-0/GeneralSheaf_amazon_ratings_fold7_seed43.pt
Saved node norms to /home/fguadagn/FMG_Master_Thesis/neural-sheaf-diffusion-modified/results/node_norms/amazon_ratings/GeneralSheaf/normalised-true/stalk_dim-5/5-layers/16-hidden/500-epochs/checkpoints/epoch-1/GeneralSheaf_amazon_ratings_fold7_seed43.pt
Saved confidence to /home/fguadagn/FMG_Master_Thesis/neural-sheaf-diffusion-modified/results/node_conf/amazon_ratings/GeneralSheaf/normalised-true/stalk_dim-5/5-layers/16-hidden/500-epochs/checkpoints/epoch-1/GeneralSheaf_amazon_ratings_fold7_seed43.pt
Saved per-node accuracy to /home/fguadagn/FMG_Master_Thesis/neural-sheaf-diffusion-modified/results/node_accuracy/amazon_ratings/GeneralSheaf/normalised-true/stalk_dim-5/5-layers/16-hidden/500-epochs/checkpoints/epoch-1/GeneralSheaf_amazon_ratings_fold7_seed43.pt
Saved saliency to /home/fguadagn/FMG_Master_Thesis/neural-sheaf-diffusion-modified/results/node_saliency/amazon_ratings/GeneralSheaf/normalised-true/stalk_dim-5/5-layers/16-hidden/500-epochs/checkpoints/epoch-1/GeneralSheaf_amazon_ratings_fold7_seed43.pt
Saved node norms to /home/fguadagn/FMG_Master_Thesis/neural-sheaf-diffusion-modified/results/node_norms/amazon_ratings/GeneralSheaf/normalised-true/stalk_dim-5/5-layers/16-hidden/500-epochs/checkpoints/epoch-5/GeneralSheaf_amazon_ratings_fold7_seed43.pt
Saved confidence to /home/fguadagn/FMG_Master_Thesis/neural-sheaf-diffusion-modified/results/node_conf/amazon_ratings/GeneralSheaf/normalised-true/stalk_dim-5/5-layers/16-hidden/500-epochs/checkpoints/epoch-5/GeneralSheaf_amazon_ratings_fold7_seed43.pt
Saved per-node accuracy to /home/fguadagn/FMG_Master_Thesis/neural-sheaf-diffusion-modified/results/node_accuracy/amazon_ratings/GeneralSheaf/normalised-true/stalk_dim-5/5-layers/16-hidden/500-epochs/checkpoints/epoch-5/GeneralSheaf_amazon_ratings_fold7_seed43.pt
Saved saliency to /home/fguadagn/FMG_Master_Thesis/neural-sheaf-diffusion-modified/results/node_saliency/amazon_ratings/GeneralSheaf/normalised-true/stalk_dim-5/5-layers/16-hidden/500-epochs/checkpoints/epoch-5/GeneralSheaf_amazon_ratings_fold7_seed43.pt
Saved node norms to /home/fguadagn/FMG_Master_Thesis/neural-sheaf-diffusion-modified/results/node_norms/amazon_ratings/GeneralSheaf/normalised-true/stalk_dim-5/5-layers/16-hidden/500-epochs/checkpoints/epoch-15/GeneralSheaf_amazon_ratings_fold7_seed43.pt
Saved confidence to /home/fguadagn/FMG_Master_Thesis/neural-sheaf-diffusion-modified/results/node_conf/amazon_ratings/GeneralSheaf/normalised-true/stalk_dim-5/5-layers/16-hidden/500-epochs/checkpoints/epoch-15/GeneralSheaf_amazon_ratings_fold7_seed43.pt
Saved per-node accuracy to /home/fguadagn/FMG_Master_Thesis/neural-sheaf-diffusion-modified/results/node_accuracy/amazon_ratings/GeneralSheaf/normalised-true/stalk_dim-5/5-layers/16-hidden/500-epochs/checkpoints/epoch-15/GeneralSheaf_amazon_ratings_fold7_seed43.pt
Saved saliency to /home/fguadagn/FMG_Master_Thesis/neural-sheaf-diffusion-modified/results/node_saliency/amazon_ratings/GeneralSheaf/normalised-true/stalk_dim-5/5-layers/16-hidden/500-epochs/checkpoints/epoch-15/GeneralSheaf_amazon_ratings_fold7_seed43.pt
Saved node norms to /home/fguadagn/FMG_Master_Thesis/neural-sheaf-diffusion-modified/results/node_norms/amazon_ratings/GeneralSheaf/normalised-true/stalk_dim-5/5-layers/16-hidden/500-epochs/checkpoints/epoch-50/GeneralSheaf_amazon_ratings_fold7_seed43.pt
Saved confidence to /home/fguadagn/FMG_Master_Thesis/neural-sheaf-diffusion-modified/results/node_conf/amazon_ratings/GeneralSheaf/normalised-true/stalk_dim-5/5-layers/16-hidden/500-epochs/checkpoints/epoch-50/GeneralSheaf_amazon_ratings_fold7_seed43.pt
Saved per-node accuracy to /home/fguadagn/FMG_Master_Thesis/neural-sheaf-diffusion-modified/results/node_accuracy/amazon_ratings/GeneralSheaf/normalised-true/stalk_dim-5/5-layers/16-hidden/500-epochs/checkpoints/epoch-50/GeneralSheaf_amazon_ratings_fold7_seed43.pt
Saved saliency to /home/fguadagn/FMG_Master_Thesis/neural-sheaf-diffusion-modified/results/node_saliency/amazon_ratings/GeneralSheaf/normalised-true/stalk_dim-5/5-layers/16-hidden/500-epochs/checkpoints/epoch-50/GeneralSheaf_amazon_ratings_fold7_seed43.pt
Saved node norms to /home/fguadagn/FMG_Master_Thesis/neural-sheaf-diffusion-modified/results/node_norms/amazon_ratings/GeneralSheaf/normalised-true/stalk_dim-5/5-layers/16-hidden/500-epochs/checkpoints/epoch-200/GeneralSheaf_amazon_ratings_fold7_seed43.pt
Saved confidence to /home/fguadagn/FMG_Master_Thesis/neural-sheaf-diffusion-modified/results/node_conf/amazon_ratings/GeneralSheaf/normalised-true/stalk_dim-5/5-layers/16-hidden/500-epochs/checkpoints/epoch-200/GeneralSheaf_amazon_ratings_fold7_seed43.pt
Saved per-node accuracy to /home/fguadagn/FMG_Master_Thesis/neural-sheaf-diffusion-modified/results/node_accuracy/amazon_ratings/GeneralSheaf/normalised-true/stalk_dim-5/5-layers/16-hidden/500-epochs/checkpoints/epoch-200/GeneralSheaf_amazon_ratings_fold7_seed43.pt
Saved saliency to /home/fguadagn/FMG_Master_Thesis/neural-sheaf-diffusion-modified/results/node_saliency/amazon_ratings/GeneralSheaf/normalised-true/stalk_dim-5/5-layers/16-hidden/500-epochs/checkpoints/epoch-200/GeneralSheaf_amazon_ratings_fold7_seed43.pt
Fold 7 | Epochs: 372 | Best epoch: 172
Test acc (best epoch): 0.4615
Test acc (last epoch): 0.4628
Best val acc: 0.4676
Laplacian 0: Max: 1.0165, Min: -1.3658, Avg: -0.0117, Abs avg: 0.0380
Laplacian 1: Max: 2.0724, Min: -1.6303, Avg: -0.0277, Abs avg: 0.0604
Laplacian 2: Max: 3.3107, Min: -2.7403, Avg: -0.0113, Abs avg: 0.0815
Laplacian 3: Max: 3.3326, Min: -3.7550, Avg: -0.0428, Abs avg: 0.1775
Laplacian 4: Max: 4.8765, Min: -4.8297, Avg: 0.0623, Abs avg: 0.4050
Epsilons 0: [-0.034  0.254  0.367  0.493  0.137]
Epsilons 1: [0.376 0.227 0.171 0.294 0.206]
Epsilons 2: [0.547 0.175 0.16  0.131 0.402]
Epsilons 3: [0.753 0.208 0.164 0.18  0.286]
Epsilons 4: [0.606 0.238 0.34  0.165 0.476]
Saved node norms to /home/fguadagn/FMG_Master_Thesis/neural-sheaf-diffusion-modified/results/node_norms/amazon_ratings/GeneralSheaf/normalised-true/stalk_dim-5/5-layers/16-hidden/500-epochs/checkpoints/best-epoch/GeneralSheaf_amazon_ratings_fold7_seed43.pt
Saved best-epoch node norms (epoch 172) to checkpoints/best-epoch/
Saved confidence to /home/fguadagn/FMG_Master_Thesis/neural-sheaf-diffusion-modified/results/node_conf/amazon_ratings/GeneralSheaf/normalised-true/stalk_dim-5/5-layers/16-hidden/500-epochs/checkpoints/best-epoch/GeneralSheaf_amazon_ratings_fold7_seed43.pt
Saved per-node accuracy to /home/fguadagn/FMG_Master_Thesis/neural-sheaf-diffusion-modified/results/node_accuracy/amazon_ratings/GeneralSheaf/normalised-true/stalk_dim-5/5-layers/16-hidden/500-epochs/checkpoints/best-epoch/GeneralSheaf_amazon_ratings_fold7_seed43.pt
Saved saliency to /home/fguadagn/FMG_Master_Thesis/neural-sheaf-diffusion-modified/results/node_saliency/amazon_ratings/GeneralSheaf/normalised-true/stalk_dim-5/5-layers/16-hidden/500-epochs/checkpoints/best-epoch/GeneralSheaf_amazon_ratings_fold7_seed43.pt
Saved model weights to /home/fguadagn/FMG_Master_Thesis/neural-sheaf-diffusion-modified/results/model_weights/amazon_ratings/GeneralSheaf/normalised-true/stalk_dim-5/5-layers/16-hidden/500-epochs/checkpoints/best-epoch/GeneralSheaf_amazon_ratings_fold7_seed43.pth
Saved fold masks to /home/fguadagn/FMG_Master_Thesis/neural-sheaf-diffusion-modified/results/model_weights/amazon_ratings/GeneralSheaf/normalised-true/stalk_dim-5/5-layers/16-hidden/500-epochs/checkpoints/best-epoch/GeneralSheaf_amazon_ratings_fold7_seed43_masks.pt
Saved best-epoch model weights and masks (epoch 172) to checkpoints/best-epoch/
Updated best_epochs.json: fold_7 -> epoch 172
Saved node norms to /home/fguadagn/FMG_Master_Thesis/neural-sheaf-diffusion-modified/results/node_norms/amazon_ratings/GeneralSheaf/normalised-true/stalk_dim-5/5-layers/16-hidden/500-epochs/GeneralSheaf_amazon_ratings_fold7_seed43.pt
Saved node predictions to /home/fguadagn/FMG_Master_Thesis/neural-sheaf-diffusion-modified/results/node_preds/amazon_ratings/GeneralSheaf/normalised-true/stalk_dim-5/5-layers/16-hidden/500-epochs/GeneralSheaf_amazon_ratings_fold7_seed43.pt
Saved confidence to /home/fguadagn/FMG_Master_Thesis/neural-sheaf-diffusion-modified/results/node_conf/amazon_ratings/GeneralSheaf/normalised-true/stalk_dim-5/5-layers/16-hidden/500-epochs/GeneralSheaf_amazon_ratings_fold7_seed43.pt
Saved per-node accuracy to /home/fguadagn/FMG_Master_Thesis/neural-sheaf-diffusion-modified/results/node_accuracy/amazon_ratings/GeneralSheaf/normalised-true/stalk_dim-5/5-layers/16-hidden/500-epochs/GeneralSheaf_amazon_ratings_fold7_seed43.pt
Saved saliency to /home/fguadagn/FMG_Master_Thesis/neural-sheaf-diffusion-modified/results/node_saliency/amazon_ratings/GeneralSheaf/normalised-true/stalk_dim-5/5-layers/16-hidden/500-epochs/GeneralSheaf_amazon_ratings_fold7_seed43.pt
Saved node norms to /home/fguadagn/FMG_Master_Thesis/neural-sheaf-diffusion-modified/results/node_norms/amazon_ratings/GeneralSheaf/normalised-true/stalk_dim-5/5-layers/16-hidden/500-epochs/checkpoints/epoch-0/GeneralSheaf_amazon_ratings_fold8_seed43.pt
Saved confidence to /home/fguadagn/FMG_Master_Thesis/neural-sheaf-diffusion-modified/results/node_conf/amazon_ratings/GeneralSheaf/normalised-true/stalk_dim-5/5-layers/16-hidden/500-epochs/checkpoints/epoch-0/GeneralSheaf_amazon_ratings_fold8_seed43.pt
Saved per-node accuracy to /home/fguadagn/FMG_Master_Thesis/neural-sheaf-diffusion-modified/results/node_accuracy/amazon_ratings/GeneralSheaf/normalised-true/stalk_dim-5/5-layers/16-hidden/500-epochs/checkpoints/epoch-0/GeneralSheaf_amazon_ratings_fold8_seed43.pt
Saved saliency to /home/fguadagn/FMG_Master_Thesis/neural-sheaf-diffusion-modified/results/node_saliency/amazon_ratings/GeneralSheaf/normalised-true/stalk_dim-5/5-layers/16-hidden/500-epochs/checkpoints/epoch-0/GeneralSheaf_amazon_ratings_fold8_seed43.pt
Saved node norms to /home/fguadagn/FMG_Master_Thesis/neural-sheaf-diffusion-modified/results/node_norms/amazon_ratings/GeneralSheaf/normalised-true/stalk_dim-5/5-layers/16-hidden/500-epochs/checkpoints/epoch-1/GeneralSheaf_amazon_ratings_fold8_seed43.pt
Saved confidence to /home/fguadagn/FMG_Master_Thesis/neural-sheaf-diffusion-modified/results/node_conf/amazon_ratings/GeneralSheaf/normalised-true/stalk_dim-5/5-layers/16-hidden/500-epochs/checkpoints/epoch-1/GeneralSheaf_amazon_ratings_fold8_seed43.pt
Saved per-node accuracy to /home/fguadagn/FMG_Master_Thesis/neural-sheaf-diffusion-modified/results/node_accuracy/amazon_ratings/GeneralSheaf/normalised-true/stalk_dim-5/5-layers/16-hidden/500-epochs/checkpoints/epoch-1/GeneralSheaf_amazon_ratings_fold8_seed43.pt
Saved saliency to /home/fguadagn/FMG_Master_Thesis/neural-sheaf-diffusion-modified/results/node_saliency/amazon_ratings/GeneralSheaf/normalised-true/stalk_dim-5/5-layers/16-hidden/500-epochs/checkpoints/epoch-1/GeneralSheaf_amazon_ratings_fold8_seed43.pt
Saved node norms to /home/fguadagn/FMG_Master_Thesis/neural-sheaf-diffusion-modified/results/node_norms/amazon_ratings/GeneralSheaf/normalised-true/stalk_dim-5/5-layers/16-hidden/500-epochs/checkpoints/epoch-5/GeneralSheaf_amazon_ratings_fold8_seed43.pt
Saved confidence to /home/fguadagn/FMG_Master_Thesis/neural-sheaf-diffusion-modified/results/node_conf/amazon_ratings/GeneralSheaf/normalised-true/stalk_dim-5/5-layers/16-hidden/500-epochs/checkpoints/epoch-5/GeneralSheaf_amazon_ratings_fold8_seed43.pt
Saved per-node accuracy to /home/fguadagn/FMG_Master_Thesis/neural-sheaf-diffusion-modified/results/node_accuracy/amazon_ratings/GeneralSheaf/normalised-true/stalk_dim-5/5-layers/16-hidden/500-epochs/checkpoints/epoch-5/GeneralSheaf_amazon_ratings_fold8_seed43.pt
Saved saliency to /home/fguadagn/FMG_Master_Thesis/neural-sheaf-diffusion-modified/results/node_saliency/amazon_ratings/GeneralSheaf/normalised-true/stalk_dim-5/5-layers/16-hidden/500-epochs/checkpoints/epoch-5/GeneralSheaf_amazon_ratings_fold8_seed43.pt
Saved node norms to /home/fguadagn/FMG_Master_Thesis/neural-sheaf-diffusion-modified/results/node_norms/amazon_ratings/GeneralSheaf/normalised-true/stalk_dim-5/5-layers/16-hidden/500-epochs/checkpoints/epoch-15/GeneralSheaf_amazon_ratings_fold8_seed43.pt
Saved confidence to /home/fguadagn/FMG_Master_Thesis/neural-sheaf-diffusion-modified/results/node_conf/amazon_ratings/GeneralSheaf/normalised-true/stalk_dim-5/5-layers/16-hidden/500-epochs/checkpoints/epoch-15/GeneralSheaf_amazon_ratings_fold8_seed43.pt
Saved per-node accuracy to /home/fguadagn/FMG_Master_Thesis/neural-sheaf-diffusion-modified/results/node_accuracy/amazon_ratings/GeneralSheaf/normalised-true/stalk_dim-5/5-layers/16-hidden/500-epochs/checkpoints/epoch-15/GeneralSheaf_amazon_ratings_fold8_seed43.pt
Saved saliency to /home/fguadagn/FMG_Master_Thesis/neural-sheaf-diffusion-modified/results/node_saliency/amazon_ratings/GeneralSheaf/normalised-true/stalk_dim-5/5-layers/16-hidden/500-epochs/checkpoints/epoch-15/GeneralSheaf_amazon_ratings_fold8_seed43.pt
Saved node norms to /home/fguadagn/FMG_Master_Thesis/neural-sheaf-diffusion-modified/results/node_norms/amazon_ratings/GeneralSheaf/normalised-true/stalk_dim-5/5-layers/16-hidden/500-epochs/checkpoints/epoch-50/GeneralSheaf_amazon_ratings_fold8_seed43.pt
Saved confidence to /home/fguadagn/FMG_Master_Thesis/neural-sheaf-diffusion-modified/results/node_conf/amazon_ratings/GeneralSheaf/normalised-true/stalk_dim-5/5-layers/16-hidden/500-epochs/checkpoints/epoch-50/GeneralSheaf_amazon_ratings_fold8_seed43.pt
Saved per-node accuracy to /home/fguadagn/FMG_Master_Thesis/neural-sheaf-diffusion-modified/results/node_accuracy/amazon_ratings/GeneralSheaf/normalised-true/stalk_dim-5/5-layers/16-hidden/500-epochs/checkpoints/epoch-50/GeneralSheaf_amazon_ratings_fold8_seed43.pt
Saved saliency to /home/fguadagn/FMG_Master_Thesis/neural-sheaf-diffusion-modified/results/node_saliency/amazon_ratings/GeneralSheaf/normalised-true/stalk_dim-5/5-layers/16-hidden/500-epochs/checkpoints/epoch-50/GeneralSheaf_amazon_ratings_fold8_seed43.pt
Saved node norms to /home/fguadagn/FMG_Master_Thesis/neural-sheaf-diffusion-modified/results/node_norms/amazon_ratings/GeneralSheaf/normalised-true/stalk_dim-5/5-layers/16-hidden/500-epochs/checkpoints/epoch-200/GeneralSheaf_amazon_ratings_fold8_seed43.pt
Saved confidence to /home/fguadagn/FMG_Master_Thesis/neural-sheaf-diffusion-modified/results/node_conf/amazon_ratings/GeneralSheaf/normalised-true/stalk_dim-5/5-layers/16-hidden/500-epochs/checkpoints/epoch-200/GeneralSheaf_amazon_ratings_fold8_seed43.pt
Saved per-node accuracy to /home/fguadagn/FMG_Master_Thesis/neural-sheaf-diffusion-modified/results/node_accuracy/amazon_ratings/GeneralSheaf/normalised-true/stalk_dim-5/5-layers/16-hidden/500-epochs/checkpoints/epoch-200/GeneralSheaf_amazon_ratings_fold8_seed43.pt
Saved saliency to /home/fguadagn/FMG_Master_Thesis/neural-sheaf-diffusion-modified/results/node_saliency/amazon_ratings/GeneralSheaf/normalised-true/stalk_dim-5/5-layers/16-hidden/500-epochs/checkpoints/epoch-200/GeneralSheaf_amazon_ratings_fold8_seed43.pt
Fold 8 | Epochs: 481 | Best epoch: 281
Test acc (best epoch): 0.4715
Test acc (last epoch): 0.4764
Best val acc: 0.4743
Laplacian 0: Max: 1.0493, Min: -1.3722, Avg: -0.0051, Abs avg: 0.0431
Laplacian 1: Max: 1.7275, Min: -1.5245, Avg: -0.0024, Abs avg: 0.0366
Laplacian 2: Max: 1.6507, Min: -1.8543, Avg: -0.0146, Abs avg: 0.0491
Laplacian 3: Max: 2.6919, Min: -3.9364, Avg: -0.0651, Abs avg: 0.1493
Laplacian 4: Max: 4.3082, Min: -4.9939, Avg: -0.1681, Abs avg: 0.4726
Epsilons 0: [-0.201  0.306  0.059  0.525  0.287]
Epsilons 1: [ 0.617  0.3    0.599 -0.016  0.183]
Epsilons 2: [0.538 0.339 0.579 0.073 0.213]
Epsilons 3: [0.701 0.467 0.399 0.044 0.422]
Epsilons 4: [0.664 0.34  0.261 0.447 0.443]
Saved node norms to /home/fguadagn/FMG_Master_Thesis/neural-sheaf-diffusion-modified/results/node_norms/amazon_ratings/GeneralSheaf/normalised-true/stalk_dim-5/5-layers/16-hidden/500-epochs/checkpoints/best-epoch/GeneralSheaf_amazon_ratings_fold8_seed43.pt
Saved best-epoch node norms (epoch 281) to checkpoints/best-epoch/
Saved confidence to /home/fguadagn/FMG_Master_Thesis/neural-sheaf-diffusion-modified/results/node_conf/amazon_ratings/GeneralSheaf/normalised-true/stalk_dim-5/5-layers/16-hidden/500-epochs/checkpoints/best-epoch/GeneralSheaf_amazon_ratings_fold8_seed43.pt
Saved per-node accuracy to /home/fguadagn/FMG_Master_Thesis/neural-sheaf-diffusion-modified/results/node_accuracy/amazon_ratings/GeneralSheaf/normalised-true/stalk_dim-5/5-layers/16-hidden/500-epochs/checkpoints/best-epoch/GeneralSheaf_amazon_ratings_fold8_seed43.pt
Saved saliency to /home/fguadagn/FMG_Master_Thesis/neural-sheaf-diffusion-modified/results/node_saliency/amazon_ratings/GeneralSheaf/normalised-true/stalk_dim-5/5-layers/16-hidden/500-epochs/checkpoints/best-epoch/GeneralSheaf_amazon_ratings_fold8_seed43.pt
Saved model weights to /home/fguadagn/FMG_Master_Thesis/neural-sheaf-diffusion-modified/results/model_weights/amazon_ratings/GeneralSheaf/normalised-true/stalk_dim-5/5-layers/16-hidden/500-epochs/checkpoints/best-epoch/GeneralSheaf_amazon_ratings_fold8_seed43.pth
Saved fold masks to /home/fguadagn/FMG_Master_Thesis/neural-sheaf-diffusion-modified/results/model_weights/amazon_ratings/GeneralSheaf/normalised-true/stalk_dim-5/5-layers/16-hidden/500-epochs/checkpoints/best-epoch/GeneralSheaf_amazon_ratings_fold8_seed43_masks.pt
Saved best-epoch model weights and masks (epoch 281) to checkpoints/best-epoch/
Updated best_epochs.json: fold_8 -> epoch 281
Saved node norms to /home/fguadagn/FMG_Master_Thesis/neural-sheaf-diffusion-modified/results/node_norms/amazon_ratings/GeneralSheaf/normalised-true/stalk_dim-5/5-layers/16-hidden/500-epochs/GeneralSheaf_amazon_ratings_fold8_seed43.pt
Saved node predictions to /home/fguadagn/FMG_Master_Thesis/neural-sheaf-diffusion-modified/results/node_preds/amazon_ratings/GeneralSheaf/normalised-true/stalk_dim-5/5-layers/16-hidden/500-epochs/GeneralSheaf_amazon_ratings_fold8_seed43.pt
Saved confidence to /home/fguadagn/FMG_Master_Thesis/neural-sheaf-diffusion-modified/results/node_conf/amazon_ratings/GeneralSheaf/normalised-true/stalk_dim-5/5-layers/16-hidden/500-epochs/GeneralSheaf_amazon_ratings_fold8_seed43.pt
Saved per-node accuracy to /home/fguadagn/FMG_Master_Thesis/neural-sheaf-diffusion-modified/results/node_accuracy/amazon_ratings/GeneralSheaf/normalised-true/stalk_dim-5/5-layers/16-hidden/500-epochs/GeneralSheaf_amazon_ratings_fold8_seed43.pt
Saved saliency to /home/fguadagn/FMG_Master_Thesis/neural-sheaf-diffusion-modified/results/node_saliency/amazon_ratings/GeneralSheaf/normalised-true/stalk_dim-5/5-layers/16-hidden/500-epochs/GeneralSheaf_amazon_ratings_fold8_seed43.pt
Saved node norms to /home/fguadagn/FMG_Master_Thesis/neural-sheaf-diffusion-modified/results/node_norms/amazon_ratings/GeneralSheaf/normalised-true/stalk_dim-5/5-layers/16-hidden/500-epochs/checkpoints/epoch-0/GeneralSheaf_amazon_ratings_fold9_seed43.pt
Saved confidence to /home/fguadagn/FMG_Master_Thesis/neural-sheaf-diffusion-modified/results/node_conf/amazon_ratings/GeneralSheaf/normalised-true/stalk_dim-5/5-layers/16-hidden/500-epochs/checkpoints/epoch-0/GeneralSheaf_amazon_ratings_fold9_seed43.pt
Saved per-node accuracy to /home/fguadagn/FMG_Master_Thesis/neural-sheaf-diffusion-modified/results/node_accuracy/amazon_ratings/GeneralSheaf/normalised-true/stalk_dim-5/5-layers/16-hidden/500-epochs/checkpoints/epoch-0/GeneralSheaf_amazon_ratings_fold9_seed43.pt
Saved saliency to /home/fguadagn/FMG_Master_Thesis/neural-sheaf-diffusion-modified/results/node_saliency/amazon_ratings/GeneralSheaf/normalised-true/stalk_dim-5/5-layers/16-hidden/500-epochs/checkpoints/epoch-0/GeneralSheaf_amazon_ratings_fold9_seed43.pt
Saved node norms to /home/fguadagn/FMG_Master_Thesis/neural-sheaf-diffusion-modified/results/node_norms/amazon_ratings/GeneralSheaf/normalised-true/stalk_dim-5/5-layers/16-hidden/500-epochs/checkpoints/epoch-1/GeneralSheaf_amazon_ratings_fold9_seed43.pt
Saved confidence to /home/fguadagn/FMG_Master_Thesis/neural-sheaf-diffusion-modified/results/node_conf/amazon_ratings/GeneralSheaf/normalised-true/stalk_dim-5/5-layers/16-hidden/500-epochs/checkpoints/epoch-1/GeneralSheaf_amazon_ratings_fold9_seed43.pt
Saved per-node accuracy to /home/fguadagn/FMG_Master_Thesis/neural-sheaf-diffusion-modified/results/node_accuracy/amazon_ratings/GeneralSheaf/normalised-true/stalk_dim-5/5-layers/16-hidden/500-epochs/checkpoints/epoch-1/GeneralSheaf_amazon_ratings_fold9_seed43.pt
Saved saliency to /home/fguadagn/FMG_Master_Thesis/neural-sheaf-diffusion-modified/results/node_saliency/amazon_ratings/GeneralSheaf/normalised-true/stalk_dim-5/5-layers/16-hidden/500-epochs/checkpoints/epoch-1/GeneralSheaf_amazon_ratings_fold9_seed43.pt
Saved node norms to /home/fguadagn/FMG_Master_Thesis/neural-sheaf-diffusion-modified/results/node_norms/amazon_ratings/GeneralSheaf/normalised-true/stalk_dim-5/5-layers/16-hidden/500-epochs/checkpoints/epoch-5/GeneralSheaf_amazon_ratings_fold9_seed43.pt
Saved confidence to /home/fguadagn/FMG_Master_Thesis/neural-sheaf-diffusion-modified/results/node_conf/amazon_ratings/GeneralSheaf/normalised-true/stalk_dim-5/5-layers/16-hidden/500-epochs/checkpoints/epoch-5/GeneralSheaf_amazon_ratings_fold9_seed43.pt
Saved per-node accuracy to /home/fguadagn/FMG_Master_Thesis/neural-sheaf-diffusion-modified/results/node_accuracy/amazon_ratings/GeneralSheaf/normalised-true/stalk_dim-5/5-layers/16-hidden/500-epochs/checkpoints/epoch-5/GeneralSheaf_amazon_ratings_fold9_seed43.pt
Saved saliency to /home/fguadagn/FMG_Master_Thesis/neural-sheaf-diffusion-modified/results/node_saliency/amazon_ratings/GeneralSheaf/normalised-true/stalk_dim-5/5-layers/16-hidden/500-epochs/checkpoints/epoch-5/GeneralSheaf_amazon_ratings_fold9_seed43.pt
Saved node norms to /home/fguadagn/FMG_Master_Thesis/neural-sheaf-diffusion-modified/results/node_norms/amazon_ratings/GeneralSheaf/normalised-true/stalk_dim-5/5-layers/16-hidden/500-epochs/checkpoints/epoch-15/GeneralSheaf_amazon_ratings_fold9_seed43.pt
Saved confidence to /home/fguadagn/FMG_Master_Thesis/neural-sheaf-diffusion-modified/results/node_conf/amazon_ratings/GeneralSheaf/normalised-true/stalk_dim-5/5-layers/16-hidden/500-epochs/checkpoints/epoch-15/GeneralSheaf_amazon_ratings_fold9_seed43.pt
Saved per-node accuracy to /home/fguadagn/FMG_Master_Thesis/neural-sheaf-diffusion-modified/results/node_accuracy/amazon_ratings/GeneralSheaf/normalised-true/stalk_dim-5/5-layers/16-hidden/500-epochs/checkpoints/epoch-15/GeneralSheaf_amazon_ratings_fold9_seed43.pt
Saved saliency to /home/fguadagn/FMG_Master_Thesis/neural-sheaf-diffusion-modified/results/node_saliency/amazon_ratings/GeneralSheaf/normalised-true/stalk_dim-5/5-layers/16-hidden/500-epochs/checkpoints/epoch-15/GeneralSheaf_amazon_ratings_fold9_seed43.pt
Saved node norms to /home/fguadagn/FMG_Master_Thesis/neural-sheaf-diffusion-modified/results/node_norms/amazon_ratings/GeneralSheaf/normalised-true/stalk_dim-5/5-layers/16-hidden/500-epochs/checkpoints/epoch-50/GeneralSheaf_amazon_ratings_fold9_seed43.pt
Saved confidence to /home/fguadagn/FMG_Master_Thesis/neural-sheaf-diffusion-modified/results/node_conf/amazon_ratings/GeneralSheaf/normalised-true/stalk_dim-5/5-layers/16-hidden/500-epochs/checkpoints/epoch-50/GeneralSheaf_amazon_ratings_fold9_seed43.pt
Saved per-node accuracy to /home/fguadagn/FMG_Master_Thesis/neural-sheaf-diffusion-modified/results/node_accuracy/amazon_ratings/GeneralSheaf/normalised-true/stalk_dim-5/5-layers/16-hidden/500-epochs/checkpoints/epoch-50/GeneralSheaf_amazon_ratings_fold9_seed43.pt
Saved saliency to /home/fguadagn/FMG_Master_Thesis/neural-sheaf-diffusion-modified/results/node_saliency/amazon_ratings/GeneralSheaf/normalised-true/stalk_dim-5/5-layers/16-hidden/500-epochs/checkpoints/epoch-50/GeneralSheaf_amazon_ratings_fold9_seed43.pt
Saved node norms to /home/fguadagn/FMG_Master_Thesis/neural-sheaf-diffusion-modified/results/node_norms/amazon_ratings/GeneralSheaf/normalised-true/stalk_dim-5/5-layers/16-hidden/500-epochs/checkpoints/epoch-200/GeneralSheaf_amazon_ratings_fold9_seed43.pt
Saved confidence to /home/fguadagn/FMG_Master_Thesis/neural-sheaf-diffusion-modified/results/node_conf/amazon_ratings/GeneralSheaf/normalised-true/stalk_dim-5/5-layers/16-hidden/500-epochs/checkpoints/epoch-200/GeneralSheaf_amazon_ratings_fold9_seed43.pt
Saved per-node accuracy to /home/fguadagn/FMG_Master_Thesis/neural-sheaf-diffusion-modified/results/node_accuracy/amazon_ratings/GeneralSheaf/normalised-true/stalk_dim-5/5-layers/16-hidden/500-epochs/checkpoints/epoch-200/GeneralSheaf_amazon_ratings_fold9_seed43.pt
Saved saliency to /home/fguadagn/FMG_Master_Thesis/neural-sheaf-diffusion-modified/results/node_saliency/amazon_ratings/GeneralSheaf/normalised-true/stalk_dim-5/5-layers/16-hidden/500-epochs/checkpoints/epoch-200/GeneralSheaf_amazon_ratings_fold9_seed43.pt
Fold 9 | Epochs: 468 | Best epoch: 268
Test acc (best epoch): 0.4664
Test acc (last epoch): 0.4697
Best val acc: 0.4754
Laplacian 0: Max: 1.2563, Min: -1.0902, Avg: -0.0099, Abs avg: 0.0432
Laplacian 1: Max: 1.7307, Min: -1.1555, Avg: -0.0066, Abs avg: 0.0483
Laplacian 2: Max: 2.0434, Min: -3.0582, Avg: -0.0322, Abs avg: 0.1035
Laplacian 3: Max: 3.2131, Min: -4.5106, Avg: -0.0522, Abs avg: 0.1722
Laplacian 4: Max: 4.4098, Min: -4.7793, Avg: -0.1367, Abs avg: 0.3923
Epsilons 0: [ 0.419  0.198 -0.059  0.599  0.207]
Epsilons 1: [0.283 0.29  0.643 0.15  0.329]
Epsilons 2: [ 0.443  0.285  0.503 -0.004  0.413]
Epsilons 3: [ 0.419  0.489  0.68  -0.13   0.369]
Epsilons 4: [0.19  0.512 0.661 0.075 0.477]
Saved node norms to /home/fguadagn/FMG_Master_Thesis/neural-sheaf-diffusion-modified/results/node_norms/amazon_ratings/GeneralSheaf/normalised-true/stalk_dim-5/5-layers/16-hidden/500-epochs/checkpoints/best-epoch/GeneralSheaf_amazon_ratings_fold9_seed43.pt
Saved best-epoch node norms (epoch 268) to checkpoints/best-epoch/
Saved confidence to /home/fguadagn/FMG_Master_Thesis/neural-sheaf-diffusion-modified/results/node_conf/amazon_ratings/GeneralSheaf/normalised-true/stalk_dim-5/5-layers/16-hidden/500-epochs/checkpoints/best-epoch/GeneralSheaf_amazon_ratings_fold9_seed43.pt
Saved per-node accuracy to /home/fguadagn/FMG_Master_Thesis/neural-sheaf-diffusion-modified/results/node_accuracy/amazon_ratings/GeneralSheaf/normalised-true/stalk_dim-5/5-layers/16-hidden/500-epochs/checkpoints/best-epoch/GeneralSheaf_amazon_ratings_fold9_seed43.pt
Saved saliency to /home/fguadagn/FMG_Master_Thesis/neural-sheaf-diffusion-modified/results/node_saliency/amazon_ratings/GeneralSheaf/normalised-true/stalk_dim-5/5-layers/16-hidden/500-epochs/checkpoints/best-epoch/GeneralSheaf_amazon_ratings_fold9_seed43.pt
Saved model weights to /home/fguadagn/FMG_Master_Thesis/neural-sheaf-diffusion-modified/results/model_weights/amazon_ratings/GeneralSheaf/normalised-true/stalk_dim-5/5-layers/16-hidden/500-epochs/checkpoints/best-epoch/GeneralSheaf_amazon_ratings_fold9_seed43.pth
Saved fold masks to /home/fguadagn/FMG_Master_Thesis/neural-sheaf-diffusion-modified/results/model_weights/amazon_ratings/GeneralSheaf/normalised-true/stalk_dim-5/5-layers/16-hidden/500-epochs/checkpoints/best-epoch/GeneralSheaf_amazon_ratings_fold9_seed43_masks.pt
Saved best-epoch model weights and masks (epoch 268) to checkpoints/best-epoch/
Updated best_epochs.json: fold_9 -> epoch 268
Saved node norms to /home/fguadagn/FMG_Master_Thesis/neural-sheaf-diffusion-modified/results/node_norms/amazon_ratings/GeneralSheaf/normalised-true/stalk_dim-5/5-layers/16-hidden/500-epochs/GeneralSheaf_amazon_ratings_fold9_seed43.pt
Saved node predictions to /home/fguadagn/FMG_Master_Thesis/neural-sheaf-diffusion-modified/results/node_preds/amazon_ratings/GeneralSheaf/normalised-true/stalk_dim-5/5-layers/16-hidden/500-epochs/GeneralSheaf_amazon_ratings_fold9_seed43.pt
Saved confidence to /home/fguadagn/FMG_Master_Thesis/neural-sheaf-diffusion-modified/results/node_conf/amazon_ratings/GeneralSheaf/normalised-true/stalk_dim-5/5-layers/16-hidden/500-epochs/GeneralSheaf_amazon_ratings_fold9_seed43.pt
Saved per-node accuracy to /home/fguadagn/FMG_Master_Thesis/neural-sheaf-diffusion-modified/results/node_accuracy/amazon_ratings/GeneralSheaf/normalised-true/stalk_dim-5/5-layers/16-hidden/500-epochs/GeneralSheaf_amazon_ratings_fold9_seed43.pt
Saved saliency to /home/fguadagn/FMG_Master_Thesis/neural-sheaf-diffusion-modified/results/node_saliency/amazon_ratings/GeneralSheaf/normalised-true/stalk_dim-5/5-layers/16-hidden/500-epochs/GeneralSheaf_amazon_ratings_fold9_seed43.pt
GeneralSheaf on amazon_ratings | SHA: 76c20f9b6a5a98e71dded402ae983d844519635e
Test acc: 46.3694 +/- 0.6411 | Val acc: 46.5131
