Running with wandb account: franceguad2002-epfl
Namespace(epochs=500, lr=0.01, weight_decay=0.0006914841722570725, sheaf_decay=0.00031764232712732976, early_stopping=200, min_acc=0.0, stop_strategy='loss', d=5, layers=5, normalised=False, deg_normalised=False, linear=False, hidden_channels=16, input_dropout=0.2, dropout=0.3, left_weights=True, right_weights=True, add_lp=False, add_hp=False, use_act=True, second_linear=False, orth='householder', sheaf_act='tanh', edge_weights=False, sparse_learner=False, dataset='amazon_ratings', seed=43, cuda=0, folds=10, model='BundleSheaf', entity='franceguad2002-epfl', evectors=0, max_t=1.0, int_method=None, step_size=1, max_iters=100, adjoint_method='adaptive_heun', adjoint=False, adjoint_step_size=1, tol_scale=1.0, tol_scale_adjoint=1.0, max_nfe=1000, no_early=False, earlystopxT=3, max_test_steps=100, num_nodes=200, num_classes=2, num_feats=10, het_coef=0.9, edge_noise=0.05, node_degree=10, feat_noise=0.25, ellipsoid_radius=1, just_add_noise=False, ellipsoids=True, classes_corr=None, dual_diff_strength=1.0, dual_normalised=True, sheaf_init=False, dual_left_linear=True, dual_right_linear=True, dual_linear=False, learn_first_maps=False, learnt_map_type='general', rotation_invariant_sheaf_learner=False, node_edge_sims_time_dependent=False, num_of_convolutions=1, dim_list=[], zero_laplacian=False, maps_lr=None, use_epsilons=True, use_embedding=True, checkpoint_epochs=[0, 1, 5, 15, 50, 200], save_laplacians=False, save_norms=True, save_preds=True, save_saliency=True, save_others=False, sha='76c20f9b6a5a98e71dded402ae983d844519635e', graph_size=24492, input_dim=300, output_dim=5, device=device(type='cuda', index=0))
Saved node norms to /home/fguadagn/FMG_Master_Thesis/neural-sheaf-diffusion-modified/results/node_norms/amazon_ratings/BundleSheaf/normalised-false/stalk_dim-5/5-layers/16-hidden/500-epochs/checkpoints/epoch-0/BundleSheaf_amazon_ratings_fold0_seed43.pt
Saved confidence to /home/fguadagn/FMG_Master_Thesis/neural-sheaf-diffusion-modified/results/node_conf/amazon_ratings/BundleSheaf/normalised-false/stalk_dim-5/5-layers/16-hidden/500-epochs/checkpoints/epoch-0/BundleSheaf_amazon_ratings_fold0_seed43.pt
Saved per-node accuracy to /home/fguadagn/FMG_Master_Thesis/neural-sheaf-diffusion-modified/results/node_accuracy/amazon_ratings/BundleSheaf/normalised-false/stalk_dim-5/5-layers/16-hidden/500-epochs/checkpoints/epoch-0/BundleSheaf_amazon_ratings_fold0_seed43.pt
Saved saliency to /home/fguadagn/FMG_Master_Thesis/neural-sheaf-diffusion-modified/results/node_saliency/amazon_ratings/BundleSheaf/normalised-false/stalk_dim-5/5-layers/16-hidden/500-epochs/checkpoints/epoch-0/BundleSheaf_amazon_ratings_fold0_seed43.pt
Saved node norms to /home/fguadagn/FMG_Master_Thesis/neural-sheaf-diffusion-modified/results/node_norms/amazon_ratings/BundleSheaf/normalised-false/stalk_dim-5/5-layers/16-hidden/500-epochs/checkpoints/epoch-1/BundleSheaf_amazon_ratings_fold0_seed43.pt
Saved confidence to /home/fguadagn/FMG_Master_Thesis/neural-sheaf-diffusion-modified/results/node_conf/amazon_ratings/BundleSheaf/normalised-false/stalk_dim-5/5-layers/16-hidden/500-epochs/checkpoints/epoch-1/BundleSheaf_amazon_ratings_fold0_seed43.pt
Saved per-node accuracy to /home/fguadagn/FMG_Master_Thesis/neural-sheaf-diffusion-modified/results/node_accuracy/amazon_ratings/BundleSheaf/normalised-false/stalk_dim-5/5-layers/16-hidden/500-epochs/checkpoints/epoch-1/BundleSheaf_amazon_ratings_fold0_seed43.pt
Saved saliency to /home/fguadagn/FMG_Master_Thesis/neural-sheaf-diffusion-modified/results/node_saliency/amazon_ratings/BundleSheaf/normalised-false/stalk_dim-5/5-layers/16-hidden/500-epochs/checkpoints/epoch-1/BundleSheaf_amazon_ratings_fold0_seed43.pt
Saved node norms to /home/fguadagn/FMG_Master_Thesis/neural-sheaf-diffusion-modified/results/node_norms/amazon_ratings/BundleSheaf/normalised-false/stalk_dim-5/5-layers/16-hidden/500-epochs/checkpoints/epoch-5/BundleSheaf_amazon_ratings_fold0_seed43.pt
Saved confidence to /home/fguadagn/FMG_Master_Thesis/neural-sheaf-diffusion-modified/results/node_conf/amazon_ratings/BundleSheaf/normalised-false/stalk_dim-5/5-layers/16-hidden/500-epochs/checkpoints/epoch-5/BundleSheaf_amazon_ratings_fold0_seed43.pt
Saved per-node accuracy to /home/fguadagn/FMG_Master_Thesis/neural-sheaf-diffusion-modified/results/node_accuracy/amazon_ratings/BundleSheaf/normalised-false/stalk_dim-5/5-layers/16-hidden/500-epochs/checkpoints/epoch-5/BundleSheaf_amazon_ratings_fold0_seed43.pt
Saved saliency to /home/fguadagn/FMG_Master_Thesis/neural-sheaf-diffusion-modified/results/node_saliency/amazon_ratings/BundleSheaf/normalised-false/stalk_dim-5/5-layers/16-hidden/500-epochs/checkpoints/epoch-5/BundleSheaf_amazon_ratings_fold0_seed43.pt
Saved node norms to /home/fguadagn/FMG_Master_Thesis/neural-sheaf-diffusion-modified/results/node_norms/amazon_ratings/BundleSheaf/normalised-false/stalk_dim-5/5-layers/16-hidden/500-epochs/checkpoints/epoch-15/BundleSheaf_amazon_ratings_fold0_seed43.pt
Saved confidence to /home/fguadagn/FMG_Master_Thesis/neural-sheaf-diffusion-modified/results/node_conf/amazon_ratings/BundleSheaf/normalised-false/stalk_dim-5/5-layers/16-hidden/500-epochs/checkpoints/epoch-15/BundleSheaf_amazon_ratings_fold0_seed43.pt
Saved per-node accuracy to /home/fguadagn/FMG_Master_Thesis/neural-sheaf-diffusion-modified/results/node_accuracy/amazon_ratings/BundleSheaf/normalised-false/stalk_dim-5/5-layers/16-hidden/500-epochs/checkpoints/epoch-15/BundleSheaf_amazon_ratings_fold0_seed43.pt
Saved saliency to /home/fguadagn/FMG_Master_Thesis/neural-sheaf-diffusion-modified/results/node_saliency/amazon_ratings/BundleSheaf/normalised-false/stalk_dim-5/5-layers/16-hidden/500-epochs/checkpoints/epoch-15/BundleSheaf_amazon_ratings_fold0_seed43.pt
Saved node norms to /home/fguadagn/FMG_Master_Thesis/neural-sheaf-diffusion-modified/results/node_norms/amazon_ratings/BundleSheaf/normalised-false/stalk_dim-5/5-layers/16-hidden/500-epochs/checkpoints/epoch-50/BundleSheaf_amazon_ratings_fold0_seed43.pt
Saved confidence to /home/fguadagn/FMG_Master_Thesis/neural-sheaf-diffusion-modified/results/node_conf/amazon_ratings/BundleSheaf/normalised-false/stalk_dim-5/5-layers/16-hidden/500-epochs/checkpoints/epoch-50/BundleSheaf_amazon_ratings_fold0_seed43.pt
Saved per-node accuracy to /home/fguadagn/FMG_Master_Thesis/neural-sheaf-diffusion-modified/results/node_accuracy/amazon_ratings/BundleSheaf/normalised-false/stalk_dim-5/5-layers/16-hidden/500-epochs/checkpoints/epoch-50/BundleSheaf_amazon_ratings_fold0_seed43.pt
Saved saliency to /home/fguadagn/FMG_Master_Thesis/neural-sheaf-diffusion-modified/results/node_saliency/amazon_ratings/BundleSheaf/normalised-false/stalk_dim-5/5-layers/16-hidden/500-epochs/checkpoints/epoch-50/BundleSheaf_amazon_ratings_fold0_seed43.pt
Saved node norms to /home/fguadagn/FMG_Master_Thesis/neural-sheaf-diffusion-modified/results/node_norms/amazon_ratings/BundleSheaf/normalised-false/stalk_dim-5/5-layers/16-hidden/500-epochs/checkpoints/epoch-200/BundleSheaf_amazon_ratings_fold0_seed43.pt
Saved confidence to /home/fguadagn/FMG_Master_Thesis/neural-sheaf-diffusion-modified/results/node_conf/amazon_ratings/BundleSheaf/normalised-false/stalk_dim-5/5-layers/16-hidden/500-epochs/checkpoints/epoch-200/BundleSheaf_amazon_ratings_fold0_seed43.pt
Saved per-node accuracy to /home/fguadagn/FMG_Master_Thesis/neural-sheaf-diffusion-modified/results/node_accuracy/amazon_ratings/BundleSheaf/normalised-false/stalk_dim-5/5-layers/16-hidden/500-epochs/checkpoints/epoch-200/BundleSheaf_amazon_ratings_fold0_seed43.pt
Saved saliency to /home/fguadagn/FMG_Master_Thesis/neural-sheaf-diffusion-modified/results/node_saliency/amazon_ratings/BundleSheaf/normalised-false/stalk_dim-5/5-layers/16-hidden/500-epochs/checkpoints/epoch-200/BundleSheaf_amazon_ratings_fold0_seed43.pt
Fold 0 | Epochs: 499 | Best epoch: 485
Test acc (best epoch): 0.2499
Test acc (last epoch): 0.2845
Best val acc: 0.2481
Laplacian 0: Max: 0.9987, Min: -1.0000, Avg: -0.1565, Abs avg: 0.3042
Laplacian 1: Max: 0.9992, Min: -1.0000, Avg: -0.0290, Abs avg: 0.3717
Laplacian 2: Max: 1.0000, Min: -1.0000, Avg: -0.1395, Abs avg: 0.2064
Laplacian 3: Max: 1.0000, Min: -1.0000, Avg: -0.0240, Abs avg: 0.2582
Laplacian 4: Max: 0.9991, Min: -1.0000, Avg: -0.0750, Abs avg: 0.3489
Epsilons 0: [-0.037  0.129  0.091  0.123  0.163]
Epsilons 1: [ 0.146 -0.034  0.169 -0.066  0.11 ]
Epsilons 2: [-0.081 -0.118 -0.029 -0.054 -0.042]
Epsilons 3: [ 0.07  -0.165 -0.207 -0.011 -0.051]
Epsilons 4: [-1.329 -1.293 -0.64  -1.115 -1.145]
Saved node norms to /home/fguadagn/FMG_Master_Thesis/neural-sheaf-diffusion-modified/results/node_norms/amazon_ratings/BundleSheaf/normalised-false/stalk_dim-5/5-layers/16-hidden/500-epochs/checkpoints/best-epoch/BundleSheaf_amazon_ratings_fold0_seed43.pt
Saved best-epoch node norms (epoch 485) to checkpoints/best-epoch/
Saved confidence to /home/fguadagn/FMG_Master_Thesis/neural-sheaf-diffusion-modified/results/node_conf/amazon_ratings/BundleSheaf/normalised-false/stalk_dim-5/5-layers/16-hidden/500-epochs/checkpoints/best-epoch/BundleSheaf_amazon_ratings_fold0_seed43.pt
Saved per-node accuracy to /home/fguadagn/FMG_Master_Thesis/neural-sheaf-diffusion-modified/results/node_accuracy/amazon_ratings/BundleSheaf/normalised-false/stalk_dim-5/5-layers/16-hidden/500-epochs/checkpoints/best-epoch/BundleSheaf_amazon_ratings_fold0_seed43.pt
Saved saliency to /home/fguadagn/FMG_Master_Thesis/neural-sheaf-diffusion-modified/results/node_saliency/amazon_ratings/BundleSheaf/normalised-false/stalk_dim-5/5-layers/16-hidden/500-epochs/checkpoints/best-epoch/BundleSheaf_amazon_ratings_fold0_seed43.pt
Saved training args to /home/fguadagn/FMG_Master_Thesis/neural-sheaf-diffusion-modified/results/model_weights/amazon_ratings/BundleSheaf/normalised-false/stalk_dim-5/5-layers/16-hidden/500-epochs/training_args.json
Saved model weights to /home/fguadagn/FMG_Master_Thesis/neural-sheaf-diffusion-modified/results/model_weights/amazon_ratings/BundleSheaf/normalised-false/stalk_dim-5/5-layers/16-hidden/500-epochs/checkpoints/best-epoch/BundleSheaf_amazon_ratings_fold0_seed43.pth
Saved fold masks to /home/fguadagn/FMG_Master_Thesis/neural-sheaf-diffusion-modified/results/model_weights/amazon_ratings/BundleSheaf/normalised-false/stalk_dim-5/5-layers/16-hidden/500-epochs/checkpoints/best-epoch/BundleSheaf_amazon_ratings_fold0_seed43_masks.pt
Saved best-epoch model weights and masks (epoch 485) to checkpoints/best-epoch/
Updated best_epochs.json: fold_0 -> epoch 485
Saved node norms to /home/fguadagn/FMG_Master_Thesis/neural-sheaf-diffusion-modified/results/node_norms/amazon_ratings/BundleSheaf/normalised-false/stalk_dim-5/5-layers/16-hidden/500-epochs/BundleSheaf_amazon_ratings_fold0_seed43.pt
Saved node predictions to /home/fguadagn/FMG_Master_Thesis/neural-sheaf-diffusion-modified/results/node_preds/amazon_ratings/BundleSheaf/normalised-false/stalk_dim-5/5-layers/16-hidden/500-epochs/BundleSheaf_amazon_ratings_fold0_seed43.pt
Saved confidence to /home/fguadagn/FMG_Master_Thesis/neural-sheaf-diffusion-modified/results/node_conf/amazon_ratings/BundleSheaf/normalised-false/stalk_dim-5/5-layers/16-hidden/500-epochs/BundleSheaf_amazon_ratings_fold0_seed43.pt
Saved per-node accuracy to /home/fguadagn/FMG_Master_Thesis/neural-sheaf-diffusion-modified/results/node_accuracy/amazon_ratings/BundleSheaf/normalised-false/stalk_dim-5/5-layers/16-hidden/500-epochs/BundleSheaf_amazon_ratings_fold0_seed43.pt
Saved saliency to /home/fguadagn/FMG_Master_Thesis/neural-sheaf-diffusion-modified/results/node_saliency/amazon_ratings/BundleSheaf/normalised-false/stalk_dim-5/5-layers/16-hidden/500-epochs/BundleSheaf_amazon_ratings_fold0_seed43.pt
Saved node norms to /home/fguadagn/FMG_Master_Thesis/neural-sheaf-diffusion-modified/results/node_norms/amazon_ratings/BundleSheaf/normalised-false/stalk_dim-5/5-layers/16-hidden/500-epochs/checkpoints/epoch-0/BundleSheaf_amazon_ratings_fold1_seed43.pt
Saved confidence to /home/fguadagn/FMG_Master_Thesis/neural-sheaf-diffusion-modified/results/node_conf/amazon_ratings/BundleSheaf/normalised-false/stalk_dim-5/5-layers/16-hidden/500-epochs/checkpoints/epoch-0/BundleSheaf_amazon_ratings_fold1_seed43.pt
Saved per-node accuracy to /home/fguadagn/FMG_Master_Thesis/neural-sheaf-diffusion-modified/results/node_accuracy/amazon_ratings/BundleSheaf/normalised-false/stalk_dim-5/5-layers/16-hidden/500-epochs/checkpoints/epoch-0/BundleSheaf_amazon_ratings_fold1_seed43.pt
Saved saliency to /home/fguadagn/FMG_Master_Thesis/neural-sheaf-diffusion-modified/results/node_saliency/amazon_ratings/BundleSheaf/normalised-false/stalk_dim-5/5-layers/16-hidden/500-epochs/checkpoints/epoch-0/BundleSheaf_amazon_ratings_fold1_seed43.pt
Saved node norms to /home/fguadagn/FMG_Master_Thesis/neural-sheaf-diffusion-modified/results/node_norms/amazon_ratings/BundleSheaf/normalised-false/stalk_dim-5/5-layers/16-hidden/500-epochs/checkpoints/epoch-1/BundleSheaf_amazon_ratings_fold1_seed43.pt
Saved confidence to /home/fguadagn/FMG_Master_Thesis/neural-sheaf-diffusion-modified/results/node_conf/amazon_ratings/BundleSheaf/normalised-false/stalk_dim-5/5-layers/16-hidden/500-epochs/checkpoints/epoch-1/BundleSheaf_amazon_ratings_fold1_seed43.pt
Saved per-node accuracy to /home/fguadagn/FMG_Master_Thesis/neural-sheaf-diffusion-modified/results/node_accuracy/amazon_ratings/BundleSheaf/normalised-false/stalk_dim-5/5-layers/16-hidden/500-epochs/checkpoints/epoch-1/BundleSheaf_amazon_ratings_fold1_seed43.pt
Saved saliency to /home/fguadagn/FMG_Master_Thesis/neural-sheaf-diffusion-modified/results/node_saliency/amazon_ratings/BundleSheaf/normalised-false/stalk_dim-5/5-layers/16-hidden/500-epochs/checkpoints/epoch-1/BundleSheaf_amazon_ratings_fold1_seed43.pt
Saved node norms to /home/fguadagn/FMG_Master_Thesis/neural-sheaf-diffusion-modified/results/node_norms/amazon_ratings/BundleSheaf/normalised-false/stalk_dim-5/5-layers/16-hidden/500-epochs/checkpoints/epoch-5/BundleSheaf_amazon_ratings_fold1_seed43.pt
Saved confidence to /home/fguadagn/FMG_Master_Thesis/neural-sheaf-diffusion-modified/results/node_conf/amazon_ratings/BundleSheaf/normalised-false/stalk_dim-5/5-layers/16-hidden/500-epochs/checkpoints/epoch-5/BundleSheaf_amazon_ratings_fold1_seed43.pt
Saved per-node accuracy to /home/fguadagn/FMG_Master_Thesis/neural-sheaf-diffusion-modified/results/node_accuracy/amazon_ratings/BundleSheaf/normalised-false/stalk_dim-5/5-layers/16-hidden/500-epochs/checkpoints/epoch-5/BundleSheaf_amazon_ratings_fold1_seed43.pt
Saved saliency to /home/fguadagn/FMG_Master_Thesis/neural-sheaf-diffusion-modified/results/node_saliency/amazon_ratings/BundleSheaf/normalised-false/stalk_dim-5/5-layers/16-hidden/500-epochs/checkpoints/epoch-5/BundleSheaf_amazon_ratings_fold1_seed43.pt
Saved node norms to /home/fguadagn/FMG_Master_Thesis/neural-sheaf-diffusion-modified/results/node_norms/amazon_ratings/BundleSheaf/normalised-false/stalk_dim-5/5-layers/16-hidden/500-epochs/checkpoints/epoch-15/BundleSheaf_amazon_ratings_fold1_seed43.pt
Saved confidence to /home/fguadagn/FMG_Master_Thesis/neural-sheaf-diffusion-modified/results/node_conf/amazon_ratings/BundleSheaf/normalised-false/stalk_dim-5/5-layers/16-hidden/500-epochs/checkpoints/epoch-15/BundleSheaf_amazon_ratings_fold1_seed43.pt
Saved per-node accuracy to /home/fguadagn/FMG_Master_Thesis/neural-sheaf-diffusion-modified/results/node_accuracy/amazon_ratings/BundleSheaf/normalised-false/stalk_dim-5/5-layers/16-hidden/500-epochs/checkpoints/epoch-15/BundleSheaf_amazon_ratings_fold1_seed43.pt
Saved saliency to /home/fguadagn/FMG_Master_Thesis/neural-sheaf-diffusion-modified/results/node_saliency/amazon_ratings/BundleSheaf/normalised-false/stalk_dim-5/5-layers/16-hidden/500-epochs/checkpoints/epoch-15/BundleSheaf_amazon_ratings_fold1_seed43.pt
Saved node norms to /home/fguadagn/FMG_Master_Thesis/neural-sheaf-diffusion-modified/results/node_norms/amazon_ratings/BundleSheaf/normalised-false/stalk_dim-5/5-layers/16-hidden/500-epochs/checkpoints/epoch-50/BundleSheaf_amazon_ratings_fold1_seed43.pt
Saved confidence to /home/fguadagn/FMG_Master_Thesis/neural-sheaf-diffusion-modified/results/node_conf/amazon_ratings/BundleSheaf/normalised-false/stalk_dim-5/5-layers/16-hidden/500-epochs/checkpoints/epoch-50/BundleSheaf_amazon_ratings_fold1_seed43.pt
Saved per-node accuracy to /home/fguadagn/FMG_Master_Thesis/neural-sheaf-diffusion-modified/results/node_accuracy/amazon_ratings/BundleSheaf/normalised-false/stalk_dim-5/5-layers/16-hidden/500-epochs/checkpoints/epoch-50/BundleSheaf_amazon_ratings_fold1_seed43.pt
Saved saliency to /home/fguadagn/FMG_Master_Thesis/neural-sheaf-diffusion-modified/results/node_saliency/amazon_ratings/BundleSheaf/normalised-false/stalk_dim-5/5-layers/16-hidden/500-epochs/checkpoints/epoch-50/BundleSheaf_amazon_ratings_fold1_seed43.pt
Saved node norms to /home/fguadagn/FMG_Master_Thesis/neural-sheaf-diffusion-modified/results/node_norms/amazon_ratings/BundleSheaf/normalised-false/stalk_dim-5/5-layers/16-hidden/500-epochs/checkpoints/epoch-200/BundleSheaf_amazon_ratings_fold1_seed43.pt
Saved confidence to /home/fguadagn/FMG_Master_Thesis/neural-sheaf-diffusion-modified/results/node_conf/amazon_ratings/BundleSheaf/normalised-false/stalk_dim-5/5-layers/16-hidden/500-epochs/checkpoints/epoch-200/BundleSheaf_amazon_ratings_fold1_seed43.pt
Saved per-node accuracy to /home/fguadagn/FMG_Master_Thesis/neural-sheaf-diffusion-modified/results/node_accuracy/amazon_ratings/BundleSheaf/normalised-false/stalk_dim-5/5-layers/16-hidden/500-epochs/checkpoints/epoch-200/BundleSheaf_amazon_ratings_fold1_seed43.pt
Saved saliency to /home/fguadagn/FMG_Master_Thesis/neural-sheaf-diffusion-modified/results/node_saliency/amazon_ratings/BundleSheaf/normalised-false/stalk_dim-5/5-layers/16-hidden/500-epochs/checkpoints/epoch-200/BundleSheaf_amazon_ratings_fold1_seed43.pt
Fold 1 | Epochs: 499 | Best epoch: 496
Test acc (best epoch): 0.2300
Test acc (last epoch): 0.2856
Best val acc: 0.2285
Laplacian 0: Max: 0.8955, Min: -1.0000, Avg: -0.1875, Abs avg: 0.2950
Laplacian 1: Max: 0.9996, Min: -1.0000, Avg: -0.0277, Abs avg: 0.3732
Laplacian 2: Max: 0.9999, Min: -1.0000, Avg: -0.0667, Abs avg: 0.3434
Laplacian 3: Max: 1.0000, Min: -1.0000, Avg: -0.1057, Abs avg: 0.3366
Laplacian 4: Max: 0.9866, Min: -1.0000, Avg: -0.1455, Abs avg: 0.2350
Epsilons 0: [-0.079  0.074  0.024 -0.108 -0.025]
Epsilons 1: [-0.06   0.073 -0.079  0.102  0.068]
Epsilons 2: [ 0.052  0.066  0.042 -0.06   0.134]
Epsilons 3: [-0.109 -0.054  0.101 -0.18   0.02 ]
Epsilons 4: [-0.791 -0.829 -0.453 -0.981 -1.084]
Saved node norms to /home/fguadagn/FMG_Master_Thesis/neural-sheaf-diffusion-modified/results/node_norms/amazon_ratings/BundleSheaf/normalised-false/stalk_dim-5/5-layers/16-hidden/500-epochs/checkpoints/best-epoch/BundleSheaf_amazon_ratings_fold1_seed43.pt
Saved best-epoch node norms (epoch 496) to checkpoints/best-epoch/
Saved confidence to /home/fguadagn/FMG_Master_Thesis/neural-sheaf-diffusion-modified/results/node_conf/amazon_ratings/BundleSheaf/normalised-false/stalk_dim-5/5-layers/16-hidden/500-epochs/checkpoints/best-epoch/BundleSheaf_amazon_ratings_fold1_seed43.pt
Saved per-node accuracy to /home/fguadagn/FMG_Master_Thesis/neural-sheaf-diffusion-modified/results/node_accuracy/amazon_ratings/BundleSheaf/normalised-false/stalk_dim-5/5-layers/16-hidden/500-epochs/checkpoints/best-epoch/BundleSheaf_amazon_ratings_fold1_seed43.pt
Saved saliency to /home/fguadagn/FMG_Master_Thesis/neural-sheaf-diffusion-modified/results/node_saliency/amazon_ratings/BundleSheaf/normalised-false/stalk_dim-5/5-layers/16-hidden/500-epochs/checkpoints/best-epoch/BundleSheaf_amazon_ratings_fold1_seed43.pt
Saved model weights to /home/fguadagn/FMG_Master_Thesis/neural-sheaf-diffusion-modified/results/model_weights/amazon_ratings/BundleSheaf/normalised-false/stalk_dim-5/5-layers/16-hidden/500-epochs/checkpoints/best-epoch/BundleSheaf_amazon_ratings_fold1_seed43.pth
Saved fold masks to /home/fguadagn/FMG_Master_Thesis/neural-sheaf-diffusion-modified/results/model_weights/amazon_ratings/BundleSheaf/normalised-false/stalk_dim-5/5-layers/16-hidden/500-epochs/checkpoints/best-epoch/BundleSheaf_amazon_ratings_fold1_seed43_masks.pt
Saved best-epoch model weights and masks (epoch 496) to checkpoints/best-epoch/
Updated best_epochs.json: fold_1 -> epoch 496
Saved node norms to /home/fguadagn/FMG_Master_Thesis/neural-sheaf-diffusion-modified/results/node_norms/amazon_ratings/BundleSheaf/normalised-false/stalk_dim-5/5-layers/16-hidden/500-epochs/BundleSheaf_amazon_ratings_fold1_seed43.pt
Saved node predictions to /home/fguadagn/FMG_Master_Thesis/neural-sheaf-diffusion-modified/results/node_preds/amazon_ratings/BundleSheaf/normalised-false/stalk_dim-5/5-layers/16-hidden/500-epochs/BundleSheaf_amazon_ratings_fold1_seed43.pt
Saved confidence to /home/fguadagn/FMG_Master_Thesis/neural-sheaf-diffusion-modified/results/node_conf/amazon_ratings/BundleSheaf/normalised-false/stalk_dim-5/5-layers/16-hidden/500-epochs/BundleSheaf_amazon_ratings_fold1_seed43.pt
Saved per-node accuracy to /home/fguadagn/FMG_Master_Thesis/neural-sheaf-diffusion-modified/results/node_accuracy/amazon_ratings/BundleSheaf/normalised-false/stalk_dim-5/5-layers/16-hidden/500-epochs/BundleSheaf_amazon_ratings_fold1_seed43.pt
Saved saliency to /home/fguadagn/FMG_Master_Thesis/neural-sheaf-diffusion-modified/results/node_saliency/amazon_ratings/BundleSheaf/normalised-false/stalk_dim-5/5-layers/16-hidden/500-epochs/BundleSheaf_amazon_ratings_fold1_seed43.pt
Saved node norms to /home/fguadagn/FMG_Master_Thesis/neural-sheaf-diffusion-modified/results/node_norms/amazon_ratings/BundleSheaf/normalised-false/stalk_dim-5/5-layers/16-hidden/500-epochs/checkpoints/epoch-0/BundleSheaf_amazon_ratings_fold2_seed43.pt
Saved confidence to /home/fguadagn/FMG_Master_Thesis/neural-sheaf-diffusion-modified/results/node_conf/amazon_ratings/BundleSheaf/normalised-false/stalk_dim-5/5-layers/16-hidden/500-epochs/checkpoints/epoch-0/BundleSheaf_amazon_ratings_fold2_seed43.pt
Saved per-node accuracy to /home/fguadagn/FMG_Master_Thesis/neural-sheaf-diffusion-modified/results/node_accuracy/amazon_ratings/BundleSheaf/normalised-false/stalk_dim-5/5-layers/16-hidden/500-epochs/checkpoints/epoch-0/BundleSheaf_amazon_ratings_fold2_seed43.pt
Saved saliency to /home/fguadagn/FMG_Master_Thesis/neural-sheaf-diffusion-modified/results/node_saliency/amazon_ratings/BundleSheaf/normalised-false/stalk_dim-5/5-layers/16-hidden/500-epochs/checkpoints/epoch-0/BundleSheaf_amazon_ratings_fold2_seed43.pt
Saved node norms to /home/fguadagn/FMG_Master_Thesis/neural-sheaf-diffusion-modified/results/node_norms/amazon_ratings/BundleSheaf/normalised-false/stalk_dim-5/5-layers/16-hidden/500-epochs/checkpoints/epoch-1/BundleSheaf_amazon_ratings_fold2_seed43.pt
Saved confidence to /home/fguadagn/FMG_Master_Thesis/neural-sheaf-diffusion-modified/results/node_conf/amazon_ratings/BundleSheaf/normalised-false/stalk_dim-5/5-layers/16-hidden/500-epochs/checkpoints/epoch-1/BundleSheaf_amazon_ratings_fold2_seed43.pt
Saved per-node accuracy to /home/fguadagn/FMG_Master_Thesis/neural-sheaf-diffusion-modified/results/node_accuracy/amazon_ratings/BundleSheaf/normalised-false/stalk_dim-5/5-layers/16-hidden/500-epochs/checkpoints/epoch-1/BundleSheaf_amazon_ratings_fold2_seed43.pt
Saved saliency to /home/fguadagn/FMG_Master_Thesis/neural-sheaf-diffusion-modified/results/node_saliency/amazon_ratings/BundleSheaf/normalised-false/stalk_dim-5/5-layers/16-hidden/500-epochs/checkpoints/epoch-1/BundleSheaf_amazon_ratings_fold2_seed43.pt
Saved node norms to /home/fguadagn/FMG_Master_Thesis/neural-sheaf-diffusion-modified/results/node_norms/amazon_ratings/BundleSheaf/normalised-false/stalk_dim-5/5-layers/16-hidden/500-epochs/checkpoints/epoch-5/BundleSheaf_amazon_ratings_fold2_seed43.pt
Saved confidence to /home/fguadagn/FMG_Master_Thesis/neural-sheaf-diffusion-modified/results/node_conf/amazon_ratings/BundleSheaf/normalised-false/stalk_dim-5/5-layers/16-hidden/500-epochs/checkpoints/epoch-5/BundleSheaf_amazon_ratings_fold2_seed43.pt
Saved per-node accuracy to /home/fguadagn/FMG_Master_Thesis/neural-sheaf-diffusion-modified/results/node_accuracy/amazon_ratings/BundleSheaf/normalised-false/stalk_dim-5/5-layers/16-hidden/500-epochs/checkpoints/epoch-5/BundleSheaf_amazon_ratings_fold2_seed43.pt
Saved saliency to /home/fguadagn/FMG_Master_Thesis/neural-sheaf-diffusion-modified/results/node_saliency/amazon_ratings/BundleSheaf/normalised-false/stalk_dim-5/5-layers/16-hidden/500-epochs/checkpoints/epoch-5/BundleSheaf_amazon_ratings_fold2_seed43.pt
Saved node norms to /home/fguadagn/FMG_Master_Thesis/neural-sheaf-diffusion-modified/results/node_norms/amazon_ratings/BundleSheaf/normalised-false/stalk_dim-5/5-layers/16-hidden/500-epochs/checkpoints/epoch-15/BundleSheaf_amazon_ratings_fold2_seed43.pt
Saved confidence to /home/fguadagn/FMG_Master_Thesis/neural-sheaf-diffusion-modified/results/node_conf/amazon_ratings/BundleSheaf/normalised-false/stalk_dim-5/5-layers/16-hidden/500-epochs/checkpoints/epoch-15/BundleSheaf_amazon_ratings_fold2_seed43.pt
Saved per-node accuracy to /home/fguadagn/FMG_Master_Thesis/neural-sheaf-diffusion-modified/results/node_accuracy/amazon_ratings/BundleSheaf/normalised-false/stalk_dim-5/5-layers/16-hidden/500-epochs/checkpoints/epoch-15/BundleSheaf_amazon_ratings_fold2_seed43.pt
Saved saliency to /home/fguadagn/FMG_Master_Thesis/neural-sheaf-diffusion-modified/results/node_saliency/amazon_ratings/BundleSheaf/normalised-false/stalk_dim-5/5-layers/16-hidden/500-epochs/checkpoints/epoch-15/BundleSheaf_amazon_ratings_fold2_seed43.pt
Saved node norms to /home/fguadagn/FMG_Master_Thesis/neural-sheaf-diffusion-modified/results/node_norms/amazon_ratings/BundleSheaf/normalised-false/stalk_dim-5/5-layers/16-hidden/500-epochs/checkpoints/epoch-50/BundleSheaf_amazon_ratings_fold2_seed43.pt
Saved confidence to /home/fguadagn/FMG_Master_Thesis/neural-sheaf-diffusion-modified/results/node_conf/amazon_ratings/BundleSheaf/normalised-false/stalk_dim-5/5-layers/16-hidden/500-epochs/checkpoints/epoch-50/BundleSheaf_amazon_ratings_fold2_seed43.pt
Saved per-node accuracy to /home/fguadagn/FMG_Master_Thesis/neural-sheaf-diffusion-modified/results/node_accuracy/amazon_ratings/BundleSheaf/normalised-false/stalk_dim-5/5-layers/16-hidden/500-epochs/checkpoints/epoch-50/BundleSheaf_amazon_ratings_fold2_seed43.pt
Saved saliency to /home/fguadagn/FMG_Master_Thesis/neural-sheaf-diffusion-modified/results/node_saliency/amazon_ratings/BundleSheaf/normalised-false/stalk_dim-5/5-layers/16-hidden/500-epochs/checkpoints/epoch-50/BundleSheaf_amazon_ratings_fold2_seed43.pt
Saved node norms to /home/fguadagn/FMG_Master_Thesis/neural-sheaf-diffusion-modified/results/node_norms/amazon_ratings/BundleSheaf/normalised-false/stalk_dim-5/5-layers/16-hidden/500-epochs/checkpoints/epoch-200/BundleSheaf_amazon_ratings_fold2_seed43.pt
Saved confidence to /home/fguadagn/FMG_Master_Thesis/neural-sheaf-diffusion-modified/results/node_conf/amazon_ratings/BundleSheaf/normalised-false/stalk_dim-5/5-layers/16-hidden/500-epochs/checkpoints/epoch-200/BundleSheaf_amazon_ratings_fold2_seed43.pt
Saved per-node accuracy to /home/fguadagn/FMG_Master_Thesis/neural-sheaf-diffusion-modified/results/node_accuracy/amazon_ratings/BundleSheaf/normalised-false/stalk_dim-5/5-layers/16-hidden/500-epochs/checkpoints/epoch-200/BundleSheaf_amazon_ratings_fold2_seed43.pt
Saved saliency to /home/fguadagn/FMG_Master_Thesis/neural-sheaf-diffusion-modified/results/node_saliency/amazon_ratings/BundleSheaf/normalised-false/stalk_dim-5/5-layers/16-hidden/500-epochs/checkpoints/epoch-200/BundleSheaf_amazon_ratings_fold2_seed43.pt
Fold 2 | Epochs: 499 | Best epoch: 406
Test acc (best epoch): 0.2370
Test acc (last epoch): 0.1955
Best val acc: 0.2399
Laplacian 0: Max: 0.9521, Min: -1.0000, Avg: -0.1921, Abs avg: 0.3057
Laplacian 1: Max: 0.9994, Min: -1.0000, Avg: -0.0204, Abs avg: 0.3697
Laplacian 2: Max: 1.0000, Min: -1.0000, Avg: -0.0411, Abs avg: 0.3436
Laplacian 3: Max: 0.9912, Min: -1.0000, Avg: -0.0034, Abs avg: 0.3506
Laplacian 4: Max: 1.0000, Min: -1.0000, Avg: -0.0754, Abs avg: 0.3498
Epsilons 0: [ 0.037  0.102 -0.056 -0.131  0.137]
Epsilons 1: [ 0.076 -0.107  0.188  0.082  0.031]
Epsilons 2: [-0.07  -0.031 -0.077  0.005 -0.08 ]
Epsilons 3: [-0.113  0.047  0.028 -0.192 -0.052]
Epsilons 4: [-0.92  -0.815 -0.916 -0.696 -0.952]
Saved node norms to /home/fguadagn/FMG_Master_Thesis/neural-sheaf-diffusion-modified/results/node_norms/amazon_ratings/BundleSheaf/normalised-false/stalk_dim-5/5-layers/16-hidden/500-epochs/checkpoints/best-epoch/BundleSheaf_amazon_ratings_fold2_seed43.pt
Saved best-epoch node norms (epoch 406) to checkpoints/best-epoch/
Saved confidence to /home/fguadagn/FMG_Master_Thesis/neural-sheaf-diffusion-modified/results/node_conf/amazon_ratings/BundleSheaf/normalised-false/stalk_dim-5/5-layers/16-hidden/500-epochs/checkpoints/best-epoch/BundleSheaf_amazon_ratings_fold2_seed43.pt
Saved per-node accuracy to /home/fguadagn/FMG_Master_Thesis/neural-sheaf-diffusion-modified/results/node_accuracy/amazon_ratings/BundleSheaf/normalised-false/stalk_dim-5/5-layers/16-hidden/500-epochs/checkpoints/best-epoch/BundleSheaf_amazon_ratings_fold2_seed43.pt
Saved saliency to /home/fguadagn/FMG_Master_Thesis/neural-sheaf-diffusion-modified/results/node_saliency/amazon_ratings/BundleSheaf/normalised-false/stalk_dim-5/5-layers/16-hidden/500-epochs/checkpoints/best-epoch/BundleSheaf_amazon_ratings_fold2_seed43.pt
Saved model weights to /home/fguadagn/FMG_Master_Thesis/neural-sheaf-diffusion-modified/results/model_weights/amazon_ratings/BundleSheaf/normalised-false/stalk_dim-5/5-layers/16-hidden/500-epochs/checkpoints/best-epoch/BundleSheaf_amazon_ratings_fold2_seed43.pth
Saved fold masks to /home/fguadagn/FMG_Master_Thesis/neural-sheaf-diffusion-modified/results/model_weights/amazon_ratings/BundleSheaf/normalised-false/stalk_dim-5/5-layers/16-hidden/500-epochs/checkpoints/best-epoch/BundleSheaf_amazon_ratings_fold2_seed43_masks.pt
Saved best-epoch model weights and masks (epoch 406) to checkpoints/best-epoch/
Updated best_epochs.json: fold_2 -> epoch 406
Saved node norms to /home/fguadagn/FMG_Master_Thesis/neural-sheaf-diffusion-modified/results/node_norms/amazon_ratings/BundleSheaf/normalised-false/stalk_dim-5/5-layers/16-hidden/500-epochs/BundleSheaf_amazon_ratings_fold2_seed43.pt
Saved node predictions to /home/fguadagn/FMG_Master_Thesis/neural-sheaf-diffusion-modified/results/node_preds/amazon_ratings/BundleSheaf/normalised-false/stalk_dim-5/5-layers/16-hidden/500-epochs/BundleSheaf_amazon_ratings_fold2_seed43.pt
Saved confidence to /home/fguadagn/FMG_Master_Thesis/neural-sheaf-diffusion-modified/results/node_conf/amazon_ratings/BundleSheaf/normalised-false/stalk_dim-5/5-layers/16-hidden/500-epochs/BundleSheaf_amazon_ratings_fold2_seed43.pt
Saved per-node accuracy to /home/fguadagn/FMG_Master_Thesis/neural-sheaf-diffusion-modified/results/node_accuracy/amazon_ratings/BundleSheaf/normalised-false/stalk_dim-5/5-layers/16-hidden/500-epochs/BundleSheaf_amazon_ratings_fold2_seed43.pt
Saved saliency to /home/fguadagn/FMG_Master_Thesis/neural-sheaf-diffusion-modified/results/node_saliency/amazon_ratings/BundleSheaf/normalised-false/stalk_dim-5/5-layers/16-hidden/500-epochs/BundleSheaf_amazon_ratings_fold2_seed43.pt
Saved node norms to /home/fguadagn/FMG_Master_Thesis/neural-sheaf-diffusion-modified/results/node_norms/amazon_ratings/BundleSheaf/normalised-false/stalk_dim-5/5-layers/16-hidden/500-epochs/checkpoints/epoch-0/BundleSheaf_amazon_ratings_fold3_seed43.pt
Saved confidence to /home/fguadagn/FMG_Master_Thesis/neural-sheaf-diffusion-modified/results/node_conf/amazon_ratings/BundleSheaf/normalised-false/stalk_dim-5/5-layers/16-hidden/500-epochs/checkpoints/epoch-0/BundleSheaf_amazon_ratings_fold3_seed43.pt
Saved per-node accuracy to /home/fguadagn/FMG_Master_Thesis/neural-sheaf-diffusion-modified/results/node_accuracy/amazon_ratings/BundleSheaf/normalised-false/stalk_dim-5/5-layers/16-hidden/500-epochs/checkpoints/epoch-0/BundleSheaf_amazon_ratings_fold3_seed43.pt
Saved saliency to /home/fguadagn/FMG_Master_Thesis/neural-sheaf-diffusion-modified/results/node_saliency/amazon_ratings/BundleSheaf/normalised-false/stalk_dim-5/5-layers/16-hidden/500-epochs/checkpoints/epoch-0/BundleSheaf_amazon_ratings_fold3_seed43.pt
Saved node norms to /home/fguadagn/FMG_Master_Thesis/neural-sheaf-diffusion-modified/results/node_norms/amazon_ratings/BundleSheaf/normalised-false/stalk_dim-5/5-layers/16-hidden/500-epochs/checkpoints/epoch-1/BundleSheaf_amazon_ratings_fold3_seed43.pt
Saved confidence to /home/fguadagn/FMG_Master_Thesis/neural-sheaf-diffusion-modified/results/node_conf/amazon_ratings/BundleSheaf/normalised-false/stalk_dim-5/5-layers/16-hidden/500-epochs/checkpoints/epoch-1/BundleSheaf_amazon_ratings_fold3_seed43.pt
Saved per-node accuracy to /home/fguadagn/FMG_Master_Thesis/neural-sheaf-diffusion-modified/results/node_accuracy/amazon_ratings/BundleSheaf/normalised-false/stalk_dim-5/5-layers/16-hidden/500-epochs/checkpoints/epoch-1/BundleSheaf_amazon_ratings_fold3_seed43.pt
Saved saliency to /home/fguadagn/FMG_Master_Thesis/neural-sheaf-diffusion-modified/results/node_saliency/amazon_ratings/BundleSheaf/normalised-false/stalk_dim-5/5-layers/16-hidden/500-epochs/checkpoints/epoch-1/BundleSheaf_amazon_ratings_fold3_seed43.pt
Saved node norms to /home/fguadagn/FMG_Master_Thesis/neural-sheaf-diffusion-modified/results/node_norms/amazon_ratings/BundleSheaf/normalised-false/stalk_dim-5/5-layers/16-hidden/500-epochs/checkpoints/epoch-5/BundleSheaf_amazon_ratings_fold3_seed43.pt
Saved confidence to /home/fguadagn/FMG_Master_Thesis/neural-sheaf-diffusion-modified/results/node_conf/amazon_ratings/BundleSheaf/normalised-false/stalk_dim-5/5-layers/16-hidden/500-epochs/checkpoints/epoch-5/BundleSheaf_amazon_ratings_fold3_seed43.pt
Saved per-node accuracy to /home/fguadagn/FMG_Master_Thesis/neural-sheaf-diffusion-modified/results/node_accuracy/amazon_ratings/BundleSheaf/normalised-false/stalk_dim-5/5-layers/16-hidden/500-epochs/checkpoints/epoch-5/BundleSheaf_amazon_ratings_fold3_seed43.pt
Saved saliency to /home/fguadagn/FMG_Master_Thesis/neural-sheaf-diffusion-modified/results/node_saliency/amazon_ratings/BundleSheaf/normalised-false/stalk_dim-5/5-layers/16-hidden/500-epochs/checkpoints/epoch-5/BundleSheaf_amazon_ratings_fold3_seed43.pt
Saved node norms to /home/fguadagn/FMG_Master_Thesis/neural-sheaf-diffusion-modified/results/node_norms/amazon_ratings/BundleSheaf/normalised-false/stalk_dim-5/5-layers/16-hidden/500-epochs/checkpoints/epoch-15/BundleSheaf_amazon_ratings_fold3_seed43.pt
Saved confidence to /home/fguadagn/FMG_Master_Thesis/neural-sheaf-diffusion-modified/results/node_conf/amazon_ratings/BundleSheaf/normalised-false/stalk_dim-5/5-layers/16-hidden/500-epochs/checkpoints/epoch-15/BundleSheaf_amazon_ratings_fold3_seed43.pt
Saved per-node accuracy to /home/fguadagn/FMG_Master_Thesis/neural-sheaf-diffusion-modified/results/node_accuracy/amazon_ratings/BundleSheaf/normalised-false/stalk_dim-5/5-layers/16-hidden/500-epochs/checkpoints/epoch-15/BundleSheaf_amazon_ratings_fold3_seed43.pt
Saved saliency to /home/fguadagn/FMG_Master_Thesis/neural-sheaf-diffusion-modified/results/node_saliency/amazon_ratings/BundleSheaf/normalised-false/stalk_dim-5/5-layers/16-hidden/500-epochs/checkpoints/epoch-15/BundleSheaf_amazon_ratings_fold3_seed43.pt
Saved node norms to /home/fguadagn/FMG_Master_Thesis/neural-sheaf-diffusion-modified/results/node_norms/amazon_ratings/BundleSheaf/normalised-false/stalk_dim-5/5-layers/16-hidden/500-epochs/checkpoints/epoch-50/BundleSheaf_amazon_ratings_fold3_seed43.pt
Saved confidence to /home/fguadagn/FMG_Master_Thesis/neural-sheaf-diffusion-modified/results/node_conf/amazon_ratings/BundleSheaf/normalised-false/stalk_dim-5/5-layers/16-hidden/500-epochs/checkpoints/epoch-50/BundleSheaf_amazon_ratings_fold3_seed43.pt
Saved per-node accuracy to /home/fguadagn/FMG_Master_Thesis/neural-sheaf-diffusion-modified/results/node_accuracy/amazon_ratings/BundleSheaf/normalised-false/stalk_dim-5/5-layers/16-hidden/500-epochs/checkpoints/epoch-50/BundleSheaf_amazon_ratings_fold3_seed43.pt
Saved saliency to /home/fguadagn/FMG_Master_Thesis/neural-sheaf-diffusion-modified/results/node_saliency/amazon_ratings/BundleSheaf/normalised-false/stalk_dim-5/5-layers/16-hidden/500-epochs/checkpoints/epoch-50/BundleSheaf_amazon_ratings_fold3_seed43.pt
Saved node norms to /home/fguadagn/FMG_Master_Thesis/neural-sheaf-diffusion-modified/results/node_norms/amazon_ratings/BundleSheaf/normalised-false/stalk_dim-5/5-layers/16-hidden/500-epochs/checkpoints/epoch-200/BundleSheaf_amazon_ratings_fold3_seed43.pt
Saved confidence to /home/fguadagn/FMG_Master_Thesis/neural-sheaf-diffusion-modified/results/node_conf/amazon_ratings/BundleSheaf/normalised-false/stalk_dim-5/5-layers/16-hidden/500-epochs/checkpoints/epoch-200/BundleSheaf_amazon_ratings_fold3_seed43.pt
Saved per-node accuracy to /home/fguadagn/FMG_Master_Thesis/neural-sheaf-diffusion-modified/results/node_accuracy/amazon_ratings/BundleSheaf/normalised-false/stalk_dim-5/5-layers/16-hidden/500-epochs/checkpoints/epoch-200/BundleSheaf_amazon_ratings_fold3_seed43.pt
Saved saliency to /home/fguadagn/FMG_Master_Thesis/neural-sheaf-diffusion-modified/results/node_saliency/amazon_ratings/BundleSheaf/normalised-false/stalk_dim-5/5-layers/16-hidden/500-epochs/checkpoints/epoch-200/BundleSheaf_amazon_ratings_fold3_seed43.pt
Fold 3 | Epochs: 499 | Best epoch: 497
Test acc (best epoch): 0.2899
Test acc (last epoch): 0.2623
Best val acc: 0.3082
Laplacian 0: Max: 0.9975, Min: -1.0000, Avg: -0.1013, Abs avg: 0.3394
Laplacian 1: Max: 1.0000, Min: -1.0000, Avg: -0.0412, Abs avg: 0.3682
Laplacian 2: Max: 1.0000, Min: -1.0000, Avg: -0.0530, Abs avg: 0.2898
Laplacian 3: Max: 0.9632, Min: -1.0000, Avg: -0.1078, Abs avg: 0.3585
Laplacian 4: Max: 0.9444, Min: -1.0000, Avg: -0.0183, Abs avg: 0.3479
Epsilons 0: [ 0.148  0.303  0.071 -0.135 -0.012]
Epsilons 1: [ 0.04   0.008 -0.259 -0.139  0.181]
Epsilons 2: [-0.044  0.041 -0.03  -0.129  0.053]
Epsilons 3: [-0.031  0.024  0.044  0.065  0.063]
Epsilons 4: [-0.75  -0.967 -0.883 -0.866 -0.768]
Saved node norms to /home/fguadagn/FMG_Master_Thesis/neural-sheaf-diffusion-modified/results/node_norms/amazon_ratings/BundleSheaf/normalised-false/stalk_dim-5/5-layers/16-hidden/500-epochs/checkpoints/best-epoch/BundleSheaf_amazon_ratings_fold3_seed43.pt
Saved best-epoch node norms (epoch 497) to checkpoints/best-epoch/
Saved confidence to /home/fguadagn/FMG_Master_Thesis/neural-sheaf-diffusion-modified/results/node_conf/amazon_ratings/BundleSheaf/normalised-false/stalk_dim-5/5-layers/16-hidden/500-epochs/checkpoints/best-epoch/BundleSheaf_amazon_ratings_fold3_seed43.pt
Saved per-node accuracy to /home/fguadagn/FMG_Master_Thesis/neural-sheaf-diffusion-modified/results/node_accuracy/amazon_ratings/BundleSheaf/normalised-false/stalk_dim-5/5-layers/16-hidden/500-epochs/checkpoints/best-epoch/BundleSheaf_amazon_ratings_fold3_seed43.pt
Saved saliency to /home/fguadagn/FMG_Master_Thesis/neural-sheaf-diffusion-modified/results/node_saliency/amazon_ratings/BundleSheaf/normalised-false/stalk_dim-5/5-layers/16-hidden/500-epochs/checkpoints/best-epoch/BundleSheaf_amazon_ratings_fold3_seed43.pt
Saved model weights to /home/fguadagn/FMG_Master_Thesis/neural-sheaf-diffusion-modified/results/model_weights/amazon_ratings/BundleSheaf/normalised-false/stalk_dim-5/5-layers/16-hidden/500-epochs/checkpoints/best-epoch/BundleSheaf_amazon_ratings_fold3_seed43.pth
Saved fold masks to /home/fguadagn/FMG_Master_Thesis/neural-sheaf-diffusion-modified/results/model_weights/amazon_ratings/BundleSheaf/normalised-false/stalk_dim-5/5-layers/16-hidden/500-epochs/checkpoints/best-epoch/BundleSheaf_amazon_ratings_fold3_seed43_masks.pt
Saved best-epoch model weights and masks (epoch 497) to checkpoints/best-epoch/
Updated best_epochs.json: fold_3 -> epoch 497
Saved node norms to /home/fguadagn/FMG_Master_Thesis/neural-sheaf-diffusion-modified/results/node_norms/amazon_ratings/BundleSheaf/normalised-false/stalk_dim-5/5-layers/16-hidden/500-epochs/BundleSheaf_amazon_ratings_fold3_seed43.pt
Saved node predictions to /home/fguadagn/FMG_Master_Thesis/neural-sheaf-diffusion-modified/results/node_preds/amazon_ratings/BundleSheaf/normalised-false/stalk_dim-5/5-layers/16-hidden/500-epochs/BundleSheaf_amazon_ratings_fold3_seed43.pt
Saved confidence to /home/fguadagn/FMG_Master_Thesis/neural-sheaf-diffusion-modified/results/node_conf/amazon_ratings/BundleSheaf/normalised-false/stalk_dim-5/5-layers/16-hidden/500-epochs/BundleSheaf_amazon_ratings_fold3_seed43.pt
Saved per-node accuracy to /home/fguadagn/FMG_Master_Thesis/neural-sheaf-diffusion-modified/results/node_accuracy/amazon_ratings/BundleSheaf/normalised-false/stalk_dim-5/5-layers/16-hidden/500-epochs/BundleSheaf_amazon_ratings_fold3_seed43.pt
Saved saliency to /home/fguadagn/FMG_Master_Thesis/neural-sheaf-diffusion-modified/results/node_saliency/amazon_ratings/BundleSheaf/normalised-false/stalk_dim-5/5-layers/16-hidden/500-epochs/BundleSheaf_amazon_ratings_fold3_seed43.pt
Saved node norms to /home/fguadagn/FMG_Master_Thesis/neural-sheaf-diffusion-modified/results/node_norms/amazon_ratings/BundleSheaf/normalised-false/stalk_dim-5/5-layers/16-hidden/500-epochs/checkpoints/epoch-0/BundleSheaf_amazon_ratings_fold4_seed43.pt
Saved confidence to /home/fguadagn/FMG_Master_Thesis/neural-sheaf-diffusion-modified/results/node_conf/amazon_ratings/BundleSheaf/normalised-false/stalk_dim-5/5-layers/16-hidden/500-epochs/checkpoints/epoch-0/BundleSheaf_amazon_ratings_fold4_seed43.pt
Saved per-node accuracy to /home/fguadagn/FMG_Master_Thesis/neural-sheaf-diffusion-modified/results/node_accuracy/amazon_ratings/BundleSheaf/normalised-false/stalk_dim-5/5-layers/16-hidden/500-epochs/checkpoints/epoch-0/BundleSheaf_amazon_ratings_fold4_seed43.pt
Saved saliency to /home/fguadagn/FMG_Master_Thesis/neural-sheaf-diffusion-modified/results/node_saliency/amazon_ratings/BundleSheaf/normalised-false/stalk_dim-5/5-layers/16-hidden/500-epochs/checkpoints/epoch-0/BundleSheaf_amazon_ratings_fold4_seed43.pt
Saved node norms to /home/fguadagn/FMG_Master_Thesis/neural-sheaf-diffusion-modified/results/node_norms/amazon_ratings/BundleSheaf/normalised-false/stalk_dim-5/5-layers/16-hidden/500-epochs/checkpoints/epoch-1/BundleSheaf_amazon_ratings_fold4_seed43.pt
Saved confidence to /home/fguadagn/FMG_Master_Thesis/neural-sheaf-diffusion-modified/results/node_conf/amazon_ratings/BundleSheaf/normalised-false/stalk_dim-5/5-layers/16-hidden/500-epochs/checkpoints/epoch-1/BundleSheaf_amazon_ratings_fold4_seed43.pt
Saved per-node accuracy to /home/fguadagn/FMG_Master_Thesis/neural-sheaf-diffusion-modified/results/node_accuracy/amazon_ratings/BundleSheaf/normalised-false/stalk_dim-5/5-layers/16-hidden/500-epochs/checkpoints/epoch-1/BundleSheaf_amazon_ratings_fold4_seed43.pt
Saved saliency to /home/fguadagn/FMG_Master_Thesis/neural-sheaf-diffusion-modified/results/node_saliency/amazon_ratings/BundleSheaf/normalised-false/stalk_dim-5/5-layers/16-hidden/500-epochs/checkpoints/epoch-1/BundleSheaf_amazon_ratings_fold4_seed43.pt
Saved node norms to /home/fguadagn/FMG_Master_Thesis/neural-sheaf-diffusion-modified/results/node_norms/amazon_ratings/BundleSheaf/normalised-false/stalk_dim-5/5-layers/16-hidden/500-epochs/checkpoints/epoch-5/BundleSheaf_amazon_ratings_fold4_seed43.pt
Saved confidence to /home/fguadagn/FMG_Master_Thesis/neural-sheaf-diffusion-modified/results/node_conf/amazon_ratings/BundleSheaf/normalised-false/stalk_dim-5/5-layers/16-hidden/500-epochs/checkpoints/epoch-5/BundleSheaf_amazon_ratings_fold4_seed43.pt
Saved per-node accuracy to /home/fguadagn/FMG_Master_Thesis/neural-sheaf-diffusion-modified/results/node_accuracy/amazon_ratings/BundleSheaf/normalised-false/stalk_dim-5/5-layers/16-hidden/500-epochs/checkpoints/epoch-5/BundleSheaf_amazon_ratings_fold4_seed43.pt
Saved saliency to /home/fguadagn/FMG_Master_Thesis/neural-sheaf-diffusion-modified/results/node_saliency/amazon_ratings/BundleSheaf/normalised-false/stalk_dim-5/5-layers/16-hidden/500-epochs/checkpoints/epoch-5/BundleSheaf_amazon_ratings_fold4_seed43.pt
Saved node norms to /home/fguadagn/FMG_Master_Thesis/neural-sheaf-diffusion-modified/results/node_norms/amazon_ratings/BundleSheaf/normalised-false/stalk_dim-5/5-layers/16-hidden/500-epochs/checkpoints/epoch-15/BundleSheaf_amazon_ratings_fold4_seed43.pt
Saved confidence to /home/fguadagn/FMG_Master_Thesis/neural-sheaf-diffusion-modified/results/node_conf/amazon_ratings/BundleSheaf/normalised-false/stalk_dim-5/5-layers/16-hidden/500-epochs/checkpoints/epoch-15/BundleSheaf_amazon_ratings_fold4_seed43.pt
Saved per-node accuracy to /home/fguadagn/FMG_Master_Thesis/neural-sheaf-diffusion-modified/results/node_accuracy/amazon_ratings/BundleSheaf/normalised-false/stalk_dim-5/5-layers/16-hidden/500-epochs/checkpoints/epoch-15/BundleSheaf_amazon_ratings_fold4_seed43.pt
Saved saliency to /home/fguadagn/FMG_Master_Thesis/neural-sheaf-diffusion-modified/results/node_saliency/amazon_ratings/BundleSheaf/normalised-false/stalk_dim-5/5-layers/16-hidden/500-epochs/checkpoints/epoch-15/BundleSheaf_amazon_ratings_fold4_seed43.pt
Saved node norms to /home/fguadagn/FMG_Master_Thesis/neural-sheaf-diffusion-modified/results/node_norms/amazon_ratings/BundleSheaf/normalised-false/stalk_dim-5/5-layers/16-hidden/500-epochs/checkpoints/epoch-50/BundleSheaf_amazon_ratings_fold4_seed43.pt
Saved confidence to /home/fguadagn/FMG_Master_Thesis/neural-sheaf-diffusion-modified/results/node_conf/amazon_ratings/BundleSheaf/normalised-false/stalk_dim-5/5-layers/16-hidden/500-epochs/checkpoints/epoch-50/BundleSheaf_amazon_ratings_fold4_seed43.pt
Saved per-node accuracy to /home/fguadagn/FMG_Master_Thesis/neural-sheaf-diffusion-modified/results/node_accuracy/amazon_ratings/BundleSheaf/normalised-false/stalk_dim-5/5-layers/16-hidden/500-epochs/checkpoints/epoch-50/BundleSheaf_amazon_ratings_fold4_seed43.pt
Saved saliency to /home/fguadagn/FMG_Master_Thesis/neural-sheaf-diffusion-modified/results/node_saliency/amazon_ratings/BundleSheaf/normalised-false/stalk_dim-5/5-layers/16-hidden/500-epochs/checkpoints/epoch-50/BundleSheaf_amazon_ratings_fold4_seed43.pt
Saved node norms to /home/fguadagn/FMG_Master_Thesis/neural-sheaf-diffusion-modified/results/node_norms/amazon_ratings/BundleSheaf/normalised-false/stalk_dim-5/5-layers/16-hidden/500-epochs/checkpoints/epoch-200/BundleSheaf_amazon_ratings_fold4_seed43.pt
Saved confidence to /home/fguadagn/FMG_Master_Thesis/neural-sheaf-diffusion-modified/results/node_conf/amazon_ratings/BundleSheaf/normalised-false/stalk_dim-5/5-layers/16-hidden/500-epochs/checkpoints/epoch-200/BundleSheaf_amazon_ratings_fold4_seed43.pt
Saved per-node accuracy to /home/fguadagn/FMG_Master_Thesis/neural-sheaf-diffusion-modified/results/node_accuracy/amazon_ratings/BundleSheaf/normalised-false/stalk_dim-5/5-layers/16-hidden/500-epochs/checkpoints/epoch-200/BundleSheaf_amazon_ratings_fold4_seed43.pt
Saved saliency to /home/fguadagn/FMG_Master_Thesis/neural-sheaf-diffusion-modified/results/node_saliency/amazon_ratings/BundleSheaf/normalised-false/stalk_dim-5/5-layers/16-hidden/500-epochs/checkpoints/epoch-200/BundleSheaf_amazon_ratings_fold4_seed43.pt
Fold 4 | Epochs: 499 | Best epoch: 495
Test acc (best epoch): 0.2868
Test acc (last epoch): 0.2966
Best val acc: 0.2915
Laplacian 0: Max: 0.9984, Min: -1.0000, Avg: -0.1603, Abs avg: 0.3130
Laplacian 1: Max: 0.9996, Min: -1.0000, Avg: -0.1127, Abs avg: 0.3595
Laplacian 2: Max: 1.0000, Min: -1.0000, Avg: -0.0858, Abs avg: 0.3590
Laplacian 3: Max: 0.9872, Min: -1.0000, Avg: -0.0036, Abs avg: 0.3037
Laplacian 4: Max: 0.9983, Min: -1.0000, Avg: -0.0917, Abs avg: 0.3375
Epsilons 0: [-0.165  0.    -0.002 -0.079 -0.039]
Epsilons 1: [-0.178  0.108  0.006 -0.002 -0.141]
Epsilons 2: [-0.128  0.041  0.135  0.139  0.018]
Epsilons 3: [-0.108 -0.082  0.088  0.029  0.063]
Epsilons 4: [-1.058 -0.408 -0.97  -1.039 -0.773]
Saved node norms to /home/fguadagn/FMG_Master_Thesis/neural-sheaf-diffusion-modified/results/node_norms/amazon_ratings/BundleSheaf/normalised-false/stalk_dim-5/5-layers/16-hidden/500-epochs/checkpoints/best-epoch/BundleSheaf_amazon_ratings_fold4_seed43.pt
Saved best-epoch node norms (epoch 495) to checkpoints/best-epoch/
Saved confidence to /home/fguadagn/FMG_Master_Thesis/neural-sheaf-diffusion-modified/results/node_conf/amazon_ratings/BundleSheaf/normalised-false/stalk_dim-5/5-layers/16-hidden/500-epochs/checkpoints/best-epoch/BundleSheaf_amazon_ratings_fold4_seed43.pt
Saved per-node accuracy to /home/fguadagn/FMG_Master_Thesis/neural-sheaf-diffusion-modified/results/node_accuracy/amazon_ratings/BundleSheaf/normalised-false/stalk_dim-5/5-layers/16-hidden/500-epochs/checkpoints/best-epoch/BundleSheaf_amazon_ratings_fold4_seed43.pt
Saved saliency to /home/fguadagn/FMG_Master_Thesis/neural-sheaf-diffusion-modified/results/node_saliency/amazon_ratings/BundleSheaf/normalised-false/stalk_dim-5/5-layers/16-hidden/500-epochs/checkpoints/best-epoch/BundleSheaf_amazon_ratings_fold4_seed43.pt
Saved model weights to /home/fguadagn/FMG_Master_Thesis/neural-sheaf-diffusion-modified/results/model_weights/amazon_ratings/BundleSheaf/normalised-false/stalk_dim-5/5-layers/16-hidden/500-epochs/checkpoints/best-epoch/BundleSheaf_amazon_ratings_fold4_seed43.pth
Saved fold masks to /home/fguadagn/FMG_Master_Thesis/neural-sheaf-diffusion-modified/results/model_weights/amazon_ratings/BundleSheaf/normalised-false/stalk_dim-5/5-layers/16-hidden/500-epochs/checkpoints/best-epoch/BundleSheaf_amazon_ratings_fold4_seed43_masks.pt
Saved best-epoch model weights and masks (epoch 495) to checkpoints/best-epoch/
Updated best_epochs.json: fold_4 -> epoch 495
Saved node norms to /home/fguadagn/FMG_Master_Thesis/neural-sheaf-diffusion-modified/results/node_norms/amazon_ratings/BundleSheaf/normalised-false/stalk_dim-5/5-layers/16-hidden/500-epochs/BundleSheaf_amazon_ratings_fold4_seed43.pt
Saved node predictions to /home/fguadagn/FMG_Master_Thesis/neural-sheaf-diffusion-modified/results/node_preds/amazon_ratings/BundleSheaf/normalised-false/stalk_dim-5/5-layers/16-hidden/500-epochs/BundleSheaf_amazon_ratings_fold4_seed43.pt
Saved confidence to /home/fguadagn/FMG_Master_Thesis/neural-sheaf-diffusion-modified/results/node_conf/amazon_ratings/BundleSheaf/normalised-false/stalk_dim-5/5-layers/16-hidden/500-epochs/BundleSheaf_amazon_ratings_fold4_seed43.pt
Saved per-node accuracy to /home/fguadagn/FMG_Master_Thesis/neural-sheaf-diffusion-modified/results/node_accuracy/amazon_ratings/BundleSheaf/normalised-false/stalk_dim-5/5-layers/16-hidden/500-epochs/BundleSheaf_amazon_ratings_fold4_seed43.pt
Saved saliency to /home/fguadagn/FMG_Master_Thesis/neural-sheaf-diffusion-modified/results/node_saliency/amazon_ratings/BundleSheaf/normalised-false/stalk_dim-5/5-layers/16-hidden/500-epochs/BundleSheaf_amazon_ratings_fold4_seed43.pt
Saved node norms to /home/fguadagn/FMG_Master_Thesis/neural-sheaf-diffusion-modified/results/node_norms/amazon_ratings/BundleSheaf/normalised-false/stalk_dim-5/5-layers/16-hidden/500-epochs/checkpoints/epoch-0/BundleSheaf_amazon_ratings_fold5_seed43.pt
Saved confidence to /home/fguadagn/FMG_Master_Thesis/neural-sheaf-diffusion-modified/results/node_conf/amazon_ratings/BundleSheaf/normalised-false/stalk_dim-5/5-layers/16-hidden/500-epochs/checkpoints/epoch-0/BundleSheaf_amazon_ratings_fold5_seed43.pt
Saved per-node accuracy to /home/fguadagn/FMG_Master_Thesis/neural-sheaf-diffusion-modified/results/node_accuracy/amazon_ratings/BundleSheaf/normalised-false/stalk_dim-5/5-layers/16-hidden/500-epochs/checkpoints/epoch-0/BundleSheaf_amazon_ratings_fold5_seed43.pt
Saved saliency to /home/fguadagn/FMG_Master_Thesis/neural-sheaf-diffusion-modified/results/node_saliency/amazon_ratings/BundleSheaf/normalised-false/stalk_dim-5/5-layers/16-hidden/500-epochs/checkpoints/epoch-0/BundleSheaf_amazon_ratings_fold5_seed43.pt
Saved node norms to /home/fguadagn/FMG_Master_Thesis/neural-sheaf-diffusion-modified/results/node_norms/amazon_ratings/BundleSheaf/normalised-false/stalk_dim-5/5-layers/16-hidden/500-epochs/checkpoints/epoch-1/BundleSheaf_amazon_ratings_fold5_seed43.pt
Saved confidence to /home/fguadagn/FMG_Master_Thesis/neural-sheaf-diffusion-modified/results/node_conf/amazon_ratings/BundleSheaf/normalised-false/stalk_dim-5/5-layers/16-hidden/500-epochs/checkpoints/epoch-1/BundleSheaf_amazon_ratings_fold5_seed43.pt
Saved per-node accuracy to /home/fguadagn/FMG_Master_Thesis/neural-sheaf-diffusion-modified/results/node_accuracy/amazon_ratings/BundleSheaf/normalised-false/stalk_dim-5/5-layers/16-hidden/500-epochs/checkpoints/epoch-1/BundleSheaf_amazon_ratings_fold5_seed43.pt
Saved saliency to /home/fguadagn/FMG_Master_Thesis/neural-sheaf-diffusion-modified/results/node_saliency/amazon_ratings/BundleSheaf/normalised-false/stalk_dim-5/5-layers/16-hidden/500-epochs/checkpoints/epoch-1/BundleSheaf_amazon_ratings_fold5_seed43.pt
Saved node norms to /home/fguadagn/FMG_Master_Thesis/neural-sheaf-diffusion-modified/results/node_norms/amazon_ratings/BundleSheaf/normalised-false/stalk_dim-5/5-layers/16-hidden/500-epochs/checkpoints/epoch-5/BundleSheaf_amazon_ratings_fold5_seed43.pt
Saved confidence to /home/fguadagn/FMG_Master_Thesis/neural-sheaf-diffusion-modified/results/node_conf/amazon_ratings/BundleSheaf/normalised-false/stalk_dim-5/5-layers/16-hidden/500-epochs/checkpoints/epoch-5/BundleSheaf_amazon_ratings_fold5_seed43.pt
Saved per-node accuracy to /home/fguadagn/FMG_Master_Thesis/neural-sheaf-diffusion-modified/results/node_accuracy/amazon_ratings/BundleSheaf/normalised-false/stalk_dim-5/5-layers/16-hidden/500-epochs/checkpoints/epoch-5/BundleSheaf_amazon_ratings_fold5_seed43.pt
Saved saliency to /home/fguadagn/FMG_Master_Thesis/neural-sheaf-diffusion-modified/results/node_saliency/amazon_ratings/BundleSheaf/normalised-false/stalk_dim-5/5-layers/16-hidden/500-epochs/checkpoints/epoch-5/BundleSheaf_amazon_ratings_fold5_seed43.pt
Saved node norms to /home/fguadagn/FMG_Master_Thesis/neural-sheaf-diffusion-modified/results/node_norms/amazon_ratings/BundleSheaf/normalised-false/stalk_dim-5/5-layers/16-hidden/500-epochs/checkpoints/epoch-15/BundleSheaf_amazon_ratings_fold5_seed43.pt
Saved confidence to /home/fguadagn/FMG_Master_Thesis/neural-sheaf-diffusion-modified/results/node_conf/amazon_ratings/BundleSheaf/normalised-false/stalk_dim-5/5-layers/16-hidden/500-epochs/checkpoints/epoch-15/BundleSheaf_amazon_ratings_fold5_seed43.pt
Saved per-node accuracy to /home/fguadagn/FMG_Master_Thesis/neural-sheaf-diffusion-modified/results/node_accuracy/amazon_ratings/BundleSheaf/normalised-false/stalk_dim-5/5-layers/16-hidden/500-epochs/checkpoints/epoch-15/BundleSheaf_amazon_ratings_fold5_seed43.pt
Saved saliency to /home/fguadagn/FMG_Master_Thesis/neural-sheaf-diffusion-modified/results/node_saliency/amazon_ratings/BundleSheaf/normalised-false/stalk_dim-5/5-layers/16-hidden/500-epochs/checkpoints/epoch-15/BundleSheaf_amazon_ratings_fold5_seed43.pt
Saved node norms to /home/fguadagn/FMG_Master_Thesis/neural-sheaf-diffusion-modified/results/node_norms/amazon_ratings/BundleSheaf/normalised-false/stalk_dim-5/5-layers/16-hidden/500-epochs/checkpoints/epoch-50/BundleSheaf_amazon_ratings_fold5_seed43.pt
Saved confidence to /home/fguadagn/FMG_Master_Thesis/neural-sheaf-diffusion-modified/results/node_conf/amazon_ratings/BundleSheaf/normalised-false/stalk_dim-5/5-layers/16-hidden/500-epochs/checkpoints/epoch-50/BundleSheaf_amazon_ratings_fold5_seed43.pt
Saved per-node accuracy to /home/fguadagn/FMG_Master_Thesis/neural-sheaf-diffusion-modified/results/node_accuracy/amazon_ratings/BundleSheaf/normalised-false/stalk_dim-5/5-layers/16-hidden/500-epochs/checkpoints/epoch-50/BundleSheaf_amazon_ratings_fold5_seed43.pt
Saved saliency to /home/fguadagn/FMG_Master_Thesis/neural-sheaf-diffusion-modified/results/node_saliency/amazon_ratings/BundleSheaf/normalised-false/stalk_dim-5/5-layers/16-hidden/500-epochs/checkpoints/epoch-50/BundleSheaf_amazon_ratings_fold5_seed43.pt
Saved node norms to /home/fguadagn/FMG_Master_Thesis/neural-sheaf-diffusion-modified/results/node_norms/amazon_ratings/BundleSheaf/normalised-false/stalk_dim-5/5-layers/16-hidden/500-epochs/checkpoints/epoch-200/BundleSheaf_amazon_ratings_fold5_seed43.pt
Saved confidence to /home/fguadagn/FMG_Master_Thesis/neural-sheaf-diffusion-modified/results/node_conf/amazon_ratings/BundleSheaf/normalised-false/stalk_dim-5/5-layers/16-hidden/500-epochs/checkpoints/epoch-200/BundleSheaf_amazon_ratings_fold5_seed43.pt
Saved per-node accuracy to /home/fguadagn/FMG_Master_Thesis/neural-sheaf-diffusion-modified/results/node_accuracy/amazon_ratings/BundleSheaf/normalised-false/stalk_dim-5/5-layers/16-hidden/500-epochs/checkpoints/epoch-200/BundleSheaf_amazon_ratings_fold5_seed43.pt
Saved saliency to /home/fguadagn/FMG_Master_Thesis/neural-sheaf-diffusion-modified/results/node_saliency/amazon_ratings/BundleSheaf/normalised-false/stalk_dim-5/5-layers/16-hidden/500-epochs/checkpoints/epoch-200/BundleSheaf_amazon_ratings_fold5_seed43.pt
Fold 5 | Epochs: 499 | Best epoch: 476
Test acc (best epoch): 0.1877
Test acc (last epoch): 0.1767
Best val acc: 0.1921
Laplacian 0: Max: 0.9921, Min: -1.0000, Avg: -0.1850, Abs avg: 0.3002
Laplacian 1: Max: 0.9978, Min: -1.0000, Avg: -0.0816, Abs avg: 0.3627
Laplacian 2: Max: 0.9986, Min: -1.0000, Avg: -0.0417, Abs avg: 0.3233
Laplacian 3: Max: 0.9999, Min: -1.0000, Avg: -0.0734, Abs avg: 0.3669
Laplacian 4: Max: 0.9614, Min: -1.0000, Avg: -0.1458, Abs avg: 0.2445
Epsilons 0: [-0.114 -0.059 -0.081  0.066 -0.072]
Epsilons 1: [-0.024 -0.002  0.053  0.074 -0.088]
Epsilons 2: [-0.063  0.059 -0.065  0.096 -0.056]
Epsilons 3: [ 0.124 -0.113 -0.    -0.068 -0.213]
Epsilons 4: [-1.007 -0.797 -0.445 -0.891 -0.871]
Saved node norms to /home/fguadagn/FMG_Master_Thesis/neural-sheaf-diffusion-modified/results/node_norms/amazon_ratings/BundleSheaf/normalised-false/stalk_dim-5/5-layers/16-hidden/500-epochs/checkpoints/best-epoch/BundleSheaf_amazon_ratings_fold5_seed43.pt
Saved best-epoch node norms (epoch 476) to checkpoints/best-epoch/
Saved confidence to /home/fguadagn/FMG_Master_Thesis/neural-sheaf-diffusion-modified/results/node_conf/amazon_ratings/BundleSheaf/normalised-false/stalk_dim-5/5-layers/16-hidden/500-epochs/checkpoints/best-epoch/BundleSheaf_amazon_ratings_fold5_seed43.pt
Saved per-node accuracy to /home/fguadagn/FMG_Master_Thesis/neural-sheaf-diffusion-modified/results/node_accuracy/amazon_ratings/BundleSheaf/normalised-false/stalk_dim-5/5-layers/16-hidden/500-epochs/checkpoints/best-epoch/BundleSheaf_amazon_ratings_fold5_seed43.pt
Saved saliency to /home/fguadagn/FMG_Master_Thesis/neural-sheaf-diffusion-modified/results/node_saliency/amazon_ratings/BundleSheaf/normalised-false/stalk_dim-5/5-layers/16-hidden/500-epochs/checkpoints/best-epoch/BundleSheaf_amazon_ratings_fold5_seed43.pt
Saved model weights to /home/fguadagn/FMG_Master_Thesis/neural-sheaf-diffusion-modified/results/model_weights/amazon_ratings/BundleSheaf/normalised-false/stalk_dim-5/5-layers/16-hidden/500-epochs/checkpoints/best-epoch/BundleSheaf_amazon_ratings_fold5_seed43.pth
Saved fold masks to /home/fguadagn/FMG_Master_Thesis/neural-sheaf-diffusion-modified/results/model_weights/amazon_ratings/BundleSheaf/normalised-false/stalk_dim-5/5-layers/16-hidden/500-epochs/checkpoints/best-epoch/BundleSheaf_amazon_ratings_fold5_seed43_masks.pt
Saved best-epoch model weights and masks (epoch 476) to checkpoints/best-epoch/
Updated best_epochs.json: fold_5 -> epoch 476
Saved node norms to /home/fguadagn/FMG_Master_Thesis/neural-sheaf-diffusion-modified/results/node_norms/amazon_ratings/BundleSheaf/normalised-false/stalk_dim-5/5-layers/16-hidden/500-epochs/BundleSheaf_amazon_ratings_fold5_seed43.pt
Saved node predictions to /home/fguadagn/FMG_Master_Thesis/neural-sheaf-diffusion-modified/results/node_preds/amazon_ratings/BundleSheaf/normalised-false/stalk_dim-5/5-layers/16-hidden/500-epochs/BundleSheaf_amazon_ratings_fold5_seed43.pt
Saved confidence to /home/fguadagn/FMG_Master_Thesis/neural-sheaf-diffusion-modified/results/node_conf/amazon_ratings/BundleSheaf/normalised-false/stalk_dim-5/5-layers/16-hidden/500-epochs/BundleSheaf_amazon_ratings_fold5_seed43.pt
Saved per-node accuracy to /home/fguadagn/FMG_Master_Thesis/neural-sheaf-diffusion-modified/results/node_accuracy/amazon_ratings/BundleSheaf/normalised-false/stalk_dim-5/5-layers/16-hidden/500-epochs/BundleSheaf_amazon_ratings_fold5_seed43.pt
Saved saliency to /home/fguadagn/FMG_Master_Thesis/neural-sheaf-diffusion-modified/results/node_saliency/amazon_ratings/BundleSheaf/normalised-false/stalk_dim-5/5-layers/16-hidden/500-epochs/BundleSheaf_amazon_ratings_fold5_seed43.pt
Saved node norms to /home/fguadagn/FMG_Master_Thesis/neural-sheaf-diffusion-modified/results/node_norms/amazon_ratings/BundleSheaf/normalised-false/stalk_dim-5/5-layers/16-hidden/500-epochs/checkpoints/epoch-0/BundleSheaf_amazon_ratings_fold6_seed43.pt
Saved confidence to /home/fguadagn/FMG_Master_Thesis/neural-sheaf-diffusion-modified/results/node_conf/amazon_ratings/BundleSheaf/normalised-false/stalk_dim-5/5-layers/16-hidden/500-epochs/checkpoints/epoch-0/BundleSheaf_amazon_ratings_fold6_seed43.pt
Saved per-node accuracy to /home/fguadagn/FMG_Master_Thesis/neural-sheaf-diffusion-modified/results/node_accuracy/amazon_ratings/BundleSheaf/normalised-false/stalk_dim-5/5-layers/16-hidden/500-epochs/checkpoints/epoch-0/BundleSheaf_amazon_ratings_fold6_seed43.pt
Saved saliency to /home/fguadagn/FMG_Master_Thesis/neural-sheaf-diffusion-modified/results/node_saliency/amazon_ratings/BundleSheaf/normalised-false/stalk_dim-5/5-layers/16-hidden/500-epochs/checkpoints/epoch-0/BundleSheaf_amazon_ratings_fold6_seed43.pt
Saved node norms to /home/fguadagn/FMG_Master_Thesis/neural-sheaf-diffusion-modified/results/node_norms/amazon_ratings/BundleSheaf/normalised-false/stalk_dim-5/5-layers/16-hidden/500-epochs/checkpoints/epoch-1/BundleSheaf_amazon_ratings_fold6_seed43.pt
Saved confidence to /home/fguadagn/FMG_Master_Thesis/neural-sheaf-diffusion-modified/results/node_conf/amazon_ratings/BundleSheaf/normalised-false/stalk_dim-5/5-layers/16-hidden/500-epochs/checkpoints/epoch-1/BundleSheaf_amazon_ratings_fold6_seed43.pt
Saved per-node accuracy to /home/fguadagn/FMG_Master_Thesis/neural-sheaf-diffusion-modified/results/node_accuracy/amazon_ratings/BundleSheaf/normalised-false/stalk_dim-5/5-layers/16-hidden/500-epochs/checkpoints/epoch-1/BundleSheaf_amazon_ratings_fold6_seed43.pt
Saved saliency to /home/fguadagn/FMG_Master_Thesis/neural-sheaf-diffusion-modified/results/node_saliency/amazon_ratings/BundleSheaf/normalised-false/stalk_dim-5/5-layers/16-hidden/500-epochs/checkpoints/epoch-1/BundleSheaf_amazon_ratings_fold6_seed43.pt
Saved node norms to /home/fguadagn/FMG_Master_Thesis/neural-sheaf-diffusion-modified/results/node_norms/amazon_ratings/BundleSheaf/normalised-false/stalk_dim-5/5-layers/16-hidden/500-epochs/checkpoints/epoch-5/BundleSheaf_amazon_ratings_fold6_seed43.pt
Saved confidence to /home/fguadagn/FMG_Master_Thesis/neural-sheaf-diffusion-modified/results/node_conf/amazon_ratings/BundleSheaf/normalised-false/stalk_dim-5/5-layers/16-hidden/500-epochs/checkpoints/epoch-5/BundleSheaf_amazon_ratings_fold6_seed43.pt
Saved per-node accuracy to /home/fguadagn/FMG_Master_Thesis/neural-sheaf-diffusion-modified/results/node_accuracy/amazon_ratings/BundleSheaf/normalised-false/stalk_dim-5/5-layers/16-hidden/500-epochs/checkpoints/epoch-5/BundleSheaf_amazon_ratings_fold6_seed43.pt
Saved saliency to /home/fguadagn/FMG_Master_Thesis/neural-sheaf-diffusion-modified/results/node_saliency/amazon_ratings/BundleSheaf/normalised-false/stalk_dim-5/5-layers/16-hidden/500-epochs/checkpoints/epoch-5/BundleSheaf_amazon_ratings_fold6_seed43.pt
Saved node norms to /home/fguadagn/FMG_Master_Thesis/neural-sheaf-diffusion-modified/results/node_norms/amazon_ratings/BundleSheaf/normalised-false/stalk_dim-5/5-layers/16-hidden/500-epochs/checkpoints/epoch-15/BundleSheaf_amazon_ratings_fold6_seed43.pt
Saved confidence to /home/fguadagn/FMG_Master_Thesis/neural-sheaf-diffusion-modified/results/node_conf/amazon_ratings/BundleSheaf/normalised-false/stalk_dim-5/5-layers/16-hidden/500-epochs/checkpoints/epoch-15/BundleSheaf_amazon_ratings_fold6_seed43.pt
Saved per-node accuracy to /home/fguadagn/FMG_Master_Thesis/neural-sheaf-diffusion-modified/results/node_accuracy/amazon_ratings/BundleSheaf/normalised-false/stalk_dim-5/5-layers/16-hidden/500-epochs/checkpoints/epoch-15/BundleSheaf_amazon_ratings_fold6_seed43.pt
Saved saliency to /home/fguadagn/FMG_Master_Thesis/neural-sheaf-diffusion-modified/results/node_saliency/amazon_ratings/BundleSheaf/normalised-false/stalk_dim-5/5-layers/16-hidden/500-epochs/checkpoints/epoch-15/BundleSheaf_amazon_ratings_fold6_seed43.pt
Saved node norms to /home/fguadagn/FMG_Master_Thesis/neural-sheaf-diffusion-modified/results/node_norms/amazon_ratings/BundleSheaf/normalised-false/stalk_dim-5/5-layers/16-hidden/500-epochs/checkpoints/epoch-50/BundleSheaf_amazon_ratings_fold6_seed43.pt
Saved confidence to /home/fguadagn/FMG_Master_Thesis/neural-sheaf-diffusion-modified/results/node_conf/amazon_ratings/BundleSheaf/normalised-false/stalk_dim-5/5-layers/16-hidden/500-epochs/checkpoints/epoch-50/BundleSheaf_amazon_ratings_fold6_seed43.pt
Saved per-node accuracy to /home/fguadagn/FMG_Master_Thesis/neural-sheaf-diffusion-modified/results/node_accuracy/amazon_ratings/BundleSheaf/normalised-false/stalk_dim-5/5-layers/16-hidden/500-epochs/checkpoints/epoch-50/BundleSheaf_amazon_ratings_fold6_seed43.pt
Saved saliency to /home/fguadagn/FMG_Master_Thesis/neural-sheaf-diffusion-modified/results/node_saliency/amazon_ratings/BundleSheaf/normalised-false/stalk_dim-5/5-layers/16-hidden/500-epochs/checkpoints/epoch-50/BundleSheaf_amazon_ratings_fold6_seed43.pt
Saved node norms to /home/fguadagn/FMG_Master_Thesis/neural-sheaf-diffusion-modified/results/node_norms/amazon_ratings/BundleSheaf/normalised-false/stalk_dim-5/5-layers/16-hidden/500-epochs/checkpoints/epoch-200/BundleSheaf_amazon_ratings_fold6_seed43.pt
Saved confidence to /home/fguadagn/FMG_Master_Thesis/neural-sheaf-diffusion-modified/results/node_conf/amazon_ratings/BundleSheaf/normalised-false/stalk_dim-5/5-layers/16-hidden/500-epochs/checkpoints/epoch-200/BundleSheaf_amazon_ratings_fold6_seed43.pt
Saved per-node accuracy to /home/fguadagn/FMG_Master_Thesis/neural-sheaf-diffusion-modified/results/node_accuracy/amazon_ratings/BundleSheaf/normalised-false/stalk_dim-5/5-layers/16-hidden/500-epochs/checkpoints/epoch-200/BundleSheaf_amazon_ratings_fold6_seed43.pt
Saved saliency to /home/fguadagn/FMG_Master_Thesis/neural-sheaf-diffusion-modified/results/node_saliency/amazon_ratings/BundleSheaf/normalised-false/stalk_dim-5/5-layers/16-hidden/500-epochs/checkpoints/epoch-200/BundleSheaf_amazon_ratings_fold6_seed43.pt
Fold 6 | Epochs: 499 | Best epoch: 490
Test acc (best epoch): 0.3015
Test acc (last epoch): 0.2273
Best val acc: 0.2914
Laplacian 0: Max: 0.9857, Min: -1.0000, Avg: -0.1804, Abs avg: 0.3230
Laplacian 1: Max: 0.9996, Min: -1.0000, Avg: -0.0144, Abs avg: 0.3731
Laplacian 2: Max: 1.0000, Min: -1.0000, Avg: -0.1128, Abs avg: 0.3074
Laplacian 3: Max: 0.9998, Min: -1.0000, Avg: -0.0279, Abs avg: 0.3582
Laplacian 4: Max: 1.0000, Min: -1.0000, Avg: -0.0623, Abs avg: 0.2963
Epsilons 0: [ 0.131 -0.024 -0.155 -0.08   0.025]
Epsilons 1: [-0.158  0.042 -0.018  0.034 -0.096]
Epsilons 2: [ 0.083  0.044 -0.105  0.085 -0.016]
Epsilons 3: [ 0.036 -0.049 -0.065 -0.112  0.055]
Epsilons 4: [-0.825 -0.937 -0.637 -0.747 -0.664]
Saved node norms to /home/fguadagn/FMG_Master_Thesis/neural-sheaf-diffusion-modified/results/node_norms/amazon_ratings/BundleSheaf/normalised-false/stalk_dim-5/5-layers/16-hidden/500-epochs/checkpoints/best-epoch/BundleSheaf_amazon_ratings_fold6_seed43.pt
Saved best-epoch node norms (epoch 490) to checkpoints/best-epoch/
Saved confidence to /home/fguadagn/FMG_Master_Thesis/neural-sheaf-diffusion-modified/results/node_conf/amazon_ratings/BundleSheaf/normalised-false/stalk_dim-5/5-layers/16-hidden/500-epochs/checkpoints/best-epoch/BundleSheaf_amazon_ratings_fold6_seed43.pt
Saved per-node accuracy to /home/fguadagn/FMG_Master_Thesis/neural-sheaf-diffusion-modified/results/node_accuracy/amazon_ratings/BundleSheaf/normalised-false/stalk_dim-5/5-layers/16-hidden/500-epochs/checkpoints/best-epoch/BundleSheaf_amazon_ratings_fold6_seed43.pt
Saved saliency to /home/fguadagn/FMG_Master_Thesis/neural-sheaf-diffusion-modified/results/node_saliency/amazon_ratings/BundleSheaf/normalised-false/stalk_dim-5/5-layers/16-hidden/500-epochs/checkpoints/best-epoch/BundleSheaf_amazon_ratings_fold6_seed43.pt
Saved model weights to /home/fguadagn/FMG_Master_Thesis/neural-sheaf-diffusion-modified/results/model_weights/amazon_ratings/BundleSheaf/normalised-false/stalk_dim-5/5-layers/16-hidden/500-epochs/checkpoints/best-epoch/BundleSheaf_amazon_ratings_fold6_seed43.pth
Saved fold masks to /home/fguadagn/FMG_Master_Thesis/neural-sheaf-diffusion-modified/results/model_weights/amazon_ratings/BundleSheaf/normalised-false/stalk_dim-5/5-layers/16-hidden/500-epochs/checkpoints/best-epoch/BundleSheaf_amazon_ratings_fold6_seed43_masks.pt
Saved best-epoch model weights and masks (epoch 490) to checkpoints/best-epoch/
Updated best_epochs.json: fold_6 -> epoch 490
Saved node norms to /home/fguadagn/FMG_Master_Thesis/neural-sheaf-diffusion-modified/results/node_norms/amazon_ratings/BundleSheaf/normalised-false/stalk_dim-5/5-layers/16-hidden/500-epochs/BundleSheaf_amazon_ratings_fold6_seed43.pt
Saved node predictions to /home/fguadagn/FMG_Master_Thesis/neural-sheaf-diffusion-modified/results/node_preds/amazon_ratings/BundleSheaf/normalised-false/stalk_dim-5/5-layers/16-hidden/500-epochs/BundleSheaf_amazon_ratings_fold6_seed43.pt
Saved confidence to /home/fguadagn/FMG_Master_Thesis/neural-sheaf-diffusion-modified/results/node_conf/amazon_ratings/BundleSheaf/normalised-false/stalk_dim-5/5-layers/16-hidden/500-epochs/BundleSheaf_amazon_ratings_fold6_seed43.pt
Saved per-node accuracy to /home/fguadagn/FMG_Master_Thesis/neural-sheaf-diffusion-modified/results/node_accuracy/amazon_ratings/BundleSheaf/normalised-false/stalk_dim-5/5-layers/16-hidden/500-epochs/BundleSheaf_amazon_ratings_fold6_seed43.pt
Saved saliency to /home/fguadagn/FMG_Master_Thesis/neural-sheaf-diffusion-modified/results/node_saliency/amazon_ratings/BundleSheaf/normalised-false/stalk_dim-5/5-layers/16-hidden/500-epochs/BundleSheaf_amazon_ratings_fold6_seed43.pt
Saved node norms to /home/fguadagn/FMG_Master_Thesis/neural-sheaf-diffusion-modified/results/node_norms/amazon_ratings/BundleSheaf/normalised-false/stalk_dim-5/5-layers/16-hidden/500-epochs/checkpoints/epoch-0/BundleSheaf_amazon_ratings_fold7_seed43.pt
Saved confidence to /home/fguadagn/FMG_Master_Thesis/neural-sheaf-diffusion-modified/results/node_conf/amazon_ratings/BundleSheaf/normalised-false/stalk_dim-5/5-layers/16-hidden/500-epochs/checkpoints/epoch-0/BundleSheaf_amazon_ratings_fold7_seed43.pt
Saved per-node accuracy to /home/fguadagn/FMG_Master_Thesis/neural-sheaf-diffusion-modified/results/node_accuracy/amazon_ratings/BundleSheaf/normalised-false/stalk_dim-5/5-layers/16-hidden/500-epochs/checkpoints/epoch-0/BundleSheaf_amazon_ratings_fold7_seed43.pt
Saved saliency to /home/fguadagn/FMG_Master_Thesis/neural-sheaf-diffusion-modified/results/node_saliency/amazon_ratings/BundleSheaf/normalised-false/stalk_dim-5/5-layers/16-hidden/500-epochs/checkpoints/epoch-0/BundleSheaf_amazon_ratings_fold7_seed43.pt
Saved node norms to /home/fguadagn/FMG_Master_Thesis/neural-sheaf-diffusion-modified/results/node_norms/amazon_ratings/BundleSheaf/normalised-false/stalk_dim-5/5-layers/16-hidden/500-epochs/checkpoints/epoch-1/BundleSheaf_amazon_ratings_fold7_seed43.pt
Saved confidence to /home/fguadagn/FMG_Master_Thesis/neural-sheaf-diffusion-modified/results/node_conf/amazon_ratings/BundleSheaf/normalised-false/stalk_dim-5/5-layers/16-hidden/500-epochs/checkpoints/epoch-1/BundleSheaf_amazon_ratings_fold7_seed43.pt
Saved per-node accuracy to /home/fguadagn/FMG_Master_Thesis/neural-sheaf-diffusion-modified/results/node_accuracy/amazon_ratings/BundleSheaf/normalised-false/stalk_dim-5/5-layers/16-hidden/500-epochs/checkpoints/epoch-1/BundleSheaf_amazon_ratings_fold7_seed43.pt
Saved saliency to /home/fguadagn/FMG_Master_Thesis/neural-sheaf-diffusion-modified/results/node_saliency/amazon_ratings/BundleSheaf/normalised-false/stalk_dim-5/5-layers/16-hidden/500-epochs/checkpoints/epoch-1/BundleSheaf_amazon_ratings_fold7_seed43.pt
Saved node norms to /home/fguadagn/FMG_Master_Thesis/neural-sheaf-diffusion-modified/results/node_norms/amazon_ratings/BundleSheaf/normalised-false/stalk_dim-5/5-layers/16-hidden/500-epochs/checkpoints/epoch-5/BundleSheaf_amazon_ratings_fold7_seed43.pt
Saved confidence to /home/fguadagn/FMG_Master_Thesis/neural-sheaf-diffusion-modified/results/node_conf/amazon_ratings/BundleSheaf/normalised-false/stalk_dim-5/5-layers/16-hidden/500-epochs/checkpoints/epoch-5/BundleSheaf_amazon_ratings_fold7_seed43.pt
Saved per-node accuracy to /home/fguadagn/FMG_Master_Thesis/neural-sheaf-diffusion-modified/results/node_accuracy/amazon_ratings/BundleSheaf/normalised-false/stalk_dim-5/5-layers/16-hidden/500-epochs/checkpoints/epoch-5/BundleSheaf_amazon_ratings_fold7_seed43.pt
Saved saliency to /home/fguadagn/FMG_Master_Thesis/neural-sheaf-diffusion-modified/results/node_saliency/amazon_ratings/BundleSheaf/normalised-false/stalk_dim-5/5-layers/16-hidden/500-epochs/checkpoints/epoch-5/BundleSheaf_amazon_ratings_fold7_seed43.pt
Saved node norms to /home/fguadagn/FMG_Master_Thesis/neural-sheaf-diffusion-modified/results/node_norms/amazon_ratings/BundleSheaf/normalised-false/stalk_dim-5/5-layers/16-hidden/500-epochs/checkpoints/epoch-15/BundleSheaf_amazon_ratings_fold7_seed43.pt
Saved confidence to /home/fguadagn/FMG_Master_Thesis/neural-sheaf-diffusion-modified/results/node_conf/amazon_ratings/BundleSheaf/normalised-false/stalk_dim-5/5-layers/16-hidden/500-epochs/checkpoints/epoch-15/BundleSheaf_amazon_ratings_fold7_seed43.pt
Saved per-node accuracy to /home/fguadagn/FMG_Master_Thesis/neural-sheaf-diffusion-modified/results/node_accuracy/amazon_ratings/BundleSheaf/normalised-false/stalk_dim-5/5-layers/16-hidden/500-epochs/checkpoints/epoch-15/BundleSheaf_amazon_ratings_fold7_seed43.pt
Saved saliency to /home/fguadagn/FMG_Master_Thesis/neural-sheaf-diffusion-modified/results/node_saliency/amazon_ratings/BundleSheaf/normalised-false/stalk_dim-5/5-layers/16-hidden/500-epochs/checkpoints/epoch-15/BundleSheaf_amazon_ratings_fold7_seed43.pt
Saved node norms to /home/fguadagn/FMG_Master_Thesis/neural-sheaf-diffusion-modified/results/node_norms/amazon_ratings/BundleSheaf/normalised-false/stalk_dim-5/5-layers/16-hidden/500-epochs/checkpoints/epoch-50/BundleSheaf_amazon_ratings_fold7_seed43.pt
Saved confidence to /home/fguadagn/FMG_Master_Thesis/neural-sheaf-diffusion-modified/results/node_conf/amazon_ratings/BundleSheaf/normalised-false/stalk_dim-5/5-layers/16-hidden/500-epochs/checkpoints/epoch-50/BundleSheaf_amazon_ratings_fold7_seed43.pt
Saved per-node accuracy to /home/fguadagn/FMG_Master_Thesis/neural-sheaf-diffusion-modified/results/node_accuracy/amazon_ratings/BundleSheaf/normalised-false/stalk_dim-5/5-layers/16-hidden/500-epochs/checkpoints/epoch-50/BundleSheaf_amazon_ratings_fold7_seed43.pt
Saved saliency to /home/fguadagn/FMG_Master_Thesis/neural-sheaf-diffusion-modified/results/node_saliency/amazon_ratings/BundleSheaf/normalised-false/stalk_dim-5/5-layers/16-hidden/500-epochs/checkpoints/epoch-50/BundleSheaf_amazon_ratings_fold7_seed43.pt
Saved node norms to /home/fguadagn/FMG_Master_Thesis/neural-sheaf-diffusion-modified/results/node_norms/amazon_ratings/BundleSheaf/normalised-false/stalk_dim-5/5-layers/16-hidden/500-epochs/checkpoints/epoch-200/BundleSheaf_amazon_ratings_fold7_seed43.pt
Saved confidence to /home/fguadagn/FMG_Master_Thesis/neural-sheaf-diffusion-modified/results/node_conf/amazon_ratings/BundleSheaf/normalised-false/stalk_dim-5/5-layers/16-hidden/500-epochs/checkpoints/epoch-200/BundleSheaf_amazon_ratings_fold7_seed43.pt
Saved per-node accuracy to /home/fguadagn/FMG_Master_Thesis/neural-sheaf-diffusion-modified/results/node_accuracy/amazon_ratings/BundleSheaf/normalised-false/stalk_dim-5/5-layers/16-hidden/500-epochs/checkpoints/epoch-200/BundleSheaf_amazon_ratings_fold7_seed43.pt
Saved saliency to /home/fguadagn/FMG_Master_Thesis/neural-sheaf-diffusion-modified/results/node_saliency/amazon_ratings/BundleSheaf/normalised-false/stalk_dim-5/5-layers/16-hidden/500-epochs/checkpoints/epoch-200/BundleSheaf_amazon_ratings_fold7_seed43.pt
Fold 7 | Epochs: 499 | Best epoch: 398
Test acc (best epoch): 0.3400
Test acc (last epoch): 0.2953
Best val acc: 0.3253
Laplacian 0: Max: 0.9995, Min: -1.0000, Avg: -0.1301, Abs avg: 0.3432
Laplacian 1: Max: 1.0000, Min: -1.0000, Avg: -0.0732, Abs avg: 0.3658
Laplacian 2: Max: 1.0000, Min: -1.0000, Avg: -0.0609, Abs avg: 0.2852
Laplacian 3: Max: 0.9998, Min: -1.0000, Avg: -0.1181, Abs avg: 0.3587
Laplacian 4: Max: 1.0000, Min: -1.0000, Avg: -0.1532, Abs avg: 0.2435
Epsilons 0: [-0.156  0.03   0.046 -0.062 -0.025]
Epsilons 1: [-0.018 -0.195 -0.142 -0.175 -0.022]
Epsilons 2: [-0.182  0.054  0.198  0.164 -0.108]
Epsilons 3: [ 0.067 -0.043  0.083 -0.198  0.083]
Epsilons 4: [-0.929 -1.279 -1.156 -1.249 -1.042]
Saved node norms to /home/fguadagn/FMG_Master_Thesis/neural-sheaf-diffusion-modified/results/node_norms/amazon_ratings/BundleSheaf/normalised-false/stalk_dim-5/5-layers/16-hidden/500-epochs/checkpoints/best-epoch/BundleSheaf_amazon_ratings_fold7_seed43.pt
Saved best-epoch node norms (epoch 398) to checkpoints/best-epoch/
Saved confidence to /home/fguadagn/FMG_Master_Thesis/neural-sheaf-diffusion-modified/results/node_conf/amazon_ratings/BundleSheaf/normalised-false/stalk_dim-5/5-layers/16-hidden/500-epochs/checkpoints/best-epoch/BundleSheaf_amazon_ratings_fold7_seed43.pt
Saved per-node accuracy to /home/fguadagn/FMG_Master_Thesis/neural-sheaf-diffusion-modified/results/node_accuracy/amazon_ratings/BundleSheaf/normalised-false/stalk_dim-5/5-layers/16-hidden/500-epochs/checkpoints/best-epoch/BundleSheaf_amazon_ratings_fold7_seed43.pt
Saved saliency to /home/fguadagn/FMG_Master_Thesis/neural-sheaf-diffusion-modified/results/node_saliency/amazon_ratings/BundleSheaf/normalised-false/stalk_dim-5/5-layers/16-hidden/500-epochs/checkpoints/best-epoch/BundleSheaf_amazon_ratings_fold7_seed43.pt
Saved model weights to /home/fguadagn/FMG_Master_Thesis/neural-sheaf-diffusion-modified/results/model_weights/amazon_ratings/BundleSheaf/normalised-false/stalk_dim-5/5-layers/16-hidden/500-epochs/checkpoints/best-epoch/BundleSheaf_amazon_ratings_fold7_seed43.pth
Saved fold masks to /home/fguadagn/FMG_Master_Thesis/neural-sheaf-diffusion-modified/results/model_weights/amazon_ratings/BundleSheaf/normalised-false/stalk_dim-5/5-layers/16-hidden/500-epochs/checkpoints/best-epoch/BundleSheaf_amazon_ratings_fold7_seed43_masks.pt
Saved best-epoch model weights and masks (epoch 398) to checkpoints/best-epoch/
Updated best_epochs.json: fold_7 -> epoch 398
Saved node norms to /home/fguadagn/FMG_Master_Thesis/neural-sheaf-diffusion-modified/results/node_norms/amazon_ratings/BundleSheaf/normalised-false/stalk_dim-5/5-layers/16-hidden/500-epochs/BundleSheaf_amazon_ratings_fold7_seed43.pt
Saved node predictions to /home/fguadagn/FMG_Master_Thesis/neural-sheaf-diffusion-modified/results/node_preds/amazon_ratings/BundleSheaf/normalised-false/stalk_dim-5/5-layers/16-hidden/500-epochs/BundleSheaf_amazon_ratings_fold7_seed43.pt
Saved confidence to /home/fguadagn/FMG_Master_Thesis/neural-sheaf-diffusion-modified/results/node_conf/amazon_ratings/BundleSheaf/normalised-false/stalk_dim-5/5-layers/16-hidden/500-epochs/BundleSheaf_amazon_ratings_fold7_seed43.pt
Saved per-node accuracy to /home/fguadagn/FMG_Master_Thesis/neural-sheaf-diffusion-modified/results/node_accuracy/amazon_ratings/BundleSheaf/normalised-false/stalk_dim-5/5-layers/16-hidden/500-epochs/BundleSheaf_amazon_ratings_fold7_seed43.pt
Saved saliency to /home/fguadagn/FMG_Master_Thesis/neural-sheaf-diffusion-modified/results/node_saliency/amazon_ratings/BundleSheaf/normalised-false/stalk_dim-5/5-layers/16-hidden/500-epochs/BundleSheaf_amazon_ratings_fold7_seed43.pt
Saved node norms to /home/fguadagn/FMG_Master_Thesis/neural-sheaf-diffusion-modified/results/node_norms/amazon_ratings/BundleSheaf/normalised-false/stalk_dim-5/5-layers/16-hidden/500-epochs/checkpoints/epoch-0/BundleSheaf_amazon_ratings_fold8_seed43.pt
Saved confidence to /home/fguadagn/FMG_Master_Thesis/neural-sheaf-diffusion-modified/results/node_conf/amazon_ratings/BundleSheaf/normalised-false/stalk_dim-5/5-layers/16-hidden/500-epochs/checkpoints/epoch-0/BundleSheaf_amazon_ratings_fold8_seed43.pt
Saved per-node accuracy to /home/fguadagn/FMG_Master_Thesis/neural-sheaf-diffusion-modified/results/node_accuracy/amazon_ratings/BundleSheaf/normalised-false/stalk_dim-5/5-layers/16-hidden/500-epochs/checkpoints/epoch-0/BundleSheaf_amazon_ratings_fold8_seed43.pt
Saved saliency to /home/fguadagn/FMG_Master_Thesis/neural-sheaf-diffusion-modified/results/node_saliency/amazon_ratings/BundleSheaf/normalised-false/stalk_dim-5/5-layers/16-hidden/500-epochs/checkpoints/epoch-0/BundleSheaf_amazon_ratings_fold8_seed43.pt
Saved node norms to /home/fguadagn/FMG_Master_Thesis/neural-sheaf-diffusion-modified/results/node_norms/amazon_ratings/BundleSheaf/normalised-false/stalk_dim-5/5-layers/16-hidden/500-epochs/checkpoints/epoch-1/BundleSheaf_amazon_ratings_fold8_seed43.pt
Saved confidence to /home/fguadagn/FMG_Master_Thesis/neural-sheaf-diffusion-modified/results/node_conf/amazon_ratings/BundleSheaf/normalised-false/stalk_dim-5/5-layers/16-hidden/500-epochs/checkpoints/epoch-1/BundleSheaf_amazon_ratings_fold8_seed43.pt
Saved per-node accuracy to /home/fguadagn/FMG_Master_Thesis/neural-sheaf-diffusion-modified/results/node_accuracy/amazon_ratings/BundleSheaf/normalised-false/stalk_dim-5/5-layers/16-hidden/500-epochs/checkpoints/epoch-1/BundleSheaf_amazon_ratings_fold8_seed43.pt
Saved saliency to /home/fguadagn/FMG_Master_Thesis/neural-sheaf-diffusion-modified/results/node_saliency/amazon_ratings/BundleSheaf/normalised-false/stalk_dim-5/5-layers/16-hidden/500-epochs/checkpoints/epoch-1/BundleSheaf_amazon_ratings_fold8_seed43.pt
Saved node norms to /home/fguadagn/FMG_Master_Thesis/neural-sheaf-diffusion-modified/results/node_norms/amazon_ratings/BundleSheaf/normalised-false/stalk_dim-5/5-layers/16-hidden/500-epochs/checkpoints/epoch-5/BundleSheaf_amazon_ratings_fold8_seed43.pt
Saved confidence to /home/fguadagn/FMG_Master_Thesis/neural-sheaf-diffusion-modified/results/node_conf/amazon_ratings/BundleSheaf/normalised-false/stalk_dim-5/5-layers/16-hidden/500-epochs/checkpoints/epoch-5/BundleSheaf_amazon_ratings_fold8_seed43.pt
Saved per-node accuracy to /home/fguadagn/FMG_Master_Thesis/neural-sheaf-diffusion-modified/results/node_accuracy/amazon_ratings/BundleSheaf/normalised-false/stalk_dim-5/5-layers/16-hidden/500-epochs/checkpoints/epoch-5/BundleSheaf_amazon_ratings_fold8_seed43.pt
Saved saliency to /home/fguadagn/FMG_Master_Thesis/neural-sheaf-diffusion-modified/results/node_saliency/amazon_ratings/BundleSheaf/normalised-false/stalk_dim-5/5-layers/16-hidden/500-epochs/checkpoints/epoch-5/BundleSheaf_amazon_ratings_fold8_seed43.pt
Saved node norms to /home/fguadagn/FMG_Master_Thesis/neural-sheaf-diffusion-modified/results/node_norms/amazon_ratings/BundleSheaf/normalised-false/stalk_dim-5/5-layers/16-hidden/500-epochs/checkpoints/epoch-15/BundleSheaf_amazon_ratings_fold8_seed43.pt
Saved confidence to /home/fguadagn/FMG_Master_Thesis/neural-sheaf-diffusion-modified/results/node_conf/amazon_ratings/BundleSheaf/normalised-false/stalk_dim-5/5-layers/16-hidden/500-epochs/checkpoints/epoch-15/BundleSheaf_amazon_ratings_fold8_seed43.pt
Saved per-node accuracy to /home/fguadagn/FMG_Master_Thesis/neural-sheaf-diffusion-modified/results/node_accuracy/amazon_ratings/BundleSheaf/normalised-false/stalk_dim-5/5-layers/16-hidden/500-epochs/checkpoints/epoch-15/BundleSheaf_amazon_ratings_fold8_seed43.pt
Saved saliency to /home/fguadagn/FMG_Master_Thesis/neural-sheaf-diffusion-modified/results/node_saliency/amazon_ratings/BundleSheaf/normalised-false/stalk_dim-5/5-layers/16-hidden/500-epochs/checkpoints/epoch-15/BundleSheaf_amazon_ratings_fold8_seed43.pt
Saved node norms to /home/fguadagn/FMG_Master_Thesis/neural-sheaf-diffusion-modified/results/node_norms/amazon_ratings/BundleSheaf/normalised-false/stalk_dim-5/5-layers/16-hidden/500-epochs/checkpoints/epoch-50/BundleSheaf_amazon_ratings_fold8_seed43.pt
Saved confidence to /home/fguadagn/FMG_Master_Thesis/neural-sheaf-diffusion-modified/results/node_conf/amazon_ratings/BundleSheaf/normalised-false/stalk_dim-5/5-layers/16-hidden/500-epochs/checkpoints/epoch-50/BundleSheaf_amazon_ratings_fold8_seed43.pt
Saved per-node accuracy to /home/fguadagn/FMG_Master_Thesis/neural-sheaf-diffusion-modified/results/node_accuracy/amazon_ratings/BundleSheaf/normalised-false/stalk_dim-5/5-layers/16-hidden/500-epochs/checkpoints/epoch-50/BundleSheaf_amazon_ratings_fold8_seed43.pt
Saved saliency to /home/fguadagn/FMG_Master_Thesis/neural-sheaf-diffusion-modified/results/node_saliency/amazon_ratings/BundleSheaf/normalised-false/stalk_dim-5/5-layers/16-hidden/500-epochs/checkpoints/epoch-50/BundleSheaf_amazon_ratings_fold8_seed43.pt
Saved node norms to /home/fguadagn/FMG_Master_Thesis/neural-sheaf-diffusion-modified/results/node_norms/amazon_ratings/BundleSheaf/normalised-false/stalk_dim-5/5-layers/16-hidden/500-epochs/checkpoints/epoch-200/BundleSheaf_amazon_ratings_fold8_seed43.pt
Saved confidence to /home/fguadagn/FMG_Master_Thesis/neural-sheaf-diffusion-modified/results/node_conf/amazon_ratings/BundleSheaf/normalised-false/stalk_dim-5/5-layers/16-hidden/500-epochs/checkpoints/epoch-200/BundleSheaf_amazon_ratings_fold8_seed43.pt
Saved per-node accuracy to /home/fguadagn/FMG_Master_Thesis/neural-sheaf-diffusion-modified/results/node_accuracy/amazon_ratings/BundleSheaf/normalised-false/stalk_dim-5/5-layers/16-hidden/500-epochs/checkpoints/epoch-200/BundleSheaf_amazon_ratings_fold8_seed43.pt
Saved saliency to /home/fguadagn/FMG_Master_Thesis/neural-sheaf-diffusion-modified/results/node_saliency/amazon_ratings/BundleSheaf/normalised-false/stalk_dim-5/5-layers/16-hidden/500-epochs/checkpoints/epoch-200/BundleSheaf_amazon_ratings_fold8_seed43.pt
Fold 8 | Epochs: 499 | Best epoch: 403
Test acc (best epoch): 0.2393
Test acc (last epoch): 0.2543
Best val acc: 0.2290
Laplacian 0: Max: 0.9965, Min: -1.0000, Avg: -0.1578, Abs avg: 0.3066
Laplacian 1: Max: 0.9973, Min: -1.0000, Avg: -0.0489, Abs avg: 0.3715
Laplacian 2: Max: 0.9999, Min: -1.0000, Avg: -0.0395, Abs avg: 0.3374
Laplacian 3: Max: 0.9998, Min: -1.0000, Avg: -0.0423, Abs avg: 0.3334
Laplacian 4: Max: 0.9956, Min: -1.0000, Avg: -0.0491, Abs avg: 0.3416
Epsilons 0: [-0.09  -0.074 -0.126  0.053 -0.032]
Epsilons 1: [-0.119 -0.012 -0.044 -0.108  0.001]
Epsilons 2: [-0.008 -0.065 -0.119  0.02  -0.127]
Epsilons 3: [-0.216  0.149 -0.084  0.164 -0.003]
Epsilons 4: [-0.441 -0.769 -0.406 -0.489 -0.573]
Saved node norms to /home/fguadagn/FMG_Master_Thesis/neural-sheaf-diffusion-modified/results/node_norms/amazon_ratings/BundleSheaf/normalised-false/stalk_dim-5/5-layers/16-hidden/500-epochs/checkpoints/best-epoch/BundleSheaf_amazon_ratings_fold8_seed43.pt
Saved best-epoch node norms (epoch 403) to checkpoints/best-epoch/
Saved confidence to /home/fguadagn/FMG_Master_Thesis/neural-sheaf-diffusion-modified/results/node_conf/amazon_ratings/BundleSheaf/normalised-false/stalk_dim-5/5-layers/16-hidden/500-epochs/checkpoints/best-epoch/BundleSheaf_amazon_ratings_fold8_seed43.pt
Saved per-node accuracy to /home/fguadagn/FMG_Master_Thesis/neural-sheaf-diffusion-modified/results/node_accuracy/amazon_ratings/BundleSheaf/normalised-false/stalk_dim-5/5-layers/16-hidden/500-epochs/checkpoints/best-epoch/BundleSheaf_amazon_ratings_fold8_seed43.pt
Saved saliency to /home/fguadagn/FMG_Master_Thesis/neural-sheaf-diffusion-modified/results/node_saliency/amazon_ratings/BundleSheaf/normalised-false/stalk_dim-5/5-layers/16-hidden/500-epochs/checkpoints/best-epoch/BundleSheaf_amazon_ratings_fold8_seed43.pt
Saved model weights to /home/fguadagn/FMG_Master_Thesis/neural-sheaf-diffusion-modified/results/model_weights/amazon_ratings/BundleSheaf/normalised-false/stalk_dim-5/5-layers/16-hidden/500-epochs/checkpoints/best-epoch/BundleSheaf_amazon_ratings_fold8_seed43.pth
Saved fold masks to /home/fguadagn/FMG_Master_Thesis/neural-sheaf-diffusion-modified/results/model_weights/amazon_ratings/BundleSheaf/normalised-false/stalk_dim-5/5-layers/16-hidden/500-epochs/checkpoints/best-epoch/BundleSheaf_amazon_ratings_fold8_seed43_masks.pt
Saved best-epoch model weights and masks (epoch 403) to checkpoints/best-epoch/
Updated best_epochs.json: fold_8 -> epoch 403
Saved node norms to /home/fguadagn/FMG_Master_Thesis/neural-sheaf-diffusion-modified/results/node_norms/amazon_ratings/BundleSheaf/normalised-false/stalk_dim-5/5-layers/16-hidden/500-epochs/BundleSheaf_amazon_ratings_fold8_seed43.pt
Saved node predictions to /home/fguadagn/FMG_Master_Thesis/neural-sheaf-diffusion-modified/results/node_preds/amazon_ratings/BundleSheaf/normalised-false/stalk_dim-5/5-layers/16-hidden/500-epochs/BundleSheaf_amazon_ratings_fold8_seed43.pt
Saved confidence to /home/fguadagn/FMG_Master_Thesis/neural-sheaf-diffusion-modified/results/node_conf/amazon_ratings/BundleSheaf/normalised-false/stalk_dim-5/5-layers/16-hidden/500-epochs/BundleSheaf_amazon_ratings_fold8_seed43.pt
Saved per-node accuracy to /home/fguadagn/FMG_Master_Thesis/neural-sheaf-diffusion-modified/results/node_accuracy/amazon_ratings/BundleSheaf/normalised-false/stalk_dim-5/5-layers/16-hidden/500-epochs/BundleSheaf_amazon_ratings_fold8_seed43.pt
Saved saliency to /home/fguadagn/FMG_Master_Thesis/neural-sheaf-diffusion-modified/results/node_saliency/amazon_ratings/BundleSheaf/normalised-false/stalk_dim-5/5-layers/16-hidden/500-epochs/BundleSheaf_amazon_ratings_fold8_seed43.pt
Saved node norms to /home/fguadagn/FMG_Master_Thesis/neural-sheaf-diffusion-modified/results/node_norms/amazon_ratings/BundleSheaf/normalised-false/stalk_dim-5/5-layers/16-hidden/500-epochs/checkpoints/epoch-0/BundleSheaf_amazon_ratings_fold9_seed43.pt
Saved confidence to /home/fguadagn/FMG_Master_Thesis/neural-sheaf-diffusion-modified/results/node_conf/amazon_ratings/BundleSheaf/normalised-false/stalk_dim-5/5-layers/16-hidden/500-epochs/checkpoints/epoch-0/BundleSheaf_amazon_ratings_fold9_seed43.pt
Saved per-node accuracy to /home/fguadagn/FMG_Master_Thesis/neural-sheaf-diffusion-modified/results/node_accuracy/amazon_ratings/BundleSheaf/normalised-false/stalk_dim-5/5-layers/16-hidden/500-epochs/checkpoints/epoch-0/BundleSheaf_amazon_ratings_fold9_seed43.pt
Saved saliency to /home/fguadagn/FMG_Master_Thesis/neural-sheaf-diffusion-modified/results/node_saliency/amazon_ratings/BundleSheaf/normalised-false/stalk_dim-5/5-layers/16-hidden/500-epochs/checkpoints/epoch-0/BundleSheaf_amazon_ratings_fold9_seed43.pt
Saved node norms to /home/fguadagn/FMG_Master_Thesis/neural-sheaf-diffusion-modified/results/node_norms/amazon_ratings/BundleSheaf/normalised-false/stalk_dim-5/5-layers/16-hidden/500-epochs/checkpoints/epoch-1/BundleSheaf_amazon_ratings_fold9_seed43.pt
Saved confidence to /home/fguadagn/FMG_Master_Thesis/neural-sheaf-diffusion-modified/results/node_conf/amazon_ratings/BundleSheaf/normalised-false/stalk_dim-5/5-layers/16-hidden/500-epochs/checkpoints/epoch-1/BundleSheaf_amazon_ratings_fold9_seed43.pt
Saved per-node accuracy to /home/fguadagn/FMG_Master_Thesis/neural-sheaf-diffusion-modified/results/node_accuracy/amazon_ratings/BundleSheaf/normalised-false/stalk_dim-5/5-layers/16-hidden/500-epochs/checkpoints/epoch-1/BundleSheaf_amazon_ratings_fold9_seed43.pt
Saved saliency to /home/fguadagn/FMG_Master_Thesis/neural-sheaf-diffusion-modified/results/node_saliency/amazon_ratings/BundleSheaf/normalised-false/stalk_dim-5/5-layers/16-hidden/500-epochs/checkpoints/epoch-1/BundleSheaf_amazon_ratings_fold9_seed43.pt
Saved node norms to /home/fguadagn/FMG_Master_Thesis/neural-sheaf-diffusion-modified/results/node_norms/amazon_ratings/BundleSheaf/normalised-false/stalk_dim-5/5-layers/16-hidden/500-epochs/checkpoints/epoch-5/BundleSheaf_amazon_ratings_fold9_seed43.pt
Saved confidence to /home/fguadagn/FMG_Master_Thesis/neural-sheaf-diffusion-modified/results/node_conf/amazon_ratings/BundleSheaf/normalised-false/stalk_dim-5/5-layers/16-hidden/500-epochs/checkpoints/epoch-5/BundleSheaf_amazon_ratings_fold9_seed43.pt
Saved per-node accuracy to /home/fguadagn/FMG_Master_Thesis/neural-sheaf-diffusion-modified/results/node_accuracy/amazon_ratings/BundleSheaf/normalised-false/stalk_dim-5/5-layers/16-hidden/500-epochs/checkpoints/epoch-5/BundleSheaf_amazon_ratings_fold9_seed43.pt
Saved saliency to /home/fguadagn/FMG_Master_Thesis/neural-sheaf-diffusion-modified/results/node_saliency/amazon_ratings/BundleSheaf/normalised-false/stalk_dim-5/5-layers/16-hidden/500-epochs/checkpoints/epoch-5/BundleSheaf_amazon_ratings_fold9_seed43.pt
Saved node norms to /home/fguadagn/FMG_Master_Thesis/neural-sheaf-diffusion-modified/results/node_norms/amazon_ratings/BundleSheaf/normalised-false/stalk_dim-5/5-layers/16-hidden/500-epochs/checkpoints/epoch-15/BundleSheaf_amazon_ratings_fold9_seed43.pt
Saved confidence to /home/fguadagn/FMG_Master_Thesis/neural-sheaf-diffusion-modified/results/node_conf/amazon_ratings/BundleSheaf/normalised-false/stalk_dim-5/5-layers/16-hidden/500-epochs/checkpoints/epoch-15/BundleSheaf_amazon_ratings_fold9_seed43.pt
Saved per-node accuracy to /home/fguadagn/FMG_Master_Thesis/neural-sheaf-diffusion-modified/results/node_accuracy/amazon_ratings/BundleSheaf/normalised-false/stalk_dim-5/5-layers/16-hidden/500-epochs/checkpoints/epoch-15/BundleSheaf_amazon_ratings_fold9_seed43.pt
Saved saliency to /home/fguadagn/FMG_Master_Thesis/neural-sheaf-diffusion-modified/results/node_saliency/amazon_ratings/BundleSheaf/normalised-false/stalk_dim-5/5-layers/16-hidden/500-epochs/checkpoints/epoch-15/BundleSheaf_amazon_ratings_fold9_seed43.pt
Saved node norms to /home/fguadagn/FMG_Master_Thesis/neural-sheaf-diffusion-modified/results/node_norms/amazon_ratings/BundleSheaf/normalised-false/stalk_dim-5/5-layers/16-hidden/500-epochs/checkpoints/epoch-50/BundleSheaf_amazon_ratings_fold9_seed43.pt
Saved confidence to /home/fguadagn/FMG_Master_Thesis/neural-sheaf-diffusion-modified/results/node_conf/amazon_ratings/BundleSheaf/normalised-false/stalk_dim-5/5-layers/16-hidden/500-epochs/checkpoints/epoch-50/BundleSheaf_amazon_ratings_fold9_seed43.pt
Saved per-node accuracy to /home/fguadagn/FMG_Master_Thesis/neural-sheaf-diffusion-modified/results/node_accuracy/amazon_ratings/BundleSheaf/normalised-false/stalk_dim-5/5-layers/16-hidden/500-epochs/checkpoints/epoch-50/BundleSheaf_amazon_ratings_fold9_seed43.pt
Saved saliency to /home/fguadagn/FMG_Master_Thesis/neural-sheaf-diffusion-modified/results/node_saliency/amazon_ratings/BundleSheaf/normalised-false/stalk_dim-5/5-layers/16-hidden/500-epochs/checkpoints/epoch-50/BundleSheaf_amazon_ratings_fold9_seed43.pt
Saved node norms to /home/fguadagn/FMG_Master_Thesis/neural-sheaf-diffusion-modified/results/node_norms/amazon_ratings/BundleSheaf/normalised-false/stalk_dim-5/5-layers/16-hidden/500-epochs/checkpoints/epoch-200/BundleSheaf_amazon_ratings_fold9_seed43.pt
Saved confidence to /home/fguadagn/FMG_Master_Thesis/neural-sheaf-diffusion-modified/results/node_conf/amazon_ratings/BundleSheaf/normalised-false/stalk_dim-5/5-layers/16-hidden/500-epochs/checkpoints/epoch-200/BundleSheaf_amazon_ratings_fold9_seed43.pt
Saved per-node accuracy to /home/fguadagn/FMG_Master_Thesis/neural-sheaf-diffusion-modified/results/node_accuracy/amazon_ratings/BundleSheaf/normalised-false/stalk_dim-5/5-layers/16-hidden/500-epochs/checkpoints/epoch-200/BundleSheaf_amazon_ratings_fold9_seed43.pt
Saved saliency to /home/fguadagn/FMG_Master_Thesis/neural-sheaf-diffusion-modified/results/node_saliency/amazon_ratings/BundleSheaf/normalised-false/stalk_dim-5/5-layers/16-hidden/500-epochs/checkpoints/epoch-200/BundleSheaf_amazon_ratings_fold9_seed43.pt
Fold 9 | Epochs: 499 | Best epoch: 414
Test acc (best epoch): 0.2623
Test acc (last epoch): 0.3186
Best val acc: 0.2642
Laplacian 0: Max: 0.9999, Min: -1.0000, Avg: -0.1437, Abs avg: 0.3053
Laplacian 1: Max: 1.0000, Min: -1.0000, Avg: 0.0112, Abs avg: 0.3672
Laplacian 2: Max: 0.9892, Min: -1.0000, Avg: -0.1129, Abs avg: 0.3504
Laplacian 3: Max: 0.9999, Min: -1.0000, Avg: 0.0982, Abs avg: 0.3688
Laplacian 4: Max: 1.0000, Min: -1.0000, Avg: -0.1768, Abs avg: 0.2373
Epsilons 0: [-0.04  -0.059 -0.209  0.213  0.109]
Epsilons 1: [-0.086 -0.098 -0.022  0.197  0.05 ]
Epsilons 2: [ 0.143  0.05   0.209  0.139 -0.021]
Epsilons 3: [-0.073 -0.05  -0.355 -0.312 -0.321]
Epsilons 4: [-1.005 -0.871 -0.823 -0.827 -0.746]
Saved node norms to /home/fguadagn/FMG_Master_Thesis/neural-sheaf-diffusion-modified/results/node_norms/amazon_ratings/BundleSheaf/normalised-false/stalk_dim-5/5-layers/16-hidden/500-epochs/checkpoints/best-epoch/BundleSheaf_amazon_ratings_fold9_seed43.pt
Saved best-epoch node norms (epoch 414) to checkpoints/best-epoch/
Saved confidence to /home/fguadagn/FMG_Master_Thesis/neural-sheaf-diffusion-modified/results/node_conf/amazon_ratings/BundleSheaf/normalised-false/stalk_dim-5/5-layers/16-hidden/500-epochs/checkpoints/best-epoch/BundleSheaf_amazon_ratings_fold9_seed43.pt
Saved per-node accuracy to /home/fguadagn/FMG_Master_Thesis/neural-sheaf-diffusion-modified/results/node_accuracy/amazon_ratings/BundleSheaf/normalised-false/stalk_dim-5/5-layers/16-hidden/500-epochs/checkpoints/best-epoch/BundleSheaf_amazon_ratings_fold9_seed43.pt
Saved saliency to /home/fguadagn/FMG_Master_Thesis/neural-sheaf-diffusion-modified/results/node_saliency/amazon_ratings/BundleSheaf/normalised-false/stalk_dim-5/5-layers/16-hidden/500-epochs/checkpoints/best-epoch/BundleSheaf_amazon_ratings_fold9_seed43.pt
Saved model weights to /home/fguadagn/FMG_Master_Thesis/neural-sheaf-diffusion-modified/results/model_weights/amazon_ratings/BundleSheaf/normalised-false/stalk_dim-5/5-layers/16-hidden/500-epochs/checkpoints/best-epoch/BundleSheaf_amazon_ratings_fold9_seed43.pth
Saved fold masks to /home/fguadagn/FMG_Master_Thesis/neural-sheaf-diffusion-modified/results/model_weights/amazon_ratings/BundleSheaf/normalised-false/stalk_dim-5/5-layers/16-hidden/500-epochs/checkpoints/best-epoch/BundleSheaf_amazon_ratings_fold9_seed43_masks.pt
Saved best-epoch model weights and masks (epoch 414) to checkpoints/best-epoch/
Updated best_epochs.json: fold_9 -> epoch 414
Saved node norms to /home/fguadagn/FMG_Master_Thesis/neural-sheaf-diffusion-modified/results/node_norms/amazon_ratings/BundleSheaf/normalised-false/stalk_dim-5/5-layers/16-hidden/500-epochs/BundleSheaf_amazon_ratings_fold9_seed43.pt
Saved node predictions to /home/fguadagn/FMG_Master_Thesis/neural-sheaf-diffusion-modified/results/node_preds/amazon_ratings/BundleSheaf/normalised-false/stalk_dim-5/5-layers/16-hidden/500-epochs/BundleSheaf_amazon_ratings_fold9_seed43.pt
Saved confidence to /home/fguadagn/FMG_Master_Thesis/neural-sheaf-diffusion-modified/results/node_conf/amazon_ratings/BundleSheaf/normalised-false/stalk_dim-5/5-layers/16-hidden/500-epochs/BundleSheaf_amazon_ratings_fold9_seed43.pt
Saved per-node accuracy to /home/fguadagn/FMG_Master_Thesis/neural-sheaf-diffusion-modified/results/node_accuracy/amazon_ratings/BundleSheaf/normalised-false/stalk_dim-5/5-layers/16-hidden/500-epochs/BundleSheaf_amazon_ratings_fold9_seed43.pt
Saved saliency to /home/fguadagn/FMG_Master_Thesis/neural-sheaf-diffusion-modified/results/node_saliency/amazon_ratings/BundleSheaf/normalised-false/stalk_dim-5/5-layers/16-hidden/500-epochs/BundleSheaf_amazon_ratings_fold9_seed43.pt
BundleSheaf on amazon_ratings | SHA: 76c20f9b6a5a98e71dded402ae983d844519635e
Test acc: 26.2420 +/- 4.1089 | Val acc: 26.1816
