dataset,model,normalised,d,layers,checkpoint,layer,fold,observable,value
amazon_ratings,GeneralSheaf,true,5,5,epoch-0,0,0,degree,-0.0013273425113429582
amazon_ratings,GeneralSheaf,true,5,5,epoch-0,1,0,degree,-0.0007892967845248953
amazon_ratings,GeneralSheaf,true,5,5,epoch-0,2,0,degree,0.0030917861794161243
amazon_ratings,GeneralSheaf,true,5,5,epoch-0,3,0,degree,0.003704256665858157
amazon_ratings,GeneralSheaf,true,5,5,epoch-0,4,0,degree,0.0035154944943096137
amazon_ratings,GeneralSheaf,true,5,5,epoch-0,5,0,degree,0.0052895574662880545
amazon_ratings,GeneralSheaf,true,5,5,epoch-0,0,0,betweenness,0.002904208449898586
amazon_ratings,GeneralSheaf,true,5,5,epoch-0,1,0,betweenness,0.003158407765713352
amazon_ratings,GeneralSheaf,true,5,5,epoch-0,2,0,betweenness,0.005715011601786564
amazon_ratings,GeneralSheaf,true,5,5,epoch-0,3,0,betweenness,0.006273506802439792
amazon_ratings,GeneralSheaf,true,5,5,epoch-0,4,0,betweenness,0.006255161366744863
amazon_ratings,GeneralSheaf,true,5,5,epoch-0,5,0,betweenness,0.007177052850590756
amazon_ratings,GeneralSheaf,true,5,5,epoch-0,0,0,confidence,0.020513928477162567
amazon_ratings,GeneralSheaf,true,5,5,epoch-0,1,0,confidence,0.018574707592770967
amazon_ratings,GeneralSheaf,true,5,5,epoch-0,2,0,confidence,0.0237321307319348
amazon_ratings,GeneralSheaf,true,5,5,epoch-0,3,0,confidence,0.023233765722981334
amazon_ratings,GeneralSheaf,true,5,5,epoch-0,4,0,confidence,0.025139188854624014
amazon_ratings,GeneralSheaf,true,5,5,epoch-0,5,0,confidence,0.023100294734122496
amazon_ratings,GeneralSheaf,true,5,5,epoch-0,0,0,saliency,0.0215611130063048
amazon_ratings,GeneralSheaf,true,5,5,epoch-0,1,0,saliency,0.022242832566451216
amazon_ratings,GeneralSheaf,true,5,5,epoch-0,2,0,saliency,0.023669806409202306
amazon_ratings,GeneralSheaf,true,5,5,epoch-0,3,0,saliency,0.024012010075562817
amazon_ratings,GeneralSheaf,true,5,5,epoch-0,4,0,saliency,0.0242728616482878
amazon_ratings,GeneralSheaf,true,5,5,epoch-0,5,0,saliency,0.025027215031765054
amazon_ratings,GeneralSheaf,true,5,5,epoch-0,0,0,cohens_d_train,0.049633335
amazon_ratings,GeneralSheaf,true,5,5,epoch-0,1,0,cohens_d_train,0.048766848
amazon_ratings,GeneralSheaf,true,5,5,epoch-0,2,0,cohens_d_train,0.04847068
amazon_ratings,GeneralSheaf,true,5,5,epoch-0,3,0,cohens_d_train,0.049020838
amazon_ratings,GeneralSheaf,true,5,5,epoch-0,4,0,cohens_d_train,0.048828445
amazon_ratings,GeneralSheaf,true,5,5,epoch-0,5,0,cohens_d_train,0.04872487
amazon_ratings,GeneralSheaf,true,5,5,epoch-0,0,0,cohens_d_test,0.067469314
amazon_ratings,GeneralSheaf,true,5,5,epoch-0,1,0,cohens_d_test,0.066736996
amazon_ratings,GeneralSheaf,true,5,5,epoch-0,2,0,cohens_d_test,0.06687045
amazon_ratings,GeneralSheaf,true,5,5,epoch-0,3,0,cohens_d_test,0.06759181
amazon_ratings,GeneralSheaf,true,5,5,epoch-0,4,0,cohens_d_test,0.06748978
amazon_ratings,GeneralSheaf,true,5,5,epoch-0,5,0,cohens_d_test,0.06731651
amazon_ratings,GeneralSheaf,true,5,5,epoch-0,0,1,degree,0.0037112380971942222
amazon_ratings,GeneralSheaf,true,5,5,epoch-0,1,1,degree,0.0044439655305492974
amazon_ratings,GeneralSheaf,true,5,5,epoch-0,2,1,degree,0.010815406376067599
amazon_ratings,GeneralSheaf,true,5,5,epoch-0,3,1,degree,0.015158984103549421
amazon_ratings,GeneralSheaf,true,5,5,epoch-0,4,1,degree,0.016467587119724597
amazon_ratings,GeneralSheaf,true,5,5,epoch-0,5,1,degree,0.016481054384518967
amazon_ratings,GeneralSheaf,true,5,5,epoch-0,0,1,betweenness,-0.0004428561585326566
amazon_ratings,GeneralSheaf,true,5,5,epoch-0,1,1,betweenness,-0.00020907925150565062
amazon_ratings,GeneralSheaf,true,5,5,epoch-0,2,1,betweenness,0.0036662654472612776
amazon_ratings,GeneralSheaf,true,5,5,epoch-0,3,1,betweenness,0.006352894415834218
amazon_ratings,GeneralSheaf,true,5,5,epoch-0,4,1,betweenness,0.00723291199164223
amazon_ratings,GeneralSheaf,true,5,5,epoch-0,5,1,betweenness,0.007304464931134195
amazon_ratings,GeneralSheaf,true,5,5,epoch-0,0,1,confidence,0.20750928005391905
amazon_ratings,GeneralSheaf,true,5,5,epoch-0,1,1,confidence,0.20648171506458365
amazon_ratings,GeneralSheaf,true,5,5,epoch-0,2,1,confidence,0.2076117479878879
amazon_ratings,GeneralSheaf,true,5,5,epoch-0,3,1,confidence,0.20585409503592925
amazon_ratings,GeneralSheaf,true,5,5,epoch-0,4,1,confidence,0.20941145658669819
amazon_ratings,GeneralSheaf,true,5,5,epoch-0,5,1,confidence,0.20911525543788317
amazon_ratings,GeneralSheaf,true,5,5,epoch-0,0,1,saliency,-0.01750669300739075
amazon_ratings,GeneralSheaf,true,5,5,epoch-0,1,1,saliency,-0.017107178593735863
amazon_ratings,GeneralSheaf,true,5,5,epoch-0,2,1,saliency,-0.015641070959002235
amazon_ratings,GeneralSheaf,true,5,5,epoch-0,3,1,saliency,-0.014009042881914523
amazon_ratings,GeneralSheaf,true,5,5,epoch-0,4,1,saliency,-0.013304250721355985
amazon_ratings,GeneralSheaf,true,5,5,epoch-0,5,1,saliency,-0.013157216690015811
amazon_ratings,GeneralSheaf,true,5,5,epoch-0,0,1,cohens_d_train,0.1021419
amazon_ratings,GeneralSheaf,true,5,5,epoch-0,1,1,cohens_d_train,0.10255694
amazon_ratings,GeneralSheaf,true,5,5,epoch-0,2,1,cohens_d_train,0.10073803
amazon_ratings,GeneralSheaf,true,5,5,epoch-0,3,1,cohens_d_train,0.101380445
amazon_ratings,GeneralSheaf,true,5,5,epoch-0,4,1,cohens_d_train,0.09988791
amazon_ratings,GeneralSheaf,true,5,5,epoch-0,5,1,cohens_d_train,0.09819556
amazon_ratings,GeneralSheaf,true,5,5,epoch-0,0,1,cohens_d_test,0.060716867
amazon_ratings,GeneralSheaf,true,5,5,epoch-0,1,1,cohens_d_test,0.06086895
amazon_ratings,GeneralSheaf,true,5,5,epoch-0,2,1,cohens_d_test,0.05739849
amazon_ratings,GeneralSheaf,true,5,5,epoch-0,3,1,cohens_d_test,0.05690947
amazon_ratings,GeneralSheaf,true,5,5,epoch-0,4,1,cohens_d_test,0.054301377
amazon_ratings,GeneralSheaf,true,5,5,epoch-0,5,1,cohens_d_test,0.05244702
amazon_ratings,GeneralSheaf,true,5,5,epoch-0,0,2,degree,0.002747970781955606
amazon_ratings,GeneralSheaf,true,5,5,epoch-0,1,2,degree,0.0025435393551119247
amazon_ratings,GeneralSheaf,true,5,5,epoch-0,2,2,degree,0.0075914260666607135
amazon_ratings,GeneralSheaf,true,5,5,epoch-0,3,2,degree,0.0073960163998701995
amazon_ratings,GeneralSheaf,true,5,5,epoch-0,4,2,degree,0.008272719589368668
amazon_ratings,GeneralSheaf,true,5,5,epoch-0,5,2,degree,0.0066244033459977375
amazon_ratings,GeneralSheaf,true,5,5,epoch-0,0,2,betweenness,0.002481997397613704
amazon_ratings,GeneralSheaf,true,5,5,epoch-0,1,2,betweenness,0.0025279496851387333
amazon_ratings,GeneralSheaf,true,5,5,epoch-0,2,2,betweenness,0.005335968332958764
amazon_ratings,GeneralSheaf,true,5,5,epoch-0,3,2,betweenness,0.005261562991767476
amazon_ratings,GeneralSheaf,true,5,5,epoch-0,4,2,betweenness,0.00580622659816497
amazon_ratings,GeneralSheaf,true,5,5,epoch-0,5,2,betweenness,0.00501910395995766
amazon_ratings,GeneralSheaf,true,5,5,epoch-0,0,2,confidence,-0.11350486872095444
amazon_ratings,GeneralSheaf,true,5,5,epoch-0,1,2,confidence,-0.1109515793256282
amazon_ratings,GeneralSheaf,true,5,5,epoch-0,2,2,confidence,-0.10879878707364117
amazon_ratings,GeneralSheaf,true,5,5,epoch-0,3,2,confidence,-0.10869053538797302
amazon_ratings,GeneralSheaf,true,5,5,epoch-0,4,2,confidence,-0.1088938432535215
amazon_ratings,GeneralSheaf,true,5,5,epoch-0,5,2,confidence,-0.1093875203460748
amazon_ratings,GeneralSheaf,true,5,5,epoch-0,0,2,saliency,-0.07294371094196354
amazon_ratings,GeneralSheaf,true,5,5,epoch-0,1,2,saliency,-0.07292930651221038
amazon_ratings,GeneralSheaf,true,5,5,epoch-0,2,2,saliency,-0.07154149238695041
amazon_ratings,GeneralSheaf,true,5,5,epoch-0,3,2,saliency,-0.07138525112527387
amazon_ratings,GeneralSheaf,true,5,5,epoch-0,4,2,saliency,-0.07063637073015402
amazon_ratings,GeneralSheaf,true,5,5,epoch-0,5,2,saliency,-0.07051433066678565
amazon_ratings,GeneralSheaf,true,5,5,epoch-0,0,2,cohens_d_train,0.1850483
amazon_ratings,GeneralSheaf,true,5,5,epoch-0,1,2,cohens_d_train,0.18441889
amazon_ratings,GeneralSheaf,true,5,5,epoch-0,2,2,cohens_d_train,0.18432449
amazon_ratings,GeneralSheaf,true,5,5,epoch-0,3,2,cohens_d_train,0.18443443
amazon_ratings,GeneralSheaf,true,5,5,epoch-0,4,2,cohens_d_train,0.18301749
amazon_ratings,GeneralSheaf,true,5,5,epoch-0,5,2,cohens_d_train,0.18357109
amazon_ratings,GeneralSheaf,true,5,5,epoch-0,0,2,cohens_d_test,0.14199007
amazon_ratings,GeneralSheaf,true,5,5,epoch-0,1,2,cohens_d_test,0.14324462
amazon_ratings,GeneralSheaf,true,5,5,epoch-0,2,2,cohens_d_test,0.14174886
amazon_ratings,GeneralSheaf,true,5,5,epoch-0,3,2,cohens_d_test,0.14045411
amazon_ratings,GeneralSheaf,true,5,5,epoch-0,4,2,cohens_d_test,0.13960664
amazon_ratings,GeneralSheaf,true,5,5,epoch-0,5,2,cohens_d_test,0.14058252
amazon_ratings,GeneralSheaf,true,5,5,epoch-0,0,3,degree,0.002675454595119763
amazon_ratings,GeneralSheaf,true,5,5,epoch-0,1,3,degree,0.007767795669523049
amazon_ratings,GeneralSheaf,true,5,5,epoch-0,2,3,degree,0.010519820252907605
amazon_ratings,GeneralSheaf,true,5,5,epoch-0,3,3,degree,0.016417223223957222
amazon_ratings,GeneralSheaf,true,5,5,epoch-0,4,3,degree,0.01756187546233433
amazon_ratings,GeneralSheaf,true,5,5,epoch-0,5,3,degree,0.016545702686300606
amazon_ratings,GeneralSheaf,true,5,5,epoch-0,0,3,betweenness,0.013742947415530839
amazon_ratings,GeneralSheaf,true,5,5,epoch-0,1,3,betweenness,0.01695248390568656
amazon_ratings,GeneralSheaf,true,5,5,epoch-0,2,3,betweenness,0.01854525894556118
amazon_ratings,GeneralSheaf,true,5,5,epoch-0,3,3,betweenness,0.021611667571128024
amazon_ratings,GeneralSheaf,true,5,5,epoch-0,4,3,betweenness,0.022366338853437622
amazon_ratings,GeneralSheaf,true,5,5,epoch-0,5,3,betweenness,0.021671672999138043
amazon_ratings,GeneralSheaf,true,5,5,epoch-0,0,3,confidence,0.13277678539682305
amazon_ratings,GeneralSheaf,true,5,5,epoch-0,1,3,confidence,0.13280042977551573
amazon_ratings,GeneralSheaf,true,5,5,epoch-0,2,3,confidence,0.13336577453210566
amazon_ratings,GeneralSheaf,true,5,5,epoch-0,3,3,confidence,0.1318839851574733
amazon_ratings,GeneralSheaf,true,5,5,epoch-0,4,3,confidence,0.13149862529684975
amazon_ratings,GeneralSheaf,true,5,5,epoch-0,5,3,confidence,0.1333149351843196
amazon_ratings,GeneralSheaf,true,5,5,epoch-0,0,3,saliency,-0.02741895644134332
amazon_ratings,GeneralSheaf,true,5,5,epoch-0,1,3,saliency,-0.026192484086565916
amazon_ratings,GeneralSheaf,true,5,5,epoch-0,2,3,saliency,-0.025245416078974414
amazon_ratings,GeneralSheaf,true,5,5,epoch-0,3,3,saliency,-0.023913029068268046
amazon_ratings,GeneralSheaf,true,5,5,epoch-0,4,3,saliency,-0.023399753932270326
amazon_ratings,GeneralSheaf,true,5,5,epoch-0,5,3,saliency,-0.02374190133142237
amazon_ratings,GeneralSheaf,true,5,5,epoch-0,0,3,cohens_d_train,0.0019846063
amazon_ratings,GeneralSheaf,true,5,5,epoch-0,1,3,cohens_d_train,0.0013106017
amazon_ratings,GeneralSheaf,true,5,5,epoch-0,2,3,cohens_d_train,0.0009492611
amazon_ratings,GeneralSheaf,true,5,5,epoch-0,3,3,cohens_d_train,0.0008443566
amazon_ratings,GeneralSheaf,true,5,5,epoch-0,4,3,cohens_d_train,0.0008664904
amazon_ratings,GeneralSheaf,true,5,5,epoch-0,5,3,cohens_d_train,0.0010338351
amazon_ratings,GeneralSheaf,true,5,5,epoch-0,0,3,cohens_d_test,0.009537259
amazon_ratings,GeneralSheaf,true,5,5,epoch-0,1,3,cohens_d_test,0.010659093
amazon_ratings,GeneralSheaf,true,5,5,epoch-0,2,3,cohens_d_test,0.011844969
amazon_ratings,GeneralSheaf,true,5,5,epoch-0,3,3,cohens_d_test,0.014410667
amazon_ratings,GeneralSheaf,true,5,5,epoch-0,4,3,cohens_d_test,0.013260561
amazon_ratings,GeneralSheaf,true,5,5,epoch-0,5,3,cohens_d_test,0.013044586
amazon_ratings,GeneralSheaf,true,5,5,epoch-0,0,4,degree,0.0008667145778733984
amazon_ratings,GeneralSheaf,true,5,5,epoch-0,1,4,degree,0.0013227967897684412
amazon_ratings,GeneralSheaf,true,5,5,epoch-0,2,4,degree,0.0005249292538992288
amazon_ratings,GeneralSheaf,true,5,5,epoch-0,3,4,degree,-0.0003303382613128405
amazon_ratings,GeneralSheaf,true,5,5,epoch-0,4,4,degree,-0.0003317587106201149
amazon_ratings,GeneralSheaf,true,5,5,epoch-0,5,4,degree,0.0010286316544900669
amazon_ratings,GeneralSheaf,true,5,5,epoch-0,0,4,betweenness,0.004249693088237243
amazon_ratings,GeneralSheaf,true,5,5,epoch-0,1,4,betweenness,0.004311709963802486
amazon_ratings,GeneralSheaf,true,5,5,epoch-0,2,4,betweenness,0.003972670434994249
amazon_ratings,GeneralSheaf,true,5,5,epoch-0,3,4,betweenness,0.003724062684402981
amazon_ratings,GeneralSheaf,true,5,5,epoch-0,4,4,betweenness,0.0038804374380494184
amazon_ratings,GeneralSheaf,true,5,5,epoch-0,5,4,betweenness,0.004785063101838161
amazon_ratings,GeneralSheaf,true,5,5,epoch-0,0,4,confidence,0.40158603356557404
amazon_ratings,GeneralSheaf,true,5,5,epoch-0,1,4,confidence,0.3993043187679082
amazon_ratings,GeneralSheaf,true,5,5,epoch-0,2,4,confidence,0.40166924267812837
amazon_ratings,GeneralSheaf,true,5,5,epoch-0,3,4,confidence,0.4007733128340158
amazon_ratings,GeneralSheaf,true,5,5,epoch-0,4,4,confidence,0.40079519813639364
amazon_ratings,GeneralSheaf,true,5,5,epoch-0,5,4,confidence,0.40040648078507074
amazon_ratings,GeneralSheaf,true,5,5,epoch-0,0,4,saliency,-0.06340077871481932
amazon_ratings,GeneralSheaf,true,5,5,epoch-0,1,4,saliency,-0.06331632272733899
amazon_ratings,GeneralSheaf,true,5,5,epoch-0,2,4,saliency,-0.06346708127290701
amazon_ratings,GeneralSheaf,true,5,5,epoch-0,3,4,saliency,-0.06304048407226749
amazon_ratings,GeneralSheaf,true,5,5,epoch-0,4,4,saliency,-0.06276299526919168
amazon_ratings,GeneralSheaf,true,5,5,epoch-0,5,4,saliency,-0.06210887780285451
amazon_ratings,GeneralSheaf,true,5,5,epoch-0,0,4,cohens_d_train,0.001082289
amazon_ratings,GeneralSheaf,true,5,5,epoch-0,1,4,cohens_d_train,0.001145033
amazon_ratings,GeneralSheaf,true,5,5,epoch-0,2,4,cohens_d_train,9.197965e-05
amazon_ratings,GeneralSheaf,true,5,5,epoch-0,3,4,cohens_d_train,0.0011143858
amazon_ratings,GeneralSheaf,true,5,5,epoch-0,4,4,cohens_d_train,0.00023846212
amazon_ratings,GeneralSheaf,true,5,5,epoch-0,5,4,cohens_d_train,0.00043047304
amazon_ratings,GeneralSheaf,true,5,5,epoch-0,0,4,cohens_d_test,0.064356446
amazon_ratings,GeneralSheaf,true,5,5,epoch-0,1,4,cohens_d_test,0.06357222
amazon_ratings,GeneralSheaf,true,5,5,epoch-0,2,4,cohens_d_test,0.06463386
amazon_ratings,GeneralSheaf,true,5,5,epoch-0,3,4,cohens_d_test,0.064142555
amazon_ratings,GeneralSheaf,true,5,5,epoch-0,4,4,cohens_d_test,0.06514506
amazon_ratings,GeneralSheaf,true,5,5,epoch-0,5,4,cohens_d_test,0.065330535
amazon_ratings,GeneralSheaf,true,5,5,epoch-0,0,5,degree,-0.0067974925562521256
amazon_ratings,GeneralSheaf,true,5,5,epoch-0,1,5,degree,-0.00563260683557879
amazon_ratings,GeneralSheaf,true,5,5,epoch-0,2,5,degree,0.0009160965688591179
amazon_ratings,GeneralSheaf,true,5,5,epoch-0,3,5,degree,0.005297776328549922
amazon_ratings,GeneralSheaf,true,5,5,epoch-0,4,5,degree,0.006173125384580694
amazon_ratings,GeneralSheaf,true,5,5,epoch-0,5,5,degree,0.004268869878624218
amazon_ratings,GeneralSheaf,true,5,5,epoch-0,0,5,betweenness,0.010730639371833878
amazon_ratings,GeneralSheaf,true,5,5,epoch-0,1,5,betweenness,0.011320352182795214
amazon_ratings,GeneralSheaf,true,5,5,epoch-0,2,5,betweenness,0.015149788142920924
amazon_ratings,GeneralSheaf,true,5,5,epoch-0,3,5,betweenness,0.017646119177916905
amazon_ratings,GeneralSheaf,true,5,5,epoch-0,4,5,betweenness,0.01818596361780781
amazon_ratings,GeneralSheaf,true,5,5,epoch-0,5,5,betweenness,0.017047548550870314
amazon_ratings,GeneralSheaf,true,5,5,epoch-0,0,5,confidence,0.3874501139527909
amazon_ratings,GeneralSheaf,true,5,5,epoch-0,1,5,confidence,0.3861472871510064
amazon_ratings,GeneralSheaf,true,5,5,epoch-0,2,5,confidence,0.3771424919397854
amazon_ratings,GeneralSheaf,true,5,5,epoch-0,3,5,confidence,0.3765526803010835
amazon_ratings,GeneralSheaf,true,5,5,epoch-0,4,5,confidence,0.37665185247389554
amazon_ratings,GeneralSheaf,true,5,5,epoch-0,5,5,confidence,0.37828794550029593
amazon_ratings,GeneralSheaf,true,5,5,epoch-0,0,5,saliency,0.017817543329859756
amazon_ratings,GeneralSheaf,true,5,5,epoch-0,1,5,saliency,0.01824608302748107
amazon_ratings,GeneralSheaf,true,5,5,epoch-0,2,5,saliency,0.02119522486755148
amazon_ratings,GeneralSheaf,true,5,5,epoch-0,3,5,saliency,0.023397803822645964
amazon_ratings,GeneralSheaf,true,5,5,epoch-0,4,5,saliency,0.023998878539409674
amazon_ratings,GeneralSheaf,true,5,5,epoch-0,5,5,saliency,0.023902683743656693
amazon_ratings,GeneralSheaf,true,5,5,epoch-0,0,5,cohens_d_train,0.0581193
amazon_ratings,GeneralSheaf,true,5,5,epoch-0,1,5,cohens_d_train,0.056892168
amazon_ratings,GeneralSheaf,true,5,5,epoch-0,2,5,cohens_d_train,0.052035816
amazon_ratings,GeneralSheaf,true,5,5,epoch-0,3,5,cohens_d_train,0.05110365
amazon_ratings,GeneralSheaf,true,5,5,epoch-0,4,5,cohens_d_train,0.050188743
amazon_ratings,GeneralSheaf,true,5,5,epoch-0,5,5,cohens_d_train,0.051546577
amazon_ratings,GeneralSheaf,true,5,5,epoch-0,0,5,cohens_d_test,0.050208975
amazon_ratings,GeneralSheaf,true,5,5,epoch-0,1,5,cohens_d_test,0.048793294
amazon_ratings,GeneralSheaf,true,5,5,epoch-0,2,5,cohens_d_test,0.04304014
amazon_ratings,GeneralSheaf,true,5,5,epoch-0,3,5,cohens_d_test,0.04107587
amazon_ratings,GeneralSheaf,true,5,5,epoch-0,4,5,cohens_d_test,0.040498585
amazon_ratings,GeneralSheaf,true,5,5,epoch-0,5,5,cohens_d_test,0.0417769
amazon_ratings,GeneralSheaf,true,5,5,epoch-0,0,6,degree,-0.0004538810300368784
amazon_ratings,GeneralSheaf,true,5,5,epoch-0,1,6,degree,0.0004403013108594247
amazon_ratings,GeneralSheaf,true,5,5,epoch-0,2,6,degree,0.0024844981084721717
amazon_ratings,GeneralSheaf,true,5,5,epoch-0,3,6,degree,0.006277090933474061
amazon_ratings,GeneralSheaf,true,5,5,epoch-0,4,6,degree,0.00408731133188874
amazon_ratings,GeneralSheaf,true,5,5,epoch-0,5,6,degree,0.0058742051090406545
amazon_ratings,GeneralSheaf,true,5,5,epoch-0,0,6,betweenness,-0.0012541161873784812
amazon_ratings,GeneralSheaf,true,5,5,epoch-0,1,6,betweenness,-0.0006101356659933046
amazon_ratings,GeneralSheaf,true,5,5,epoch-0,2,6,betweenness,0.0004867375788988472
amazon_ratings,GeneralSheaf,true,5,5,epoch-0,3,6,betweenness,0.0026637695694794314
amazon_ratings,GeneralSheaf,true,5,5,epoch-0,4,6,betweenness,0.0017102876312155182
amazon_ratings,GeneralSheaf,true,5,5,epoch-0,5,6,betweenness,0.0029464737883517504
amazon_ratings,GeneralSheaf,true,5,5,epoch-0,0,6,confidence,0.30291515365907734
amazon_ratings,GeneralSheaf,true,5,5,epoch-0,1,6,confidence,0.3018429987709997
amazon_ratings,GeneralSheaf,true,5,5,epoch-0,2,6,confidence,0.30186429277100263
amazon_ratings,GeneralSheaf,true,5,5,epoch-0,3,6,confidence,0.3022323008704151
amazon_ratings,GeneralSheaf,true,5,5,epoch-0,4,6,confidence,0.3016694165900915
amazon_ratings,GeneralSheaf,true,5,5,epoch-0,5,6,confidence,0.300526526824615
amazon_ratings,GeneralSheaf,true,5,5,epoch-0,0,6,saliency,-0.08660169714441951
amazon_ratings,GeneralSheaf,true,5,5,epoch-0,1,6,saliency,-0.08622917424299086
amazon_ratings,GeneralSheaf,true,5,5,epoch-0,2,6,saliency,-0.08543102547262398
amazon_ratings,GeneralSheaf,true,5,5,epoch-0,3,6,saliency,-0.08407854463465608
amazon_ratings,GeneralSheaf,true,5,5,epoch-0,4,6,saliency,-0.08436260699461529
amazon_ratings,GeneralSheaf,true,5,5,epoch-0,5,6,saliency,-0.08392407978567029
amazon_ratings,GeneralSheaf,true,5,5,epoch-0,0,6,cohens_d_train,0.03352414
amazon_ratings,GeneralSheaf,true,5,5,epoch-0,1,6,cohens_d_train,0.03350399
amazon_ratings,GeneralSheaf,true,5,5,epoch-0,2,6,cohens_d_train,0.032686617
amazon_ratings,GeneralSheaf,true,5,5,epoch-0,3,6,cohens_d_train,0.03320423
amazon_ratings,GeneralSheaf,true,5,5,epoch-0,4,6,cohens_d_train,0.033076152
amazon_ratings,GeneralSheaf,true,5,5,epoch-0,5,6,cohens_d_train,0.033586048
amazon_ratings,GeneralSheaf,true,5,5,epoch-0,0,6,cohens_d_test,0.0032943496
amazon_ratings,GeneralSheaf,true,5,5,epoch-0,1,6,cohens_d_test,0.0031673065
amazon_ratings,GeneralSheaf,true,5,5,epoch-0,2,6,cohens_d_test,0.0018538423
amazon_ratings,GeneralSheaf,true,5,5,epoch-0,3,6,cohens_d_test,0.002683249
amazon_ratings,GeneralSheaf,true,5,5,epoch-0,4,6,cohens_d_test,0.0023583279
amazon_ratings,GeneralSheaf,true,5,5,epoch-0,5,6,cohens_d_test,0.0028317804
amazon_ratings,GeneralSheaf,true,5,5,epoch-0,0,7,degree,0.0019794936194741757
amazon_ratings,GeneralSheaf,true,5,5,epoch-0,1,7,degree,0.0043529807323948195
amazon_ratings,GeneralSheaf,true,5,5,epoch-0,2,7,degree,0.00604338213988045
amazon_ratings,GeneralSheaf,true,5,5,epoch-0,3,7,degree,0.006969339939473885
amazon_ratings,GeneralSheaf,true,5,5,epoch-0,4,7,degree,0.00926988029007279
amazon_ratings,GeneralSheaf,true,5,5,epoch-0,5,7,degree,0.01149212146391068
amazon_ratings,GeneralSheaf,true,5,5,epoch-0,0,7,betweenness,0.0009459844713741333
amazon_ratings,GeneralSheaf,true,5,5,epoch-0,1,7,betweenness,0.00224196323293488
amazon_ratings,GeneralSheaf,true,5,5,epoch-0,2,7,betweenness,0.0033255809096992316
amazon_ratings,GeneralSheaf,true,5,5,epoch-0,3,7,betweenness,0.0039895745471305805
amazon_ratings,GeneralSheaf,true,5,5,epoch-0,4,7,betweenness,0.005268339662669407
amazon_ratings,GeneralSheaf,true,5,5,epoch-0,5,7,betweenness,0.006564504720602697
amazon_ratings,GeneralSheaf,true,5,5,epoch-0,0,7,confidence,0.3538273535399024
amazon_ratings,GeneralSheaf,true,5,5,epoch-0,1,7,confidence,0.3531654826671194
amazon_ratings,GeneralSheaf,true,5,5,epoch-0,2,7,confidence,0.351908345991225
amazon_ratings,GeneralSheaf,true,5,5,epoch-0,3,7,confidence,0.3528814658553605
amazon_ratings,GeneralSheaf,true,5,5,epoch-0,4,7,confidence,0.3535533949096833
amazon_ratings,GeneralSheaf,true,5,5,epoch-0,5,7,confidence,0.3517863173939916
amazon_ratings,GeneralSheaf,true,5,5,epoch-0,0,7,saliency,0.025993499960968947
amazon_ratings,GeneralSheaf,true,5,5,epoch-0,1,7,saliency,0.02651963674150285
amazon_ratings,GeneralSheaf,true,5,5,epoch-0,2,7,saliency,0.026925241600658338
amazon_ratings,GeneralSheaf,true,5,5,epoch-0,3,7,saliency,0.027914441034970695
amazon_ratings,GeneralSheaf,true,5,5,epoch-0,4,7,saliency,0.028829173322559572
amazon_ratings,GeneralSheaf,true,5,5,epoch-0,5,7,saliency,0.02948997674928195
amazon_ratings,GeneralSheaf,true,5,5,epoch-0,0,7,cohens_d_train,0.34774634
amazon_ratings,GeneralSheaf,true,5,5,epoch-0,1,7,cohens_d_train,0.34555802
amazon_ratings,GeneralSheaf,true,5,5,epoch-0,2,7,cohens_d_train,0.34432247
amazon_ratings,GeneralSheaf,true,5,5,epoch-0,3,7,cohens_d_train,0.3418858
amazon_ratings,GeneralSheaf,true,5,5,epoch-0,4,7,cohens_d_train,0.34068412
amazon_ratings,GeneralSheaf,true,5,5,epoch-0,5,7,cohens_d_train,0.3367367
amazon_ratings,GeneralSheaf,true,5,5,epoch-0,0,7,cohens_d_test,0.42986906
amazon_ratings,GeneralSheaf,true,5,5,epoch-0,1,7,cohens_d_test,0.42993036
amazon_ratings,GeneralSheaf,true,5,5,epoch-0,2,7,cohens_d_test,0.42975762
amazon_ratings,GeneralSheaf,true,5,5,epoch-0,3,7,cohens_d_test,0.4305174
amazon_ratings,GeneralSheaf,true,5,5,epoch-0,4,7,cohens_d_test,0.43137822
amazon_ratings,GeneralSheaf,true,5,5,epoch-0,5,7,cohens_d_test,0.43105906
amazon_ratings,GeneralSheaf,true,5,5,epoch-0,0,8,degree,-0.0004792418799014233
amazon_ratings,GeneralSheaf,true,5,5,epoch-0,1,8,degree,0.0006666433321298295
amazon_ratings,GeneralSheaf,true,5,5,epoch-0,2,8,degree,0.006226552580979257
amazon_ratings,GeneralSheaf,true,5,5,epoch-0,3,8,degree,0.008306704537396419
amazon_ratings,GeneralSheaf,true,5,5,epoch-0,4,8,degree,0.010518572205333138
amazon_ratings,GeneralSheaf,true,5,5,epoch-0,5,8,degree,0.012430169346857579
amazon_ratings,GeneralSheaf,true,5,5,epoch-0,0,8,betweenness,0.010650595785061546
amazon_ratings,GeneralSheaf,true,5,5,epoch-0,1,8,betweenness,0.01150746916071653
amazon_ratings,GeneralSheaf,true,5,5,epoch-0,2,8,betweenness,0.015014589422807633
amazon_ratings,GeneralSheaf,true,5,5,epoch-0,3,8,betweenness,0.01624470552552243
amazon_ratings,GeneralSheaf,true,5,5,epoch-0,4,8,betweenness,0.017775335553540363
amazon_ratings,GeneralSheaf,true,5,5,epoch-0,5,8,betweenness,0.018869803586715295
amazon_ratings,GeneralSheaf,true,5,5,epoch-0,0,8,confidence,0.4707872053224938
amazon_ratings,GeneralSheaf,true,5,5,epoch-0,1,8,confidence,0.4713672949527575
amazon_ratings,GeneralSheaf,true,5,5,epoch-0,2,8,confidence,0.471177347037315
amazon_ratings,GeneralSheaf,true,5,5,epoch-0,3,8,confidence,0.47017470060211836
amazon_ratings,GeneralSheaf,true,5,5,epoch-0,4,8,confidence,0.4703992202523004
amazon_ratings,GeneralSheaf,true,5,5,epoch-0,5,8,confidence,0.47148933039926716
amazon_ratings,GeneralSheaf,true,5,5,epoch-0,0,8,saliency,-0.035563640495306206
amazon_ratings,GeneralSheaf,true,5,5,epoch-0,1,8,saliency,-0.03498159944260926
amazon_ratings,GeneralSheaf,true,5,5,epoch-0,2,8,saliency,-0.03251194697679915
amazon_ratings,GeneralSheaf,true,5,5,epoch-0,3,8,saliency,-0.031797805080948864
amazon_ratings,GeneralSheaf,true,5,5,epoch-0,4,8,saliency,-0.031027591869666922
amazon_ratings,GeneralSheaf,true,5,5,epoch-0,5,8,saliency,-0.030224817761161548
amazon_ratings,GeneralSheaf,true,5,5,epoch-0,0,8,cohens_d_train,0.031051114
amazon_ratings,GeneralSheaf,true,5,5,epoch-0,1,8,cohens_d_train,0.031135939
amazon_ratings,GeneralSheaf,true,5,5,epoch-0,2,8,cohens_d_train,0.032752674
amazon_ratings,GeneralSheaf,true,5,5,epoch-0,3,8,cohens_d_train,0.03318511
amazon_ratings,GeneralSheaf,true,5,5,epoch-0,4,8,cohens_d_train,0.033944998
amazon_ratings,GeneralSheaf,true,5,5,epoch-0,5,8,cohens_d_train,0.03443907
amazon_ratings,GeneralSheaf,true,5,5,epoch-0,0,8,cohens_d_test,0.024991468
amazon_ratings,GeneralSheaf,true,5,5,epoch-0,1,8,cohens_d_test,0.025005504
amazon_ratings,GeneralSheaf,true,5,5,epoch-0,2,8,cohens_d_test,0.026616115
amazon_ratings,GeneralSheaf,true,5,5,epoch-0,3,8,cohens_d_test,0.026798796
amazon_ratings,GeneralSheaf,true,5,5,epoch-0,4,8,cohens_d_test,0.02817232
amazon_ratings,GeneralSheaf,true,5,5,epoch-0,5,8,cohens_d_test,0.028326316
amazon_ratings,GeneralSheaf,true,5,5,epoch-0,0,9,degree,0.0042210439730004864
amazon_ratings,GeneralSheaf,true,5,5,epoch-0,1,9,degree,0.007733651950406414
amazon_ratings,GeneralSheaf,true,5,5,epoch-0,2,9,degree,0.012995619431101025
amazon_ratings,GeneralSheaf,true,5,5,epoch-0,3,9,degree,0.013938958869168908
amazon_ratings,GeneralSheaf,true,5,5,epoch-0,4,9,degree,0.015623430335454241
amazon_ratings,GeneralSheaf,true,5,5,epoch-0,5,9,degree,0.01652887444263915
amazon_ratings,GeneralSheaf,true,5,5,epoch-0,0,9,betweenness,-0.0037191328037289293
amazon_ratings,GeneralSheaf,true,5,5,epoch-0,1,9,betweenness,-0.0015122373535944853
amazon_ratings,GeneralSheaf,true,5,5,epoch-0,2,9,betweenness,0.0013701139144548825
amazon_ratings,GeneralSheaf,true,5,5,epoch-0,3,9,betweenness,0.0017910737413188698
amazon_ratings,GeneralSheaf,true,5,5,epoch-0,4,9,betweenness,0.0026746335608410802
amazon_ratings,GeneralSheaf,true,5,5,epoch-0,5,9,betweenness,0.003139063126559067
amazon_ratings,GeneralSheaf,true,5,5,epoch-0,0,9,confidence,0.17913144909902584
amazon_ratings,GeneralSheaf,true,5,5,epoch-0,1,9,confidence,0.1808522482723815
amazon_ratings,GeneralSheaf,true,5,5,epoch-0,2,9,confidence,0.17967147137305575
amazon_ratings,GeneralSheaf,true,5,5,epoch-0,3,9,confidence,0.17938444762330744
amazon_ratings,GeneralSheaf,true,5,5,epoch-0,4,9,confidence,0.17814201460869764
amazon_ratings,GeneralSheaf,true,5,5,epoch-0,5,9,confidence,0.17699895821844544
amazon_ratings,GeneralSheaf,true,5,5,epoch-0,0,9,saliency,-0.0674707576412052
amazon_ratings,GeneralSheaf,true,5,5,epoch-0,1,9,saliency,-0.06619578576041196
amazon_ratings,GeneralSheaf,true,5,5,epoch-0,2,9,saliency,-0.06445487445260362
amazon_ratings,GeneralSheaf,true,5,5,epoch-0,3,9,saliency,-0.06401536335648858
amazon_ratings,GeneralSheaf,true,5,5,epoch-0,4,9,saliency,-0.06364748454249565
amazon_ratings,GeneralSheaf,true,5,5,epoch-0,5,9,saliency,-0.06334484058002121
amazon_ratings,GeneralSheaf,true,5,5,epoch-0,0,9,cohens_d_train,0.0045502884
amazon_ratings,GeneralSheaf,true,5,5,epoch-0,1,9,cohens_d_train,0.0032540876
amazon_ratings,GeneralSheaf,true,5,5,epoch-0,2,9,cohens_d_train,0.0021463546
amazon_ratings,GeneralSheaf,true,5,5,epoch-0,3,9,cohens_d_train,0.001988114
amazon_ratings,GeneralSheaf,true,5,5,epoch-0,4,9,cohens_d_train,0.0012303002
amazon_ratings,GeneralSheaf,true,5,5,epoch-0,5,9,cohens_d_train,0.00021328343
amazon_ratings,GeneralSheaf,true,5,5,epoch-0,0,9,cohens_d_test,0.04936408
amazon_ratings,GeneralSheaf,true,5,5,epoch-0,1,9,cohens_d_test,0.050995354
amazon_ratings,GeneralSheaf,true,5,5,epoch-0,2,9,cohens_d_test,0.053135764
amazon_ratings,GeneralSheaf,true,5,5,epoch-0,3,9,cohens_d_test,0.053441793
amazon_ratings,GeneralSheaf,true,5,5,epoch-0,4,9,cohens_d_test,0.054624174
amazon_ratings,GeneralSheaf,true,5,5,epoch-0,5,9,cohens_d_test,0.055845823
amazon_ratings,GeneralSheaf,true,5,5,epoch-1,0,0,degree,-0.0011416675031961925
amazon_ratings,GeneralSheaf,true,5,5,epoch-1,1,0,degree,0.0006859124475294306
amazon_ratings,GeneralSheaf,true,5,5,epoch-1,2,0,degree,0.004768233048364236
amazon_ratings,GeneralSheaf,true,5,5,epoch-1,3,0,degree,0.008378232241317495
amazon_ratings,GeneralSheaf,true,5,5,epoch-1,4,0,degree,0.0162798077131878
amazon_ratings,GeneralSheaf,true,5,5,epoch-1,5,0,degree,0.018150747540663984
amazon_ratings,GeneralSheaf,true,5,5,epoch-1,0,0,betweenness,0.011013166455837262
amazon_ratings,GeneralSheaf,true,5,5,epoch-1,1,0,betweenness,0.012267839186041662
amazon_ratings,GeneralSheaf,true,5,5,epoch-1,2,0,betweenness,0.014652740543936534
amazon_ratings,GeneralSheaf,true,5,5,epoch-1,3,0,betweenness,0.017247761101724653
amazon_ratings,GeneralSheaf,true,5,5,epoch-1,4,0,betweenness,0.02185753699029551
amazon_ratings,GeneralSheaf,true,5,5,epoch-1,5,0,betweenness,0.022748992667530058
amazon_ratings,GeneralSheaf,true,5,5,epoch-1,0,0,confidence,0.7265341209488393
amazon_ratings,GeneralSheaf,true,5,5,epoch-1,1,0,confidence,0.7271821953964186
amazon_ratings,GeneralSheaf,true,5,5,epoch-1,2,0,confidence,0.7277497024071056
amazon_ratings,GeneralSheaf,true,5,5,epoch-1,3,0,confidence,0.7282696151867032
amazon_ratings,GeneralSheaf,true,5,5,epoch-1,4,0,confidence,0.7286091044008975
amazon_ratings,GeneralSheaf,true,5,5,epoch-1,5,0,confidence,0.7273007429843537
amazon_ratings,GeneralSheaf,true,5,5,epoch-1,0,0,saliency,-0.038519969653992674
amazon_ratings,GeneralSheaf,true,5,5,epoch-1,1,0,saliency,-0.038677476375812765
amazon_ratings,GeneralSheaf,true,5,5,epoch-1,2,0,saliency,-0.03718733771535427
amazon_ratings,GeneralSheaf,true,5,5,epoch-1,3,0,saliency,-0.03519423869982645
amazon_ratings,GeneralSheaf,true,5,5,epoch-1,4,0,saliency,-0.033671120183522446
amazon_ratings,GeneralSheaf,true,5,5,epoch-1,5,0,saliency,-0.03292901009602046
amazon_ratings,GeneralSheaf,true,5,5,epoch-1,0,0,cohens_d_train,0.26629594
amazon_ratings,GeneralSheaf,true,5,5,epoch-1,1,0,cohens_d_train,0.26609758
amazon_ratings,GeneralSheaf,true,5,5,epoch-1,2,0,cohens_d_train,0.26645073
amazon_ratings,GeneralSheaf,true,5,5,epoch-1,3,0,cohens_d_train,0.26835757
amazon_ratings,GeneralSheaf,true,5,5,epoch-1,4,0,cohens_d_train,0.2689694
amazon_ratings,GeneralSheaf,true,5,5,epoch-1,5,0,cohens_d_train,0.26930073
amazon_ratings,GeneralSheaf,true,5,5,epoch-1,0,0,cohens_d_test,0.27185786
amazon_ratings,GeneralSheaf,true,5,5,epoch-1,1,0,cohens_d_test,0.27166292
amazon_ratings,GeneralSheaf,true,5,5,epoch-1,2,0,cohens_d_test,0.27201378
amazon_ratings,GeneralSheaf,true,5,5,epoch-1,3,0,cohens_d_test,0.27467796
amazon_ratings,GeneralSheaf,true,5,5,epoch-1,4,0,cohens_d_test,0.2744766
amazon_ratings,GeneralSheaf,true,5,5,epoch-1,5,0,cohens_d_test,0.2735597
amazon_ratings,GeneralSheaf,true,5,5,epoch-1,0,1,degree,0.0009422392967300966
amazon_ratings,GeneralSheaf,true,5,5,epoch-1,1,1,degree,0.0019363134317544899
amazon_ratings,GeneralSheaf,true,5,5,epoch-1,2,1,degree,0.0101994754849435
amazon_ratings,GeneralSheaf,true,5,5,epoch-1,3,1,degree,0.013488732095696562
amazon_ratings,GeneralSheaf,true,5,5,epoch-1,4,1,degree,0.02154953144837131
amazon_ratings,GeneralSheaf,true,5,5,epoch-1,5,1,degree,0.02402069147297964
amazon_ratings,GeneralSheaf,true,5,5,epoch-1,0,1,betweenness,0.00686813303685436
amazon_ratings,GeneralSheaf,true,5,5,epoch-1,1,1,betweenness,0.007222178026324378
amazon_ratings,GeneralSheaf,true,5,5,epoch-1,2,1,betweenness,0.011841444441933779
amazon_ratings,GeneralSheaf,true,5,5,epoch-1,3,1,betweenness,0.013806163198038297
amazon_ratings,GeneralSheaf,true,5,5,epoch-1,4,1,betweenness,0.01840191678269352
amazon_ratings,GeneralSheaf,true,5,5,epoch-1,5,1,betweenness,0.019969883394964957
amazon_ratings,GeneralSheaf,true,5,5,epoch-1,0,1,confidence,0.8759296031687783
amazon_ratings,GeneralSheaf,true,5,5,epoch-1,1,1,confidence,0.8745975100344763
amazon_ratings,GeneralSheaf,true,5,5,epoch-1,2,1,confidence,0.8741629350397276
amazon_ratings,GeneralSheaf,true,5,5,epoch-1,3,1,confidence,0.8732895125573649
amazon_ratings,GeneralSheaf,true,5,5,epoch-1,4,1,confidence,0.8726154760825837
amazon_ratings,GeneralSheaf,true,5,5,epoch-1,5,1,confidence,0.8683102357387401
amazon_ratings,GeneralSheaf,true,5,5,epoch-1,0,1,saliency,-0.1564443687563222
amazon_ratings,GeneralSheaf,true,5,5,epoch-1,1,1,saliency,-0.15585795175059736
amazon_ratings,GeneralSheaf,true,5,5,epoch-1,2,1,saliency,-0.15380087392111494
amazon_ratings,GeneralSheaf,true,5,5,epoch-1,3,1,saliency,-0.15289379988820379
amazon_ratings,GeneralSheaf,true,5,5,epoch-1,4,1,saliency,-0.15084170281402376
amazon_ratings,GeneralSheaf,true,5,5,epoch-1,5,1,saliency,-0.1494442971478669
amazon_ratings,GeneralSheaf,true,5,5,epoch-1,0,1,cohens_d_train,0.026673252
amazon_ratings,GeneralSheaf,true,5,5,epoch-1,1,1,cohens_d_train,0.02698946
amazon_ratings,GeneralSheaf,true,5,5,epoch-1,2,1,cohens_d_train,0.029994117
amazon_ratings,GeneralSheaf,true,5,5,epoch-1,3,1,cohens_d_train,0.031098172
amazon_ratings,GeneralSheaf,true,5,5,epoch-1,4,1,cohens_d_train,0.0318023
amazon_ratings,GeneralSheaf,true,5,5,epoch-1,5,1,cohens_d_train,0.0332691
amazon_ratings,GeneralSheaf,true,5,5,epoch-1,0,1,cohens_d_test,0.027951198
amazon_ratings,GeneralSheaf,true,5,5,epoch-1,1,1,cohens_d_test,0.02872988
amazon_ratings,GeneralSheaf,true,5,5,epoch-1,2,1,cohens_d_test,0.033614594
amazon_ratings,GeneralSheaf,true,5,5,epoch-1,3,1,cohens_d_test,0.036397185
amazon_ratings,GeneralSheaf,true,5,5,epoch-1,4,1,cohens_d_test,0.039595313
amazon_ratings,GeneralSheaf,true,5,5,epoch-1,5,1,cohens_d_test,0.042469982
amazon_ratings,GeneralSheaf,true,5,5,epoch-1,0,2,degree,1.3755291337534341e-05
amazon_ratings,GeneralSheaf,true,5,5,epoch-1,1,2,degree,0.004215530200604046
amazon_ratings,GeneralSheaf,true,5,5,epoch-1,2,2,degree,0.009007519699772537
amazon_ratings,GeneralSheaf,true,5,5,epoch-1,3,2,degree,0.011138830107087818
amazon_ratings,GeneralSheaf,true,5,5,epoch-1,4,2,degree,0.013483614476947198
amazon_ratings,GeneralSheaf,true,5,5,epoch-1,5,2,degree,0.018615271509814537
amazon_ratings,GeneralSheaf,true,5,5,epoch-1,0,2,betweenness,0.01289790219813522
amazon_ratings,GeneralSheaf,true,5,5,epoch-1,1,2,betweenness,0.015379512899470453
amazon_ratings,GeneralSheaf,true,5,5,epoch-1,2,2,betweenness,0.018277466369439662
amazon_ratings,GeneralSheaf,true,5,5,epoch-1,3,2,betweenness,0.01971514716198814
amazon_ratings,GeneralSheaf,true,5,5,epoch-1,4,2,betweenness,0.0210074462069783
amazon_ratings,GeneralSheaf,true,5,5,epoch-1,5,2,betweenness,0.023984229125440973
amazon_ratings,GeneralSheaf,true,5,5,epoch-1,0,2,confidence,0.9089742724454759
amazon_ratings,GeneralSheaf,true,5,5,epoch-1,1,2,confidence,0.9092642580890424
amazon_ratings,GeneralSheaf,true,5,5,epoch-1,2,2,confidence,0.90868730656031
amazon_ratings,GeneralSheaf,true,5,5,epoch-1,3,2,confidence,0.9092256636770355
amazon_ratings,GeneralSheaf,true,5,5,epoch-1,4,2,confidence,0.9084223075314528
amazon_ratings,GeneralSheaf,true,5,5,epoch-1,5,2,confidence,0.9082157902165835
amazon_ratings,GeneralSheaf,true,5,5,epoch-1,0,2,saliency,-0.13177207242559563
amazon_ratings,GeneralSheaf,true,5,5,epoch-1,1,2,saliency,-0.13158105273523668
amazon_ratings,GeneralSheaf,true,5,5,epoch-1,2,2,saliency,-0.13120427951762545
amazon_ratings,GeneralSheaf,true,5,5,epoch-1,3,2,saliency,-0.1304542250169948
amazon_ratings,GeneralSheaf,true,5,5,epoch-1,4,2,saliency,-0.13009061196167954
amazon_ratings,GeneralSheaf,true,5,5,epoch-1,5,2,saliency,-0.13025621033549498
amazon_ratings,GeneralSheaf,true,5,5,epoch-1,0,2,cohens_d_train,0.04116714
amazon_ratings,GeneralSheaf,true,5,5,epoch-1,1,2,cohens_d_train,0.041767288
amazon_ratings,GeneralSheaf,true,5,5,epoch-1,2,2,cohens_d_train,0.04317756
amazon_ratings,GeneralSheaf,true,5,5,epoch-1,3,2,cohens_d_train,0.044247106
amazon_ratings,GeneralSheaf,true,5,5,epoch-1,4,2,cohens_d_train,0.045514274
amazon_ratings,GeneralSheaf,true,5,5,epoch-1,5,2,cohens_d_train,0.046193365
amazon_ratings,GeneralSheaf,true,5,5,epoch-1,0,2,cohens_d_test,0.042451754
amazon_ratings,GeneralSheaf,true,5,5,epoch-1,1,2,cohens_d_test,0.043154433
amazon_ratings,GeneralSheaf,true,5,5,epoch-1,2,2,cohens_d_test,0.045238663
amazon_ratings,GeneralSheaf,true,5,5,epoch-1,3,2,cohens_d_test,0.046586137
amazon_ratings,GeneralSheaf,true,5,5,epoch-1,4,2,cohens_d_test,0.047827918
amazon_ratings,GeneralSheaf,true,5,5,epoch-1,5,2,cohens_d_test,0.04770377
amazon_ratings,GeneralSheaf,true,5,5,epoch-1,0,3,degree,0.001687902040415417
amazon_ratings,GeneralSheaf,true,5,5,epoch-1,1,3,degree,0.005298721329929462
amazon_ratings,GeneralSheaf,true,5,5,epoch-1,2,3,degree,0.00946981159662254
amazon_ratings,GeneralSheaf,true,5,5,epoch-1,3,3,degree,0.01530711623400304
amazon_ratings,GeneralSheaf,true,5,5,epoch-1,4,3,degree,0.020627345506564962
amazon_ratings,GeneralSheaf,true,5,5,epoch-1,5,3,degree,0.02519557010074076
amazon_ratings,GeneralSheaf,true,5,5,epoch-1,0,3,betweenness,0.012474343056397948
amazon_ratings,GeneralSheaf,true,5,5,epoch-1,1,3,betweenness,0.014694030503488555
amazon_ratings,GeneralSheaf,true,5,5,epoch-1,2,3,betweenness,0.016985986312752884
amazon_ratings,GeneralSheaf,true,5,5,epoch-1,3,3,betweenness,0.021283386830723765
amazon_ratings,GeneralSheaf,true,5,5,epoch-1,4,3,betweenness,0.024925391445101204
amazon_ratings,GeneralSheaf,true,5,5,epoch-1,5,3,betweenness,0.02792039152564412
amazon_ratings,GeneralSheaf,true,5,5,epoch-1,0,3,confidence,0.9297604729684452
amazon_ratings,GeneralSheaf,true,5,5,epoch-1,1,3,confidence,0.9313821310285143
amazon_ratings,GeneralSheaf,true,5,5,epoch-1,2,3,confidence,0.9316543652247733
amazon_ratings,GeneralSheaf,true,5,5,epoch-1,3,3,confidence,0.9323633313455713
amazon_ratings,GeneralSheaf,true,5,5,epoch-1,4,3,confidence,0.9322066589978468
amazon_ratings,GeneralSheaf,true,5,5,epoch-1,5,3,confidence,0.9320221015970394
amazon_ratings,GeneralSheaf,true,5,5,epoch-1,0,3,saliency,-0.11843118740262845
amazon_ratings,GeneralSheaf,true,5,5,epoch-1,1,3,saliency,-0.11714589850122324
amazon_ratings,GeneralSheaf,true,5,5,epoch-1,2,3,saliency,-0.11568647909527048
amazon_ratings,GeneralSheaf,true,5,5,epoch-1,3,3,saliency,-0.11331649883698817
amazon_ratings,GeneralSheaf,true,5,5,epoch-1,4,3,saliency,-0.11134738451841576
amazon_ratings,GeneralSheaf,true,5,5,epoch-1,5,3,saliency,-0.10983327330570605
amazon_ratings,GeneralSheaf,true,5,5,epoch-1,0,3,cohens_d_train,0.17526601
amazon_ratings,GeneralSheaf,true,5,5,epoch-1,1,3,cohens_d_train,0.1759164
amazon_ratings,GeneralSheaf,true,5,5,epoch-1,2,3,cohens_d_train,0.17661543
amazon_ratings,GeneralSheaf,true,5,5,epoch-1,3,3,cohens_d_train,0.1783105
amazon_ratings,GeneralSheaf,true,5,5,epoch-1,4,3,cohens_d_train,0.18014781
amazon_ratings,GeneralSheaf,true,5,5,epoch-1,5,3,cohens_d_train,0.18056574
amazon_ratings,GeneralSheaf,true,5,5,epoch-1,0,3,cohens_d_test,0.15199806
amazon_ratings,GeneralSheaf,true,5,5,epoch-1,1,3,cohens_d_test,0.15258192
amazon_ratings,GeneralSheaf,true,5,5,epoch-1,2,3,cohens_d_test,0.15375362
amazon_ratings,GeneralSheaf,true,5,5,epoch-1,3,3,cohens_d_test,0.15584363
amazon_ratings,GeneralSheaf,true,5,5,epoch-1,4,3,cohens_d_test,0.1574714
amazon_ratings,GeneralSheaf,true,5,5,epoch-1,5,3,cohens_d_test,0.15912293
amazon_ratings,GeneralSheaf,true,5,5,epoch-1,0,4,degree,0.0035672099224871453
amazon_ratings,GeneralSheaf,true,5,5,epoch-1,1,4,degree,0.010452520646170532
amazon_ratings,GeneralSheaf,true,5,5,epoch-1,2,4,degree,0.01265540012870382
amazon_ratings,GeneralSheaf,true,5,5,epoch-1,3,4,degree,0.019832967092938407
amazon_ratings,GeneralSheaf,true,5,5,epoch-1,4,4,degree,0.02608768732113049
amazon_ratings,GeneralSheaf,true,5,5,epoch-1,5,4,degree,0.028861362718614458
amazon_ratings,GeneralSheaf,true,5,5,epoch-1,0,4,betweenness,0.006788601805943237
amazon_ratings,GeneralSheaf,true,5,5,epoch-1,1,4,betweenness,0.01051906050784689
amazon_ratings,GeneralSheaf,true,5,5,epoch-1,2,4,betweenness,0.012047500138397213
amazon_ratings,GeneralSheaf,true,5,5,epoch-1,3,4,betweenness,0.01576309532805785
amazon_ratings,GeneralSheaf,true,5,5,epoch-1,4,4,betweenness,0.01949295006898935
amazon_ratings,GeneralSheaf,true,5,5,epoch-1,5,4,betweenness,0.0217313312888222
amazon_ratings,GeneralSheaf,true,5,5,epoch-1,0,4,confidence,0.9370235923049546
amazon_ratings,GeneralSheaf,true,5,5,epoch-1,1,4,confidence,0.93700414074416
amazon_ratings,GeneralSheaf,true,5,5,epoch-1,2,4,confidence,0.9369051521395404
amazon_ratings,GeneralSheaf,true,5,5,epoch-1,3,4,confidence,0.9379615807739717
amazon_ratings,GeneralSheaf,true,5,5,epoch-1,4,4,confidence,0.9372281820723538
amazon_ratings,GeneralSheaf,true,5,5,epoch-1,5,4,confidence,0.9375351476607203
amazon_ratings,GeneralSheaf,true,5,5,epoch-1,0,4,saliency,-0.17084241512035395
amazon_ratings,GeneralSheaf,true,5,5,epoch-1,1,4,saliency,-0.16896223942629213
amazon_ratings,GeneralSheaf,true,5,5,epoch-1,2,4,saliency,-0.168033526176655
amazon_ratings,GeneralSheaf,true,5,5,epoch-1,3,4,saliency,-0.16595594593362306
amazon_ratings,GeneralSheaf,true,5,5,epoch-1,4,4,saliency,-0.16366590667925912
amazon_ratings,GeneralSheaf,true,5,5,epoch-1,5,4,saliency,-0.16248071752450907
amazon_ratings,GeneralSheaf,true,5,5,epoch-1,0,4,cohens_d_train,0.028595394
amazon_ratings,GeneralSheaf,true,5,5,epoch-1,1,4,cohens_d_train,0.029266557
amazon_ratings,GeneralSheaf,true,5,5,epoch-1,2,4,cohens_d_train,0.030133018
amazon_ratings,GeneralSheaf,true,5,5,epoch-1,3,4,cohens_d_train,0.030909382
amazon_ratings,GeneralSheaf,true,5,5,epoch-1,4,4,cohens_d_train,0.031787563
amazon_ratings,GeneralSheaf,true,5,5,epoch-1,5,4,cohens_d_train,0.033192463
amazon_ratings,GeneralSheaf,true,5,5,epoch-1,0,4,cohens_d_test,0.06364279
amazon_ratings,GeneralSheaf,true,5,5,epoch-1,1,4,cohens_d_test,0.06384447
amazon_ratings,GeneralSheaf,true,5,5,epoch-1,2,4,cohens_d_test,0.065293446
amazon_ratings,GeneralSheaf,true,5,5,epoch-1,3,4,cohens_d_test,0.06558241
amazon_ratings,GeneralSheaf,true,5,5,epoch-1,4,4,cohens_d_test,0.06556253
amazon_ratings,GeneralSheaf,true,5,5,epoch-1,5,4,cohens_d_test,0.06750472
amazon_ratings,GeneralSheaf,true,5,5,epoch-1,0,5,degree,-0.0026445992638982627
amazon_ratings,GeneralSheaf,true,5,5,epoch-1,1,5,degree,0.002815593768963306
amazon_ratings,GeneralSheaf,true,5,5,epoch-1,2,5,degree,0.011197855939282037
amazon_ratings,GeneralSheaf,true,5,5,epoch-1,3,5,degree,0.016778835396309318
amazon_ratings,GeneralSheaf,true,5,5,epoch-1,4,5,degree,0.018625027983259056
amazon_ratings,GeneralSheaf,true,5,5,epoch-1,5,5,degree,0.024086557605292148
amazon_ratings,GeneralSheaf,true,5,5,epoch-1,0,5,betweenness,0.011498444651697585
amazon_ratings,GeneralSheaf,true,5,5,epoch-1,1,5,betweenness,0.01478459634319217
amazon_ratings,GeneralSheaf,true,5,5,epoch-1,2,5,betweenness,0.019547630918226876
amazon_ratings,GeneralSheaf,true,5,5,epoch-1,3,5,betweenness,0.023393345383097217
amazon_ratings,GeneralSheaf,true,5,5,epoch-1,4,5,betweenness,0.025176313628475173
amazon_ratings,GeneralSheaf,true,5,5,epoch-1,5,5,betweenness,0.02787541967276318
amazon_ratings,GeneralSheaf,true,5,5,epoch-1,0,5,confidence,0.8186776029205725
amazon_ratings,GeneralSheaf,true,5,5,epoch-1,1,5,confidence,0.8159865588999047
amazon_ratings,GeneralSheaf,true,5,5,epoch-1,2,5,confidence,0.8137235229715027
amazon_ratings,GeneralSheaf,true,5,5,epoch-1,3,5,confidence,0.8140808582089257
amazon_ratings,GeneralSheaf,true,5,5,epoch-1,4,5,confidence,0.8135241815713251
amazon_ratings,GeneralSheaf,true,5,5,epoch-1,5,5,confidence,0.8138377608096911
amazon_ratings,GeneralSheaf,true,5,5,epoch-1,0,5,saliency,-0.12560792047359226
amazon_ratings,GeneralSheaf,true,5,5,epoch-1,1,5,saliency,-0.12400018683844852
amazon_ratings,GeneralSheaf,true,5,5,epoch-1,2,5,saliency,-0.12148174724140995
amazon_ratings,GeneralSheaf,true,5,5,epoch-1,3,5,saliency,-0.11969252340412545
amazon_ratings,GeneralSheaf,true,5,5,epoch-1,4,5,saliency,-0.11889913511966184
amazon_ratings,GeneralSheaf,true,5,5,epoch-1,5,5,saliency,-0.11696327347723351
amazon_ratings,GeneralSheaf,true,5,5,epoch-1,0,5,cohens_d_train,0.15294795
amazon_ratings,GeneralSheaf,true,5,5,epoch-1,1,5,cohens_d_train,0.15377916
amazon_ratings,GeneralSheaf,true,5,5,epoch-1,2,5,cohens_d_train,0.15388933
amazon_ratings,GeneralSheaf,true,5,5,epoch-1,3,5,cohens_d_train,0.1526358
amazon_ratings,GeneralSheaf,true,5,5,epoch-1,4,5,cohens_d_train,0.1518741
amazon_ratings,GeneralSheaf,true,5,5,epoch-1,5,5,cohens_d_train,0.15113722
amazon_ratings,GeneralSheaf,true,5,5,epoch-1,0,5,cohens_d_test,0.113554485
amazon_ratings,GeneralSheaf,true,5,5,epoch-1,1,5,cohens_d_test,0.11353201
amazon_ratings,GeneralSheaf,true,5,5,epoch-1,2,5,cohens_d_test,0.11200794
amazon_ratings,GeneralSheaf,true,5,5,epoch-1,3,5,cohens_d_test,0.11029691
amazon_ratings,GeneralSheaf,true,5,5,epoch-1,4,5,cohens_d_test,0.10843956
amazon_ratings,GeneralSheaf,true,5,5,epoch-1,5,5,cohens_d_test,0.10662563
amazon_ratings,GeneralSheaf,true,5,5,epoch-1,0,6,degree,0.0012302562520910237
amazon_ratings,GeneralSheaf,true,5,5,epoch-1,1,6,degree,0.002859066553377348
amazon_ratings,GeneralSheaf,true,5,5,epoch-1,2,6,degree,0.004875740106589368
amazon_ratings,GeneralSheaf,true,5,5,epoch-1,3,6,degree,0.0064703787331149305
amazon_ratings,GeneralSheaf,true,5,5,epoch-1,4,6,degree,0.007994887726451069
amazon_ratings,GeneralSheaf,true,5,5,epoch-1,5,6,degree,0.009652115128700884
amazon_ratings,GeneralSheaf,true,5,5,epoch-1,0,6,betweenness,0.007151049892748709
amazon_ratings,GeneralSheaf,true,5,5,epoch-1,1,6,betweenness,0.008057231942633379
amazon_ratings,GeneralSheaf,true,5,5,epoch-1,2,6,betweenness,0.00929224295432553
amazon_ratings,GeneralSheaf,true,5,5,epoch-1,3,6,betweenness,0.010453685345145992
amazon_ratings,GeneralSheaf,true,5,5,epoch-1,4,6,betweenness,0.0114412099749047
amazon_ratings,GeneralSheaf,true,5,5,epoch-1,5,6,betweenness,0.01272647639584599
amazon_ratings,GeneralSheaf,true,5,5,epoch-1,0,6,confidence,0.9421374964892809
amazon_ratings,GeneralSheaf,true,5,5,epoch-1,1,6,confidence,0.9424000432471081
amazon_ratings,GeneralSheaf,true,5,5,epoch-1,2,6,confidence,0.9418861673126643
amazon_ratings,GeneralSheaf,true,5,5,epoch-1,3,6,confidence,0.9419278834561856
amazon_ratings,GeneralSheaf,true,5,5,epoch-1,4,6,confidence,0.9421241732924421
amazon_ratings,GeneralSheaf,true,5,5,epoch-1,5,6,confidence,0.941700795990881
amazon_ratings,GeneralSheaf,true,5,5,epoch-1,0,6,saliency,-0.1558076370871108
amazon_ratings,GeneralSheaf,true,5,5,epoch-1,1,6,saliency,-0.15535837563339658
amazon_ratings,GeneralSheaf,true,5,5,epoch-1,2,6,saliency,-0.15435840489356545
amazon_ratings,GeneralSheaf,true,5,5,epoch-1,3,6,saliency,-0.15360534484084146
amazon_ratings,GeneralSheaf,true,5,5,epoch-1,4,6,saliency,-0.15327653569015043
amazon_ratings,GeneralSheaf,true,5,5,epoch-1,5,6,saliency,-0.15255151724776142
amazon_ratings,GeneralSheaf,true,5,5,epoch-1,0,6,cohens_d_train,0.017975383
amazon_ratings,GeneralSheaf,true,5,5,epoch-1,1,6,cohens_d_train,0.018992694
amazon_ratings,GeneralSheaf,true,5,5,epoch-1,2,6,cohens_d_train,0.020899208
amazon_ratings,GeneralSheaf,true,5,5,epoch-1,3,6,cohens_d_train,0.02219078
amazon_ratings,GeneralSheaf,true,5,5,epoch-1,4,6,cohens_d_train,0.022142697
amazon_ratings,GeneralSheaf,true,5,5,epoch-1,5,6,cohens_d_train,0.022480518
amazon_ratings,GeneralSheaf,true,5,5,epoch-1,0,6,cohens_d_test,0.04135228
amazon_ratings,GeneralSheaf,true,5,5,epoch-1,1,6,cohens_d_test,0.041145544
amazon_ratings,GeneralSheaf,true,5,5,epoch-1,2,6,cohens_d_test,0.04072415
amazon_ratings,GeneralSheaf,true,5,5,epoch-1,3,6,cohens_d_test,0.04189407
amazon_ratings,GeneralSheaf,true,5,5,epoch-1,4,6,cohens_d_test,0.042115007
amazon_ratings,GeneralSheaf,true,5,5,epoch-1,5,6,cohens_d_test,0.041882813
amazon_ratings,GeneralSheaf,true,5,5,epoch-1,0,7,degree,0.002658266022528029
amazon_ratings,GeneralSheaf,true,5,5,epoch-1,1,7,degree,0.007215061855194129
amazon_ratings,GeneralSheaf,true,5,5,epoch-1,2,7,degree,0.029628516214336494
amazon_ratings,GeneralSheaf,true,5,5,epoch-1,3,7,degree,0.03783453947651231
amazon_ratings,GeneralSheaf,true,5,5,epoch-1,4,7,degree,0.05249643744905445
amazon_ratings,GeneralSheaf,true,5,5,epoch-1,5,7,degree,0.0571308805642463
amazon_ratings,GeneralSheaf,true,5,5,epoch-1,0,7,betweenness,0.0054933956497706885
amazon_ratings,GeneralSheaf,true,5,5,epoch-1,1,7,betweenness,0.008466477448422886
amazon_ratings,GeneralSheaf,true,5,5,epoch-1,2,7,betweenness,0.020517974049058328
amazon_ratings,GeneralSheaf,true,5,5,epoch-1,3,7,betweenness,0.026000081290644832
amazon_ratings,GeneralSheaf,true,5,5,epoch-1,4,7,betweenness,0.0347468168469479
amazon_ratings,GeneralSheaf,true,5,5,epoch-1,5,7,betweenness,0.038889561343162495
amazon_ratings,GeneralSheaf,true,5,5,epoch-1,0,7,confidence,0.9490122309915652
amazon_ratings,GeneralSheaf,true,5,5,epoch-1,1,7,confidence,0.9507654194415814
amazon_ratings,GeneralSheaf,true,5,5,epoch-1,2,7,confidence,0.9506541423901108
amazon_ratings,GeneralSheaf,true,5,5,epoch-1,3,7,confidence,0.9506837923961543
amazon_ratings,GeneralSheaf,true,5,5,epoch-1,4,7,confidence,0.9510279905701055
amazon_ratings,GeneralSheaf,true,5,5,epoch-1,5,7,confidence,0.9502373316586639
amazon_ratings,GeneralSheaf,true,5,5,epoch-1,0,7,saliency,0.022244589007400537
amazon_ratings,GeneralSheaf,true,5,5,epoch-1,1,7,saliency,0.02596593034621143
amazon_ratings,GeneralSheaf,true,5,5,epoch-1,2,7,saliency,0.030754044870779804
amazon_ratings,GeneralSheaf,true,5,5,epoch-1,3,7,saliency,0.033461841366588155
amazon_ratings,GeneralSheaf,true,5,5,epoch-1,4,7,saliency,0.036319785823398634
amazon_ratings,GeneralSheaf,true,5,5,epoch-1,5,7,saliency,0.03899738492735009
amazon_ratings,GeneralSheaf,true,5,5,epoch-1,0,7,cohens_d_train,0.06541716
amazon_ratings,GeneralSheaf,true,5,5,epoch-1,1,7,cohens_d_train,0.06844841
amazon_ratings,GeneralSheaf,true,5,5,epoch-1,2,7,cohens_d_train,0.07139188
amazon_ratings,GeneralSheaf,true,5,5,epoch-1,3,7,cohens_d_train,0.072950326
amazon_ratings,GeneralSheaf,true,5,5,epoch-1,4,7,cohens_d_train,0.07517161
amazon_ratings,GeneralSheaf,true,5,5,epoch-1,5,7,cohens_d_train,0.0779601
amazon_ratings,GeneralSheaf,true,5,5,epoch-1,0,7,cohens_d_test,0.08682697
amazon_ratings,GeneralSheaf,true,5,5,epoch-1,1,7,cohens_d_test,0.08882189
amazon_ratings,GeneralSheaf,true,5,5,epoch-1,2,7,cohens_d_test,0.0910431
amazon_ratings,GeneralSheaf,true,5,5,epoch-1,3,7,cohens_d_test,0.09384765
amazon_ratings,GeneralSheaf,true,5,5,epoch-1,4,7,cohens_d_test,0.094349004
amazon_ratings,GeneralSheaf,true,5,5,epoch-1,5,7,cohens_d_test,0.0976225
amazon_ratings,GeneralSheaf,true,5,5,epoch-1,0,8,degree,0.0032138551704664416
amazon_ratings,GeneralSheaf,true,5,5,epoch-1,1,8,degree,0.006265132897194326
amazon_ratings,GeneralSheaf,true,5,5,epoch-1,2,8,degree,0.010545411085954023
amazon_ratings,GeneralSheaf,true,5,5,epoch-1,3,8,degree,0.01483323279563108
amazon_ratings,GeneralSheaf,true,5,5,epoch-1,4,8,degree,0.020651041920801503
amazon_ratings,GeneralSheaf,true,5,5,epoch-1,5,8,degree,0.024090158530301727
amazon_ratings,GeneralSheaf,true,5,5,epoch-1,0,8,betweenness,0.007361500641714786
amazon_ratings,GeneralSheaf,true,5,5,epoch-1,1,8,betweenness,0.00908855298060833
amazon_ratings,GeneralSheaf,true,5,5,epoch-1,2,8,betweenness,0.01172964089322094
amazon_ratings,GeneralSheaf,true,5,5,epoch-1,3,8,betweenness,0.014289144002051762
amazon_ratings,GeneralSheaf,true,5,5,epoch-1,4,8,betweenness,0.017680883071660797
amazon_ratings,GeneralSheaf,true,5,5,epoch-1,5,8,betweenness,0.01970231436141938
amazon_ratings,GeneralSheaf,true,5,5,epoch-1,0,8,confidence,0.9280402984369298
amazon_ratings,GeneralSheaf,true,5,5,epoch-1,1,8,confidence,0.9282973666948908
amazon_ratings,GeneralSheaf,true,5,5,epoch-1,2,8,confidence,0.9283114968274269
amazon_ratings,GeneralSheaf,true,5,5,epoch-1,3,8,confidence,0.927795530326708
amazon_ratings,GeneralSheaf,true,5,5,epoch-1,4,8,confidence,0.9266694237809212
amazon_ratings,GeneralSheaf,true,5,5,epoch-1,5,8,confidence,0.9274322673491825
amazon_ratings,GeneralSheaf,true,5,5,epoch-1,0,8,saliency,-0.136947951058255
amazon_ratings,GeneralSheaf,true,5,5,epoch-1,1,8,saliency,-0.1362978812496853
amazon_ratings,GeneralSheaf,true,5,5,epoch-1,2,8,saliency,-0.1348191801264907
amazon_ratings,GeneralSheaf,true,5,5,epoch-1,3,8,saliency,-0.13351606946813857
amazon_ratings,GeneralSheaf,true,5,5,epoch-1,4,8,saliency,-0.1317299550728331
amazon_ratings,GeneralSheaf,true,5,5,epoch-1,5,8,saliency,-0.13033073225837172
amazon_ratings,GeneralSheaf,true,5,5,epoch-1,0,8,cohens_d_train,0.017539648
amazon_ratings,GeneralSheaf,true,5,5,epoch-1,1,8,cohens_d_train,0.016938457
amazon_ratings,GeneralSheaf,true,5,5,epoch-1,2,8,cohens_d_train,0.018795637
amazon_ratings,GeneralSheaf,true,5,5,epoch-1,3,8,cohens_d_train,0.01920345
amazon_ratings,GeneralSheaf,true,5,5,epoch-1,4,8,cohens_d_train,0.020721683
amazon_ratings,GeneralSheaf,true,5,5,epoch-1,5,8,cohens_d_train,0.022057457
amazon_ratings,GeneralSheaf,true,5,5,epoch-1,0,8,cohens_d_test,0.03692955
amazon_ratings,GeneralSheaf,true,5,5,epoch-1,1,8,cohens_d_test,0.03718304
amazon_ratings,GeneralSheaf,true,5,5,epoch-1,2,8,cohens_d_test,0.039087117
amazon_ratings,GeneralSheaf,true,5,5,epoch-1,3,8,cohens_d_test,0.040222708
amazon_ratings,GeneralSheaf,true,5,5,epoch-1,4,8,cohens_d_test,0.041755386
amazon_ratings,GeneralSheaf,true,5,5,epoch-1,5,8,cohens_d_test,0.043265153
amazon_ratings,GeneralSheaf,true,5,5,epoch-1,0,9,degree,0.002501730343430232
amazon_ratings,GeneralSheaf,true,5,5,epoch-1,1,9,degree,0.003202510988560068
amazon_ratings,GeneralSheaf,true,5,5,epoch-1,2,9,degree,0.005957287413883127
amazon_ratings,GeneralSheaf,true,5,5,epoch-1,3,9,degree,0.009147745349937236
amazon_ratings,GeneralSheaf,true,5,5,epoch-1,4,9,degree,0.010648775817121042
amazon_ratings,GeneralSheaf,true,5,5,epoch-1,5,9,degree,0.012685467642615538
amazon_ratings,GeneralSheaf,true,5,5,epoch-1,0,9,betweenness,0.009523597756117842
amazon_ratings,GeneralSheaf,true,5,5,epoch-1,1,9,betweenness,0.009953873276269922
amazon_ratings,GeneralSheaf,true,5,5,epoch-1,2,9,betweenness,0.011646870921794584
amazon_ratings,GeneralSheaf,true,5,5,epoch-1,3,9,betweenness,0.013516824377673141
amazon_ratings,GeneralSheaf,true,5,5,epoch-1,4,9,betweenness,0.014522222632861584
amazon_ratings,GeneralSheaf,true,5,5,epoch-1,5,9,betweenness,0.01589671409132623
amazon_ratings,GeneralSheaf,true,5,5,epoch-1,0,9,confidence,0.9454282190253471
amazon_ratings,GeneralSheaf,true,5,5,epoch-1,1,9,confidence,0.9448860785708502
amazon_ratings,GeneralSheaf,true,5,5,epoch-1,2,9,confidence,0.9445056738876959
amazon_ratings,GeneralSheaf,true,5,5,epoch-1,3,9,confidence,0.9445626479754142
amazon_ratings,GeneralSheaf,true,5,5,epoch-1,4,9,confidence,0.9448576110876712
amazon_ratings,GeneralSheaf,true,5,5,epoch-1,5,9,confidence,0.9450412194043579
amazon_ratings,GeneralSheaf,true,5,5,epoch-1,0,9,saliency,-0.36290609804444873
amazon_ratings,GeneralSheaf,true,5,5,epoch-1,1,9,saliency,-0.36227328944060233
amazon_ratings,GeneralSheaf,true,5,5,epoch-1,2,9,saliency,-0.36075725999908925
amazon_ratings,GeneralSheaf,true,5,5,epoch-1,3,9,saliency,-0.35988415028406046
amazon_ratings,GeneralSheaf,true,5,5,epoch-1,4,9,saliency,-0.3593590501684027
amazon_ratings,GeneralSheaf,true,5,5,epoch-1,5,9,saliency,-0.35836861539457354
amazon_ratings,GeneralSheaf,true,5,5,epoch-1,0,9,cohens_d_train,0.08224195
amazon_ratings,GeneralSheaf,true,5,5,epoch-1,1,9,cohens_d_train,0.08187052
amazon_ratings,GeneralSheaf,true,5,5,epoch-1,2,9,cohens_d_train,0.082098275
amazon_ratings,GeneralSheaf,true,5,5,epoch-1,3,9,cohens_d_train,0.08250921
amazon_ratings,GeneralSheaf,true,5,5,epoch-1,4,9,cohens_d_train,0.083320126
amazon_ratings,GeneralSheaf,true,5,5,epoch-1,5,9,cohens_d_train,0.08369041
amazon_ratings,GeneralSheaf,true,5,5,epoch-1,0,9,cohens_d_test,0.019597186
amazon_ratings,GeneralSheaf,true,5,5,epoch-1,1,9,cohens_d_test,0.019011555
amazon_ratings,GeneralSheaf,true,5,5,epoch-1,2,9,cohens_d_test,0.019227346
amazon_ratings,GeneralSheaf,true,5,5,epoch-1,3,9,cohens_d_test,0.019627698
amazon_ratings,GeneralSheaf,true,5,5,epoch-1,4,9,cohens_d_test,0.019749451
amazon_ratings,GeneralSheaf,true,5,5,epoch-1,5,9,cohens_d_test,0.019733671
amazon_ratings,GeneralSheaf,true,5,5,epoch-5,0,0,degree,-0.001428801159934723
amazon_ratings,GeneralSheaf,true,5,5,epoch-5,1,0,degree,-0.01902991984510242
amazon_ratings,GeneralSheaf,true,5,5,epoch-5,2,0,degree,-0.008627897008180662
amazon_ratings,GeneralSheaf,true,5,5,epoch-5,3,0,degree,0.004557708665605719
amazon_ratings,GeneralSheaf,true,5,5,epoch-5,4,0,degree,0.09004320687302594
amazon_ratings,GeneralSheaf,true,5,5,epoch-5,5,0,degree,0.19912295889678472
amazon_ratings,GeneralSheaf,true,5,5,epoch-5,0,0,betweenness,0.015235270121874575
amazon_ratings,GeneralSheaf,true,5,5,epoch-5,1,0,betweenness,0.013371755896759593
amazon_ratings,GeneralSheaf,true,5,5,epoch-5,2,0,betweenness,0.030301273255807056
amazon_ratings,GeneralSheaf,true,5,5,epoch-5,3,0,betweenness,0.062004766845736484
amazon_ratings,GeneralSheaf,true,5,5,epoch-5,4,0,betweenness,0.10940306383329855
amazon_ratings,GeneralSheaf,true,5,5,epoch-5,5,0,betweenness,0.17351173667703168
amazon_ratings,GeneralSheaf,true,5,5,epoch-5,0,0,confidence,0.3145009294154695
amazon_ratings,GeneralSheaf,true,5,5,epoch-5,1,0,confidence,0.3082143266743595
amazon_ratings,GeneralSheaf,true,5,5,epoch-5,2,0,confidence,0.33541696706166485
amazon_ratings,GeneralSheaf,true,5,5,epoch-5,3,0,confidence,0.41261860627177
amazon_ratings,GeneralSheaf,true,5,5,epoch-5,4,0,confidence,0.5124097121558704
amazon_ratings,GeneralSheaf,true,5,5,epoch-5,5,0,confidence,0.6371207592035938
amazon_ratings,GeneralSheaf,true,5,5,epoch-5,0,0,saliency,-0.02283028056380619
amazon_ratings,GeneralSheaf,true,5,5,epoch-5,1,0,saliency,-0.01959107476287304
amazon_ratings,GeneralSheaf,true,5,5,epoch-5,2,0,saliency,-0.007887071188600603
amazon_ratings,GeneralSheaf,true,5,5,epoch-5,3,0,saliency,0.006026894207090792
amazon_ratings,GeneralSheaf,true,5,5,epoch-5,4,0,saliency,0.016159487806651787
amazon_ratings,GeneralSheaf,true,5,5,epoch-5,5,0,saliency,0.020463303925067487
amazon_ratings,GeneralSheaf,true,5,5,epoch-5,0,0,cohens_d_train,0.028365768
amazon_ratings,GeneralSheaf,true,5,5,epoch-5,1,0,cohens_d_train,0.032731418
amazon_ratings,GeneralSheaf,true,5,5,epoch-5,2,0,cohens_d_train,0.04437699
amazon_ratings,GeneralSheaf,true,5,5,epoch-5,3,0,cohens_d_train,0.074494
amazon_ratings,GeneralSheaf,true,5,5,epoch-5,4,0,cohens_d_train,0.09051252
amazon_ratings,GeneralSheaf,true,5,5,epoch-5,5,0,cohens_d_train,0.113425046
amazon_ratings,GeneralSheaf,true,5,5,epoch-5,0,0,cohens_d_test,0.0026968725
amazon_ratings,GeneralSheaf,true,5,5,epoch-5,1,0,cohens_d_test,0.0033138175
amazon_ratings,GeneralSheaf,true,5,5,epoch-5,2,0,cohens_d_test,0.005356581
amazon_ratings,GeneralSheaf,true,5,5,epoch-5,3,0,cohens_d_test,0.02683174
amazon_ratings,GeneralSheaf,true,5,5,epoch-5,4,0,cohens_d_test,0.054172765
amazon_ratings,GeneralSheaf,true,5,5,epoch-5,5,0,cohens_d_test,0.08925724
amazon_ratings,GeneralSheaf,true,5,5,epoch-5,0,1,degree,-0.000675417954508777
amazon_ratings,GeneralSheaf,true,5,5,epoch-5,1,1,degree,0.015825020777716345
amazon_ratings,GeneralSheaf,true,5,5,epoch-5,2,1,degree,-0.06878733795298281
amazon_ratings,GeneralSheaf,true,5,5,epoch-5,3,1,degree,-0.012414976972296618
amazon_ratings,GeneralSheaf,true,5,5,epoch-5,4,1,degree,0.028009838090453806
amazon_ratings,GeneralSheaf,true,5,5,epoch-5,5,1,degree,0.1351914401433702
amazon_ratings,GeneralSheaf,true,5,5,epoch-5,0,1,betweenness,0.01475874624988986
amazon_ratings,GeneralSheaf,true,5,5,epoch-5,1,1,betweenness,0.0304832049652116
amazon_ratings,GeneralSheaf,true,5,5,epoch-5,2,1,betweenness,0.013655995252903407
amazon_ratings,GeneralSheaf,true,5,5,epoch-5,3,1,betweenness,0.06421042138901752
amazon_ratings,GeneralSheaf,true,5,5,epoch-5,4,1,betweenness,0.10145252215788345
amazon_ratings,GeneralSheaf,true,5,5,epoch-5,5,1,betweenness,0.1540311422207873
amazon_ratings,GeneralSheaf,true,5,5,epoch-5,0,1,confidence,0.840063470014415
amazon_ratings,GeneralSheaf,true,5,5,epoch-5,1,1,confidence,0.8479701023133316
amazon_ratings,GeneralSheaf,true,5,5,epoch-5,2,1,confidence,0.8521568766837184
amazon_ratings,GeneralSheaf,true,5,5,epoch-5,3,1,confidence,0.8530375448996923
amazon_ratings,GeneralSheaf,true,5,5,epoch-5,4,1,confidence,0.833484926976197
amazon_ratings,GeneralSheaf,true,5,5,epoch-5,5,1,confidence,0.7708298466876159
amazon_ratings,GeneralSheaf,true,5,5,epoch-5,0,1,saliency,-0.10884427230791491
amazon_ratings,GeneralSheaf,true,5,5,epoch-5,1,1,saliency,-0.0985736463155661
amazon_ratings,GeneralSheaf,true,5,5,epoch-5,2,1,saliency,-0.10095302587792855
amazon_ratings,GeneralSheaf,true,5,5,epoch-5,3,1,saliency,-0.07892791934442395
amazon_ratings,GeneralSheaf,true,5,5,epoch-5,4,1,saliency,-0.0627123671466714
amazon_ratings,GeneralSheaf,true,5,5,epoch-5,5,1,saliency,-0.03808587982299373
amazon_ratings,GeneralSheaf,true,5,5,epoch-5,0,1,cohens_d_train,0.024929937
amazon_ratings,GeneralSheaf,true,5,5,epoch-5,1,1,cohens_d_train,0.031486075
amazon_ratings,GeneralSheaf,true,5,5,epoch-5,2,1,cohens_d_train,0.035506953
amazon_ratings,GeneralSheaf,true,5,5,epoch-5,3,1,cohens_d_train,0.061955437
amazon_ratings,GeneralSheaf,true,5,5,epoch-5,4,1,cohens_d_train,0.083312705
amazon_ratings,GeneralSheaf,true,5,5,epoch-5,5,1,cohens_d_train,0.10265304
amazon_ratings,GeneralSheaf,true,5,5,epoch-5,0,1,cohens_d_test,0.031754192
amazon_ratings,GeneralSheaf,true,5,5,epoch-5,1,1,cohens_d_test,0.041130062
amazon_ratings,GeneralSheaf,true,5,5,epoch-5,2,1,cohens_d_test,0.042164277
amazon_ratings,GeneralSheaf,true,5,5,epoch-5,3,1,cohens_d_test,0.06762074
amazon_ratings,GeneralSheaf,true,5,5,epoch-5,4,1,cohens_d_test,0.08376802
amazon_ratings,GeneralSheaf,true,5,5,epoch-5,5,1,cohens_d_test,0.09893592
amazon_ratings,GeneralSheaf,true,5,5,epoch-5,0,2,degree,-0.0006589281118540768
amazon_ratings,GeneralSheaf,true,5,5,epoch-5,1,2,degree,0.07323627922686461
amazon_ratings,GeneralSheaf,true,5,5,epoch-5,2,2,degree,0.11173371887748565
amazon_ratings,GeneralSheaf,true,5,5,epoch-5,3,2,degree,0.020458219181228993
amazon_ratings,GeneralSheaf,true,5,5,epoch-5,4,2,degree,-0.004276710249402422
amazon_ratings,GeneralSheaf,true,5,5,epoch-5,5,2,degree,0.0936608730161537
amazon_ratings,GeneralSheaf,true,5,5,epoch-5,0,2,betweenness,0.015418877589357127
amazon_ratings,GeneralSheaf,true,5,5,epoch-5,1,2,betweenness,0.05478077450684773
amazon_ratings,GeneralSheaf,true,5,5,epoch-5,2,2,betweenness,0.08012294868981339
amazon_ratings,GeneralSheaf,true,5,5,epoch-5,3,2,betweenness,0.0692264937909573
amazon_ratings,GeneralSheaf,true,5,5,epoch-5,4,2,betweenness,0.07367485909278841
amazon_ratings,GeneralSheaf,true,5,5,epoch-5,5,2,betweenness,0.12779308057005806
amazon_ratings,GeneralSheaf,true,5,5,epoch-5,0,2,confidence,0.8654644462498745
amazon_ratings,GeneralSheaf,true,5,5,epoch-5,1,2,confidence,0.8613071159279034
amazon_ratings,GeneralSheaf,true,5,5,epoch-5,2,2,confidence,0.8569777455359774
amazon_ratings,GeneralSheaf,true,5,5,epoch-5,3,2,confidence,0.8633119898268229
amazon_ratings,GeneralSheaf,true,5,5,epoch-5,4,2,confidence,0.8405015570517749
amazon_ratings,GeneralSheaf,true,5,5,epoch-5,5,2,confidence,0.7802533129072794
amazon_ratings,GeneralSheaf,true,5,5,epoch-5,0,2,saliency,-0.11262911380204557
amazon_ratings,GeneralSheaf,true,5,5,epoch-5,1,2,saliency,-0.10544354885310116
amazon_ratings,GeneralSheaf,true,5,5,epoch-5,2,2,saliency,-0.09949815848721334
amazon_ratings,GeneralSheaf,true,5,5,epoch-5,3,2,saliency,-0.10820459685953156
amazon_ratings,GeneralSheaf,true,5,5,epoch-5,4,2,saliency,-0.11015999858984764
amazon_ratings,GeneralSheaf,true,5,5,epoch-5,5,2,saliency,-0.10101404490574398
amazon_ratings,GeneralSheaf,true,5,5,epoch-5,0,2,cohens_d_train,0.046741582
amazon_ratings,GeneralSheaf,true,5,5,epoch-5,1,2,cohens_d_train,0.054950505
amazon_ratings,GeneralSheaf,true,5,5,epoch-5,2,2,cohens_d_train,0.06643355
amazon_ratings,GeneralSheaf,true,5,5,epoch-5,3,2,cohens_d_train,0.07948972
amazon_ratings,GeneralSheaf,true,5,5,epoch-5,4,2,cohens_d_train,0.08637294
amazon_ratings,GeneralSheaf,true,5,5,epoch-5,5,2,cohens_d_train,0.10484199
amazon_ratings,GeneralSheaf,true,5,5,epoch-5,0,2,cohens_d_test,0.021832256
amazon_ratings,GeneralSheaf,true,5,5,epoch-5,1,2,cohens_d_test,0.026751379
amazon_ratings,GeneralSheaf,true,5,5,epoch-5,2,2,cohens_d_test,0.03299341
amazon_ratings,GeneralSheaf,true,5,5,epoch-5,3,2,cohens_d_test,0.038977608
amazon_ratings,GeneralSheaf,true,5,5,epoch-5,4,2,cohens_d_test,0.043096267
amazon_ratings,GeneralSheaf,true,5,5,epoch-5,5,2,cohens_d_test,0.06120027
amazon_ratings,GeneralSheaf,true,5,5,epoch-5,0,3,degree,-0.00044541159674318595
amazon_ratings,GeneralSheaf,true,5,5,epoch-5,1,3,degree,0.0324953122163409
amazon_ratings,GeneralSheaf,true,5,5,epoch-5,2,3,degree,0.14250118199706444
amazon_ratings,GeneralSheaf,true,5,5,epoch-5,3,3,degree,0.067797064994457
amazon_ratings,GeneralSheaf,true,5,5,epoch-5,4,3,degree,0.0677657292937005
amazon_ratings,GeneralSheaf,true,5,5,epoch-5,5,3,degree,0.09524297014634892
amazon_ratings,GeneralSheaf,true,5,5,epoch-5,0,3,betweenness,0.014104809106649265
amazon_ratings,GeneralSheaf,true,5,5,epoch-5,1,3,betweenness,0.04108474352511552
amazon_ratings,GeneralSheaf,true,5,5,epoch-5,2,3,betweenness,0.08931566881074807
amazon_ratings,GeneralSheaf,true,5,5,epoch-5,3,3,betweenness,0.08607364200703317
amazon_ratings,GeneralSheaf,true,5,5,epoch-5,4,3,betweenness,0.09545999197833481
amazon_ratings,GeneralSheaf,true,5,5,epoch-5,5,3,betweenness,0.13186621658594364
amazon_ratings,GeneralSheaf,true,5,5,epoch-5,0,3,confidence,0.8526092147903339
amazon_ratings,GeneralSheaf,true,5,5,epoch-5,1,3,confidence,0.8836538670280051
amazon_ratings,GeneralSheaf,true,5,5,epoch-5,2,3,confidence,0.8812953096777086
amazon_ratings,GeneralSheaf,true,5,5,epoch-5,3,3,confidence,0.9145206154674618
amazon_ratings,GeneralSheaf,true,5,5,epoch-5,4,3,confidence,0.9028349662093219
amazon_ratings,GeneralSheaf,true,5,5,epoch-5,5,3,confidence,0.8539920784954348
amazon_ratings,GeneralSheaf,true,5,5,epoch-5,0,3,saliency,-0.07036177054121104
amazon_ratings,GeneralSheaf,true,5,5,epoch-5,1,3,saliency,-0.05789341909352558
amazon_ratings,GeneralSheaf,true,5,5,epoch-5,2,3,saliency,-0.0471942594583899
amazon_ratings,GeneralSheaf,true,5,5,epoch-5,3,3,saliency,-0.04478696818304748
amazon_ratings,GeneralSheaf,true,5,5,epoch-5,4,3,saliency,-0.039231638560902705
amazon_ratings,GeneralSheaf,true,5,5,epoch-5,5,3,saliency,-0.029565349483855464
amazon_ratings,GeneralSheaf,true,5,5,epoch-5,0,3,cohens_d_train,0.06440091
amazon_ratings,GeneralSheaf,true,5,5,epoch-5,1,3,cohens_d_train,0.07714843
amazon_ratings,GeneralSheaf,true,5,5,epoch-5,2,3,cohens_d_train,0.08793264
amazon_ratings,GeneralSheaf,true,5,5,epoch-5,3,3,cohens_d_train,0.10877128
amazon_ratings,GeneralSheaf,true,5,5,epoch-5,4,3,cohens_d_train,0.11834472
amazon_ratings,GeneralSheaf,true,5,5,epoch-5,5,3,cohens_d_train,0.13114405
amazon_ratings,GeneralSheaf,true,5,5,epoch-5,0,3,cohens_d_test,0.0317046
amazon_ratings,GeneralSheaf,true,5,5,epoch-5,1,3,cohens_d_test,0.04198083
amazon_ratings,GeneralSheaf,true,5,5,epoch-5,2,3,cohens_d_test,0.056316562
amazon_ratings,GeneralSheaf,true,5,5,epoch-5,3,3,cohens_d_test,0.0654672
amazon_ratings,GeneralSheaf,true,5,5,epoch-5,4,3,cohens_d_test,0.07154652
amazon_ratings,GeneralSheaf,true,5,5,epoch-5,5,3,cohens_d_test,0.081680305
amazon_ratings,GeneralSheaf,true,5,5,epoch-5,0,4,degree,-0.0016551573060404792
amazon_ratings,GeneralSheaf,true,5,5,epoch-5,1,4,degree,0.01900314458629274
amazon_ratings,GeneralSheaf,true,5,5,epoch-5,2,4,degree,0.06447145514712509
amazon_ratings,GeneralSheaf,true,5,5,epoch-5,3,4,degree,0.11357986487178937
amazon_ratings,GeneralSheaf,true,5,5,epoch-5,4,4,degree,0.10481474595894383
amazon_ratings,GeneralSheaf,true,5,5,epoch-5,5,4,degree,0.07309865903879134
amazon_ratings,GeneralSheaf,true,5,5,epoch-5,0,4,betweenness,0.017316991603839472
amazon_ratings,GeneralSheaf,true,5,5,epoch-5,1,4,betweenness,0.034762413935223856
amazon_ratings,GeneralSheaf,true,5,5,epoch-5,2,4,betweenness,0.06850548387159705
amazon_ratings,GeneralSheaf,true,5,5,epoch-5,3,4,betweenness,0.09573005840214478
amazon_ratings,GeneralSheaf,true,5,5,epoch-5,4,4,betweenness,0.1141304723786809
amazon_ratings,GeneralSheaf,true,5,5,epoch-5,5,4,betweenness,0.12752957307215115
amazon_ratings,GeneralSheaf,true,5,5,epoch-5,0,4,confidence,0.8349401955385172
amazon_ratings,GeneralSheaf,true,5,5,epoch-5,1,4,confidence,0.8550763356742676
amazon_ratings,GeneralSheaf,true,5,5,epoch-5,2,4,confidence,0.8729654468150715
amazon_ratings,GeneralSheaf,true,5,5,epoch-5,3,4,confidence,0.8728598287127426
amazon_ratings,GeneralSheaf,true,5,5,epoch-5,4,4,confidence,0.8601597535109767
amazon_ratings,GeneralSheaf,true,5,5,epoch-5,5,4,confidence,0.829513159204088
amazon_ratings,GeneralSheaf,true,5,5,epoch-5,0,4,saliency,-0.16818575149353554
amazon_ratings,GeneralSheaf,true,5,5,epoch-5,1,4,saliency,-0.1609497945688767
amazon_ratings,GeneralSheaf,true,5,5,epoch-5,2,4,saliency,-0.142949113306162
amazon_ratings,GeneralSheaf,true,5,5,epoch-5,3,4,saliency,-0.13520687680094895
amazon_ratings,GeneralSheaf,true,5,5,epoch-5,4,4,saliency,-0.11167097235563385
amazon_ratings,GeneralSheaf,true,5,5,epoch-5,5,4,saliency,-0.08562869594260113
amazon_ratings,GeneralSheaf,true,5,5,epoch-5,0,4,cohens_d_train,0.03054223
amazon_ratings,GeneralSheaf,true,5,5,epoch-5,1,4,cohens_d_train,0.0356958
amazon_ratings,GeneralSheaf,true,5,5,epoch-5,2,4,cohens_d_train,0.044359278
amazon_ratings,GeneralSheaf,true,5,5,epoch-5,3,4,cohens_d_train,0.050957195
amazon_ratings,GeneralSheaf,true,5,5,epoch-5,4,4,cohens_d_train,0.06517114
amazon_ratings,GeneralSheaf,true,5,5,epoch-5,5,4,cohens_d_train,0.07890304
amazon_ratings,GeneralSheaf,true,5,5,epoch-5,0,4,cohens_d_test,0.0661168
amazon_ratings,GeneralSheaf,true,5,5,epoch-5,1,4,cohens_d_test,0.06954805
amazon_ratings,GeneralSheaf,true,5,5,epoch-5,2,4,cohens_d_test,0.08409396
amazon_ratings,GeneralSheaf,true,5,5,epoch-5,3,4,cohens_d_test,0.096362025
amazon_ratings,GeneralSheaf,true,5,5,epoch-5,4,4,cohens_d_test,0.10899189
amazon_ratings,GeneralSheaf,true,5,5,epoch-5,5,4,cohens_d_test,0.11310485
amazon_ratings,GeneralSheaf,true,5,5,epoch-5,0,5,degree,-0.0015636707993417968
amazon_ratings,GeneralSheaf,true,5,5,epoch-5,1,5,degree,0.04055227821698267
amazon_ratings,GeneralSheaf,true,5,5,epoch-5,2,5,degree,0.11782598338302756
amazon_ratings,GeneralSheaf,true,5,5,epoch-5,3,5,degree,0.12290445144870829
amazon_ratings,GeneralSheaf,true,5,5,epoch-5,4,5,degree,0.055626173285032075
amazon_ratings,GeneralSheaf,true,5,5,epoch-5,5,5,degree,0.14475176841964307
amazon_ratings,GeneralSheaf,true,5,5,epoch-5,0,5,betweenness,0.015175977712608205
amazon_ratings,GeneralSheaf,true,5,5,epoch-5,1,5,betweenness,0.04839529360785562
amazon_ratings,GeneralSheaf,true,5,5,epoch-5,2,5,betweenness,0.10144501068442946
amazon_ratings,GeneralSheaf,true,5,5,epoch-5,3,5,betweenness,0.12522660862261048
amazon_ratings,GeneralSheaf,true,5,5,epoch-5,4,5,betweenness,0.11817087595741275
amazon_ratings,GeneralSheaf,true,5,5,epoch-5,5,5,betweenness,0.16443261159825942
amazon_ratings,GeneralSheaf,true,5,5,epoch-5,0,5,confidence,0.7510034803091051
amazon_ratings,GeneralSheaf,true,5,5,epoch-5,1,5,confidence,0.8047864247228526
amazon_ratings,GeneralSheaf,true,5,5,epoch-5,2,5,confidence,0.8538357205372498
amazon_ratings,GeneralSheaf,true,5,5,epoch-5,3,5,confidence,0.8711511619357853
amazon_ratings,GeneralSheaf,true,5,5,epoch-5,4,5,confidence,0.8750337292423228
amazon_ratings,GeneralSheaf,true,5,5,epoch-5,5,5,confidence,0.8582328501893429
amazon_ratings,GeneralSheaf,true,5,5,epoch-5,0,5,saliency,-0.06342586009564281
amazon_ratings,GeneralSheaf,true,5,5,epoch-5,1,5,saliency,-0.042814312841590554
amazon_ratings,GeneralSheaf,true,5,5,epoch-5,2,5,saliency,-0.015127941016661307
amazon_ratings,GeneralSheaf,true,5,5,epoch-5,3,5,saliency,0.001665951330754016
amazon_ratings,GeneralSheaf,true,5,5,epoch-5,4,5,saliency,0.0026630133225394193
amazon_ratings,GeneralSheaf,true,5,5,epoch-5,5,5,saliency,0.018039642589286992
amazon_ratings,GeneralSheaf,true,5,5,epoch-5,0,5,cohens_d_train,0.058521107
amazon_ratings,GeneralSheaf,true,5,5,epoch-5,1,5,cohens_d_train,0.06547179
amazon_ratings,GeneralSheaf,true,5,5,epoch-5,2,5,cohens_d_train,0.07705839
amazon_ratings,GeneralSheaf,true,5,5,epoch-5,3,5,cohens_d_train,0.086527035
amazon_ratings,GeneralSheaf,true,5,5,epoch-5,4,5,cohens_d_train,0.09610406
amazon_ratings,GeneralSheaf,true,5,5,epoch-5,5,5,cohens_d_train,0.095092095
amazon_ratings,GeneralSheaf,true,5,5,epoch-5,0,5,cohens_d_test,0.008782481
amazon_ratings,GeneralSheaf,true,5,5,epoch-5,1,5,cohens_d_test,0.004396796
amazon_ratings,GeneralSheaf,true,5,5,epoch-5,2,5,cohens_d_test,0.00084913964
amazon_ratings,GeneralSheaf,true,5,5,epoch-5,3,5,cohens_d_test,0.010662421
amazon_ratings,GeneralSheaf,true,5,5,epoch-5,4,5,cohens_d_test,0.012186751
amazon_ratings,GeneralSheaf,true,5,5,epoch-5,5,5,cohens_d_test,0.012235915
amazon_ratings,GeneralSheaf,true,5,5,epoch-5,0,6,degree,-0.000910438016355427
amazon_ratings,GeneralSheaf,true,5,5,epoch-5,1,6,degree,0.03122528847620381
amazon_ratings,GeneralSheaf,true,5,5,epoch-5,2,6,degree,0.13026422439150506
amazon_ratings,GeneralSheaf,true,5,5,epoch-5,3,6,degree,0.1230632813126504
amazon_ratings,GeneralSheaf,true,5,5,epoch-5,4,6,degree,0.16428151074795586
amazon_ratings,GeneralSheaf,true,5,5,epoch-5,5,6,degree,0.17648549647170808
amazon_ratings,GeneralSheaf,true,5,5,epoch-5,0,6,betweenness,0.014900986362893968
amazon_ratings,GeneralSheaf,true,5,5,epoch-5,1,6,betweenness,0.03551898687645113
amazon_ratings,GeneralSheaf,true,5,5,epoch-5,2,6,betweenness,0.08861539985190384
amazon_ratings,GeneralSheaf,true,5,5,epoch-5,3,6,betweenness,0.10238052020975118
amazon_ratings,GeneralSheaf,true,5,5,epoch-5,4,6,betweenness,0.12954477022236519
amazon_ratings,GeneralSheaf,true,5,5,epoch-5,5,6,betweenness,0.1475013926878461
amazon_ratings,GeneralSheaf,true,5,5,epoch-5,0,6,confidence,0.7469003966739438
amazon_ratings,GeneralSheaf,true,5,5,epoch-5,1,6,confidence,0.7677229294094142
amazon_ratings,GeneralSheaf,true,5,5,epoch-5,2,6,confidence,0.7931612186468635
amazon_ratings,GeneralSheaf,true,5,5,epoch-5,3,6,confidence,0.7848604329632597
amazon_ratings,GeneralSheaf,true,5,5,epoch-5,4,6,confidence,0.769250780232842
amazon_ratings,GeneralSheaf,true,5,5,epoch-5,5,6,confidence,0.7333765588664851
amazon_ratings,GeneralSheaf,true,5,5,epoch-5,0,6,saliency,-0.15099430491054744
amazon_ratings,GeneralSheaf,true,5,5,epoch-5,1,6,saliency,-0.13668830563628065
amazon_ratings,GeneralSheaf,true,5,5,epoch-5,2,6,saliency,-0.10206494436200958
amazon_ratings,GeneralSheaf,true,5,5,epoch-5,3,6,saliency,-0.11327661455804634
amazon_ratings,GeneralSheaf,true,5,5,epoch-5,4,6,saliency,-0.10510035945148892
amazon_ratings,GeneralSheaf,true,5,5,epoch-5,5,6,saliency,-0.1053617917206004
amazon_ratings,GeneralSheaf,true,5,5,epoch-5,0,6,cohens_d_train,0.025443533
amazon_ratings,GeneralSheaf,true,5,5,epoch-5,1,6,cohens_d_train,0.025157534
amazon_ratings,GeneralSheaf,true,5,5,epoch-5,2,6,cohens_d_train,0.030714057
amazon_ratings,GeneralSheaf,true,5,5,epoch-5,3,6,cohens_d_train,0.037555747
amazon_ratings,GeneralSheaf,true,5,5,epoch-5,4,6,cohens_d_train,0.04003455
amazon_ratings,GeneralSheaf,true,5,5,epoch-5,5,6,cohens_d_train,0.03981001
amazon_ratings,GeneralSheaf,true,5,5,epoch-5,0,6,cohens_d_test,0.05395806
amazon_ratings,GeneralSheaf,true,5,5,epoch-5,1,6,cohens_d_test,0.05244922
amazon_ratings,GeneralSheaf,true,5,5,epoch-5,2,6,cohens_d_test,0.05342741
amazon_ratings,GeneralSheaf,true,5,5,epoch-5,3,6,cohens_d_test,0.06125132
amazon_ratings,GeneralSheaf,true,5,5,epoch-5,4,6,cohens_d_test,0.063994475
amazon_ratings,GeneralSheaf,true,5,5,epoch-5,5,6,cohens_d_test,0.066069946
amazon_ratings,GeneralSheaf,true,5,5,epoch-5,0,7,degree,-0.00021883620575104506
amazon_ratings,GeneralSheaf,true,5,5,epoch-5,1,7,degree,-0.006702097272159355
amazon_ratings,GeneralSheaf,true,5,5,epoch-5,2,7,degree,-0.008700004747905674
amazon_ratings,GeneralSheaf,true,5,5,epoch-5,3,7,degree,0.0417382859438419
amazon_ratings,GeneralSheaf,true,5,5,epoch-5,4,7,degree,0.1868578708652177
amazon_ratings,GeneralSheaf,true,5,5,epoch-5,5,7,degree,0.1323057279416596
amazon_ratings,GeneralSheaf,true,5,5,epoch-5,0,7,betweenness,0.016923159156120565
amazon_ratings,GeneralSheaf,true,5,5,epoch-5,1,7,betweenness,0.027142266721909898
amazon_ratings,GeneralSheaf,true,5,5,epoch-5,2,7,betweenness,0.0457144004912991
amazon_ratings,GeneralSheaf,true,5,5,epoch-5,3,7,betweenness,0.08742163897147319
amazon_ratings,GeneralSheaf,true,5,5,epoch-5,4,7,betweenness,0.15605793206426133
amazon_ratings,GeneralSheaf,true,5,5,epoch-5,5,7,betweenness,0.1582277437196158
amazon_ratings,GeneralSheaf,true,5,5,epoch-5,0,7,confidence,0.740769961283315
amazon_ratings,GeneralSheaf,true,5,5,epoch-5,1,7,confidence,0.7653361146528438
amazon_ratings,GeneralSheaf,true,5,5,epoch-5,2,7,confidence,0.8034118996741363
amazon_ratings,GeneralSheaf,true,5,5,epoch-5,3,7,confidence,0.8320490083003194
amazon_ratings,GeneralSheaf,true,5,5,epoch-5,4,7,confidence,0.8554359456290987
amazon_ratings,GeneralSheaf,true,5,5,epoch-5,5,7,confidence,0.8237664437058514
amazon_ratings,GeneralSheaf,true,5,5,epoch-5,0,7,saliency,0.05565891358883877
amazon_ratings,GeneralSheaf,true,5,5,epoch-5,1,7,saliency,0.07361123683979766
amazon_ratings,GeneralSheaf,true,5,5,epoch-5,2,7,saliency,0.09109117174429888
amazon_ratings,GeneralSheaf,true,5,5,epoch-5,3,7,saliency,0.1008487734307683
amazon_ratings,GeneralSheaf,true,5,5,epoch-5,4,7,saliency,0.08842898959164312
amazon_ratings,GeneralSheaf,true,5,5,epoch-5,5,7,saliency,0.10750269343366735
amazon_ratings,GeneralSheaf,true,5,5,epoch-5,0,7,cohens_d_train,0.04846588
amazon_ratings,GeneralSheaf,true,5,5,epoch-5,1,7,cohens_d_train,0.05886215
amazon_ratings,GeneralSheaf,true,5,5,epoch-5,2,7,cohens_d_train,0.07246014
amazon_ratings,GeneralSheaf,true,5,5,epoch-5,3,7,cohens_d_train,0.091593586
amazon_ratings,GeneralSheaf,true,5,5,epoch-5,4,7,cohens_d_train,0.1073376
amazon_ratings,GeneralSheaf,true,5,5,epoch-5,5,7,cohens_d_train,0.11754343
amazon_ratings,GeneralSheaf,true,5,5,epoch-5,0,7,cohens_d_test,0.06414735
amazon_ratings,GeneralSheaf,true,5,5,epoch-5,1,7,cohens_d_test,0.07304947
amazon_ratings,GeneralSheaf,true,5,5,epoch-5,2,7,cohens_d_test,0.08522382
amazon_ratings,GeneralSheaf,true,5,5,epoch-5,3,7,cohens_d_test,0.09966479
amazon_ratings,GeneralSheaf,true,5,5,epoch-5,4,7,cohens_d_test,0.109243385
amazon_ratings,GeneralSheaf,true,5,5,epoch-5,5,7,cohens_d_test,0.11856787
amazon_ratings,GeneralSheaf,true,5,5,epoch-5,0,8,degree,-0.00011376975853952653
amazon_ratings,GeneralSheaf,true,5,5,epoch-5,1,8,degree,0.06497680808816243
amazon_ratings,GeneralSheaf,true,5,5,epoch-5,2,8,degree,0.06341471130133375
amazon_ratings,GeneralSheaf,true,5,5,epoch-5,3,8,degree,0.07539613808882487
amazon_ratings,GeneralSheaf,true,5,5,epoch-5,4,8,degree,0.0658534399343355
amazon_ratings,GeneralSheaf,true,5,5,epoch-5,5,8,degree,0.023773048763532565
amazon_ratings,GeneralSheaf,true,5,5,epoch-5,0,8,betweenness,0.01516889317418115
amazon_ratings,GeneralSheaf,true,5,5,epoch-5,1,8,betweenness,0.05264967116854236
amazon_ratings,GeneralSheaf,true,5,5,epoch-5,2,8,betweenness,0.06309562267931226
amazon_ratings,GeneralSheaf,true,5,5,epoch-5,3,8,betweenness,0.08061281694881571
amazon_ratings,GeneralSheaf,true,5,5,epoch-5,4,8,betweenness,0.08796120082626142
amazon_ratings,GeneralSheaf,true,5,5,epoch-5,5,8,betweenness,0.08683298936869288
amazon_ratings,GeneralSheaf,true,5,5,epoch-5,0,8,confidence,0.5018366611525182
amazon_ratings,GeneralSheaf,true,5,5,epoch-5,1,8,confidence,0.5360968015061196
amazon_ratings,GeneralSheaf,true,5,5,epoch-5,2,8,confidence,0.5627471825595314
amazon_ratings,GeneralSheaf,true,5,5,epoch-5,3,8,confidence,0.5832525066658598
amazon_ratings,GeneralSheaf,true,5,5,epoch-5,4,8,confidence,0.5877466852921083
amazon_ratings,GeneralSheaf,true,5,5,epoch-5,5,8,confidence,0.6226574735191681
amazon_ratings,GeneralSheaf,true,5,5,epoch-5,0,8,saliency,-0.248021918873124
amazon_ratings,GeneralSheaf,true,5,5,epoch-5,1,8,saliency,-0.22517057323671968
amazon_ratings,GeneralSheaf,true,5,5,epoch-5,2,8,saliency,-0.21759337029848203
amazon_ratings,GeneralSheaf,true,5,5,epoch-5,3,8,saliency,-0.20535749765554043
amazon_ratings,GeneralSheaf,true,5,5,epoch-5,4,8,saliency,-0.19564024285985357
amazon_ratings,GeneralSheaf,true,5,5,epoch-5,5,8,saliency,-0.18825310746979032
amazon_ratings,GeneralSheaf,true,5,5,epoch-5,0,8,cohens_d_train,0.054511264
amazon_ratings,GeneralSheaf,true,5,5,epoch-5,1,8,cohens_d_train,0.066660486
amazon_ratings,GeneralSheaf,true,5,5,epoch-5,2,8,cohens_d_train,0.074557595
amazon_ratings,GeneralSheaf,true,5,5,epoch-5,3,8,cohens_d_train,0.083983414
amazon_ratings,GeneralSheaf,true,5,5,epoch-5,4,8,cohens_d_train,0.086636186
amazon_ratings,GeneralSheaf,true,5,5,epoch-5,5,8,cohens_d_train,0.09666189
amazon_ratings,GeneralSheaf,true,5,5,epoch-5,0,8,cohens_d_test,0.021285133
amazon_ratings,GeneralSheaf,true,5,5,epoch-5,1,8,cohens_d_test,0.007727552
amazon_ratings,GeneralSheaf,true,5,5,epoch-5,2,8,cohens_d_test,0.00020870756
amazon_ratings,GeneralSheaf,true,5,5,epoch-5,3,8,cohens_d_test,0.011073264
amazon_ratings,GeneralSheaf,true,5,5,epoch-5,4,8,cohens_d_test,0.012677878
amazon_ratings,GeneralSheaf,true,5,5,epoch-5,5,8,cohens_d_test,0.027933339
amazon_ratings,GeneralSheaf,true,5,5,epoch-5,0,9,degree,0.0008183590976213736
amazon_ratings,GeneralSheaf,true,5,5,epoch-5,1,9,degree,0.12400050428831341
amazon_ratings,GeneralSheaf,true,5,5,epoch-5,2,9,degree,0.11144185905236087
amazon_ratings,GeneralSheaf,true,5,5,epoch-5,3,9,degree,0.03056065378136346
amazon_ratings,GeneralSheaf,true,5,5,epoch-5,4,9,degree,0.09190172659490377
amazon_ratings,GeneralSheaf,true,5,5,epoch-5,5,9,degree,0.18733651583694522
amazon_ratings,GeneralSheaf,true,5,5,epoch-5,0,9,betweenness,0.013883937963872012
amazon_ratings,GeneralSheaf,true,5,5,epoch-5,1,9,betweenness,0.07389037215579733
amazon_ratings,GeneralSheaf,true,5,5,epoch-5,2,9,betweenness,0.07878146060669175
amazon_ratings,GeneralSheaf,true,5,5,epoch-5,3,9,betweenness,0.06956903865844216
amazon_ratings,GeneralSheaf,true,5,5,epoch-5,4,9,betweenness,0.11143766861805243
amazon_ratings,GeneralSheaf,true,5,5,epoch-5,5,9,betweenness,0.16593935546441824
amazon_ratings,GeneralSheaf,true,5,5,epoch-5,0,9,confidence,0.8839418485883055
amazon_ratings,GeneralSheaf,true,5,5,epoch-5,1,9,confidence,0.8818462202351262
amazon_ratings,GeneralSheaf,true,5,5,epoch-5,2,9,confidence,0.8974001486848601
amazon_ratings,GeneralSheaf,true,5,5,epoch-5,3,9,confidence,0.9036088747748688
amazon_ratings,GeneralSheaf,true,5,5,epoch-5,4,9,confidence,0.8786375541853874
amazon_ratings,GeneralSheaf,true,5,5,epoch-5,5,9,confidence,0.8006747773401791
amazon_ratings,GeneralSheaf,true,5,5,epoch-5,0,9,saliency,-0.12656199952327146
amazon_ratings,GeneralSheaf,true,5,5,epoch-5,1,9,saliency,-0.12622754149722307
amazon_ratings,GeneralSheaf,true,5,5,epoch-5,2,9,saliency,-0.11689615565289281
amazon_ratings,GeneralSheaf,true,5,5,epoch-5,3,9,saliency,-0.08996831217332092
amazon_ratings,GeneralSheaf,true,5,5,epoch-5,4,9,saliency,-0.0769546654955207
amazon_ratings,GeneralSheaf,true,5,5,epoch-5,5,9,saliency,-0.06449011085507807
amazon_ratings,GeneralSheaf,true,5,5,epoch-5,0,9,cohens_d_train,0.027679717
amazon_ratings,GeneralSheaf,true,5,5,epoch-5,1,9,cohens_d_train,0.041209072
amazon_ratings,GeneralSheaf,true,5,5,epoch-5,2,9,cohens_d_train,0.05109459
amazon_ratings,GeneralSheaf,true,5,5,epoch-5,3,9,cohens_d_train,0.070290364
amazon_ratings,GeneralSheaf,true,5,5,epoch-5,4,9,cohens_d_train,0.09333221
amazon_ratings,GeneralSheaf,true,5,5,epoch-5,5,9,cohens_d_train,0.10932632
amazon_ratings,GeneralSheaf,true,5,5,epoch-5,0,9,cohens_d_test,0.004431267
amazon_ratings,GeneralSheaf,true,5,5,epoch-5,1,9,cohens_d_test,0.014015553
amazon_ratings,GeneralSheaf,true,5,5,epoch-5,2,9,cohens_d_test,0.019689154
amazon_ratings,GeneralSheaf,true,5,5,epoch-5,3,9,cohens_d_test,0.03436917
amazon_ratings,GeneralSheaf,true,5,5,epoch-5,4,9,cohens_d_test,0.061504584
amazon_ratings,GeneralSheaf,true,5,5,epoch-5,5,9,cohens_d_test,0.08497263
amazon_ratings,GeneralSheaf,true,5,5,epoch-15,0,0,degree,-0.0077587830053261805
amazon_ratings,GeneralSheaf,true,5,5,epoch-15,1,0,degree,0.06884822994650544
amazon_ratings,GeneralSheaf,true,5,5,epoch-15,2,0,degree,0.1436818309981585
amazon_ratings,GeneralSheaf,true,5,5,epoch-15,3,0,degree,0.21265055627211207
amazon_ratings,GeneralSheaf,true,5,5,epoch-15,4,0,degree,0.2622351685090844
amazon_ratings,GeneralSheaf,true,5,5,epoch-15,5,0,degree,0.20703361075323157
amazon_ratings,GeneralSheaf,true,5,5,epoch-15,0,0,betweenness,0.018205021407254995
amazon_ratings,GeneralSheaf,true,5,5,epoch-15,1,0,betweenness,0.06183840349810447
amazon_ratings,GeneralSheaf,true,5,5,epoch-15,2,0,betweenness,0.10381794689859943
amazon_ratings,GeneralSheaf,true,5,5,epoch-15,3,0,betweenness,0.15121018021858054
amazon_ratings,GeneralSheaf,true,5,5,epoch-15,4,0,betweenness,0.20856041188886243
amazon_ratings,GeneralSheaf,true,5,5,epoch-15,5,0,betweenness,0.2213871286753505
amazon_ratings,GeneralSheaf,true,5,5,epoch-15,0,0,confidence,0.4421779401265565
amazon_ratings,GeneralSheaf,true,5,5,epoch-15,1,0,confidence,0.5006101547187586
amazon_ratings,GeneralSheaf,true,5,5,epoch-15,2,0,confidence,0.5626566796468333
amazon_ratings,GeneralSheaf,true,5,5,epoch-15,3,0,confidence,0.656951118675252
amazon_ratings,GeneralSheaf,true,5,5,epoch-15,4,0,confidence,0.7803538249291482
amazon_ratings,GeneralSheaf,true,5,5,epoch-15,5,0,confidence,0.8528886410138358
amazon_ratings,GeneralSheaf,true,5,5,epoch-15,0,0,saliency,0.015725377310273486
amazon_ratings,GeneralSheaf,true,5,5,epoch-15,1,0,saliency,0.023793669807095442
amazon_ratings,GeneralSheaf,true,5,5,epoch-15,2,0,saliency,0.027896809814861877
amazon_ratings,GeneralSheaf,true,5,5,epoch-15,3,0,saliency,0.033958798311586824
amazon_ratings,GeneralSheaf,true,5,5,epoch-15,4,0,saliency,0.048525806527013965
amazon_ratings,GeneralSheaf,true,5,5,epoch-15,5,0,saliency,0.08459697546058509
amazon_ratings,GeneralSheaf,true,5,5,epoch-15,0,0,cohens_d_train,0.07406426
amazon_ratings,GeneralSheaf,true,5,5,epoch-15,1,0,cohens_d_train,0.09674002
amazon_ratings,GeneralSheaf,true,5,5,epoch-15,2,0,cohens_d_train,0.119521126
amazon_ratings,GeneralSheaf,true,5,5,epoch-15,3,0,cohens_d_train,0.15187256
amazon_ratings,GeneralSheaf,true,5,5,epoch-15,4,0,cohens_d_train,0.1639633
amazon_ratings,GeneralSheaf,true,5,5,epoch-15,5,0,cohens_d_train,0.17567725
amazon_ratings,GeneralSheaf,true,5,5,epoch-15,0,0,cohens_d_test,0.064177655
amazon_ratings,GeneralSheaf,true,5,5,epoch-15,1,0,cohens_d_test,0.0762882
amazon_ratings,GeneralSheaf,true,5,5,epoch-15,2,0,cohens_d_test,0.09234514
amazon_ratings,GeneralSheaf,true,5,5,epoch-15,3,0,cohens_d_test,0.11092603
amazon_ratings,GeneralSheaf,true,5,5,epoch-15,4,0,cohens_d_test,0.12667046
amazon_ratings,GeneralSheaf,true,5,5,epoch-15,5,0,cohens_d_test,0.13936438
amazon_ratings,GeneralSheaf,true,5,5,epoch-15,0,1,degree,-0.004476798343859698
amazon_ratings,GeneralSheaf,true,5,5,epoch-15,1,1,degree,0.06798863764205283
amazon_ratings,GeneralSheaf,true,5,5,epoch-15,2,1,degree,0.04735804531873844
amazon_ratings,GeneralSheaf,true,5,5,epoch-15,3,1,degree,0.1582129325563513
amazon_ratings,GeneralSheaf,true,5,5,epoch-15,4,1,degree,0.22310740271326374
amazon_ratings,GeneralSheaf,true,5,5,epoch-15,5,1,degree,0.22498303682912782
amazon_ratings,GeneralSheaf,true,5,5,epoch-15,0,1,betweenness,0.018684134993908568
amazon_ratings,GeneralSheaf,true,5,5,epoch-15,1,1,betweenness,0.061238205670730635
amazon_ratings,GeneralSheaf,true,5,5,epoch-15,2,1,betweenness,0.07536988403043936
amazon_ratings,GeneralSheaf,true,5,5,epoch-15,3,1,betweenness,0.1487017719994095
amazon_ratings,GeneralSheaf,true,5,5,epoch-15,4,1,betweenness,0.2091200630586156
amazon_ratings,GeneralSheaf,true,5,5,epoch-15,5,1,betweenness,0.23916675083757716
amazon_ratings,GeneralSheaf,true,5,5,epoch-15,0,1,confidence,0.32746054643907246
amazon_ratings,GeneralSheaf,true,5,5,epoch-15,1,1,confidence,0.38961868221144513
amazon_ratings,GeneralSheaf,true,5,5,epoch-15,2,1,confidence,0.4584018939016767
amazon_ratings,GeneralSheaf,true,5,5,epoch-15,3,1,confidence,0.5963056013650825
amazon_ratings,GeneralSheaf,true,5,5,epoch-15,4,1,confidence,0.7242898716169367
amazon_ratings,GeneralSheaf,true,5,5,epoch-15,5,1,confidence,0.8071327807562602
amazon_ratings,GeneralSheaf,true,5,5,epoch-15,0,1,saliency,0.07602114916260193
amazon_ratings,GeneralSheaf,true,5,5,epoch-15,1,1,saliency,0.0833095923253676
amazon_ratings,GeneralSheaf,true,5,5,epoch-15,2,1,saliency,0.10252564370240609
amazon_ratings,GeneralSheaf,true,5,5,epoch-15,3,1,saliency,0.10808341382993931
amazon_ratings,GeneralSheaf,true,5,5,epoch-15,4,1,saliency,0.11535181993635579
amazon_ratings,GeneralSheaf,true,5,5,epoch-15,5,1,saliency,0.13156004162526477
amazon_ratings,GeneralSheaf,true,5,5,epoch-15,0,1,cohens_d_train,0.06980018
amazon_ratings,GeneralSheaf,true,5,5,epoch-15,1,1,cohens_d_train,0.07952702
amazon_ratings,GeneralSheaf,true,5,5,epoch-15,2,1,cohens_d_train,0.09048154
amazon_ratings,GeneralSheaf,true,5,5,epoch-15,3,1,cohens_d_train,0.10806586
amazon_ratings,GeneralSheaf,true,5,5,epoch-15,4,1,cohens_d_train,0.12556507
amazon_ratings,GeneralSheaf,true,5,5,epoch-15,5,1,cohens_d_train,0.13208574
amazon_ratings,GeneralSheaf,true,5,5,epoch-15,0,1,cohens_d_test,0.031405497
amazon_ratings,GeneralSheaf,true,5,5,epoch-15,1,1,cohens_d_test,0.050975688
amazon_ratings,GeneralSheaf,true,5,5,epoch-15,2,1,cohens_d_test,0.06682356
amazon_ratings,GeneralSheaf,true,5,5,epoch-15,3,1,cohens_d_test,0.09893097
amazon_ratings,GeneralSheaf,true,5,5,epoch-15,4,1,cohens_d_test,0.11549149
amazon_ratings,GeneralSheaf,true,5,5,epoch-15,5,1,cohens_d_test,0.12913385
amazon_ratings,GeneralSheaf,true,5,5,epoch-15,0,2,degree,-0.006760171359625914
amazon_ratings,GeneralSheaf,true,5,5,epoch-15,1,2,degree,0.16631652378022418
amazon_ratings,GeneralSheaf,true,5,5,epoch-15,2,2,degree,0.23457491297028202
amazon_ratings,GeneralSheaf,true,5,5,epoch-15,3,2,degree,0.22642722600000031
amazon_ratings,GeneralSheaf,true,5,5,epoch-15,4,2,degree,0.18573764837675094
amazon_ratings,GeneralSheaf,true,5,5,epoch-15,5,2,degree,0.1775934229485187
amazon_ratings,GeneralSheaf,true,5,5,epoch-15,0,2,betweenness,0.015751653390923832
amazon_ratings,GeneralSheaf,true,5,5,epoch-15,1,2,betweenness,0.09762869803335272
amazon_ratings,GeneralSheaf,true,5,5,epoch-15,2,2,betweenness,0.13593216797523902
amazon_ratings,GeneralSheaf,true,5,5,epoch-15,3,2,betweenness,0.16685331034374792
amazon_ratings,GeneralSheaf,true,5,5,epoch-15,4,2,betweenness,0.18460756496572875
amazon_ratings,GeneralSheaf,true,5,5,epoch-15,5,2,betweenness,0.2029286014894685
amazon_ratings,GeneralSheaf,true,5,5,epoch-15,0,2,confidence,0.5096972843957114
amazon_ratings,GeneralSheaf,true,5,5,epoch-15,1,2,confidence,0.5746137726275455
amazon_ratings,GeneralSheaf,true,5,5,epoch-15,2,2,confidence,0.6245634799953589
amazon_ratings,GeneralSheaf,true,5,5,epoch-15,3,2,confidence,0.7409349678312495
amazon_ratings,GeneralSheaf,true,5,5,epoch-15,4,2,confidence,0.8273490916288956
amazon_ratings,GeneralSheaf,true,5,5,epoch-15,5,2,confidence,0.8652474987125165
amazon_ratings,GeneralSheaf,true,5,5,epoch-15,0,2,saliency,0.015790585726446243
amazon_ratings,GeneralSheaf,true,5,5,epoch-15,1,2,saliency,0.02625467445798369
amazon_ratings,GeneralSheaf,true,5,5,epoch-15,2,2,saliency,0.03278402116914705
amazon_ratings,GeneralSheaf,true,5,5,epoch-15,3,2,saliency,0.035460360024896
amazon_ratings,GeneralSheaf,true,5,5,epoch-15,4,2,saliency,0.04206676475998659
amazon_ratings,GeneralSheaf,true,5,5,epoch-15,5,2,saliency,0.043811305578521566
amazon_ratings,GeneralSheaf,true,5,5,epoch-15,0,2,cohens_d_train,0.07684797
amazon_ratings,GeneralSheaf,true,5,5,epoch-15,1,2,cohens_d_train,0.10169497
amazon_ratings,GeneralSheaf,true,5,5,epoch-15,2,2,cohens_d_train,0.12079576
amazon_ratings,GeneralSheaf,true,5,5,epoch-15,3,2,cohens_d_train,0.14334741
amazon_ratings,GeneralSheaf,true,5,5,epoch-15,4,2,cohens_d_train,0.15240379
amazon_ratings,GeneralSheaf,true,5,5,epoch-15,5,2,cohens_d_train,0.16140525
amazon_ratings,GeneralSheaf,true,5,5,epoch-15,0,2,cohens_d_test,0.04209361
amazon_ratings,GeneralSheaf,true,5,5,epoch-15,1,2,cohens_d_test,0.052487247
amazon_ratings,GeneralSheaf,true,5,5,epoch-15,2,2,cohens_d_test,0.062597826
amazon_ratings,GeneralSheaf,true,5,5,epoch-15,3,2,cohens_d_test,0.076974474
amazon_ratings,GeneralSheaf,true,5,5,epoch-15,4,2,cohens_d_test,0.0815857
amazon_ratings,GeneralSheaf,true,5,5,epoch-15,5,2,cohens_d_test,0.0868693
amazon_ratings,GeneralSheaf,true,5,5,epoch-15,0,3,degree,-0.006145351295337499
amazon_ratings,GeneralSheaf,true,5,5,epoch-15,1,3,degree,0.048891061840061964
amazon_ratings,GeneralSheaf,true,5,5,epoch-15,2,3,degree,0.25035584748674067
amazon_ratings,GeneralSheaf,true,5,5,epoch-15,3,3,degree,0.20480797541240542
amazon_ratings,GeneralSheaf,true,5,5,epoch-15,4,3,degree,0.23744069699124537
amazon_ratings,GeneralSheaf,true,5,5,epoch-15,5,3,degree,0.21363341127328836
amazon_ratings,GeneralSheaf,true,5,5,epoch-15,0,3,betweenness,0.012514400542787683
amazon_ratings,GeneralSheaf,true,5,5,epoch-15,1,3,betweenness,0.04838640545186632
amazon_ratings,GeneralSheaf,true,5,5,epoch-15,2,3,betweenness,0.1410595334516566
amazon_ratings,GeneralSheaf,true,5,5,epoch-15,3,3,betweenness,0.15071127129992162
amazon_ratings,GeneralSheaf,true,5,5,epoch-15,4,3,betweenness,0.19114426887289054
amazon_ratings,GeneralSheaf,true,5,5,epoch-15,5,3,betweenness,0.2141196063004201
amazon_ratings,GeneralSheaf,true,5,5,epoch-15,0,3,confidence,0.4954259511148457
amazon_ratings,GeneralSheaf,true,5,5,epoch-15,1,3,confidence,0.5416152831189525
amazon_ratings,GeneralSheaf,true,5,5,epoch-15,2,3,confidence,0.5832771533409536
amazon_ratings,GeneralSheaf,true,5,5,epoch-15,3,3,confidence,0.6702793808017113
amazon_ratings,GeneralSheaf,true,5,5,epoch-15,4,3,confidence,0.7381534645538179
amazon_ratings,GeneralSheaf,true,5,5,epoch-15,5,3,confidence,0.7969200243435847
amazon_ratings,GeneralSheaf,true,5,5,epoch-15,0,3,saliency,0.029374001626700664
amazon_ratings,GeneralSheaf,true,5,5,epoch-15,1,3,saliency,0.028676845041674972
amazon_ratings,GeneralSheaf,true,5,5,epoch-15,2,3,saliency,-0.022243527757755645
amazon_ratings,GeneralSheaf,true,5,5,epoch-15,3,3,saliency,-0.0033578881693058144
amazon_ratings,GeneralSheaf,true,5,5,epoch-15,4,3,saliency,-0.007400251768521064
amazon_ratings,GeneralSheaf,true,5,5,epoch-15,5,3,saliency,0.018189370739239836
amazon_ratings,GeneralSheaf,true,5,5,epoch-15,0,3,cohens_d_train,0.10500435
amazon_ratings,GeneralSheaf,true,5,5,epoch-15,1,3,cohens_d_train,0.11804687
amazon_ratings,GeneralSheaf,true,5,5,epoch-15,2,3,cohens_d_train,0.14301541
amazon_ratings,GeneralSheaf,true,5,5,epoch-15,3,3,cohens_d_train,0.16014336
amazon_ratings,GeneralSheaf,true,5,5,epoch-15,4,3,cohens_d_train,0.17032096
amazon_ratings,GeneralSheaf,true,5,5,epoch-15,5,3,cohens_d_train,0.17079668
amazon_ratings,GeneralSheaf,true,5,5,epoch-15,0,3,cohens_d_test,0.013071204
amazon_ratings,GeneralSheaf,true,5,5,epoch-15,1,3,cohens_d_test,0.023178615
amazon_ratings,GeneralSheaf,true,5,5,epoch-15,2,3,cohens_d_test,0.053670317
amazon_ratings,GeneralSheaf,true,5,5,epoch-15,3,3,cohens_d_test,0.06557295
amazon_ratings,GeneralSheaf,true,5,5,epoch-15,4,3,cohens_d_test,0.089792036
amazon_ratings,GeneralSheaf,true,5,5,epoch-15,5,3,cohens_d_test,0.107050285
amazon_ratings,GeneralSheaf,true,5,5,epoch-15,0,4,degree,-0.00955748346009002
amazon_ratings,GeneralSheaf,true,5,5,epoch-15,1,4,degree,0.032703706945953676
amazon_ratings,GeneralSheaf,true,5,5,epoch-15,2,4,degree,0.13368257457156585
amazon_ratings,GeneralSheaf,true,5,5,epoch-15,3,4,degree,0.23207380356902663
amazon_ratings,GeneralSheaf,true,5,5,epoch-15,4,4,degree,0.16704305038593578
amazon_ratings,GeneralSheaf,true,5,5,epoch-15,5,4,degree,0.1601914096305332
amazon_ratings,GeneralSheaf,true,5,5,epoch-15,0,4,betweenness,0.02640327084257829
amazon_ratings,GeneralSheaf,true,5,5,epoch-15,1,4,betweenness,0.06165088097705639
amazon_ratings,GeneralSheaf,true,5,5,epoch-15,2,4,betweenness,0.12721878432102493
amazon_ratings,GeneralSheaf,true,5,5,epoch-15,3,4,betweenness,0.1870475768825786
amazon_ratings,GeneralSheaf,true,5,5,epoch-15,4,4,betweenness,0.20851338725498605
amazon_ratings,GeneralSheaf,true,5,5,epoch-15,5,4,betweenness,0.22133406169562342
amazon_ratings,GeneralSheaf,true,5,5,epoch-15,0,4,confidence,0.47585115720552856
amazon_ratings,GeneralSheaf,true,5,5,epoch-15,1,4,confidence,0.5436809493983464
amazon_ratings,GeneralSheaf,true,5,5,epoch-15,2,4,confidence,0.6481643542167338
amazon_ratings,GeneralSheaf,true,5,5,epoch-15,3,4,confidence,0.7238555113521382
amazon_ratings,GeneralSheaf,true,5,5,epoch-15,4,4,confidence,0.8311723310224933
amazon_ratings,GeneralSheaf,true,5,5,epoch-15,5,4,confidence,0.8424938956394641
amazon_ratings,GeneralSheaf,true,5,5,epoch-15,0,4,saliency,0.026900488941089887
amazon_ratings,GeneralSheaf,true,5,5,epoch-15,1,4,saliency,0.03599544003582273
amazon_ratings,GeneralSheaf,true,5,5,epoch-15,2,4,saliency,0.03349817850342207
amazon_ratings,GeneralSheaf,true,5,5,epoch-15,3,4,saliency,0.019959743413431468
amazon_ratings,GeneralSheaf,true,5,5,epoch-15,4,4,saliency,0.04166688529187332
amazon_ratings,GeneralSheaf,true,5,5,epoch-15,5,4,saliency,0.04719732346372113
amazon_ratings,GeneralSheaf,true,5,5,epoch-15,0,4,cohens_d_train,0.110615306
amazon_ratings,GeneralSheaf,true,5,5,epoch-15,1,4,cohens_d_train,0.1268481
amazon_ratings,GeneralSheaf,true,5,5,epoch-15,2,4,cohens_d_train,0.13871285
amazon_ratings,GeneralSheaf,true,5,5,epoch-15,3,4,cohens_d_train,0.12928732
amazon_ratings,GeneralSheaf,true,5,5,epoch-15,4,4,cohens_d_train,0.13937552
amazon_ratings,GeneralSheaf,true,5,5,epoch-15,5,4,cohens_d_train,0.13683997
amazon_ratings,GeneralSheaf,true,5,5,epoch-15,0,4,cohens_d_test,0.09790926
amazon_ratings,GeneralSheaf,true,5,5,epoch-15,1,4,cohens_d_test,0.11640092
amazon_ratings,GeneralSheaf,true,5,5,epoch-15,2,4,cohens_d_test,0.13731727
amazon_ratings,GeneralSheaf,true,5,5,epoch-15,3,4,cohens_d_test,0.14645441
amazon_ratings,GeneralSheaf,true,5,5,epoch-15,4,4,cohens_d_test,0.14963266
amazon_ratings,GeneralSheaf,true,5,5,epoch-15,5,4,cohens_d_test,0.14572316
amazon_ratings,GeneralSheaf,true,5,5,epoch-15,0,5,degree,-0.010623957163152646
amazon_ratings,GeneralSheaf,true,5,5,epoch-15,1,5,degree,0.10753023033236837
amazon_ratings,GeneralSheaf,true,5,5,epoch-15,2,5,degree,0.164988747918457
amazon_ratings,GeneralSheaf,true,5,5,epoch-15,3,5,degree,0.07910353934006337
amazon_ratings,GeneralSheaf,true,5,5,epoch-15,4,5,degree,0.11671587599107881
amazon_ratings,GeneralSheaf,true,5,5,epoch-15,5,5,degree,0.14005792032983502
amazon_ratings,GeneralSheaf,true,5,5,epoch-15,0,5,betweenness,0.023293610997556346
amazon_ratings,GeneralSheaf,true,5,5,epoch-15,1,5,betweenness,0.08668973261306255
amazon_ratings,GeneralSheaf,true,5,5,epoch-15,2,5,betweenness,0.1271843055993418
amazon_ratings,GeneralSheaf,true,5,5,epoch-15,3,5,betweenness,0.12734098105262387
amazon_ratings,GeneralSheaf,true,5,5,epoch-15,4,5,betweenness,0.17059037526403953
amazon_ratings,GeneralSheaf,true,5,5,epoch-15,5,5,betweenness,0.20478610425267998
amazon_ratings,GeneralSheaf,true,5,5,epoch-15,0,5,confidence,0.4665601862630327
amazon_ratings,GeneralSheaf,true,5,5,epoch-15,1,5,confidence,0.5455906907680165
amazon_ratings,GeneralSheaf,true,5,5,epoch-15,2,5,confidence,0.6083630135802167
amazon_ratings,GeneralSheaf,true,5,5,epoch-15,3,5,confidence,0.7109655813782886
amazon_ratings,GeneralSheaf,true,5,5,epoch-15,4,5,confidence,0.7895750345459576
amazon_ratings,GeneralSheaf,true,5,5,epoch-15,5,5,confidence,0.8380300438407069
amazon_ratings,GeneralSheaf,true,5,5,epoch-15,0,5,saliency,-0.051010308180583004
amazon_ratings,GeneralSheaf,true,5,5,epoch-15,1,5,saliency,-0.05106978493135574
amazon_ratings,GeneralSheaf,true,5,5,epoch-15,2,5,saliency,-0.044985794223973
amazon_ratings,GeneralSheaf,true,5,5,epoch-15,3,5,saliency,0.00931833300510941
amazon_ratings,GeneralSheaf,true,5,5,epoch-15,4,5,saliency,0.026615532475759596
amazon_ratings,GeneralSheaf,true,5,5,epoch-15,5,5,saliency,0.045127912026050314
amazon_ratings,GeneralSheaf,true,5,5,epoch-15,0,5,cohens_d_train,0.08876142
amazon_ratings,GeneralSheaf,true,5,5,epoch-15,1,5,cohens_d_train,0.11214562
amazon_ratings,GeneralSheaf,true,5,5,epoch-15,2,5,cohens_d_train,0.12771593
amazon_ratings,GeneralSheaf,true,5,5,epoch-15,3,5,cohens_d_train,0.14891689
amazon_ratings,GeneralSheaf,true,5,5,epoch-15,4,5,cohens_d_train,0.16315022
amazon_ratings,GeneralSheaf,true,5,5,epoch-15,5,5,cohens_d_train,0.18132798
amazon_ratings,GeneralSheaf,true,5,5,epoch-15,0,5,cohens_d_test,0.06459181
amazon_ratings,GeneralSheaf,true,5,5,epoch-15,1,5,cohens_d_test,0.08488663
amazon_ratings,GeneralSheaf,true,5,5,epoch-15,2,5,cohens_d_test,0.097697884
amazon_ratings,GeneralSheaf,true,5,5,epoch-15,3,5,cohens_d_test,0.10495497
amazon_ratings,GeneralSheaf,true,5,5,epoch-15,4,5,cohens_d_test,0.1093692
amazon_ratings,GeneralSheaf,true,5,5,epoch-15,5,5,cohens_d_test,0.10561218
amazon_ratings,GeneralSheaf,true,5,5,epoch-15,0,6,degree,-0.009800957578433685
amazon_ratings,GeneralSheaf,true,5,5,epoch-15,1,6,degree,0.1306972903076124
amazon_ratings,GeneralSheaf,true,5,5,epoch-15,2,6,degree,0.2138562886586001
amazon_ratings,GeneralSheaf,true,5,5,epoch-15,3,6,degree,0.10429013134492919
amazon_ratings,GeneralSheaf,true,5,5,epoch-15,4,6,degree,0.20695339587692937
amazon_ratings,GeneralSheaf,true,5,5,epoch-15,5,6,degree,0.23172458814944605
amazon_ratings,GeneralSheaf,true,5,5,epoch-15,0,6,betweenness,0.030450317311414083
amazon_ratings,GeneralSheaf,true,5,5,epoch-15,1,6,betweenness,0.10110791591926334
amazon_ratings,GeneralSheaf,true,5,5,epoch-15,2,6,betweenness,0.14814234471029739
amazon_ratings,GeneralSheaf,true,5,5,epoch-15,3,6,betweenness,0.1410873614803704
amazon_ratings,GeneralSheaf,true,5,5,epoch-15,4,6,betweenness,0.20941674093390583
amazon_ratings,GeneralSheaf,true,5,5,epoch-15,5,6,betweenness,0.23379120633800213
amazon_ratings,GeneralSheaf,true,5,5,epoch-15,0,6,confidence,0.4877705244310821
amazon_ratings,GeneralSheaf,true,5,5,epoch-15,1,6,confidence,0.5854921702709459
amazon_ratings,GeneralSheaf,true,5,5,epoch-15,2,6,confidence,0.643324684928538
amazon_ratings,GeneralSheaf,true,5,5,epoch-15,3,6,confidence,0.7106419861849455
amazon_ratings,GeneralSheaf,true,5,5,epoch-15,4,6,confidence,0.7950615351875023
amazon_ratings,GeneralSheaf,true,5,5,epoch-15,5,6,confidence,0.8232066994918701
amazon_ratings,GeneralSheaf,true,5,5,epoch-15,0,6,saliency,0.015650360487805083
amazon_ratings,GeneralSheaf,true,5,5,epoch-15,1,6,saliency,0.017923657192344185
amazon_ratings,GeneralSheaf,true,5,5,epoch-15,2,6,saliency,0.01268519772166199
amazon_ratings,GeneralSheaf,true,5,5,epoch-15,3,6,saliency,0.016224319750244246
amazon_ratings,GeneralSheaf,true,5,5,epoch-15,4,6,saliency,-0.001183992101277758
amazon_ratings,GeneralSheaf,true,5,5,epoch-15,5,6,saliency,-0.005298176449829747
amazon_ratings,GeneralSheaf,true,5,5,epoch-15,0,6,cohens_d_train,0.082762
amazon_ratings,GeneralSheaf,true,5,5,epoch-15,1,6,cohens_d_train,0.11073404
amazon_ratings,GeneralSheaf,true,5,5,epoch-15,2,6,cohens_d_train,0.12526873
amazon_ratings,GeneralSheaf,true,5,5,epoch-15,3,6,cohens_d_train,0.13623315
amazon_ratings,GeneralSheaf,true,5,5,epoch-15,4,6,cohens_d_train,0.15024608
amazon_ratings,GeneralSheaf,true,5,5,epoch-15,5,6,cohens_d_train,0.150288
amazon_ratings,GeneralSheaf,true,5,5,epoch-15,0,6,cohens_d_test,0.08791715
amazon_ratings,GeneralSheaf,true,5,5,epoch-15,1,6,cohens_d_test,0.093060784
amazon_ratings,GeneralSheaf,true,5,5,epoch-15,2,6,cohens_d_test,0.09957856
amazon_ratings,GeneralSheaf,true,5,5,epoch-15,3,6,cohens_d_test,0.116380624
amazon_ratings,GeneralSheaf,true,5,5,epoch-15,4,6,cohens_d_test,0.12926434
amazon_ratings,GeneralSheaf,true,5,5,epoch-15,5,6,cohens_d_test,0.12580657
amazon_ratings,GeneralSheaf,true,5,5,epoch-15,0,7,degree,-0.010327387869037601
amazon_ratings,GeneralSheaf,true,5,5,epoch-15,1,7,degree,0.04863728243026464
amazon_ratings,GeneralSheaf,true,5,5,epoch-15,2,7,degree,0.17614889078976934
amazon_ratings,GeneralSheaf,true,5,5,epoch-15,3,7,degree,0.21732293008007975
amazon_ratings,GeneralSheaf,true,5,5,epoch-15,4,7,degree,0.200911978970014
amazon_ratings,GeneralSheaf,true,5,5,epoch-15,5,7,degree,0.14011472040280346
amazon_ratings,GeneralSheaf,true,5,5,epoch-15,0,7,betweenness,0.02647285770531424
amazon_ratings,GeneralSheaf,true,5,5,epoch-15,1,7,betweenness,0.06819574962755924
amazon_ratings,GeneralSheaf,true,5,5,epoch-15,2,7,betweenness,0.1363031580496354
amazon_ratings,GeneralSheaf,true,5,5,epoch-15,3,7,betweenness,0.18070727338787196
amazon_ratings,GeneralSheaf,true,5,5,epoch-15,4,7,betweenness,0.19822506093432976
amazon_ratings,GeneralSheaf,true,5,5,epoch-15,5,7,betweenness,0.210273091213023
amazon_ratings,GeneralSheaf,true,5,5,epoch-15,0,7,confidence,0.5347836641675048
amazon_ratings,GeneralSheaf,true,5,5,epoch-15,1,7,confidence,0.6070881127989388
amazon_ratings,GeneralSheaf,true,5,5,epoch-15,2,7,confidence,0.6832223612295769
amazon_ratings,GeneralSheaf,true,5,5,epoch-15,3,7,confidence,0.774717906630738
amazon_ratings,GeneralSheaf,true,5,5,epoch-15,4,7,confidence,0.8291109734997815
amazon_ratings,GeneralSheaf,true,5,5,epoch-15,5,7,confidence,0.9080557288727835
amazon_ratings,GeneralSheaf,true,5,5,epoch-15,0,7,saliency,0.029663460282207448
amazon_ratings,GeneralSheaf,true,5,5,epoch-15,1,7,saliency,0.033182541909749085
amazon_ratings,GeneralSheaf,true,5,5,epoch-15,2,7,saliency,0.017875061687609873
amazon_ratings,GeneralSheaf,true,5,5,epoch-15,3,7,saliency,0.022925422891892085
amazon_ratings,GeneralSheaf,true,5,5,epoch-15,4,7,saliency,0.042135158825827274
amazon_ratings,GeneralSheaf,true,5,5,epoch-15,5,7,saliency,0.08600728090152544
amazon_ratings,GeneralSheaf,true,5,5,epoch-15,0,7,cohens_d_train,0.078510664
amazon_ratings,GeneralSheaf,true,5,5,epoch-15,1,7,cohens_d_train,0.102441624
amazon_ratings,GeneralSheaf,true,5,5,epoch-15,2,7,cohens_d_train,0.12796958
amazon_ratings,GeneralSheaf,true,5,5,epoch-15,3,7,cohens_d_train,0.14239338
amazon_ratings,GeneralSheaf,true,5,5,epoch-15,4,7,cohens_d_train,0.14093742
amazon_ratings,GeneralSheaf,true,5,5,epoch-15,5,7,cohens_d_train,0.1451615
amazon_ratings,GeneralSheaf,true,5,5,epoch-15,0,7,cohens_d_test,0.111620195
amazon_ratings,GeneralSheaf,true,5,5,epoch-15,1,7,cohens_d_test,0.12785025
amazon_ratings,GeneralSheaf,true,5,5,epoch-15,2,7,cohens_d_test,0.14050099
amazon_ratings,GeneralSheaf,true,5,5,epoch-15,3,7,cohens_d_test,0.14571111
amazon_ratings,GeneralSheaf,true,5,5,epoch-15,4,7,cohens_d_test,0.1477288
amazon_ratings,GeneralSheaf,true,5,5,epoch-15,5,7,cohens_d_test,0.15540871
amazon_ratings,GeneralSheaf,true,5,5,epoch-15,0,8,degree,-0.005870166369033973
amazon_ratings,GeneralSheaf,true,5,5,epoch-15,1,8,degree,0.10931893957041876
amazon_ratings,GeneralSheaf,true,5,5,epoch-15,2,8,degree,0.15228783354261255
amazon_ratings,GeneralSheaf,true,5,5,epoch-15,3,8,degree,0.20942731036017867
amazon_ratings,GeneralSheaf,true,5,5,epoch-15,4,8,degree,0.17752917887930098
amazon_ratings,GeneralSheaf,true,5,5,epoch-15,5,8,degree,0.20185778429732446
amazon_ratings,GeneralSheaf,true,5,5,epoch-15,0,8,betweenness,0.019885098253875865
amazon_ratings,GeneralSheaf,true,5,5,epoch-15,1,8,betweenness,0.07886775888936484
amazon_ratings,GeneralSheaf,true,5,5,epoch-15,2,8,betweenness,0.11652490398181817
amazon_ratings,GeneralSheaf,true,5,5,epoch-15,3,8,betweenness,0.18312589749098393
amazon_ratings,GeneralSheaf,true,5,5,epoch-15,4,8,betweenness,0.18962026894361414
amazon_ratings,GeneralSheaf,true,5,5,epoch-15,5,8,betweenness,0.21075249914340455
amazon_ratings,GeneralSheaf,true,5,5,epoch-15,0,8,confidence,0.4265478863537443
amazon_ratings,GeneralSheaf,true,5,5,epoch-15,1,8,confidence,0.492645703480252
amazon_ratings,GeneralSheaf,true,5,5,epoch-15,2,8,confidence,0.5667921296194085
amazon_ratings,GeneralSheaf,true,5,5,epoch-15,3,8,confidence,0.6994524901906931
amazon_ratings,GeneralSheaf,true,5,5,epoch-15,4,8,confidence,0.7253639265523795
amazon_ratings,GeneralSheaf,true,5,5,epoch-15,5,8,confidence,0.746310916816312
amazon_ratings,GeneralSheaf,true,5,5,epoch-15,0,8,saliency,-0.001838182041919013
amazon_ratings,GeneralSheaf,true,5,5,epoch-15,1,8,saliency,0.01409254989162031
amazon_ratings,GeneralSheaf,true,5,5,epoch-15,2,8,saliency,0.02509210816947815
amazon_ratings,GeneralSheaf,true,5,5,epoch-15,3,8,saliency,0.030706554991320033
amazon_ratings,GeneralSheaf,true,5,5,epoch-15,4,8,saliency,0.04409149177355845
amazon_ratings,GeneralSheaf,true,5,5,epoch-15,5,8,saliency,0.04579804693620023
amazon_ratings,GeneralSheaf,true,5,5,epoch-15,0,8,cohens_d_train,0.12795201
amazon_ratings,GeneralSheaf,true,5,5,epoch-15,1,8,cohens_d_train,0.14645109
amazon_ratings,GeneralSheaf,true,5,5,epoch-15,2,8,cohens_d_train,0.15937969
amazon_ratings,GeneralSheaf,true,5,5,epoch-15,3,8,cohens_d_train,0.17518602
amazon_ratings,GeneralSheaf,true,5,5,epoch-15,4,8,cohens_d_train,0.1833748
amazon_ratings,GeneralSheaf,true,5,5,epoch-15,5,8,cohens_d_train,0.17585875
amazon_ratings,GeneralSheaf,true,5,5,epoch-15,0,8,cohens_d_test,0.07280354
amazon_ratings,GeneralSheaf,true,5,5,epoch-15,1,8,cohens_d_test,0.08682193
amazon_ratings,GeneralSheaf,true,5,5,epoch-15,2,8,cohens_d_test,0.09897836
amazon_ratings,GeneralSheaf,true,5,5,epoch-15,3,8,cohens_d_test,0.12017236
amazon_ratings,GeneralSheaf,true,5,5,epoch-15,4,8,cohens_d_test,0.12500782
amazon_ratings,GeneralSheaf,true,5,5,epoch-15,5,8,cohens_d_test,0.123471834
amazon_ratings,GeneralSheaf,true,5,5,epoch-15,0,9,degree,-0.005691503803031005
amazon_ratings,GeneralSheaf,true,5,5,epoch-15,1,9,degree,0.14524877617172097
amazon_ratings,GeneralSheaf,true,5,5,epoch-15,2,9,degree,0.08786403165859771
amazon_ratings,GeneralSheaf,true,5,5,epoch-15,3,9,degree,0.13596927362741573
amazon_ratings,GeneralSheaf,true,5,5,epoch-15,4,9,degree,0.17576071564346413
amazon_ratings,GeneralSheaf,true,5,5,epoch-15,5,9,degree,0.15241882667699902
amazon_ratings,GeneralSheaf,true,5,5,epoch-15,0,9,betweenness,0.0220941207131052
amazon_ratings,GeneralSheaf,true,5,5,epoch-15,1,9,betweenness,0.09298309394755973
amazon_ratings,GeneralSheaf,true,5,5,epoch-15,2,9,betweenness,0.09581485083883683
amazon_ratings,GeneralSheaf,true,5,5,epoch-15,3,9,betweenness,0.1417804944872111
amazon_ratings,GeneralSheaf,true,5,5,epoch-15,4,9,betweenness,0.18797770980017567
amazon_ratings,GeneralSheaf,true,5,5,epoch-15,5,9,betweenness,0.20935465158040256
amazon_ratings,GeneralSheaf,true,5,5,epoch-15,0,9,confidence,0.490266642391134
amazon_ratings,GeneralSheaf,true,5,5,epoch-15,1,9,confidence,0.5336908709189647
amazon_ratings,GeneralSheaf,true,5,5,epoch-15,2,9,confidence,0.6056626369527628
amazon_ratings,GeneralSheaf,true,5,5,epoch-15,3,9,confidence,0.690244395629
amazon_ratings,GeneralSheaf,true,5,5,epoch-15,4,9,confidence,0.775829241079101
amazon_ratings,GeneralSheaf,true,5,5,epoch-15,5,9,confidence,0.8264261810287893
amazon_ratings,GeneralSheaf,true,5,5,epoch-15,0,9,saliency,-0.019153480671741416
amazon_ratings,GeneralSheaf,true,5,5,epoch-15,1,9,saliency,-0.05479860898806094
amazon_ratings,GeneralSheaf,true,5,5,epoch-15,2,9,saliency,-0.027740279730838827
amazon_ratings,GeneralSheaf,true,5,5,epoch-15,3,9,saliency,-0.03622439565019778
amazon_ratings,GeneralSheaf,true,5,5,epoch-15,4,9,saliency,-0.03005685985728717
amazon_ratings,GeneralSheaf,true,5,5,epoch-15,5,9,saliency,0.0019710386307412392
amazon_ratings,GeneralSheaf,true,5,5,epoch-15,0,9,cohens_d_train,0.094146006
amazon_ratings,GeneralSheaf,true,5,5,epoch-15,1,9,cohens_d_train,0.10558527
amazon_ratings,GeneralSheaf,true,5,5,epoch-15,2,9,cohens_d_train,0.12367482
amazon_ratings,GeneralSheaf,true,5,5,epoch-15,3,9,cohens_d_train,0.13793518
amazon_ratings,GeneralSheaf,true,5,5,epoch-15,4,9,cohens_d_train,0.1469027
amazon_ratings,GeneralSheaf,true,5,5,epoch-15,5,9,cohens_d_train,0.15434071
amazon_ratings,GeneralSheaf,true,5,5,epoch-15,0,9,cohens_d_test,0.030716043
amazon_ratings,GeneralSheaf,true,5,5,epoch-15,1,9,cohens_d_test,0.051966995
amazon_ratings,GeneralSheaf,true,5,5,epoch-15,2,9,cohens_d_test,0.06170233
amazon_ratings,GeneralSheaf,true,5,5,epoch-15,3,9,cohens_d_test,0.08504398
amazon_ratings,GeneralSheaf,true,5,5,epoch-15,4,9,cohens_d_test,0.10016104
amazon_ratings,GeneralSheaf,true,5,5,epoch-15,5,9,cohens_d_test,0.106465526
amazon_ratings,GeneralSheaf,true,5,5,epoch-50,0,0,degree,-0.007450340263471579
amazon_ratings,GeneralSheaf,true,5,5,epoch-50,1,0,degree,0.05900293136109432
amazon_ratings,GeneralSheaf,true,5,5,epoch-50,2,0,degree,0.2049112582881526
amazon_ratings,GeneralSheaf,true,5,5,epoch-50,3,0,degree,0.2431757163067306
amazon_ratings,GeneralSheaf,true,5,5,epoch-50,4,0,degree,0.24008419665657385
amazon_ratings,GeneralSheaf,true,5,5,epoch-50,5,0,degree,0.17506745503288246
amazon_ratings,GeneralSheaf,true,5,5,epoch-50,0,0,betweenness,0.03225375502775497
amazon_ratings,GeneralSheaf,true,5,5,epoch-50,1,0,betweenness,0.06799579209040352
amazon_ratings,GeneralSheaf,true,5,5,epoch-50,2,0,betweenness,0.1386605455248287
amazon_ratings,GeneralSheaf,true,5,5,epoch-50,3,0,betweenness,0.18918115812096295
amazon_ratings,GeneralSheaf,true,5,5,epoch-50,4,0,betweenness,0.2370448644721047
amazon_ratings,GeneralSheaf,true,5,5,epoch-50,5,0,betweenness,0.24156247735326758
amazon_ratings,GeneralSheaf,true,5,5,epoch-50,0,0,confidence,0.3359293745447331
amazon_ratings,GeneralSheaf,true,5,5,epoch-50,1,0,confidence,0.3752136573816556
amazon_ratings,GeneralSheaf,true,5,5,epoch-50,2,0,confidence,0.3948450208576925
amazon_ratings,GeneralSheaf,true,5,5,epoch-50,3,0,confidence,0.45429628928995924
amazon_ratings,GeneralSheaf,true,5,5,epoch-50,4,0,confidence,0.6197397247514218
amazon_ratings,GeneralSheaf,true,5,5,epoch-50,5,0,confidence,0.6906289280476282
amazon_ratings,GeneralSheaf,true,5,5,epoch-50,0,0,saliency,0.10730559484939134
amazon_ratings,GeneralSheaf,true,5,5,epoch-50,1,0,saliency,0.13604702377429764
amazon_ratings,GeneralSheaf,true,5,5,epoch-50,2,0,saliency,0.21444764477819164
amazon_ratings,GeneralSheaf,true,5,5,epoch-50,3,0,saliency,0.28422431259877795
amazon_ratings,GeneralSheaf,true,5,5,epoch-50,4,0,saliency,0.3328812996179106
amazon_ratings,GeneralSheaf,true,5,5,epoch-50,5,0,saliency,0.35603450653074653
amazon_ratings,GeneralSheaf,true,5,5,epoch-50,0,0,cohens_d_train,0.23175307
amazon_ratings,GeneralSheaf,true,5,5,epoch-50,1,0,cohens_d_train,0.2447579
amazon_ratings,GeneralSheaf,true,5,5,epoch-50,2,0,cohens_d_train,0.25262398
amazon_ratings,GeneralSheaf,true,5,5,epoch-50,3,0,cohens_d_train,0.26408046
amazon_ratings,GeneralSheaf,true,5,5,epoch-50,4,0,cohens_d_train,0.29649585
amazon_ratings,GeneralSheaf,true,5,5,epoch-50,5,0,cohens_d_train,0.32190806
amazon_ratings,GeneralSheaf,true,5,5,epoch-50,0,0,cohens_d_test,0.09283575
amazon_ratings,GeneralSheaf,true,5,5,epoch-50,1,0,cohens_d_test,0.09608964
amazon_ratings,GeneralSheaf,true,5,5,epoch-50,2,0,cohens_d_test,0.09201562
amazon_ratings,GeneralSheaf,true,5,5,epoch-50,3,0,cohens_d_test,0.10773208
amazon_ratings,GeneralSheaf,true,5,5,epoch-50,4,0,cohens_d_test,0.15126204
amazon_ratings,GeneralSheaf,true,5,5,epoch-50,5,0,cohens_d_test,0.18988836
amazon_ratings,GeneralSheaf,true,5,5,epoch-50,0,1,degree,-0.006736534831460385
amazon_ratings,GeneralSheaf,true,5,5,epoch-50,1,1,degree,0.09623291944179921
amazon_ratings,GeneralSheaf,true,5,5,epoch-50,2,1,degree,0.1063770640182803
amazon_ratings,GeneralSheaf,true,5,5,epoch-50,3,1,degree,0.17423805340887716
amazon_ratings,GeneralSheaf,true,5,5,epoch-50,4,1,degree,0.1673340289246928
amazon_ratings,GeneralSheaf,true,5,5,epoch-50,5,1,degree,0.17653735607814341
amazon_ratings,GeneralSheaf,true,5,5,epoch-50,0,1,betweenness,0.030603085267529667
amazon_ratings,GeneralSheaf,true,5,5,epoch-50,1,1,betweenness,0.08797566702871182
amazon_ratings,GeneralSheaf,true,5,5,epoch-50,2,1,betweenness,0.11497527011575778
amazon_ratings,GeneralSheaf,true,5,5,epoch-50,3,1,betweenness,0.165251921567319
amazon_ratings,GeneralSheaf,true,5,5,epoch-50,4,1,betweenness,0.19501130334269373
amazon_ratings,GeneralSheaf,true,5,5,epoch-50,5,1,betweenness,0.21669677522460218
amazon_ratings,GeneralSheaf,true,5,5,epoch-50,0,1,confidence,0.3202420349343623
amazon_ratings,GeneralSheaf,true,5,5,epoch-50,1,1,confidence,0.400233964762047
amazon_ratings,GeneralSheaf,true,5,5,epoch-50,2,1,confidence,0.4704881611667605
amazon_ratings,GeneralSheaf,true,5,5,epoch-50,3,1,confidence,0.5445762787239606
amazon_ratings,GeneralSheaf,true,5,5,epoch-50,4,1,confidence,0.5975770245003761
amazon_ratings,GeneralSheaf,true,5,5,epoch-50,5,1,confidence,0.637299429537679
amazon_ratings,GeneralSheaf,true,5,5,epoch-50,0,1,saliency,0.1770115836198107
amazon_ratings,GeneralSheaf,true,5,5,epoch-50,1,1,saliency,0.2491845593992368
amazon_ratings,GeneralSheaf,true,5,5,epoch-50,2,1,saliency,0.3136225363565049
amazon_ratings,GeneralSheaf,true,5,5,epoch-50,3,1,saliency,0.3973220655328874
amazon_ratings,GeneralSheaf,true,5,5,epoch-50,4,1,saliency,0.45376478445269897
amazon_ratings,GeneralSheaf,true,5,5,epoch-50,5,1,saliency,0.4727603569518317
amazon_ratings,GeneralSheaf,true,5,5,epoch-50,0,1,cohens_d_train,0.1638128
amazon_ratings,GeneralSheaf,true,5,5,epoch-50,1,1,cohens_d_train,0.20118351
amazon_ratings,GeneralSheaf,true,5,5,epoch-50,2,1,cohens_d_train,0.22867024
amazon_ratings,GeneralSheaf,true,5,5,epoch-50,3,1,cohens_d_train,0.23877479
amazon_ratings,GeneralSheaf,true,5,5,epoch-50,4,1,cohens_d_train,0.23924859
amazon_ratings,GeneralSheaf,true,5,5,epoch-50,5,1,cohens_d_train,0.24416372
amazon_ratings,GeneralSheaf,true,5,5,epoch-50,0,1,cohens_d_test,0.10315094
amazon_ratings,GeneralSheaf,true,5,5,epoch-50,1,1,cohens_d_test,0.10629896
amazon_ratings,GeneralSheaf,true,5,5,epoch-50,2,1,cohens_d_test,0.10393647
amazon_ratings,GeneralSheaf,true,5,5,epoch-50,3,1,cohens_d_test,0.09388986
amazon_ratings,GeneralSheaf,true,5,5,epoch-50,4,1,cohens_d_test,0.09717861
amazon_ratings,GeneralSheaf,true,5,5,epoch-50,5,1,cohens_d_test,0.10733326
amazon_ratings,GeneralSheaf,true,5,5,epoch-50,0,2,degree,-0.003496631050005383
amazon_ratings,GeneralSheaf,true,5,5,epoch-50,1,2,degree,0.06543656488464267
amazon_ratings,GeneralSheaf,true,5,5,epoch-50,2,2,degree,0.15168307067631612
amazon_ratings,GeneralSheaf,true,5,5,epoch-50,3,2,degree,0.16772464418697003
amazon_ratings,GeneralSheaf,true,5,5,epoch-50,4,2,degree,0.177639363656907
amazon_ratings,GeneralSheaf,true,5,5,epoch-50,5,2,degree,0.14256853165560138
amazon_ratings,GeneralSheaf,true,5,5,epoch-50,0,2,betweenness,0.028743998310987694
amazon_ratings,GeneralSheaf,true,5,5,epoch-50,1,2,betweenness,0.06962503840789631
amazon_ratings,GeneralSheaf,true,5,5,epoch-50,2,2,betweenness,0.12624699073659307
amazon_ratings,GeneralSheaf,true,5,5,epoch-50,3,2,betweenness,0.1830138332889143
amazon_ratings,GeneralSheaf,true,5,5,epoch-50,4,2,betweenness,0.2146549484677307
amazon_ratings,GeneralSheaf,true,5,5,epoch-50,5,2,betweenness,0.2239761260900805
amazon_ratings,GeneralSheaf,true,5,5,epoch-50,0,2,confidence,0.3487860343728883
amazon_ratings,GeneralSheaf,true,5,5,epoch-50,1,2,confidence,0.4033560634271626
amazon_ratings,GeneralSheaf,true,5,5,epoch-50,2,2,confidence,0.4803289549742717
amazon_ratings,GeneralSheaf,true,5,5,epoch-50,3,2,confidence,0.5905832278112376
amazon_ratings,GeneralSheaf,true,5,5,epoch-50,4,2,confidence,0.640331097628581
amazon_ratings,GeneralSheaf,true,5,5,epoch-50,5,2,confidence,0.7101387458370185
amazon_ratings,GeneralSheaf,true,5,5,epoch-50,0,2,saliency,0.1278872691915563
amazon_ratings,GeneralSheaf,true,5,5,epoch-50,1,2,saliency,0.17567487999911785
amazon_ratings,GeneralSheaf,true,5,5,epoch-50,2,2,saliency,0.2539267985300961
amazon_ratings,GeneralSheaf,true,5,5,epoch-50,3,2,saliency,0.36519160319887156
amazon_ratings,GeneralSheaf,true,5,5,epoch-50,4,2,saliency,0.41234942820154213
amazon_ratings,GeneralSheaf,true,5,5,epoch-50,5,2,saliency,0.4272616719850267
amazon_ratings,GeneralSheaf,true,5,5,epoch-50,0,2,cohens_d_train,0.20743638
amazon_ratings,GeneralSheaf,true,5,5,epoch-50,1,2,cohens_d_train,0.23117372
amazon_ratings,GeneralSheaf,true,5,5,epoch-50,2,2,cohens_d_train,0.2611869
amazon_ratings,GeneralSheaf,true,5,5,epoch-50,3,2,cohens_d_train,0.2985112
amazon_ratings,GeneralSheaf,true,5,5,epoch-50,4,2,cohens_d_train,0.30284312
amazon_ratings,GeneralSheaf,true,5,5,epoch-50,5,2,cohens_d_train,0.31882304
amazon_ratings,GeneralSheaf,true,5,5,epoch-50,0,2,cohens_d_test,0.13008106
amazon_ratings,GeneralSheaf,true,5,5,epoch-50,1,2,cohens_d_test,0.13868019
amazon_ratings,GeneralSheaf,true,5,5,epoch-50,2,2,cohens_d_test,0.15205872
amazon_ratings,GeneralSheaf,true,5,5,epoch-50,3,2,cohens_d_test,0.16973141
amazon_ratings,GeneralSheaf,true,5,5,epoch-50,4,2,cohens_d_test,0.1766995
amazon_ratings,GeneralSheaf,true,5,5,epoch-50,5,2,cohens_d_test,0.19058463
amazon_ratings,GeneralSheaf,true,5,5,epoch-50,0,3,degree,-0.00442733602568541
amazon_ratings,GeneralSheaf,true,5,5,epoch-50,1,3,degree,0.019359675213584265
amazon_ratings,GeneralSheaf,true,5,5,epoch-50,2,3,degree,0.2891449647035362
amazon_ratings,GeneralSheaf,true,5,5,epoch-50,3,3,degree,0.2617767097140752
amazon_ratings,GeneralSheaf,true,5,5,epoch-50,4,3,degree,0.25505810222593145
amazon_ratings,GeneralSheaf,true,5,5,epoch-50,5,3,degree,0.16708218298233615
amazon_ratings,GeneralSheaf,true,5,5,epoch-50,0,3,betweenness,0.02903192578115754
amazon_ratings,GeneralSheaf,true,5,5,epoch-50,1,3,betweenness,0.055114844047102755
amazon_ratings,GeneralSheaf,true,5,5,epoch-50,2,3,betweenness,0.1761892899854224
amazon_ratings,GeneralSheaf,true,5,5,epoch-50,3,3,betweenness,0.21738884371686293
amazon_ratings,GeneralSheaf,true,5,5,epoch-50,4,3,betweenness,0.23994404526864552
amazon_ratings,GeneralSheaf,true,5,5,epoch-50,5,3,betweenness,0.2353315659492828
amazon_ratings,GeneralSheaf,true,5,5,epoch-50,0,3,confidence,0.3615314260692482
amazon_ratings,GeneralSheaf,true,5,5,epoch-50,1,3,confidence,0.40600777486664574
amazon_ratings,GeneralSheaf,true,5,5,epoch-50,2,3,confidence,0.45712644144628956
amazon_ratings,GeneralSheaf,true,5,5,epoch-50,3,3,confidence,0.6197519639743208
amazon_ratings,GeneralSheaf,true,5,5,epoch-50,4,3,confidence,0.7174953648527825
amazon_ratings,GeneralSheaf,true,5,5,epoch-50,5,3,confidence,0.7626653915419521
amazon_ratings,GeneralSheaf,true,5,5,epoch-50,0,3,saliency,0.01945821978580024
amazon_ratings,GeneralSheaf,true,5,5,epoch-50,1,3,saliency,0.04748036379553712
amazon_ratings,GeneralSheaf,true,5,5,epoch-50,2,3,saliency,0.151953480174393
amazon_ratings,GeneralSheaf,true,5,5,epoch-50,3,3,saliency,0.1729698687763133
amazon_ratings,GeneralSheaf,true,5,5,epoch-50,4,3,saliency,0.19299452225334007
amazon_ratings,GeneralSheaf,true,5,5,epoch-50,5,3,saliency,0.19813826493881329
amazon_ratings,GeneralSheaf,true,5,5,epoch-50,0,3,cohens_d_train,0.16921769
amazon_ratings,GeneralSheaf,true,5,5,epoch-50,1,3,cohens_d_train,0.18391427
amazon_ratings,GeneralSheaf,true,5,5,epoch-50,2,3,cohens_d_train,0.21669659
amazon_ratings,GeneralSheaf,true,5,5,epoch-50,3,3,cohens_d_train,0.24996352
amazon_ratings,GeneralSheaf,true,5,5,epoch-50,4,3,cohens_d_train,0.26941174
amazon_ratings,GeneralSheaf,true,5,5,epoch-50,5,3,cohens_d_train,0.2779385
amazon_ratings,GeneralSheaf,true,5,5,epoch-50,0,3,cohens_d_test,0.1138491
amazon_ratings,GeneralSheaf,true,5,5,epoch-50,1,3,cohens_d_test,0.12905036
amazon_ratings,GeneralSheaf,true,5,5,epoch-50,2,3,cohens_d_test,0.14530388
amazon_ratings,GeneralSheaf,true,5,5,epoch-50,3,3,cohens_d_test,0.16421303
amazon_ratings,GeneralSheaf,true,5,5,epoch-50,4,3,cohens_d_test,0.17596962
amazon_ratings,GeneralSheaf,true,5,5,epoch-50,5,3,cohens_d_test,0.18845111
amazon_ratings,GeneralSheaf,true,5,5,epoch-50,0,4,degree,-0.0138511424000409
amazon_ratings,GeneralSheaf,true,5,5,epoch-50,1,4,degree,0.07069803458386026
amazon_ratings,GeneralSheaf,true,5,5,epoch-50,2,4,degree,0.13004938577873565
amazon_ratings,GeneralSheaf,true,5,5,epoch-50,3,4,degree,0.18703550715372752
amazon_ratings,GeneralSheaf,true,5,5,epoch-50,4,4,degree,0.1658199793003359
amazon_ratings,GeneralSheaf,true,5,5,epoch-50,5,4,degree,0.1507308379030453
amazon_ratings,GeneralSheaf,true,5,5,epoch-50,0,4,betweenness,0.046969810518629036
amazon_ratings,GeneralSheaf,true,5,5,epoch-50,1,4,betweenness,0.09458671702254796
amazon_ratings,GeneralSheaf,true,5,5,epoch-50,2,4,betweenness,0.14044201732437722
amazon_ratings,GeneralSheaf,true,5,5,epoch-50,3,4,betweenness,0.1873362589050723
amazon_ratings,GeneralSheaf,true,5,5,epoch-50,4,4,betweenness,0.2177348363291961
amazon_ratings,GeneralSheaf,true,5,5,epoch-50,5,4,betweenness,0.22646395581367906
amazon_ratings,GeneralSheaf,true,5,5,epoch-50,0,4,confidence,0.4267123104629214
amazon_ratings,GeneralSheaf,true,5,5,epoch-50,1,4,confidence,0.47165321232273527
amazon_ratings,GeneralSheaf,true,5,5,epoch-50,2,4,confidence,0.5386504977545926
amazon_ratings,GeneralSheaf,true,5,5,epoch-50,3,4,confidence,0.5948162681945635
amazon_ratings,GeneralSheaf,true,5,5,epoch-50,4,4,confidence,0.6927086685757589
amazon_ratings,GeneralSheaf,true,5,5,epoch-50,5,4,confidence,0.7285022859670549
amazon_ratings,GeneralSheaf,true,5,5,epoch-50,0,4,saliency,0.1940972520924279
amazon_ratings,GeneralSheaf,true,5,5,epoch-50,1,4,saliency,0.2455058441458848
amazon_ratings,GeneralSheaf,true,5,5,epoch-50,2,4,saliency,0.30142228399113535
amazon_ratings,GeneralSheaf,true,5,5,epoch-50,3,4,saliency,0.3616381040421157
amazon_ratings,GeneralSheaf,true,5,5,epoch-50,4,4,saliency,0.42820521780961046
amazon_ratings,GeneralSheaf,true,5,5,epoch-50,5,4,saliency,0.4256984715420485
amazon_ratings,GeneralSheaf,true,5,5,epoch-50,0,4,cohens_d_train,0.2228875
amazon_ratings,GeneralSheaf,true,5,5,epoch-50,1,4,cohens_d_train,0.24426956
amazon_ratings,GeneralSheaf,true,5,5,epoch-50,2,4,cohens_d_train,0.25560594
amazon_ratings,GeneralSheaf,true,5,5,epoch-50,3,4,cohens_d_train,0.23873506
amazon_ratings,GeneralSheaf,true,5,5,epoch-50,4,4,cohens_d_train,0.23083955
amazon_ratings,GeneralSheaf,true,5,5,epoch-50,5,4,cohens_d_train,0.2289015
amazon_ratings,GeneralSheaf,true,5,5,epoch-50,0,4,cohens_d_test,0.14370674
amazon_ratings,GeneralSheaf,true,5,5,epoch-50,1,4,cohens_d_test,0.16070525
amazon_ratings,GeneralSheaf,true,5,5,epoch-50,2,4,cohens_d_test,0.17802519
amazon_ratings,GeneralSheaf,true,5,5,epoch-50,3,4,cohens_d_test,0.17311215
amazon_ratings,GeneralSheaf,true,5,5,epoch-50,4,4,cohens_d_test,0.17605881
amazon_ratings,GeneralSheaf,true,5,5,epoch-50,5,4,cohens_d_test,0.17901655
amazon_ratings,GeneralSheaf,true,5,5,epoch-50,0,5,degree,-0.016561096110717724
amazon_ratings,GeneralSheaf,true,5,5,epoch-50,1,5,degree,0.03419475858924825
amazon_ratings,GeneralSheaf,true,5,5,epoch-50,2,5,degree,0.09436525307025478
amazon_ratings,GeneralSheaf,true,5,5,epoch-50,3,5,degree,0.1640003573456576
amazon_ratings,GeneralSheaf,true,5,5,epoch-50,4,5,degree,0.17729898905806815
amazon_ratings,GeneralSheaf,true,5,5,epoch-50,5,5,degree,0.13357956015024458
amazon_ratings,GeneralSheaf,true,5,5,epoch-50,0,5,betweenness,0.038435487475295634
amazon_ratings,GeneralSheaf,true,5,5,epoch-50,1,5,betweenness,0.07430579158466032
amazon_ratings,GeneralSheaf,true,5,5,epoch-50,2,5,betweenness,0.11732763976891285
amazon_ratings,GeneralSheaf,true,5,5,epoch-50,3,5,betweenness,0.17580363305556504
amazon_ratings,GeneralSheaf,true,5,5,epoch-50,4,5,betweenness,0.20994839336996066
amazon_ratings,GeneralSheaf,true,5,5,epoch-50,5,5,betweenness,0.21008505517637097
amazon_ratings,GeneralSheaf,true,5,5,epoch-50,0,5,confidence,0.39303975036316924
amazon_ratings,GeneralSheaf,true,5,5,epoch-50,1,5,confidence,0.44458385457942406
amazon_ratings,GeneralSheaf,true,5,5,epoch-50,2,5,confidence,0.47748672479314047
amazon_ratings,GeneralSheaf,true,5,5,epoch-50,3,5,confidence,0.527894750262555
amazon_ratings,GeneralSheaf,true,5,5,epoch-50,4,5,confidence,0.5688881299549898
amazon_ratings,GeneralSheaf,true,5,5,epoch-50,5,5,confidence,0.5945994873190688
amazon_ratings,GeneralSheaf,true,5,5,epoch-50,0,5,saliency,0.07802434083266038
amazon_ratings,GeneralSheaf,true,5,5,epoch-50,1,5,saliency,0.11589126004309509
amazon_ratings,GeneralSheaf,true,5,5,epoch-50,2,5,saliency,0.18783831721665845
amazon_ratings,GeneralSheaf,true,5,5,epoch-50,3,5,saliency,0.2533019933038121
amazon_ratings,GeneralSheaf,true,5,5,epoch-50,4,5,saliency,0.2866416005146573
amazon_ratings,GeneralSheaf,true,5,5,epoch-50,5,5,saliency,0.2958853626448567
amazon_ratings,GeneralSheaf,true,5,5,epoch-50,0,5,cohens_d_train,0.19372194
amazon_ratings,GeneralSheaf,true,5,5,epoch-50,1,5,cohens_d_train,0.21650739
amazon_ratings,GeneralSheaf,true,5,5,epoch-50,2,5,cohens_d_train,0.23181382
amazon_ratings,GeneralSheaf,true,5,5,epoch-50,3,5,cohens_d_train,0.24750063
amazon_ratings,GeneralSheaf,true,5,5,epoch-50,4,5,cohens_d_train,0.25040668
amazon_ratings,GeneralSheaf,true,5,5,epoch-50,5,5,cohens_d_train,0.267748
amazon_ratings,GeneralSheaf,true,5,5,epoch-50,0,5,cohens_d_test,0.1311081
amazon_ratings,GeneralSheaf,true,5,5,epoch-50,1,5,cohens_d_test,0.12816536
amazon_ratings,GeneralSheaf,true,5,5,epoch-50,2,5,cohens_d_test,0.12185754
amazon_ratings,GeneralSheaf,true,5,5,epoch-50,3,5,cohens_d_test,0.117129594
amazon_ratings,GeneralSheaf,true,5,5,epoch-50,4,5,cohens_d_test,0.11640609
amazon_ratings,GeneralSheaf,true,5,5,epoch-50,5,5,cohens_d_test,0.13512847
amazon_ratings,GeneralSheaf,true,5,5,epoch-50,0,6,degree,-0.01074576326833763
amazon_ratings,GeneralSheaf,true,5,5,epoch-50,1,6,degree,0.08438837301249448
amazon_ratings,GeneralSheaf,true,5,5,epoch-50,2,6,degree,0.13853361933430255
amazon_ratings,GeneralSheaf,true,5,5,epoch-50,3,6,degree,0.18473038960993501
amazon_ratings,GeneralSheaf,true,5,5,epoch-50,4,6,degree,0.1716456811261418
amazon_ratings,GeneralSheaf,true,5,5,epoch-50,5,6,degree,0.16148005512372055
amazon_ratings,GeneralSheaf,true,5,5,epoch-50,0,6,betweenness,0.028648882352685402
amazon_ratings,GeneralSheaf,true,5,5,epoch-50,1,6,betweenness,0.07642882152649073
amazon_ratings,GeneralSheaf,true,5,5,epoch-50,2,6,betweenness,0.12989016872645168
amazon_ratings,GeneralSheaf,true,5,5,epoch-50,3,6,betweenness,0.18191818862960885
amazon_ratings,GeneralSheaf,true,5,5,epoch-50,4,6,betweenness,0.21053997375873448
amazon_ratings,GeneralSheaf,true,5,5,epoch-50,5,6,betweenness,0.22299437061681254
amazon_ratings,GeneralSheaf,true,5,5,epoch-50,0,6,confidence,0.3680632552225008
amazon_ratings,GeneralSheaf,true,5,5,epoch-50,1,6,confidence,0.41307819576227106
amazon_ratings,GeneralSheaf,true,5,5,epoch-50,2,6,confidence,0.4752575069784404
amazon_ratings,GeneralSheaf,true,5,5,epoch-50,3,6,confidence,0.5350217314778917
amazon_ratings,GeneralSheaf,true,5,5,epoch-50,4,6,confidence,0.6118603438299435
amazon_ratings,GeneralSheaf,true,5,5,epoch-50,5,6,confidence,0.6786489576261935
amazon_ratings,GeneralSheaf,true,5,5,epoch-50,0,6,saliency,0.12134553200436775
amazon_ratings,GeneralSheaf,true,5,5,epoch-50,1,6,saliency,0.1588546882611817
amazon_ratings,GeneralSheaf,true,5,5,epoch-50,2,6,saliency,0.246649024793057
amazon_ratings,GeneralSheaf,true,5,5,epoch-50,3,6,saliency,0.3307022761492073
amazon_ratings,GeneralSheaf,true,5,5,epoch-50,4,6,saliency,0.37455008815799773
amazon_ratings,GeneralSheaf,true,5,5,epoch-50,5,6,saliency,0.38204613146480115
amazon_ratings,GeneralSheaf,true,5,5,epoch-50,0,6,cohens_d_train,0.21965833
amazon_ratings,GeneralSheaf,true,5,5,epoch-50,1,6,cohens_d_train,0.24642417
amazon_ratings,GeneralSheaf,true,5,5,epoch-50,2,6,cohens_d_train,0.26841444
amazon_ratings,GeneralSheaf,true,5,5,epoch-50,3,6,cohens_d_train,0.26832527
amazon_ratings,GeneralSheaf,true,5,5,epoch-50,4,6,cohens_d_train,0.29138064
amazon_ratings,GeneralSheaf,true,5,5,epoch-50,5,6,cohens_d_train,0.30949992
amazon_ratings,GeneralSheaf,true,5,5,epoch-50,0,6,cohens_d_test,0.08381233
amazon_ratings,GeneralSheaf,true,5,5,epoch-50,1,6,cohens_d_test,0.09490779
amazon_ratings,GeneralSheaf,true,5,5,epoch-50,2,6,cohens_d_test,0.11400476
amazon_ratings,GeneralSheaf,true,5,5,epoch-50,3,6,cohens_d_test,0.12892154
amazon_ratings,GeneralSheaf,true,5,5,epoch-50,4,6,cohens_d_test,0.14788032
amazon_ratings,GeneralSheaf,true,5,5,epoch-50,5,6,cohens_d_test,0.18084085
amazon_ratings,GeneralSheaf,true,5,5,epoch-50,0,7,degree,-0.01139828329147832
amazon_ratings,GeneralSheaf,true,5,5,epoch-50,1,7,degree,0.06470080917444332
amazon_ratings,GeneralSheaf,true,5,5,epoch-50,2,7,degree,0.13364011225683037
amazon_ratings,GeneralSheaf,true,5,5,epoch-50,3,7,degree,0.18458738663992028
amazon_ratings,GeneralSheaf,true,5,5,epoch-50,4,7,degree,0.18153375577628666
amazon_ratings,GeneralSheaf,true,5,5,epoch-50,5,7,degree,0.16455201662029953
amazon_ratings,GeneralSheaf,true,5,5,epoch-50,0,7,betweenness,0.04303360979048024
amazon_ratings,GeneralSheaf,true,5,5,epoch-50,1,7,betweenness,0.08491008294610258
amazon_ratings,GeneralSheaf,true,5,5,epoch-50,2,7,betweenness,0.1256905771028321
amazon_ratings,GeneralSheaf,true,5,5,epoch-50,3,7,betweenness,0.17950283283733381
amazon_ratings,GeneralSheaf,true,5,5,epoch-50,4,7,betweenness,0.2036620821136189
amazon_ratings,GeneralSheaf,true,5,5,epoch-50,5,7,betweenness,0.22871200334130248
amazon_ratings,GeneralSheaf,true,5,5,epoch-50,0,7,confidence,0.3129788759746406
amazon_ratings,GeneralSheaf,true,5,5,epoch-50,1,7,confidence,0.34711935117413767
amazon_ratings,GeneralSheaf,true,5,5,epoch-50,2,7,confidence,0.38575050560591323
amazon_ratings,GeneralSheaf,true,5,5,epoch-50,3,7,confidence,0.4574755570802579
amazon_ratings,GeneralSheaf,true,5,5,epoch-50,4,7,confidence,0.5335523649104782
amazon_ratings,GeneralSheaf,true,5,5,epoch-50,5,7,confidence,0.6275157424557385
amazon_ratings,GeneralSheaf,true,5,5,epoch-50,0,7,saliency,0.19744554122817973
amazon_ratings,GeneralSheaf,true,5,5,epoch-50,1,7,saliency,0.25030582596860784
amazon_ratings,GeneralSheaf,true,5,5,epoch-50,2,7,saliency,0.3013869287609126
amazon_ratings,GeneralSheaf,true,5,5,epoch-50,3,7,saliency,0.3596848876415935
amazon_ratings,GeneralSheaf,true,5,5,epoch-50,4,7,saliency,0.3737299956192502
amazon_ratings,GeneralSheaf,true,5,5,epoch-50,5,7,saliency,0.382860012455953
amazon_ratings,GeneralSheaf,true,5,5,epoch-50,0,7,cohens_d_train,0.19712938
amazon_ratings,GeneralSheaf,true,5,5,epoch-50,1,7,cohens_d_train,0.21491176
amazon_ratings,GeneralSheaf,true,5,5,epoch-50,2,7,cohens_d_train,0.2406293
amazon_ratings,GeneralSheaf,true,5,5,epoch-50,3,7,cohens_d_train,0.27305877
amazon_ratings,GeneralSheaf,true,5,5,epoch-50,4,7,cohens_d_train,0.28966296
amazon_ratings,GeneralSheaf,true,5,5,epoch-50,5,7,cohens_d_train,0.32244027
amazon_ratings,GeneralSheaf,true,5,5,epoch-50,0,7,cohens_d_test,0.1062049
amazon_ratings,GeneralSheaf,true,5,5,epoch-50,1,7,cohens_d_test,0.11834648
amazon_ratings,GeneralSheaf,true,5,5,epoch-50,2,7,cohens_d_test,0.12769677
amazon_ratings,GeneralSheaf,true,5,5,epoch-50,3,7,cohens_d_test,0.15438443
amazon_ratings,GeneralSheaf,true,5,5,epoch-50,4,7,cohens_d_test,0.18095794
amazon_ratings,GeneralSheaf,true,5,5,epoch-50,5,7,cohens_d_test,0.22684461
amazon_ratings,GeneralSheaf,true,5,5,epoch-50,0,8,degree,-0.011875907797144501
amazon_ratings,GeneralSheaf,true,5,5,epoch-50,1,8,degree,0.13225914426270788
amazon_ratings,GeneralSheaf,true,5,5,epoch-50,2,8,degree,0.19852582897092794
amazon_ratings,GeneralSheaf,true,5,5,epoch-50,3,8,degree,0.2078876116007856
amazon_ratings,GeneralSheaf,true,5,5,epoch-50,4,8,degree,0.20182168303178244
amazon_ratings,GeneralSheaf,true,5,5,epoch-50,5,8,degree,0.15214124131761436
amazon_ratings,GeneralSheaf,true,5,5,epoch-50,0,8,betweenness,0.031234774204066597
amazon_ratings,GeneralSheaf,true,5,5,epoch-50,1,8,betweenness,0.09619688507603824
amazon_ratings,GeneralSheaf,true,5,5,epoch-50,2,8,betweenness,0.1425258368807845
amazon_ratings,GeneralSheaf,true,5,5,epoch-50,3,8,betweenness,0.18223516905354237
amazon_ratings,GeneralSheaf,true,5,5,epoch-50,4,8,betweenness,0.21908972847886388
amazon_ratings,GeneralSheaf,true,5,5,epoch-50,5,8,betweenness,0.2206915682980797
amazon_ratings,GeneralSheaf,true,5,5,epoch-50,0,8,confidence,0.4236276570997627
amazon_ratings,GeneralSheaf,true,5,5,epoch-50,1,8,confidence,0.4816938433985544
amazon_ratings,GeneralSheaf,true,5,5,epoch-50,2,8,confidence,0.5320809947943619
amazon_ratings,GeneralSheaf,true,5,5,epoch-50,3,8,confidence,0.574885067994348
amazon_ratings,GeneralSheaf,true,5,5,epoch-50,4,8,confidence,0.6768628334374929
amazon_ratings,GeneralSheaf,true,5,5,epoch-50,5,8,confidence,0.6907130360437376
amazon_ratings,GeneralSheaf,true,5,5,epoch-50,0,8,saliency,0.14091648241197288
amazon_ratings,GeneralSheaf,true,5,5,epoch-50,1,8,saliency,0.19932858616285837
amazon_ratings,GeneralSheaf,true,5,5,epoch-50,2,8,saliency,0.26233477717090037
amazon_ratings,GeneralSheaf,true,5,5,epoch-50,3,8,saliency,0.36927511816935354
amazon_ratings,GeneralSheaf,true,5,5,epoch-50,4,8,saliency,0.4325103683255929
amazon_ratings,GeneralSheaf,true,5,5,epoch-50,5,8,saliency,0.46732344515560464
amazon_ratings,GeneralSheaf,true,5,5,epoch-50,0,8,cohens_d_train,0.1923446
amazon_ratings,GeneralSheaf,true,5,5,epoch-50,1,8,cohens_d_train,0.21407133
amazon_ratings,GeneralSheaf,true,5,5,epoch-50,2,8,cohens_d_train,0.23194665
amazon_ratings,GeneralSheaf,true,5,5,epoch-50,3,8,cohens_d_train,0.23800147
amazon_ratings,GeneralSheaf,true,5,5,epoch-50,4,8,cohens_d_train,0.25810012
amazon_ratings,GeneralSheaf,true,5,5,epoch-50,5,8,cohens_d_train,0.2558645
amazon_ratings,GeneralSheaf,true,5,5,epoch-50,0,8,cohens_d_test,0.11766659
amazon_ratings,GeneralSheaf,true,5,5,epoch-50,1,8,cohens_d_test,0.1318348
amazon_ratings,GeneralSheaf,true,5,5,epoch-50,2,8,cohens_d_test,0.1511164
amazon_ratings,GeneralSheaf,true,5,5,epoch-50,3,8,cohens_d_test,0.15613769
amazon_ratings,GeneralSheaf,true,5,5,epoch-50,4,8,cohens_d_test,0.18861765
amazon_ratings,GeneralSheaf,true,5,5,epoch-50,5,8,cohens_d_test,0.1890771
amazon_ratings,GeneralSheaf,true,5,5,epoch-50,0,9,degree,-0.008920133560681786
amazon_ratings,GeneralSheaf,true,5,5,epoch-50,1,9,degree,0.12750556127400672
amazon_ratings,GeneralSheaf,true,5,5,epoch-50,2,9,degree,0.14871222055634772
amazon_ratings,GeneralSheaf,true,5,5,epoch-50,3,9,degree,0.15881817976387178
amazon_ratings,GeneralSheaf,true,5,5,epoch-50,4,9,degree,0.19648415008835451
amazon_ratings,GeneralSheaf,true,5,5,epoch-50,5,9,degree,0.16784898739470694
amazon_ratings,GeneralSheaf,true,5,5,epoch-50,0,9,betweenness,0.029232182237675573
amazon_ratings,GeneralSheaf,true,5,5,epoch-50,1,9,betweenness,0.09668156633438596
amazon_ratings,GeneralSheaf,true,5,5,epoch-50,2,9,betweenness,0.1360207115138875
amazon_ratings,GeneralSheaf,true,5,5,epoch-50,3,9,betweenness,0.16146884619106686
amazon_ratings,GeneralSheaf,true,5,5,epoch-50,4,9,betweenness,0.20153455285740354
amazon_ratings,GeneralSheaf,true,5,5,epoch-50,5,9,betweenness,0.22325844427690383
amazon_ratings,GeneralSheaf,true,5,5,epoch-50,0,9,confidence,0.32643138499411184
amazon_ratings,GeneralSheaf,true,5,5,epoch-50,1,9,confidence,0.39231036127128305
amazon_ratings,GeneralSheaf,true,5,5,epoch-50,2,9,confidence,0.47531859244951796
amazon_ratings,GeneralSheaf,true,5,5,epoch-50,3,9,confidence,0.5267932838975411
amazon_ratings,GeneralSheaf,true,5,5,epoch-50,4,9,confidence,0.5881417294394657
amazon_ratings,GeneralSheaf,true,5,5,epoch-50,5,9,confidence,0.6293112137720193
amazon_ratings,GeneralSheaf,true,5,5,epoch-50,0,9,saliency,0.08629976058394752
amazon_ratings,GeneralSheaf,true,5,5,epoch-50,1,9,saliency,0.15663116027126597
amazon_ratings,GeneralSheaf,true,5,5,epoch-50,2,9,saliency,0.22015401136874277
amazon_ratings,GeneralSheaf,true,5,5,epoch-50,3,9,saliency,0.26609654926759496
amazon_ratings,GeneralSheaf,true,5,5,epoch-50,4,9,saliency,0.31692549238751044
amazon_ratings,GeneralSheaf,true,5,5,epoch-50,5,9,saliency,0.36242085940882796
amazon_ratings,GeneralSheaf,true,5,5,epoch-50,0,9,cohens_d_train,0.1987212
amazon_ratings,GeneralSheaf,true,5,5,epoch-50,1,9,cohens_d_train,0.22450732
amazon_ratings,GeneralSheaf,true,5,5,epoch-50,2,9,cohens_d_train,0.2590359
amazon_ratings,GeneralSheaf,true,5,5,epoch-50,3,9,cohens_d_train,0.26987186
amazon_ratings,GeneralSheaf,true,5,5,epoch-50,4,9,cohens_d_train,0.28264415
amazon_ratings,GeneralSheaf,true,5,5,epoch-50,5,9,cohens_d_train,0.3039326
amazon_ratings,GeneralSheaf,true,5,5,epoch-50,0,9,cohens_d_test,0.099149525
amazon_ratings,GeneralSheaf,true,5,5,epoch-50,1,9,cohens_d_test,0.093492165
amazon_ratings,GeneralSheaf,true,5,5,epoch-50,2,9,cohens_d_test,0.11422902
amazon_ratings,GeneralSheaf,true,5,5,epoch-50,3,9,cohens_d_test,0.13031188
amazon_ratings,GeneralSheaf,true,5,5,epoch-50,4,9,cohens_d_test,0.14205144
amazon_ratings,GeneralSheaf,true,5,5,epoch-50,5,9,cohens_d_test,0.16526027
amazon_ratings,GeneralSheaf,true,5,5,epoch-200,0,0,degree,-0.01433214455912147
amazon_ratings,GeneralSheaf,true,5,5,epoch-200,1,0,degree,0.039515255500064815
amazon_ratings,GeneralSheaf,true,5,5,epoch-200,2,0,degree,0.11404936252153051
amazon_ratings,GeneralSheaf,true,5,5,epoch-200,3,0,degree,0.17527319206782788
amazon_ratings,GeneralSheaf,true,5,5,epoch-200,4,0,degree,0.21674852662353722
amazon_ratings,GeneralSheaf,true,5,5,epoch-200,5,0,degree,0.19843638296561023
amazon_ratings,GeneralSheaf,true,5,5,epoch-200,0,0,betweenness,0.03876941877526602
amazon_ratings,GeneralSheaf,true,5,5,epoch-200,1,0,betweenness,0.06471438909787905
amazon_ratings,GeneralSheaf,true,5,5,epoch-200,2,0,betweenness,0.10725863308341546
amazon_ratings,GeneralSheaf,true,5,5,epoch-200,3,0,betweenness,0.15125666964056889
amazon_ratings,GeneralSheaf,true,5,5,epoch-200,4,0,betweenness,0.2020678367428749
amazon_ratings,GeneralSheaf,true,5,5,epoch-200,5,0,betweenness,0.22509466923309912
amazon_ratings,GeneralSheaf,true,5,5,epoch-200,0,0,confidence,0.3437363614399379
amazon_ratings,GeneralSheaf,true,5,5,epoch-200,1,0,confidence,0.36882832902860097
amazon_ratings,GeneralSheaf,true,5,5,epoch-200,2,0,confidence,0.3993095737750151
amazon_ratings,GeneralSheaf,true,5,5,epoch-200,3,0,confidence,0.4507743326191015
amazon_ratings,GeneralSheaf,true,5,5,epoch-200,4,0,confidence,0.5845257506631323
amazon_ratings,GeneralSheaf,true,5,5,epoch-200,5,0,confidence,0.6915278518549937
amazon_ratings,GeneralSheaf,true,5,5,epoch-200,0,0,saliency,0.2108959644726511
amazon_ratings,GeneralSheaf,true,5,5,epoch-200,1,0,saliency,0.24067961838475607
amazon_ratings,GeneralSheaf,true,5,5,epoch-200,2,0,saliency,0.2918654291273043
amazon_ratings,GeneralSheaf,true,5,5,epoch-200,3,0,saliency,0.3265729151337066
amazon_ratings,GeneralSheaf,true,5,5,epoch-200,4,0,saliency,0.32554306788089926
amazon_ratings,GeneralSheaf,true,5,5,epoch-200,5,0,saliency,0.3006172274461751
amazon_ratings,GeneralSheaf,true,5,5,epoch-200,0,0,cohens_d_train,0.36795944
amazon_ratings,GeneralSheaf,true,5,5,epoch-200,1,0,cohens_d_train,0.3855955
amazon_ratings,GeneralSheaf,true,5,5,epoch-200,2,0,cohens_d_train,0.4143006
amazon_ratings,GeneralSheaf,true,5,5,epoch-200,3,0,cohens_d_train,0.44977897
amazon_ratings,GeneralSheaf,true,5,5,epoch-200,4,0,cohens_d_train,0.5102743
amazon_ratings,GeneralSheaf,true,5,5,epoch-200,5,0,cohens_d_train,0.5639212
amazon_ratings,GeneralSheaf,true,5,5,epoch-200,0,0,cohens_d_test,0.118337564
amazon_ratings,GeneralSheaf,true,5,5,epoch-200,1,0,cohens_d_test,0.117840596
amazon_ratings,GeneralSheaf,true,5,5,epoch-200,2,0,cohens_d_test,0.11682798
amazon_ratings,GeneralSheaf,true,5,5,epoch-200,3,0,cohens_d_test,0.13491704
amazon_ratings,GeneralSheaf,true,5,5,epoch-200,4,0,cohens_d_test,0.20269282
amazon_ratings,GeneralSheaf,true,5,5,epoch-200,5,0,cohens_d_test,0.2720758
amazon_ratings,GeneralSheaf,true,5,5,epoch-200,0,1,degree,-0.01216276912029422
amazon_ratings,GeneralSheaf,true,5,5,epoch-200,1,1,degree,0.15639563641072088
amazon_ratings,GeneralSheaf,true,5,5,epoch-200,2,1,degree,0.18012708259007093
amazon_ratings,GeneralSheaf,true,5,5,epoch-200,3,1,degree,0.2160676358391871
amazon_ratings,GeneralSheaf,true,5,5,epoch-200,4,1,degree,0.19397850759356447
amazon_ratings,GeneralSheaf,true,5,5,epoch-200,5,1,degree,0.2117363211344017
amazon_ratings,GeneralSheaf,true,5,5,epoch-200,0,1,betweenness,0.03477041309297459
amazon_ratings,GeneralSheaf,true,5,5,epoch-200,1,1,betweenness,0.11137082476494775
amazon_ratings,GeneralSheaf,true,5,5,epoch-200,2,1,betweenness,0.14033139169491357
amazon_ratings,GeneralSheaf,true,5,5,epoch-200,3,1,betweenness,0.1760298745843915
amazon_ratings,GeneralSheaf,true,5,5,epoch-200,4,1,betweenness,0.18902651412885355
amazon_ratings,GeneralSheaf,true,5,5,epoch-200,5,1,betweenness,0.22159457740831418
amazon_ratings,GeneralSheaf,true,5,5,epoch-200,0,1,confidence,0.3466817530932718
amazon_ratings,GeneralSheaf,true,5,5,epoch-200,1,1,confidence,0.39790812640183154
amazon_ratings,GeneralSheaf,true,5,5,epoch-200,2,1,confidence,0.4565852463994454
amazon_ratings,GeneralSheaf,true,5,5,epoch-200,3,1,confidence,0.5350100868479166
amazon_ratings,GeneralSheaf,true,5,5,epoch-200,4,1,confidence,0.5904880315581857
amazon_ratings,GeneralSheaf,true,5,5,epoch-200,5,1,confidence,0.6786380040568616
amazon_ratings,GeneralSheaf,true,5,5,epoch-200,0,1,saliency,0.1762107755254822
amazon_ratings,GeneralSheaf,true,5,5,epoch-200,1,1,saliency,0.256342246052404
amazon_ratings,GeneralSheaf,true,5,5,epoch-200,2,1,saliency,0.27780118963824024
amazon_ratings,GeneralSheaf,true,5,5,epoch-200,3,1,saliency,0.28823155151741753
amazon_ratings,GeneralSheaf,true,5,5,epoch-200,4,1,saliency,0.2960100197233294
amazon_ratings,GeneralSheaf,true,5,5,epoch-200,5,1,saliency,0.27554780904387205
amazon_ratings,GeneralSheaf,true,5,5,epoch-200,0,1,cohens_d_train,0.36298528
amazon_ratings,GeneralSheaf,true,5,5,epoch-200,1,1,cohens_d_train,0.42278117
amazon_ratings,GeneralSheaf,true,5,5,epoch-200,2,1,cohens_d_train,0.46546894
amazon_ratings,GeneralSheaf,true,5,5,epoch-200,3,1,cohens_d_train,0.51045316
amazon_ratings,GeneralSheaf,true,5,5,epoch-200,4,1,cohens_d_train,0.543467
amazon_ratings,GeneralSheaf,true,5,5,epoch-200,5,1,cohens_d_train,0.57687634
amazon_ratings,GeneralSheaf,true,5,5,epoch-200,0,1,cohens_d_test,0.15043677
amazon_ratings,GeneralSheaf,true,5,5,epoch-200,1,1,cohens_d_test,0.15087815
amazon_ratings,GeneralSheaf,true,5,5,epoch-200,2,1,cohens_d_test,0.16830416
amazon_ratings,GeneralSheaf,true,5,5,epoch-200,3,1,cohens_d_test,0.19720784
amazon_ratings,GeneralSheaf,true,5,5,epoch-200,4,1,cohens_d_test,0.22946994
amazon_ratings,GeneralSheaf,true,5,5,epoch-200,5,1,cohens_d_test,0.27332538
amazon_ratings,GeneralSheaf,true,5,5,epoch-200,0,2,degree,-0.019289279256985172
amazon_ratings,GeneralSheaf,true,5,5,epoch-200,1,2,degree,0.051410465522459266
amazon_ratings,GeneralSheaf,true,5,5,epoch-200,2,2,degree,0.10873843867368849
amazon_ratings,GeneralSheaf,true,5,5,epoch-200,3,2,degree,0.14335739019719432
amazon_ratings,GeneralSheaf,true,5,5,epoch-200,4,2,degree,0.17160612944450537
amazon_ratings,GeneralSheaf,true,5,5,epoch-200,5,2,degree,0.16613584326154357
amazon_ratings,GeneralSheaf,true,5,5,epoch-200,0,2,betweenness,0.036384649845340344
amazon_ratings,GeneralSheaf,true,5,5,epoch-200,1,2,betweenness,0.0732951545642846
amazon_ratings,GeneralSheaf,true,5,5,epoch-200,2,2,betweenness,0.10583590697669074
amazon_ratings,GeneralSheaf,true,5,5,epoch-200,3,2,betweenness,0.147737338229479
amazon_ratings,GeneralSheaf,true,5,5,epoch-200,4,2,betweenness,0.19071668002529765
amazon_ratings,GeneralSheaf,true,5,5,epoch-200,5,2,betweenness,0.21637510559767853
amazon_ratings,GeneralSheaf,true,5,5,epoch-200,0,2,confidence,0.3755748384680356
amazon_ratings,GeneralSheaf,true,5,5,epoch-200,1,2,confidence,0.4021193788769931
amazon_ratings,GeneralSheaf,true,5,5,epoch-200,2,2,confidence,0.43303801372224626
amazon_ratings,GeneralSheaf,true,5,5,epoch-200,3,2,confidence,0.5072063305736291
amazon_ratings,GeneralSheaf,true,5,5,epoch-200,4,2,confidence,0.5961448430969274
amazon_ratings,GeneralSheaf,true,5,5,epoch-200,5,2,confidence,0.6719857107654998
amazon_ratings,GeneralSheaf,true,5,5,epoch-200,0,2,saliency,0.19657590326243563
amazon_ratings,GeneralSheaf,true,5,5,epoch-200,1,2,saliency,0.2512508450746814
amazon_ratings,GeneralSheaf,true,5,5,epoch-200,2,2,saliency,0.2920694045084331
amazon_ratings,GeneralSheaf,true,5,5,epoch-200,3,2,saliency,0.32707212568226396
amazon_ratings,GeneralSheaf,true,5,5,epoch-200,4,2,saliency,0.3350721651117796
amazon_ratings,GeneralSheaf,true,5,5,epoch-200,5,2,saliency,0.3210804760628897
amazon_ratings,GeneralSheaf,true,5,5,epoch-200,0,2,cohens_d_train,0.34926143
amazon_ratings,GeneralSheaf,true,5,5,epoch-200,1,2,cohens_d_train,0.37956122
amazon_ratings,GeneralSheaf,true,5,5,epoch-200,2,2,cohens_d_train,0.41459888
amazon_ratings,GeneralSheaf,true,5,5,epoch-200,3,2,cohens_d_train,0.46366885
amazon_ratings,GeneralSheaf,true,5,5,epoch-200,4,2,cohens_d_train,0.5125638
amazon_ratings,GeneralSheaf,true,5,5,epoch-200,5,2,cohens_d_train,0.5480476
amazon_ratings,GeneralSheaf,true,5,5,epoch-200,0,2,cohens_d_test,0.16541743
amazon_ratings,GeneralSheaf,true,5,5,epoch-200,1,2,cohens_d_test,0.16791907
amazon_ratings,GeneralSheaf,true,5,5,epoch-200,2,2,cohens_d_test,0.16688831
amazon_ratings,GeneralSheaf,true,5,5,epoch-200,3,2,cohens_d_test,0.17662995
amazon_ratings,GeneralSheaf,true,5,5,epoch-200,4,2,cohens_d_test,0.21246643
amazon_ratings,GeneralSheaf,true,5,5,epoch-200,5,2,cohens_d_test,0.24573234
amazon_ratings,GeneralSheaf,true,5,5,epoch-200,0,3,degree,-0.01108398628176211
amazon_ratings,GeneralSheaf,true,5,5,epoch-200,1,3,degree,0.046865816071366626
amazon_ratings,GeneralSheaf,true,5,5,epoch-200,2,3,degree,0.26067408651983465
amazon_ratings,GeneralSheaf,true,5,5,epoch-200,3,3,degree,0.294654401999768
amazon_ratings,GeneralSheaf,true,5,5,epoch-200,4,3,degree,0.27349132078073285
amazon_ratings,GeneralSheaf,true,5,5,epoch-200,5,3,degree,0.21804110688825032
amazon_ratings,GeneralSheaf,true,5,5,epoch-200,0,3,betweenness,0.028175663265387854
amazon_ratings,GeneralSheaf,true,5,5,epoch-200,1,3,betweenness,0.0645836952726757
amazon_ratings,GeneralSheaf,true,5,5,epoch-200,2,3,betweenness,0.14210234545386505
amazon_ratings,GeneralSheaf,true,5,5,epoch-200,3,3,betweenness,0.19533880852012986
amazon_ratings,GeneralSheaf,true,5,5,epoch-200,4,3,betweenness,0.22672918169358722
amazon_ratings,GeneralSheaf,true,5,5,epoch-200,5,3,betweenness,0.23676361575922678
amazon_ratings,GeneralSheaf,true,5,5,epoch-200,0,3,confidence,0.36211957534014483
amazon_ratings,GeneralSheaf,true,5,5,epoch-200,1,3,confidence,0.4059322041913181
amazon_ratings,GeneralSheaf,true,5,5,epoch-200,2,3,confidence,0.3908303108930268
amazon_ratings,GeneralSheaf,true,5,5,epoch-200,3,3,confidence,0.5124190032583614
amazon_ratings,GeneralSheaf,true,5,5,epoch-200,4,3,confidence,0.6337038991545201
amazon_ratings,GeneralSheaf,true,5,5,epoch-200,5,3,confidence,0.712357148734068
amazon_ratings,GeneralSheaf,true,5,5,epoch-200,0,3,saliency,0.16476634977040297
amazon_ratings,GeneralSheaf,true,5,5,epoch-200,1,3,saliency,0.20956044527902348
amazon_ratings,GeneralSheaf,true,5,5,epoch-200,2,3,saliency,0.31128572740211985
amazon_ratings,GeneralSheaf,true,5,5,epoch-200,3,3,saliency,0.34304336298139076
amazon_ratings,GeneralSheaf,true,5,5,epoch-200,4,3,saliency,0.33524412158082645
amazon_ratings,GeneralSheaf,true,5,5,epoch-200,5,3,saliency,0.3056041152607094
amazon_ratings,GeneralSheaf,true,5,5,epoch-200,0,3,cohens_d_train,0.3551991
amazon_ratings,GeneralSheaf,true,5,5,epoch-200,1,3,cohens_d_train,0.3920197
amazon_ratings,GeneralSheaf,true,5,5,epoch-200,2,3,cohens_d_train,0.41799423
amazon_ratings,GeneralSheaf,true,5,5,epoch-200,3,3,cohens_d_train,0.47207755
amazon_ratings,GeneralSheaf,true,5,5,epoch-200,4,3,cohens_d_train,0.50463355
amazon_ratings,GeneralSheaf,true,5,5,epoch-200,5,3,cohens_d_train,0.5331622
amazon_ratings,GeneralSheaf,true,5,5,epoch-200,0,3,cohens_d_test,0.13740017
amazon_ratings,GeneralSheaf,true,5,5,epoch-200,1,3,cohens_d_test,0.13497944
amazon_ratings,GeneralSheaf,true,5,5,epoch-200,2,3,cohens_d_test,0.0928455
amazon_ratings,GeneralSheaf,true,5,5,epoch-200,3,3,cohens_d_test,0.118721895
amazon_ratings,GeneralSheaf,true,5,5,epoch-200,4,3,cohens_d_test,0.15584674
amazon_ratings,GeneralSheaf,true,5,5,epoch-200,5,3,cohens_d_test,0.20950964
amazon_ratings,GeneralSheaf,true,5,5,epoch-200,0,4,degree,-0.01636083062778932
amazon_ratings,GeneralSheaf,true,5,5,epoch-200,1,4,degree,0.07096801828810669
amazon_ratings,GeneralSheaf,true,5,5,epoch-200,2,4,degree,0.1364043034719243
amazon_ratings,GeneralSheaf,true,5,5,epoch-200,3,4,degree,0.1890090292594662
amazon_ratings,GeneralSheaf,true,5,5,epoch-200,4,4,degree,0.2105368142321854
amazon_ratings,GeneralSheaf,true,5,5,epoch-200,5,4,degree,0.20318632195816336
amazon_ratings,GeneralSheaf,true,5,5,epoch-200,0,4,betweenness,0.04372056450604048
amazon_ratings,GeneralSheaf,true,5,5,epoch-200,1,4,betweenness,0.09014801164148094
amazon_ratings,GeneralSheaf,true,5,5,epoch-200,2,4,betweenness,0.12896600616091367
amazon_ratings,GeneralSheaf,true,5,5,epoch-200,3,4,betweenness,0.16844428549767038
amazon_ratings,GeneralSheaf,true,5,5,epoch-200,4,4,betweenness,0.20814687749274624
amazon_ratings,GeneralSheaf,true,5,5,epoch-200,5,4,betweenness,0.22532059350816935
amazon_ratings,GeneralSheaf,true,5,5,epoch-200,0,4,confidence,0.40067425588427674
amazon_ratings,GeneralSheaf,true,5,5,epoch-200,1,4,confidence,0.44414326074924704
amazon_ratings,GeneralSheaf,true,5,5,epoch-200,2,4,confidence,0.491198736715499
amazon_ratings,GeneralSheaf,true,5,5,epoch-200,3,4,confidence,0.5512223252499389
amazon_ratings,GeneralSheaf,true,5,5,epoch-200,4,4,confidence,0.6607116053200774
amazon_ratings,GeneralSheaf,true,5,5,epoch-200,5,4,confidence,0.7188866932875132
amazon_ratings,GeneralSheaf,true,5,5,epoch-200,0,4,saliency,0.23142361320218918
amazon_ratings,GeneralSheaf,true,5,5,epoch-200,1,4,saliency,0.29529223021815154
amazon_ratings,GeneralSheaf,true,5,5,epoch-200,2,4,saliency,0.33646598047961274
amazon_ratings,GeneralSheaf,true,5,5,epoch-200,3,4,saliency,0.37075133179297676
amazon_ratings,GeneralSheaf,true,5,5,epoch-200,4,4,saliency,0.3833307888614001
amazon_ratings,GeneralSheaf,true,5,5,epoch-200,5,4,saliency,0.3644933317770097
amazon_ratings,GeneralSheaf,true,5,5,epoch-200,0,4,cohens_d_train,0.39627528
amazon_ratings,GeneralSheaf,true,5,5,epoch-200,1,4,cohens_d_train,0.43844447
amazon_ratings,GeneralSheaf,true,5,5,epoch-200,2,4,cohens_d_train,0.47398102
amazon_ratings,GeneralSheaf,true,5,5,epoch-200,3,4,cohens_d_train,0.49037665
amazon_ratings,GeneralSheaf,true,5,5,epoch-200,4,4,cohens_d_train,0.5120155
amazon_ratings,GeneralSheaf,true,5,5,epoch-200,5,4,cohens_d_train,0.51126856
amazon_ratings,GeneralSheaf,true,5,5,epoch-200,0,4,cohens_d_test,0.14649805
amazon_ratings,GeneralSheaf,true,5,5,epoch-200,1,4,cohens_d_test,0.16129278
amazon_ratings,GeneralSheaf,true,5,5,epoch-200,2,4,cohens_d_test,0.18240827
amazon_ratings,GeneralSheaf,true,5,5,epoch-200,3,4,cohens_d_test,0.20018844
amazon_ratings,GeneralSheaf,true,5,5,epoch-200,4,4,cohens_d_test,0.23626852
amazon_ratings,GeneralSheaf,true,5,5,epoch-200,5,4,cohens_d_test,0.2729682
amazon_ratings,GeneralSheaf,true,5,5,epoch-200,0,5,degree,-0.02125100716099837
amazon_ratings,GeneralSheaf,true,5,5,epoch-200,1,5,degree,0.10041958681790446
amazon_ratings,GeneralSheaf,true,5,5,epoch-200,2,5,degree,0.1276567449644084
amazon_ratings,GeneralSheaf,true,5,5,epoch-200,3,5,degree,0.18169419249026547
amazon_ratings,GeneralSheaf,true,5,5,epoch-200,4,5,degree,0.19393996703795427
amazon_ratings,GeneralSheaf,true,5,5,epoch-200,5,5,degree,0.17343668275977175
amazon_ratings,GeneralSheaf,true,5,5,epoch-200,0,5,betweenness,0.047742806216294474
amazon_ratings,GeneralSheaf,true,5,5,epoch-200,1,5,betweenness,0.10770588210875326
amazon_ratings,GeneralSheaf,true,5,5,epoch-200,2,5,betweenness,0.12932193824440372
amazon_ratings,GeneralSheaf,true,5,5,epoch-200,3,5,betweenness,0.17413142842865284
amazon_ratings,GeneralSheaf,true,5,5,epoch-200,4,5,betweenness,0.20583341254518
amazon_ratings,GeneralSheaf,true,5,5,epoch-200,5,5,betweenness,0.21686568311469434
amazon_ratings,GeneralSheaf,true,5,5,epoch-200,0,5,confidence,0.3876385051521313
amazon_ratings,GeneralSheaf,true,5,5,epoch-200,1,5,confidence,0.4396762994288011
amazon_ratings,GeneralSheaf,true,5,5,epoch-200,2,5,confidence,0.47030414151014077
amazon_ratings,GeneralSheaf,true,5,5,epoch-200,3,5,confidence,0.5413906191662335
amazon_ratings,GeneralSheaf,true,5,5,epoch-200,4,5,confidence,0.644742285769648
amazon_ratings,GeneralSheaf,true,5,5,epoch-200,5,5,confidence,0.6984988450370773
amazon_ratings,GeneralSheaf,true,5,5,epoch-200,0,5,saliency,0.18807092677847573
amazon_ratings,GeneralSheaf,true,5,5,epoch-200,1,5,saliency,0.2680099090592796
amazon_ratings,GeneralSheaf,true,5,5,epoch-200,2,5,saliency,0.2907479576559106
amazon_ratings,GeneralSheaf,true,5,5,epoch-200,3,5,saliency,0.31444832700516023
amazon_ratings,GeneralSheaf,true,5,5,epoch-200,4,5,saliency,0.30130378494328824
amazon_ratings,GeneralSheaf,true,5,5,epoch-200,5,5,saliency,0.2794100312156064
amazon_ratings,GeneralSheaf,true,5,5,epoch-200,0,5,cohens_d_train,0.36637118
amazon_ratings,GeneralSheaf,true,5,5,epoch-200,1,5,cohens_d_train,0.41033095
amazon_ratings,GeneralSheaf,true,5,5,epoch-200,2,5,cohens_d_train,0.4379828
amazon_ratings,GeneralSheaf,true,5,5,epoch-200,3,5,cohens_d_train,0.48366442
amazon_ratings,GeneralSheaf,true,5,5,epoch-200,4,5,cohens_d_train,0.5183994
amazon_ratings,GeneralSheaf,true,5,5,epoch-200,5,5,cohens_d_train,0.5429899
amazon_ratings,GeneralSheaf,true,5,5,epoch-200,0,5,cohens_d_test,0.16118939
amazon_ratings,GeneralSheaf,true,5,5,epoch-200,1,5,cohens_d_test,0.15364905
amazon_ratings,GeneralSheaf,true,5,5,epoch-200,2,5,cohens_d_test,0.15950571
amazon_ratings,GeneralSheaf,true,5,5,epoch-200,3,5,cohens_d_test,0.17202939
amazon_ratings,GeneralSheaf,true,5,5,epoch-200,4,5,cohens_d_test,0.20987768
amazon_ratings,GeneralSheaf,true,5,5,epoch-200,5,5,cohens_d_test,0.25019667
amazon_ratings,GeneralSheaf,true,5,5,epoch-200,0,6,degree,-0.01395606610857895
amazon_ratings,GeneralSheaf,true,5,5,epoch-200,1,6,degree,0.08879801222834403
amazon_ratings,GeneralSheaf,true,5,5,epoch-200,2,6,degree,0.14417108588633257
amazon_ratings,GeneralSheaf,true,5,5,epoch-200,3,6,degree,0.18642096149531645
amazon_ratings,GeneralSheaf,true,5,5,epoch-200,4,6,degree,0.16822828503326034
amazon_ratings,GeneralSheaf,true,5,5,epoch-200,5,6,degree,0.1838284765417101
amazon_ratings,GeneralSheaf,true,5,5,epoch-200,0,6,betweenness,0.03582153072089239
amazon_ratings,GeneralSheaf,true,5,5,epoch-200,1,6,betweenness,0.0812737474454129
amazon_ratings,GeneralSheaf,true,5,5,epoch-200,2,6,betweenness,0.123698481550399
amazon_ratings,GeneralSheaf,true,5,5,epoch-200,3,6,betweenness,0.17277142193787232
amazon_ratings,GeneralSheaf,true,5,5,epoch-200,4,6,betweenness,0.18999043850533906
amazon_ratings,GeneralSheaf,true,5,5,epoch-200,5,6,betweenness,0.20953528567753052
amazon_ratings,GeneralSheaf,true,5,5,epoch-200,0,6,confidence,0.39263039155415935
amazon_ratings,GeneralSheaf,true,5,5,epoch-200,1,6,confidence,0.42121088639852555
amazon_ratings,GeneralSheaf,true,5,5,epoch-200,2,6,confidence,0.4718457077257525
amazon_ratings,GeneralSheaf,true,5,5,epoch-200,3,6,confidence,0.5633498384640084
amazon_ratings,GeneralSheaf,true,5,5,epoch-200,4,6,confidence,0.6514037388701258
amazon_ratings,GeneralSheaf,true,5,5,epoch-200,5,6,confidence,0.7028540984978162
amazon_ratings,GeneralSheaf,true,5,5,epoch-200,0,6,saliency,0.19667076298729508
amazon_ratings,GeneralSheaf,true,5,5,epoch-200,1,6,saliency,0.2529299461595018
amazon_ratings,GeneralSheaf,true,5,5,epoch-200,2,6,saliency,0.301133540646177
amazon_ratings,GeneralSheaf,true,5,5,epoch-200,3,6,saliency,0.3211929591968504
amazon_ratings,GeneralSheaf,true,5,5,epoch-200,4,6,saliency,0.29817544086625913
amazon_ratings,GeneralSheaf,true,5,5,epoch-200,5,6,saliency,0.28177805776464926
amazon_ratings,GeneralSheaf,true,5,5,epoch-200,0,6,cohens_d_train,0.39585933
amazon_ratings,GeneralSheaf,true,5,5,epoch-200,1,6,cohens_d_train,0.42418718
amazon_ratings,GeneralSheaf,true,5,5,epoch-200,2,6,cohens_d_train,0.45938364
amazon_ratings,GeneralSheaf,true,5,5,epoch-200,3,6,cohens_d_train,0.48752475
amazon_ratings,GeneralSheaf,true,5,5,epoch-200,4,6,cohens_d_train,0.5242366
amazon_ratings,GeneralSheaf,true,5,5,epoch-200,5,6,cohens_d_train,0.5550361
amazon_ratings,GeneralSheaf,true,5,5,epoch-200,0,6,cohens_d_test,0.11464303
amazon_ratings,GeneralSheaf,true,5,5,epoch-200,1,6,cohens_d_test,0.11769853
amazon_ratings,GeneralSheaf,true,5,5,epoch-200,2,6,cohens_d_test,0.1262231
amazon_ratings,GeneralSheaf,true,5,5,epoch-200,3,6,cohens_d_test,0.14918318
amazon_ratings,GeneralSheaf,true,5,5,epoch-200,4,6,cohens_d_test,0.19652453
amazon_ratings,GeneralSheaf,true,5,5,epoch-200,5,6,cohens_d_test,0.22371991
amazon_ratings,GeneralSheaf,true,5,5,epoch-200,0,7,degree,-0.021263970486505104
amazon_ratings,GeneralSheaf,true,5,5,epoch-200,1,7,degree,0.0933348924088586
amazon_ratings,GeneralSheaf,true,5,5,epoch-200,2,7,degree,0.166623285120271
amazon_ratings,GeneralSheaf,true,5,5,epoch-200,3,7,degree,0.23032780363524194
amazon_ratings,GeneralSheaf,true,5,5,epoch-200,4,7,degree,0.2204991194524689
amazon_ratings,GeneralSheaf,true,5,5,epoch-200,5,7,degree,0.20325146060853755
amazon_ratings,GeneralSheaf,true,5,5,epoch-200,0,7,betweenness,0.041173342190959
amazon_ratings,GeneralSheaf,true,5,5,epoch-200,1,7,betweenness,0.0992669209325608
amazon_ratings,GeneralSheaf,true,5,5,epoch-200,2,7,betweenness,0.13950260601670786
amazon_ratings,GeneralSheaf,true,5,5,epoch-200,3,7,betweenness,0.19487649229703613
amazon_ratings,GeneralSheaf,true,5,5,epoch-200,4,7,betweenness,0.22723468707547867
amazon_ratings,GeneralSheaf,true,5,5,epoch-200,5,7,betweenness,0.24059235465137138
amazon_ratings,GeneralSheaf,true,5,5,epoch-200,0,7,confidence,0.34165723157915606
amazon_ratings,GeneralSheaf,true,5,5,epoch-200,1,7,confidence,0.36517843047877596
amazon_ratings,GeneralSheaf,true,5,5,epoch-200,2,7,confidence,0.39343501921676033
amazon_ratings,GeneralSheaf,true,5,5,epoch-200,3,7,confidence,0.48163731845379726
amazon_ratings,GeneralSheaf,true,5,5,epoch-200,4,7,confidence,0.5900212051952359
amazon_ratings,GeneralSheaf,true,5,5,epoch-200,5,7,confidence,0.6703884858605982
amazon_ratings,GeneralSheaf,true,5,5,epoch-200,0,7,saliency,0.15529723030923526
amazon_ratings,GeneralSheaf,true,5,5,epoch-200,1,7,saliency,0.23931479756834884
amazon_ratings,GeneralSheaf,true,5,5,epoch-200,2,7,saliency,0.29193916694021227
amazon_ratings,GeneralSheaf,true,5,5,epoch-200,3,7,saliency,0.3216621914046052
amazon_ratings,GeneralSheaf,true,5,5,epoch-200,4,7,saliency,0.3046103851213782
amazon_ratings,GeneralSheaf,true,5,5,epoch-200,5,7,saliency,0.2767389692401914
amazon_ratings,GeneralSheaf,true,5,5,epoch-200,0,7,cohens_d_train,0.3586189
amazon_ratings,GeneralSheaf,true,5,5,epoch-200,1,7,cohens_d_train,0.38768333
amazon_ratings,GeneralSheaf,true,5,5,epoch-200,2,7,cohens_d_train,0.41330734
amazon_ratings,GeneralSheaf,true,5,5,epoch-200,3,7,cohens_d_train,0.4455976
amazon_ratings,GeneralSheaf,true,5,5,epoch-200,4,7,cohens_d_train,0.48138782
amazon_ratings,GeneralSheaf,true,5,5,epoch-200,5,7,cohens_d_train,0.51419777
amazon_ratings,GeneralSheaf,true,5,5,epoch-200,0,7,cohens_d_test,0.1493285
amazon_ratings,GeneralSheaf,true,5,5,epoch-200,1,7,cohens_d_test,0.15062633
amazon_ratings,GeneralSheaf,true,5,5,epoch-200,2,7,cohens_d_test,0.15793099
amazon_ratings,GeneralSheaf,true,5,5,epoch-200,3,7,cohens_d_test,0.18405406
amazon_ratings,GeneralSheaf,true,5,5,epoch-200,4,7,cohens_d_test,0.22843705
amazon_ratings,GeneralSheaf,true,5,5,epoch-200,5,7,cohens_d_test,0.2713652
amazon_ratings,GeneralSheaf,true,5,5,epoch-200,0,8,degree,-0.014916170821616425
amazon_ratings,GeneralSheaf,true,5,5,epoch-200,1,8,degree,0.14911071892559657
amazon_ratings,GeneralSheaf,true,5,5,epoch-200,2,8,degree,0.19696935243111632
amazon_ratings,GeneralSheaf,true,5,5,epoch-200,3,8,degree,0.21691781405970822
amazon_ratings,GeneralSheaf,true,5,5,epoch-200,4,8,degree,0.22221127548304156
amazon_ratings,GeneralSheaf,true,5,5,epoch-200,5,8,degree,0.1883405072367478
amazon_ratings,GeneralSheaf,true,5,5,epoch-200,0,8,betweenness,0.043522759644372556
amazon_ratings,GeneralSheaf,true,5,5,epoch-200,1,8,betweenness,0.11389763436344788
amazon_ratings,GeneralSheaf,true,5,5,epoch-200,2,8,betweenness,0.14830996272899982
amazon_ratings,GeneralSheaf,true,5,5,epoch-200,3,8,betweenness,0.18306526489348754
amazon_ratings,GeneralSheaf,true,5,5,epoch-200,4,8,betweenness,0.22333545955585485
amazon_ratings,GeneralSheaf,true,5,5,epoch-200,5,8,betweenness,0.23000409632583455
amazon_ratings,GeneralSheaf,true,5,5,epoch-200,0,8,confidence,0.3682706020978463
amazon_ratings,GeneralSheaf,true,5,5,epoch-200,1,8,confidence,0.3914213911264495
amazon_ratings,GeneralSheaf,true,5,5,epoch-200,2,8,confidence,0.43601515777581834
amazon_ratings,GeneralSheaf,true,5,5,epoch-200,3,8,confidence,0.4857159567282815
amazon_ratings,GeneralSheaf,true,5,5,epoch-200,4,8,confidence,0.6212989896994185
amazon_ratings,GeneralSheaf,true,5,5,epoch-200,5,8,confidence,0.6782199960913847
amazon_ratings,GeneralSheaf,true,5,5,epoch-200,0,8,saliency,0.27849155279674
amazon_ratings,GeneralSheaf,true,5,5,epoch-200,1,8,saliency,0.35609527348350956
amazon_ratings,GeneralSheaf,true,5,5,epoch-200,2,8,saliency,0.39136311044582167
amazon_ratings,GeneralSheaf,true,5,5,epoch-200,3,8,saliency,0.44664785293941983
amazon_ratings,GeneralSheaf,true,5,5,epoch-200,4,8,saliency,0.4677040204660953
amazon_ratings,GeneralSheaf,true,5,5,epoch-200,5,8,saliency,0.482010753672348
amazon_ratings,GeneralSheaf,true,5,5,epoch-200,0,8,cohens_d_train,0.37683338
amazon_ratings,GeneralSheaf,true,5,5,epoch-200,1,8,cohens_d_train,0.4223895
amazon_ratings,GeneralSheaf,true,5,5,epoch-200,2,8,cohens_d_train,0.45342356
amazon_ratings,GeneralSheaf,true,5,5,epoch-200,3,8,cohens_d_train,0.48621446
amazon_ratings,GeneralSheaf,true,5,5,epoch-200,4,8,cohens_d_train,0.5296235
amazon_ratings,GeneralSheaf,true,5,5,epoch-200,5,8,cohens_d_train,0.5585919
amazon_ratings,GeneralSheaf,true,5,5,epoch-200,0,8,cohens_d_test,0.13509426
amazon_ratings,GeneralSheaf,true,5,5,epoch-200,1,8,cohens_d_test,0.133838
amazon_ratings,GeneralSheaf,true,5,5,epoch-200,2,8,cohens_d_test,0.14385174
amazon_ratings,GeneralSheaf,true,5,5,epoch-200,3,8,cohens_d_test,0.16103156
amazon_ratings,GeneralSheaf,true,5,5,epoch-200,4,8,cohens_d_test,0.21602076
amazon_ratings,GeneralSheaf,true,5,5,epoch-200,5,8,cohens_d_test,0.24914005
amazon_ratings,GeneralSheaf,true,5,5,epoch-200,0,9,degree,-0.013423661013189708
amazon_ratings,GeneralSheaf,true,5,5,epoch-200,1,9,degree,0.10582613043890858
amazon_ratings,GeneralSheaf,true,5,5,epoch-200,2,9,degree,0.1690876686945217
amazon_ratings,GeneralSheaf,true,5,5,epoch-200,3,9,degree,0.196254559693296
amazon_ratings,GeneralSheaf,true,5,5,epoch-200,4,9,degree,0.2246071074220795
amazon_ratings,GeneralSheaf,true,5,5,epoch-200,5,9,degree,0.20426644391801518
amazon_ratings,GeneralSheaf,true,5,5,epoch-200,0,9,betweenness,0.03735590491780653
amazon_ratings,GeneralSheaf,true,5,5,epoch-200,1,9,betweenness,0.09322375134542514
amazon_ratings,GeneralSheaf,true,5,5,epoch-200,2,9,betweenness,0.13448683801387842
amazon_ratings,GeneralSheaf,true,5,5,epoch-200,3,9,betweenness,0.15534555539144096
amazon_ratings,GeneralSheaf,true,5,5,epoch-200,4,9,betweenness,0.19419991116062787
amazon_ratings,GeneralSheaf,true,5,5,epoch-200,5,9,betweenness,0.21531521908483095
amazon_ratings,GeneralSheaf,true,5,5,epoch-200,0,9,confidence,0.3714559828591021
amazon_ratings,GeneralSheaf,true,5,5,epoch-200,1,9,confidence,0.4012123783650334
amazon_ratings,GeneralSheaf,true,5,5,epoch-200,2,9,confidence,0.46176350589547555
amazon_ratings,GeneralSheaf,true,5,5,epoch-200,3,9,confidence,0.49414537507880024
amazon_ratings,GeneralSheaf,true,5,5,epoch-200,4,9,confidence,0.5998318683839209
amazon_ratings,GeneralSheaf,true,5,5,epoch-200,5,9,confidence,0.7006615814660409
amazon_ratings,GeneralSheaf,true,5,5,epoch-200,0,9,saliency,0.16513721751485852
amazon_ratings,GeneralSheaf,true,5,5,epoch-200,1,9,saliency,0.22569375909377634
amazon_ratings,GeneralSheaf,true,5,5,epoch-200,2,9,saliency,0.2608313243186656
amazon_ratings,GeneralSheaf,true,5,5,epoch-200,3,9,saliency,0.2676371406192299
amazon_ratings,GeneralSheaf,true,5,5,epoch-200,4,9,saliency,0.25352068438231695
amazon_ratings,GeneralSheaf,true,5,5,epoch-200,5,9,saliency,0.21762195042657145
amazon_ratings,GeneralSheaf,true,5,5,epoch-200,0,9,cohens_d_train,0.37881994
amazon_ratings,GeneralSheaf,true,5,5,epoch-200,1,9,cohens_d_train,0.4124628
amazon_ratings,GeneralSheaf,true,5,5,epoch-200,2,9,cohens_d_train,0.4575854
amazon_ratings,GeneralSheaf,true,5,5,epoch-200,3,9,cohens_d_train,0.4680891
amazon_ratings,GeneralSheaf,true,5,5,epoch-200,4,9,cohens_d_train,0.4971984
amazon_ratings,GeneralSheaf,true,5,5,epoch-200,5,9,cohens_d_train,0.5522088
amazon_ratings,GeneralSheaf,true,5,5,epoch-200,0,9,cohens_d_test,0.079177015
amazon_ratings,GeneralSheaf,true,5,5,epoch-200,1,9,cohens_d_test,0.07077803
amazon_ratings,GeneralSheaf,true,5,5,epoch-200,2,9,cohens_d_test,0.09583729
amazon_ratings,GeneralSheaf,true,5,5,epoch-200,3,9,cohens_d_test,0.11370758
amazon_ratings,GeneralSheaf,true,5,5,epoch-200,4,9,cohens_d_test,0.15934828
amazon_ratings,GeneralSheaf,true,5,5,epoch-200,5,9,cohens_d_test,0.2276333
amazon_ratings,GeneralSheaf,true,5,5,best-epoch,0,0,degree,-0.0107451270521383
amazon_ratings,GeneralSheaf,true,5,5,best-epoch,1,0,degree,0.055625469996588676
amazon_ratings,GeneralSheaf,true,5,5,best-epoch,2,0,degree,0.11364179341126282
amazon_ratings,GeneralSheaf,true,5,5,best-epoch,3,0,degree,0.17834013640523166
amazon_ratings,GeneralSheaf,true,5,5,best-epoch,4,0,degree,0.21100250694928205
amazon_ratings,GeneralSheaf,true,5,5,best-epoch,5,0,degree,0.19382169437334623
amazon_ratings,GeneralSheaf,true,5,5,best-epoch,0,0,betweenness,0.038928363514975875
amazon_ratings,GeneralSheaf,true,5,5,best-epoch,1,0,betweenness,0.068658158145287
amazon_ratings,GeneralSheaf,true,5,5,best-epoch,2,0,betweenness,0.10217380032468505
amazon_ratings,GeneralSheaf,true,5,5,best-epoch,3,0,betweenness,0.14867358061625968
amazon_ratings,GeneralSheaf,true,5,5,best-epoch,4,0,betweenness,0.20155864599944395
amazon_ratings,GeneralSheaf,true,5,5,best-epoch,5,0,betweenness,0.22695939241680535
amazon_ratings,GeneralSheaf,true,5,5,best-epoch,0,0,confidence,0.3866136444028073
amazon_ratings,GeneralSheaf,true,5,5,best-epoch,1,0,confidence,0.4097397237252343
amazon_ratings,GeneralSheaf,true,5,5,best-epoch,2,0,confidence,0.4444768834780249
amazon_ratings,GeneralSheaf,true,5,5,best-epoch,3,0,confidence,0.5116065800994545
amazon_ratings,GeneralSheaf,true,5,5,best-epoch,4,0,confidence,0.6441592900638502
amazon_ratings,GeneralSheaf,true,5,5,best-epoch,5,0,confidence,0.7448666613853862
amazon_ratings,GeneralSheaf,true,5,5,best-epoch,0,0,saliency,0.19591516281942556
amazon_ratings,GeneralSheaf,true,5,5,best-epoch,1,0,saliency,0.23549069889797886
amazon_ratings,GeneralSheaf,true,5,5,best-epoch,2,0,saliency,0.27330126622428275
amazon_ratings,GeneralSheaf,true,5,5,best-epoch,3,0,saliency,0.3014840173605567
amazon_ratings,GeneralSheaf,true,5,5,best-epoch,4,0,saliency,0.2896104806163013
amazon_ratings,GeneralSheaf,true,5,5,best-epoch,5,0,saliency,0.24913428873281157
amazon_ratings,GeneralSheaf,true,5,5,best-epoch,0,0,cohens_d_train,0.38125765
amazon_ratings,GeneralSheaf,true,5,5,best-epoch,1,0,cohens_d_train,0.3984971
amazon_ratings,GeneralSheaf,true,5,5,best-epoch,2,0,cohens_d_train,0.42715788
amazon_ratings,GeneralSheaf,true,5,5,best-epoch,3,0,cohens_d_train,0.47143492
amazon_ratings,GeneralSheaf,true,5,5,best-epoch,4,0,cohens_d_train,0.5372072
amazon_ratings,GeneralSheaf,true,5,5,best-epoch,5,0,cohens_d_train,0.58742964
amazon_ratings,GeneralSheaf,true,5,5,best-epoch,0,0,cohens_d_test,0.09433019
amazon_ratings,GeneralSheaf,true,5,5,best-epoch,1,0,cohens_d_test,0.08757521
amazon_ratings,GeneralSheaf,true,5,5,best-epoch,2,0,cohens_d_test,0.09526181
amazon_ratings,GeneralSheaf,true,5,5,best-epoch,3,0,cohens_d_test,0.11886495
amazon_ratings,GeneralSheaf,true,5,5,best-epoch,4,0,cohens_d_test,0.18860555
amazon_ratings,GeneralSheaf,true,5,5,best-epoch,5,0,cohens_d_test,0.24574122
amazon_ratings,GeneralSheaf,true,5,5,best-epoch,0,1,degree,-0.01192319565205406
amazon_ratings,GeneralSheaf,true,5,5,best-epoch,1,1,degree,0.12178414581475507
amazon_ratings,GeneralSheaf,true,5,5,best-epoch,2,1,degree,0.1442533548039082
amazon_ratings,GeneralSheaf,true,5,5,best-epoch,3,1,degree,0.18954176797494085
amazon_ratings,GeneralSheaf,true,5,5,best-epoch,4,1,degree,0.17662522375951747
amazon_ratings,GeneralSheaf,true,5,5,best-epoch,5,1,degree,0.17739823138028304
amazon_ratings,GeneralSheaf,true,5,5,best-epoch,0,1,betweenness,0.03544679072602557
amazon_ratings,GeneralSheaf,true,5,5,best-epoch,1,1,betweenness,0.1002992702562348
amazon_ratings,GeneralSheaf,true,5,5,best-epoch,2,1,betweenness,0.12653488755330905
amazon_ratings,GeneralSheaf,true,5,5,best-epoch,3,1,betweenness,0.16941211459783437
amazon_ratings,GeneralSheaf,true,5,5,best-epoch,4,1,betweenness,0.19051442601125357
amazon_ratings,GeneralSheaf,true,5,5,best-epoch,5,1,betweenness,0.21527625604697828
amazon_ratings,GeneralSheaf,true,5,5,best-epoch,0,1,confidence,0.39367549900572596
amazon_ratings,GeneralSheaf,true,5,5,best-epoch,1,1,confidence,0.45136073977381985
amazon_ratings,GeneralSheaf,true,5,5,best-epoch,2,1,confidence,0.5029705518420388
amazon_ratings,GeneralSheaf,true,5,5,best-epoch,3,1,confidence,0.5797743403248617
amazon_ratings,GeneralSheaf,true,5,5,best-epoch,4,1,confidence,0.6406894689104219
amazon_ratings,GeneralSheaf,true,5,5,best-epoch,5,1,confidence,0.7098960049186754
amazon_ratings,GeneralSheaf,true,5,5,best-epoch,0,1,saliency,0.1462896517479835
amazon_ratings,GeneralSheaf,true,5,5,best-epoch,1,1,saliency,0.21354699336937974
amazon_ratings,GeneralSheaf,true,5,5,best-epoch,2,1,saliency,0.24021460143322085
amazon_ratings,GeneralSheaf,true,5,5,best-epoch,3,1,saliency,0.2698896510054443
amazon_ratings,GeneralSheaf,true,5,5,best-epoch,4,1,saliency,0.2814828783395724
amazon_ratings,GeneralSheaf,true,5,5,best-epoch,5,1,saliency,0.2676442876198461
amazon_ratings,GeneralSheaf,true,5,5,best-epoch,0,1,cohens_d_train,0.31312096
amazon_ratings,GeneralSheaf,true,5,5,best-epoch,1,1,cohens_d_train,0.35301617
amazon_ratings,GeneralSheaf,true,5,5,best-epoch,2,1,cohens_d_train,0.38586873
amazon_ratings,GeneralSheaf,true,5,5,best-epoch,3,1,cohens_d_train,0.42237636
amazon_ratings,GeneralSheaf,true,5,5,best-epoch,4,1,cohens_d_train,0.4487637
amazon_ratings,GeneralSheaf,true,5,5,best-epoch,5,1,cohens_d_train,0.4764554
amazon_ratings,GeneralSheaf,true,5,5,best-epoch,0,1,cohens_d_test,0.1447089
amazon_ratings,GeneralSheaf,true,5,5,best-epoch,1,1,cohens_d_test,0.16045368
amazon_ratings,GeneralSheaf,true,5,5,best-epoch,2,1,cohens_d_test,0.17940381
amazon_ratings,GeneralSheaf,true,5,5,best-epoch,3,1,cohens_d_test,0.20865193
amazon_ratings,GeneralSheaf,true,5,5,best-epoch,4,1,cohens_d_test,0.24754983
amazon_ratings,GeneralSheaf,true,5,5,best-epoch,5,1,cohens_d_test,0.28084287
amazon_ratings,GeneralSheaf,true,5,5,best-epoch,0,2,degree,-0.01950856913533764
amazon_ratings,GeneralSheaf,true,5,5,best-epoch,1,2,degree,0.05388361272120749
amazon_ratings,GeneralSheaf,true,5,5,best-epoch,2,2,degree,0.11550391221310141
amazon_ratings,GeneralSheaf,true,5,5,best-epoch,3,2,degree,0.14866166349519383
amazon_ratings,GeneralSheaf,true,5,5,best-epoch,4,2,degree,0.16836366348721984
amazon_ratings,GeneralSheaf,true,5,5,best-epoch,5,2,degree,0.15524986705881794
amazon_ratings,GeneralSheaf,true,5,5,best-epoch,0,2,betweenness,0.03480741738171895
amazon_ratings,GeneralSheaf,true,5,5,best-epoch,1,2,betweenness,0.0735463439964615
amazon_ratings,GeneralSheaf,true,5,5,best-epoch,2,2,betweenness,0.10921144853941639
amazon_ratings,GeneralSheaf,true,5,5,best-epoch,3,2,betweenness,0.1508125606635592
amazon_ratings,GeneralSheaf,true,5,5,best-epoch,4,2,betweenness,0.19129050927323907
amazon_ratings,GeneralSheaf,true,5,5,best-epoch,5,2,betweenness,0.21536054413792768
amazon_ratings,GeneralSheaf,true,5,5,best-epoch,0,2,confidence,0.3769312944988545
amazon_ratings,GeneralSheaf,true,5,5,best-epoch,1,2,confidence,0.40692264365336
amazon_ratings,GeneralSheaf,true,5,5,best-epoch,2,2,confidence,0.44453504931131155
amazon_ratings,GeneralSheaf,true,5,5,best-epoch,3,2,confidence,0.5263427134631905
amazon_ratings,GeneralSheaf,true,5,5,best-epoch,4,2,confidence,0.6203541288962897
amazon_ratings,GeneralSheaf,true,5,5,best-epoch,5,2,confidence,0.6969724459576908
amazon_ratings,GeneralSheaf,true,5,5,best-epoch,0,2,saliency,0.16769317190687041
amazon_ratings,GeneralSheaf,true,5,5,best-epoch,1,2,saliency,0.2291397326624549
amazon_ratings,GeneralSheaf,true,5,5,best-epoch,2,2,saliency,0.2745122511064819
amazon_ratings,GeneralSheaf,true,5,5,best-epoch,3,2,saliency,0.30963774212192624
amazon_ratings,GeneralSheaf,true,5,5,best-epoch,4,2,saliency,0.3155970758956199
amazon_ratings,GeneralSheaf,true,5,5,best-epoch,5,2,saliency,0.3024617073532252
amazon_ratings,GeneralSheaf,true,5,5,best-epoch,0,2,cohens_d_train,0.3370879
amazon_ratings,GeneralSheaf,true,5,5,best-epoch,1,2,cohens_d_train,0.36264244
amazon_ratings,GeneralSheaf,true,5,5,best-epoch,2,2,cohens_d_train,0.39138225
amazon_ratings,GeneralSheaf,true,5,5,best-epoch,3,2,cohens_d_train,0.43286565
amazon_ratings,GeneralSheaf,true,5,5,best-epoch,4,2,cohens_d_train,0.47159305
amazon_ratings,GeneralSheaf,true,5,5,best-epoch,5,2,cohens_d_train,0.4915617
amazon_ratings,GeneralSheaf,true,5,5,best-epoch,0,2,cohens_d_test,0.15006836
amazon_ratings,GeneralSheaf,true,5,5,best-epoch,1,2,cohens_d_test,0.15370542
amazon_ratings,GeneralSheaf,true,5,5,best-epoch,2,2,cohens_d_test,0.15175731
amazon_ratings,GeneralSheaf,true,5,5,best-epoch,3,2,cohens_d_test,0.16310178
amazon_ratings,GeneralSheaf,true,5,5,best-epoch,4,2,cohens_d_test,0.19534044
amazon_ratings,GeneralSheaf,true,5,5,best-epoch,5,2,cohens_d_test,0.2252121
amazon_ratings,GeneralSheaf,true,5,5,best-epoch,0,3,degree,-0.011841165755409232
amazon_ratings,GeneralSheaf,true,5,5,best-epoch,1,3,degree,0.04671549812807191
amazon_ratings,GeneralSheaf,true,5,5,best-epoch,2,3,degree,0.22481247823343
amazon_ratings,GeneralSheaf,true,5,5,best-epoch,3,3,degree,0.2754456227419025
amazon_ratings,GeneralSheaf,true,5,5,best-epoch,4,3,degree,0.2712647440303317
amazon_ratings,GeneralSheaf,true,5,5,best-epoch,5,3,degree,0.23312619523020922
amazon_ratings,GeneralSheaf,true,5,5,best-epoch,0,3,betweenness,0.03194920159792606
amazon_ratings,GeneralSheaf,true,5,5,best-epoch,1,3,betweenness,0.0662862997825279
amazon_ratings,GeneralSheaf,true,5,5,best-epoch,2,3,betweenness,0.13082812734203628
amazon_ratings,GeneralSheaf,true,5,5,best-epoch,3,3,betweenness,0.1833034307410811
amazon_ratings,GeneralSheaf,true,5,5,best-epoch,4,3,betweenness,0.21339649096377145
amazon_ratings,GeneralSheaf,true,5,5,best-epoch,5,3,betweenness,0.23014584983144232
amazon_ratings,GeneralSheaf,true,5,5,best-epoch,0,3,confidence,0.400541451707233
amazon_ratings,GeneralSheaf,true,5,5,best-epoch,1,3,confidence,0.4406006222738166
amazon_ratings,GeneralSheaf,true,5,5,best-epoch,2,3,confidence,0.4274713407382823
amazon_ratings,GeneralSheaf,true,5,5,best-epoch,3,3,confidence,0.529852393676675
amazon_ratings,GeneralSheaf,true,5,5,best-epoch,4,3,confidence,0.637535000946295
amazon_ratings,GeneralSheaf,true,5,5,best-epoch,5,3,confidence,0.712465200639007
amazon_ratings,GeneralSheaf,true,5,5,best-epoch,0,3,saliency,0.15093586462554465
amazon_ratings,GeneralSheaf,true,5,5,best-epoch,1,3,saliency,0.1913168540196369
amazon_ratings,GeneralSheaf,true,5,5,best-epoch,2,3,saliency,0.28790763404894015
amazon_ratings,GeneralSheaf,true,5,5,best-epoch,3,3,saliency,0.32115538086652295
amazon_ratings,GeneralSheaf,true,5,5,best-epoch,4,3,saliency,0.310953683892717
amazon_ratings,GeneralSheaf,true,5,5,best-epoch,5,3,saliency,0.27886566071147084
amazon_ratings,GeneralSheaf,true,5,5,best-epoch,0,3,cohens_d_train,0.36380285
amazon_ratings,GeneralSheaf,true,5,5,best-epoch,1,3,cohens_d_train,0.39530784
amazon_ratings,GeneralSheaf,true,5,5,best-epoch,2,3,cohens_d_train,0.41922522
amazon_ratings,GeneralSheaf,true,5,5,best-epoch,3,3,cohens_d_train,0.4741038
amazon_ratings,GeneralSheaf,true,5,5,best-epoch,4,3,cohens_d_train,0.5156519
amazon_ratings,GeneralSheaf,true,5,5,best-epoch,5,3,cohens_d_train,0.55068785
amazon_ratings,GeneralSheaf,true,5,5,best-epoch,0,3,cohens_d_test,0.1255526
amazon_ratings,GeneralSheaf,true,5,5,best-epoch,1,3,cohens_d_test,0.122952
amazon_ratings,GeneralSheaf,true,5,5,best-epoch,2,3,cohens_d_test,0.10482281
amazon_ratings,GeneralSheaf,true,5,5,best-epoch,3,3,cohens_d_test,0.12765607
amazon_ratings,GeneralSheaf,true,5,5,best-epoch,4,3,cohens_d_test,0.1659399
amazon_ratings,GeneralSheaf,true,5,5,best-epoch,5,3,cohens_d_test,0.21575461
amazon_ratings,GeneralSheaf,true,5,5,best-epoch,0,4,degree,-0.01692964100520359
amazon_ratings,GeneralSheaf,true,5,5,best-epoch,1,4,degree,0.05287015209095866
amazon_ratings,GeneralSheaf,true,5,5,best-epoch,2,4,degree,0.11735874673527152
amazon_ratings,GeneralSheaf,true,5,5,best-epoch,3,4,degree,0.16778558172438898
amazon_ratings,GeneralSheaf,true,5,5,best-epoch,4,4,degree,0.1928450520465506
amazon_ratings,GeneralSheaf,true,5,5,best-epoch,5,4,degree,0.18929162256279913
amazon_ratings,GeneralSheaf,true,5,5,best-epoch,0,4,betweenness,0.044353934873133716
amazon_ratings,GeneralSheaf,true,5,5,best-epoch,1,4,betweenness,0.08183263649611501
amazon_ratings,GeneralSheaf,true,5,5,best-epoch,2,4,betweenness,0.119741955417831
amazon_ratings,GeneralSheaf,true,5,5,best-epoch,3,4,betweenness,0.1590724682528671
amazon_ratings,GeneralSheaf,true,5,5,best-epoch,4,4,betweenness,0.20090775221635354
amazon_ratings,GeneralSheaf,true,5,5,best-epoch,5,4,betweenness,0.22263482269189264
amazon_ratings,GeneralSheaf,true,5,5,best-epoch,0,4,confidence,0.40079912059048856
amazon_ratings,GeneralSheaf,true,5,5,best-epoch,1,4,confidence,0.4366685609592396
amazon_ratings,GeneralSheaf,true,5,5,best-epoch,2,4,confidence,0.48267368189757315
amazon_ratings,GeneralSheaf,true,5,5,best-epoch,3,4,confidence,0.5469567378540796
amazon_ratings,GeneralSheaf,true,5,5,best-epoch,4,4,confidence,0.6570671634492685
amazon_ratings,GeneralSheaf,true,5,5,best-epoch,5,4,confidence,0.7227077507121467
amazon_ratings,GeneralSheaf,true,5,5,best-epoch,0,4,saliency,0.2237287111097727
amazon_ratings,GeneralSheaf,true,5,5,best-epoch,1,4,saliency,0.2752676163672551
amazon_ratings,GeneralSheaf,true,5,5,best-epoch,2,4,saliency,0.31435783329723826
amazon_ratings,GeneralSheaf,true,5,5,best-epoch,3,4,saliency,0.34722583770073073
amazon_ratings,GeneralSheaf,true,5,5,best-epoch,4,4,saliency,0.3617170693607928
amazon_ratings,GeneralSheaf,true,5,5,best-epoch,5,4,saliency,0.33941617719209133
amazon_ratings,GeneralSheaf,true,5,5,best-epoch,0,4,cohens_d_train,0.38838845
amazon_ratings,GeneralSheaf,true,5,5,best-epoch,1,4,cohens_d_train,0.42828092
amazon_ratings,GeneralSheaf,true,5,5,best-epoch,2,4,cohens_d_train,0.46598482
amazon_ratings,GeneralSheaf,true,5,5,best-epoch,3,4,cohens_d_train,0.49362278
amazon_ratings,GeneralSheaf,true,5,5,best-epoch,4,4,cohens_d_train,0.5257246
amazon_ratings,GeneralSheaf,true,5,5,best-epoch,5,4,cohens_d_train,0.5372409
amazon_ratings,GeneralSheaf,true,5,5,best-epoch,0,4,cohens_d_test,0.1519699
amazon_ratings,GeneralSheaf,true,5,5,best-epoch,1,4,cohens_d_test,0.15835091
amazon_ratings,GeneralSheaf,true,5,5,best-epoch,2,4,cohens_d_test,0.16973159
amazon_ratings,GeneralSheaf,true,5,5,best-epoch,3,4,cohens_d_test,0.18715228
amazon_ratings,GeneralSheaf,true,5,5,best-epoch,4,4,cohens_d_test,0.21688643
amazon_ratings,GeneralSheaf,true,5,5,best-epoch,5,4,cohens_d_test,0.24947141
amazon_ratings,GeneralSheaf,true,5,5,best-epoch,0,5,degree,-0.021102364806150194
amazon_ratings,GeneralSheaf,true,5,5,best-epoch,1,5,degree,0.0850094835327679
amazon_ratings,GeneralSheaf,true,5,5,best-epoch,2,5,degree,0.10967788048777433
amazon_ratings,GeneralSheaf,true,5,5,best-epoch,3,5,degree,0.1648424955020692
amazon_ratings,GeneralSheaf,true,5,5,best-epoch,4,5,degree,0.18426705761008366
amazon_ratings,GeneralSheaf,true,5,5,best-epoch,5,5,degree,0.16789569585112218
amazon_ratings,GeneralSheaf,true,5,5,best-epoch,0,5,betweenness,0.04733851834796842
amazon_ratings,GeneralSheaf,true,5,5,best-epoch,1,5,betweenness,0.09802523646826929
amazon_ratings,GeneralSheaf,true,5,5,best-epoch,2,5,betweenness,0.11535729156117576
amazon_ratings,GeneralSheaf,true,5,5,best-epoch,3,5,betweenness,0.15944069306073747
amazon_ratings,GeneralSheaf,true,5,5,best-epoch,4,5,betweenness,0.195704098961288
amazon_ratings,GeneralSheaf,true,5,5,best-epoch,5,5,betweenness,0.20964488762777367
amazon_ratings,GeneralSheaf,true,5,5,best-epoch,0,5,confidence,0.39693006264092556
amazon_ratings,GeneralSheaf,true,5,5,best-epoch,1,5,confidence,0.44568124002531767
amazon_ratings,GeneralSheaf,true,5,5,best-epoch,2,5,confidence,0.4726634654265406
amazon_ratings,GeneralSheaf,true,5,5,best-epoch,3,5,confidence,0.5464393611178294
amazon_ratings,GeneralSheaf,true,5,5,best-epoch,4,5,confidence,0.6611180089656575
amazon_ratings,GeneralSheaf,true,5,5,best-epoch,5,5,confidence,0.7089438135063822
amazon_ratings,GeneralSheaf,true,5,5,best-epoch,0,5,saliency,0.20488114563181853
amazon_ratings,GeneralSheaf,true,5,5,best-epoch,1,5,saliency,0.27174740314384443
amazon_ratings,GeneralSheaf,true,5,5,best-epoch,2,5,saliency,0.2903973799468133
amazon_ratings,GeneralSheaf,true,5,5,best-epoch,3,5,saliency,0.31574731575102905
amazon_ratings,GeneralSheaf,true,5,5,best-epoch,4,5,saliency,0.3075484992901801
amazon_ratings,GeneralSheaf,true,5,5,best-epoch,5,5,saliency,0.28805730519755485
amazon_ratings,GeneralSheaf,true,5,5,best-epoch,0,5,cohens_d_train,0.37462175
amazon_ratings,GeneralSheaf,true,5,5,best-epoch,1,5,cohens_d_train,0.4135576
amazon_ratings,GeneralSheaf,true,5,5,best-epoch,2,5,cohens_d_train,0.43774867
amazon_ratings,GeneralSheaf,true,5,5,best-epoch,3,5,cohens_d_train,0.48108461
amazon_ratings,GeneralSheaf,true,5,5,best-epoch,4,5,cohens_d_train,0.52342826
amazon_ratings,GeneralSheaf,true,5,5,best-epoch,5,5,cohens_d_train,0.5580501
amazon_ratings,GeneralSheaf,true,5,5,best-epoch,0,5,cohens_d_test,0.13833621
amazon_ratings,GeneralSheaf,true,5,5,best-epoch,1,5,cohens_d_test,0.12751819
amazon_ratings,GeneralSheaf,true,5,5,best-epoch,2,5,cohens_d_test,0.1329687
amazon_ratings,GeneralSheaf,true,5,5,best-epoch,3,5,cohens_d_test,0.14857605
amazon_ratings,GeneralSheaf,true,5,5,best-epoch,4,5,cohens_d_test,0.19068632
amazon_ratings,GeneralSheaf,true,5,5,best-epoch,5,5,cohens_d_test,0.23489067
amazon_ratings,GeneralSheaf,true,5,5,best-epoch,0,6,degree,-0.01589219740659678
amazon_ratings,GeneralSheaf,true,5,5,best-epoch,1,6,degree,0.08003556379676828
amazon_ratings,GeneralSheaf,true,5,5,best-epoch,2,6,degree,0.13793507140774064
amazon_ratings,GeneralSheaf,true,5,5,best-epoch,3,6,degree,0.18890297617213836
amazon_ratings,GeneralSheaf,true,5,5,best-epoch,4,6,degree,0.16925147391244086
amazon_ratings,GeneralSheaf,true,5,5,best-epoch,5,6,degree,0.1740215387779608
amazon_ratings,GeneralSheaf,true,5,5,best-epoch,0,6,betweenness,0.03830321074962256
amazon_ratings,GeneralSheaf,true,5,5,best-epoch,1,6,betweenness,0.08084625917470101
amazon_ratings,GeneralSheaf,true,5,5,best-epoch,2,6,betweenness,0.12265649642103581
amazon_ratings,GeneralSheaf,true,5,5,best-epoch,3,6,betweenness,0.17245250108562962
amazon_ratings,GeneralSheaf,true,5,5,best-epoch,4,6,betweenness,0.18995530798792676
amazon_ratings,GeneralSheaf,true,5,5,best-epoch,5,6,betweenness,0.20831104805071995
amazon_ratings,GeneralSheaf,true,5,5,best-epoch,0,6,confidence,0.4164918372428615
amazon_ratings,GeneralSheaf,true,5,5,best-epoch,1,6,confidence,0.44998571994222974
amazon_ratings,GeneralSheaf,true,5,5,best-epoch,2,6,confidence,0.5068317101602283
amazon_ratings,GeneralSheaf,true,5,5,best-epoch,3,6,confidence,0.5924733917327771
amazon_ratings,GeneralSheaf,true,5,5,best-epoch,4,6,confidence,0.6713218667523541
amazon_ratings,GeneralSheaf,true,5,5,best-epoch,5,6,confidence,0.7272815547749897
amazon_ratings,GeneralSheaf,true,5,5,best-epoch,0,6,saliency,0.16404830195698566
amazon_ratings,GeneralSheaf,true,5,5,best-epoch,1,6,saliency,0.2218222525722683
amazon_ratings,GeneralSheaf,true,5,5,best-epoch,2,6,saliency,0.25972397815507214
amazon_ratings,GeneralSheaf,true,5,5,best-epoch,3,6,saliency,0.27664951791349063
amazon_ratings,GeneralSheaf,true,5,5,best-epoch,4,6,saliency,0.2496851192003511
amazon_ratings,GeneralSheaf,true,5,5,best-epoch,5,6,saliency,0.220679703011157
amazon_ratings,GeneralSheaf,true,5,5,best-epoch,0,6,cohens_d_train,0.42311805
amazon_ratings,GeneralSheaf,true,5,5,best-epoch,1,6,cohens_d_train,0.4561491
amazon_ratings,GeneralSheaf,true,5,5,best-epoch,2,6,cohens_d_train,0.4843942
amazon_ratings,GeneralSheaf,true,5,5,best-epoch,3,6,cohens_d_train,0.50376123
amazon_ratings,GeneralSheaf,true,5,5,best-epoch,4,6,cohens_d_train,0.54520154
amazon_ratings,GeneralSheaf,true,5,5,best-epoch,5,6,cohens_d_train,0.57547843
amazon_ratings,GeneralSheaf,true,5,5,best-epoch,0,6,cohens_d_test,0.10364848
amazon_ratings,GeneralSheaf,true,5,5,best-epoch,1,6,cohens_d_test,0.10235202
amazon_ratings,GeneralSheaf,true,5,5,best-epoch,2,6,cohens_d_test,0.11219833
amazon_ratings,GeneralSheaf,true,5,5,best-epoch,3,6,cohens_d_test,0.13651846
amazon_ratings,GeneralSheaf,true,5,5,best-epoch,4,6,cohens_d_test,0.18092497
amazon_ratings,GeneralSheaf,true,5,5,best-epoch,5,6,cohens_d_test,0.22131547
amazon_ratings,GeneralSheaf,true,5,5,best-epoch,0,7,degree,-0.017403998485786994
amazon_ratings,GeneralSheaf,true,5,5,best-epoch,1,7,degree,0.08050426752362799
amazon_ratings,GeneralSheaf,true,5,5,best-epoch,2,7,degree,0.15691615879471982
amazon_ratings,GeneralSheaf,true,5,5,best-epoch,3,7,degree,0.21484721987921115
amazon_ratings,GeneralSheaf,true,5,5,best-epoch,4,7,degree,0.21994346358129963
amazon_ratings,GeneralSheaf,true,5,5,best-epoch,5,7,degree,0.20169966054970903
amazon_ratings,GeneralSheaf,true,5,5,best-epoch,0,7,betweenness,0.03886392855159443
amazon_ratings,GeneralSheaf,true,5,5,best-epoch,1,7,betweenness,0.08887002052985951
amazon_ratings,GeneralSheaf,true,5,5,best-epoch,2,7,betweenness,0.12975918871076436
amazon_ratings,GeneralSheaf,true,5,5,best-epoch,3,7,betweenness,0.1806682195085446
amazon_ratings,GeneralSheaf,true,5,5,best-epoch,4,7,betweenness,0.2134970760538174
amazon_ratings,GeneralSheaf,true,5,5,best-epoch,5,7,betweenness,0.22924317012067275
amazon_ratings,GeneralSheaf,true,5,5,best-epoch,0,7,confidence,0.36326118770077787
amazon_ratings,GeneralSheaf,true,5,5,best-epoch,1,7,confidence,0.3996963622397626
amazon_ratings,GeneralSheaf,true,5,5,best-epoch,2,7,confidence,0.4399308759538202
amazon_ratings,GeneralSheaf,true,5,5,best-epoch,3,7,confidence,0.5383403486810142
amazon_ratings,GeneralSheaf,true,5,5,best-epoch,4,7,confidence,0.6445503813918662
amazon_ratings,GeneralSheaf,true,5,5,best-epoch,5,7,confidence,0.7343721517732131
amazon_ratings,GeneralSheaf,true,5,5,best-epoch,0,7,saliency,0.17575558484453008
amazon_ratings,GeneralSheaf,true,5,5,best-epoch,1,7,saliency,0.24645807336364647
amazon_ratings,GeneralSheaf,true,5,5,best-epoch,2,7,saliency,0.2976325587470391
amazon_ratings,GeneralSheaf,true,5,5,best-epoch,3,7,saliency,0.3290539027793597
amazon_ratings,GeneralSheaf,true,5,5,best-epoch,4,7,saliency,0.3172065549533124
amazon_ratings,GeneralSheaf,true,5,5,best-epoch,5,7,saliency,0.2852916416563501
amazon_ratings,GeneralSheaf,true,5,5,best-epoch,0,7,cohens_d_train,0.3508675
amazon_ratings,GeneralSheaf,true,5,5,best-epoch,1,7,cohens_d_train,0.37648186
amazon_ratings,GeneralSheaf,true,5,5,best-epoch,2,7,cohens_d_train,0.4015582
amazon_ratings,GeneralSheaf,true,5,5,best-epoch,3,7,cohens_d_train,0.43848264
amazon_ratings,GeneralSheaf,true,5,5,best-epoch,4,7,cohens_d_train,0.473649
amazon_ratings,GeneralSheaf,true,5,5,best-epoch,5,7,cohens_d_train,0.5095505
amazon_ratings,GeneralSheaf,true,5,5,best-epoch,0,7,cohens_d_test,0.123818785
amazon_ratings,GeneralSheaf,true,5,5,best-epoch,1,7,cohens_d_test,0.12941757
amazon_ratings,GeneralSheaf,true,5,5,best-epoch,2,7,cohens_d_test,0.13819054
amazon_ratings,GeneralSheaf,true,5,5,best-epoch,3,7,cohens_d_test,0.1728717
amazon_ratings,GeneralSheaf,true,5,5,best-epoch,4,7,cohens_d_test,0.21725053
amazon_ratings,GeneralSheaf,true,5,5,best-epoch,5,7,cohens_d_test,0.27083343
amazon_ratings,GeneralSheaf,true,5,5,best-epoch,0,8,degree,-0.014531432186024347
amazon_ratings,GeneralSheaf,true,5,5,best-epoch,1,8,degree,0.11557684959660232
amazon_ratings,GeneralSheaf,true,5,5,best-epoch,2,8,degree,0.15688250609670928
amazon_ratings,GeneralSheaf,true,5,5,best-epoch,3,8,degree,0.1842800428648184
amazon_ratings,GeneralSheaf,true,5,5,best-epoch,4,8,degree,0.20400240418945736
amazon_ratings,GeneralSheaf,true,5,5,best-epoch,5,8,degree,0.1868033358187747
amazon_ratings,GeneralSheaf,true,5,5,best-epoch,0,8,betweenness,0.0405917577922265
amazon_ratings,GeneralSheaf,true,5,5,best-epoch,1,8,betweenness,0.0973309703453989
amazon_ratings,GeneralSheaf,true,5,5,best-epoch,2,8,betweenness,0.12775642456529582
amazon_ratings,GeneralSheaf,true,5,5,best-epoch,3,8,betweenness,0.1611611348053387
amazon_ratings,GeneralSheaf,true,5,5,best-epoch,4,8,betweenness,0.20232938314768578
amazon_ratings,GeneralSheaf,true,5,5,best-epoch,5,8,betweenness,0.22302634001381783
amazon_ratings,GeneralSheaf,true,5,5,best-epoch,0,8,confidence,0.41878268157412313
amazon_ratings,GeneralSheaf,true,5,5,best-epoch,1,8,confidence,0.4510666455497049
amazon_ratings,GeneralSheaf,true,5,5,best-epoch,2,8,confidence,0.49416665956325156
amazon_ratings,GeneralSheaf,true,5,5,best-epoch,3,8,confidence,0.5581362872198453
amazon_ratings,GeneralSheaf,true,5,5,best-epoch,4,8,confidence,0.67319693639249
amazon_ratings,GeneralSheaf,true,5,5,best-epoch,5,8,confidence,0.7351913886085211
amazon_ratings,GeneralSheaf,true,5,5,best-epoch,0,8,saliency,0.24630862975121195
amazon_ratings,GeneralSheaf,true,5,5,best-epoch,1,8,saliency,0.3322714934279751
amazon_ratings,GeneralSheaf,true,5,5,best-epoch,2,8,saliency,0.3563897598225734
amazon_ratings,GeneralSheaf,true,5,5,best-epoch,3,8,saliency,0.3718364252165965
amazon_ratings,GeneralSheaf,true,5,5,best-epoch,4,8,saliency,0.3522219256653106
amazon_ratings,GeneralSheaf,true,5,5,best-epoch,5,8,saliency,0.32972400810603375
amazon_ratings,GeneralSheaf,true,5,5,best-epoch,0,8,cohens_d_train,0.4492716
amazon_ratings,GeneralSheaf,true,5,5,best-epoch,1,8,cohens_d_train,0.48988035
amazon_ratings,GeneralSheaf,true,5,5,best-epoch,2,8,cohens_d_train,0.5160571
amazon_ratings,GeneralSheaf,true,5,5,best-epoch,3,8,cohens_d_train,0.53833145
amazon_ratings,GeneralSheaf,true,5,5,best-epoch,4,8,cohens_d_train,0.5737365
amazon_ratings,GeneralSheaf,true,5,5,best-epoch,5,8,cohens_d_train,0.6051931
amazon_ratings,GeneralSheaf,true,5,5,best-epoch,0,8,cohens_d_test,0.10310434
amazon_ratings,GeneralSheaf,true,5,5,best-epoch,1,8,cohens_d_test,0.08923885
amazon_ratings,GeneralSheaf,true,5,5,best-epoch,2,8,cohens_d_test,0.09545076
amazon_ratings,GeneralSheaf,true,5,5,best-epoch,3,8,cohens_d_test,0.10798109
amazon_ratings,GeneralSheaf,true,5,5,best-epoch,4,8,cohens_d_test,0.15011302
amazon_ratings,GeneralSheaf,true,5,5,best-epoch,5,8,cohens_d_test,0.18422548
amazon_ratings,GeneralSheaf,true,5,5,best-epoch,0,9,degree,-0.010968566219437374
amazon_ratings,GeneralSheaf,true,5,5,best-epoch,1,9,degree,0.09200893472009095
amazon_ratings,GeneralSheaf,true,5,5,best-epoch,2,9,degree,0.16028161276746267
amazon_ratings,GeneralSheaf,true,5,5,best-epoch,3,9,degree,0.19054304942251815
amazon_ratings,GeneralSheaf,true,5,5,best-epoch,4,9,degree,0.2241801191036951
amazon_ratings,GeneralSheaf,true,5,5,best-epoch,5,9,degree,0.21368326029509802
amazon_ratings,GeneralSheaf,true,5,5,best-epoch,0,9,betweenness,0.03837204722338051
amazon_ratings,GeneralSheaf,true,5,5,best-epoch,1,9,betweenness,0.08836796660695379
amazon_ratings,GeneralSheaf,true,5,5,best-epoch,2,9,betweenness,0.1305812230632252
amazon_ratings,GeneralSheaf,true,5,5,best-epoch,3,9,betweenness,0.14691057666645765
amazon_ratings,GeneralSheaf,true,5,5,best-epoch,4,9,betweenness,0.18588073119289936
amazon_ratings,GeneralSheaf,true,5,5,best-epoch,5,9,betweenness,0.21365091011826406
amazon_ratings,GeneralSheaf,true,5,5,best-epoch,0,9,confidence,0.36868783928514676
amazon_ratings,GeneralSheaf,true,5,5,best-epoch,1,9,confidence,0.40202921562903193
amazon_ratings,GeneralSheaf,true,5,5,best-epoch,2,9,confidence,0.4652878229055915
amazon_ratings,GeneralSheaf,true,5,5,best-epoch,3,9,confidence,0.4921573791626849
amazon_ratings,GeneralSheaf,true,5,5,best-epoch,4,9,confidence,0.5988751590925607
amazon_ratings,GeneralSheaf,true,5,5,best-epoch,5,9,confidence,0.7147438732864057
amazon_ratings,GeneralSheaf,true,5,5,best-epoch,0,9,saliency,0.1644895169397215
amazon_ratings,GeneralSheaf,true,5,5,best-epoch,1,9,saliency,0.22341824423970522
amazon_ratings,GeneralSheaf,true,5,5,best-epoch,2,9,saliency,0.2574758825219208
amazon_ratings,GeneralSheaf,true,5,5,best-epoch,3,9,saliency,0.2631262623775042
amazon_ratings,GeneralSheaf,true,5,5,best-epoch,4,9,saliency,0.24648458489704034
amazon_ratings,GeneralSheaf,true,5,5,best-epoch,5,9,saliency,0.20517646453807714
amazon_ratings,GeneralSheaf,true,5,5,best-epoch,0,9,cohens_d_train,0.41217017
amazon_ratings,GeneralSheaf,true,5,5,best-epoch,1,9,cohens_d_train,0.4466637
amazon_ratings,GeneralSheaf,true,5,5,best-epoch,2,9,cohens_d_train,0.48703033
amazon_ratings,GeneralSheaf,true,5,5,best-epoch,3,9,cohens_d_train,0.49416384
amazon_ratings,GeneralSheaf,true,5,5,best-epoch,4,9,cohens_d_train,0.52737004
amazon_ratings,GeneralSheaf,true,5,5,best-epoch,5,9,cohens_d_train,0.57329226
amazon_ratings,GeneralSheaf,true,5,5,best-epoch,0,9,cohens_d_test,0.10050528
amazon_ratings,GeneralSheaf,true,5,5,best-epoch,1,9,cohens_d_test,0.1032403
amazon_ratings,GeneralSheaf,true,5,5,best-epoch,2,9,cohens_d_test,0.12570517
amazon_ratings,GeneralSheaf,true,5,5,best-epoch,3,9,cohens_d_test,0.1354742
amazon_ratings,GeneralSheaf,true,5,5,best-epoch,4,9,cohens_d_test,0.17352213
amazon_ratings,GeneralSheaf,true,5,5,best-epoch,5,9,cohens_d_test,0.24151596
amazon_ratings,GeneralSheaf,true,5,5,last,0,0,degree,-0.015078524128943414
amazon_ratings,GeneralSheaf,true,5,5,last,1,0,degree,0.10351325484328366
amazon_ratings,GeneralSheaf,true,5,5,last,2,0,degree,0.13325047364072526
amazon_ratings,GeneralSheaf,true,5,5,last,3,0,degree,0.18291518111788435
amazon_ratings,GeneralSheaf,true,5,5,last,4,0,degree,0.21435432874727026
amazon_ratings,GeneralSheaf,true,5,5,last,5,0,degree,0.20562231621463106
amazon_ratings,GeneralSheaf,true,5,5,last,0,0,betweenness,0.03767454967227407
amazon_ratings,GeneralSheaf,true,5,5,last,1,0,betweenness,0.09121070078614245
amazon_ratings,GeneralSheaf,true,5,5,last,2,0,betweenness,0.11083421917696186
amazon_ratings,GeneralSheaf,true,5,5,last,3,0,betweenness,0.1500078935998164
amazon_ratings,GeneralSheaf,true,5,5,last,4,0,betweenness,0.19642731288974355
amazon_ratings,GeneralSheaf,true,5,5,last,5,0,betweenness,0.2203416594179508
amazon_ratings,GeneralSheaf,true,5,5,last,0,0,confidence,0.3516724091515985
amazon_ratings,GeneralSheaf,true,5,5,last,1,0,confidence,0.3897955551454421
amazon_ratings,GeneralSheaf,true,5,5,last,2,0,confidence,0.413957382421893
amazon_ratings,GeneralSheaf,true,5,5,last,3,0,confidence,0.4677383688148341
amazon_ratings,GeneralSheaf,true,5,5,last,4,0,confidence,0.5954704854169416
amazon_ratings,GeneralSheaf,true,5,5,last,5,0,confidence,0.7071122961973472
amazon_ratings,GeneralSheaf,true,5,5,last,0,0,saliency,0.1964089338359695
amazon_ratings,GeneralSheaf,true,5,5,last,1,0,saliency,0.2575829274291957
amazon_ratings,GeneralSheaf,true,5,5,last,2,0,saliency,0.271018952038719
amazon_ratings,GeneralSheaf,true,5,5,last,3,0,saliency,0.2903469675711174
amazon_ratings,GeneralSheaf,true,5,5,last,4,0,saliency,0.29268462454684613
amazon_ratings,GeneralSheaf,true,5,5,last,5,0,saliency,0.25590652985418444
amazon_ratings,GeneralSheaf,true,5,5,last,0,0,cohens_d_train,0.41693097
amazon_ratings,GeneralSheaf,true,5,5,last,1,0,cohens_d_train,0.4500193
amazon_ratings,GeneralSheaf,true,5,5,last,2,0,cohens_d_train,0.46780744
amazon_ratings,GeneralSheaf,true,5,5,last,3,0,cohens_d_train,0.49114907
amazon_ratings,GeneralSheaf,true,5,5,last,4,0,cohens_d_train,0.54215014
amazon_ratings,GeneralSheaf,true,5,5,last,5,0,cohens_d_train,0.57139885
amazon_ratings,GeneralSheaf,true,5,5,last,0,0,cohens_d_test,0.091578156
amazon_ratings,GeneralSheaf,true,5,5,last,1,0,cohens_d_test,0.09209591
amazon_ratings,GeneralSheaf,true,5,5,last,2,0,cohens_d_test,0.0992235
amazon_ratings,GeneralSheaf,true,5,5,last,3,0,cohens_d_test,0.12015535
amazon_ratings,GeneralSheaf,true,5,5,last,4,0,cohens_d_test,0.18620147
amazon_ratings,GeneralSheaf,true,5,5,last,5,0,cohens_d_test,0.25007397
amazon_ratings,GeneralSheaf,true,5,5,last,0,1,degree,-0.013053690608019771
amazon_ratings,GeneralSheaf,true,5,5,last,1,1,degree,0.18477576144163585
amazon_ratings,GeneralSheaf,true,5,5,last,2,1,degree,0.20192873327554547
amazon_ratings,GeneralSheaf,true,5,5,last,3,1,degree,0.23330776163672515
amazon_ratings,GeneralSheaf,true,5,5,last,4,1,degree,0.22227234066621063
amazon_ratings,GeneralSheaf,true,5,5,last,5,1,degree,0.2392084847028442
amazon_ratings,GeneralSheaf,true,5,5,last,0,1,betweenness,0.037957772809470484
amazon_ratings,GeneralSheaf,true,5,5,last,1,1,betweenness,0.126333801605622
amazon_ratings,GeneralSheaf,true,5,5,last,2,1,betweenness,0.15287793304431513
amazon_ratings,GeneralSheaf,true,5,5,last,3,1,betweenness,0.18392192934988558
amazon_ratings,GeneralSheaf,true,5,5,last,4,1,betweenness,0.2002651434583566
amazon_ratings,GeneralSheaf,true,5,5,last,5,1,betweenness,0.2272999625662007
amazon_ratings,GeneralSheaf,true,5,5,last,0,1,confidence,0.38351983854810967
amazon_ratings,GeneralSheaf,true,5,5,last,1,1,confidence,0.44840309284427243
amazon_ratings,GeneralSheaf,true,5,5,last,2,1,confidence,0.5086134177551377
amazon_ratings,GeneralSheaf,true,5,5,last,3,1,confidence,0.5723689369258002
amazon_ratings,GeneralSheaf,true,5,5,last,4,1,confidence,0.6235587754159858
amazon_ratings,GeneralSheaf,true,5,5,last,5,1,confidence,0.6921628736843743
amazon_ratings,GeneralSheaf,true,5,5,last,0,1,saliency,0.15297814039250113
amazon_ratings,GeneralSheaf,true,5,5,last,1,1,saliency,0.24131042202223296
amazon_ratings,GeneralSheaf,true,5,5,last,2,1,saliency,0.23767380512897157
amazon_ratings,GeneralSheaf,true,5,5,last,3,1,saliency,0.2386333010925759
amazon_ratings,GeneralSheaf,true,5,5,last,4,1,saliency,0.23593904759126116
amazon_ratings,GeneralSheaf,true,5,5,last,5,1,saliency,0.2134495865229035
amazon_ratings,GeneralSheaf,true,5,5,last,0,1,cohens_d_train,0.42689714
amazon_ratings,GeneralSheaf,true,5,5,last,1,1,cohens_d_train,0.48436266
amazon_ratings,GeneralSheaf,true,5,5,last,2,1,cohens_d_train,0.5168631
amazon_ratings,GeneralSheaf,true,5,5,last,3,1,cohens_d_train,0.5417736
amazon_ratings,GeneralSheaf,true,5,5,last,4,1,cohens_d_train,0.5684319
amazon_ratings,GeneralSheaf,true,5,5,last,5,1,cohens_d_train,0.58725333
amazon_ratings,GeneralSheaf,true,5,5,last,0,1,cohens_d_test,0.1396109
amazon_ratings,GeneralSheaf,true,5,5,last,1,1,cohens_d_test,0.13906677
amazon_ratings,GeneralSheaf,true,5,5,last,2,1,cohens_d_test,0.16473396
amazon_ratings,GeneralSheaf,true,5,5,last,3,1,cohens_d_test,0.19351369
amazon_ratings,GeneralSheaf,true,5,5,last,4,1,cohens_d_test,0.22735766
amazon_ratings,GeneralSheaf,true,5,5,last,5,1,cohens_d_test,0.26497832
amazon_ratings,GeneralSheaf,true,5,5,last,0,2,degree,-0.01983106252632665
amazon_ratings,GeneralSheaf,true,5,5,last,1,2,degree,0.06613451886937687
amazon_ratings,GeneralSheaf,true,5,5,last,2,2,degree,0.10836684168404831
amazon_ratings,GeneralSheaf,true,5,5,last,3,2,degree,0.15783198394293893
amazon_ratings,GeneralSheaf,true,5,5,last,4,2,degree,0.19017353114447777
amazon_ratings,GeneralSheaf,true,5,5,last,5,2,degree,0.1833560388589471
amazon_ratings,GeneralSheaf,true,5,5,last,0,2,betweenness,0.036028627247280134
amazon_ratings,GeneralSheaf,true,5,5,last,1,2,betweenness,0.0795128043710562
amazon_ratings,GeneralSheaf,true,5,5,last,2,2,betweenness,0.09792869019962891
amazon_ratings,GeneralSheaf,true,5,5,last,3,2,betweenness,0.13835808838687694
amazon_ratings,GeneralSheaf,true,5,5,last,4,2,betweenness,0.18335163321787712
amazon_ratings,GeneralSheaf,true,5,5,last,5,2,betweenness,0.21267591514026632
amazon_ratings,GeneralSheaf,true,5,5,last,0,2,confidence,0.41521100367810093
amazon_ratings,GeneralSheaf,true,5,5,last,1,2,confidence,0.45401468969493125
amazon_ratings,GeneralSheaf,true,5,5,last,2,2,confidence,0.4691851075416437
amazon_ratings,GeneralSheaf,true,5,5,last,3,2,confidence,0.532846087891576
amazon_ratings,GeneralSheaf,true,5,5,last,4,2,confidence,0.6230003194640842
amazon_ratings,GeneralSheaf,true,5,5,last,5,2,confidence,0.7075172281168339
amazon_ratings,GeneralSheaf,true,5,5,last,0,2,saliency,0.21101006174639184
amazon_ratings,GeneralSheaf,true,5,5,last,1,2,saliency,0.2736535014189472
amazon_ratings,GeneralSheaf,true,5,5,last,2,2,saliency,0.2972025532768039
amazon_ratings,GeneralSheaf,true,5,5,last,3,2,saliency,0.3230012000057698
amazon_ratings,GeneralSheaf,true,5,5,last,4,2,saliency,0.32365765526642254
amazon_ratings,GeneralSheaf,true,5,5,last,5,2,saliency,0.28526136451782286
amazon_ratings,GeneralSheaf,true,5,5,last,0,2,cohens_d_train,0.41232476
amazon_ratings,GeneralSheaf,true,5,5,last,1,2,cohens_d_train,0.45308328
amazon_ratings,GeneralSheaf,true,5,5,last,2,2,cohens_d_train,0.4668642
amazon_ratings,GeneralSheaf,true,5,5,last,3,2,cohens_d_train,0.50177586
amazon_ratings,GeneralSheaf,true,5,5,last,4,2,cohens_d_train,0.5441393
amazon_ratings,GeneralSheaf,true,5,5,last,5,2,cohens_d_train,0.5761435
amazon_ratings,GeneralSheaf,true,5,5,last,0,2,cohens_d_test,0.11644022
amazon_ratings,GeneralSheaf,true,5,5,last,1,2,cohens_d_test,0.11429362
amazon_ratings,GeneralSheaf,true,5,5,last,2,2,cohens_d_test,0.10344564
amazon_ratings,GeneralSheaf,true,5,5,last,3,2,cohens_d_test,0.10426672
amazon_ratings,GeneralSheaf,true,5,5,last,4,2,cohens_d_test,0.12989323
amazon_ratings,GeneralSheaf,true,5,5,last,5,2,cohens_d_test,0.17308684
amazon_ratings,GeneralSheaf,true,5,5,last,0,3,degree,-0.010307584467218946
amazon_ratings,GeneralSheaf,true,5,5,last,1,3,degree,0.07344385272836144
amazon_ratings,GeneralSheaf,true,5,5,last,2,3,degree,0.2683207225716261
amazon_ratings,GeneralSheaf,true,5,5,last,3,3,degree,0.32121979602250517
amazon_ratings,GeneralSheaf,true,5,5,last,4,3,degree,0.3059294025741096
amazon_ratings,GeneralSheaf,true,5,5,last,5,3,degree,0.255590178292833
amazon_ratings,GeneralSheaf,true,5,5,last,0,3,betweenness,0.038672104542722206
amazon_ratings,GeneralSheaf,true,5,5,last,1,3,betweenness,0.0845851163032556
amazon_ratings,GeneralSheaf,true,5,5,last,2,3,betweenness,0.14548323020800835
amazon_ratings,GeneralSheaf,true,5,5,last,3,3,betweenness,0.19879581479215294
amazon_ratings,GeneralSheaf,true,5,5,last,4,3,betweenness,0.2330150491678883
amazon_ratings,GeneralSheaf,true,5,5,last,5,3,betweenness,0.2399253655231173
amazon_ratings,GeneralSheaf,true,5,5,last,0,3,confidence,0.35301875175286906
amazon_ratings,GeneralSheaf,true,5,5,last,1,3,confidence,0.38828463406580715
amazon_ratings,GeneralSheaf,true,5,5,last,2,3,confidence,0.36436089236336466
amazon_ratings,GeneralSheaf,true,5,5,last,3,3,confidence,0.4550393325378066
amazon_ratings,GeneralSheaf,true,5,5,last,4,3,confidence,0.5614468038590007
amazon_ratings,GeneralSheaf,true,5,5,last,5,3,confidence,0.6346047772337551
amazon_ratings,GeneralSheaf,true,5,5,last,0,3,saliency,0.152303420933735
amazon_ratings,GeneralSheaf,true,5,5,last,1,3,saliency,0.20467285227934237
amazon_ratings,GeneralSheaf,true,5,5,last,2,3,saliency,0.2917698997151254
amazon_ratings,GeneralSheaf,true,5,5,last,3,3,saliency,0.32487215984441914
amazon_ratings,GeneralSheaf,true,5,5,last,4,3,saliency,0.3131541525681029
amazon_ratings,GeneralSheaf,true,5,5,last,5,3,saliency,0.2822076188409052
amazon_ratings,GeneralSheaf,true,5,5,last,0,3,cohens_d_train,0.41362736
amazon_ratings,GeneralSheaf,true,5,5,last,1,3,cohens_d_train,0.44252783
amazon_ratings,GeneralSheaf,true,5,5,last,2,3,cohens_d_train,0.4548618
amazon_ratings,GeneralSheaf,true,5,5,last,3,3,cohens_d_train,0.4997276
amazon_ratings,GeneralSheaf,true,5,5,last,4,3,cohens_d_train,0.5326584
amazon_ratings,GeneralSheaf,true,5,5,last,5,3,cohens_d_train,0.54765034
amazon_ratings,GeneralSheaf,true,5,5,last,0,3,cohens_d_test,0.13102266
amazon_ratings,GeneralSheaf,true,5,5,last,1,3,cohens_d_test,0.12729436
amazon_ratings,GeneralSheaf,true,5,5,last,2,3,cohens_d_test,0.08449226
amazon_ratings,GeneralSheaf,true,5,5,last,3,3,cohens_d_test,0.10398422
amazon_ratings,GeneralSheaf,true,5,5,last,4,3,cohens_d_test,0.14006792
amazon_ratings,GeneralSheaf,true,5,5,last,5,3,cohens_d_test,0.18801096
amazon_ratings,GeneralSheaf,true,5,5,last,0,4,degree,-0.017727953096742962
amazon_ratings,GeneralSheaf,true,5,5,last,1,4,degree,0.08270191344037348
amazon_ratings,GeneralSheaf,true,5,5,last,2,4,degree,0.13358314200259103
amazon_ratings,GeneralSheaf,true,5,5,last,3,4,degree,0.17899887175694232
amazon_ratings,GeneralSheaf,true,5,5,last,4,4,degree,0.21023970675529766
amazon_ratings,GeneralSheaf,true,5,5,last,5,4,degree,0.21685776610510962
amazon_ratings,GeneralSheaf,true,5,5,last,0,4,betweenness,0.04282358013943064
amazon_ratings,GeneralSheaf,true,5,5,last,1,4,betweenness,0.09214861468444857
amazon_ratings,GeneralSheaf,true,5,5,last,2,4,betweenness,0.12042307119436194
amazon_ratings,GeneralSheaf,true,5,5,last,3,4,betweenness,0.15870656795004207
amazon_ratings,GeneralSheaf,true,5,5,last,4,4,betweenness,0.19459804609491949
amazon_ratings,GeneralSheaf,true,5,5,last,5,4,betweenness,0.21535698692086627
amazon_ratings,GeneralSheaf,true,5,5,last,0,4,confidence,0.3757492790254231
amazon_ratings,GeneralSheaf,true,5,5,last,1,4,confidence,0.412916769097169
amazon_ratings,GeneralSheaf,true,5,5,last,2,4,confidence,0.4445603824212893
amazon_ratings,GeneralSheaf,true,5,5,last,3,4,confidence,0.5059359057930994
amazon_ratings,GeneralSheaf,true,5,5,last,4,4,confidence,0.598564441946646
amazon_ratings,GeneralSheaf,true,5,5,last,5,4,confidence,0.6681413806208126
amazon_ratings,GeneralSheaf,true,5,5,last,0,4,saliency,0.21959765704796333
amazon_ratings,GeneralSheaf,true,5,5,last,1,4,saliency,0.28686787963446053
amazon_ratings,GeneralSheaf,true,5,5,last,2,4,saliency,0.3067771979370091
amazon_ratings,GeneralSheaf,true,5,5,last,3,4,saliency,0.33104181386199233
amazon_ratings,GeneralSheaf,true,5,5,last,4,4,saliency,0.3217676946078729
amazon_ratings,GeneralSheaf,true,5,5,last,5,4,saliency,0.28657650906913995
amazon_ratings,GeneralSheaf,true,5,5,last,0,4,cohens_d_train,0.44711262
amazon_ratings,GeneralSheaf,true,5,5,last,1,4,cohens_d_train,0.47480154
amazon_ratings,GeneralSheaf,true,5,5,last,2,4,cohens_d_train,0.49099866
amazon_ratings,GeneralSheaf,true,5,5,last,3,4,cohens_d_train,0.5120373
amazon_ratings,GeneralSheaf,true,5,5,last,4,4,cohens_d_train,0.52841324
amazon_ratings,GeneralSheaf,true,5,5,last,5,4,cohens_d_train,0.5262573
amazon_ratings,GeneralSheaf,true,5,5,last,0,4,cohens_d_test,0.16331802
amazon_ratings,GeneralSheaf,true,5,5,last,1,4,cohens_d_test,0.15868819
amazon_ratings,GeneralSheaf,true,5,5,last,2,4,cohens_d_test,0.15726545
amazon_ratings,GeneralSheaf,true,5,5,last,3,4,cohens_d_test,0.16490887
amazon_ratings,GeneralSheaf,true,5,5,last,4,4,cohens_d_test,0.18337348
amazon_ratings,GeneralSheaf,true,5,5,last,5,4,cohens_d_test,0.207796
amazon_ratings,GeneralSheaf,true,5,5,last,0,5,degree,-0.015712503549051432
amazon_ratings,GeneralSheaf,true,5,5,last,1,5,degree,0.13331432846794622
amazon_ratings,GeneralSheaf,true,5,5,last,2,5,degree,0.15259353614750776
amazon_ratings,GeneralSheaf,true,5,5,last,3,5,degree,0.19264582255115445
amazon_ratings,GeneralSheaf,true,5,5,last,4,5,degree,0.21928465345777295
amazon_ratings,GeneralSheaf,true,5,5,last,5,5,degree,0.20131117783837466
amazon_ratings,GeneralSheaf,true,5,5,last,0,5,betweenness,0.04746281888737809
amazon_ratings,GeneralSheaf,true,5,5,last,1,5,betweenness,0.12232459384104998
amazon_ratings,GeneralSheaf,true,5,5,last,2,5,betweenness,0.13445116728209516
amazon_ratings,GeneralSheaf,true,5,5,last,3,5,betweenness,0.16543262891184443
amazon_ratings,GeneralSheaf,true,5,5,last,4,5,betweenness,0.2029757065202319
amazon_ratings,GeneralSheaf,true,5,5,last,5,5,betweenness,0.21908364649595896
amazon_ratings,GeneralSheaf,true,5,5,last,0,5,confidence,0.3634287618037339
amazon_ratings,GeneralSheaf,true,5,5,last,1,5,confidence,0.4337775639500222
amazon_ratings,GeneralSheaf,true,5,5,last,2,5,confidence,0.44906571270130385
amazon_ratings,GeneralSheaf,true,5,5,last,3,5,confidence,0.49678447595828523
amazon_ratings,GeneralSheaf,true,5,5,last,4,5,confidence,0.5909550301239173
amazon_ratings,GeneralSheaf,true,5,5,last,5,5,confidence,0.6676988957399171
amazon_ratings,GeneralSheaf,true,5,5,last,0,5,saliency,0.2213465626398039
amazon_ratings,GeneralSheaf,true,5,5,last,1,5,saliency,0.32348933748604414
amazon_ratings,GeneralSheaf,true,5,5,last,2,5,saliency,0.3122634872281819
amazon_ratings,GeneralSheaf,true,5,5,last,3,5,saliency,0.3067190458804594
amazon_ratings,GeneralSheaf,true,5,5,last,4,5,saliency,0.2888180652985726
amazon_ratings,GeneralSheaf,true,5,5,last,5,5,saliency,0.2557432120098559
amazon_ratings,GeneralSheaf,true,5,5,last,0,5,cohens_d_train,0.47421557
amazon_ratings,GeneralSheaf,true,5,5,last,1,5,cohens_d_train,0.52545196
amazon_ratings,GeneralSheaf,true,5,5,last,2,5,cohens_d_train,0.53894234
amazon_ratings,GeneralSheaf,true,5,5,last,3,5,cohens_d_train,0.5651459
amazon_ratings,GeneralSheaf,true,5,5,last,4,5,cohens_d_train,0.5878463
amazon_ratings,GeneralSheaf,true,5,5,last,5,5,cohens_d_train,0.6197622
amazon_ratings,GeneralSheaf,true,5,5,last,0,5,cohens_d_test,0.12080662
amazon_ratings,GeneralSheaf,true,5,5,last,1,5,cohens_d_test,0.11421158
amazon_ratings,GeneralSheaf,true,5,5,last,2,5,cohens_d_test,0.11234425
amazon_ratings,GeneralSheaf,true,5,5,last,3,5,cohens_d_test,0.122513995
amazon_ratings,GeneralSheaf,true,5,5,last,4,5,cohens_d_test,0.15566012
amazon_ratings,GeneralSheaf,true,5,5,last,5,5,cohens_d_test,0.21178818
amazon_ratings,GeneralSheaf,true,5,5,last,0,6,degree,-0.013704171864719257
amazon_ratings,GeneralSheaf,true,5,5,last,1,6,degree,0.09059087721811232
amazon_ratings,GeneralSheaf,true,5,5,last,2,6,degree,0.1401712928909695
amazon_ratings,GeneralSheaf,true,5,5,last,3,6,degree,0.18360305553533238
amazon_ratings,GeneralSheaf,true,5,5,last,4,6,degree,0.17638183449029549
amazon_ratings,GeneralSheaf,true,5,5,last,5,6,degree,0.1946653681532725
amazon_ratings,GeneralSheaf,true,5,5,last,0,6,betweenness,0.039104595907876634
amazon_ratings,GeneralSheaf,true,5,5,last,1,6,betweenness,0.09039826928690636
amazon_ratings,GeneralSheaf,true,5,5,last,2,6,betweenness,0.13053595441418508
amazon_ratings,GeneralSheaf,true,5,5,last,3,6,betweenness,0.17467263727849142
amazon_ratings,GeneralSheaf,true,5,5,last,4,6,betweenness,0.17971929462581945
amazon_ratings,GeneralSheaf,true,5,5,last,5,6,betweenness,0.1932887062477367
amazon_ratings,GeneralSheaf,true,5,5,last,0,6,confidence,0.4082365119072149
amazon_ratings,GeneralSheaf,true,5,5,last,1,6,confidence,0.4476936530384653
amazon_ratings,GeneralSheaf,true,5,5,last,2,6,confidence,0.503847213695622
amazon_ratings,GeneralSheaf,true,5,5,last,3,6,confidence,0.5779692682177794
amazon_ratings,GeneralSheaf,true,5,5,last,4,6,confidence,0.6356913860013756
amazon_ratings,GeneralSheaf,true,5,5,last,5,6,confidence,0.69076741462535
amazon_ratings,GeneralSheaf,true,5,5,last,0,6,saliency,0.1630511590472094
amazon_ratings,GeneralSheaf,true,5,5,last,1,6,saliency,0.23216898474455158
amazon_ratings,GeneralSheaf,true,5,5,last,2,6,saliency,0.2585688705400784
amazon_ratings,GeneralSheaf,true,5,5,last,3,6,saliency,0.26417776441177027
amazon_ratings,GeneralSheaf,true,5,5,last,4,6,saliency,0.23657992897852997
amazon_ratings,GeneralSheaf,true,5,5,last,5,6,saliency,0.20094407157060673
amazon_ratings,GeneralSheaf,true,5,5,last,0,6,cohens_d_train,0.4610119
amazon_ratings,GeneralSheaf,true,5,5,last,1,6,cohens_d_train,0.50426155
amazon_ratings,GeneralSheaf,true,5,5,last,2,6,cohens_d_train,0.54036427
amazon_ratings,GeneralSheaf,true,5,5,last,3,6,cohens_d_train,0.55924124
amazon_ratings,GeneralSheaf,true,5,5,last,4,6,cohens_d_train,0.58164
amazon_ratings,GeneralSheaf,true,5,5,last,5,6,cohens_d_train,0.6129876
amazon_ratings,GeneralSheaf,true,5,5,last,0,6,cohens_d_test,0.09021949
amazon_ratings,GeneralSheaf,true,5,5,last,1,6,cohens_d_test,0.09984039
amazon_ratings,GeneralSheaf,true,5,5,last,2,6,cohens_d_test,0.120773084
amazon_ratings,GeneralSheaf,true,5,5,last,3,6,cohens_d_test,0.1426213
amazon_ratings,GeneralSheaf,true,5,5,last,4,6,cohens_d_test,0.15891805
amazon_ratings,GeneralSheaf,true,5,5,last,5,6,cohens_d_test,0.18771303
amazon_ratings,GeneralSheaf,true,5,5,last,0,7,degree,-0.018010877121662373
amazon_ratings,GeneralSheaf,true,5,5,last,1,7,degree,0.09436897509593282
amazon_ratings,GeneralSheaf,true,5,5,last,2,7,degree,0.15876472107653203
amazon_ratings,GeneralSheaf,true,5,5,last,3,7,degree,0.21977580521570816
amazon_ratings,GeneralSheaf,true,5,5,last,4,7,degree,0.23459261791122318
amazon_ratings,GeneralSheaf,true,5,5,last,5,7,degree,0.23168409256662975
amazon_ratings,GeneralSheaf,true,5,5,last,0,7,betweenness,0.04196930875766882
amazon_ratings,GeneralSheaf,true,5,5,last,1,7,betweenness,0.09351517208396139
amazon_ratings,GeneralSheaf,true,5,5,last,2,7,betweenness,0.12943794440454431
amazon_ratings,GeneralSheaf,true,5,5,last,3,7,betweenness,0.18109355985353592
amazon_ratings,GeneralSheaf,true,5,5,last,4,7,betweenness,0.21832079731528609
amazon_ratings,GeneralSheaf,true,5,5,last,5,7,betweenness,0.2387534437921879
amazon_ratings,GeneralSheaf,true,5,5,last,0,7,confidence,0.34100733557081847
amazon_ratings,GeneralSheaf,true,5,5,last,1,7,confidence,0.35848046985372967
amazon_ratings,GeneralSheaf,true,5,5,last,2,7,confidence,0.3895328358408293
amazon_ratings,GeneralSheaf,true,5,5,last,3,7,confidence,0.47123038537457357
amazon_ratings,GeneralSheaf,true,5,5,last,4,7,confidence,0.5660060657513964
amazon_ratings,GeneralSheaf,true,5,5,last,5,7,confidence,0.6562803741048431
amazon_ratings,GeneralSheaf,true,5,5,last,0,7,saliency,0.1770856220903024
amazon_ratings,GeneralSheaf,true,5,5,last,1,7,saliency,0.24555078003926645
amazon_ratings,GeneralSheaf,true,5,5,last,2,7,saliency,0.2844834979008935
amazon_ratings,GeneralSheaf,true,5,5,last,3,7,saliency,0.30664154555831813
amazon_ratings,GeneralSheaf,true,5,5,last,4,7,saliency,0.29079306583533443
amazon_ratings,GeneralSheaf,true,5,5,last,5,7,saliency,0.2585162112092382
amazon_ratings,GeneralSheaf,true,5,5,last,0,7,cohens_d_train,0.40744507
amazon_ratings,GeneralSheaf,true,5,5,last,1,7,cohens_d_train,0.43273765
amazon_ratings,GeneralSheaf,true,5,5,last,2,7,cohens_d_train,0.46063885
amazon_ratings,GeneralSheaf,true,5,5,last,3,7,cohens_d_train,0.49248138
amazon_ratings,GeneralSheaf,true,5,5,last,4,7,cohens_d_train,0.524676
amazon_ratings,GeneralSheaf,true,5,5,last,5,7,cohens_d_train,0.56635284
amazon_ratings,GeneralSheaf,true,5,5,last,0,7,cohens_d_test,0.16086243
amazon_ratings,GeneralSheaf,true,5,5,last,1,7,cohens_d_test,0.15688002
amazon_ratings,GeneralSheaf,true,5,5,last,2,7,cohens_d_test,0.16845635
amazon_ratings,GeneralSheaf,true,5,5,last,3,7,cohens_d_test,0.18962304
amazon_ratings,GeneralSheaf,true,5,5,last,4,7,cohens_d_test,0.22151043
amazon_ratings,GeneralSheaf,true,5,5,last,5,7,cohens_d_test,0.26634336
amazon_ratings,GeneralSheaf,true,5,5,last,0,8,degree,-0.01866236025214828
amazon_ratings,GeneralSheaf,true,5,5,last,1,8,degree,0.13161483623221584
amazon_ratings,GeneralSheaf,true,5,5,last,2,8,degree,0.1591589375745843
amazon_ratings,GeneralSheaf,true,5,5,last,3,8,degree,0.1922270692122351
amazon_ratings,GeneralSheaf,true,5,5,last,4,8,degree,0.21522746936870932
amazon_ratings,GeneralSheaf,true,5,5,last,5,8,degree,0.2075351600036076
amazon_ratings,GeneralSheaf,true,5,5,last,0,8,betweenness,0.044310554147965274
amazon_ratings,GeneralSheaf,true,5,5,last,1,8,betweenness,0.11035660672530702
amazon_ratings,GeneralSheaf,true,5,5,last,2,8,betweenness,0.132175676575116
amazon_ratings,GeneralSheaf,true,5,5,last,3,8,betweenness,0.163636611899367
amazon_ratings,GeneralSheaf,true,5,5,last,4,8,betweenness,0.20232518406761507
amazon_ratings,GeneralSheaf,true,5,5,last,5,8,betweenness,0.22082544496215573
amazon_ratings,GeneralSheaf,true,5,5,last,0,8,confidence,0.40779099996098706
amazon_ratings,GeneralSheaf,true,5,5,last,1,8,confidence,0.4512583414076217
amazon_ratings,GeneralSheaf,true,5,5,last,2,8,confidence,0.486016632631848
amazon_ratings,GeneralSheaf,true,5,5,last,3,8,confidence,0.5373893947925584
amazon_ratings,GeneralSheaf,true,5,5,last,4,8,confidence,0.6373817794390777
amazon_ratings,GeneralSheaf,true,5,5,last,5,8,confidence,0.7065754059628611
amazon_ratings,GeneralSheaf,true,5,5,last,0,8,saliency,0.25134707232915726
amazon_ratings,GeneralSheaf,true,5,5,last,1,8,saliency,0.3349409857340739
amazon_ratings,GeneralSheaf,true,5,5,last,2,8,saliency,0.34806802279956506
amazon_ratings,GeneralSheaf,true,5,5,last,3,8,saliency,0.3620270696053118
amazon_ratings,GeneralSheaf,true,5,5,last,4,8,saliency,0.34062502574932507
amazon_ratings,GeneralSheaf,true,5,5,last,5,8,saliency,0.30731191547146736
amazon_ratings,GeneralSheaf,true,5,5,last,0,8,cohens_d_train,0.49292427
amazon_ratings,GeneralSheaf,true,5,5,last,1,8,cohens_d_train,0.53116477
amazon_ratings,GeneralSheaf,true,5,5,last,2,8,cohens_d_train,0.54876983
amazon_ratings,GeneralSheaf,true,5,5,last,3,8,cohens_d_train,0.55967444
amazon_ratings,GeneralSheaf,true,5,5,last,4,8,cohens_d_train,0.593749
amazon_ratings,GeneralSheaf,true,5,5,last,5,8,cohens_d_train,0.62030506
amazon_ratings,GeneralSheaf,true,5,5,last,0,8,cohens_d_test,0.16569251
amazon_ratings,GeneralSheaf,true,5,5,last,1,8,cohens_d_test,0.13968351
amazon_ratings,GeneralSheaf,true,5,5,last,2,8,cohens_d_test,0.13718319
amazon_ratings,GeneralSheaf,true,5,5,last,3,8,cohens_d_test,0.13727544
amazon_ratings,GeneralSheaf,true,5,5,last,4,8,cohens_d_test,0.17321941
amazon_ratings,GeneralSheaf,true,5,5,last,5,8,cohens_d_test,0.21250537
amazon_ratings,GeneralSheaf,true,5,5,last,0,9,degree,-0.015553121665351565
amazon_ratings,GeneralSheaf,true,5,5,last,1,9,degree,0.09438052847244631
amazon_ratings,GeneralSheaf,true,5,5,last,2,9,degree,0.1634538381199279
amazon_ratings,GeneralSheaf,true,5,5,last,3,9,degree,0.20580701798271922
amazon_ratings,GeneralSheaf,true,5,5,last,4,9,degree,0.2364070439683855
amazon_ratings,GeneralSheaf,true,5,5,last,5,9,degree,0.22099100285409712
amazon_ratings,GeneralSheaf,true,5,5,last,0,9,betweenness,0.04260321805208997
amazon_ratings,GeneralSheaf,true,5,5,last,1,9,betweenness,0.09947905807774826
amazon_ratings,GeneralSheaf,true,5,5,last,2,9,betweenness,0.14197128244602417
amazon_ratings,GeneralSheaf,true,5,5,last,3,9,betweenness,0.16036802542978246
amazon_ratings,GeneralSheaf,true,5,5,last,4,9,betweenness,0.19296398738348897
amazon_ratings,GeneralSheaf,true,5,5,last,5,9,betweenness,0.21264073358376528
amazon_ratings,GeneralSheaf,true,5,5,last,0,9,confidence,0.38679334193821446
amazon_ratings,GeneralSheaf,true,5,5,last,1,9,confidence,0.42332584625751296
amazon_ratings,GeneralSheaf,true,5,5,last,2,9,confidence,0.4706892118793992
amazon_ratings,GeneralSheaf,true,5,5,last,3,9,confidence,0.4849159534121791
amazon_ratings,GeneralSheaf,true,5,5,last,4,9,confidence,0.5631114088830294
amazon_ratings,GeneralSheaf,true,5,5,last,5,9,confidence,0.6681837968444001
amazon_ratings,GeneralSheaf,true,5,5,last,0,9,saliency,0.15310771537108178
amazon_ratings,GeneralSheaf,true,5,5,last,1,9,saliency,0.22682599511196685
amazon_ratings,GeneralSheaf,true,5,5,last,2,9,saliency,0.2580445661198098
amazon_ratings,GeneralSheaf,true,5,5,last,3,9,saliency,0.26252565659938165
amazon_ratings,GeneralSheaf,true,5,5,last,4,9,saliency,0.2416325522745692
amazon_ratings,GeneralSheaf,true,5,5,last,5,9,saliency,0.18765290770416954
amazon_ratings,GeneralSheaf,true,5,5,last,0,9,cohens_d_train,0.4673658
amazon_ratings,GeneralSheaf,true,5,5,last,1,9,cohens_d_train,0.5007438
amazon_ratings,GeneralSheaf,true,5,5,last,2,9,cohens_d_train,0.539279
amazon_ratings,GeneralSheaf,true,5,5,last,3,9,cohens_d_train,0.5355943
amazon_ratings,GeneralSheaf,true,5,5,last,4,9,cohens_d_train,0.54210174
amazon_ratings,GeneralSheaf,true,5,5,last,5,9,cohens_d_train,0.581775
amazon_ratings,GeneralSheaf,true,5,5,last,0,9,cohens_d_test,0.094510645
amazon_ratings,GeneralSheaf,true,5,5,last,1,9,cohens_d_test,0.0911527
amazon_ratings,GeneralSheaf,true,5,5,last,2,9,cohens_d_test,0.09509953
amazon_ratings,GeneralSheaf,true,5,5,last,3,9,cohens_d_test,0.1004176
amazon_ratings,GeneralSheaf,true,5,5,last,4,9,cohens_d_test,0.1167608
amazon_ratings,GeneralSheaf,true,5,5,last,5,9,cohens_d_test,0.18517119
