dataset,model,normalised,d,layers,checkpoint,layer,fold,observable,value
citeseer,GeneralSheaf,true,5,4,epoch-0,0,0,degree,0.003226510419787044
citeseer,GeneralSheaf,true,5,4,epoch-0,1,0,degree,0.003171620258071089
citeseer,GeneralSheaf,true,5,4,epoch-0,2,0,degree,0.0032219467516667534
citeseer,GeneralSheaf,true,5,4,epoch-0,3,0,degree,0.0032893329891062677
citeseer,GeneralSheaf,true,5,4,epoch-0,4,0,degree,0.00317794177025609
citeseer,GeneralSheaf,true,5,4,epoch-0,0,0,betweenness,0.013590632196727464
citeseer,GeneralSheaf,true,5,4,epoch-0,1,0,betweenness,0.013565446575816969
citeseer,GeneralSheaf,true,5,4,epoch-0,2,0,betweenness,0.013596410825830102
citeseer,GeneralSheaf,true,5,4,epoch-0,3,0,betweenness,0.013672025429932995
citeseer,GeneralSheaf,true,5,4,epoch-0,4,0,betweenness,0.01355323995582089
citeseer,GeneralSheaf,true,5,4,epoch-0,0,0,confidence,0.07560897153954446
citeseer,GeneralSheaf,true,5,4,epoch-0,1,0,confidence,0.07561011202635905
citeseer,GeneralSheaf,true,5,4,epoch-0,2,0,confidence,0.07571714464051833
citeseer,GeneralSheaf,true,5,4,epoch-0,3,0,confidence,0.07569288367893864
citeseer,GeneralSheaf,true,5,4,epoch-0,4,0,confidence,0.07566016313108559
citeseer,GeneralSheaf,true,5,4,epoch-0,0,0,saliency,-0.18030638901962892
citeseer,GeneralSheaf,true,5,4,epoch-0,1,0,saliency,-0.18031265611872843
citeseer,GeneralSheaf,true,5,4,epoch-0,2,0,saliency,-0.18032385785571736
citeseer,GeneralSheaf,true,5,4,epoch-0,3,0,saliency,-0.1803322309153483
citeseer,GeneralSheaf,true,5,4,epoch-0,4,0,saliency,-0.18038456399536054
citeseer,GeneralSheaf,true,5,4,epoch-0,0,0,cohens_d_train,0.061837967
citeseer,GeneralSheaf,true,5,4,epoch-0,1,0,cohens_d_train,0.061833877
citeseer,GeneralSheaf,true,5,4,epoch-0,2,0,cohens_d_train,0.061773594
citeseer,GeneralSheaf,true,5,4,epoch-0,3,0,cohens_d_train,0.061665796
citeseer,GeneralSheaf,true,5,4,epoch-0,4,0,cohens_d_train,0.06175352
citeseer,GeneralSheaf,true,5,4,epoch-0,0,0,cohens_d_test,0.04258758
citeseer,GeneralSheaf,true,5,4,epoch-0,1,0,cohens_d_test,0.0426188
citeseer,GeneralSheaf,true,5,4,epoch-0,2,0,cohens_d_test,0.042746767
citeseer,GeneralSheaf,true,5,4,epoch-0,3,0,cohens_d_test,0.042878907
citeseer,GeneralSheaf,true,5,4,epoch-0,4,0,cohens_d_test,0.042710334
citeseer,GeneralSheaf,true,5,4,epoch-0,0,1,degree,-0.03267257410849554
citeseer,GeneralSheaf,true,5,4,epoch-0,1,1,degree,-0.03257764563123283
citeseer,GeneralSheaf,true,5,4,epoch-0,2,1,degree,-0.03253008508186835
citeseer,GeneralSheaf,true,5,4,epoch-0,3,1,degree,-0.032605569690589566
citeseer,GeneralSheaf,true,5,4,epoch-0,4,1,degree,-0.032624614168142406
citeseer,GeneralSheaf,true,5,4,epoch-0,0,1,betweenness,-0.01323489162595503
citeseer,GeneralSheaf,true,5,4,epoch-0,1,1,betweenness,-0.01312210946180202
citeseer,GeneralSheaf,true,5,4,epoch-0,2,1,betweenness,-0.013089724823504121
citeseer,GeneralSheaf,true,5,4,epoch-0,3,1,betweenness,-0.013140668815707168
citeseer,GeneralSheaf,true,5,4,epoch-0,4,1,betweenness,-0.013173089625916082
citeseer,GeneralSheaf,true,5,4,epoch-0,0,1,confidence,-0.004920276783583503
citeseer,GeneralSheaf,true,5,4,epoch-0,1,1,confidence,-0.004959228968232257
citeseer,GeneralSheaf,true,5,4,epoch-0,2,1,confidence,-0.004958303950539381
citeseer,GeneralSheaf,true,5,4,epoch-0,3,1,confidence,-0.005099518758025832
citeseer,GeneralSheaf,true,5,4,epoch-0,4,1,confidence,-0.004999560882573897
citeseer,GeneralSheaf,true,5,4,epoch-0,0,1,saliency,0.021908723059717472
citeseer,GeneralSheaf,true,5,4,epoch-0,1,1,saliency,0.021881731500751952
citeseer,GeneralSheaf,true,5,4,epoch-0,2,1,saliency,0.021889463687290268
citeseer,GeneralSheaf,true,5,4,epoch-0,3,1,saliency,0.021885166822333157
citeseer,GeneralSheaf,true,5,4,epoch-0,4,1,saliency,0.021907216054039818
citeseer,GeneralSheaf,true,5,4,epoch-0,0,1,cohens_d_train,0.04732783
citeseer,GeneralSheaf,true,5,4,epoch-0,1,1,cohens_d_train,0.04724522
citeseer,GeneralSheaf,true,5,4,epoch-0,2,1,cohens_d_train,0.04720919
citeseer,GeneralSheaf,true,5,4,epoch-0,3,1,cohens_d_train,0.047225956
citeseer,GeneralSheaf,true,5,4,epoch-0,4,1,cohens_d_train,0.04728252
citeseer,GeneralSheaf,true,5,4,epoch-0,0,1,cohens_d_test,0.046677567
citeseer,GeneralSheaf,true,5,4,epoch-0,1,1,cohens_d_test,0.046648424
citeseer,GeneralSheaf,true,5,4,epoch-0,2,1,cohens_d_test,0.046636205
citeseer,GeneralSheaf,true,5,4,epoch-0,3,1,cohens_d_test,0.04674382
citeseer,GeneralSheaf,true,5,4,epoch-0,4,1,cohens_d_test,0.04650503
citeseer,GeneralSheaf,true,5,4,epoch-0,0,2,degree,-0.05360952446777756
citeseer,GeneralSheaf,true,5,4,epoch-0,1,2,degree,-0.05367993518234087
citeseer,GeneralSheaf,true,5,4,epoch-0,2,2,degree,-0.053693588950712204
citeseer,GeneralSheaf,true,5,4,epoch-0,3,2,degree,-0.05365829121430148
citeseer,GeneralSheaf,true,5,4,epoch-0,4,2,degree,-0.0536226933760186
citeseer,GeneralSheaf,true,5,4,epoch-0,0,2,betweenness,-0.034066524971239485
citeseer,GeneralSheaf,true,5,4,epoch-0,1,2,betweenness,-0.034122038752096344
citeseer,GeneralSheaf,true,5,4,epoch-0,2,2,betweenness,-0.03413810567127615
citeseer,GeneralSheaf,true,5,4,epoch-0,3,2,betweenness,-0.03411369128716998
citeseer,GeneralSheaf,true,5,4,epoch-0,4,2,betweenness,-0.03411136299253971
citeseer,GeneralSheaf,true,5,4,epoch-0,0,2,confidence,-0.04600416431088732
citeseer,GeneralSheaf,true,5,4,epoch-0,1,2,confidence,-0.04602467732797978
citeseer,GeneralSheaf,true,5,4,epoch-0,2,2,confidence,-0.04595477922031972
citeseer,GeneralSheaf,true,5,4,epoch-0,3,2,confidence,-0.04588684059087893
citeseer,GeneralSheaf,true,5,4,epoch-0,4,2,confidence,-0.045892348321056015
citeseer,GeneralSheaf,true,5,4,epoch-0,0,2,saliency,nan
citeseer,GeneralSheaf,true,5,4,epoch-0,1,2,saliency,nan
citeseer,GeneralSheaf,true,5,4,epoch-0,2,2,saliency,nan
citeseer,GeneralSheaf,true,5,4,epoch-0,3,2,saliency,nan
citeseer,GeneralSheaf,true,5,4,epoch-0,4,2,saliency,nan
citeseer,GeneralSheaf,true,5,4,epoch-0,0,2,cohens_d_train,0.11787541
citeseer,GeneralSheaf,true,5,4,epoch-0,1,2,cohens_d_train,0.11789275
citeseer,GeneralSheaf,true,5,4,epoch-0,2,2,cohens_d_train,0.11789519
citeseer,GeneralSheaf,true,5,4,epoch-0,3,2,cohens_d_train,0.11789137
citeseer,GeneralSheaf,true,5,4,epoch-0,4,2,cohens_d_train,0.11791524
citeseer,GeneralSheaf,true,5,4,epoch-0,0,2,cohens_d_test,0.16493389
citeseer,GeneralSheaf,true,5,4,epoch-0,1,2,cohens_d_test,0.1649634
citeseer,GeneralSheaf,true,5,4,epoch-0,2,2,cohens_d_test,0.16501209
citeseer,GeneralSheaf,true,5,4,epoch-0,3,2,cohens_d_test,0.16498336
citeseer,GeneralSheaf,true,5,4,epoch-0,4,2,cohens_d_test,0.16484651
citeseer,GeneralSheaf,true,5,4,epoch-0,0,3,degree,-0.01823700519695784
citeseer,GeneralSheaf,true,5,4,epoch-0,1,3,degree,-0.0181574254406475
citeseer,GeneralSheaf,true,5,4,epoch-0,2,3,degree,-0.018255000789584
citeseer,GeneralSheaf,true,5,4,epoch-0,3,3,degree,-0.01822606173495941
citeseer,GeneralSheaf,true,5,4,epoch-0,4,3,degree,-0.018249183292668877
citeseer,GeneralSheaf,true,5,4,epoch-0,0,3,betweenness,-0.014422298498521464
citeseer,GeneralSheaf,true,5,4,epoch-0,1,3,betweenness,-0.014370747591828879
citeseer,GeneralSheaf,true,5,4,epoch-0,2,3,betweenness,-0.014458153621165024
citeseer,GeneralSheaf,true,5,4,epoch-0,3,3,betweenness,-0.014426291264652563
citeseer,GeneralSheaf,true,5,4,epoch-0,4,3,betweenness,-0.014453282253808195
citeseer,GeneralSheaf,true,5,4,epoch-0,0,3,confidence,0.030901193528857528
citeseer,GeneralSheaf,true,5,4,epoch-0,1,3,confidence,0.030931460288454237
citeseer,GeneralSheaf,true,5,4,epoch-0,2,3,confidence,0.03078745046384042
citeseer,GeneralSheaf,true,5,4,epoch-0,3,3,confidence,0.03086355599397739
citeseer,GeneralSheaf,true,5,4,epoch-0,4,3,confidence,0.030866102132185613
citeseer,GeneralSheaf,true,5,4,epoch-0,0,3,saliency,-0.07275145128570346
citeseer,GeneralSheaf,true,5,4,epoch-0,1,3,saliency,-0.07273807902074558
citeseer,GeneralSheaf,true,5,4,epoch-0,2,3,saliency,-0.07274343204893069
citeseer,GeneralSheaf,true,5,4,epoch-0,3,3,saliency,-0.07272880470111429
citeseer,GeneralSheaf,true,5,4,epoch-0,4,3,saliency,-0.07273636499382125
citeseer,GeneralSheaf,true,5,4,epoch-0,0,3,cohens_d_train,0.026782006
citeseer,GeneralSheaf,true,5,4,epoch-0,1,3,cohens_d_train,0.026779795
citeseer,GeneralSheaf,true,5,4,epoch-0,2,3,cohens_d_train,0.026747193
citeseer,GeneralSheaf,true,5,4,epoch-0,3,3,cohens_d_train,0.026808193
citeseer,GeneralSheaf,true,5,4,epoch-0,4,3,cohens_d_train,0.026854578
citeseer,GeneralSheaf,true,5,4,epoch-0,0,3,cohens_d_test,0.26868555
citeseer,GeneralSheaf,true,5,4,epoch-0,1,3,cohens_d_test,0.26855573
citeseer,GeneralSheaf,true,5,4,epoch-0,2,3,cohens_d_test,0.2688858
citeseer,GeneralSheaf,true,5,4,epoch-0,3,3,cohens_d_test,0.2687836
citeseer,GeneralSheaf,true,5,4,epoch-0,4,3,cohens_d_test,0.2689497
citeseer,GeneralSheaf,true,5,4,epoch-0,0,4,degree,-0.024541098397746715
citeseer,GeneralSheaf,true,5,4,epoch-0,1,4,degree,-0.024611972983682378
citeseer,GeneralSheaf,true,5,4,epoch-0,2,4,degree,-0.024620622420009397
citeseer,GeneralSheaf,true,5,4,epoch-0,3,4,degree,-0.024592809920880605
citeseer,GeneralSheaf,true,5,4,epoch-0,4,4,degree,-0.024606405504082874
citeseer,GeneralSheaf,true,5,4,epoch-0,0,4,betweenness,-0.016614529541915897
citeseer,GeneralSheaf,true,5,4,epoch-0,1,4,betweenness,-0.016694841184976626
citeseer,GeneralSheaf,true,5,4,epoch-0,2,4,betweenness,-0.016687532491082936
citeseer,GeneralSheaf,true,5,4,epoch-0,3,4,betweenness,-0.016661584563691628
citeseer,GeneralSheaf,true,5,4,epoch-0,4,4,betweenness,-0.016674595187282423
citeseer,GeneralSheaf,true,5,4,epoch-0,0,4,confidence,-0.004669138244750488
citeseer,GeneralSheaf,true,5,4,epoch-0,1,4,confidence,-0.004618798738591493
citeseer,GeneralSheaf,true,5,4,epoch-0,2,4,confidence,-0.004647234783256664
citeseer,GeneralSheaf,true,5,4,epoch-0,3,4,confidence,-0.0046073381322962745
citeseer,GeneralSheaf,true,5,4,epoch-0,4,4,confidence,-0.00458562412572672
citeseer,GeneralSheaf,true,5,4,epoch-0,0,4,saliency,-0.0029177325534331558
citeseer,GeneralSheaf,true,5,4,epoch-0,1,4,saliency,-0.0029606608050186238
citeseer,GeneralSheaf,true,5,4,epoch-0,2,4,saliency,-0.0029388248710106946
citeseer,GeneralSheaf,true,5,4,epoch-0,3,4,saliency,-0.0029728899229954264
citeseer,GeneralSheaf,true,5,4,epoch-0,4,4,saliency,-0.002977261817734214
citeseer,GeneralSheaf,true,5,4,epoch-0,0,4,cohens_d_train,0.46458486
citeseer,GeneralSheaf,true,5,4,epoch-0,1,4,cohens_d_train,0.4646691
citeseer,GeneralSheaf,true,5,4,epoch-0,2,4,cohens_d_train,0.46462232
citeseer,GeneralSheaf,true,5,4,epoch-0,3,4,cohens_d_train,0.46455216
citeseer,GeneralSheaf,true,5,4,epoch-0,4,4,cohens_d_train,0.4645909
citeseer,GeneralSheaf,true,5,4,epoch-0,0,4,cohens_d_test,0.32491463
citeseer,GeneralSheaf,true,5,4,epoch-0,1,4,cohens_d_test,0.32497123
citeseer,GeneralSheaf,true,5,4,epoch-0,2,4,cohens_d_test,0.3251144
citeseer,GeneralSheaf,true,5,4,epoch-0,3,4,cohens_d_test,0.3251967
citeseer,GeneralSheaf,true,5,4,epoch-0,4,4,cohens_d_test,0.32523575
citeseer,GeneralSheaf,true,5,4,epoch-0,0,5,degree,0.011041080601425762
citeseer,GeneralSheaf,true,5,4,epoch-0,1,5,degree,0.01104701286785069
citeseer,GeneralSheaf,true,5,4,epoch-0,2,5,degree,0.010899591336048887
citeseer,GeneralSheaf,true,5,4,epoch-0,3,5,degree,0.010971051522585696
citeseer,GeneralSheaf,true,5,4,epoch-0,4,5,degree,0.011019183452615511
citeseer,GeneralSheaf,true,5,4,epoch-0,0,5,betweenness,0.025935395644352217
citeseer,GeneralSheaf,true,5,4,epoch-0,1,5,betweenness,0.02594965493799239
citeseer,GeneralSheaf,true,5,4,epoch-0,2,5,betweenness,0.02578155915179137
citeseer,GeneralSheaf,true,5,4,epoch-0,3,5,betweenness,0.025841583982366273
citeseer,GeneralSheaf,true,5,4,epoch-0,4,5,betweenness,0.025878534263997464
citeseer,GeneralSheaf,true,5,4,epoch-0,0,5,confidence,0.022746041563342274
citeseer,GeneralSheaf,true,5,4,epoch-0,1,5,confidence,0.02274525138534711
citeseer,GeneralSheaf,true,5,4,epoch-0,2,5,confidence,0.02270927010413276
citeseer,GeneralSheaf,true,5,4,epoch-0,3,5,confidence,0.0227469129994325
citeseer,GeneralSheaf,true,5,4,epoch-0,4,5,confidence,0.022758168145982808
citeseer,GeneralSheaf,true,5,4,epoch-0,0,5,saliency,0.00876229306250525
citeseer,GeneralSheaf,true,5,4,epoch-0,1,5,saliency,0.0087695935673434
citeseer,GeneralSheaf,true,5,4,epoch-0,2,5,saliency,0.008715255342777678
citeseer,GeneralSheaf,true,5,4,epoch-0,3,5,saliency,0.008735859853485291
citeseer,GeneralSheaf,true,5,4,epoch-0,4,5,saliency,0.008757216853240775
citeseer,GeneralSheaf,true,5,4,epoch-0,0,5,cohens_d_train,0.00031956966
citeseer,GeneralSheaf,true,5,4,epoch-0,1,5,cohens_d_train,0.00037890658
citeseer,GeneralSheaf,true,5,4,epoch-0,2,5,cohens_d_train,0.00026938933
citeseer,GeneralSheaf,true,5,4,epoch-0,3,5,cohens_d_train,0.00021459418
citeseer,GeneralSheaf,true,5,4,epoch-0,4,5,cohens_d_train,0.0002876458
citeseer,GeneralSheaf,true,5,4,epoch-0,0,5,cohens_d_test,0.078895144
citeseer,GeneralSheaf,true,5,4,epoch-0,1,5,cohens_d_test,0.078824595
citeseer,GeneralSheaf,true,5,4,epoch-0,2,5,cohens_d_test,0.07879177
citeseer,GeneralSheaf,true,5,4,epoch-0,3,5,cohens_d_test,0.078831084
citeseer,GeneralSheaf,true,5,4,epoch-0,4,5,cohens_d_test,0.078897536
citeseer,GeneralSheaf,true,5,4,epoch-0,0,6,degree,-0.03906969425871397
citeseer,GeneralSheaf,true,5,4,epoch-0,1,6,degree,-0.039002715526699754
citeseer,GeneralSheaf,true,5,4,epoch-0,2,6,degree,-0.03896176925401679
citeseer,GeneralSheaf,true,5,4,epoch-0,3,6,degree,-0.03894453619102819
citeseer,GeneralSheaf,true,5,4,epoch-0,4,6,degree,-0.03887234459470631
citeseer,GeneralSheaf,true,5,4,epoch-0,0,6,betweenness,-0.05525561176733807
citeseer,GeneralSheaf,true,5,4,epoch-0,1,6,betweenness,-0.055213372024863004
citeseer,GeneralSheaf,true,5,4,epoch-0,2,6,betweenness,-0.05517051116421881
citeseer,GeneralSheaf,true,5,4,epoch-0,3,6,betweenness,-0.05514294970018222
citeseer,GeneralSheaf,true,5,4,epoch-0,4,6,betweenness,-0.055054720143621054
citeseer,GeneralSheaf,true,5,4,epoch-0,0,6,confidence,-0.06874637473850646
citeseer,GeneralSheaf,true,5,4,epoch-0,1,6,confidence,-0.06872994537311823
citeseer,GeneralSheaf,true,5,4,epoch-0,2,6,confidence,-0.06883793330530645
citeseer,GeneralSheaf,true,5,4,epoch-0,3,6,confidence,-0.06882949081066492
citeseer,GeneralSheaf,true,5,4,epoch-0,4,6,confidence,-0.06880288471241466
citeseer,GeneralSheaf,true,5,4,epoch-0,0,6,saliency,-0.10359053023887596
citeseer,GeneralSheaf,true,5,4,epoch-0,1,6,saliency,-0.1035801843522517
citeseer,GeneralSheaf,true,5,4,epoch-0,2,6,saliency,-0.10360537014588034
citeseer,GeneralSheaf,true,5,4,epoch-0,3,6,saliency,-0.10360031285158568
citeseer,GeneralSheaf,true,5,4,epoch-0,4,6,saliency,-0.10359758069896843
citeseer,GeneralSheaf,true,5,4,epoch-0,0,6,cohens_d_train,0.09207858
citeseer,GeneralSheaf,true,5,4,epoch-0,1,6,cohens_d_train,0.09205934
citeseer,GeneralSheaf,true,5,4,epoch-0,2,6,cohens_d_train,0.09214215
citeseer,GeneralSheaf,true,5,4,epoch-0,3,6,cohens_d_train,0.09208741
citeseer,GeneralSheaf,true,5,4,epoch-0,4,6,cohens_d_train,0.092187144
citeseer,GeneralSheaf,true,5,4,epoch-0,0,6,cohens_d_test,0.013923155
citeseer,GeneralSheaf,true,5,4,epoch-0,1,6,cohens_d_test,0.01394663
citeseer,GeneralSheaf,true,5,4,epoch-0,2,6,cohens_d_test,0.014086157
citeseer,GeneralSheaf,true,5,4,epoch-0,3,6,cohens_d_test,0.01409661
citeseer,GeneralSheaf,true,5,4,epoch-0,4,6,cohens_d_test,0.013969802
citeseer,GeneralSheaf,true,5,4,epoch-0,0,7,degree,-0.03733417154404279
citeseer,GeneralSheaf,true,5,4,epoch-0,1,7,degree,-0.03740067352118545
citeseer,GeneralSheaf,true,5,4,epoch-0,2,7,degree,-0.03735722429127087
citeseer,GeneralSheaf,true,5,4,epoch-0,3,7,degree,-0.0373141960152781
citeseer,GeneralSheaf,true,5,4,epoch-0,4,7,degree,-0.0373221619210414
citeseer,GeneralSheaf,true,5,4,epoch-0,0,7,betweenness,-0.04637599447197236
citeseer,GeneralSheaf,true,5,4,epoch-0,1,7,betweenness,-0.04643407148012394
citeseer,GeneralSheaf,true,5,4,epoch-0,2,7,betweenness,-0.04640930372615542
citeseer,GeneralSheaf,true,5,4,epoch-0,3,7,betweenness,-0.04636205902539017
citeseer,GeneralSheaf,true,5,4,epoch-0,4,7,betweenness,-0.046363365472246856
citeseer,GeneralSheaf,true,5,4,epoch-0,0,7,confidence,0.07687242965946066
citeseer,GeneralSheaf,true,5,4,epoch-0,1,7,confidence,0.0768544859540467
citeseer,GeneralSheaf,true,5,4,epoch-0,2,7,confidence,0.07678142787929353
citeseer,GeneralSheaf,true,5,4,epoch-0,3,7,confidence,0.07688510679377786
citeseer,GeneralSheaf,true,5,4,epoch-0,4,7,confidence,0.07696812618397339
citeseer,GeneralSheaf,true,5,4,epoch-0,0,7,saliency,nan
citeseer,GeneralSheaf,true,5,4,epoch-0,1,7,saliency,nan
citeseer,GeneralSheaf,true,5,4,epoch-0,2,7,saliency,nan
citeseer,GeneralSheaf,true,5,4,epoch-0,3,7,saliency,nan
citeseer,GeneralSheaf,true,5,4,epoch-0,4,7,saliency,nan
citeseer,GeneralSheaf,true,5,4,epoch-0,0,7,cohens_d_train,0.20619477
citeseer,GeneralSheaf,true,5,4,epoch-0,1,7,cohens_d_train,0.20620248
citeseer,GeneralSheaf,true,5,4,epoch-0,2,7,cohens_d_train,0.20621738
citeseer,GeneralSheaf,true,5,4,epoch-0,3,7,cohens_d_train,0.2062887
citeseer,GeneralSheaf,true,5,4,epoch-0,4,7,cohens_d_train,0.20631139
citeseer,GeneralSheaf,true,5,4,epoch-0,0,7,cohens_d_test,0.3579115
citeseer,GeneralSheaf,true,5,4,epoch-0,1,7,cohens_d_test,0.3578901
citeseer,GeneralSheaf,true,5,4,epoch-0,2,7,cohens_d_test,0.3579364
citeseer,GeneralSheaf,true,5,4,epoch-0,3,7,cohens_d_test,0.35803446
citeseer,GeneralSheaf,true,5,4,epoch-0,4,7,cohens_d_test,0.35798272
citeseer,GeneralSheaf,true,5,4,epoch-0,0,8,degree,-0.010982899645323523
citeseer,GeneralSheaf,true,5,4,epoch-0,1,8,degree,-0.010959499532806486
citeseer,GeneralSheaf,true,5,4,epoch-0,2,8,degree,-0.010978317268056103
citeseer,GeneralSheaf,true,5,4,epoch-0,3,8,degree,-0.010867918033396208
citeseer,GeneralSheaf,true,5,4,epoch-0,4,8,degree,-0.01092364583659637
citeseer,GeneralSheaf,true,5,4,epoch-0,0,8,betweenness,0.02507837692461909
citeseer,GeneralSheaf,true,5,4,epoch-0,1,8,betweenness,0.025097967422257957
citeseer,GeneralSheaf,true,5,4,epoch-0,2,8,betweenness,0.02508055928188222
citeseer,GeneralSheaf,true,5,4,epoch-0,3,8,betweenness,0.025175065612468947
citeseer,GeneralSheaf,true,5,4,epoch-0,4,8,betweenness,0.025136524289317706
citeseer,GeneralSheaf,true,5,4,epoch-0,0,8,confidence,0.028806306124822587
citeseer,GeneralSheaf,true,5,4,epoch-0,1,8,confidence,0.028827189749048444
citeseer,GeneralSheaf,true,5,4,epoch-0,2,8,confidence,0.02877998907968026
citeseer,GeneralSheaf,true,5,4,epoch-0,3,8,confidence,0.028630831430346025
citeseer,GeneralSheaf,true,5,4,epoch-0,4,8,confidence,0.028601324132981356
citeseer,GeneralSheaf,true,5,4,epoch-0,0,8,saliency,-0.07011426727389776
citeseer,GeneralSheaf,true,5,4,epoch-0,1,8,saliency,-0.0701308211650774
citeseer,GeneralSheaf,true,5,4,epoch-0,2,8,saliency,-0.07011730286708377
citeseer,GeneralSheaf,true,5,4,epoch-0,3,8,saliency,-0.07008905892959162
citeseer,GeneralSheaf,true,5,4,epoch-0,4,8,saliency,-0.07008475829305663
citeseer,GeneralSheaf,true,5,4,epoch-0,0,8,cohens_d_train,0.00017701484
citeseer,GeneralSheaf,true,5,4,epoch-0,1,8,cohens_d_train,0.00020424995
citeseer,GeneralSheaf,true,5,4,epoch-0,2,8,cohens_d_train,0.00023150566
citeseer,GeneralSheaf,true,5,4,epoch-0,3,8,cohens_d_train,0.00034957947
citeseer,GeneralSheaf,true,5,4,epoch-0,4,8,cohens_d_train,0.00035868844
citeseer,GeneralSheaf,true,5,4,epoch-0,0,8,cohens_d_test,0.030518932
citeseer,GeneralSheaf,true,5,4,epoch-0,1,8,cohens_d_test,0.030541798
citeseer,GeneralSheaf,true,5,4,epoch-0,2,8,cohens_d_test,0.030533351
citeseer,GeneralSheaf,true,5,4,epoch-0,3,8,cohens_d_test,0.030393913
citeseer,GeneralSheaf,true,5,4,epoch-0,4,8,cohens_d_test,0.030362528
citeseer,GeneralSheaf,true,5,4,epoch-0,0,9,degree,-0.0043440616446130086
citeseer,GeneralSheaf,true,5,4,epoch-0,1,9,degree,-0.004233986639658458
citeseer,GeneralSheaf,true,5,4,epoch-0,2,9,degree,-0.004280301884837732
citeseer,GeneralSheaf,true,5,4,epoch-0,3,9,degree,-0.004323279543434937
citeseer,GeneralSheaf,true,5,4,epoch-0,4,9,degree,-0.00431258386806989
citeseer,GeneralSheaf,true,5,4,epoch-0,0,9,betweenness,0.01214042369643194
citeseer,GeneralSheaf,true,5,4,epoch-0,1,9,betweenness,0.012240677347529835
citeseer,GeneralSheaf,true,5,4,epoch-0,2,9,betweenness,0.012206754480635545
citeseer,GeneralSheaf,true,5,4,epoch-0,3,9,betweenness,0.012150812308577617
citeseer,GeneralSheaf,true,5,4,epoch-0,4,9,betweenness,0.012161556498998968
citeseer,GeneralSheaf,true,5,4,epoch-0,0,9,confidence,0.04874541260000728
citeseer,GeneralSheaf,true,5,4,epoch-0,1,9,confidence,0.04883901206502293
citeseer,GeneralSheaf,true,5,4,epoch-0,2,9,confidence,0.048780332575244396
citeseer,GeneralSheaf,true,5,4,epoch-0,3,9,confidence,0.04880988090735556
citeseer,GeneralSheaf,true,5,4,epoch-0,4,9,confidence,0.048582228783544915
citeseer,GeneralSheaf,true,5,4,epoch-0,0,9,saliency,-0.0972700124262507
citeseer,GeneralSheaf,true,5,4,epoch-0,1,9,saliency,-0.09724792177630147
citeseer,GeneralSheaf,true,5,4,epoch-0,2,9,saliency,-0.09727198174913446
citeseer,GeneralSheaf,true,5,4,epoch-0,3,9,saliency,-0.09730666658117564
citeseer,GeneralSheaf,true,5,4,epoch-0,4,9,saliency,-0.09731480051382757
citeseer,GeneralSheaf,true,5,4,epoch-0,0,9,cohens_d_train,0.10992102
citeseer,GeneralSheaf,true,5,4,epoch-0,1,9,cohens_d_train,0.11000683
citeseer,GeneralSheaf,true,5,4,epoch-0,2,9,cohens_d_train,0.1100334
citeseer,GeneralSheaf,true,5,4,epoch-0,3,9,cohens_d_train,0.110161886
citeseer,GeneralSheaf,true,5,4,epoch-0,4,9,cohens_d_train,0.1102169
citeseer,GeneralSheaf,true,5,4,epoch-0,0,9,cohens_d_test,0.045483395
citeseer,GeneralSheaf,true,5,4,epoch-0,1,9,cohens_d_test,0.04556026
citeseer,GeneralSheaf,true,5,4,epoch-0,2,9,cohens_d_test,0.04559838
citeseer,GeneralSheaf,true,5,4,epoch-0,3,9,cohens_d_test,0.04556466
citeseer,GeneralSheaf,true,5,4,epoch-0,4,9,cohens_d_test,0.045723632
citeseer,GeneralSheaf,true,5,4,epoch-1,0,0,degree,0.0729994544515315
citeseer,GeneralSheaf,true,5,4,epoch-1,1,0,degree,0.07304810601255007
citeseer,GeneralSheaf,true,5,4,epoch-1,2,0,degree,0.07303767996934317
citeseer,GeneralSheaf,true,5,4,epoch-1,3,0,degree,0.07310843786076479
citeseer,GeneralSheaf,true,5,4,epoch-1,4,0,degree,0.07298292271289304
citeseer,GeneralSheaf,true,5,4,epoch-1,0,0,betweenness,0.053889076800679024
citeseer,GeneralSheaf,true,5,4,epoch-1,1,0,betweenness,0.05372490053456276
citeseer,GeneralSheaf,true,5,4,epoch-1,2,0,betweenness,0.053497415349097535
citeseer,GeneralSheaf,true,5,4,epoch-1,3,0,betweenness,0.053347959440790876
citeseer,GeneralSheaf,true,5,4,epoch-1,4,0,betweenness,0.05302310970325616
citeseer,GeneralSheaf,true,5,4,epoch-1,0,0,confidence,0.3588478769731303
citeseer,GeneralSheaf,true,5,4,epoch-1,1,0,confidence,0.36453552039591663
citeseer,GeneralSheaf,true,5,4,epoch-1,2,0,confidence,0.3701171286832966
citeseer,GeneralSheaf,true,5,4,epoch-1,3,0,confidence,0.37530988338643545
citeseer,GeneralSheaf,true,5,4,epoch-1,4,0,confidence,0.3802759939914335
citeseer,GeneralSheaf,true,5,4,epoch-1,0,0,saliency,0.19695451829331342
citeseer,GeneralSheaf,true,5,4,epoch-1,1,0,saliency,0.1925820795305337
citeseer,GeneralSheaf,true,5,4,epoch-1,2,0,saliency,0.18836960033965702
citeseer,GeneralSheaf,true,5,4,epoch-1,3,0,saliency,0.18418370995924405
citeseer,GeneralSheaf,true,5,4,epoch-1,4,0,saliency,0.1800346545005101
citeseer,GeneralSheaf,true,5,4,epoch-1,0,0,cohens_d_train,0.627727
citeseer,GeneralSheaf,true,5,4,epoch-1,1,0,cohens_d_train,0.6392905
citeseer,GeneralSheaf,true,5,4,epoch-1,2,0,cohens_d_train,0.65052867
citeseer,GeneralSheaf,true,5,4,epoch-1,3,0,cohens_d_train,0.661307
citeseer,GeneralSheaf,true,5,4,epoch-1,4,0,cohens_d_train,0.6718527
citeseer,GeneralSheaf,true,5,4,epoch-1,0,0,cohens_d_test,0.672551
citeseer,GeneralSheaf,true,5,4,epoch-1,1,0,cohens_d_test,0.68381786
citeseer,GeneralSheaf,true,5,4,epoch-1,2,0,cohens_d_test,0.6951695
citeseer,GeneralSheaf,true,5,4,epoch-1,3,0,cohens_d_test,0.70609504
citeseer,GeneralSheaf,true,5,4,epoch-1,4,0,cohens_d_test,0.71661735
citeseer,GeneralSheaf,true,5,4,epoch-1,0,1,degree,-0.0005904038965640245
citeseer,GeneralSheaf,true,5,4,epoch-1,1,1,degree,-0.001031185962206326
citeseer,GeneralSheaf,true,5,4,epoch-1,2,1,degree,-0.0013120805440429754
citeseer,GeneralSheaf,true,5,4,epoch-1,3,1,degree,-0.00178204167773892
citeseer,GeneralSheaf,true,5,4,epoch-1,4,1,degree,-0.002205790188678275
citeseer,GeneralSheaf,true,5,4,epoch-1,0,1,betweenness,-0.011390312722213806
citeseer,GeneralSheaf,true,5,4,epoch-1,1,1,betweenness,-0.012157964137369186
citeseer,GeneralSheaf,true,5,4,epoch-1,2,1,betweenness,-0.01280226387812337
citeseer,GeneralSheaf,true,5,4,epoch-1,3,1,betweenness,-0.013536600275863129
citeseer,GeneralSheaf,true,5,4,epoch-1,4,1,betweenness,-0.014250613166553116
citeseer,GeneralSheaf,true,5,4,epoch-1,0,1,confidence,0.00512882009260989
citeseer,GeneralSheaf,true,5,4,epoch-1,1,1,confidence,0.008471664302227122
citeseer,GeneralSheaf,true,5,4,epoch-1,2,1,confidence,0.011866139150425857
citeseer,GeneralSheaf,true,5,4,epoch-1,3,1,confidence,0.015070350049728894
citeseer,GeneralSheaf,true,5,4,epoch-1,4,1,confidence,0.01818866487376854
citeseer,GeneralSheaf,true,5,4,epoch-1,0,1,saliency,-0.046834365095068616
citeseer,GeneralSheaf,true,5,4,epoch-1,1,1,saliency,-0.05031204166262604
citeseer,GeneralSheaf,true,5,4,epoch-1,2,1,saliency,-0.05382147025688726
citeseer,GeneralSheaf,true,5,4,epoch-1,3,1,saliency,-0.0571308731591769
citeseer,GeneralSheaf,true,5,4,epoch-1,4,1,saliency,-0.06039913906314935
citeseer,GeneralSheaf,true,5,4,epoch-1,0,1,cohens_d_train,0.10333861
citeseer,GeneralSheaf,true,5,4,epoch-1,1,1,cohens_d_train,0.104136065
citeseer,GeneralSheaf,true,5,4,epoch-1,2,1,cohens_d_train,0.104394175
citeseer,GeneralSheaf,true,5,4,epoch-1,3,1,cohens_d_train,0.104954384
citeseer,GeneralSheaf,true,5,4,epoch-1,4,1,cohens_d_train,0.10526957
citeseer,GeneralSheaf,true,5,4,epoch-1,0,1,cohens_d_test,0.039267804
citeseer,GeneralSheaf,true,5,4,epoch-1,1,1,cohens_d_test,0.0401187
citeseer,GeneralSheaf,true,5,4,epoch-1,2,1,cohens_d_test,0.040925298
citeseer,GeneralSheaf,true,5,4,epoch-1,3,1,cohens_d_test,0.041838463
citeseer,GeneralSheaf,true,5,4,epoch-1,4,1,cohens_d_test,0.042599723
citeseer,GeneralSheaf,true,5,4,epoch-1,0,2,degree,0.08688146515022009
citeseer,GeneralSheaf,true,5,4,epoch-1,1,2,degree,0.0870405482753965
citeseer,GeneralSheaf,true,5,4,epoch-1,2,2,degree,0.08727208471571164
citeseer,GeneralSheaf,true,5,4,epoch-1,3,2,degree,0.08757320081839155
citeseer,GeneralSheaf,true,5,4,epoch-1,4,2,degree,0.08782784143766498
citeseer,GeneralSheaf,true,5,4,epoch-1,0,2,betweenness,0.057185181421223016
citeseer,GeneralSheaf,true,5,4,epoch-1,1,2,betweenness,0.057439637383164766
citeseer,GeneralSheaf,true,5,4,epoch-1,2,2,betweenness,0.05770675927333733
citeseer,GeneralSheaf,true,5,4,epoch-1,3,2,betweenness,0.05801571112203551
citeseer,GeneralSheaf,true,5,4,epoch-1,4,2,betweenness,0.05831626040814873
citeseer,GeneralSheaf,true,5,4,epoch-1,0,2,confidence,-0.09118379510386729
citeseer,GeneralSheaf,true,5,4,epoch-1,1,2,confidence,-0.0958338671077721
citeseer,GeneralSheaf,true,5,4,epoch-1,2,2,confidence,-0.10038269622844598
citeseer,GeneralSheaf,true,5,4,epoch-1,3,2,confidence,-0.10480891507622653
citeseer,GeneralSheaf,true,5,4,epoch-1,4,2,confidence,-0.10928523561981827
citeseer,GeneralSheaf,true,5,4,epoch-1,0,2,saliency,0.29384335100154757
citeseer,GeneralSheaf,true,5,4,epoch-1,1,2,saliency,0.2962559189828217
citeseer,GeneralSheaf,true,5,4,epoch-1,2,2,saliency,0.2986450599647054
citeseer,GeneralSheaf,true,5,4,epoch-1,3,2,saliency,0.3011295485914977
citeseer,GeneralSheaf,true,5,4,epoch-1,4,2,saliency,0.30333705568293706
citeseer,GeneralSheaf,true,5,4,epoch-1,0,2,cohens_d_train,0.03127856
citeseer,GeneralSheaf,true,5,4,epoch-1,1,2,cohens_d_train,0.025287917
citeseer,GeneralSheaf,true,5,4,epoch-1,2,2,cohens_d_train,0.019137613
citeseer,GeneralSheaf,true,5,4,epoch-1,3,2,cohens_d_train,0.013176343
citeseer,GeneralSheaf,true,5,4,epoch-1,4,2,cohens_d_train,0.007011838
citeseer,GeneralSheaf,true,5,4,epoch-1,0,2,cohens_d_test,0.014503952
citeseer,GeneralSheaf,true,5,4,epoch-1,1,2,cohens_d_test,0.008539383
citeseer,GeneralSheaf,true,5,4,epoch-1,2,2,cohens_d_test,0.002734086
citeseer,GeneralSheaf,true,5,4,epoch-1,3,2,cohens_d_test,0.003044311
citeseer,GeneralSheaf,true,5,4,epoch-1,4,2,cohens_d_test,0.008530363
citeseer,GeneralSheaf,true,5,4,epoch-1,0,3,degree,0.06274293385663456
citeseer,GeneralSheaf,true,5,4,epoch-1,1,3,degree,0.06215272631594516
citeseer,GeneralSheaf,true,5,4,epoch-1,2,3,degree,0.06150675740788267
citeseer,GeneralSheaf,true,5,4,epoch-1,3,3,degree,0.06090190860093889
citeseer,GeneralSheaf,true,5,4,epoch-1,4,3,degree,0.06027158101476054
citeseer,GeneralSheaf,true,5,4,epoch-1,0,3,betweenness,0.04710455582472287
citeseer,GeneralSheaf,true,5,4,epoch-1,1,3,betweenness,0.04641594143857585
citeseer,GeneralSheaf,true,5,4,epoch-1,2,3,betweenness,0.04562457627716963
citeseer,GeneralSheaf,true,5,4,epoch-1,3,3,betweenness,0.04483337516460799
citeseer,GeneralSheaf,true,5,4,epoch-1,4,3,betweenness,0.044078801496971014
citeseer,GeneralSheaf,true,5,4,epoch-1,0,3,confidence,0.6811600686847796
citeseer,GeneralSheaf,true,5,4,epoch-1,1,3,confidence,0.680066425526645
citeseer,GeneralSheaf,true,5,4,epoch-1,2,3,confidence,0.6789497163276765
citeseer,GeneralSheaf,true,5,4,epoch-1,3,3,confidence,0.6777752875997811
citeseer,GeneralSheaf,true,5,4,epoch-1,4,3,confidence,0.6765988339107424
citeseer,GeneralSheaf,true,5,4,epoch-1,0,3,saliency,0.29873904636236237
citeseer,GeneralSheaf,true,5,4,epoch-1,1,3,saliency,0.2982795341996665
citeseer,GeneralSheaf,true,5,4,epoch-1,2,3,saliency,0.29785854729116684
citeseer,GeneralSheaf,true,5,4,epoch-1,3,3,saliency,0.2973970774954725
citeseer,GeneralSheaf,true,5,4,epoch-1,4,3,saliency,0.2970270902933175
citeseer,GeneralSheaf,true,5,4,epoch-1,0,3,cohens_d_train,0.8411111
citeseer,GeneralSheaf,true,5,4,epoch-1,1,3,cohens_d_train,0.8391175
citeseer,GeneralSheaf,true,5,4,epoch-1,2,3,cohens_d_train,0.8367513
citeseer,GeneralSheaf,true,5,4,epoch-1,3,3,cohens_d_train,0.83456063
citeseer,GeneralSheaf,true,5,4,epoch-1,4,3,cohens_d_train,0.83233094
citeseer,GeneralSheaf,true,5,4,epoch-1,0,3,cohens_d_test,0.64582455
citeseer,GeneralSheaf,true,5,4,epoch-1,1,3,cohens_d_test,0.6453216
citeseer,GeneralSheaf,true,5,4,epoch-1,2,3,cohens_d_test,0.6448501
citeseer,GeneralSheaf,true,5,4,epoch-1,3,3,cohens_d_test,0.64417124
citeseer,GeneralSheaf,true,5,4,epoch-1,4,3,cohens_d_test,0.643515
citeseer,GeneralSheaf,true,5,4,epoch-1,0,4,degree,0.16546487273253827
citeseer,GeneralSheaf,true,5,4,epoch-1,1,4,degree,0.16515202771233378
citeseer,GeneralSheaf,true,5,4,epoch-1,2,4,degree,0.16474695811634557
citeseer,GeneralSheaf,true,5,4,epoch-1,3,4,degree,0.16449986670595534
citeseer,GeneralSheaf,true,5,4,epoch-1,4,4,degree,0.16404532098048147
citeseer,GeneralSheaf,true,5,4,epoch-1,0,4,betweenness,0.1654609587450301
citeseer,GeneralSheaf,true,5,4,epoch-1,1,4,betweenness,0.16507642926076077
citeseer,GeneralSheaf,true,5,4,epoch-1,2,4,betweenness,0.16451736838404427
citeseer,GeneralSheaf,true,5,4,epoch-1,3,4,betweenness,0.1640911398640519
citeseer,GeneralSheaf,true,5,4,epoch-1,4,4,betweenness,0.16342380006548876
citeseer,GeneralSheaf,true,5,4,epoch-1,0,4,confidence,0.22074344549478384
citeseer,GeneralSheaf,true,5,4,epoch-1,1,4,confidence,0.21802830911032106
citeseer,GeneralSheaf,true,5,4,epoch-1,2,4,confidence,0.21524329998017072
citeseer,GeneralSheaf,true,5,4,epoch-1,3,4,confidence,0.2124655590339417
citeseer,GeneralSheaf,true,5,4,epoch-1,4,4,confidence,0.20988159891616207
citeseer,GeneralSheaf,true,5,4,epoch-1,0,4,saliency,0.4451485568121857
citeseer,GeneralSheaf,true,5,4,epoch-1,1,4,saliency,0.44486581938426395
citeseer,GeneralSheaf,true,5,4,epoch-1,2,4,saliency,0.44462517457139505
citeseer,GeneralSheaf,true,5,4,epoch-1,3,4,saliency,0.44438379398619726
citeseer,GeneralSheaf,true,5,4,epoch-1,4,4,saliency,0.44408633545956294
citeseer,GeneralSheaf,true,5,4,epoch-1,0,4,cohens_d_train,0.39855206
citeseer,GeneralSheaf,true,5,4,epoch-1,1,4,cohens_d_train,0.3910694
citeseer,GeneralSheaf,true,5,4,epoch-1,2,4,cohens_d_train,0.38374743
citeseer,GeneralSheaf,true,5,4,epoch-1,3,4,cohens_d_train,0.37656876
citeseer,GeneralSheaf,true,5,4,epoch-1,4,4,cohens_d_train,0.3696014
citeseer,GeneralSheaf,true,5,4,epoch-1,0,4,cohens_d_test,0.35191202
citeseer,GeneralSheaf,true,5,4,epoch-1,1,4,cohens_d_test,0.34707206
citeseer,GeneralSheaf,true,5,4,epoch-1,2,4,cohens_d_test,0.34224644
citeseer,GeneralSheaf,true,5,4,epoch-1,3,4,cohens_d_test,0.33745492
citeseer,GeneralSheaf,true,5,4,epoch-1,4,4,cohens_d_test,0.33247724
citeseer,GeneralSheaf,true,5,4,epoch-1,0,5,degree,0.12968275900397988
citeseer,GeneralSheaf,true,5,4,epoch-1,1,5,degree,0.12812089403946883
citeseer,GeneralSheaf,true,5,4,epoch-1,2,5,degree,0.12656592539081854
citeseer,GeneralSheaf,true,5,4,epoch-1,3,5,degree,0.1250462055401241
citeseer,GeneralSheaf,true,5,4,epoch-1,4,5,degree,0.12351511462537568
citeseer,GeneralSheaf,true,5,4,epoch-1,0,5,betweenness,0.14280150938021113
citeseer,GeneralSheaf,true,5,4,epoch-1,1,5,betweenness,0.14203440730788094
citeseer,GeneralSheaf,true,5,4,epoch-1,2,5,betweenness,0.1412571456187414
citeseer,GeneralSheaf,true,5,4,epoch-1,3,5,betweenness,0.14049252339084212
citeseer,GeneralSheaf,true,5,4,epoch-1,4,5,betweenness,0.13973312114021622
citeseer,GeneralSheaf,true,5,4,epoch-1,0,5,confidence,0.3396578825457631
citeseer,GeneralSheaf,true,5,4,epoch-1,1,5,confidence,0.33176871794626084
citeseer,GeneralSheaf,true,5,4,epoch-1,2,5,confidence,0.32385645909515454
citeseer,GeneralSheaf,true,5,4,epoch-1,3,5,confidence,0.31580920930691164
citeseer,GeneralSheaf,true,5,4,epoch-1,4,5,confidence,0.3077827665819048
citeseer,GeneralSheaf,true,5,4,epoch-1,0,5,saliency,0.33126746350757863
citeseer,GeneralSheaf,true,5,4,epoch-1,1,5,saliency,0.3311271741819888
citeseer,GeneralSheaf,true,5,4,epoch-1,2,5,saliency,0.3308432747137445
citeseer,GeneralSheaf,true,5,4,epoch-1,3,5,saliency,0.33051692576566405
citeseer,GeneralSheaf,true,5,4,epoch-1,4,5,saliency,0.3300361511637591
citeseer,GeneralSheaf,true,5,4,epoch-1,0,5,cohens_d_train,0.69090927
citeseer,GeneralSheaf,true,5,4,epoch-1,1,5,cohens_d_train,0.67131764
citeseer,GeneralSheaf,true,5,4,epoch-1,2,5,cohens_d_train,0.65173644
citeseer,GeneralSheaf,true,5,4,epoch-1,3,5,cohens_d_train,0.6318263
citeseer,GeneralSheaf,true,5,4,epoch-1,4,5,cohens_d_train,0.6121545
citeseer,GeneralSheaf,true,5,4,epoch-1,0,5,cohens_d_test,0.22670771
citeseer,GeneralSheaf,true,5,4,epoch-1,1,5,cohens_d_test,0.21356615
citeseer,GeneralSheaf,true,5,4,epoch-1,2,5,cohens_d_test,0.20016548
citeseer,GeneralSheaf,true,5,4,epoch-1,3,5,cohens_d_test,0.18722908
citeseer,GeneralSheaf,true,5,4,epoch-1,4,5,cohens_d_test,0.17432965
citeseer,GeneralSheaf,true,5,4,epoch-1,0,6,degree,0.1401387022458291
citeseer,GeneralSheaf,true,5,4,epoch-1,1,6,degree,0.14114379022529203
citeseer,GeneralSheaf,true,5,4,epoch-1,2,6,degree,0.14207820682896238
citeseer,GeneralSheaf,true,5,4,epoch-1,3,6,degree,0.14317635990416097
citeseer,GeneralSheaf,true,5,4,epoch-1,4,6,degree,0.14408948118520837
citeseer,GeneralSheaf,true,5,4,epoch-1,0,6,betweenness,0.1021003670109877
citeseer,GeneralSheaf,true,5,4,epoch-1,1,6,betweenness,0.10323267487930453
citeseer,GeneralSheaf,true,5,4,epoch-1,2,6,betweenness,0.10432172933551051
citeseer,GeneralSheaf,true,5,4,epoch-1,3,6,betweenness,0.10561168527382289
citeseer,GeneralSheaf,true,5,4,epoch-1,4,6,betweenness,0.10667193303913092
citeseer,GeneralSheaf,true,5,4,epoch-1,0,6,confidence,0.48412959313108167
citeseer,GeneralSheaf,true,5,4,epoch-1,1,6,confidence,0.4897649642745057
citeseer,GeneralSheaf,true,5,4,epoch-1,2,6,confidence,0.4952397180563225
citeseer,GeneralSheaf,true,5,4,epoch-1,3,6,confidence,0.5005447481647641
citeseer,GeneralSheaf,true,5,4,epoch-1,4,6,confidence,0.5060321562357885
citeseer,GeneralSheaf,true,5,4,epoch-1,0,6,saliency,0.09657048924746732
citeseer,GeneralSheaf,true,5,4,epoch-1,1,6,saliency,0.0911963253495457
citeseer,GeneralSheaf,true,5,4,epoch-1,2,6,saliency,0.08581405647185474
citeseer,GeneralSheaf,true,5,4,epoch-1,3,6,saliency,0.08045123065449802
citeseer,GeneralSheaf,true,5,4,epoch-1,4,6,saliency,0.07495778720123765
citeseer,GeneralSheaf,true,5,4,epoch-1,0,6,cohens_d_train,1.2876937
citeseer,GeneralSheaf,true,5,4,epoch-1,1,6,cohens_d_train,1.3031894
citeseer,GeneralSheaf,true,5,4,epoch-1,2,6,cohens_d_train,1.3186816
citeseer,GeneralSheaf,true,5,4,epoch-1,3,6,cohens_d_train,1.3338426
citeseer,GeneralSheaf,true,5,4,epoch-1,4,6,cohens_d_train,1.3494486
citeseer,GeneralSheaf,true,5,4,epoch-1,0,6,cohens_d_test,0.8280246
citeseer,GeneralSheaf,true,5,4,epoch-1,1,6,cohens_d_test,0.8374711
citeseer,GeneralSheaf,true,5,4,epoch-1,2,6,cohens_d_test,0.84690565
citeseer,GeneralSheaf,true,5,4,epoch-1,3,6,cohens_d_test,0.8565471
citeseer,GeneralSheaf,true,5,4,epoch-1,4,6,cohens_d_test,0.8662315
citeseer,GeneralSheaf,true,5,4,epoch-1,0,7,degree,0.10335628520011979
citeseer,GeneralSheaf,true,5,4,epoch-1,1,7,degree,0.10302750316657323
citeseer,GeneralSheaf,true,5,4,epoch-1,2,7,degree,0.10261420363729329
citeseer,GeneralSheaf,true,5,4,epoch-1,3,7,degree,0.10229616129927598
citeseer,GeneralSheaf,true,5,4,epoch-1,4,7,degree,0.10197139561215676
citeseer,GeneralSheaf,true,5,4,epoch-1,0,7,betweenness,0.0731298047790163
citeseer,GeneralSheaf,true,5,4,epoch-1,1,7,betweenness,0.07263030589992144
citeseer,GeneralSheaf,true,5,4,epoch-1,2,7,betweenness,0.07204800156820745
citeseer,GeneralSheaf,true,5,4,epoch-1,3,7,betweenness,0.07150320278315433
citeseer,GeneralSheaf,true,5,4,epoch-1,4,7,betweenness,0.07098290264076554
citeseer,GeneralSheaf,true,5,4,epoch-1,0,7,confidence,0.6992043017615144
citeseer,GeneralSheaf,true,5,4,epoch-1,1,7,confidence,0.6982818230767595
citeseer,GeneralSheaf,true,5,4,epoch-1,2,7,confidence,0.6973796105026266
citeseer,GeneralSheaf,true,5,4,epoch-1,3,7,confidence,0.6963355385859574
citeseer,GeneralSheaf,true,5,4,epoch-1,4,7,confidence,0.6952509637342695
citeseer,GeneralSheaf,true,5,4,epoch-1,0,7,saliency,0.3653613849258465
citeseer,GeneralSheaf,true,5,4,epoch-1,1,7,saliency,0.3677476213101637
citeseer,GeneralSheaf,true,5,4,epoch-1,2,7,saliency,0.3699240531902786
citeseer,GeneralSheaf,true,5,4,epoch-1,3,7,saliency,0.37221066962446964
citeseer,GeneralSheaf,true,5,4,epoch-1,4,7,saliency,0.3743611387927618
citeseer,GeneralSheaf,true,5,4,epoch-1,0,7,cohens_d_train,1.2504672
citeseer,GeneralSheaf,true,5,4,epoch-1,1,7,cohens_d_train,1.2498531
citeseer,GeneralSheaf,true,5,4,epoch-1,2,7,cohens_d_train,1.2492336
citeseer,GeneralSheaf,true,5,4,epoch-1,3,7,cohens_d_train,1.2482452
citeseer,GeneralSheaf,true,5,4,epoch-1,4,7,cohens_d_train,1.2472597
citeseer,GeneralSheaf,true,5,4,epoch-1,0,7,cohens_d_test,1.2223508
citeseer,GeneralSheaf,true,5,4,epoch-1,1,7,cohens_d_test,1.2209195
citeseer,GeneralSheaf,true,5,4,epoch-1,2,7,cohens_d_test,1.2186506
citeseer,GeneralSheaf,true,5,4,epoch-1,3,7,cohens_d_test,1.2180597
citeseer,GeneralSheaf,true,5,4,epoch-1,4,7,cohens_d_test,1.216788
citeseer,GeneralSheaf,true,5,4,epoch-1,0,8,degree,0.10713882152401552
citeseer,GeneralSheaf,true,5,4,epoch-1,1,8,degree,0.10726979814164343
citeseer,GeneralSheaf,true,5,4,epoch-1,2,8,degree,0.10750956794513133
citeseer,GeneralSheaf,true,5,4,epoch-1,3,8,degree,0.1077346483927136
citeseer,GeneralSheaf,true,5,4,epoch-1,4,8,degree,0.10787996230440196
citeseer,GeneralSheaf,true,5,4,epoch-1,0,8,betweenness,0.0952427368141072
citeseer,GeneralSheaf,true,5,4,epoch-1,1,8,betweenness,0.0951261779690313
citeseer,GeneralSheaf,true,5,4,epoch-1,2,8,betweenness,0.09506756190522893
citeseer,GeneralSheaf,true,5,4,epoch-1,3,8,betweenness,0.09496885791869705
citeseer,GeneralSheaf,true,5,4,epoch-1,4,8,betweenness,0.09488430923849382
citeseer,GeneralSheaf,true,5,4,epoch-1,0,8,confidence,-0.06699889205524104
citeseer,GeneralSheaf,true,5,4,epoch-1,1,8,confidence,-0.06945427913743506
citeseer,GeneralSheaf,true,5,4,epoch-1,2,8,confidence,-0.071926037812137
citeseer,GeneralSheaf,true,5,4,epoch-1,3,8,confidence,-0.07421888371846377
citeseer,GeneralSheaf,true,5,4,epoch-1,4,8,confidence,-0.07650276338485573
citeseer,GeneralSheaf,true,5,4,epoch-1,0,8,saliency,0.2137017023508055
citeseer,GeneralSheaf,true,5,4,epoch-1,1,8,saliency,0.21892614697711493
citeseer,GeneralSheaf,true,5,4,epoch-1,2,8,saliency,0.2237430737567385
citeseer,GeneralSheaf,true,5,4,epoch-1,3,8,saliency,0.22862891606741037
citeseer,GeneralSheaf,true,5,4,epoch-1,4,8,saliency,0.23340353869914965
citeseer,GeneralSheaf,true,5,4,epoch-1,0,8,cohens_d_train,0.39874077
citeseer,GeneralSheaf,true,5,4,epoch-1,1,8,cohens_d_train,0.39819485
citeseer,GeneralSheaf,true,5,4,epoch-1,2,8,cohens_d_train,0.39717612
citeseer,GeneralSheaf,true,5,4,epoch-1,3,8,cohens_d_train,0.39632228
citeseer,GeneralSheaf,true,5,4,epoch-1,4,8,cohens_d_train,0.39549357
citeseer,GeneralSheaf,true,5,4,epoch-1,0,8,cohens_d_test,0.2309701
citeseer,GeneralSheaf,true,5,4,epoch-1,1,8,cohens_d_test,0.2303363
citeseer,GeneralSheaf,true,5,4,epoch-1,2,8,cohens_d_test,0.2297383
citeseer,GeneralSheaf,true,5,4,epoch-1,3,8,cohens_d_test,0.22902477
citeseer,GeneralSheaf,true,5,4,epoch-1,4,8,cohens_d_test,0.22839771
citeseer,GeneralSheaf,true,5,4,epoch-1,0,9,degree,0.05536445034376688
citeseer,GeneralSheaf,true,5,4,epoch-1,1,9,degree,0.055350092657158186
citeseer,GeneralSheaf,true,5,4,epoch-1,2,9,degree,0.05534734301644931
citeseer,GeneralSheaf,true,5,4,epoch-1,3,9,degree,0.05537238255273286
citeseer,GeneralSheaf,true,5,4,epoch-1,4,9,degree,0.05544943749204846
citeseer,GeneralSheaf,true,5,4,epoch-1,0,9,betweenness,0.022104061374293372
citeseer,GeneralSheaf,true,5,4,epoch-1,1,9,betweenness,0.022098712565443546
citeseer,GeneralSheaf,true,5,4,epoch-1,2,9,betweenness,0.02209908687880772
citeseer,GeneralSheaf,true,5,4,epoch-1,3,9,betweenness,0.022125289875168003
citeseer,GeneralSheaf,true,5,4,epoch-1,4,9,betweenness,0.022189116164563826
citeseer,GeneralSheaf,true,5,4,epoch-1,0,9,confidence,0.3408248546209163
citeseer,GeneralSheaf,true,5,4,epoch-1,1,9,confidence,0.34071814688173613
citeseer,GeneralSheaf,true,5,4,epoch-1,2,9,confidence,0.3407194885295385
citeseer,GeneralSheaf,true,5,4,epoch-1,3,9,confidence,0.3405810461481612
citeseer,GeneralSheaf,true,5,4,epoch-1,4,9,confidence,0.34060040664849156
citeseer,GeneralSheaf,true,5,4,epoch-1,0,9,saliency,nan
citeseer,GeneralSheaf,true,5,4,epoch-1,1,9,saliency,nan
citeseer,GeneralSheaf,true,5,4,epoch-1,2,9,saliency,nan
citeseer,GeneralSheaf,true,5,4,epoch-1,3,9,saliency,nan
citeseer,GeneralSheaf,true,5,4,epoch-1,4,9,saliency,nan
citeseer,GeneralSheaf,true,5,4,epoch-1,0,9,cohens_d_train,0.64450103
citeseer,GeneralSheaf,true,5,4,epoch-1,1,9,cohens_d_train,0.6442989
citeseer,GeneralSheaf,true,5,4,epoch-1,2,9,cohens_d_train,0.64420706
citeseer,GeneralSheaf,true,5,4,epoch-1,3,9,cohens_d_train,0.64389324
citeseer,GeneralSheaf,true,5,4,epoch-1,4,9,cohens_d_train,0.6438732
citeseer,GeneralSheaf,true,5,4,epoch-1,0,9,cohens_d_test,0.62371945
citeseer,GeneralSheaf,true,5,4,epoch-1,1,9,cohens_d_test,0.6237092
citeseer,GeneralSheaf,true,5,4,epoch-1,2,9,cohens_d_test,0.6237873
citeseer,GeneralSheaf,true,5,4,epoch-1,3,9,cohens_d_test,0.6237356
citeseer,GeneralSheaf,true,5,4,epoch-1,4,9,cohens_d_test,0.62363005
citeseer,GeneralSheaf,true,5,4,epoch-5,0,0,degree,0.10921732736540112
citeseer,GeneralSheaf,true,5,4,epoch-5,1,0,degree,0.10887160599181216
citeseer,GeneralSheaf,true,5,4,epoch-5,2,0,degree,0.10874741549011875
citeseer,GeneralSheaf,true,5,4,epoch-5,3,0,degree,0.10842661080473152
citeseer,GeneralSheaf,true,5,4,epoch-5,4,0,degree,0.10800357800208918
citeseer,GeneralSheaf,true,5,4,epoch-5,0,0,betweenness,0.08971404599023185
citeseer,GeneralSheaf,true,5,4,epoch-5,1,0,betweenness,0.0890355716851482
citeseer,GeneralSheaf,true,5,4,epoch-5,2,0,betweenness,0.08853365801876638
citeseer,GeneralSheaf,true,5,4,epoch-5,3,0,betweenness,0.08790663642963774
citeseer,GeneralSheaf,true,5,4,epoch-5,4,0,betweenness,0.08721608223141318
citeseer,GeneralSheaf,true,5,4,epoch-5,0,0,confidence,0.6609836374522791
citeseer,GeneralSheaf,true,5,4,epoch-5,1,0,confidence,0.6641799063924361
citeseer,GeneralSheaf,true,5,4,epoch-5,2,0,confidence,0.6673294795070219
citeseer,GeneralSheaf,true,5,4,epoch-5,3,0,confidence,0.6699174623217328
citeseer,GeneralSheaf,true,5,4,epoch-5,4,0,confidence,0.672597589332872
citeseer,GeneralSheaf,true,5,4,epoch-5,0,0,saliency,-0.20514660941411758
citeseer,GeneralSheaf,true,5,4,epoch-5,1,0,saliency,-0.21089657327769723
citeseer,GeneralSheaf,true,5,4,epoch-5,2,0,saliency,-0.21650410073022602
citeseer,GeneralSheaf,true,5,4,epoch-5,3,0,saliency,-0.22192182561329088
citeseer,GeneralSheaf,true,5,4,epoch-5,4,0,saliency,-0.22730179681497087
citeseer,GeneralSheaf,true,5,4,epoch-5,0,0,cohens_d_train,1.2486806
citeseer,GeneralSheaf,true,5,4,epoch-5,1,0,cohens_d_train,1.2569562
citeseer,GeneralSheaf,true,5,4,epoch-5,2,0,cohens_d_train,1.2653321
citeseer,GeneralSheaf,true,5,4,epoch-5,3,0,cohens_d_train,1.2728025
citeseer,GeneralSheaf,true,5,4,epoch-5,4,0,cohens_d_train,1.2801352
citeseer,GeneralSheaf,true,5,4,epoch-5,0,0,cohens_d_test,1.0860646
citeseer,GeneralSheaf,true,5,4,epoch-5,1,0,cohens_d_test,1.0936916
citeseer,GeneralSheaf,true,5,4,epoch-5,2,0,cohens_d_test,1.1022565
citeseer,GeneralSheaf,true,5,4,epoch-5,3,0,cohens_d_test,1.1090894
citeseer,GeneralSheaf,true,5,4,epoch-5,4,0,cohens_d_test,1.1157389
citeseer,GeneralSheaf,true,5,4,epoch-5,0,1,degree,0.06685233101308471
citeseer,GeneralSheaf,true,5,4,epoch-5,1,1,degree,0.0663240096901045
citeseer,GeneralSheaf,true,5,4,epoch-5,2,1,degree,0.06565580841219222
citeseer,GeneralSheaf,true,5,4,epoch-5,3,1,degree,0.064969914933805
citeseer,GeneralSheaf,true,5,4,epoch-5,4,1,degree,0.06452539546033315
citeseer,GeneralSheaf,true,5,4,epoch-5,0,1,betweenness,0.0487103677558637
citeseer,GeneralSheaf,true,5,4,epoch-5,1,1,betweenness,0.04782739909618452
citeseer,GeneralSheaf,true,5,4,epoch-5,2,1,betweenness,0.04682319963685081
citeseer,GeneralSheaf,true,5,4,epoch-5,3,1,betweenness,0.045785753604554
citeseer,GeneralSheaf,true,5,4,epoch-5,4,1,betweenness,0.0449933620817926
citeseer,GeneralSheaf,true,5,4,epoch-5,0,1,confidence,0.7151074438035869
citeseer,GeneralSheaf,true,5,4,epoch-5,1,1,confidence,0.7199204790059974
citeseer,GeneralSheaf,true,5,4,epoch-5,2,1,confidence,0.7244991913660861
citeseer,GeneralSheaf,true,5,4,epoch-5,3,1,confidence,0.728989417085976
citeseer,GeneralSheaf,true,5,4,epoch-5,4,1,confidence,0.7334509590587116
citeseer,GeneralSheaf,true,5,4,epoch-5,0,1,saliency,-0.2988002613334149
citeseer,GeneralSheaf,true,5,4,epoch-5,1,1,saliency,-0.30212673135961293
citeseer,GeneralSheaf,true,5,4,epoch-5,2,1,saliency,-0.3051784273116674
citeseer,GeneralSheaf,true,5,4,epoch-5,3,1,saliency,-0.30828649114568696
citeseer,GeneralSheaf,true,5,4,epoch-5,4,1,saliency,-0.3114180422379182
citeseer,GeneralSheaf,true,5,4,epoch-5,0,1,cohens_d_train,1.1392422
citeseer,GeneralSheaf,true,5,4,epoch-5,1,1,cohens_d_train,1.1491183
citeseer,GeneralSheaf,true,5,4,epoch-5,2,1,cohens_d_train,1.1578501
citeseer,GeneralSheaf,true,5,4,epoch-5,3,1,cohens_d_train,1.166683
citeseer,GeneralSheaf,true,5,4,epoch-5,4,1,cohens_d_train,1.175541
citeseer,GeneralSheaf,true,5,4,epoch-5,0,1,cohens_d_test,0.8712871
citeseer,GeneralSheaf,true,5,4,epoch-5,1,1,cohens_d_test,0.8810154
citeseer,GeneralSheaf,true,5,4,epoch-5,2,1,cohens_d_test,0.8889829
citeseer,GeneralSheaf,true,5,4,epoch-5,3,1,cohens_d_test,0.8973907
citeseer,GeneralSheaf,true,5,4,epoch-5,4,1,cohens_d_test,0.90631604
citeseer,GeneralSheaf,true,5,4,epoch-5,0,2,degree,0.1415233709039196
citeseer,GeneralSheaf,true,5,4,epoch-5,1,2,degree,0.1418600924575601
citeseer,GeneralSheaf,true,5,4,epoch-5,2,2,degree,0.14207261010676375
citeseer,GeneralSheaf,true,5,4,epoch-5,3,2,degree,0.14242303833505274
citeseer,GeneralSheaf,true,5,4,epoch-5,4,2,degree,0.142145609431257
citeseer,GeneralSheaf,true,5,4,epoch-5,0,2,betweenness,0.10325552945429423
citeseer,GeneralSheaf,true,5,4,epoch-5,1,2,betweenness,0.103708762114922
citeseer,GeneralSheaf,true,5,4,epoch-5,2,2,betweenness,0.10407862834203636
citeseer,GeneralSheaf,true,5,4,epoch-5,3,2,betweenness,0.10460215985066881
citeseer,GeneralSheaf,true,5,4,epoch-5,4,2,betweenness,0.10461251541162124
citeseer,GeneralSheaf,true,5,4,epoch-5,0,2,confidence,0.6353644129786369
citeseer,GeneralSheaf,true,5,4,epoch-5,1,2,confidence,0.6359278802256719
citeseer,GeneralSheaf,true,5,4,epoch-5,2,2,confidence,0.6366298224651467
citeseer,GeneralSheaf,true,5,4,epoch-5,3,2,confidence,0.6374541325566936
citeseer,GeneralSheaf,true,5,4,epoch-5,4,2,confidence,0.6374800647703875
citeseer,GeneralSheaf,true,5,4,epoch-5,0,2,saliency,-0.2980844401163865
citeseer,GeneralSheaf,true,5,4,epoch-5,1,2,saliency,-0.2958651049308563
citeseer,GeneralSheaf,true,5,4,epoch-5,2,2,saliency,-0.2936442915671939
citeseer,GeneralSheaf,true,5,4,epoch-5,3,2,saliency,-0.291408562055595
citeseer,GeneralSheaf,true,5,4,epoch-5,4,2,saliency,-0.28893169544286673
citeseer,GeneralSheaf,true,5,4,epoch-5,0,2,cohens_d_train,0.96625364
citeseer,GeneralSheaf,true,5,4,epoch-5,1,2,cohens_d_train,0.96612614
citeseer,GeneralSheaf,true,5,4,epoch-5,2,2,cohens_d_train,0.9662479
citeseer,GeneralSheaf,true,5,4,epoch-5,3,2,cohens_d_train,0.96657133
citeseer,GeneralSheaf,true,5,4,epoch-5,4,2,cohens_d_train,0.9652947
citeseer,GeneralSheaf,true,5,4,epoch-5,0,2,cohens_d_test,0.7810654
citeseer,GeneralSheaf,true,5,4,epoch-5,1,2,cohens_d_test,0.7797313
citeseer,GeneralSheaf,true,5,4,epoch-5,2,2,cohens_d_test,0.77845144
citeseer,GeneralSheaf,true,5,4,epoch-5,3,2,cohens_d_test,0.7775422
citeseer,GeneralSheaf,true,5,4,epoch-5,4,2,cohens_d_test,0.7752524
citeseer,GeneralSheaf,true,5,4,epoch-5,0,3,degree,0.09232955036563535
citeseer,GeneralSheaf,true,5,4,epoch-5,1,3,degree,0.09202943090223918
citeseer,GeneralSheaf,true,5,4,epoch-5,2,3,degree,0.0912618303730225
citeseer,GeneralSheaf,true,5,4,epoch-5,3,3,degree,0.09104548538412538
citeseer,GeneralSheaf,true,5,4,epoch-5,4,3,degree,0.09123822328513125
citeseer,GeneralSheaf,true,5,4,epoch-5,0,3,betweenness,0.06343744034002474
citeseer,GeneralSheaf,true,5,4,epoch-5,1,3,betweenness,0.0629959052533111
citeseer,GeneralSheaf,true,5,4,epoch-5,2,3,betweenness,0.06205552240335308
citeseer,GeneralSheaf,true,5,4,epoch-5,3,3,betweenness,0.06161484058979907
citeseer,GeneralSheaf,true,5,4,epoch-5,4,3,betweenness,0.061543092411911735
citeseer,GeneralSheaf,true,5,4,epoch-5,0,3,confidence,0.8958338313144427
citeseer,GeneralSheaf,true,5,4,epoch-5,1,3,confidence,0.8961030569497749
citeseer,GeneralSheaf,true,5,4,epoch-5,2,3,confidence,0.8961300179191409
citeseer,GeneralSheaf,true,5,4,epoch-5,3,3,confidence,0.8963315856905314
citeseer,GeneralSheaf,true,5,4,epoch-5,4,3,confidence,0.8965424652080847
citeseer,GeneralSheaf,true,5,4,epoch-5,0,3,saliency,-0.0027363948206759674
citeseer,GeneralSheaf,true,5,4,epoch-5,1,3,saliency,-0.002753187737742312
citeseer,GeneralSheaf,true,5,4,epoch-5,2,3,saliency,-0.0027171979928675687
citeseer,GeneralSheaf,true,5,4,epoch-5,3,3,saliency,-0.0026955383225330484
citeseer,GeneralSheaf,true,5,4,epoch-5,4,3,saliency,-0.00265022997095332
citeseer,GeneralSheaf,true,5,4,epoch-5,0,3,cohens_d_train,1.7719892
citeseer,GeneralSheaf,true,5,4,epoch-5,1,3,cohens_d_train,1.7714776
citeseer,GeneralSheaf,true,5,4,epoch-5,2,3,cohens_d_train,1.7708349
citeseer,GeneralSheaf,true,5,4,epoch-5,3,3,cohens_d_train,1.770672
citeseer,GeneralSheaf,true,5,4,epoch-5,4,3,cohens_d_train,1.7698293
citeseer,GeneralSheaf,true,5,4,epoch-5,0,3,cohens_d_test,1.4236982
citeseer,GeneralSheaf,true,5,4,epoch-5,1,3,cohens_d_test,1.4238571
citeseer,GeneralSheaf,true,5,4,epoch-5,2,3,cohens_d_test,1.4231724
citeseer,GeneralSheaf,true,5,4,epoch-5,3,3,cohens_d_test,1.423936
citeseer,GeneralSheaf,true,5,4,epoch-5,4,3,cohens_d_test,1.4240702
citeseer,GeneralSheaf,true,5,4,epoch-5,0,4,degree,0.15551861273722545
citeseer,GeneralSheaf,true,5,4,epoch-5,1,4,degree,0.15414118434089844
citeseer,GeneralSheaf,true,5,4,epoch-5,2,4,degree,0.1540085991773566
citeseer,GeneralSheaf,true,5,4,epoch-5,3,4,degree,0.153831055500282
citeseer,GeneralSheaf,true,5,4,epoch-5,4,4,degree,0.1535869162786146
citeseer,GeneralSheaf,true,5,4,epoch-5,0,4,betweenness,0.14397030212351652
citeseer,GeneralSheaf,true,5,4,epoch-5,1,4,betweenness,0.1425914105141641
citeseer,GeneralSheaf,true,5,4,epoch-5,2,4,betweenness,0.1422778336521974
citeseer,GeneralSheaf,true,5,4,epoch-5,3,4,betweenness,0.14189395687578132
citeseer,GeneralSheaf,true,5,4,epoch-5,4,4,betweenness,0.1414252853636862
citeseer,GeneralSheaf,true,5,4,epoch-5,0,4,confidence,0.7524488291145914
citeseer,GeneralSheaf,true,5,4,epoch-5,1,4,confidence,0.7537489716691341
citeseer,GeneralSheaf,true,5,4,epoch-5,2,4,confidence,0.7546644795011661
citeseer,GeneralSheaf,true,5,4,epoch-5,3,4,confidence,0.7551587847931744
citeseer,GeneralSheaf,true,5,4,epoch-5,4,4,confidence,0.7552849142926421
citeseer,GeneralSheaf,true,5,4,epoch-5,0,4,saliency,0.3109200556366357
citeseer,GeneralSheaf,true,5,4,epoch-5,1,4,saliency,0.31030788235088136
citeseer,GeneralSheaf,true,5,4,epoch-5,2,4,saliency,0.3101079989622162
citeseer,GeneralSheaf,true,5,4,epoch-5,3,4,saliency,0.30993734409231305
citeseer,GeneralSheaf,true,5,4,epoch-5,4,4,saliency,0.3097564151517526
citeseer,GeneralSheaf,true,5,4,epoch-5,0,4,cohens_d_train,1.3292991
citeseer,GeneralSheaf,true,5,4,epoch-5,1,4,cohens_d_train,1.3266568
citeseer,GeneralSheaf,true,5,4,epoch-5,2,4,cohens_d_train,1.3268561
citeseer,GeneralSheaf,true,5,4,epoch-5,3,4,cohens_d_train,1.3275999
citeseer,GeneralSheaf,true,5,4,epoch-5,4,4,cohens_d_train,1.3293779
citeseer,GeneralSheaf,true,5,4,epoch-5,0,4,cohens_d_test,1.066082
citeseer,GeneralSheaf,true,5,4,epoch-5,1,4,cohens_d_test,1.0635234
citeseer,GeneralSheaf,true,5,4,epoch-5,2,4,cohens_d_test,1.0633447
citeseer,GeneralSheaf,true,5,4,epoch-5,3,4,cohens_d_test,1.064184
citeseer,GeneralSheaf,true,5,4,epoch-5,4,4,cohens_d_test,1.0658925
citeseer,GeneralSheaf,true,5,4,epoch-5,0,5,degree,0.12245386953773055
citeseer,GeneralSheaf,true,5,4,epoch-5,1,5,degree,0.12168568282767059
citeseer,GeneralSheaf,true,5,4,epoch-5,2,5,degree,0.12088203085045923
citeseer,GeneralSheaf,true,5,4,epoch-5,3,5,degree,0.11995346408883466
citeseer,GeneralSheaf,true,5,4,epoch-5,4,5,degree,0.12016586845651502
citeseer,GeneralSheaf,true,5,4,epoch-5,0,5,betweenness,0.12307833601321244
citeseer,GeneralSheaf,true,5,4,epoch-5,1,5,betweenness,0.12277387009513446
citeseer,GeneralSheaf,true,5,4,epoch-5,2,5,betweenness,0.12241194872184032
citeseer,GeneralSheaf,true,5,4,epoch-5,3,5,betweenness,0.12187784401305259
citeseer,GeneralSheaf,true,5,4,epoch-5,4,5,betweenness,0.12255634147099916
citeseer,GeneralSheaf,true,5,4,epoch-5,0,5,confidence,0.4624057756201274
citeseer,GeneralSheaf,true,5,4,epoch-5,1,5,confidence,0.4582909273352185
citeseer,GeneralSheaf,true,5,4,epoch-5,2,5,confidence,0.4541430589118645
citeseer,GeneralSheaf,true,5,4,epoch-5,3,5,confidence,0.4494115694314335
citeseer,GeneralSheaf,true,5,4,epoch-5,4,5,confidence,0.4447468901131247
citeseer,GeneralSheaf,true,5,4,epoch-5,0,5,saliency,0.033386917280368265
citeseer,GeneralSheaf,true,5,4,epoch-5,1,5,saliency,0.034293555771761484
citeseer,GeneralSheaf,true,5,4,epoch-5,2,5,saliency,0.03515424958018382
citeseer,GeneralSheaf,true,5,4,epoch-5,3,5,saliency,0.03606201275535835
citeseer,GeneralSheaf,true,5,4,epoch-5,4,5,saliency,0.03731343724934374
citeseer,GeneralSheaf,true,5,4,epoch-5,0,5,cohens_d_train,0.7015741
citeseer,GeneralSheaf,true,5,4,epoch-5,1,5,cohens_d_train,0.69166577
citeseer,GeneralSheaf,true,5,4,epoch-5,2,5,cohens_d_train,0.6816914
citeseer,GeneralSheaf,true,5,4,epoch-5,3,5,cohens_d_train,0.67015976
citeseer,GeneralSheaf,true,5,4,epoch-5,4,5,cohens_d_train,0.6584003
citeseer,GeneralSheaf,true,5,4,epoch-5,0,5,cohens_d_test,0.28978276
citeseer,GeneralSheaf,true,5,4,epoch-5,1,5,cohens_d_test,0.28149304
citeseer,GeneralSheaf,true,5,4,epoch-5,2,5,cohens_d_test,0.27293473
citeseer,GeneralSheaf,true,5,4,epoch-5,3,5,cohens_d_test,0.26454455
citeseer,GeneralSheaf,true,5,4,epoch-5,4,5,cohens_d_test,0.25732267
citeseer,GeneralSheaf,true,5,4,epoch-5,0,6,degree,0.14045993747091265
citeseer,GeneralSheaf,true,5,4,epoch-5,1,6,degree,0.1413347984711311
citeseer,GeneralSheaf,true,5,4,epoch-5,2,6,degree,0.142145815025952
citeseer,GeneralSheaf,true,5,4,epoch-5,3,6,degree,0.1429665258906651
citeseer,GeneralSheaf,true,5,4,epoch-5,4,6,degree,0.14393864814035426
citeseer,GeneralSheaf,true,5,4,epoch-5,0,6,betweenness,0.10554516874776763
citeseer,GeneralSheaf,true,5,4,epoch-5,1,6,betweenness,0.10646311041087819
citeseer,GeneralSheaf,true,5,4,epoch-5,2,6,betweenness,0.10736458128063207
citeseer,GeneralSheaf,true,5,4,epoch-5,3,6,betweenness,0.10826527564681432
citeseer,GeneralSheaf,true,5,4,epoch-5,4,6,betweenness,0.10936430143074453
citeseer,GeneralSheaf,true,5,4,epoch-5,0,6,confidence,0.5369354885854039
citeseer,GeneralSheaf,true,5,4,epoch-5,1,6,confidence,0.5374269818561805
citeseer,GeneralSheaf,true,5,4,epoch-5,2,6,confidence,0.5379686885806949
citeseer,GeneralSheaf,true,5,4,epoch-5,3,6,confidence,0.5380898674563102
citeseer,GeneralSheaf,true,5,4,epoch-5,4,6,confidence,0.5383433870564949
citeseer,GeneralSheaf,true,5,4,epoch-5,0,6,saliency,0.08595711804842499
citeseer,GeneralSheaf,true,5,4,epoch-5,1,6,saliency,0.08195614766620153
citeseer,GeneralSheaf,true,5,4,epoch-5,2,6,saliency,0.07788953600905016
citeseer,GeneralSheaf,true,5,4,epoch-5,3,6,saliency,0.07380144799907525
citeseer,GeneralSheaf,true,5,4,epoch-5,4,6,saliency,0.0695781573162559
citeseer,GeneralSheaf,true,5,4,epoch-5,0,6,cohens_d_train,1.2085695
citeseer,GeneralSheaf,true,5,4,epoch-5,1,6,cohens_d_train,1.2045276
citeseer,GeneralSheaf,true,5,4,epoch-5,2,6,cohens_d_train,1.2003679
citeseer,GeneralSheaf,true,5,4,epoch-5,3,6,cohens_d_train,1.1958283
citeseer,GeneralSheaf,true,5,4,epoch-5,4,6,cohens_d_train,1.190869
citeseer,GeneralSheaf,true,5,4,epoch-5,0,6,cohens_d_test,1.0648354
citeseer,GeneralSheaf,true,5,4,epoch-5,1,6,cohens_d_test,1.0612642
citeseer,GeneralSheaf,true,5,4,epoch-5,2,6,cohens_d_test,1.0574564
citeseer,GeneralSheaf,true,5,4,epoch-5,3,6,cohens_d_test,1.0536492
citeseer,GeneralSheaf,true,5,4,epoch-5,4,6,cohens_d_test,1.0492175
citeseer,GeneralSheaf,true,5,4,epoch-5,0,7,degree,0.09449604913224269
citeseer,GeneralSheaf,true,5,4,epoch-5,1,7,degree,0.09423507150596687
citeseer,GeneralSheaf,true,5,4,epoch-5,2,7,degree,0.09407234892521159
citeseer,GeneralSheaf,true,5,4,epoch-5,3,7,degree,0.09412529416172978
citeseer,GeneralSheaf,true,5,4,epoch-5,4,7,degree,0.09369447376831884
citeseer,GeneralSheaf,true,5,4,epoch-5,0,7,betweenness,0.06625924952489773
citeseer,GeneralSheaf,true,5,4,epoch-5,1,7,betweenness,0.06569206441526433
citeseer,GeneralSheaf,true,5,4,epoch-5,2,7,betweenness,0.06531086277150072
citeseer,GeneralSheaf,true,5,4,epoch-5,3,7,betweenness,0.06506184525782131
citeseer,GeneralSheaf,true,5,4,epoch-5,4,7,betweenness,0.06443772122474421
citeseer,GeneralSheaf,true,5,4,epoch-5,0,7,confidence,0.8006090613172229
citeseer,GeneralSheaf,true,5,4,epoch-5,1,7,confidence,0.8005272806683373
citeseer,GeneralSheaf,true,5,4,epoch-5,2,7,confidence,0.8005718032558514
citeseer,GeneralSheaf,true,5,4,epoch-5,3,7,confidence,0.8004264425811659
citeseer,GeneralSheaf,true,5,4,epoch-5,4,7,confidence,0.80008252848834
citeseer,GeneralSheaf,true,5,4,epoch-5,0,7,saliency,-0.20328080640123228
citeseer,GeneralSheaf,true,5,4,epoch-5,1,7,saliency,-0.20097816315306447
citeseer,GeneralSheaf,true,5,4,epoch-5,2,7,saliency,-0.19868954760689386
citeseer,GeneralSheaf,true,5,4,epoch-5,3,7,saliency,-0.1964774453049811
citeseer,GeneralSheaf,true,5,4,epoch-5,4,7,saliency,-0.19410426755210933
citeseer,GeneralSheaf,true,5,4,epoch-5,0,7,cohens_d_train,1.2811387
citeseer,GeneralSheaf,true,5,4,epoch-5,1,7,cohens_d_train,1.2830112
citeseer,GeneralSheaf,true,5,4,epoch-5,2,7,cohens_d_train,1.285072
citeseer,GeneralSheaf,true,5,4,epoch-5,3,7,cohens_d_train,1.2865821
citeseer,GeneralSheaf,true,5,4,epoch-5,4,7,cohens_d_train,1.2877108
citeseer,GeneralSheaf,true,5,4,epoch-5,0,7,cohens_d_test,1.2767534
citeseer,GeneralSheaf,true,5,4,epoch-5,1,7,cohens_d_test,1.2763873
citeseer,GeneralSheaf,true,5,4,epoch-5,2,7,cohens_d_test,1.2757705
citeseer,GeneralSheaf,true,5,4,epoch-5,3,7,cohens_d_test,1.2763753
citeseer,GeneralSheaf,true,5,4,epoch-5,4,7,cohens_d_test,1.2753241
citeseer,GeneralSheaf,true,5,4,epoch-5,0,8,degree,0.1326169230092816
citeseer,GeneralSheaf,true,5,4,epoch-5,1,8,degree,0.13254116065333146
citeseer,GeneralSheaf,true,5,4,epoch-5,2,8,degree,0.13110170077911468
citeseer,GeneralSheaf,true,5,4,epoch-5,3,8,degree,0.13128514186037274
citeseer,GeneralSheaf,true,5,4,epoch-5,4,8,degree,0.13041956893051523
citeseer,GeneralSheaf,true,5,4,epoch-5,0,8,betweenness,0.10552555248475018
citeseer,GeneralSheaf,true,5,4,epoch-5,1,8,betweenness,0.10531018404158234
citeseer,GeneralSheaf,true,5,4,epoch-5,2,8,betweenness,0.1039435827269215
citeseer,GeneralSheaf,true,5,4,epoch-5,3,8,betweenness,0.10391730875850103
citeseer,GeneralSheaf,true,5,4,epoch-5,4,8,betweenness,0.10307832014222876
citeseer,GeneralSheaf,true,5,4,epoch-5,0,8,confidence,0.8170294333695046
citeseer,GeneralSheaf,true,5,4,epoch-5,1,8,confidence,0.8187945171481422
citeseer,GeneralSheaf,true,5,4,epoch-5,2,8,confidence,0.8195760479656871
citeseer,GeneralSheaf,true,5,4,epoch-5,3,8,confidence,0.8210278369703711
citeseer,GeneralSheaf,true,5,4,epoch-5,4,8,confidence,0.8223404578609521
citeseer,GeneralSheaf,true,5,4,epoch-5,0,8,saliency,-0.09085536928974858
citeseer,GeneralSheaf,true,5,4,epoch-5,1,8,saliency,-0.0877262666577811
citeseer,GeneralSheaf,true,5,4,epoch-5,2,8,saliency,-0.08472526963771111
citeseer,GeneralSheaf,true,5,4,epoch-5,3,8,saliency,-0.08189376424618203
citeseer,GeneralSheaf,true,5,4,epoch-5,4,8,saliency,-0.07896470683965795
citeseer,GeneralSheaf,true,5,4,epoch-5,0,8,cohens_d_train,1.6054704
citeseer,GeneralSheaf,true,5,4,epoch-5,1,8,cohens_d_train,1.6116402
citeseer,GeneralSheaf,true,5,4,epoch-5,2,8,cohens_d_train,1.6146369
citeseer,GeneralSheaf,true,5,4,epoch-5,3,8,cohens_d_train,1.6200101
citeseer,GeneralSheaf,true,5,4,epoch-5,4,8,cohens_d_train,1.6240613
citeseer,GeneralSheaf,true,5,4,epoch-5,0,8,cohens_d_test,1.2202737
citeseer,GeneralSheaf,true,5,4,epoch-5,1,8,cohens_d_test,1.2243173
citeseer,GeneralSheaf,true,5,4,epoch-5,2,8,cohens_d_test,1.2263141
citeseer,GeneralSheaf,true,5,4,epoch-5,3,8,cohens_d_test,1.230046
citeseer,GeneralSheaf,true,5,4,epoch-5,4,8,cohens_d_test,1.2327772
citeseer,GeneralSheaf,true,5,4,epoch-5,0,9,degree,0.1113344271136141
citeseer,GeneralSheaf,true,5,4,epoch-5,1,9,degree,0.11122085740294384
citeseer,GeneralSheaf,true,5,4,epoch-5,2,9,degree,0.11120899146154573
citeseer,GeneralSheaf,true,5,4,epoch-5,3,9,degree,0.11119625778723859
citeseer,GeneralSheaf,true,5,4,epoch-5,4,9,degree,0.11092390401263647
citeseer,GeneralSheaf,true,5,4,epoch-5,0,9,betweenness,0.07280921922243419
citeseer,GeneralSheaf,true,5,4,epoch-5,1,9,betweenness,0.07269892569417837
citeseer,GeneralSheaf,true,5,4,epoch-5,2,9,betweenness,0.07267964341158874
citeseer,GeneralSheaf,true,5,4,epoch-5,3,9,betweenness,0.07267951276798089
citeseer,GeneralSheaf,true,5,4,epoch-5,4,9,betweenness,0.07249169026697523
citeseer,GeneralSheaf,true,5,4,epoch-5,0,9,confidence,0.6995089268718613
citeseer,GeneralSheaf,true,5,4,epoch-5,1,9,confidence,0.6993899460214846
citeseer,GeneralSheaf,true,5,4,epoch-5,2,9,confidence,0.6993829532054272
citeseer,GeneralSheaf,true,5,4,epoch-5,3,9,confidence,0.6993245932090854
citeseer,GeneralSheaf,true,5,4,epoch-5,4,9,confidence,0.6997432161608379
citeseer,GeneralSheaf,true,5,4,epoch-5,0,9,saliency,-0.1438698125214843
citeseer,GeneralSheaf,true,5,4,epoch-5,1,9,saliency,-0.14363216837665202
citeseer,GeneralSheaf,true,5,4,epoch-5,2,9,saliency,-0.14352635046305234
citeseer,GeneralSheaf,true,5,4,epoch-5,3,9,saliency,-0.14338185609219362
citeseer,GeneralSheaf,true,5,4,epoch-5,4,9,saliency,-0.1431719390972981
citeseer,GeneralSheaf,true,5,4,epoch-5,0,9,cohens_d_train,1.2295244
citeseer,GeneralSheaf,true,5,4,epoch-5,1,9,cohens_d_train,1.2290218
citeseer,GeneralSheaf,true,5,4,epoch-5,2,9,cohens_d_train,1.2288481
citeseer,GeneralSheaf,true,5,4,epoch-5,3,9,cohens_d_train,1.2292007
citeseer,GeneralSheaf,true,5,4,epoch-5,4,9,cohens_d_train,1.2305218
citeseer,GeneralSheaf,true,5,4,epoch-5,0,9,cohens_d_test,1.093044
citeseer,GeneralSheaf,true,5,4,epoch-5,1,9,cohens_d_test,1.0929148
citeseer,GeneralSheaf,true,5,4,epoch-5,2,9,cohens_d_test,1.0929811
citeseer,GeneralSheaf,true,5,4,epoch-5,3,9,cohens_d_test,1.0933666
citeseer,GeneralSheaf,true,5,4,epoch-5,4,9,cohens_d_test,1.093149
citeseer,GeneralSheaf,true,5,4,epoch-15,0,0,degree,0.15796665920696495
citeseer,GeneralSheaf,true,5,4,epoch-15,1,0,degree,0.19540557037151984
citeseer,GeneralSheaf,true,5,4,epoch-15,2,0,degree,0.22399095746915199
citeseer,GeneralSheaf,true,5,4,epoch-15,3,0,degree,0.28470888375897957
citeseer,GeneralSheaf,true,5,4,epoch-15,4,0,degree,0.32347684429945833
citeseer,GeneralSheaf,true,5,4,epoch-15,0,0,betweenness,0.14181485821509646
citeseer,GeneralSheaf,true,5,4,epoch-15,1,0,betweenness,0.17360548966961623
citeseer,GeneralSheaf,true,5,4,epoch-15,2,0,betweenness,0.1992875176695706
citeseer,GeneralSheaf,true,5,4,epoch-15,3,0,betweenness,0.2539553736936422
citeseer,GeneralSheaf,true,5,4,epoch-15,4,0,betweenness,0.28892986818120886
citeseer,GeneralSheaf,true,5,4,epoch-15,0,0,confidence,0.6017437632859082
citeseer,GeneralSheaf,true,5,4,epoch-15,1,0,confidence,0.6140900509235646
citeseer,GeneralSheaf,true,5,4,epoch-15,2,0,confidence,0.6555331410327467
citeseer,GeneralSheaf,true,5,4,epoch-15,3,0,confidence,0.6992625939799362
citeseer,GeneralSheaf,true,5,4,epoch-15,4,0,confidence,0.6812938024670406
citeseer,GeneralSheaf,true,5,4,epoch-15,0,0,saliency,-0.13669501530836314
citeseer,GeneralSheaf,true,5,4,epoch-15,1,0,saliency,-0.12090318879059776
citeseer,GeneralSheaf,true,5,4,epoch-15,2,0,saliency,-0.08854983580493558
citeseer,GeneralSheaf,true,5,4,epoch-15,3,0,saliency,-0.007007356148745993
citeseer,GeneralSheaf,true,5,4,epoch-15,4,0,saliency,0.06447915105103644
citeseer,GeneralSheaf,true,5,4,epoch-15,0,0,cohens_d_train,1.0371268
citeseer,GeneralSheaf,true,5,4,epoch-15,1,0,cohens_d_train,0.97988534
citeseer,GeneralSheaf,true,5,4,epoch-15,2,0,cohens_d_train,0.8800495
citeseer,GeneralSheaf,true,5,4,epoch-15,3,0,cohens_d_train,0.5967503
citeseer,GeneralSheaf,true,5,4,epoch-15,4,0,cohens_d_train,0.41388068
citeseer,GeneralSheaf,true,5,4,epoch-15,0,0,cohens_d_test,0.6331314
citeseer,GeneralSheaf,true,5,4,epoch-15,1,0,cohens_d_test,0.5232872
citeseer,GeneralSheaf,true,5,4,epoch-15,2,0,cohens_d_test,0.3528896
citeseer,GeneralSheaf,true,5,4,epoch-15,3,0,cohens_d_test,0.15972954
citeseer,GeneralSheaf,true,5,4,epoch-15,4,0,cohens_d_test,0.087935366
citeseer,GeneralSheaf,true,5,4,epoch-15,0,1,degree,0.17969351622208757
citeseer,GeneralSheaf,true,5,4,epoch-15,1,1,degree,0.17528786538805866
citeseer,GeneralSheaf,true,5,4,epoch-15,2,1,degree,0.14357467999663984
citeseer,GeneralSheaf,true,5,4,epoch-15,3,1,degree,0.13320497963255462
citeseer,GeneralSheaf,true,5,4,epoch-15,4,1,degree,0.15239790049168198
citeseer,GeneralSheaf,true,5,4,epoch-15,0,1,betweenness,0.16612857088295505
citeseer,GeneralSheaf,true,5,4,epoch-15,1,1,betweenness,0.16451624430465528
citeseer,GeneralSheaf,true,5,4,epoch-15,2,1,betweenness,0.1402340853973774
citeseer,GeneralSheaf,true,5,4,epoch-15,3,1,betweenness,0.1317741105118535
citeseer,GeneralSheaf,true,5,4,epoch-15,4,1,betweenness,0.14820847280868085
citeseer,GeneralSheaf,true,5,4,epoch-15,0,1,confidence,0.6764750508641485
citeseer,GeneralSheaf,true,5,4,epoch-15,1,1,confidence,0.6942965069503959
citeseer,GeneralSheaf,true,5,4,epoch-15,2,1,confidence,0.700652441945614
citeseer,GeneralSheaf,true,5,4,epoch-15,3,1,confidence,0.6998994438826416
citeseer,GeneralSheaf,true,5,4,epoch-15,4,1,confidence,0.7041044363790238
citeseer,GeneralSheaf,true,5,4,epoch-15,0,1,saliency,-0.2505984081960336
citeseer,GeneralSheaf,true,5,4,epoch-15,1,1,saliency,-0.24591883925499705
citeseer,GeneralSheaf,true,5,4,epoch-15,2,1,saliency,-0.23004374112211795
citeseer,GeneralSheaf,true,5,4,epoch-15,3,1,saliency,-0.22166714224780995
citeseer,GeneralSheaf,true,5,4,epoch-15,4,1,saliency,-0.22766300426690994
citeseer,GeneralSheaf,true,5,4,epoch-15,0,1,cohens_d_train,0.93654877
citeseer,GeneralSheaf,true,5,4,epoch-15,1,1,cohens_d_train,0.9290243
citeseer,GeneralSheaf,true,5,4,epoch-15,2,1,cohens_d_train,0.9027178
citeseer,GeneralSheaf,true,5,4,epoch-15,3,1,cohens_d_train,0.87678087
citeseer,GeneralSheaf,true,5,4,epoch-15,4,1,cohens_d_train,0.8431544
citeseer,GeneralSheaf,true,5,4,epoch-15,0,1,cohens_d_test,0.72367585
citeseer,GeneralSheaf,true,5,4,epoch-15,1,1,cohens_d_test,0.72127616
citeseer,GeneralSheaf,true,5,4,epoch-15,2,1,cohens_d_test,0.70444363
citeseer,GeneralSheaf,true,5,4,epoch-15,3,1,cohens_d_test,0.6865167
citeseer,GeneralSheaf,true,5,4,epoch-15,4,1,cohens_d_test,0.6562238
citeseer,GeneralSheaf,true,5,4,epoch-15,0,2,degree,0.1890109029035217
citeseer,GeneralSheaf,true,5,4,epoch-15,1,2,degree,0.19611635973653327
citeseer,GeneralSheaf,true,5,4,epoch-15,2,2,degree,0.22237369207411564
citeseer,GeneralSheaf,true,5,4,epoch-15,3,2,degree,0.16751223029492815
citeseer,GeneralSheaf,true,5,4,epoch-15,4,2,degree,0.25779997977561775
citeseer,GeneralSheaf,true,5,4,epoch-15,0,2,betweenness,0.17026137282279483
citeseer,GeneralSheaf,true,5,4,epoch-15,1,2,betweenness,0.17967259536279984
citeseer,GeneralSheaf,true,5,4,epoch-15,2,2,betweenness,0.201321928287805
citeseer,GeneralSheaf,true,5,4,epoch-15,3,2,betweenness,0.16083443554518856
citeseer,GeneralSheaf,true,5,4,epoch-15,4,2,betweenness,0.23788844481879673
citeseer,GeneralSheaf,true,5,4,epoch-15,0,2,confidence,0.685740853363568
citeseer,GeneralSheaf,true,5,4,epoch-15,1,2,confidence,0.6986898404367551
citeseer,GeneralSheaf,true,5,4,epoch-15,2,2,confidence,0.7103269970141375
citeseer,GeneralSheaf,true,5,4,epoch-15,3,2,confidence,0.7222787022833985
citeseer,GeneralSheaf,true,5,4,epoch-15,4,2,confidence,0.7000496830861511
citeseer,GeneralSheaf,true,5,4,epoch-15,0,2,saliency,-0.054825487674618575
citeseer,GeneralSheaf,true,5,4,epoch-15,1,2,saliency,-0.04720054550270941
citeseer,GeneralSheaf,true,5,4,epoch-15,2,2,saliency,-0.053686249193322266
citeseer,GeneralSheaf,true,5,4,epoch-15,3,2,saliency,0.0060625894531294066
citeseer,GeneralSheaf,true,5,4,epoch-15,4,2,saliency,0.06758473541868097
citeseer,GeneralSheaf,true,5,4,epoch-15,0,2,cohens_d_train,0.93801916
citeseer,GeneralSheaf,true,5,4,epoch-15,1,2,cohens_d_train,0.8955886
citeseer,GeneralSheaf,true,5,4,epoch-15,2,2,cohens_d_train,0.798225
citeseer,GeneralSheaf,true,5,4,epoch-15,3,2,cohens_d_train,0.6988512
citeseer,GeneralSheaf,true,5,4,epoch-15,4,2,cohens_d_train,0.44551572
citeseer,GeneralSheaf,true,5,4,epoch-15,0,2,cohens_d_test,0.5979792
citeseer,GeneralSheaf,true,5,4,epoch-15,1,2,cohens_d_test,0.5593564
citeseer,GeneralSheaf,true,5,4,epoch-15,2,2,cohens_d_test,0.5029142
citeseer,GeneralSheaf,true,5,4,epoch-15,3,2,cohens_d_test,0.40298668
citeseer,GeneralSheaf,true,5,4,epoch-15,4,2,cohens_d_test,0.21465218
citeseer,GeneralSheaf,true,5,4,epoch-15,0,3,degree,0.15196383211301495
citeseer,GeneralSheaf,true,5,4,epoch-15,1,3,degree,0.10854661305835835
citeseer,GeneralSheaf,true,5,4,epoch-15,2,3,degree,0.21202786062914075
citeseer,GeneralSheaf,true,5,4,epoch-15,3,3,degree,0.290655888935821
citeseer,GeneralSheaf,true,5,4,epoch-15,4,3,degree,0.3846252424819995
citeseer,GeneralSheaf,true,5,4,epoch-15,0,3,betweenness,0.13132685239612765
citeseer,GeneralSheaf,true,5,4,epoch-15,1,3,betweenness,0.09965539799857419
citeseer,GeneralSheaf,true,5,4,epoch-15,2,3,betweenness,0.18448903037634984
citeseer,GeneralSheaf,true,5,4,epoch-15,3,3,betweenness,0.24845977781956705
citeseer,GeneralSheaf,true,5,4,epoch-15,4,3,betweenness,0.32523341752467627
citeseer,GeneralSheaf,true,5,4,epoch-15,0,3,confidence,0.5589803009024029
citeseer,GeneralSheaf,true,5,4,epoch-15,1,3,confidence,0.6319968902774596
citeseer,GeneralSheaf,true,5,4,epoch-15,2,3,confidence,0.6750525263261494
citeseer,GeneralSheaf,true,5,4,epoch-15,3,3,confidence,0.7092516656419925
citeseer,GeneralSheaf,true,5,4,epoch-15,4,3,confidence,0.7000862936889447
citeseer,GeneralSheaf,true,5,4,epoch-15,0,3,saliency,-0.10952735223284801
citeseer,GeneralSheaf,true,5,4,epoch-15,1,3,saliency,-0.04996763905300558
citeseer,GeneralSheaf,true,5,4,epoch-15,2,3,saliency,0.018210021736277088
citeseer,GeneralSheaf,true,5,4,epoch-15,3,3,saliency,0.06344862825482617
citeseer,GeneralSheaf,true,5,4,epoch-15,4,3,saliency,0.15008090902299204
citeseer,GeneralSheaf,true,5,4,epoch-15,0,3,cohens_d_train,0.78280073
citeseer,GeneralSheaf,true,5,4,epoch-15,1,3,cohens_d_train,0.70897186
citeseer,GeneralSheaf,true,5,4,epoch-15,2,3,cohens_d_train,0.4342635
citeseer,GeneralSheaf,true,5,4,epoch-15,3,3,cohens_d_train,0.27687272
citeseer,GeneralSheaf,true,5,4,epoch-15,4,3,cohens_d_train,0.15638681
citeseer,GeneralSheaf,true,5,4,epoch-15,0,3,cohens_d_test,0.64242876
citeseer,GeneralSheaf,true,5,4,epoch-15,1,3,cohens_d_test,0.61332226
citeseer,GeneralSheaf,true,5,4,epoch-15,2,3,cohens_d_test,0.47805583
citeseer,GeneralSheaf,true,5,4,epoch-15,3,3,cohens_d_test,0.3260354
citeseer,GeneralSheaf,true,5,4,epoch-15,4,3,cohens_d_test,0.15900342
citeseer,GeneralSheaf,true,5,4,epoch-15,0,4,degree,0.20064213874067716
citeseer,GeneralSheaf,true,5,4,epoch-15,1,4,degree,0.015105859505368658
citeseer,GeneralSheaf,true,5,4,epoch-15,2,4,degree,0.12062116793512659
citeseer,GeneralSheaf,true,5,4,epoch-15,3,4,degree,0.22423121393052628
citeseer,GeneralSheaf,true,5,4,epoch-15,4,4,degree,0.32159316850733294
citeseer,GeneralSheaf,true,5,4,epoch-15,0,4,betweenness,0.19687633702038515
citeseer,GeneralSheaf,true,5,4,epoch-15,1,4,betweenness,0.04961549717941648
citeseer,GeneralSheaf,true,5,4,epoch-15,2,4,betweenness,0.13902450216585438
citeseer,GeneralSheaf,true,5,4,epoch-15,3,4,betweenness,0.22607798895969972
citeseer,GeneralSheaf,true,5,4,epoch-15,4,4,betweenness,0.2990392861844948
citeseer,GeneralSheaf,true,5,4,epoch-15,0,4,confidence,0.6399509107704802
citeseer,GeneralSheaf,true,5,4,epoch-15,1,4,confidence,0.6642134925885209
citeseer,GeneralSheaf,true,5,4,epoch-15,2,4,confidence,0.7090785867505631
citeseer,GeneralSheaf,true,5,4,epoch-15,3,4,confidence,0.7120294403184227
citeseer,GeneralSheaf,true,5,4,epoch-15,4,4,confidence,0.7033782586388053
citeseer,GeneralSheaf,true,5,4,epoch-15,0,4,saliency,0.24691451402311126
citeseer,GeneralSheaf,true,5,4,epoch-15,1,4,saliency,0.30389953219480453
citeseer,GeneralSheaf,true,5,4,epoch-15,2,4,saliency,0.37652392010895147
citeseer,GeneralSheaf,true,5,4,epoch-15,3,4,saliency,0.4431349890016104
citeseer,GeneralSheaf,true,5,4,epoch-15,4,4,saliency,0.47760066482483304
citeseer,GeneralSheaf,true,5,4,epoch-15,0,4,cohens_d_train,1.1258667
citeseer,GeneralSheaf,true,5,4,epoch-15,1,4,cohens_d_train,0.9440385
citeseer,GeneralSheaf,true,5,4,epoch-15,2,4,cohens_d_train,0.7656572
citeseer,GeneralSheaf,true,5,4,epoch-15,3,4,cohens_d_train,0.57348263
citeseer,GeneralSheaf,true,5,4,epoch-15,4,4,cohens_d_train,0.48301437
citeseer,GeneralSheaf,true,5,4,epoch-15,0,4,cohens_d_test,0.5758748
citeseer,GeneralSheaf,true,5,4,epoch-15,1,4,cohens_d_test,0.55238175
citeseer,GeneralSheaf,true,5,4,epoch-15,2,4,cohens_d_test,0.45709103
citeseer,GeneralSheaf,true,5,4,epoch-15,3,4,cohens_d_test,0.37112147
citeseer,GeneralSheaf,true,5,4,epoch-15,4,4,cohens_d_test,0.31808382
citeseer,GeneralSheaf,true,5,4,epoch-15,0,5,degree,0.18432260967860842
citeseer,GeneralSheaf,true,5,4,epoch-15,1,5,degree,0.15684008571389335
citeseer,GeneralSheaf,true,5,4,epoch-15,2,5,degree,0.20023147208370515
citeseer,GeneralSheaf,true,5,4,epoch-15,3,5,degree,0.2042389614662107
citeseer,GeneralSheaf,true,5,4,epoch-15,4,5,degree,0.31063410668349173
citeseer,GeneralSheaf,true,5,4,epoch-15,0,5,betweenness,0.1797405889841866
citeseer,GeneralSheaf,true,5,4,epoch-15,1,5,betweenness,0.1586580371344489
citeseer,GeneralSheaf,true,5,4,epoch-15,2,5,betweenness,0.1938115297272619
citeseer,GeneralSheaf,true,5,4,epoch-15,3,5,betweenness,0.20621847404421262
citeseer,GeneralSheaf,true,5,4,epoch-15,4,5,betweenness,0.2958823826006588
citeseer,GeneralSheaf,true,5,4,epoch-15,0,5,confidence,0.7211815851715486
citeseer,GeneralSheaf,true,5,4,epoch-15,1,5,confidence,0.7485054667862624
citeseer,GeneralSheaf,true,5,4,epoch-15,2,5,confidence,0.7694163006235691
citeseer,GeneralSheaf,true,5,4,epoch-15,3,5,confidence,0.8020781019352929
citeseer,GeneralSheaf,true,5,4,epoch-15,4,5,confidence,0.8068359466185464
citeseer,GeneralSheaf,true,5,4,epoch-15,0,5,saliency,0.1569362209155527
citeseer,GeneralSheaf,true,5,4,epoch-15,1,5,saliency,0.18431395622175964
citeseer,GeneralSheaf,true,5,4,epoch-15,2,5,saliency,0.19658027965289854
citeseer,GeneralSheaf,true,5,4,epoch-15,3,5,saliency,0.3221372049558599
citeseer,GeneralSheaf,true,5,4,epoch-15,4,5,saliency,0.37200834511899883
citeseer,GeneralSheaf,true,5,4,epoch-15,0,5,cohens_d_train,1.1030844
citeseer,GeneralSheaf,true,5,4,epoch-15,1,5,cohens_d_train,1.05822
citeseer,GeneralSheaf,true,5,4,epoch-15,2,5,cohens_d_train,0.9254325
citeseer,GeneralSheaf,true,5,4,epoch-15,3,5,cohens_d_train,0.7235915
citeseer,GeneralSheaf,true,5,4,epoch-15,4,5,cohens_d_train,0.66074485
citeseer,GeneralSheaf,true,5,4,epoch-15,0,5,cohens_d_test,0.8317031
citeseer,GeneralSheaf,true,5,4,epoch-15,1,5,cohens_d_test,0.77080536
citeseer,GeneralSheaf,true,5,4,epoch-15,2,5,cohens_d_test,0.68485653
citeseer,GeneralSheaf,true,5,4,epoch-15,3,5,cohens_d_test,0.6648801
citeseer,GeneralSheaf,true,5,4,epoch-15,4,5,cohens_d_test,0.63541055
citeseer,GeneralSheaf,true,5,4,epoch-15,0,6,degree,0.15395062499095488
citeseer,GeneralSheaf,true,5,4,epoch-15,1,6,degree,0.15545535220774057
citeseer,GeneralSheaf,true,5,4,epoch-15,2,6,degree,0.1538106794324515
citeseer,GeneralSheaf,true,5,4,epoch-15,3,6,degree,0.18103012039279676
citeseer,GeneralSheaf,true,5,4,epoch-15,4,6,degree,0.17464585263806076
citeseer,GeneralSheaf,true,5,4,epoch-15,0,6,betweenness,0.14494228531868367
citeseer,GeneralSheaf,true,5,4,epoch-15,1,6,betweenness,0.14689656382725036
citeseer,GeneralSheaf,true,5,4,epoch-15,2,6,betweenness,0.149683505469929
citeseer,GeneralSheaf,true,5,4,epoch-15,3,6,betweenness,0.17457346568308024
citeseer,GeneralSheaf,true,5,4,epoch-15,4,6,betweenness,0.17191650487349688
citeseer,GeneralSheaf,true,5,4,epoch-15,0,6,confidence,0.6108357212443009
citeseer,GeneralSheaf,true,5,4,epoch-15,1,6,confidence,0.6122195485563705
citeseer,GeneralSheaf,true,5,4,epoch-15,2,6,confidence,0.6354973645591523
citeseer,GeneralSheaf,true,5,4,epoch-15,3,6,confidence,0.6646192352912246
citeseer,GeneralSheaf,true,5,4,epoch-15,4,6,confidence,0.6659751243773163
citeseer,GeneralSheaf,true,5,4,epoch-15,0,6,saliency,-0.15928289185027097
citeseer,GeneralSheaf,true,5,4,epoch-15,1,6,saliency,-0.15914818178175877
citeseer,GeneralSheaf,true,5,4,epoch-15,2,6,saliency,-0.152545585953774
citeseer,GeneralSheaf,true,5,4,epoch-15,3,6,saliency,-0.14266165831430277
citeseer,GeneralSheaf,true,5,4,epoch-15,4,6,saliency,-0.09411034965149767
citeseer,GeneralSheaf,true,5,4,epoch-15,0,6,cohens_d_train,1.029814
citeseer,GeneralSheaf,true,5,4,epoch-15,1,6,cohens_d_train,1.0339873
citeseer,GeneralSheaf,true,5,4,epoch-15,2,6,cohens_d_train,1.0382667
citeseer,GeneralSheaf,true,5,4,epoch-15,3,6,cohens_d_train,0.99686027
citeseer,GeneralSheaf,true,5,4,epoch-15,4,6,cohens_d_train,0.8829123
citeseer,GeneralSheaf,true,5,4,epoch-15,0,6,cohens_d_test,0.6960788
citeseer,GeneralSheaf,true,5,4,epoch-15,1,6,cohens_d_test,0.7014096
citeseer,GeneralSheaf,true,5,4,epoch-15,2,6,cohens_d_test,0.6694757
citeseer,GeneralSheaf,true,5,4,epoch-15,3,6,cohens_d_test,0.51913077
citeseer,GeneralSheaf,true,5,4,epoch-15,4,6,cohens_d_test,0.33617446
citeseer,GeneralSheaf,true,5,4,epoch-15,0,7,degree,0.13136642589174718
citeseer,GeneralSheaf,true,5,4,epoch-15,1,7,degree,0.13013711005876052
citeseer,GeneralSheaf,true,5,4,epoch-15,2,7,degree,0.046550923252478525
citeseer,GeneralSheaf,true,5,4,epoch-15,3,7,degree,0.17749697347530172
citeseer,GeneralSheaf,true,5,4,epoch-15,4,7,degree,0.21792092226845325
citeseer,GeneralSheaf,true,5,4,epoch-15,0,7,betweenness,0.11406576368499195
citeseer,GeneralSheaf,true,5,4,epoch-15,1,7,betweenness,0.11466515651015628
citeseer,GeneralSheaf,true,5,4,epoch-15,2,7,betweenness,0.054266463199230966
citeseer,GeneralSheaf,true,5,4,epoch-15,3,7,betweenness,0.16776682175395202
citeseer,GeneralSheaf,true,5,4,epoch-15,4,7,betweenness,0.2069671104109694
citeseer,GeneralSheaf,true,5,4,epoch-15,0,7,confidence,0.5430861344798482
citeseer,GeneralSheaf,true,5,4,epoch-15,1,7,confidence,0.56173569253903
citeseer,GeneralSheaf,true,5,4,epoch-15,2,7,confidence,0.5985267725870007
citeseer,GeneralSheaf,true,5,4,epoch-15,3,7,confidence,0.6267953693770416
citeseer,GeneralSheaf,true,5,4,epoch-15,4,7,confidence,0.6312394839288491
citeseer,GeneralSheaf,true,5,4,epoch-15,0,7,saliency,-0.08870014276913238
citeseer,GeneralSheaf,true,5,4,epoch-15,1,7,saliency,-0.07931871764586083
citeseer,GeneralSheaf,true,5,4,epoch-15,2,7,saliency,-0.0010494760917939335
citeseer,GeneralSheaf,true,5,4,epoch-15,3,7,saliency,0.03592996737229277
citeseer,GeneralSheaf,true,5,4,epoch-15,4,7,saliency,0.09206864163020884
citeseer,GeneralSheaf,true,5,4,epoch-15,0,7,cohens_d_train,1.0839223
citeseer,GeneralSheaf,true,5,4,epoch-15,1,7,cohens_d_train,1.0785749
citeseer,GeneralSheaf,true,5,4,epoch-15,2,7,cohens_d_train,0.9802861
citeseer,GeneralSheaf,true,5,4,epoch-15,3,7,cohens_d_train,0.6849662
citeseer,GeneralSheaf,true,5,4,epoch-15,4,7,cohens_d_train,0.5813117
citeseer,GeneralSheaf,true,5,4,epoch-15,0,7,cohens_d_test,0.54994226
citeseer,GeneralSheaf,true,5,4,epoch-15,1,7,cohens_d_test,0.5452183
citeseer,GeneralSheaf,true,5,4,epoch-15,2,7,cohens_d_test,0.49465695
citeseer,GeneralSheaf,true,5,4,epoch-15,3,7,cohens_d_test,0.2939083
citeseer,GeneralSheaf,true,5,4,epoch-15,4,7,cohens_d_test,0.24857205
citeseer,GeneralSheaf,true,5,4,epoch-15,0,8,degree,0.17408382443342157
citeseer,GeneralSheaf,true,5,4,epoch-15,1,8,degree,0.19794273395117518
citeseer,GeneralSheaf,true,5,4,epoch-15,2,8,degree,0.21293658159426446
citeseer,GeneralSheaf,true,5,4,epoch-15,3,8,degree,0.27574219569105435
citeseer,GeneralSheaf,true,5,4,epoch-15,4,8,degree,0.32243764543884806
citeseer,GeneralSheaf,true,5,4,epoch-15,0,8,betweenness,0.1612679850428232
citeseer,GeneralSheaf,true,5,4,epoch-15,1,8,betweenness,0.18299000113093652
citeseer,GeneralSheaf,true,5,4,epoch-15,2,8,betweenness,0.20034965005447944
citeseer,GeneralSheaf,true,5,4,epoch-15,3,8,betweenness,0.25641784719212335
citeseer,GeneralSheaf,true,5,4,epoch-15,4,8,betweenness,0.2987799253434504
citeseer,GeneralSheaf,true,5,4,epoch-15,0,8,confidence,0.696416888695433
citeseer,GeneralSheaf,true,5,4,epoch-15,1,8,confidence,0.718965540922388
citeseer,GeneralSheaf,true,5,4,epoch-15,2,8,confidence,0.7493443141753583
citeseer,GeneralSheaf,true,5,4,epoch-15,3,8,confidence,0.7664903761604479
citeseer,GeneralSheaf,true,5,4,epoch-15,4,8,confidence,0.749170288759576
citeseer,GeneralSheaf,true,5,4,epoch-15,0,8,saliency,0.12349276347712927
citeseer,GeneralSheaf,true,5,4,epoch-15,1,8,saliency,0.17117174751786438
citeseer,GeneralSheaf,true,5,4,epoch-15,2,8,saliency,0.21144226060130858
citeseer,GeneralSheaf,true,5,4,epoch-15,3,8,saliency,0.24685564893017492
citeseer,GeneralSheaf,true,5,4,epoch-15,4,8,saliency,0.3265994741584663
citeseer,GeneralSheaf,true,5,4,epoch-15,0,8,cohens_d_train,0.9121269
citeseer,GeneralSheaf,true,5,4,epoch-15,1,8,cohens_d_train,0.8257541
citeseer,GeneralSheaf,true,5,4,epoch-15,2,8,cohens_d_train,0.68958104
citeseer,GeneralSheaf,true,5,4,epoch-15,3,8,cohens_d_train,0.5877083
citeseer,GeneralSheaf,true,5,4,epoch-15,4,8,cohens_d_train,0.43189496
citeseer,GeneralSheaf,true,5,4,epoch-15,0,8,cohens_d_test,0.3981979
citeseer,GeneralSheaf,true,5,4,epoch-15,1,8,cohens_d_test,0.33526903
citeseer,GeneralSheaf,true,5,4,epoch-15,2,8,cohens_d_test,0.2642883
citeseer,GeneralSheaf,true,5,4,epoch-15,3,8,cohens_d_test,0.15425456
citeseer,GeneralSheaf,true,5,4,epoch-15,4,8,cohens_d_test,0.039454263
citeseer,GeneralSheaf,true,5,4,epoch-15,0,9,degree,0.16919439409960063
citeseer,GeneralSheaf,true,5,4,epoch-15,1,9,degree,0.182298583150338
citeseer,GeneralSheaf,true,5,4,epoch-15,2,9,degree,0.21156099763346653
citeseer,GeneralSheaf,true,5,4,epoch-15,3,9,degree,0.23376653823643473
citeseer,GeneralSheaf,true,5,4,epoch-15,4,9,degree,0.3891398805881977
citeseer,GeneralSheaf,true,5,4,epoch-15,0,9,betweenness,0.14760365507655615
citeseer,GeneralSheaf,true,5,4,epoch-15,1,9,betweenness,0.16230201098092317
citeseer,GeneralSheaf,true,5,4,epoch-15,2,9,betweenness,0.19317717235623746
citeseer,GeneralSheaf,true,5,4,epoch-15,3,9,betweenness,0.2186091193397057
citeseer,GeneralSheaf,true,5,4,epoch-15,4,9,betweenness,0.3502065661500734
citeseer,GeneralSheaf,true,5,4,epoch-15,0,9,confidence,0.6798909766479089
citeseer,GeneralSheaf,true,5,4,epoch-15,1,9,confidence,0.7036971823147783
citeseer,GeneralSheaf,true,5,4,epoch-15,2,9,confidence,0.7252938723388986
citeseer,GeneralSheaf,true,5,4,epoch-15,3,9,confidence,0.706642472684838
citeseer,GeneralSheaf,true,5,4,epoch-15,4,9,confidence,0.696923709556208
citeseer,GeneralSheaf,true,5,4,epoch-15,0,9,saliency,0.10167276785487829
citeseer,GeneralSheaf,true,5,4,epoch-15,1,9,saliency,0.13463123538679655
citeseer,GeneralSheaf,true,5,4,epoch-15,2,9,saliency,0.19946576528508667
citeseer,GeneralSheaf,true,5,4,epoch-15,3,9,saliency,0.2715416785943948
citeseer,GeneralSheaf,true,5,4,epoch-15,4,9,saliency,0.3306257449110598
citeseer,GeneralSheaf,true,5,4,epoch-15,0,9,cohens_d_train,0.94865113
citeseer,GeneralSheaf,true,5,4,epoch-15,1,9,cohens_d_train,0.93308544
citeseer,GeneralSheaf,true,5,4,epoch-15,2,9,cohens_d_train,0.8059947
citeseer,GeneralSheaf,true,5,4,epoch-15,3,9,cohens_d_train,0.59290993
citeseer,GeneralSheaf,true,5,4,epoch-15,4,9,cohens_d_train,0.36463326
citeseer,GeneralSheaf,true,5,4,epoch-15,0,9,cohens_d_test,0.68265873
citeseer,GeneralSheaf,true,5,4,epoch-15,1,9,cohens_d_test,0.6632348
citeseer,GeneralSheaf,true,5,4,epoch-15,2,9,cohens_d_test,0.56172067
citeseer,GeneralSheaf,true,5,4,epoch-15,3,9,cohens_d_test,0.41363114
citeseer,GeneralSheaf,true,5,4,epoch-15,4,9,cohens_d_test,0.2610287
citeseer,GeneralSheaf,true,5,4,epoch-50,0,0,degree,0.055271425486428966
citeseer,GeneralSheaf,true,5,4,epoch-50,1,0,degree,0.1349016452850105
citeseer,GeneralSheaf,true,5,4,epoch-50,2,0,degree,0.3016460012507238
citeseer,GeneralSheaf,true,5,4,epoch-50,3,0,degree,0.4706701241608829
citeseer,GeneralSheaf,true,5,4,epoch-50,4,0,degree,0.6105572133064278
citeseer,GeneralSheaf,true,5,4,epoch-50,0,0,betweenness,0.060712975076758456
citeseer,GeneralSheaf,true,5,4,epoch-50,1,0,betweenness,0.1315777841184895
citeseer,GeneralSheaf,true,5,4,epoch-50,2,0,betweenness,0.26212541000682316
citeseer,GeneralSheaf,true,5,4,epoch-50,3,0,betweenness,0.3936467878643372
citeseer,GeneralSheaf,true,5,4,epoch-50,4,0,betweenness,0.49110098230657706
citeseer,GeneralSheaf,true,5,4,epoch-50,0,0,confidence,0.4141723576768511
citeseer,GeneralSheaf,true,5,4,epoch-50,1,0,confidence,0.4928510237494554
citeseer,GeneralSheaf,true,5,4,epoch-50,2,0,confidence,0.5621883275400861
citeseer,GeneralSheaf,true,5,4,epoch-50,3,0,confidence,0.5812670722776675
citeseer,GeneralSheaf,true,5,4,epoch-50,4,0,confidence,0.6404438908093933
citeseer,GeneralSheaf,true,5,4,epoch-50,0,0,saliency,-0.18298247590743377
citeseer,GeneralSheaf,true,5,4,epoch-50,1,0,saliency,-0.16463136194398914
citeseer,GeneralSheaf,true,5,4,epoch-50,2,0,saliency,-0.11327855734346111
citeseer,GeneralSheaf,true,5,4,epoch-50,3,0,saliency,-0.07177648324272241
citeseer,GeneralSheaf,true,5,4,epoch-50,4,0,saliency,-0.10767605316508924
citeseer,GeneralSheaf,true,5,4,epoch-50,0,0,cohens_d_train,0.30656594
citeseer,GeneralSheaf,true,5,4,epoch-50,1,0,cohens_d_train,0.476747
citeseer,GeneralSheaf,true,5,4,epoch-50,2,0,cohens_d_train,0.77888006
citeseer,GeneralSheaf,true,5,4,epoch-50,3,0,cohens_d_train,1.0735769
citeseer,GeneralSheaf,true,5,4,epoch-50,4,0,cohens_d_train,1.4430108
citeseer,GeneralSheaf,true,5,4,epoch-50,0,0,cohens_d_test,0.53258944
citeseer,GeneralSheaf,true,5,4,epoch-50,1,0,cohens_d_test,0.42432103
citeseer,GeneralSheaf,true,5,4,epoch-50,2,0,cohens_d_test,0.14327973
citeseer,GeneralSheaf,true,5,4,epoch-50,3,0,cohens_d_test,0.13475542
citeseer,GeneralSheaf,true,5,4,epoch-50,4,0,cohens_d_test,0.23874685
citeseer,GeneralSheaf,true,5,4,epoch-50,0,1,degree,0.025326421332637673
citeseer,GeneralSheaf,true,5,4,epoch-50,1,1,degree,0.171006981207006
citeseer,GeneralSheaf,true,5,4,epoch-50,2,1,degree,0.42581249646075997
citeseer,GeneralSheaf,true,5,4,epoch-50,3,1,degree,0.5142798202783709
citeseer,GeneralSheaf,true,5,4,epoch-50,4,1,degree,0.575858375622098
citeseer,GeneralSheaf,true,5,4,epoch-50,0,1,betweenness,0.03485732940422817
citeseer,GeneralSheaf,true,5,4,epoch-50,1,1,betweenness,0.15323767989763845
citeseer,GeneralSheaf,true,5,4,epoch-50,2,1,betweenness,0.3523838418522822
citeseer,GeneralSheaf,true,5,4,epoch-50,3,1,betweenness,0.4119376661440029
citeseer,GeneralSheaf,true,5,4,epoch-50,4,1,betweenness,0.4639580991613018
citeseer,GeneralSheaf,true,5,4,epoch-50,0,1,confidence,0.3810046094957813
citeseer,GeneralSheaf,true,5,4,epoch-50,1,1,confidence,0.5018271604844793
citeseer,GeneralSheaf,true,5,4,epoch-50,2,1,confidence,0.6012631664734692
citeseer,GeneralSheaf,true,5,4,epoch-50,3,1,confidence,0.5847157871705305
citeseer,GeneralSheaf,true,5,4,epoch-50,4,1,confidence,0.5875155415309167
citeseer,GeneralSheaf,true,5,4,epoch-50,0,1,saliency,-0.22933332841728463
citeseer,GeneralSheaf,true,5,4,epoch-50,1,1,saliency,-0.17584521930236874
citeseer,GeneralSheaf,true,5,4,epoch-50,2,1,saliency,-0.09159834847835156
citeseer,GeneralSheaf,true,5,4,epoch-50,3,1,saliency,-0.0375524260425374
citeseer,GeneralSheaf,true,5,4,epoch-50,4,1,saliency,-0.029028102340010152
citeseer,GeneralSheaf,true,5,4,epoch-50,0,1,cohens_d_train,nan
citeseer,GeneralSheaf,true,5,4,epoch-50,1,1,cohens_d_train,nan
citeseer,GeneralSheaf,true,5,4,epoch-50,2,1,cohens_d_train,nan
citeseer,GeneralSheaf,true,5,4,epoch-50,3,1,cohens_d_train,nan
citeseer,GeneralSheaf,true,5,4,epoch-50,4,1,cohens_d_train,nan
citeseer,GeneralSheaf,true,5,4,epoch-50,0,1,cohens_d_test,0.49997947
citeseer,GeneralSheaf,true,5,4,epoch-50,1,1,cohens_d_test,0.2682499
citeseer,GeneralSheaf,true,5,4,epoch-50,2,1,cohens_d_test,0.1780909
citeseer,GeneralSheaf,true,5,4,epoch-50,3,1,cohens_d_test,0.11868326
citeseer,GeneralSheaf,true,5,4,epoch-50,4,1,cohens_d_test,0.16612725
citeseer,GeneralSheaf,true,5,4,epoch-50,0,2,degree,0.03030605187332591
citeseer,GeneralSheaf,true,5,4,epoch-50,1,2,degree,0.15575191484370665
citeseer,GeneralSheaf,true,5,4,epoch-50,2,2,degree,0.2931033954345876
citeseer,GeneralSheaf,true,5,4,epoch-50,3,2,degree,0.42169984661014004
citeseer,GeneralSheaf,true,5,4,epoch-50,4,2,degree,0.5478404516845569
citeseer,GeneralSheaf,true,5,4,epoch-50,0,2,betweenness,0.04949664705919286
citeseer,GeneralSheaf,true,5,4,epoch-50,1,2,betweenness,0.15997900367064763
citeseer,GeneralSheaf,true,5,4,epoch-50,2,2,betweenness,0.2757079406758235
citeseer,GeneralSheaf,true,5,4,epoch-50,3,2,betweenness,0.36408327421626197
citeseer,GeneralSheaf,true,5,4,epoch-50,4,2,betweenness,0.4557572668529996
citeseer,GeneralSheaf,true,5,4,epoch-50,0,2,confidence,0.36379539460937943
citeseer,GeneralSheaf,true,5,4,epoch-50,1,2,confidence,0.4746007684512252
citeseer,GeneralSheaf,true,5,4,epoch-50,2,2,confidence,0.5624648029337773
citeseer,GeneralSheaf,true,5,4,epoch-50,3,2,confidence,0.5742934974820589
citeseer,GeneralSheaf,true,5,4,epoch-50,4,2,confidence,0.6495089847641379
citeseer,GeneralSheaf,true,5,4,epoch-50,0,2,saliency,-0.19198215322907516
citeseer,GeneralSheaf,true,5,4,epoch-50,1,2,saliency,-0.15929223653801952
citeseer,GeneralSheaf,true,5,4,epoch-50,2,2,saliency,-0.14301553771165917
citeseer,GeneralSheaf,true,5,4,epoch-50,3,2,saliency,-0.05555405901282449
citeseer,GeneralSheaf,true,5,4,epoch-50,4,2,saliency,-0.05193317602699218
citeseer,GeneralSheaf,true,5,4,epoch-50,0,2,cohens_d_train,nan
citeseer,GeneralSheaf,true,5,4,epoch-50,1,2,cohens_d_train,nan
citeseer,GeneralSheaf,true,5,4,epoch-50,2,2,cohens_d_train,nan
citeseer,GeneralSheaf,true,5,4,epoch-50,3,2,cohens_d_train,nan
citeseer,GeneralSheaf,true,5,4,epoch-50,4,2,cohens_d_train,nan
citeseer,GeneralSheaf,true,5,4,epoch-50,0,2,cohens_d_test,0.48437598
citeseer,GeneralSheaf,true,5,4,epoch-50,1,2,cohens_d_test,0.41515225
citeseer,GeneralSheaf,true,5,4,epoch-50,2,2,cohens_d_test,0.35773534
citeseer,GeneralSheaf,true,5,4,epoch-50,3,2,cohens_d_test,0.15231054
citeseer,GeneralSheaf,true,5,4,epoch-50,4,2,cohens_d_test,0.20677352
citeseer,GeneralSheaf,true,5,4,epoch-50,0,3,degree,0.03525446044896031
citeseer,GeneralSheaf,true,5,4,epoch-50,1,3,degree,0.14820960482502232
citeseer,GeneralSheaf,true,5,4,epoch-50,2,3,degree,0.3802925799836036
citeseer,GeneralSheaf,true,5,4,epoch-50,3,3,degree,0.4976726196623279
citeseer,GeneralSheaf,true,5,4,epoch-50,4,3,degree,0.561348820402261
citeseer,GeneralSheaf,true,5,4,epoch-50,0,3,betweenness,0.03576568154457642
citeseer,GeneralSheaf,true,5,4,epoch-50,1,3,betweenness,0.13476311767673166
citeseer,GeneralSheaf,true,5,4,epoch-50,2,3,betweenness,0.32374141935912437
citeseer,GeneralSheaf,true,5,4,epoch-50,3,3,betweenness,0.4149026605009066
citeseer,GeneralSheaf,true,5,4,epoch-50,4,3,betweenness,0.46065688214478345
citeseer,GeneralSheaf,true,5,4,epoch-50,0,3,confidence,0.38389587315394086
citeseer,GeneralSheaf,true,5,4,epoch-50,1,3,confidence,0.4555932160820608
citeseer,GeneralSheaf,true,5,4,epoch-50,2,3,confidence,0.5951879442639794
citeseer,GeneralSheaf,true,5,4,epoch-50,3,3,confidence,0.6453271572676942
citeseer,GeneralSheaf,true,5,4,epoch-50,4,3,confidence,0.6576804435337966
citeseer,GeneralSheaf,true,5,4,epoch-50,0,3,saliency,-0.1935192455634047
citeseer,GeneralSheaf,true,5,4,epoch-50,1,3,saliency,-0.14487791753044343
citeseer,GeneralSheaf,true,5,4,epoch-50,2,3,saliency,-0.12599370316756192
citeseer,GeneralSheaf,true,5,4,epoch-50,3,3,saliency,-0.13480547863898065
citeseer,GeneralSheaf,true,5,4,epoch-50,4,3,saliency,-0.14716591573190296
citeseer,GeneralSheaf,true,5,4,epoch-50,0,3,cohens_d_train,0.9546113
citeseer,GeneralSheaf,true,5,4,epoch-50,1,3,cohens_d_train,1.103239
citeseer,GeneralSheaf,true,5,4,epoch-50,2,3,cohens_d_train,1.0523331
citeseer,GeneralSheaf,true,5,4,epoch-50,3,3,cohens_d_train,0.873147
citeseer,GeneralSheaf,true,5,4,epoch-50,4,3,cohens_d_train,0.73602253
citeseer,GeneralSheaf,true,5,4,epoch-50,0,3,cohens_d_test,0.44314867
citeseer,GeneralSheaf,true,5,4,epoch-50,1,3,cohens_d_test,0.30192798
citeseer,GeneralSheaf,true,5,4,epoch-50,2,3,cohens_d_test,0.26516446
citeseer,GeneralSheaf,true,5,4,epoch-50,3,3,cohens_d_test,0.2901044
citeseer,GeneralSheaf,true,5,4,epoch-50,4,3,cohens_d_test,0.3449383
citeseer,GeneralSheaf,true,5,4,epoch-50,0,4,degree,0.16406800081315037
citeseer,GeneralSheaf,true,5,4,epoch-50,1,4,degree,0.27420599228085707
citeseer,GeneralSheaf,true,5,4,epoch-50,2,4,degree,0.4914397765942658
citeseer,GeneralSheaf,true,5,4,epoch-50,3,4,degree,0.5733914625127795
citeseer,GeneralSheaf,true,5,4,epoch-50,4,4,degree,0.6256555731784228
citeseer,GeneralSheaf,true,5,4,epoch-50,0,4,betweenness,0.18839857781679326
citeseer,GeneralSheaf,true,5,4,epoch-50,1,4,betweenness,0.28899330911194293
citeseer,GeneralSheaf,true,5,4,epoch-50,2,4,betweenness,0.4568046493397371
citeseer,GeneralSheaf,true,5,4,epoch-50,3,4,betweenness,0.512775738095124
citeseer,GeneralSheaf,true,5,4,epoch-50,4,4,betweenness,0.5593237620574538
citeseer,GeneralSheaf,true,5,4,epoch-50,0,4,confidence,0.5121295362490076
citeseer,GeneralSheaf,true,5,4,epoch-50,1,4,confidence,0.6098609339811535
citeseer,GeneralSheaf,true,5,4,epoch-50,2,4,confidence,0.693625658001439
citeseer,GeneralSheaf,true,5,4,epoch-50,3,4,confidence,0.6875100463453547
citeseer,GeneralSheaf,true,5,4,epoch-50,4,4,confidence,0.7238837725388182
citeseer,GeneralSheaf,true,5,4,epoch-50,0,4,saliency,0.12653559838291945
citeseer,GeneralSheaf,true,5,4,epoch-50,1,4,saliency,0.27878193017244685
citeseer,GeneralSheaf,true,5,4,epoch-50,2,4,saliency,0.4079835903501434
citeseer,GeneralSheaf,true,5,4,epoch-50,3,4,saliency,0.45263250836911784
citeseer,GeneralSheaf,true,5,4,epoch-50,4,4,saliency,0.5008003414033344
citeseer,GeneralSheaf,true,5,4,epoch-50,0,4,cohens_d_train,nan
citeseer,GeneralSheaf,true,5,4,epoch-50,1,4,cohens_d_train,nan
citeseer,GeneralSheaf,true,5,4,epoch-50,2,4,cohens_d_train,nan
citeseer,GeneralSheaf,true,5,4,epoch-50,3,4,cohens_d_train,nan
citeseer,GeneralSheaf,true,5,4,epoch-50,4,4,cohens_d_train,nan
citeseer,GeneralSheaf,true,5,4,epoch-50,0,4,cohens_d_test,0.41560143
citeseer,GeneralSheaf,true,5,4,epoch-50,1,4,cohens_d_test,0.08870185
citeseer,GeneralSheaf,true,5,4,epoch-50,2,4,cohens_d_test,0.055137593
citeseer,GeneralSheaf,true,5,4,epoch-50,3,4,cohens_d_test,0.06457688
citeseer,GeneralSheaf,true,5,4,epoch-50,4,4,cohens_d_test,0.0048517957
citeseer,GeneralSheaf,true,5,4,epoch-50,0,5,degree,0.15330188553597607
citeseer,GeneralSheaf,true,5,4,epoch-50,1,5,degree,0.2812159892210874
citeseer,GeneralSheaf,true,5,4,epoch-50,2,5,degree,0.45036589931416154
citeseer,GeneralSheaf,true,5,4,epoch-50,3,5,degree,0.5826972720974551
citeseer,GeneralSheaf,true,5,4,epoch-50,4,5,degree,0.6689460128584847
citeseer,GeneralSheaf,true,5,4,epoch-50,0,5,betweenness,0.19243661540842832
citeseer,GeneralSheaf,true,5,4,epoch-50,1,5,betweenness,0.30764871022563406
citeseer,GeneralSheaf,true,5,4,epoch-50,2,5,betweenness,0.44973242522411006
citeseer,GeneralSheaf,true,5,4,epoch-50,3,5,betweenness,0.5536574105499142
citeseer,GeneralSheaf,true,5,4,epoch-50,4,5,betweenness,0.6184867181490568
citeseer,GeneralSheaf,true,5,4,epoch-50,0,5,confidence,0.5668296462677926
citeseer,GeneralSheaf,true,5,4,epoch-50,1,5,confidence,0.6666047851852982
citeseer,GeneralSheaf,true,5,4,epoch-50,2,5,confidence,0.7278858887118161
citeseer,GeneralSheaf,true,5,4,epoch-50,3,5,confidence,0.7565492539725996
citeseer,GeneralSheaf,true,5,4,epoch-50,4,5,confidence,0.8158762968236623
citeseer,GeneralSheaf,true,5,4,epoch-50,0,5,saliency,0.17325800270966454
citeseer,GeneralSheaf,true,5,4,epoch-50,1,5,saliency,0.27176073744508566
citeseer,GeneralSheaf,true,5,4,epoch-50,2,5,saliency,0.3694584397999057
citeseer,GeneralSheaf,true,5,4,epoch-50,3,5,saliency,0.4507402614448849
citeseer,GeneralSheaf,true,5,4,epoch-50,4,5,saliency,0.49874939494703185
citeseer,GeneralSheaf,true,5,4,epoch-50,0,5,cohens_d_train,nan
citeseer,GeneralSheaf,true,5,4,epoch-50,1,5,cohens_d_train,nan
citeseer,GeneralSheaf,true,5,4,epoch-50,2,5,cohens_d_train,nan
citeseer,GeneralSheaf,true,5,4,epoch-50,3,5,cohens_d_train,nan
citeseer,GeneralSheaf,true,5,4,epoch-50,4,5,cohens_d_train,nan
citeseer,GeneralSheaf,true,5,4,epoch-50,0,5,cohens_d_test,0.40106645
citeseer,GeneralSheaf,true,5,4,epoch-50,1,5,cohens_d_test,0.33805484
citeseer,GeneralSheaf,true,5,4,epoch-50,2,5,cohens_d_test,0.20648056
citeseer,GeneralSheaf,true,5,4,epoch-50,3,5,cohens_d_test,0.15893885
citeseer,GeneralSheaf,true,5,4,epoch-50,4,5,cohens_d_test,0.29242346
citeseer,GeneralSheaf,true,5,4,epoch-50,0,6,degree,0.04297174528621198
citeseer,GeneralSheaf,true,5,4,epoch-50,1,6,degree,0.13099745158819712
citeseer,GeneralSheaf,true,5,4,epoch-50,2,6,degree,0.35431912960774326
citeseer,GeneralSheaf,true,5,4,epoch-50,3,6,degree,0.4664548945220533
citeseer,GeneralSheaf,true,5,4,epoch-50,4,6,degree,0.6180808860696052
citeseer,GeneralSheaf,true,5,4,epoch-50,0,6,betweenness,0.04441627975705869
citeseer,GeneralSheaf,true,5,4,epoch-50,1,6,betweenness,0.12367734290042015
citeseer,GeneralSheaf,true,5,4,epoch-50,2,6,betweenness,0.32765797072939556
citeseer,GeneralSheaf,true,5,4,epoch-50,3,6,betweenness,0.4193110463453398
citeseer,GeneralSheaf,true,5,4,epoch-50,4,6,betweenness,0.5389169861871427
citeseer,GeneralSheaf,true,5,4,epoch-50,0,6,confidence,0.3498361172607653
citeseer,GeneralSheaf,true,5,4,epoch-50,1,6,confidence,0.4216943330792558
citeseer,GeneralSheaf,true,5,4,epoch-50,2,6,confidence,0.5464776160792645
citeseer,GeneralSheaf,true,5,4,epoch-50,3,6,confidence,0.5231721389259584
citeseer,GeneralSheaf,true,5,4,epoch-50,4,6,confidence,0.6236269146453599
citeseer,GeneralSheaf,true,5,4,epoch-50,0,6,saliency,-0.23008871670168624
citeseer,GeneralSheaf,true,5,4,epoch-50,1,6,saliency,-0.19534165508765033
citeseer,GeneralSheaf,true,5,4,epoch-50,2,6,saliency,-0.04620983141926671
citeseer,GeneralSheaf,true,5,4,epoch-50,3,6,saliency,0.08909511150962547
citeseer,GeneralSheaf,true,5,4,epoch-50,4,6,saliency,0.006059851624965836
citeseer,GeneralSheaf,true,5,4,epoch-50,0,6,cohens_d_train,0.33237156
citeseer,GeneralSheaf,true,5,4,epoch-50,1,6,cohens_d_train,0.2933082
citeseer,GeneralSheaf,true,5,4,epoch-50,2,6,cohens_d_train,0.16083032
citeseer,GeneralSheaf,true,5,4,epoch-50,3,6,cohens_d_train,0.23449367
citeseer,GeneralSheaf,true,5,4,epoch-50,4,6,cohens_d_train,0.09216554
citeseer,GeneralSheaf,true,5,4,epoch-50,0,6,cohens_d_test,0.33695155
citeseer,GeneralSheaf,true,5,4,epoch-50,1,6,cohens_d_test,0.28118223
citeseer,GeneralSheaf,true,5,4,epoch-50,2,6,cohens_d_test,0.0021772985
citeseer,GeneralSheaf,true,5,4,epoch-50,3,6,cohens_d_test,0.121972285
citeseer,GeneralSheaf,true,5,4,epoch-50,4,6,cohens_d_test,0.09840942
citeseer,GeneralSheaf,true,5,4,epoch-50,0,7,degree,0.007677373174292336
citeseer,GeneralSheaf,true,5,4,epoch-50,1,7,degree,0.05640330727024875
citeseer,GeneralSheaf,true,5,4,epoch-50,2,7,degree,0.2628687253297503
citeseer,GeneralSheaf,true,5,4,epoch-50,3,7,degree,0.4375991786539164
citeseer,GeneralSheaf,true,5,4,epoch-50,4,7,degree,0.5648655674293853
citeseer,GeneralSheaf,true,5,4,epoch-50,0,7,betweenness,0.008213719024453761
citeseer,GeneralSheaf,true,5,4,epoch-50,1,7,betweenness,0.05193200295381082
citeseer,GeneralSheaf,true,5,4,epoch-50,2,7,betweenness,0.2300206922417179
citeseer,GeneralSheaf,true,5,4,epoch-50,3,7,betweenness,0.37263301775444885
citeseer,GeneralSheaf,true,5,4,epoch-50,4,7,betweenness,0.4749876842257581
citeseer,GeneralSheaf,true,5,4,epoch-50,0,7,confidence,0.36789107697532963
citeseer,GeneralSheaf,true,5,4,epoch-50,1,7,confidence,0.39048911602938335
citeseer,GeneralSheaf,true,5,4,epoch-50,2,7,confidence,0.5411647233967453
citeseer,GeneralSheaf,true,5,4,epoch-50,3,7,confidence,0.5934876885453629
citeseer,GeneralSheaf,true,5,4,epoch-50,4,7,confidence,0.6396626111524951
citeseer,GeneralSheaf,true,5,4,epoch-50,0,7,saliency,-0.22267958892459425
citeseer,GeneralSheaf,true,5,4,epoch-50,1,7,saliency,-0.21475213346182034
citeseer,GeneralSheaf,true,5,4,epoch-50,2,7,saliency,-0.1578737543353887
citeseer,GeneralSheaf,true,5,4,epoch-50,3,7,saliency,-0.10524452133437176
citeseer,GeneralSheaf,true,5,4,epoch-50,4,7,saliency,-0.12905913608415948
citeseer,GeneralSheaf,true,5,4,epoch-50,0,7,cohens_d_train,nan
citeseer,GeneralSheaf,true,5,4,epoch-50,1,7,cohens_d_train,nan
citeseer,GeneralSheaf,true,5,4,epoch-50,2,7,cohens_d_train,nan
citeseer,GeneralSheaf,true,5,4,epoch-50,3,7,cohens_d_train,nan
citeseer,GeneralSheaf,true,5,4,epoch-50,4,7,cohens_d_train,nan
citeseer,GeneralSheaf,true,5,4,epoch-50,0,7,cohens_d_test,0.45790207
citeseer,GeneralSheaf,true,5,4,epoch-50,1,7,cohens_d_test,0.47623578
citeseer,GeneralSheaf,true,5,4,epoch-50,2,7,cohens_d_test,0.3615647
citeseer,GeneralSheaf,true,5,4,epoch-50,3,7,cohens_d_test,0.3030005
citeseer,GeneralSheaf,true,5,4,epoch-50,4,7,cohens_d_test,0.40127283
citeseer,GeneralSheaf,true,5,4,epoch-50,0,8,degree,-0.007647709057908689
citeseer,GeneralSheaf,true,5,4,epoch-50,1,8,degree,0.16049580958229112
citeseer,GeneralSheaf,true,5,4,epoch-50,2,8,degree,0.39317797736225135
citeseer,GeneralSheaf,true,5,4,epoch-50,3,8,degree,0.5249081866914028
citeseer,GeneralSheaf,true,5,4,epoch-50,4,8,degree,0.5877596741959906
citeseer,GeneralSheaf,true,5,4,epoch-50,0,8,betweenness,0.012976655116010214
citeseer,GeneralSheaf,true,5,4,epoch-50,1,8,betweenness,0.15519057003697972
citeseer,GeneralSheaf,true,5,4,epoch-50,2,8,betweenness,0.33843055968881125
citeseer,GeneralSheaf,true,5,4,epoch-50,3,8,betweenness,0.44785781525887036
citeseer,GeneralSheaf,true,5,4,epoch-50,4,8,betweenness,0.4814500431981183
citeseer,GeneralSheaf,true,5,4,epoch-50,0,8,confidence,0.4167611146716834
citeseer,GeneralSheaf,true,5,4,epoch-50,1,8,confidence,0.5353556803800319
citeseer,GeneralSheaf,true,5,4,epoch-50,2,8,confidence,0.5856137259490304
citeseer,GeneralSheaf,true,5,4,epoch-50,3,8,confidence,0.6006912111189198
citeseer,GeneralSheaf,true,5,4,epoch-50,4,8,confidence,0.6286283977252093
citeseer,GeneralSheaf,true,5,4,epoch-50,0,8,saliency,-0.24366421363916566
citeseer,GeneralSheaf,true,5,4,epoch-50,1,8,saliency,-0.1841529627569242
citeseer,GeneralSheaf,true,5,4,epoch-50,2,8,saliency,-0.08084548832378957
citeseer,GeneralSheaf,true,5,4,epoch-50,3,8,saliency,-0.028500315037557733
citeseer,GeneralSheaf,true,5,4,epoch-50,4,8,saliency,-0.07369532148555857
citeseer,GeneralSheaf,true,5,4,epoch-50,0,8,cohens_d_train,nan
citeseer,GeneralSheaf,true,5,4,epoch-50,1,8,cohens_d_train,nan
citeseer,GeneralSheaf,true,5,4,epoch-50,2,8,cohens_d_train,nan
citeseer,GeneralSheaf,true,5,4,epoch-50,3,8,cohens_d_train,nan
citeseer,GeneralSheaf,true,5,4,epoch-50,4,8,cohens_d_train,nan
citeseer,GeneralSheaf,true,5,4,epoch-50,0,8,cohens_d_test,0.40191275
citeseer,GeneralSheaf,true,5,4,epoch-50,1,8,cohens_d_test,0.27645314
citeseer,GeneralSheaf,true,5,4,epoch-50,2,8,cohens_d_test,0.04178454
citeseer,GeneralSheaf,true,5,4,epoch-50,3,8,cohens_d_test,0.01517246
citeseer,GeneralSheaf,true,5,4,epoch-50,4,8,cohens_d_test,0.098054655
citeseer,GeneralSheaf,true,5,4,epoch-50,0,9,degree,0.00133122506482716
citeseer,GeneralSheaf,true,5,4,epoch-50,1,9,degree,0.13357489342391005
citeseer,GeneralSheaf,true,5,4,epoch-50,2,9,degree,0.3731584824323603
citeseer,GeneralSheaf,true,5,4,epoch-50,3,9,degree,0.4998114159147522
citeseer,GeneralSheaf,true,5,4,epoch-50,4,9,degree,0.5464531483202979
citeseer,GeneralSheaf,true,5,4,epoch-50,0,9,betweenness,0.02383305176246749
citeseer,GeneralSheaf,true,5,4,epoch-50,1,9,betweenness,0.13241128829814
citeseer,GeneralSheaf,true,5,4,epoch-50,2,9,betweenness,0.3194123760977322
citeseer,GeneralSheaf,true,5,4,epoch-50,3,9,betweenness,0.4154837926324239
citeseer,GeneralSheaf,true,5,4,epoch-50,4,9,betweenness,0.44389954542016324
citeseer,GeneralSheaf,true,5,4,epoch-50,0,9,confidence,0.345218635861024
citeseer,GeneralSheaf,true,5,4,epoch-50,1,9,confidence,0.4551123072587345
citeseer,GeneralSheaf,true,5,4,epoch-50,2,9,confidence,0.5813813461569683
citeseer,GeneralSheaf,true,5,4,epoch-50,3,9,confidence,0.6000416870250028
citeseer,GeneralSheaf,true,5,4,epoch-50,4,9,confidence,0.5993185714257487
citeseer,GeneralSheaf,true,5,4,epoch-50,0,9,saliency,-0.18629406375245575
citeseer,GeneralSheaf,true,5,4,epoch-50,1,9,saliency,-0.1622764230594036
citeseer,GeneralSheaf,true,5,4,epoch-50,2,9,saliency,-0.11700209670957613
citeseer,GeneralSheaf,true,5,4,epoch-50,3,9,saliency,-0.08740401742505262
citeseer,GeneralSheaf,true,5,4,epoch-50,4,9,saliency,-0.09257666149884779
citeseer,GeneralSheaf,true,5,4,epoch-50,0,9,cohens_d_train,1.1683786
citeseer,GeneralSheaf,true,5,4,epoch-50,1,9,cohens_d_train,1.3594152
citeseer,GeneralSheaf,true,5,4,epoch-50,2,9,cohens_d_train,1.0714531
citeseer,GeneralSheaf,true,5,4,epoch-50,3,9,cohens_d_train,0.97837377
citeseer,GeneralSheaf,true,5,4,epoch-50,4,9,cohens_d_train,1.0153061
citeseer,GeneralSheaf,true,5,4,epoch-50,0,9,cohens_d_test,0.3651181
citeseer,GeneralSheaf,true,5,4,epoch-50,1,9,cohens_d_test,0.3211097
citeseer,GeneralSheaf,true,5,4,epoch-50,2,9,cohens_d_test,0.1827474
citeseer,GeneralSheaf,true,5,4,epoch-50,3,9,cohens_d_test,0.16656667
citeseer,GeneralSheaf,true,5,4,epoch-50,4,9,cohens_d_test,0.2315231
citeseer,GeneralSheaf,true,5,4,epoch-200,0,0,degree,0.04954355630262251
citeseer,GeneralSheaf,true,5,4,epoch-200,1,0,degree,0.1100915476664899
citeseer,GeneralSheaf,true,5,4,epoch-200,2,0,degree,0.28963594258005343
citeseer,GeneralSheaf,true,5,4,epoch-200,3,0,degree,0.499841824926364
citeseer,GeneralSheaf,true,5,4,epoch-200,4,0,degree,0.6384717394804913
citeseer,GeneralSheaf,true,5,4,epoch-200,0,0,betweenness,0.05573561231418254
citeseer,GeneralSheaf,true,5,4,epoch-200,1,0,betweenness,0.11063948636789385
citeseer,GeneralSheaf,true,5,4,epoch-200,2,0,betweenness,0.26760239045751516
citeseer,GeneralSheaf,true,5,4,epoch-200,3,0,betweenness,0.43386940667815627
citeseer,GeneralSheaf,true,5,4,epoch-200,4,0,betweenness,0.529541023811956
citeseer,GeneralSheaf,true,5,4,epoch-200,0,0,confidence,0.325945480098412
citeseer,GeneralSheaf,true,5,4,epoch-200,1,0,confidence,0.3759172976968861
citeseer,GeneralSheaf,true,5,4,epoch-200,2,0,confidence,0.48344805214491365
citeseer,GeneralSheaf,true,5,4,epoch-200,3,0,confidence,0.5980471220322623
citeseer,GeneralSheaf,true,5,4,epoch-200,4,0,confidence,0.6978290475385445
citeseer,GeneralSheaf,true,5,4,epoch-200,0,0,saliency,-0.07748743076702574
citeseer,GeneralSheaf,true,5,4,epoch-200,1,0,saliency,-0.0651961360087131
citeseer,GeneralSheaf,true,5,4,epoch-200,2,0,saliency,-0.015548921928377668
citeseer,GeneralSheaf,true,5,4,epoch-200,3,0,saliency,-0.005496338192007789
citeseer,GeneralSheaf,true,5,4,epoch-200,4,0,saliency,-0.06657064459688039
citeseer,GeneralSheaf,true,5,4,epoch-200,0,0,cohens_d_train,nan
citeseer,GeneralSheaf,true,5,4,epoch-200,1,0,cohens_d_train,nan
citeseer,GeneralSheaf,true,5,4,epoch-200,2,0,cohens_d_train,nan
citeseer,GeneralSheaf,true,5,4,epoch-200,3,0,cohens_d_train,nan
citeseer,GeneralSheaf,true,5,4,epoch-200,4,0,cohens_d_train,nan
citeseer,GeneralSheaf,true,5,4,epoch-200,0,0,cohens_d_test,0.34905532
citeseer,GeneralSheaf,true,5,4,epoch-200,1,0,cohens_d_test,0.314454
citeseer,GeneralSheaf,true,5,4,epoch-200,2,0,cohens_d_test,0.08228703
citeseer,GeneralSheaf,true,5,4,epoch-200,3,0,cohens_d_test,0.09011844
citeseer,GeneralSheaf,true,5,4,epoch-200,4,0,cohens_d_test,0.24935588
citeseer,GeneralSheaf,true,5,4,epoch-200,0,1,degree,0.022921004309454148
citeseer,GeneralSheaf,true,5,4,epoch-200,1,1,degree,0.18455602203280563
citeseer,GeneralSheaf,true,5,4,epoch-200,2,1,degree,0.3917631443394841
citeseer,GeneralSheaf,true,5,4,epoch-200,3,1,degree,0.5270915999624225
citeseer,GeneralSheaf,true,5,4,epoch-200,4,1,degree,0.6392184332597588
citeseer,GeneralSheaf,true,5,4,epoch-200,0,1,betweenness,0.024383618104958288
citeseer,GeneralSheaf,true,5,4,epoch-200,1,1,betweenness,0.17461389618097325
citeseer,GeneralSheaf,true,5,4,epoch-200,2,1,betweenness,0.34953106008468504
citeseer,GeneralSheaf,true,5,4,epoch-200,3,1,betweenness,0.456217512236919
citeseer,GeneralSheaf,true,5,4,epoch-200,4,1,betweenness,0.549880232184421
citeseer,GeneralSheaf,true,5,4,epoch-200,0,1,confidence,0.2818762676914643
citeseer,GeneralSheaf,true,5,4,epoch-200,1,1,confidence,0.41976728589433376
citeseer,GeneralSheaf,true,5,4,epoch-200,2,1,confidence,0.5437925500835294
citeseer,GeneralSheaf,true,5,4,epoch-200,3,1,confidence,0.6343148113644017
citeseer,GeneralSheaf,true,5,4,epoch-200,4,1,confidence,0.7422514010541585
citeseer,GeneralSheaf,true,5,4,epoch-200,0,1,saliency,-0.1396187295250319
citeseer,GeneralSheaf,true,5,4,epoch-200,1,1,saliency,-0.08127667578011104
citeseer,GeneralSheaf,true,5,4,epoch-200,2,1,saliency,-0.057760805937126
citeseer,GeneralSheaf,true,5,4,epoch-200,3,1,saliency,-0.05967005135947069
citeseer,GeneralSheaf,true,5,4,epoch-200,4,1,saliency,-0.12915573939508934
citeseer,GeneralSheaf,true,5,4,epoch-200,0,1,cohens_d_train,0.7607384
citeseer,GeneralSheaf,true,5,4,epoch-200,1,1,cohens_d_train,0.5323573
citeseer,GeneralSheaf,true,5,4,epoch-200,2,1,cohens_d_train,0.70085037
citeseer,GeneralSheaf,true,5,4,epoch-200,3,1,cohens_d_train,0.6395553
citeseer,GeneralSheaf,true,5,4,epoch-200,4,1,cohens_d_train,0.27224636
citeseer,GeneralSheaf,true,5,4,epoch-200,0,1,cohens_d_test,0.21944118
citeseer,GeneralSheaf,true,5,4,epoch-200,1,1,cohens_d_test,0.051960465
citeseer,GeneralSheaf,true,5,4,epoch-200,2,1,cohens_d_test,0.06411868
citeseer,GeneralSheaf,true,5,4,epoch-200,3,1,cohens_d_test,0.19056326
citeseer,GeneralSheaf,true,5,4,epoch-200,4,1,cohens_d_test,0.3645674
citeseer,GeneralSheaf,true,5,4,epoch-200,0,2,degree,-0.018934224228340596
citeseer,GeneralSheaf,true,5,4,epoch-200,1,2,degree,0.11500988275831361
citeseer,GeneralSheaf,true,5,4,epoch-200,2,2,degree,0.28941292421849407
citeseer,GeneralSheaf,true,5,4,epoch-200,3,2,degree,0.45300276347137686
citeseer,GeneralSheaf,true,5,4,epoch-200,4,2,degree,0.6130011482697706
citeseer,GeneralSheaf,true,5,4,epoch-200,0,2,betweenness,5.660602339503767e-05
citeseer,GeneralSheaf,true,5,4,epoch-200,1,2,betweenness,0.12085740440343047
citeseer,GeneralSheaf,true,5,4,epoch-200,2,2,betweenness,0.2666695892701232
citeseer,GeneralSheaf,true,5,4,epoch-200,3,2,betweenness,0.39886061625478453
citeseer,GeneralSheaf,true,5,4,epoch-200,4,2,betweenness,0.5142951434837217
citeseer,GeneralSheaf,true,5,4,epoch-200,0,2,confidence,0.27525872642360605
citeseer,GeneralSheaf,true,5,4,epoch-200,1,2,confidence,0.37041492544183874
citeseer,GeneralSheaf,true,5,4,epoch-200,2,2,confidence,0.48200237845686544
citeseer,GeneralSheaf,true,5,4,epoch-200,3,2,confidence,0.5916476464772471
citeseer,GeneralSheaf,true,5,4,epoch-200,4,2,confidence,0.7301409105724378
citeseer,GeneralSheaf,true,5,4,epoch-200,0,2,saliency,-0.11188331970200195
citeseer,GeneralSheaf,true,5,4,epoch-200,1,2,saliency,-0.0941893485308839
citeseer,GeneralSheaf,true,5,4,epoch-200,2,2,saliency,-0.07758268765298744
citeseer,GeneralSheaf,true,5,4,epoch-200,3,2,saliency,-0.05177396204252276
citeseer,GeneralSheaf,true,5,4,epoch-200,4,2,saliency,-0.09497523582645136
citeseer,GeneralSheaf,true,5,4,epoch-200,0,2,cohens_d_train,nan
citeseer,GeneralSheaf,true,5,4,epoch-200,1,2,cohens_d_train,nan
citeseer,GeneralSheaf,true,5,4,epoch-200,2,2,cohens_d_train,nan
citeseer,GeneralSheaf,true,5,4,epoch-200,3,2,cohens_d_train,nan
citeseer,GeneralSheaf,true,5,4,epoch-200,4,2,cohens_d_train,nan
citeseer,GeneralSheaf,true,5,4,epoch-200,0,2,cohens_d_test,0.31064996
citeseer,GeneralSheaf,true,5,4,epoch-200,1,2,cohens_d_test,0.32078454
citeseer,GeneralSheaf,true,5,4,epoch-200,2,2,cohens_d_test,0.2788698
citeseer,GeneralSheaf,true,5,4,epoch-200,3,2,cohens_d_test,0.19879012
citeseer,GeneralSheaf,true,5,4,epoch-200,4,2,cohens_d_test,0.30326954
citeseer,GeneralSheaf,true,5,4,epoch-200,0,3,degree,0.03451788610680759
citeseer,GeneralSheaf,true,5,4,epoch-200,1,3,degree,0.1338715197013395
citeseer,GeneralSheaf,true,5,4,epoch-200,2,3,degree,0.3705681532511765
citeseer,GeneralSheaf,true,5,4,epoch-200,3,3,degree,0.5691893952132523
citeseer,GeneralSheaf,true,5,4,epoch-200,4,3,degree,0.6844073431983122
citeseer,GeneralSheaf,true,5,4,epoch-200,0,3,betweenness,0.032601341844548895
citeseer,GeneralSheaf,true,5,4,epoch-200,1,3,betweenness,0.11851307998500989
citeseer,GeneralSheaf,true,5,4,epoch-200,2,3,betweenness,0.3137494037554048
citeseer,GeneralSheaf,true,5,4,epoch-200,3,3,betweenness,0.47054751429236746
citeseer,GeneralSheaf,true,5,4,epoch-200,4,3,betweenness,0.5571051122269477
citeseer,GeneralSheaf,true,5,4,epoch-200,0,3,confidence,0.30218856089980134
citeseer,GeneralSheaf,true,5,4,epoch-200,1,3,confidence,0.3928993535515375
citeseer,GeneralSheaf,true,5,4,epoch-200,2,3,confidence,0.5339594075260286
citeseer,GeneralSheaf,true,5,4,epoch-200,3,3,confidence,0.6222012264653349
citeseer,GeneralSheaf,true,5,4,epoch-200,4,3,confidence,0.7155742544432617
citeseer,GeneralSheaf,true,5,4,epoch-200,0,3,saliency,-0.12996340848157908
citeseer,GeneralSheaf,true,5,4,epoch-200,1,3,saliency,-0.11021602223815087
citeseer,GeneralSheaf,true,5,4,epoch-200,2,3,saliency,-0.05566927689063261
citeseer,GeneralSheaf,true,5,4,epoch-200,3,3,saliency,-0.04411976526711136
citeseer,GeneralSheaf,true,5,4,epoch-200,4,3,saliency,-0.1148996454599923
citeseer,GeneralSheaf,true,5,4,epoch-200,0,3,cohens_d_train,nan
citeseer,GeneralSheaf,true,5,4,epoch-200,1,3,cohens_d_train,nan
citeseer,GeneralSheaf,true,5,4,epoch-200,2,3,cohens_d_train,nan
citeseer,GeneralSheaf,true,5,4,epoch-200,3,3,cohens_d_train,nan
citeseer,GeneralSheaf,true,5,4,epoch-200,4,3,cohens_d_train,nan
citeseer,GeneralSheaf,true,5,4,epoch-200,0,3,cohens_d_test,0.33942378
citeseer,GeneralSheaf,true,5,4,epoch-200,1,3,cohens_d_test,0.28375497
citeseer,GeneralSheaf,true,5,4,epoch-200,2,3,cohens_d_test,0.21580279
citeseer,GeneralSheaf,true,5,4,epoch-200,3,3,cohens_d_test,0.2839183
citeseer,GeneralSheaf,true,5,4,epoch-200,4,3,cohens_d_test,0.49422175
citeseer,GeneralSheaf,true,5,4,epoch-200,0,4,degree,0.23378286016702157
citeseer,GeneralSheaf,true,5,4,epoch-200,1,4,degree,0.31193567755389834
citeseer,GeneralSheaf,true,5,4,epoch-200,2,4,degree,0.5455275874479748
citeseer,GeneralSheaf,true,5,4,epoch-200,3,4,degree,0.6662935634209151
citeseer,GeneralSheaf,true,5,4,epoch-200,4,4,degree,0.708936509001389
citeseer,GeneralSheaf,true,5,4,epoch-200,0,4,betweenness,0.25182338642842983
citeseer,GeneralSheaf,true,5,4,epoch-200,1,4,betweenness,0.32643614199224996
citeseer,GeneralSheaf,true,5,4,epoch-200,2,4,betweenness,0.5278737641902905
citeseer,GeneralSheaf,true,5,4,epoch-200,3,4,betweenness,0.6252855851017517
citeseer,GeneralSheaf,true,5,4,epoch-200,4,4,betweenness,0.6643991432385172
citeseer,GeneralSheaf,true,5,4,epoch-200,0,4,confidence,0.4867732199924645
citeseer,GeneralSheaf,true,5,4,epoch-200,1,4,confidence,0.5685611028906369
citeseer,GeneralSheaf,true,5,4,epoch-200,2,4,confidence,0.7267338157981806
citeseer,GeneralSheaf,true,5,4,epoch-200,3,4,confidence,0.7948765342842431
citeseer,GeneralSheaf,true,5,4,epoch-200,4,4,confidence,0.8430895471163147
citeseer,GeneralSheaf,true,5,4,epoch-200,0,4,saliency,0.2428104617894497
citeseer,GeneralSheaf,true,5,4,epoch-200,1,4,saliency,0.32992107624313327
citeseer,GeneralSheaf,true,5,4,epoch-200,2,4,saliency,0.4538350297359553
citeseer,GeneralSheaf,true,5,4,epoch-200,3,4,saliency,0.520754164338049
citeseer,GeneralSheaf,true,5,4,epoch-200,4,4,saliency,0.5637948436579918
citeseer,GeneralSheaf,true,5,4,epoch-200,0,4,cohens_d_train,nan
citeseer,GeneralSheaf,true,5,4,epoch-200,1,4,cohens_d_train,nan
citeseer,GeneralSheaf,true,5,4,epoch-200,2,4,cohens_d_train,nan
citeseer,GeneralSheaf,true,5,4,epoch-200,3,4,cohens_d_train,nan
citeseer,GeneralSheaf,true,5,4,epoch-200,4,4,cohens_d_train,nan
citeseer,GeneralSheaf,true,5,4,epoch-200,0,4,cohens_d_test,0.26056018
citeseer,GeneralSheaf,true,5,4,epoch-200,1,4,cohens_d_test,0.17524397
citeseer,GeneralSheaf,true,5,4,epoch-200,2,4,cohens_d_test,0.15711488
citeseer,GeneralSheaf,true,5,4,epoch-200,3,4,cohens_d_test,0.18678206
citeseer,GeneralSheaf,true,5,4,epoch-200,4,4,cohens_d_test,0.29386973
citeseer,GeneralSheaf,true,5,4,epoch-200,0,5,degree,0.1805258339442797
citeseer,GeneralSheaf,true,5,4,epoch-200,1,5,degree,0.2691212383863283
citeseer,GeneralSheaf,true,5,4,epoch-200,2,5,degree,0.40970883515067663
citeseer,GeneralSheaf,true,5,4,epoch-200,3,5,degree,0.6181765573657888
citeseer,GeneralSheaf,true,5,4,epoch-200,4,5,degree,0.6983756002278981
citeseer,GeneralSheaf,true,5,4,epoch-200,0,5,betweenness,0.20777010285383493
citeseer,GeneralSheaf,true,5,4,epoch-200,1,5,betweenness,0.2852165402341828
citeseer,GeneralSheaf,true,5,4,epoch-200,2,5,betweenness,0.407607013445073
citeseer,GeneralSheaf,true,5,4,epoch-200,3,5,betweenness,0.5813825866082292
citeseer,GeneralSheaf,true,5,4,epoch-200,4,5,betweenness,0.6424315592949859
citeseer,GeneralSheaf,true,5,4,epoch-200,0,5,confidence,0.45041505936313087
citeseer,GeneralSheaf,true,5,4,epoch-200,1,5,confidence,0.5443967292337026
citeseer,GeneralSheaf,true,5,4,epoch-200,2,5,confidence,0.6418599741327504
citeseer,GeneralSheaf,true,5,4,epoch-200,3,5,confidence,0.7775271471193972
citeseer,GeneralSheaf,true,5,4,epoch-200,4,5,confidence,0.855829521162773
citeseer,GeneralSheaf,true,5,4,epoch-200,0,5,saliency,0.21365096318345037
citeseer,GeneralSheaf,true,5,4,epoch-200,1,5,saliency,0.2798535047944762
citeseer,GeneralSheaf,true,5,4,epoch-200,2,5,saliency,0.3763877306773655
citeseer,GeneralSheaf,true,5,4,epoch-200,3,5,saliency,0.48203743467081794
citeseer,GeneralSheaf,true,5,4,epoch-200,4,5,saliency,0.5264778299662608
citeseer,GeneralSheaf,true,5,4,epoch-200,0,5,cohens_d_train,nan
citeseer,GeneralSheaf,true,5,4,epoch-200,1,5,cohens_d_train,nan
citeseer,GeneralSheaf,true,5,4,epoch-200,2,5,cohens_d_train,nan
citeseer,GeneralSheaf,true,5,4,epoch-200,3,5,cohens_d_train,nan
citeseer,GeneralSheaf,true,5,4,epoch-200,4,5,cohens_d_train,nan
citeseer,GeneralSheaf,true,5,4,epoch-200,0,5,cohens_d_test,0.17622218
citeseer,GeneralSheaf,true,5,4,epoch-200,1,5,cohens_d_test,0.17525613
citeseer,GeneralSheaf,true,5,4,epoch-200,2,5,cohens_d_test,0.13673474
citeseer,GeneralSheaf,true,5,4,epoch-200,3,5,cohens_d_test,0.17258997
citeseer,GeneralSheaf,true,5,4,epoch-200,4,5,cohens_d_test,0.32498652
citeseer,GeneralSheaf,true,5,4,epoch-200,0,6,degree,0.0507013830497566
citeseer,GeneralSheaf,true,5,4,epoch-200,1,6,degree,0.10292079602354305
citeseer,GeneralSheaf,true,5,4,epoch-200,2,6,degree,0.304197657373545
citeseer,GeneralSheaf,true,5,4,epoch-200,3,6,degree,0.5005393811380494
citeseer,GeneralSheaf,true,5,4,epoch-200,4,6,degree,0.6701021598522472
citeseer,GeneralSheaf,true,5,4,epoch-200,0,6,betweenness,0.039848110519595206
citeseer,GeneralSheaf,true,5,4,epoch-200,1,6,betweenness,0.08469523592357452
citeseer,GeneralSheaf,true,5,4,epoch-200,2,6,betweenness,0.25395435746851064
citeseer,GeneralSheaf,true,5,4,epoch-200,3,6,betweenness,0.4153454393236558
citeseer,GeneralSheaf,true,5,4,epoch-200,4,6,betweenness,0.5487404614661909
citeseer,GeneralSheaf,true,5,4,epoch-200,0,6,confidence,0.3352556259459218
citeseer,GeneralSheaf,true,5,4,epoch-200,1,6,confidence,0.38017012080527773
citeseer,GeneralSheaf,true,5,4,epoch-200,2,6,confidence,0.5055853307002225
citeseer,GeneralSheaf,true,5,4,epoch-200,3,6,confidence,0.583458436124295
citeseer,GeneralSheaf,true,5,4,epoch-200,4,6,confidence,0.7182627200778561
citeseer,GeneralSheaf,true,5,4,epoch-200,0,6,saliency,nan
citeseer,GeneralSheaf,true,5,4,epoch-200,1,6,saliency,nan
citeseer,GeneralSheaf,true,5,4,epoch-200,2,6,saliency,nan
citeseer,GeneralSheaf,true,5,4,epoch-200,3,6,saliency,nan
citeseer,GeneralSheaf,true,5,4,epoch-200,4,6,saliency,nan
citeseer,GeneralSheaf,true,5,4,epoch-200,0,6,cohens_d_train,0.71192497
citeseer,GeneralSheaf,true,5,4,epoch-200,1,6,cohens_d_train,0.649046
citeseer,GeneralSheaf,true,5,4,epoch-200,2,6,cohens_d_train,0.48632863
citeseer,GeneralSheaf,true,5,4,epoch-200,3,6,cohens_d_train,0.391367
citeseer,GeneralSheaf,true,5,4,epoch-200,4,6,cohens_d_train,0.3448253
citeseer,GeneralSheaf,true,5,4,epoch-200,0,6,cohens_d_test,0.10581646
citeseer,GeneralSheaf,true,5,4,epoch-200,1,6,cohens_d_test,0.07464019
citeseer,GeneralSheaf,true,5,4,epoch-200,2,6,cohens_d_test,0.105316035
citeseer,GeneralSheaf,true,5,4,epoch-200,3,6,cohens_d_test,0.09066705
citeseer,GeneralSheaf,true,5,4,epoch-200,4,6,cohens_d_test,0.18450825
citeseer,GeneralSheaf,true,5,4,epoch-200,0,7,degree,0.08250946616952543
citeseer,GeneralSheaf,true,5,4,epoch-200,1,7,degree,0.11041321546061178
citeseer,GeneralSheaf,true,5,4,epoch-200,2,7,degree,0.24886473361886782
citeseer,GeneralSheaf,true,5,4,epoch-200,3,7,degree,0.4371068738652475
citeseer,GeneralSheaf,true,5,4,epoch-200,4,7,degree,0.6139932450502251
citeseer,GeneralSheaf,true,5,4,epoch-200,0,7,betweenness,0.07711877294109118
citeseer,GeneralSheaf,true,5,4,epoch-200,1,7,betweenness,0.10183880269227459
citeseer,GeneralSheaf,true,5,4,epoch-200,2,7,betweenness,0.21576248960337968
citeseer,GeneralSheaf,true,5,4,epoch-200,3,7,betweenness,0.3632537138543866
citeseer,GeneralSheaf,true,5,4,epoch-200,4,7,betweenness,0.504449181953755
citeseer,GeneralSheaf,true,5,4,epoch-200,0,7,confidence,0.32334106593777784
citeseer,GeneralSheaf,true,5,4,epoch-200,1,7,confidence,0.33907110980885163
citeseer,GeneralSheaf,true,5,4,epoch-200,2,7,confidence,0.4501990834036188
citeseer,GeneralSheaf,true,5,4,epoch-200,3,7,confidence,0.5630516144182228
citeseer,GeneralSheaf,true,5,4,epoch-200,4,7,confidence,0.6708401422961713
citeseer,GeneralSheaf,true,5,4,epoch-200,0,7,saliency,-0.12807273870343877
citeseer,GeneralSheaf,true,5,4,epoch-200,1,7,saliency,-0.12138755068108696
citeseer,GeneralSheaf,true,5,4,epoch-200,2,7,saliency,-0.07613107889692254
citeseer,GeneralSheaf,true,5,4,epoch-200,3,7,saliency,-0.06411505739945525
citeseer,GeneralSheaf,true,5,4,epoch-200,4,7,saliency,-0.12554425579637205
citeseer,GeneralSheaf,true,5,4,epoch-200,0,7,cohens_d_train,nan
citeseer,GeneralSheaf,true,5,4,epoch-200,1,7,cohens_d_train,nan
citeseer,GeneralSheaf,true,5,4,epoch-200,2,7,cohens_d_train,nan
citeseer,GeneralSheaf,true,5,4,epoch-200,3,7,cohens_d_train,nan
citeseer,GeneralSheaf,true,5,4,epoch-200,4,7,cohens_d_train,nan
citeseer,GeneralSheaf,true,5,4,epoch-200,0,7,cohens_d_test,0.36144114
citeseer,GeneralSheaf,true,5,4,epoch-200,1,7,cohens_d_test,0.37677348
citeseer,GeneralSheaf,true,5,4,epoch-200,2,7,cohens_d_test,0.28864586
citeseer,GeneralSheaf,true,5,4,epoch-200,3,7,cohens_d_test,0.29909036
citeseer,GeneralSheaf,true,5,4,epoch-200,4,7,cohens_d_test,0.47387326
citeseer,GeneralSheaf,true,5,4,epoch-200,0,8,degree,0.03716433830225518
citeseer,GeneralSheaf,true,5,4,epoch-200,1,8,degree,0.1545029311436434
citeseer,GeneralSheaf,true,5,4,epoch-200,2,8,degree,0.3508830119491535
citeseer,GeneralSheaf,true,5,4,epoch-200,3,8,degree,0.5365728999682038
citeseer,GeneralSheaf,true,5,4,epoch-200,4,8,degree,0.6248993854540386
citeseer,GeneralSheaf,true,5,4,epoch-200,0,8,betweenness,0.040320401689778324
citeseer,GeneralSheaf,true,5,4,epoch-200,1,8,betweenness,0.14607557694653617
citeseer,GeneralSheaf,true,5,4,epoch-200,2,8,betweenness,0.3160176763509371
citeseer,GeneralSheaf,true,5,4,epoch-200,3,8,betweenness,0.4687130321347464
citeseer,GeneralSheaf,true,5,4,epoch-200,4,8,betweenness,0.5249431933562687
citeseer,GeneralSheaf,true,5,4,epoch-200,0,8,confidence,0.3225705571521769
citeseer,GeneralSheaf,true,5,4,epoch-200,1,8,confidence,0.4111502336447805
citeseer,GeneralSheaf,true,5,4,epoch-200,2,8,confidence,0.5210460401361272
citeseer,GeneralSheaf,true,5,4,epoch-200,3,8,confidence,0.6038433164446584
citeseer,GeneralSheaf,true,5,4,epoch-200,4,8,confidence,0.6958690230272484
citeseer,GeneralSheaf,true,5,4,epoch-200,0,8,saliency,-0.10158565015877895
citeseer,GeneralSheaf,true,5,4,epoch-200,1,8,saliency,-0.09325973679184787
citeseer,GeneralSheaf,true,5,4,epoch-200,2,8,saliency,-0.07109989299931593
citeseer,GeneralSheaf,true,5,4,epoch-200,3,8,saliency,-0.05681392070026046
citeseer,GeneralSheaf,true,5,4,epoch-200,4,8,saliency,-0.1274558348768518
citeseer,GeneralSheaf,true,5,4,epoch-200,0,8,cohens_d_train,nan
citeseer,GeneralSheaf,true,5,4,epoch-200,1,8,cohens_d_train,nan
citeseer,GeneralSheaf,true,5,4,epoch-200,2,8,cohens_d_train,nan
citeseer,GeneralSheaf,true,5,4,epoch-200,3,8,cohens_d_train,nan
citeseer,GeneralSheaf,true,5,4,epoch-200,4,8,cohens_d_train,nan
citeseer,GeneralSheaf,true,5,4,epoch-200,0,8,cohens_d_test,0.17990726
citeseer,GeneralSheaf,true,5,4,epoch-200,1,8,cohens_d_test,0.17994826
citeseer,GeneralSheaf,true,5,4,epoch-200,2,8,cohens_d_test,0.08505441
citeseer,GeneralSheaf,true,5,4,epoch-200,3,8,cohens_d_test,0.07742298
citeseer,GeneralSheaf,true,5,4,epoch-200,4,8,cohens_d_test,0.27374464
citeseer,GeneralSheaf,true,5,4,epoch-200,0,9,degree,-0.021977777047268617
citeseer,GeneralSheaf,true,5,4,epoch-200,1,9,degree,0.1250548120070923
citeseer,GeneralSheaf,true,5,4,epoch-200,2,9,degree,0.30666534740255913
citeseer,GeneralSheaf,true,5,4,epoch-200,3,9,degree,0.5084543215146925
citeseer,GeneralSheaf,true,5,4,epoch-200,4,9,degree,0.6139371986906356
citeseer,GeneralSheaf,true,5,4,epoch-200,0,9,betweenness,-0.0023340964647153273
citeseer,GeneralSheaf,true,5,4,epoch-200,1,9,betweenness,0.11932371904281901
citeseer,GeneralSheaf,true,5,4,epoch-200,2,9,betweenness,0.26520095128418836
citeseer,GeneralSheaf,true,5,4,epoch-200,3,9,betweenness,0.4264215401187213
citeseer,GeneralSheaf,true,5,4,epoch-200,4,9,betweenness,0.49786054334211705
citeseer,GeneralSheaf,true,5,4,epoch-200,0,9,confidence,0.25997687424556615
citeseer,GeneralSheaf,true,5,4,epoch-200,1,9,confidence,0.350152605158401
citeseer,GeneralSheaf,true,5,4,epoch-200,2,9,confidence,0.47908422970810044
citeseer,GeneralSheaf,true,5,4,epoch-200,3,9,confidence,0.5948982892324385
citeseer,GeneralSheaf,true,5,4,epoch-200,4,9,confidence,0.6837372698078706
citeseer,GeneralSheaf,true,5,4,epoch-200,0,9,saliency,-0.11297004483384676
citeseer,GeneralSheaf,true,5,4,epoch-200,1,9,saliency,-0.07524201513748957
citeseer,GeneralSheaf,true,5,4,epoch-200,2,9,saliency,-0.026938062273606383
citeseer,GeneralSheaf,true,5,4,epoch-200,3,9,saliency,-0.02402926171007712
citeseer,GeneralSheaf,true,5,4,epoch-200,4,9,saliency,-0.07224474307974219
citeseer,GeneralSheaf,true,5,4,epoch-200,0,9,cohens_d_train,0.37839234
citeseer,GeneralSheaf,true,5,4,epoch-200,1,9,cohens_d_train,0.35460427
citeseer,GeneralSheaf,true,5,4,epoch-200,2,9,cohens_d_train,0.53815764
citeseer,GeneralSheaf,true,5,4,epoch-200,3,9,cohens_d_train,0.75622517
citeseer,GeneralSheaf,true,5,4,epoch-200,4,9,cohens_d_train,0.71261805
citeseer,GeneralSheaf,true,5,4,epoch-200,0,9,cohens_d_test,0.16169254
citeseer,GeneralSheaf,true,5,4,epoch-200,1,9,cohens_d_test,0.101789795
citeseer,GeneralSheaf,true,5,4,epoch-200,2,9,cohens_d_test,0.018077964
citeseer,GeneralSheaf,true,5,4,epoch-200,3,9,cohens_d_test,0.08855931
citeseer,GeneralSheaf,true,5,4,epoch-200,4,9,cohens_d_test,0.2816156
citeseer,GeneralSheaf,true,5,4,best-epoch,0,0,degree,0.014532753910353741
citeseer,GeneralSheaf,true,5,4,best-epoch,1,0,degree,0.09751823092157395
citeseer,GeneralSheaf,true,5,4,best-epoch,2,0,degree,0.2899119754372225
citeseer,GeneralSheaf,true,5,4,best-epoch,3,0,degree,0.42990663596166045
citeseer,GeneralSheaf,true,5,4,best-epoch,4,0,degree,0.5462978259847386
citeseer,GeneralSheaf,true,5,4,best-epoch,0,0,betweenness,0.01888450892603746
citeseer,GeneralSheaf,true,5,4,best-epoch,1,0,betweenness,0.10140308227399267
citeseer,GeneralSheaf,true,5,4,best-epoch,2,0,betweenness,0.27356316450005336
citeseer,GeneralSheaf,true,5,4,best-epoch,3,0,betweenness,0.3890044827762692
citeseer,GeneralSheaf,true,5,4,best-epoch,4,0,betweenness,0.4817491519571982
citeseer,GeneralSheaf,true,5,4,best-epoch,0,0,confidence,0.39028513962567696
citeseer,GeneralSheaf,true,5,4,best-epoch,1,0,confidence,0.5636071191891049
citeseer,GeneralSheaf,true,5,4,best-epoch,2,0,confidence,0.6982914303640252
citeseer,GeneralSheaf,true,5,4,best-epoch,3,0,confidence,0.6724226646126996
citeseer,GeneralSheaf,true,5,4,best-epoch,4,0,confidence,0.676841014390839
citeseer,GeneralSheaf,true,5,4,best-epoch,0,0,saliency,-0.2252133106105766
citeseer,GeneralSheaf,true,5,4,best-epoch,1,0,saliency,-0.23457490125656497
citeseer,GeneralSheaf,true,5,4,best-epoch,2,0,saliency,-0.15046996210004884
citeseer,GeneralSheaf,true,5,4,best-epoch,3,0,saliency,-0.06246195821035107
citeseer,GeneralSheaf,true,5,4,best-epoch,4,0,saliency,-0.06710511287816324
citeseer,GeneralSheaf,true,5,4,best-epoch,0,0,cohens_d_train,0.8453766
citeseer,GeneralSheaf,true,5,4,best-epoch,1,0,cohens_d_train,1.0542185
citeseer,GeneralSheaf,true,5,4,best-epoch,2,0,cohens_d_train,0.86382556
citeseer,GeneralSheaf,true,5,4,best-epoch,3,0,cohens_d_train,0.79849106
citeseer,GeneralSheaf,true,5,4,best-epoch,4,0,cohens_d_train,0.7887761
citeseer,GeneralSheaf,true,5,4,best-epoch,0,0,cohens_d_test,0.55083793
citeseer,GeneralSheaf,true,5,4,best-epoch,1,0,cohens_d_test,0.47230533
citeseer,GeneralSheaf,true,5,4,best-epoch,2,0,cohens_d_test,0.23388126
citeseer,GeneralSheaf,true,5,4,best-epoch,3,0,cohens_d_test,0.20008767
citeseer,GeneralSheaf,true,5,4,best-epoch,4,0,cohens_d_test,0.2647394
citeseer,GeneralSheaf,true,5,4,best-epoch,0,1,degree,0.010903726175217534
citeseer,GeneralSheaf,true,5,4,best-epoch,1,1,degree,0.1308877760864864
citeseer,GeneralSheaf,true,5,4,best-epoch,2,1,degree,0.3462140846417216
citeseer,GeneralSheaf,true,5,4,best-epoch,3,1,degree,0.464820125926644
citeseer,GeneralSheaf,true,5,4,best-epoch,4,1,degree,0.5262872817228791
citeseer,GeneralSheaf,true,5,4,best-epoch,0,1,betweenness,0.02498298694515012
citeseer,GeneralSheaf,true,5,4,best-epoch,1,1,betweenness,0.12160760544185956
citeseer,GeneralSheaf,true,5,4,best-epoch,2,1,betweenness,0.29238662262998744
citeseer,GeneralSheaf,true,5,4,best-epoch,3,1,betweenness,0.38789236586094883
citeseer,GeneralSheaf,true,5,4,best-epoch,4,1,betweenness,0.4394984690991591
citeseer,GeneralSheaf,true,5,4,best-epoch,0,1,confidence,0.3668693251171774
citeseer,GeneralSheaf,true,5,4,best-epoch,1,1,confidence,0.5632793406173717
citeseer,GeneralSheaf,true,5,4,best-epoch,2,1,confidence,0.7329983894819935
citeseer,GeneralSheaf,true,5,4,best-epoch,3,1,confidence,0.6944718116369623
citeseer,GeneralSheaf,true,5,4,best-epoch,4,1,confidence,0.6295586561887624
citeseer,GeneralSheaf,true,5,4,best-epoch,0,1,saliency,-0.37616213162816525
citeseer,GeneralSheaf,true,5,4,best-epoch,1,1,saliency,-0.3427172608292795
citeseer,GeneralSheaf,true,5,4,best-epoch,2,1,saliency,-0.25465183615900466
citeseer,GeneralSheaf,true,5,4,best-epoch,3,1,saliency,-0.08643356754857913
citeseer,GeneralSheaf,true,5,4,best-epoch,4,1,saliency,0.009746885063291851
citeseer,GeneralSheaf,true,5,4,best-epoch,0,1,cohens_d_train,0.5175052
citeseer,GeneralSheaf,true,5,4,best-epoch,1,1,cohens_d_train,0.72301286
citeseer,GeneralSheaf,true,5,4,best-epoch,2,1,cohens_d_train,0.75669825
citeseer,GeneralSheaf,true,5,4,best-epoch,3,1,cohens_d_train,0.5751804
citeseer,GeneralSheaf,true,5,4,best-epoch,4,1,cohens_d_train,0.48810107
citeseer,GeneralSheaf,true,5,4,best-epoch,0,1,cohens_d_test,0.5798501
citeseer,GeneralSheaf,true,5,4,best-epoch,1,1,cohens_d_test,0.48589203
citeseer,GeneralSheaf,true,5,4,best-epoch,2,1,cohens_d_test,0.34286085
citeseer,GeneralSheaf,true,5,4,best-epoch,3,1,cohens_d_test,0.17685655
citeseer,GeneralSheaf,true,5,4,best-epoch,4,1,cohens_d_test,0.15099186
citeseer,GeneralSheaf,true,5,4,best-epoch,0,2,degree,0.024873232359409983
citeseer,GeneralSheaf,true,5,4,best-epoch,1,2,degree,0.1148061702607863
citeseer,GeneralSheaf,true,5,4,best-epoch,2,2,degree,0.24179405032344642
citeseer,GeneralSheaf,true,5,4,best-epoch,3,2,degree,0.4218318576448899
citeseer,GeneralSheaf,true,5,4,best-epoch,4,2,degree,0.523817907902605
citeseer,GeneralSheaf,true,5,4,best-epoch,0,2,betweenness,0.03984704354974043
citeseer,GeneralSheaf,true,5,4,best-epoch,1,2,betweenness,0.1231716931342202
citeseer,GeneralSheaf,true,5,4,best-epoch,2,2,betweenness,0.23163258227941158
citeseer,GeneralSheaf,true,5,4,best-epoch,3,2,betweenness,0.35951574912972184
citeseer,GeneralSheaf,true,5,4,best-epoch,4,2,betweenness,0.4281811888827659
citeseer,GeneralSheaf,true,5,4,best-epoch,0,2,confidence,0.3899898997686169
citeseer,GeneralSheaf,true,5,4,best-epoch,1,2,confidence,0.51337423811128
citeseer,GeneralSheaf,true,5,4,best-epoch,2,2,confidence,0.6227625840622448
citeseer,GeneralSheaf,true,5,4,best-epoch,3,2,confidence,0.627178943314046
citeseer,GeneralSheaf,true,5,4,best-epoch,4,2,confidence,0.645344580134042
citeseer,GeneralSheaf,true,5,4,best-epoch,0,2,saliency,-0.2762317321016084
citeseer,GeneralSheaf,true,5,4,best-epoch,1,2,saliency,-0.2683012135884102
citeseer,GeneralSheaf,true,5,4,best-epoch,2,2,saliency,-0.24659318791541704
citeseer,GeneralSheaf,true,5,4,best-epoch,3,2,saliency,-0.07826791333509574
citeseer,GeneralSheaf,true,5,4,best-epoch,4,2,saliency,-0.03537504132794446
citeseer,GeneralSheaf,true,5,4,best-epoch,0,2,cohens_d_train,0.42281154
citeseer,GeneralSheaf,true,5,4,best-epoch,1,2,cohens_d_train,0.6007391
citeseer,GeneralSheaf,true,5,4,best-epoch,2,2,cohens_d_train,0.7013038
citeseer,GeneralSheaf,true,5,4,best-epoch,3,2,cohens_d_train,0.68159527
citeseer,GeneralSheaf,true,5,4,best-epoch,4,2,cohens_d_train,0.63599664
citeseer,GeneralSheaf,true,5,4,best-epoch,0,2,cohens_d_test,0.5275341
citeseer,GeneralSheaf,true,5,4,best-epoch,1,2,cohens_d_test,0.4752206
citeseer,GeneralSheaf,true,5,4,best-epoch,2,2,cohens_d_test,0.37210026
citeseer,GeneralSheaf,true,5,4,best-epoch,3,2,cohens_d_test,0.044970192
citeseer,GeneralSheaf,true,5,4,best-epoch,4,2,cohens_d_test,0.07141101
citeseer,GeneralSheaf,true,5,4,best-epoch,0,3,degree,0.030890767990970673
citeseer,GeneralSheaf,true,5,4,best-epoch,1,3,degree,0.12842961818276707
citeseer,GeneralSheaf,true,5,4,best-epoch,2,3,degree,0.3501802503090292
citeseer,GeneralSheaf,true,5,4,best-epoch,3,3,degree,0.43546781062396417
citeseer,GeneralSheaf,true,5,4,best-epoch,4,3,degree,0.473798504472465
citeseer,GeneralSheaf,true,5,4,best-epoch,0,3,betweenness,0.032484406790704884
citeseer,GeneralSheaf,true,5,4,best-epoch,1,3,betweenness,0.11444693026233757
citeseer,GeneralSheaf,true,5,4,best-epoch,2,3,betweenness,0.288770391025046
citeseer,GeneralSheaf,true,5,4,best-epoch,3,3,betweenness,0.3599903748059761
citeseer,GeneralSheaf,true,5,4,best-epoch,4,3,betweenness,0.39003167369303465
citeseer,GeneralSheaf,true,5,4,best-epoch,0,3,confidence,0.37160174341727853
citeseer,GeneralSheaf,true,5,4,best-epoch,1,3,confidence,0.5156764587374884
citeseer,GeneralSheaf,true,5,4,best-epoch,2,3,confidence,0.6903563695917994
citeseer,GeneralSheaf,true,5,4,best-epoch,3,3,confidence,0.7063144083756722
citeseer,GeneralSheaf,true,5,4,best-epoch,4,3,confidence,0.6829696665822832
citeseer,GeneralSheaf,true,5,4,best-epoch,0,3,saliency,-0.22103322580360996
citeseer,GeneralSheaf,true,5,4,best-epoch,1,3,saliency,-0.21183760336652857
citeseer,GeneralSheaf,true,5,4,best-epoch,2,3,saliency,-0.15688173081721643
citeseer,GeneralSheaf,true,5,4,best-epoch,3,3,saliency,-0.0940308932043504
citeseer,GeneralSheaf,true,5,4,best-epoch,4,3,saliency,-0.0703107710193681
citeseer,GeneralSheaf,true,5,4,best-epoch,0,3,cohens_d_train,0.7886993
citeseer,GeneralSheaf,true,5,4,best-epoch,1,3,cohens_d_train,0.9269058
citeseer,GeneralSheaf,true,5,4,best-epoch,2,3,cohens_d_train,0.77652216
citeseer,GeneralSheaf,true,5,4,best-epoch,3,3,cohens_d_train,0.6644156
citeseer,GeneralSheaf,true,5,4,best-epoch,4,3,cohens_d_train,0.6487839
citeseer,GeneralSheaf,true,5,4,best-epoch,0,3,cohens_d_test,0.475088
citeseer,GeneralSheaf,true,5,4,best-epoch,1,3,cohens_d_test,0.37493283
citeseer,GeneralSheaf,true,5,4,best-epoch,2,3,cohens_d_test,0.3227058
citeseer,GeneralSheaf,true,5,4,best-epoch,3,3,cohens_d_test,0.32765073
citeseer,GeneralSheaf,true,5,4,best-epoch,4,3,cohens_d_test,0.35055283
citeseer,GeneralSheaf,true,5,4,best-epoch,0,4,degree,0.17412943811836368
citeseer,GeneralSheaf,true,5,4,best-epoch,1,4,degree,0.1142665110153247
citeseer,GeneralSheaf,true,5,4,best-epoch,2,4,degree,0.312058867858324
citeseer,GeneralSheaf,true,5,4,best-epoch,3,4,degree,0.3884868772968488
citeseer,GeneralSheaf,true,5,4,best-epoch,4,4,degree,0.4521643615102093
citeseer,GeneralSheaf,true,5,4,best-epoch,0,4,betweenness,0.19631383278213796
citeseer,GeneralSheaf,true,5,4,best-epoch,1,4,betweenness,0.15319718852435732
citeseer,GeneralSheaf,true,5,4,best-epoch,2,4,betweenness,0.3042357120622549
citeseer,GeneralSheaf,true,5,4,best-epoch,3,4,betweenness,0.3586268062066355
citeseer,GeneralSheaf,true,5,4,best-epoch,4,4,betweenness,0.4001358999010688
citeseer,GeneralSheaf,true,5,4,best-epoch,0,4,confidence,0.6129061649717032
citeseer,GeneralSheaf,true,5,4,best-epoch,1,4,confidence,0.69424244773007
citeseer,GeneralSheaf,true,5,4,best-epoch,2,4,confidence,0.7820272789982987
citeseer,GeneralSheaf,true,5,4,best-epoch,3,4,confidence,0.7511717066483619
citeseer,GeneralSheaf,true,5,4,best-epoch,4,4,confidence,0.6877561624283279
citeseer,GeneralSheaf,true,5,4,best-epoch,0,4,saliency,0.09139941345875685
citeseer,GeneralSheaf,true,5,4,best-epoch,1,4,saliency,0.16014412287903737
citeseer,GeneralSheaf,true,5,4,best-epoch,2,4,saliency,0.29053746466943337
citeseer,GeneralSheaf,true,5,4,best-epoch,3,4,saliency,0.361204645398179
citeseer,GeneralSheaf,true,5,4,best-epoch,4,4,saliency,0.38355047019852057
citeseer,GeneralSheaf,true,5,4,best-epoch,0,4,cohens_d_train,1.5482239
citeseer,GeneralSheaf,true,5,4,best-epoch,1,4,cohens_d_train,1.4232984
citeseer,GeneralSheaf,true,5,4,best-epoch,2,4,cohens_d_train,0.8815884
citeseer,GeneralSheaf,true,5,4,best-epoch,3,4,cohens_d_train,0.5727869
citeseer,GeneralSheaf,true,5,4,best-epoch,4,4,cohens_d_train,0.4771744
citeseer,GeneralSheaf,true,5,4,best-epoch,0,4,cohens_d_test,0.7798961
citeseer,GeneralSheaf,true,5,4,best-epoch,1,4,cohens_d_test,0.72475153
citeseer,GeneralSheaf,true,5,4,best-epoch,2,4,cohens_d_test,0.43805128
citeseer,GeneralSheaf,true,5,4,best-epoch,3,4,cohens_d_test,0.31474555
citeseer,GeneralSheaf,true,5,4,best-epoch,4,4,cohens_d_test,0.2566547
citeseer,GeneralSheaf,true,5,4,best-epoch,0,5,degree,0.1929604438346712
citeseer,GeneralSheaf,true,5,4,best-epoch,1,5,degree,0.2356593285664484
citeseer,GeneralSheaf,true,5,4,best-epoch,2,5,degree,0.35680263837195847
citeseer,GeneralSheaf,true,5,4,best-epoch,3,5,degree,0.4438394187970863
citeseer,GeneralSheaf,true,5,4,best-epoch,4,5,degree,0.552794849802268
citeseer,GeneralSheaf,true,5,4,best-epoch,0,5,betweenness,0.21149557362993915
citeseer,GeneralSheaf,true,5,4,best-epoch,1,5,betweenness,0.2537801712403457
citeseer,GeneralSheaf,true,5,4,best-epoch,2,5,betweenness,0.3563860711557408
citeseer,GeneralSheaf,true,5,4,best-epoch,3,5,betweenness,0.4247152633372653
citeseer,GeneralSheaf,true,5,4,best-epoch,4,5,betweenness,0.5064805482196727
citeseer,GeneralSheaf,true,5,4,best-epoch,0,5,confidence,0.6407743843735103
citeseer,GeneralSheaf,true,5,4,best-epoch,1,5,confidence,0.7305771651258619
citeseer,GeneralSheaf,true,5,4,best-epoch,2,5,confidence,0.796101644296548
citeseer,GeneralSheaf,true,5,4,best-epoch,3,5,confidence,0.8010472648800196
citeseer,GeneralSheaf,true,5,4,best-epoch,4,5,confidence,0.7981836575866252
citeseer,GeneralSheaf,true,5,4,best-epoch,0,5,saliency,0.14515826122204592
citeseer,GeneralSheaf,true,5,4,best-epoch,1,5,saliency,0.18611503403903742
citeseer,GeneralSheaf,true,5,4,best-epoch,2,5,saliency,0.2497386249803869
citeseer,GeneralSheaf,true,5,4,best-epoch,3,5,saliency,0.3433927737432278
citeseer,GeneralSheaf,true,5,4,best-epoch,4,5,saliency,0.3895906471121181
citeseer,GeneralSheaf,true,5,4,best-epoch,0,5,cohens_d_train,1.5694005
citeseer,GeneralSheaf,true,5,4,best-epoch,1,5,cohens_d_train,1.3089229
citeseer,GeneralSheaf,true,5,4,best-epoch,2,5,cohens_d_train,0.811301
citeseer,GeneralSheaf,true,5,4,best-epoch,3,5,cohens_d_train,0.6436419
citeseer,GeneralSheaf,true,5,4,best-epoch,4,5,cohens_d_train,0.59358466
citeseer,GeneralSheaf,true,5,4,best-epoch,0,5,cohens_d_test,0.54786205
citeseer,GeneralSheaf,true,5,4,best-epoch,1,5,cohens_d_test,0.5061437
citeseer,GeneralSheaf,true,5,4,best-epoch,2,5,cohens_d_test,0.35549343
citeseer,GeneralSheaf,true,5,4,best-epoch,3,5,cohens_d_test,0.38544
citeseer,GeneralSheaf,true,5,4,best-epoch,4,5,cohens_d_test,0.47066653
citeseer,GeneralSheaf,true,5,4,best-epoch,0,6,degree,0.048910278551135805
citeseer,GeneralSheaf,true,5,4,best-epoch,1,6,degree,0.11803350448691165
citeseer,GeneralSheaf,true,5,4,best-epoch,2,6,degree,0.34069800085206564
citeseer,GeneralSheaf,true,5,4,best-epoch,3,6,degree,0.5405158012563798
citeseer,GeneralSheaf,true,5,4,best-epoch,4,6,degree,0.684457208768676
citeseer,GeneralSheaf,true,5,4,best-epoch,0,6,betweenness,0.04746697382245114
citeseer,GeneralSheaf,true,5,4,best-epoch,1,6,betweenness,0.10730952956424167
citeseer,GeneralSheaf,true,5,4,best-epoch,2,6,betweenness,0.2997923635408487
citeseer,GeneralSheaf,true,5,4,best-epoch,3,6,betweenness,0.4623034663901988
citeseer,GeneralSheaf,true,5,4,best-epoch,4,6,betweenness,0.5714566671694281
citeseer,GeneralSheaf,true,5,4,best-epoch,0,6,confidence,0.3674950301064646
citeseer,GeneralSheaf,true,5,4,best-epoch,1,6,confidence,0.4142845811692621
citeseer,GeneralSheaf,true,5,4,best-epoch,2,6,confidence,0.5336329692619576
citeseer,GeneralSheaf,true,5,4,best-epoch,3,6,confidence,0.5815718834537293
citeseer,GeneralSheaf,true,5,4,best-epoch,4,6,confidence,0.6988580265834533
citeseer,GeneralSheaf,true,5,4,best-epoch,0,6,saliency,-0.1867904661238002
citeseer,GeneralSheaf,true,5,4,best-epoch,1,6,saliency,-0.1658448864240418
citeseer,GeneralSheaf,true,5,4,best-epoch,2,6,saliency,-0.06356265871918898
citeseer,GeneralSheaf,true,5,4,best-epoch,3,6,saliency,0.013557714298520346
citeseer,GeneralSheaf,true,5,4,best-epoch,4,6,saliency,-0.08658975292086994
citeseer,GeneralSheaf,true,5,4,best-epoch,0,6,cohens_d_train,nan
citeseer,GeneralSheaf,true,5,4,best-epoch,1,6,cohens_d_train,nan
citeseer,GeneralSheaf,true,5,4,best-epoch,2,6,cohens_d_train,nan
citeseer,GeneralSheaf,true,5,4,best-epoch,3,6,cohens_d_train,nan
citeseer,GeneralSheaf,true,5,4,best-epoch,4,6,cohens_d_train,nan
citeseer,GeneralSheaf,true,5,4,best-epoch,0,6,cohens_d_test,0.2465069
citeseer,GeneralSheaf,true,5,4,best-epoch,1,6,cohens_d_test,0.19805202
citeseer,GeneralSheaf,true,5,4,best-epoch,2,6,cohens_d_test,0.0071825567
citeseer,GeneralSheaf,true,5,4,best-epoch,3,6,cohens_d_test,0.008045621
citeseer,GeneralSheaf,true,5,4,best-epoch,4,6,cohens_d_test,0.22978579
citeseer,GeneralSheaf,true,5,4,best-epoch,0,7,degree,0.008542112969193286
citeseer,GeneralSheaf,true,5,4,best-epoch,1,7,degree,0.05626377324344297
citeseer,GeneralSheaf,true,5,4,best-epoch,2,7,degree,0.2776970689677585
citeseer,GeneralSheaf,true,5,4,best-epoch,3,7,degree,0.40883510851033406
citeseer,GeneralSheaf,true,5,4,best-epoch,4,7,degree,0.5266870511298805
citeseer,GeneralSheaf,true,5,4,best-epoch,0,7,betweenness,0.014328244598089578
citeseer,GeneralSheaf,true,5,4,best-epoch,1,7,betweenness,0.056467643729666894
citeseer,GeneralSheaf,true,5,4,best-epoch,2,7,betweenness,0.25946512534149707
citeseer,GeneralSheaf,true,5,4,best-epoch,3,7,betweenness,0.37450966509775385
citeseer,GeneralSheaf,true,5,4,best-epoch,4,7,betweenness,0.45982416531975717
citeseer,GeneralSheaf,true,5,4,best-epoch,0,7,confidence,0.3427916280738771
citeseer,GeneralSheaf,true,5,4,best-epoch,1,7,confidence,0.36721601467725995
citeseer,GeneralSheaf,true,5,4,best-epoch,2,7,confidence,0.650562008124342
citeseer,GeneralSheaf,true,5,4,best-epoch,3,7,confidence,0.6173240905742333
citeseer,GeneralSheaf,true,5,4,best-epoch,4,7,confidence,0.639424893812191
citeseer,GeneralSheaf,true,5,4,best-epoch,0,7,saliency,-0.3159691503308963
citeseer,GeneralSheaf,true,5,4,best-epoch,1,7,saliency,-0.3131824402247472
citeseer,GeneralSheaf,true,5,4,best-epoch,2,7,saliency,-0.26344421216913516
citeseer,GeneralSheaf,true,5,4,best-epoch,3,7,saliency,-0.1528717740500209
citeseer,GeneralSheaf,true,5,4,best-epoch,4,7,saliency,-0.17167432973735947
citeseer,GeneralSheaf,true,5,4,best-epoch,0,7,cohens_d_train,0.6352915
citeseer,GeneralSheaf,true,5,4,best-epoch,1,7,cohens_d_train,0.644295
citeseer,GeneralSheaf,true,5,4,best-epoch,2,7,cohens_d_train,0.8071164
citeseer,GeneralSheaf,true,5,4,best-epoch,3,7,cohens_d_train,0.6507408
citeseer,GeneralSheaf,true,5,4,best-epoch,4,7,cohens_d_train,0.6477448
citeseer,GeneralSheaf,true,5,4,best-epoch,0,7,cohens_d_test,0.504187
citeseer,GeneralSheaf,true,5,4,best-epoch,1,7,cohens_d_test,0.506398
citeseer,GeneralSheaf,true,5,4,best-epoch,2,7,cohens_d_test,0.4438769
citeseer,GeneralSheaf,true,5,4,best-epoch,3,7,cohens_d_test,0.35059142
citeseer,GeneralSheaf,true,5,4,best-epoch,4,7,cohens_d_test,0.4227057
citeseer,GeneralSheaf,true,5,4,best-epoch,0,8,degree,0.008455291987476174
citeseer,GeneralSheaf,true,5,4,best-epoch,1,8,degree,0.13504835903957796
citeseer,GeneralSheaf,true,5,4,best-epoch,2,8,degree,0.3327819648966266
citeseer,GeneralSheaf,true,5,4,best-epoch,3,8,degree,0.46015665945708073
citeseer,GeneralSheaf,true,5,4,best-epoch,4,8,degree,0.5164819280196734
citeseer,GeneralSheaf,true,5,4,best-epoch,0,8,betweenness,0.02430673666529804
citeseer,GeneralSheaf,true,5,4,best-epoch,1,8,betweenness,0.13834953104084782
citeseer,GeneralSheaf,true,5,4,best-epoch,2,8,betweenness,0.29779443209501716
citeseer,GeneralSheaf,true,5,4,best-epoch,3,8,betweenness,0.4074866426028798
citeseer,GeneralSheaf,true,5,4,best-epoch,4,8,betweenness,0.44377191282774514
citeseer,GeneralSheaf,true,5,4,best-epoch,0,8,confidence,0.34978272432129415
citeseer,GeneralSheaf,true,5,4,best-epoch,1,8,confidence,0.566852236570979
citeseer,GeneralSheaf,true,5,4,best-epoch,2,8,confidence,0.77921917319915
citeseer,GeneralSheaf,true,5,4,best-epoch,3,8,confidence,0.7761800815467504
citeseer,GeneralSheaf,true,5,4,best-epoch,4,8,confidence,0.7397215387890803
citeseer,GeneralSheaf,true,5,4,best-epoch,0,8,saliency,-0.23572047920743577
citeseer,GeneralSheaf,true,5,4,best-epoch,1,8,saliency,-0.21531940267074431
citeseer,GeneralSheaf,true,5,4,best-epoch,2,8,saliency,-0.10393605921949357
citeseer,GeneralSheaf,true,5,4,best-epoch,3,8,saliency,-0.0017629191274940795
citeseer,GeneralSheaf,true,5,4,best-epoch,4,8,saliency,0.056338872192494595
citeseer,GeneralSheaf,true,5,4,best-epoch,0,8,cohens_d_train,0.8226957
citeseer,GeneralSheaf,true,5,4,best-epoch,1,8,cohens_d_train,1.0449551
citeseer,GeneralSheaf,true,5,4,best-epoch,2,8,cohens_d_train,0.9150045
citeseer,GeneralSheaf,true,5,4,best-epoch,3,8,cohens_d_train,0.8203329
citeseer,GeneralSheaf,true,5,4,best-epoch,4,8,cohens_d_train,0.69405025
citeseer,GeneralSheaf,true,5,4,best-epoch,0,8,cohens_d_test,0.38649163
citeseer,GeneralSheaf,true,5,4,best-epoch,1,8,cohens_d_test,0.3537019
citeseer,GeneralSheaf,true,5,4,best-epoch,2,8,cohens_d_test,0.19418056
citeseer,GeneralSheaf,true,5,4,best-epoch,3,8,cohens_d_test,0.13739769
citeseer,GeneralSheaf,true,5,4,best-epoch,4,8,cohens_d_test,0.20678689
citeseer,GeneralSheaf,true,5,4,best-epoch,0,9,degree,-0.03090931974417741
citeseer,GeneralSheaf,true,5,4,best-epoch,1,9,degree,0.06574466097239091
citeseer,GeneralSheaf,true,5,4,best-epoch,2,9,degree,0.2899002785461511
citeseer,GeneralSheaf,true,5,4,best-epoch,3,9,degree,0.431638347307604
citeseer,GeneralSheaf,true,5,4,best-epoch,4,9,degree,0.49188662100967256
citeseer,GeneralSheaf,true,5,4,best-epoch,0,9,betweenness,-0.014955084415894949
citeseer,GeneralSheaf,true,5,4,best-epoch,1,9,betweenness,0.06803679686894502
citeseer,GeneralSheaf,true,5,4,best-epoch,2,9,betweenness,0.2509628108051404
citeseer,GeneralSheaf,true,5,4,best-epoch,3,9,betweenness,0.3619330893890113
citeseer,GeneralSheaf,true,5,4,best-epoch,4,9,betweenness,0.4088401492292666
citeseer,GeneralSheaf,true,5,4,best-epoch,0,9,confidence,0.2925776759847392
citeseer,GeneralSheaf,true,5,4,best-epoch,1,9,confidence,0.4649574364327116
citeseer,GeneralSheaf,true,5,4,best-epoch,2,9,confidence,0.7356801278909443
citeseer,GeneralSheaf,true,5,4,best-epoch,3,9,confidence,0.719377156748152
citeseer,GeneralSheaf,true,5,4,best-epoch,4,9,confidence,0.6482252214527827
citeseer,GeneralSheaf,true,5,4,best-epoch,0,9,saliency,-0.29479406058108293
citeseer,GeneralSheaf,true,5,4,best-epoch,1,9,saliency,-0.2751397015109292
citeseer,GeneralSheaf,true,5,4,best-epoch,2,9,saliency,-0.1927325467210327
citeseer,GeneralSheaf,true,5,4,best-epoch,3,9,saliency,-0.05463934371259296
citeseer,GeneralSheaf,true,5,4,best-epoch,4,9,saliency,0.04143017476530533
citeseer,GeneralSheaf,true,5,4,best-epoch,0,9,cohens_d_train,0.5394237
citeseer,GeneralSheaf,true,5,4,best-epoch,1,9,cohens_d_train,0.7063511
citeseer,GeneralSheaf,true,5,4,best-epoch,2,9,cohens_d_train,0.680957
citeseer,GeneralSheaf,true,5,4,best-epoch,3,9,cohens_d_train,0.5993963
citeseer,GeneralSheaf,true,5,4,best-epoch,4,9,cohens_d_train,0.5794816
citeseer,GeneralSheaf,true,5,4,best-epoch,0,9,cohens_d_test,0.4465928
citeseer,GeneralSheaf,true,5,4,best-epoch,1,9,cohens_d_test,0.4625781
citeseer,GeneralSheaf,true,5,4,best-epoch,2,9,cohens_d_test,0.34027404
citeseer,GeneralSheaf,true,5,4,best-epoch,3,9,cohens_d_test,0.2923106
citeseer,GeneralSheaf,true,5,4,best-epoch,4,9,cohens_d_test,0.30394375
citeseer,GeneralSheaf,true,5,4,last,0,0,degree,-0.0014832348416356227
citeseer,GeneralSheaf,true,5,4,last,1,0,degree,0.0602788165764885
citeseer,GeneralSheaf,true,5,4,last,2,0,degree,0.25574743340694933
citeseer,GeneralSheaf,true,5,4,last,3,0,degree,0.4569739091313436
citeseer,GeneralSheaf,true,5,4,last,4,0,degree,0.6172854784213355
citeseer,GeneralSheaf,true,5,4,last,0,0,betweenness,0.02961128543829558
citeseer,GeneralSheaf,true,5,4,last,1,0,betweenness,0.08436461911086249
citeseer,GeneralSheaf,true,5,4,last,2,0,betweenness,0.24455019532418826
citeseer,GeneralSheaf,true,5,4,last,3,0,betweenness,0.4059941915990635
citeseer,GeneralSheaf,true,5,4,last,4,0,betweenness,0.5269656511130014
citeseer,GeneralSheaf,true,5,4,last,0,0,confidence,0.31000525159557996
citeseer,GeneralSheaf,true,5,4,last,1,0,confidence,0.3589932353649131
citeseer,GeneralSheaf,true,5,4,last,2,0,confidence,0.47686292478349107
citeseer,GeneralSheaf,true,5,4,last,3,0,confidence,0.595781987113146
citeseer,GeneralSheaf,true,5,4,last,4,0,confidence,0.7118948795727267
citeseer,GeneralSheaf,true,5,4,last,0,0,saliency,-0.09700326423591453
citeseer,GeneralSheaf,true,5,4,last,1,0,saliency,-0.07956131943632261
citeseer,GeneralSheaf,true,5,4,last,2,0,saliency,-0.022925426524288504
citeseer,GeneralSheaf,true,5,4,last,3,0,saliency,-0.017295262420552213
citeseer,GeneralSheaf,true,5,4,last,4,0,saliency,-0.07422134723036004
citeseer,GeneralSheaf,true,5,4,last,0,0,cohens_d_train,nan
citeseer,GeneralSheaf,true,5,4,last,1,0,cohens_d_train,nan
citeseer,GeneralSheaf,true,5,4,last,2,0,cohens_d_train,nan
citeseer,GeneralSheaf,true,5,4,last,3,0,cohens_d_train,nan
citeseer,GeneralSheaf,true,5,4,last,4,0,cohens_d_train,nan
citeseer,GeneralSheaf,true,5,4,last,0,0,cohens_d_test,0.31595832
citeseer,GeneralSheaf,true,5,4,last,1,0,cohens_d_test,0.30683622
citeseer,GeneralSheaf,true,5,4,last,2,0,cohens_d_test,0.19026387
citeseer,GeneralSheaf,true,5,4,last,3,0,cohens_d_test,0.19950144
citeseer,GeneralSheaf,true,5,4,last,4,0,cohens_d_test,0.29208183
citeseer,GeneralSheaf,true,5,4,last,0,1,degree,-0.036888587451337794
citeseer,GeneralSheaf,true,5,4,last,1,1,degree,0.13954295209418197
citeseer,GeneralSheaf,true,5,4,last,2,1,degree,0.3380272892088196
citeseer,GeneralSheaf,true,5,4,last,3,1,degree,0.49851473231727406
citeseer,GeneralSheaf,true,5,4,last,4,1,degree,0.6301855732659543
citeseer,GeneralSheaf,true,5,4,last,0,1,betweenness,-0.030230335435631344
citeseer,GeneralSheaf,true,5,4,last,1,1,betweenness,0.12748614719335957
citeseer,GeneralSheaf,true,5,4,last,2,1,betweenness,0.30103277461574524
citeseer,GeneralSheaf,true,5,4,last,3,1,betweenness,0.4279693256586661
citeseer,GeneralSheaf,true,5,4,last,4,1,betweenness,0.5410864154255
citeseer,GeneralSheaf,true,5,4,last,0,1,confidence,0.24151484544109053
citeseer,GeneralSheaf,true,5,4,last,1,1,confidence,0.3952430556104734
citeseer,GeneralSheaf,true,5,4,last,2,1,confidence,0.5102800210492137
citeseer,GeneralSheaf,true,5,4,last,3,1,confidence,0.6049702522554873
citeseer,GeneralSheaf,true,5,4,last,4,1,confidence,0.7098062826832912
citeseer,GeneralSheaf,true,5,4,last,0,1,saliency,-0.13569866691846239
citeseer,GeneralSheaf,true,5,4,last,1,1,saliency,-0.09426953368129629
citeseer,GeneralSheaf,true,5,4,last,2,1,saliency,-0.06265760560879154
citeseer,GeneralSheaf,true,5,4,last,3,1,saliency,-0.06473754403523006
citeseer,GeneralSheaf,true,5,4,last,4,1,saliency,-0.13267334918816123
citeseer,GeneralSheaf,true,5,4,last,0,1,cohens_d_train,nan
citeseer,GeneralSheaf,true,5,4,last,1,1,cohens_d_train,nan
citeseer,GeneralSheaf,true,5,4,last,2,1,cohens_d_train,nan
citeseer,GeneralSheaf,true,5,4,last,3,1,cohens_d_train,nan
citeseer,GeneralSheaf,true,5,4,last,4,1,cohens_d_train,nan
citeseer,GeneralSheaf,true,5,4,last,0,1,cohens_d_test,0.11109696
citeseer,GeneralSheaf,true,5,4,last,1,1,cohens_d_test,0.041207522
citeseer,GeneralSheaf,true,5,4,last,2,1,cohens_d_test,0.05775663
citeseer,GeneralSheaf,true,5,4,last,3,1,cohens_d_test,0.13493714
citeseer,GeneralSheaf,true,5,4,last,4,1,cohens_d_test,0.35645065
citeseer,GeneralSheaf,true,5,4,last,0,2,degree,0.07413622626685419
citeseer,GeneralSheaf,true,5,4,last,1,2,degree,0.17350763188030305
citeseer,GeneralSheaf,true,5,4,last,2,2,degree,0.30978235166741613
citeseer,GeneralSheaf,true,5,4,last,3,2,degree,0.455686875917746
citeseer,GeneralSheaf,true,5,4,last,4,2,degree,0.6112065579893707
citeseer,GeneralSheaf,true,5,4,last,0,2,betweenness,0.08799279541223808
citeseer,GeneralSheaf,true,5,4,last,1,2,betweenness,0.17960134379088113
citeseer,GeneralSheaf,true,5,4,last,2,2,betweenness,0.2915666344914001
citeseer,GeneralSheaf,true,5,4,last,3,2,betweenness,0.4050139454048817
citeseer,GeneralSheaf,true,5,4,last,4,2,betweenness,0.5237857577607442
citeseer,GeneralSheaf,true,5,4,last,0,2,confidence,0.335672266207196
citeseer,GeneralSheaf,true,5,4,last,1,2,confidence,0.42318521029584893
citeseer,GeneralSheaf,true,5,4,last,2,2,confidence,0.49512827060725817
citeseer,GeneralSheaf,true,5,4,last,3,2,confidence,0.5873900179291877
citeseer,GeneralSheaf,true,5,4,last,4,2,confidence,0.7054965441840092
citeseer,GeneralSheaf,true,5,4,last,0,2,saliency,-0.10122049833666869
citeseer,GeneralSheaf,true,5,4,last,1,2,saliency,-0.0985430578994247
citeseer,GeneralSheaf,true,5,4,last,2,2,saliency,-0.08122045786769824
citeseer,GeneralSheaf,true,5,4,last,3,2,saliency,-0.0549476526279337
citeseer,GeneralSheaf,true,5,4,last,4,2,saliency,-0.09015087968388834
citeseer,GeneralSheaf,true,5,4,last,0,2,cohens_d_train,nan
citeseer,GeneralSheaf,true,5,4,last,1,2,cohens_d_train,nan
citeseer,GeneralSheaf,true,5,4,last,2,2,cohens_d_train,nan
citeseer,GeneralSheaf,true,5,4,last,3,2,cohens_d_train,nan
citeseer,GeneralSheaf,true,5,4,last,4,2,cohens_d_train,nan
citeseer,GeneralSheaf,true,5,4,last,0,2,cohens_d_test,0.2990038
citeseer,GeneralSheaf,true,5,4,last,1,2,cohens_d_test,0.3329873
citeseer,GeneralSheaf,true,5,4,last,2,2,cohens_d_test,0.2648316
citeseer,GeneralSheaf,true,5,4,last,3,2,cohens_d_test,0.19352943
citeseer,GeneralSheaf,true,5,4,last,4,2,cohens_d_test,0.28228816
citeseer,GeneralSheaf,true,5,4,last,0,3,degree,0.0738209977551318
citeseer,GeneralSheaf,true,5,4,last,1,3,degree,0.14403304811036635
citeseer,GeneralSheaf,true,5,4,last,2,3,degree,0.3291282694215377
citeseer,GeneralSheaf,true,5,4,last,3,3,degree,0.5204711140544837
citeseer,GeneralSheaf,true,5,4,last,4,3,degree,0.6494001002089568
citeseer,GeneralSheaf,true,5,4,last,0,3,betweenness,0.05697547042097606
citeseer,GeneralSheaf,true,5,4,last,1,3,betweenness,0.11946830239740831
citeseer,GeneralSheaf,true,5,4,last,2,3,betweenness,0.27448201493645497
citeseer,GeneralSheaf,true,5,4,last,3,3,betweenness,0.4298425940532221
citeseer,GeneralSheaf,true,5,4,last,4,3,betweenness,0.5339999406353974
citeseer,GeneralSheaf,true,5,4,last,0,3,confidence,0.38135796223551255
citeseer,GeneralSheaf,true,5,4,last,1,3,confidence,0.4389619476702587
citeseer,GeneralSheaf,true,5,4,last,2,3,confidence,0.5167297165451241
citeseer,GeneralSheaf,true,5,4,last,3,3,confidence,0.6025615484588955
citeseer,GeneralSheaf,true,5,4,last,4,3,confidence,0.7059379342882081
citeseer,GeneralSheaf,true,5,4,last,0,3,saliency,-0.1627110807110655
citeseer,GeneralSheaf,true,5,4,last,1,3,saliency,-0.1491503333216829
citeseer,GeneralSheaf,true,5,4,last,2,3,saliency,-0.08591678210403873
citeseer,GeneralSheaf,true,5,4,last,3,3,saliency,-0.06965786416069582
citeseer,GeneralSheaf,true,5,4,last,4,3,saliency,-0.1363783192538362
citeseer,GeneralSheaf,true,5,4,last,0,3,cohens_d_train,nan
citeseer,GeneralSheaf,true,5,4,last,1,3,cohens_d_train,nan
citeseer,GeneralSheaf,true,5,4,last,2,3,cohens_d_train,nan
citeseer,GeneralSheaf,true,5,4,last,3,3,cohens_d_train,nan
citeseer,GeneralSheaf,true,5,4,last,4,3,cohens_d_train,nan
citeseer,GeneralSheaf,true,5,4,last,0,3,cohens_d_test,0.4118105
citeseer,GeneralSheaf,true,5,4,last,1,3,cohens_d_test,0.37801436
citeseer,GeneralSheaf,true,5,4,last,2,3,cohens_d_test,0.26704443
citeseer,GeneralSheaf,true,5,4,last,3,3,cohens_d_test,0.2818594
citeseer,GeneralSheaf,true,5,4,last,4,3,cohens_d_test,0.42862248
citeseer,GeneralSheaf,true,5,4,last,0,4,degree,0.21831696708858433
citeseer,GeneralSheaf,true,5,4,last,1,4,degree,0.2878419318983495
citeseer,GeneralSheaf,true,5,4,last,2,4,degree,0.5181642942501655
citeseer,GeneralSheaf,true,5,4,last,3,4,degree,0.6492451686315988
citeseer,GeneralSheaf,true,5,4,last,4,4,degree,0.7009569373309094
citeseer,GeneralSheaf,true,5,4,last,0,4,betweenness,0.2364288991992663
citeseer,GeneralSheaf,true,5,4,last,1,4,betweenness,0.3101506364384049
citeseer,GeneralSheaf,true,5,4,last,2,4,betweenness,0.5139933410477804
citeseer,GeneralSheaf,true,5,4,last,3,4,betweenness,0.6201281049433327
citeseer,GeneralSheaf,true,5,4,last,4,4,betweenness,0.6688851118384112
citeseer,GeneralSheaf,true,5,4,last,0,4,confidence,0.47950040014531164
citeseer,GeneralSheaf,true,5,4,last,1,4,confidence,0.5613051111913202
citeseer,GeneralSheaf,true,5,4,last,2,4,confidence,0.7158258318438038
citeseer,GeneralSheaf,true,5,4,last,3,4,confidence,0.7704308205310847
citeseer,GeneralSheaf,true,5,4,last,4,4,confidence,0.8173379914806906
citeseer,GeneralSheaf,true,5,4,last,0,4,saliency,0.2236016836993505
citeseer,GeneralSheaf,true,5,4,last,1,4,saliency,0.31615008839893555
citeseer,GeneralSheaf,true,5,4,last,2,4,saliency,0.44909069244805644
citeseer,GeneralSheaf,true,5,4,last,3,4,saliency,0.5191610623530563
citeseer,GeneralSheaf,true,5,4,last,4,4,saliency,0.5654243756438998
citeseer,GeneralSheaf,true,5,4,last,0,4,cohens_d_train,nan
citeseer,GeneralSheaf,true,5,4,last,1,4,cohens_d_train,nan
citeseer,GeneralSheaf,true,5,4,last,2,4,cohens_d_train,nan
citeseer,GeneralSheaf,true,5,4,last,3,4,cohens_d_train,nan
citeseer,GeneralSheaf,true,5,4,last,4,4,cohens_d_train,nan
citeseer,GeneralSheaf,true,5,4,last,0,4,cohens_d_test,0.26120085
citeseer,GeneralSheaf,true,5,4,last,1,4,cohens_d_test,0.1981856
citeseer,GeneralSheaf,true,5,4,last,2,4,cohens_d_test,0.13792783
citeseer,GeneralSheaf,true,5,4,last,3,4,cohens_d_test,0.11579012
citeseer,GeneralSheaf,true,5,4,last,4,4,cohens_d_test,0.21136238
citeseer,GeneralSheaf,true,5,4,last,0,5,degree,0.1501280196037807
citeseer,GeneralSheaf,true,5,4,last,1,5,degree,0.2709284815790906
citeseer,GeneralSheaf,true,5,4,last,2,5,degree,0.43969448335064504
citeseer,GeneralSheaf,true,5,4,last,3,5,degree,0.6182905806771042
citeseer,GeneralSheaf,true,5,4,last,4,5,degree,0.6951799513270389
citeseer,GeneralSheaf,true,5,4,last,0,5,betweenness,0.18815452760345286
citeseer,GeneralSheaf,true,5,4,last,1,5,betweenness,0.2939149720682723
citeseer,GeneralSheaf,true,5,4,last,2,5,betweenness,0.43467227993472923
citeseer,GeneralSheaf,true,5,4,last,3,5,betweenness,0.588558294133799
citeseer,GeneralSheaf,true,5,4,last,4,5,betweenness,0.6478673880462018
citeseer,GeneralSheaf,true,5,4,last,0,5,confidence,0.42311965525624884
citeseer,GeneralSheaf,true,5,4,last,1,5,confidence,0.5433433502629601
citeseer,GeneralSheaf,true,5,4,last,2,5,confidence,0.6574747489615411
citeseer,GeneralSheaf,true,5,4,last,3,5,confidence,0.7606450146767849
citeseer,GeneralSheaf,true,5,4,last,4,5,confidence,0.8424764530859941
citeseer,GeneralSheaf,true,5,4,last,0,5,saliency,0.19741295385876512
citeseer,GeneralSheaf,true,5,4,last,1,5,saliency,0.2751414539189185
citeseer,GeneralSheaf,true,5,4,last,2,5,saliency,0.38511904529528324
citeseer,GeneralSheaf,true,5,4,last,3,5,saliency,0.4831205438477021
citeseer,GeneralSheaf,true,5,4,last,4,5,saliency,0.511249703909672
citeseer,GeneralSheaf,true,5,4,last,0,5,cohens_d_train,nan
citeseer,GeneralSheaf,true,5,4,last,1,5,cohens_d_train,nan
citeseer,GeneralSheaf,true,5,4,last,2,5,cohens_d_train,nan
citeseer,GeneralSheaf,true,5,4,last,3,5,cohens_d_train,nan
citeseer,GeneralSheaf,true,5,4,last,4,5,cohens_d_train,nan
citeseer,GeneralSheaf,true,5,4,last,0,5,cohens_d_test,0.087044485
citeseer,GeneralSheaf,true,5,4,last,1,5,cohens_d_test,0.10998431
citeseer,GeneralSheaf,true,5,4,last,2,5,cohens_d_test,0.107865304
citeseer,GeneralSheaf,true,5,4,last,3,5,cohens_d_test,0.2242423
citeseer,GeneralSheaf,true,5,4,last,4,5,cohens_d_test,0.39960518
citeseer,GeneralSheaf,true,5,4,last,0,6,degree,0.019679594976108408
citeseer,GeneralSheaf,true,5,4,last,1,6,degree,0.07638420700495396
citeseer,GeneralSheaf,true,5,4,last,2,6,degree,0.28421345127244835
citeseer,GeneralSheaf,true,5,4,last,3,6,degree,0.45076841128505923
citeseer,GeneralSheaf,true,5,4,last,4,6,degree,0.6408684809560979
citeseer,GeneralSheaf,true,5,4,last,0,6,betweenness,0.007261711855653699
citeseer,GeneralSheaf,true,5,4,last,1,6,betweenness,0.05752124902880885
citeseer,GeneralSheaf,true,5,4,last,2,6,betweenness,0.24524908043802318
citeseer,GeneralSheaf,true,5,4,last,3,6,betweenness,0.381197647211032
citeseer,GeneralSheaf,true,5,4,last,4,6,betweenness,0.5206924244066768
citeseer,GeneralSheaf,true,5,4,last,0,6,confidence,0.31358187933880033
citeseer,GeneralSheaf,true,5,4,last,1,6,confidence,0.3678234608873412
citeseer,GeneralSheaf,true,5,4,last,2,6,confidence,0.5147170341337142
citeseer,GeneralSheaf,true,5,4,last,3,6,confidence,0.5711779115903506
citeseer,GeneralSheaf,true,5,4,last,4,6,confidence,0.7040030555274099
citeseer,GeneralSheaf,true,5,4,last,0,6,saliency,-0.14569742378170486
citeseer,GeneralSheaf,true,5,4,last,1,6,saliency,-0.13622941633261268
citeseer,GeneralSheaf,true,5,4,last,2,6,saliency,-0.04025545561450548
citeseer,GeneralSheaf,true,5,4,last,3,6,saliency,0.0033196827319952353
citeseer,GeneralSheaf,true,5,4,last,4,6,saliency,-0.0893593534110992
citeseer,GeneralSheaf,true,5,4,last,0,6,cohens_d_train,nan
citeseer,GeneralSheaf,true,5,4,last,1,6,cohens_d_train,nan
citeseer,GeneralSheaf,true,5,4,last,2,6,cohens_d_train,nan
citeseer,GeneralSheaf,true,5,4,last,3,6,cohens_d_train,nan
citeseer,GeneralSheaf,true,5,4,last,4,6,cohens_d_train,nan
citeseer,GeneralSheaf,true,5,4,last,0,6,cohens_d_test,0.24363834
citeseer,GeneralSheaf,true,5,4,last,1,6,cohens_d_test,0.23210368
citeseer,GeneralSheaf,true,5,4,last,2,6,cohens_d_test,0.05631942
citeseer,GeneralSheaf,true,5,4,last,3,6,cohens_d_test,0.020792019
citeseer,GeneralSheaf,true,5,4,last,4,6,cohens_d_test,0.21599309
citeseer,GeneralSheaf,true,5,4,last,0,7,degree,0.044716894136299645
citeseer,GeneralSheaf,true,5,4,last,1,7,degree,0.06677766091863395
citeseer,GeneralSheaf,true,5,4,last,2,7,degree,0.19832632000125502
citeseer,GeneralSheaf,true,5,4,last,3,7,degree,0.37298451063367605
citeseer,GeneralSheaf,true,5,4,last,4,7,degree,0.5838113103001821
citeseer,GeneralSheaf,true,5,4,last,0,7,betweenness,0.04743682673474098
citeseer,GeneralSheaf,true,5,4,last,1,7,betweenness,0.06652233248072363
citeseer,GeneralSheaf,true,5,4,last,2,7,betweenness,0.18323470772119038
citeseer,GeneralSheaf,true,5,4,last,3,7,betweenness,0.3238934999436149
citeseer,GeneralSheaf,true,5,4,last,4,7,betweenness,0.48202937548341357
citeseer,GeneralSheaf,true,5,4,last,0,7,confidence,0.3211891200020836
citeseer,GeneralSheaf,true,5,4,last,1,7,confidence,0.33412011834867905
citeseer,GeneralSheaf,true,5,4,last,2,7,confidence,0.42891652245660283
citeseer,GeneralSheaf,true,5,4,last,3,7,confidence,0.5372616932552632
citeseer,GeneralSheaf,true,5,4,last,4,7,confidence,0.6628715762217917
citeseer,GeneralSheaf,true,5,4,last,0,7,saliency,-0.15425705966799624
citeseer,GeneralSheaf,true,5,4,last,1,7,saliency,-0.14915126167935805
citeseer,GeneralSheaf,true,5,4,last,2,7,saliency,-0.08737861176779554
citeseer,GeneralSheaf,true,5,4,last,3,7,saliency,-0.06603132989090683
citeseer,GeneralSheaf,true,5,4,last,4,7,saliency,-0.13984470658801174
citeseer,GeneralSheaf,true,5,4,last,0,7,cohens_d_train,nan
citeseer,GeneralSheaf,true,5,4,last,1,7,cohens_d_train,nan
citeseer,GeneralSheaf,true,5,4,last,2,7,cohens_d_train,nan
citeseer,GeneralSheaf,true,5,4,last,3,7,cohens_d_train,nan
citeseer,GeneralSheaf,true,5,4,last,4,7,cohens_d_train,nan
citeseer,GeneralSheaf,true,5,4,last,0,7,cohens_d_test,0.31904453
citeseer,GeneralSheaf,true,5,4,last,1,7,cohens_d_test,0.32083184
citeseer,GeneralSheaf,true,5,4,last,2,7,cohens_d_test,0.23300692
citeseer,GeneralSheaf,true,5,4,last,3,7,cohens_d_test,0.2852483
citeseer,GeneralSheaf,true,5,4,last,4,7,cohens_d_test,0.5124004
citeseer,GeneralSheaf,true,5,4,last,0,8,degree,0.04008161533556196
citeseer,GeneralSheaf,true,5,4,last,1,8,degree,0.1560894777061259
citeseer,GeneralSheaf,true,5,4,last,2,8,degree,0.33562343656521776
citeseer,GeneralSheaf,true,5,4,last,3,8,degree,0.516411024951809
citeseer,GeneralSheaf,true,5,4,last,4,8,degree,0.6191153456444966
citeseer,GeneralSheaf,true,5,4,last,0,8,betweenness,0.028242886705137065
citeseer,GeneralSheaf,true,5,4,last,1,8,betweenness,0.13401874148075546
citeseer,GeneralSheaf,true,5,4,last,2,8,betweenness,0.29514500493763995
citeseer,GeneralSheaf,true,5,4,last,3,8,betweenness,0.44567505100594645
citeseer,GeneralSheaf,true,5,4,last,4,8,betweenness,0.506235158210697
citeseer,GeneralSheaf,true,5,4,last,0,8,confidence,0.332180468211035
citeseer,GeneralSheaf,true,5,4,last,1,8,confidence,0.42652413395636907
citeseer,GeneralSheaf,true,5,4,last,2,8,confidence,0.5303881355234691
citeseer,GeneralSheaf,true,5,4,last,3,8,confidence,0.6126544960590724
citeseer,GeneralSheaf,true,5,4,last,4,8,confidence,0.7273578936311876
citeseer,GeneralSheaf,true,5,4,last,0,8,saliency,-0.1007927583730261
citeseer,GeneralSheaf,true,5,4,last,1,8,saliency,-0.08978962216101839
citeseer,GeneralSheaf,true,5,4,last,2,8,saliency,-0.05852110939965436
citeseer,GeneralSheaf,true,5,4,last,3,8,saliency,-0.039014400240602154
citeseer,GeneralSheaf,true,5,4,last,4,8,saliency,-0.11626274124708444
citeseer,GeneralSheaf,true,5,4,last,0,8,cohens_d_train,nan
citeseer,GeneralSheaf,true,5,4,last,1,8,cohens_d_train,nan
citeseer,GeneralSheaf,true,5,4,last,2,8,cohens_d_train,nan
citeseer,GeneralSheaf,true,5,4,last,3,8,cohens_d_train,nan
citeseer,GeneralSheaf,true,5,4,last,4,8,cohens_d_train,nan
citeseer,GeneralSheaf,true,5,4,last,0,8,cohens_d_test,0.185022
citeseer,GeneralSheaf,true,5,4,last,1,8,cohens_d_test,0.19259344
citeseer,GeneralSheaf,true,5,4,last,2,8,cohens_d_test,0.14692317
citeseer,GeneralSheaf,true,5,4,last,3,8,cohens_d_test,0.17453364
citeseer,GeneralSheaf,true,5,4,last,4,8,cohens_d_test,0.34616935
citeseer,GeneralSheaf,true,5,4,last,0,9,degree,-0.017722626789201796
citeseer,GeneralSheaf,true,5,4,last,1,9,degree,0.10447221607335844
citeseer,GeneralSheaf,true,5,4,last,2,9,degree,0.2909784135509669
citeseer,GeneralSheaf,true,5,4,last,3,9,degree,0.5047808793721379
citeseer,GeneralSheaf,true,5,4,last,4,9,degree,0.6137956482245868
citeseer,GeneralSheaf,true,5,4,last,0,9,betweenness,-0.02034735640644685
citeseer,GeneralSheaf,true,5,4,last,1,9,betweenness,0.08899042336760195
citeseer,GeneralSheaf,true,5,4,last,2,9,betweenness,0.2536328607040529
citeseer,GeneralSheaf,true,5,4,last,3,9,betweenness,0.42115557391483366
citeseer,GeneralSheaf,true,5,4,last,4,9,betweenness,0.4862244074968958
citeseer,GeneralSheaf,true,5,4,last,0,9,confidence,0.2560237273579191
citeseer,GeneralSheaf,true,5,4,last,1,9,confidence,0.34673030886242684
citeseer,GeneralSheaf,true,5,4,last,2,9,confidence,0.49449070543408136
citeseer,GeneralSheaf,true,5,4,last,3,9,confidence,0.613690276022666
citeseer,GeneralSheaf,true,5,4,last,4,9,confidence,0.6906574665929694
citeseer,GeneralSheaf,true,5,4,last,0,9,saliency,-0.14169202429149422
citeseer,GeneralSheaf,true,5,4,last,1,9,saliency,-0.11319341505040255
citeseer,GeneralSheaf,true,5,4,last,2,9,saliency,-0.06502229781453428
citeseer,GeneralSheaf,true,5,4,last,3,9,saliency,-0.05985180892009764
citeseer,GeneralSheaf,true,5,4,last,4,9,saliency,-0.11483127401449796
citeseer,GeneralSheaf,true,5,4,last,0,9,cohens_d_train,nan
citeseer,GeneralSheaf,true,5,4,last,1,9,cohens_d_train,nan
citeseer,GeneralSheaf,true,5,4,last,2,9,cohens_d_train,nan
citeseer,GeneralSheaf,true,5,4,last,3,9,cohens_d_train,nan
citeseer,GeneralSheaf,true,5,4,last,4,9,cohens_d_train,nan
citeseer,GeneralSheaf,true,5,4,last,0,9,cohens_d_test,0.13915291
citeseer,GeneralSheaf,true,5,4,last,1,9,cohens_d_test,0.112794384
citeseer,GeneralSheaf,true,5,4,last,2,9,cohens_d_test,0.015227566
citeseer,GeneralSheaf,true,5,4,last,3,9,cohens_d_test,0.085153766
citeseer,GeneralSheaf,true,5,4,last,4,9,cohens_d_test,0.27569333
