dataset,model,normalised,d,layers,checkpoint,layer,fold,observable,value
cora,GeneralSheaf,true,5,3,epoch-0,0,0,degree,-0.06843053053596149
cora,GeneralSheaf,true,5,3,epoch-0,1,0,degree,-0.06879576635238706
cora,GeneralSheaf,true,5,3,epoch-0,2,0,degree,-0.06858766048363318
cora,GeneralSheaf,true,5,3,epoch-0,3,0,degree,-0.06798345298410978
cora,GeneralSheaf,true,5,3,epoch-0,0,0,betweenness,-0.057462177587442376
cora,GeneralSheaf,true,5,3,epoch-0,1,0,betweenness,-0.05776637843688186
cora,GeneralSheaf,true,5,3,epoch-0,2,0,betweenness,-0.05756864058837131
cora,GeneralSheaf,true,5,3,epoch-0,3,0,betweenness,-0.05715099172344421
cora,GeneralSheaf,true,5,3,epoch-0,0,0,confidence,0.029618372604806684
cora,GeneralSheaf,true,5,3,epoch-0,1,0,confidence,0.029907788915747864
cora,GeneralSheaf,true,5,3,epoch-0,2,0,confidence,0.03016496741412837
cora,GeneralSheaf,true,5,3,epoch-0,3,0,confidence,0.030380035420824084
cora,GeneralSheaf,true,5,3,epoch-0,0,0,saliency,-0.13067720768760074
cora,GeneralSheaf,true,5,3,epoch-0,1,0,saliency,-0.13071381070770902
cora,GeneralSheaf,true,5,3,epoch-0,2,0,saliency,-0.13062757457266455
cora,GeneralSheaf,true,5,3,epoch-0,3,0,saliency,-0.1304284039377676
cora,GeneralSheaf,true,5,3,epoch-0,0,0,cohens_d_train,0.42698532
cora,GeneralSheaf,true,5,3,epoch-0,1,0,cohens_d_train,0.42704964
cora,GeneralSheaf,true,5,3,epoch-0,2,0,cohens_d_train,0.42747858
cora,GeneralSheaf,true,5,3,epoch-0,3,0,cohens_d_train,0.42770556
cora,GeneralSheaf,true,5,3,epoch-0,0,0,cohens_d_test,0.3659812
cora,GeneralSheaf,true,5,3,epoch-0,1,0,cohens_d_test,0.3654592
cora,GeneralSheaf,true,5,3,epoch-0,2,0,cohens_d_test,0.3657855
cora,GeneralSheaf,true,5,3,epoch-0,3,0,cohens_d_test,0.3669363
cora,GeneralSheaf,true,5,3,epoch-0,0,1,degree,-0.04744653091381627
cora,GeneralSheaf,true,5,3,epoch-0,1,1,degree,-0.04797337090322776
cora,GeneralSheaf,true,5,3,epoch-0,2,1,degree,-0.04769994687183344
cora,GeneralSheaf,true,5,3,epoch-0,3,1,degree,-0.04773931847409229
cora,GeneralSheaf,true,5,3,epoch-0,0,1,betweenness,-0.042244188578112345
cora,GeneralSheaf,true,5,3,epoch-0,1,1,betweenness,-0.04266757200457693
cora,GeneralSheaf,true,5,3,epoch-0,2,1,betweenness,-0.04242941627430578
cora,GeneralSheaf,true,5,3,epoch-0,3,1,betweenness,-0.04244179509849371
cora,GeneralSheaf,true,5,3,epoch-0,0,1,confidence,0.034489151001062826
cora,GeneralSheaf,true,5,3,epoch-0,1,1,confidence,0.03441539852861834
cora,GeneralSheaf,true,5,3,epoch-0,2,1,confidence,0.03430523779270747
cora,GeneralSheaf,true,5,3,epoch-0,3,1,confidence,0.03412464824301909
cora,GeneralSheaf,true,5,3,epoch-0,0,1,saliency,nan
cora,GeneralSheaf,true,5,3,epoch-0,1,1,saliency,nan
cora,GeneralSheaf,true,5,3,epoch-0,2,1,saliency,nan
cora,GeneralSheaf,true,5,3,epoch-0,3,1,saliency,nan
cora,GeneralSheaf,true,5,3,epoch-0,0,1,cohens_d_train,0.0755644
cora,GeneralSheaf,true,5,3,epoch-0,1,1,cohens_d_train,0.07546739
cora,GeneralSheaf,true,5,3,epoch-0,2,1,cohens_d_train,0.075571075
cora,GeneralSheaf,true,5,3,epoch-0,3,1,cohens_d_train,0.07519763
cora,GeneralSheaf,true,5,3,epoch-0,0,1,cohens_d_test,0.12119487
cora,GeneralSheaf,true,5,3,epoch-0,1,1,cohens_d_test,0.12098773
cora,GeneralSheaf,true,5,3,epoch-0,2,1,cohens_d_test,0.12081532
cora,GeneralSheaf,true,5,3,epoch-0,3,1,cohens_d_test,0.1211621
cora,GeneralSheaf,true,5,3,epoch-0,0,2,degree,-0.0030942746743836957
cora,GeneralSheaf,true,5,3,epoch-0,1,2,degree,-0.002751281824337312
cora,GeneralSheaf,true,5,3,epoch-0,2,2,degree,-0.002915249327038428
cora,GeneralSheaf,true,5,3,epoch-0,3,2,degree,-0.002990184955088772
cora,GeneralSheaf,true,5,3,epoch-0,0,2,betweenness,0.01698961984948711
cora,GeneralSheaf,true,5,3,epoch-0,1,2,betweenness,0.017265657262730612
cora,GeneralSheaf,true,5,3,epoch-0,2,2,betweenness,0.01713480143192469
cora,GeneralSheaf,true,5,3,epoch-0,3,2,betweenness,0.017084497273942626
cora,GeneralSheaf,true,5,3,epoch-0,0,2,confidence,-0.020405033485685387
cora,GeneralSheaf,true,5,3,epoch-0,1,2,confidence,-0.02026370949792929
cora,GeneralSheaf,true,5,3,epoch-0,2,2,confidence,-0.020558280436626566
cora,GeneralSheaf,true,5,3,epoch-0,3,2,confidence,-0.02006341708136016
cora,GeneralSheaf,true,5,3,epoch-0,0,2,saliency,nan
cora,GeneralSheaf,true,5,3,epoch-0,1,2,saliency,nan
cora,GeneralSheaf,true,5,3,epoch-0,2,2,saliency,nan
cora,GeneralSheaf,true,5,3,epoch-0,3,2,saliency,nan
cora,GeneralSheaf,true,5,3,epoch-0,0,2,cohens_d_train,0.09320492
cora,GeneralSheaf,true,5,3,epoch-0,1,2,cohens_d_train,0.093380556
cora,GeneralSheaf,true,5,3,epoch-0,2,2,cohens_d_train,0.09338628
cora,GeneralSheaf,true,5,3,epoch-0,3,2,cohens_d_train,0.09345104
cora,GeneralSheaf,true,5,3,epoch-0,0,2,cohens_d_test,0.10979725
cora,GeneralSheaf,true,5,3,epoch-0,1,2,cohens_d_test,0.11033756
cora,GeneralSheaf,true,5,3,epoch-0,2,2,cohens_d_test,0.11020151
cora,GeneralSheaf,true,5,3,epoch-0,3,2,cohens_d_test,0.11056798
cora,GeneralSheaf,true,5,3,epoch-0,0,3,degree,-0.04635067443442201
cora,GeneralSheaf,true,5,3,epoch-0,1,3,degree,-0.04639905079188727
cora,GeneralSheaf,true,5,3,epoch-0,2,3,degree,-0.046475130987818324
cora,GeneralSheaf,true,5,3,epoch-0,3,3,degree,-0.046475474611820645
cora,GeneralSheaf,true,5,3,epoch-0,0,3,betweenness,-0.06225120773158086
cora,GeneralSheaf,true,5,3,epoch-0,1,3,betweenness,-0.062333137004059284
cora,GeneralSheaf,true,5,3,epoch-0,2,3,betweenness,-0.06231867897084675
cora,GeneralSheaf,true,5,3,epoch-0,3,3,betweenness,-0.062349478831090946
cora,GeneralSheaf,true,5,3,epoch-0,0,3,confidence,0.2701251985299267
cora,GeneralSheaf,true,5,3,epoch-0,1,3,confidence,0.27018377485931344
cora,GeneralSheaf,true,5,3,epoch-0,2,3,confidence,0.2704541490714744
cora,GeneralSheaf,true,5,3,epoch-0,3,3,confidence,0.27032504354385545
cora,GeneralSheaf,true,5,3,epoch-0,0,3,saliency,-0.0488147610845807
cora,GeneralSheaf,true,5,3,epoch-0,1,3,saliency,-0.04876358457395201
cora,GeneralSheaf,true,5,3,epoch-0,2,3,saliency,-0.04880922858685156
cora,GeneralSheaf,true,5,3,epoch-0,3,3,saliency,-0.048782584359164986
cora,GeneralSheaf,true,5,3,epoch-0,0,3,cohens_d_train,0.17149109
cora,GeneralSheaf,true,5,3,epoch-0,1,3,cohens_d_train,0.17124383
cora,GeneralSheaf,true,5,3,epoch-0,2,3,cohens_d_train,0.17111751
cora,GeneralSheaf,true,5,3,epoch-0,3,3,cohens_d_train,0.17099018
cora,GeneralSheaf,true,5,3,epoch-0,0,3,cohens_d_test,0.20531206
cora,GeneralSheaf,true,5,3,epoch-0,1,3,cohens_d_test,0.20551944
cora,GeneralSheaf,true,5,3,epoch-0,2,3,cohens_d_test,0.2047895
cora,GeneralSheaf,true,5,3,epoch-0,3,3,cohens_d_test,0.20477796
cora,GeneralSheaf,true,5,3,epoch-0,0,4,degree,0.013755485992032454
cora,GeneralSheaf,true,5,3,epoch-0,1,4,degree,0.013507132436092653
cora,GeneralSheaf,true,5,3,epoch-0,2,4,degree,0.013271945254269765
cora,GeneralSheaf,true,5,3,epoch-0,3,4,degree,0.013553486130817933
cora,GeneralSheaf,true,5,3,epoch-0,0,4,betweenness,-0.008494803876776716
cora,GeneralSheaf,true,5,3,epoch-0,1,4,betweenness,-0.008762436195307439
cora,GeneralSheaf,true,5,3,epoch-0,2,4,betweenness,-0.009030826405417719
cora,GeneralSheaf,true,5,3,epoch-0,3,4,betweenness,-0.00868992706055297
cora,GeneralSheaf,true,5,3,epoch-0,0,4,confidence,0.03281040425900939
cora,GeneralSheaf,true,5,3,epoch-0,1,4,confidence,0.03225066070263112
cora,GeneralSheaf,true,5,3,epoch-0,2,4,confidence,0.032570244891636894
cora,GeneralSheaf,true,5,3,epoch-0,3,4,confidence,0.03254206904770482
cora,GeneralSheaf,true,5,3,epoch-0,0,4,saliency,-0.14333281520336885
cora,GeneralSheaf,true,5,3,epoch-0,1,4,saliency,-0.14337744667119945
cora,GeneralSheaf,true,5,3,epoch-0,2,4,saliency,-0.1433970619400648
cora,GeneralSheaf,true,5,3,epoch-0,3,4,saliency,-0.1433989666971732
cora,GeneralSheaf,true,5,3,epoch-0,0,4,cohens_d_train,0.24508701
cora,GeneralSheaf,true,5,3,epoch-0,1,4,cohens_d_train,0.24446557
cora,GeneralSheaf,true,5,3,epoch-0,2,4,cohens_d_train,0.24514548
cora,GeneralSheaf,true,5,3,epoch-0,3,4,cohens_d_train,0.24501523
cora,GeneralSheaf,true,5,3,epoch-0,0,4,cohens_d_test,0.32384217
cora,GeneralSheaf,true,5,3,epoch-0,1,4,cohens_d_test,0.32413104
cora,GeneralSheaf,true,5,3,epoch-0,2,4,cohens_d_test,0.3241896
cora,GeneralSheaf,true,5,3,epoch-0,3,4,cohens_d_test,0.32423326
cora,GeneralSheaf,true,5,3,epoch-0,0,5,degree,-0.05466590444130306
cora,GeneralSheaf,true,5,3,epoch-0,1,5,degree,-0.0550365220612088
cora,GeneralSheaf,true,5,3,epoch-0,2,5,degree,-0.05508123549974965
cora,GeneralSheaf,true,5,3,epoch-0,3,5,degree,-0.055214462644031945
cora,GeneralSheaf,true,5,3,epoch-0,0,5,betweenness,-0.05519494523717066
cora,GeneralSheaf,true,5,3,epoch-0,1,5,betweenness,-0.05551058550644908
cora,GeneralSheaf,true,5,3,epoch-0,2,5,betweenness,-0.05561426888173996
cora,GeneralSheaf,true,5,3,epoch-0,3,5,betweenness,-0.05576730784818848
cora,GeneralSheaf,true,5,3,epoch-0,0,5,confidence,0.043908084194932175
cora,GeneralSheaf,true,5,3,epoch-0,1,5,confidence,0.043801879952008814
cora,GeneralSheaf,true,5,3,epoch-0,2,5,confidence,0.043442542418414734
cora,GeneralSheaf,true,5,3,epoch-0,3,5,confidence,0.04337696627055751
cora,GeneralSheaf,true,5,3,epoch-0,0,5,saliency,-0.02502175280403954
cora,GeneralSheaf,true,5,3,epoch-0,1,5,saliency,-0.0249573709626269
cora,GeneralSheaf,true,5,3,epoch-0,2,5,saliency,-0.025048964903745877
cora,GeneralSheaf,true,5,3,epoch-0,3,5,saliency,-0.02503884712167577
cora,GeneralSheaf,true,5,3,epoch-0,0,5,cohens_d_train,0.28244498
cora,GeneralSheaf,true,5,3,epoch-0,1,5,cohens_d_train,0.28292623
cora,GeneralSheaf,true,5,3,epoch-0,2,5,cohens_d_train,0.2829292
cora,GeneralSheaf,true,5,3,epoch-0,3,5,cohens_d_train,0.282808
cora,GeneralSheaf,true,5,3,epoch-0,0,5,cohens_d_test,0.36921877
cora,GeneralSheaf,true,5,3,epoch-0,1,5,cohens_d_test,0.36951986
cora,GeneralSheaf,true,5,3,epoch-0,2,5,cohens_d_test,0.36901093
cora,GeneralSheaf,true,5,3,epoch-0,3,5,cohens_d_test,0.36931717
cora,GeneralSheaf,true,5,3,epoch-0,0,6,degree,-0.05361042975274778
cora,GeneralSheaf,true,5,3,epoch-0,1,6,degree,-0.05313322733640704
cora,GeneralSheaf,true,5,3,epoch-0,2,6,degree,-0.05313188468777128
cora,GeneralSheaf,true,5,3,epoch-0,3,6,degree,-0.053022352983915534
cora,GeneralSheaf,true,5,3,epoch-0,0,6,betweenness,-0.05670757141122978
cora,GeneralSheaf,true,5,3,epoch-0,1,6,betweenness,-0.05626351240376484
cora,GeneralSheaf,true,5,3,epoch-0,2,6,betweenness,-0.05626936707205412
cora,GeneralSheaf,true,5,3,epoch-0,3,6,betweenness,-0.056168851256650665
cora,GeneralSheaf,true,5,3,epoch-0,0,6,confidence,-0.007419467883151564
cora,GeneralSheaf,true,5,3,epoch-0,1,6,confidence,-0.007836653974346701
cora,GeneralSheaf,true,5,3,epoch-0,2,6,confidence,-0.008075562032025049
cora,GeneralSheaf,true,5,3,epoch-0,3,6,confidence,-0.007750612027331475
cora,GeneralSheaf,true,5,3,epoch-0,0,6,saliency,-0.11362443611567367
cora,GeneralSheaf,true,5,3,epoch-0,1,6,saliency,-0.11343865180457369
cora,GeneralSheaf,true,5,3,epoch-0,2,6,saliency,-0.11341826925399899
cora,GeneralSheaf,true,5,3,epoch-0,3,6,saliency,-0.1133252767551497
cora,GeneralSheaf,true,5,3,epoch-0,0,6,cohens_d_train,0.037159145
cora,GeneralSheaf,true,5,3,epoch-0,1,6,cohens_d_train,0.037181377
cora,GeneralSheaf,true,5,3,epoch-0,2,6,cohens_d_train,0.0379879
cora,GeneralSheaf,true,5,3,epoch-0,3,6,cohens_d_train,0.03777878
cora,GeneralSheaf,true,5,3,epoch-0,0,6,cohens_d_test,0.039537728
cora,GeneralSheaf,true,5,3,epoch-0,1,6,cohens_d_test,0.03962374
cora,GeneralSheaf,true,5,3,epoch-0,2,6,cohens_d_test,0.04030469
cora,GeneralSheaf,true,5,3,epoch-0,3,6,cohens_d_test,0.04030008
cora,GeneralSheaf,true,5,3,epoch-0,0,7,degree,-0.05901663861115133
cora,GeneralSheaf,true,5,3,epoch-0,1,7,degree,-0.05921949389520277
cora,GeneralSheaf,true,5,3,epoch-0,2,7,degree,-0.05948938198769986
cora,GeneralSheaf,true,5,3,epoch-0,3,7,degree,-0.05872057389611663
cora,GeneralSheaf,true,5,3,epoch-0,0,7,betweenness,-0.08999696882269688
cora,GeneralSheaf,true,5,3,epoch-0,1,7,betweenness,-0.09012802594743347
cora,GeneralSheaf,true,5,3,epoch-0,2,7,betweenness,-0.0903025568766165
cora,GeneralSheaf,true,5,3,epoch-0,3,7,betweenness,-0.08975043955723994
cora,GeneralSheaf,true,5,3,epoch-0,0,7,confidence,0.13632463132399392
cora,GeneralSheaf,true,5,3,epoch-0,1,7,confidence,0.1361465565408231
cora,GeneralSheaf,true,5,3,epoch-0,2,7,confidence,0.13557860784470135
cora,GeneralSheaf,true,5,3,epoch-0,3,7,confidence,0.1359785893791625
cora,GeneralSheaf,true,5,3,epoch-0,0,7,saliency,-0.022944310899718778
cora,GeneralSheaf,true,5,3,epoch-0,1,7,saliency,-0.02290955367365785
cora,GeneralSheaf,true,5,3,epoch-0,2,7,saliency,-0.02298406718620839
cora,GeneralSheaf,true,5,3,epoch-0,3,7,saliency,-0.022832131998479346
cora,GeneralSheaf,true,5,3,epoch-0,0,7,cohens_d_train,0.13557169
cora,GeneralSheaf,true,5,3,epoch-0,1,7,cohens_d_train,0.13527939
cora,GeneralSheaf,true,5,3,epoch-0,2,7,cohens_d_train,0.13483328
cora,GeneralSheaf,true,5,3,epoch-0,3,7,cohens_d_train,0.13442804
cora,GeneralSheaf,true,5,3,epoch-0,0,7,cohens_d_test,0.36960816
cora,GeneralSheaf,true,5,3,epoch-0,1,7,cohens_d_test,0.36976892
cora,GeneralSheaf,true,5,3,epoch-0,2,7,cohens_d_test,0.37017024
cora,GeneralSheaf,true,5,3,epoch-0,3,7,cohens_d_test,0.3697197
cora,GeneralSheaf,true,5,3,epoch-0,0,8,degree,-0.019907300529042344
cora,GeneralSheaf,true,5,3,epoch-0,1,8,degree,-0.01998285964918045
cora,GeneralSheaf,true,5,3,epoch-0,2,8,degree,-0.019256668549656884
cora,GeneralSheaf,true,5,3,epoch-0,3,8,degree,-0.01942330626021641
cora,GeneralSheaf,true,5,3,epoch-0,0,8,betweenness,-0.022075112612435863
cora,GeneralSheaf,true,5,3,epoch-0,1,8,betweenness,-0.02215931203200396
cora,GeneralSheaf,true,5,3,epoch-0,2,8,betweenness,-0.021537413431856736
cora,GeneralSheaf,true,5,3,epoch-0,3,8,betweenness,-0.02163174875849961
cora,GeneralSheaf,true,5,3,epoch-0,0,8,confidence,-0.006862858094537429
cora,GeneralSheaf,true,5,3,epoch-0,1,8,confidence,-0.006820431123593227
cora,GeneralSheaf,true,5,3,epoch-0,2,8,confidence,-0.006758674265305393
cora,GeneralSheaf,true,5,3,epoch-0,3,8,confidence,-0.006612173594528032
cora,GeneralSheaf,true,5,3,epoch-0,0,8,saliency,-0.007366291489312801
cora,GeneralSheaf,true,5,3,epoch-0,1,8,saliency,-0.0074032564614162156
cora,GeneralSheaf,true,5,3,epoch-0,2,8,saliency,-0.007376316353581808
cora,GeneralSheaf,true,5,3,epoch-0,3,8,saliency,-0.007198356629142367
cora,GeneralSheaf,true,5,3,epoch-0,0,8,cohens_d_train,0.35098624
cora,GeneralSheaf,true,5,3,epoch-0,1,8,cohens_d_train,0.3510814
cora,GeneralSheaf,true,5,3,epoch-0,2,8,cohens_d_train,0.35144696
cora,GeneralSheaf,true,5,3,epoch-0,3,8,cohens_d_train,0.3514431
cora,GeneralSheaf,true,5,3,epoch-0,0,8,cohens_d_test,0.42764178
cora,GeneralSheaf,true,5,3,epoch-0,1,8,cohens_d_test,0.42790428
cora,GeneralSheaf,true,5,3,epoch-0,2,8,cohens_d_test,0.42707452
cora,GeneralSheaf,true,5,3,epoch-0,3,8,cohens_d_test,0.42681015
cora,GeneralSheaf,true,5,3,epoch-0,0,9,degree,0.014041238168353006
cora,GeneralSheaf,true,5,3,epoch-0,1,9,degree,0.014209543124608521
cora,GeneralSheaf,true,5,3,epoch-0,2,9,degree,0.014183811778263614
cora,GeneralSheaf,true,5,3,epoch-0,3,9,degree,0.01411155233414101
cora,GeneralSheaf,true,5,3,epoch-0,0,9,betweenness,0.02126845113627752
cora,GeneralSheaf,true,5,3,epoch-0,1,9,betweenness,0.02137794344221446
cora,GeneralSheaf,true,5,3,epoch-0,2,9,betweenness,0.021432025579805426
cora,GeneralSheaf,true,5,3,epoch-0,3,9,betweenness,0.021427727367050654
cora,GeneralSheaf,true,5,3,epoch-0,0,9,confidence,0.21396194559882104
cora,GeneralSheaf,true,5,3,epoch-0,1,9,confidence,0.21405879357954793
cora,GeneralSheaf,true,5,3,epoch-0,2,9,confidence,0.21398226522050706
cora,GeneralSheaf,true,5,3,epoch-0,3,9,confidence,0.21387912926274624
cora,GeneralSheaf,true,5,3,epoch-0,0,9,saliency,-0.01624405363032245
cora,GeneralSheaf,true,5,3,epoch-0,1,9,saliency,-0.01635235774675975
cora,GeneralSheaf,true,5,3,epoch-0,2,9,saliency,-0.016256175765254212
cora,GeneralSheaf,true,5,3,epoch-0,3,9,saliency,-0.016200051247788255
cora,GeneralSheaf,true,5,3,epoch-0,0,9,cohens_d_train,0.010095225
cora,GeneralSheaf,true,5,3,epoch-0,1,9,cohens_d_train,0.010241774
cora,GeneralSheaf,true,5,3,epoch-0,2,9,cohens_d_train,0.010436767
cora,GeneralSheaf,true,5,3,epoch-0,3,9,cohens_d_train,0.010513716
cora,GeneralSheaf,true,5,3,epoch-0,0,9,cohens_d_test,0.18689516
cora,GeneralSheaf,true,5,3,epoch-0,1,9,cohens_d_test,0.18659468
cora,GeneralSheaf,true,5,3,epoch-0,2,9,cohens_d_test,0.18652365
cora,GeneralSheaf,true,5,3,epoch-0,3,9,cohens_d_test,0.18667343
cora,GeneralSheaf,true,5,3,epoch-1,0,0,degree,-0.06205610109082169
cora,GeneralSheaf,true,5,3,epoch-1,1,0,degree,-0.06288893933372534
cora,GeneralSheaf,true,5,3,epoch-1,2,0,degree,-0.06370755404156402
cora,GeneralSheaf,true,5,3,epoch-1,3,0,degree,-0.06429626778664758
cora,GeneralSheaf,true,5,3,epoch-1,0,0,betweenness,-0.02246231604907835
cora,GeneralSheaf,true,5,3,epoch-1,1,0,betweenness,-0.023095562551259604
cora,GeneralSheaf,true,5,3,epoch-1,2,0,betweenness,-0.02376156989096469
cora,GeneralSheaf,true,5,3,epoch-1,3,0,betweenness,-0.02429395875120245
cora,GeneralSheaf,true,5,3,epoch-1,0,0,confidence,0.6850864434380266
cora,GeneralSheaf,true,5,3,epoch-1,1,0,confidence,0.6847215406702555
cora,GeneralSheaf,true,5,3,epoch-1,2,0,confidence,0.6841039781091296
cora,GeneralSheaf,true,5,3,epoch-1,3,0,confidence,0.6833083243018686
cora,GeneralSheaf,true,5,3,epoch-1,0,0,saliency,0.37652499976136844
cora,GeneralSheaf,true,5,3,epoch-1,1,0,saliency,0.3762086311225887
cora,GeneralSheaf,true,5,3,epoch-1,2,0,saliency,0.37582209294282365
cora,GeneralSheaf,true,5,3,epoch-1,3,0,saliency,0.3755219144889638
cora,GeneralSheaf,true,5,3,epoch-1,0,0,cohens_d_train,0.7445659
cora,GeneralSheaf,true,5,3,epoch-1,1,0,cohens_d_train,0.7450197
cora,GeneralSheaf,true,5,3,epoch-1,2,0,cohens_d_train,0.7452758
cora,GeneralSheaf,true,5,3,epoch-1,3,0,cohens_d_train,0.7459372
cora,GeneralSheaf,true,5,3,epoch-1,0,0,cohens_d_test,0.5281913
cora,GeneralSheaf,true,5,3,epoch-1,1,0,cohens_d_test,0.52727264
cora,GeneralSheaf,true,5,3,epoch-1,2,0,cohens_d_test,0.52624047
cora,GeneralSheaf,true,5,3,epoch-1,3,0,cohens_d_test,0.52515185
cora,GeneralSheaf,true,5,3,epoch-1,0,1,degree,-0.06899021045360981
cora,GeneralSheaf,true,5,3,epoch-1,1,1,degree,-0.06871787400397354
cora,GeneralSheaf,true,5,3,epoch-1,2,1,degree,-0.06833758157105843
cora,GeneralSheaf,true,5,3,epoch-1,3,1,degree,-0.06817271501522815
cora,GeneralSheaf,true,5,3,epoch-1,0,1,betweenness,-0.017038925973054633
cora,GeneralSheaf,true,5,3,epoch-1,1,1,betweenness,-0.01627458413056595
cora,GeneralSheaf,true,5,3,epoch-1,2,1,betweenness,-0.015368221459872884
cora,GeneralSheaf,true,5,3,epoch-1,3,1,betweenness,-0.014651716800049114
cora,GeneralSheaf,true,5,3,epoch-1,0,1,confidence,0.6731858290843017
cora,GeneralSheaf,true,5,3,epoch-1,1,1,confidence,0.6745948835374834
cora,GeneralSheaf,true,5,3,epoch-1,2,1,confidence,0.6759819497018232
cora,GeneralSheaf,true,5,3,epoch-1,3,1,confidence,0.6774350229448983
cora,GeneralSheaf,true,5,3,epoch-1,0,1,saliency,0.31215234804283315
cora,GeneralSheaf,true,5,3,epoch-1,1,1,saliency,0.3142489948837111
cora,GeneralSheaf,true,5,3,epoch-1,2,1,saliency,0.3162065289511158
cora,GeneralSheaf,true,5,3,epoch-1,3,1,saliency,0.3182963638424891
cora,GeneralSheaf,true,5,3,epoch-1,0,1,cohens_d_train,0.65549344
cora,GeneralSheaf,true,5,3,epoch-1,1,1,cohens_d_train,0.65720105
cora,GeneralSheaf,true,5,3,epoch-1,2,1,cohens_d_train,0.6591981
cora,GeneralSheaf,true,5,3,epoch-1,3,1,cohens_d_train,0.6611423
cora,GeneralSheaf,true,5,3,epoch-1,0,1,cohens_d_test,0.6654375
cora,GeneralSheaf,true,5,3,epoch-1,1,1,cohens_d_test,0.66863495
cora,GeneralSheaf,true,5,3,epoch-1,2,1,cohens_d_test,0.67128146
cora,GeneralSheaf,true,5,3,epoch-1,3,1,cohens_d_test,0.674256
cora,GeneralSheaf,true,5,3,epoch-1,0,2,degree,-0.049210980851799604
cora,GeneralSheaf,true,5,3,epoch-1,1,2,degree,-0.049006304165428144
cora,GeneralSheaf,true,5,3,epoch-1,2,2,degree,-0.04864325159826909
cora,GeneralSheaf,true,5,3,epoch-1,3,2,degree,-0.04849370742806116
cora,GeneralSheaf,true,5,3,epoch-1,0,2,betweenness,-0.0037625989490271965
cora,GeneralSheaf,true,5,3,epoch-1,1,2,betweenness,-0.003942096523489374
cora,GeneralSheaf,true,5,3,epoch-1,2,2,betweenness,-0.00391323899559175
cora,GeneralSheaf,true,5,3,epoch-1,3,2,betweenness,-0.004069650489213207
cora,GeneralSheaf,true,5,3,epoch-1,0,2,confidence,-0.0029965166538427875
cora,GeneralSheaf,true,5,3,epoch-1,1,2,confidence,0.0004787521462966887
cora,GeneralSheaf,true,5,3,epoch-1,2,2,confidence,0.0040334962278223896
cora,GeneralSheaf,true,5,3,epoch-1,3,2,confidence,0.007355564752820584
cora,GeneralSheaf,true,5,3,epoch-1,0,2,saliency,0.2967884683854112
cora,GeneralSheaf,true,5,3,epoch-1,1,2,saliency,0.2965614697124827
cora,GeneralSheaf,true,5,3,epoch-1,2,2,saliency,0.2964138684417476
cora,GeneralSheaf,true,5,3,epoch-1,3,2,saliency,0.2962507751285079
cora,GeneralSheaf,true,5,3,epoch-1,0,2,cohens_d_train,0.118649095
cora,GeneralSheaf,true,5,3,epoch-1,1,2,cohens_d_train,0.10947382
cora,GeneralSheaf,true,5,3,epoch-1,2,2,cohens_d_train,0.10026389
cora,GeneralSheaf,true,5,3,epoch-1,3,2,cohens_d_train,0.09141061
cora,GeneralSheaf,true,5,3,epoch-1,0,2,cohens_d_test,0.1266747
cora,GeneralSheaf,true,5,3,epoch-1,1,2,cohens_d_test,0.11706863
cora,GeneralSheaf,true,5,3,epoch-1,2,2,cohens_d_test,0.107834116
cora,GeneralSheaf,true,5,3,epoch-1,3,2,cohens_d_test,0.098768935
cora,GeneralSheaf,true,5,3,epoch-1,0,3,degree,-0.06948067363629798
cora,GeneralSheaf,true,5,3,epoch-1,1,3,degree,-0.06946119491547714
cora,GeneralSheaf,true,5,3,epoch-1,2,3,degree,-0.0697935353099544
cora,GeneralSheaf,true,5,3,epoch-1,3,3,degree,-0.06972880635795466
cora,GeneralSheaf,true,5,3,epoch-1,0,3,betweenness,-0.05490788666846561
cora,GeneralSheaf,true,5,3,epoch-1,1,3,betweenness,-0.054896642794755326
cora,GeneralSheaf,true,5,3,epoch-1,2,3,betweenness,-0.05507675259533315
cora,GeneralSheaf,true,5,3,epoch-1,3,3,betweenness,-0.05498190855517865
cora,GeneralSheaf,true,5,3,epoch-1,0,3,confidence,0.03265748707864664
cora,GeneralSheaf,true,5,3,epoch-1,1,3,confidence,0.03025139818467378
cora,GeneralSheaf,true,5,3,epoch-1,2,3,confidence,0.02810669948168033
cora,GeneralSheaf,true,5,3,epoch-1,3,3,confidence,0.02581510611585325
cora,GeneralSheaf,true,5,3,epoch-1,0,3,saliency,0.2884848356557975
cora,GeneralSheaf,true,5,3,epoch-1,1,3,saliency,0.2869089368644352
cora,GeneralSheaf,true,5,3,epoch-1,2,3,saliency,0.28561729629511
cora,GeneralSheaf,true,5,3,epoch-1,3,3,saliency,0.28425386275403297
cora,GeneralSheaf,true,5,3,epoch-1,0,3,cohens_d_train,0.43463323
cora,GeneralSheaf,true,5,3,epoch-1,1,3,cohens_d_train,0.42939737
cora,GeneralSheaf,true,5,3,epoch-1,2,3,cohens_d_train,0.42493045
cora,GeneralSheaf,true,5,3,epoch-1,3,3,cohens_d_train,0.4201837
cora,GeneralSheaf,true,5,3,epoch-1,0,3,cohens_d_test,0.287029
cora,GeneralSheaf,true,5,3,epoch-1,1,3,cohens_d_test,0.28297958
cora,GeneralSheaf,true,5,3,epoch-1,2,3,cohens_d_test,0.27772015
cora,GeneralSheaf,true,5,3,epoch-1,3,3,cohens_d_test,0.2735462
cora,GeneralSheaf,true,5,3,epoch-1,0,4,degree,-0.029284730265499163
cora,GeneralSheaf,true,5,3,epoch-1,1,4,degree,-0.02970354569797914
cora,GeneralSheaf,true,5,3,epoch-1,2,4,degree,-0.03027922810675403
cora,GeneralSheaf,true,5,3,epoch-1,3,4,degree,-0.030409648277954452
cora,GeneralSheaf,true,5,3,epoch-1,0,4,betweenness,-0.020139229133241558
cora,GeneralSheaf,true,5,3,epoch-1,1,4,betweenness,-0.02080506522976102
cora,GeneralSheaf,true,5,3,epoch-1,2,4,betweenness,-0.021586603715490114
cora,GeneralSheaf,true,5,3,epoch-1,3,4,betweenness,-0.021892557132860282
cora,GeneralSheaf,true,5,3,epoch-1,0,4,confidence,-0.25318749937047663
cora,GeneralSheaf,true,5,3,epoch-1,1,4,confidence,-0.25335795927954996
cora,GeneralSheaf,true,5,3,epoch-1,2,4,confidence,-0.2533915462619118
cora,GeneralSheaf,true,5,3,epoch-1,3,4,confidence,-0.25334956747342363
cora,GeneralSheaf,true,5,3,epoch-1,0,4,saliency,0.11757756885024183
cora,GeneralSheaf,true,5,3,epoch-1,1,4,saliency,0.11696465732201201
cora,GeneralSheaf,true,5,3,epoch-1,2,4,saliency,0.116466030032212
cora,GeneralSheaf,true,5,3,epoch-1,3,4,saliency,0.1159720064254616
cora,GeneralSheaf,true,5,3,epoch-1,0,4,cohens_d_train,0.22969481
cora,GeneralSheaf,true,5,3,epoch-1,1,4,cohens_d_train,0.2290787
cora,GeneralSheaf,true,5,3,epoch-1,2,4,cohens_d_train,0.22979707
cora,GeneralSheaf,true,5,3,epoch-1,3,4,cohens_d_train,0.23018818
cora,GeneralSheaf,true,5,3,epoch-1,0,4,cohens_d_test,0.1872334
cora,GeneralSheaf,true,5,3,epoch-1,1,4,cohens_d_test,0.18698914
cora,GeneralSheaf,true,5,3,epoch-1,2,4,cohens_d_test,0.18664677
cora,GeneralSheaf,true,5,3,epoch-1,3,4,cohens_d_test,0.18516971
cora,GeneralSheaf,true,5,3,epoch-1,0,5,degree,-0.05044105531020391
cora,GeneralSheaf,true,5,3,epoch-1,1,5,degree,-0.05101471853103216
cora,GeneralSheaf,true,5,3,epoch-1,2,5,degree,-0.05158977010335556
cora,GeneralSheaf,true,5,3,epoch-1,3,5,degree,-0.052221265174388735
cora,GeneralSheaf,true,5,3,epoch-1,0,5,betweenness,0.017784371578394517
cora,GeneralSheaf,true,5,3,epoch-1,1,5,betweenness,0.017029978466892734
cora,GeneralSheaf,true,5,3,epoch-1,2,5,betweenness,0.0163044848380928
cora,GeneralSheaf,true,5,3,epoch-1,3,5,betweenness,0.015418727789738391
cora,GeneralSheaf,true,5,3,epoch-1,0,5,confidence,0.038154543126877126
cora,GeneralSheaf,true,5,3,epoch-1,1,5,confidence,0.0400204101523846
cora,GeneralSheaf,true,5,3,epoch-1,2,5,confidence,0.0410728758318235
cora,GeneralSheaf,true,5,3,epoch-1,3,5,confidence,0.042934927777625295
cora,GeneralSheaf,true,5,3,epoch-1,0,5,saliency,0.22200096901249916
cora,GeneralSheaf,true,5,3,epoch-1,1,5,saliency,0.22300440367535876
cora,GeneralSheaf,true,5,3,epoch-1,2,5,saliency,0.22362544901586595
cora,GeneralSheaf,true,5,3,epoch-1,3,5,saliency,0.22450729699388586
cora,GeneralSheaf,true,5,3,epoch-1,0,5,cohens_d_train,0.7265105
cora,GeneralSheaf,true,5,3,epoch-1,1,5,cohens_d_train,0.7310366
cora,GeneralSheaf,true,5,3,epoch-1,2,5,cohens_d_train,0.7350643
cora,GeneralSheaf,true,5,3,epoch-1,3,5,cohens_d_train,0.7395382
cora,GeneralSheaf,true,5,3,epoch-1,0,5,cohens_d_test,0.60285926
cora,GeneralSheaf,true,5,3,epoch-1,1,5,cohens_d_test,0.6063977
cora,GeneralSheaf,true,5,3,epoch-1,2,5,cohens_d_test,0.6103376
cora,GeneralSheaf,true,5,3,epoch-1,3,5,cohens_d_test,0.61378306
cora,GeneralSheaf,true,5,3,epoch-1,0,6,degree,-0.04621921601585286
cora,GeneralSheaf,true,5,3,epoch-1,1,6,degree,-0.04548189929656916
cora,GeneralSheaf,true,5,3,epoch-1,2,6,degree,-0.04521022956425751
cora,GeneralSheaf,true,5,3,epoch-1,3,6,degree,-0.04486291639802712
cora,GeneralSheaf,true,5,3,epoch-1,0,6,betweenness,-0.01781749975680741
cora,GeneralSheaf,true,5,3,epoch-1,1,6,betweenness,-0.01725015348425114
cora,GeneralSheaf,true,5,3,epoch-1,2,6,betweenness,-0.017138085379983552
cora,GeneralSheaf,true,5,3,epoch-1,3,6,betweenness,-0.01696333610971954
cora,GeneralSheaf,true,5,3,epoch-1,0,6,confidence,0.7881941190439281
cora,GeneralSheaf,true,5,3,epoch-1,1,6,confidence,0.7883360731397564
cora,GeneralSheaf,true,5,3,epoch-1,2,6,confidence,0.7886290041420534
cora,GeneralSheaf,true,5,3,epoch-1,3,6,confidence,0.7887755752169318
cora,GeneralSheaf,true,5,3,epoch-1,0,6,saliency,0.15920358327471631
cora,GeneralSheaf,true,5,3,epoch-1,1,6,saliency,0.1603780599552366
cora,GeneralSheaf,true,5,3,epoch-1,2,6,saliency,0.1615615642717639
cora,GeneralSheaf,true,5,3,epoch-1,3,6,saliency,0.1626521874154284
cora,GeneralSheaf,true,5,3,epoch-1,0,6,cohens_d_train,1.2053403
cora,GeneralSheaf,true,5,3,epoch-1,1,6,cohens_d_train,1.2046258
cora,GeneralSheaf,true,5,3,epoch-1,2,6,cohens_d_train,1.205104
cora,GeneralSheaf,true,5,3,epoch-1,3,6,cohens_d_train,1.2046121
cora,GeneralSheaf,true,5,3,epoch-1,0,6,cohens_d_test,0.58721584
cora,GeneralSheaf,true,5,3,epoch-1,1,6,cohens_d_test,0.58775425
cora,GeneralSheaf,true,5,3,epoch-1,2,6,cohens_d_test,0.5896173
cora,GeneralSheaf,true,5,3,epoch-1,3,6,cohens_d_test,0.5903145
cora,GeneralSheaf,true,5,3,epoch-1,0,7,degree,-0.057470295655406664
cora,GeneralSheaf,true,5,3,epoch-1,1,7,degree,-0.057729153961679
cora,GeneralSheaf,true,5,3,epoch-1,2,7,degree,-0.05836469807562742
cora,GeneralSheaf,true,5,3,epoch-1,3,7,degree,-0.058634239930504845
cora,GeneralSheaf,true,5,3,epoch-1,0,7,betweenness,-0.06002705646792128
cora,GeneralSheaf,true,5,3,epoch-1,1,7,betweenness,-0.05919684578559186
cora,GeneralSheaf,true,5,3,epoch-1,2,7,betweenness,-0.05856523295562998
cora,GeneralSheaf,true,5,3,epoch-1,3,7,betweenness,-0.05768284076582086
cora,GeneralSheaf,true,5,3,epoch-1,0,7,confidence,0.025283945506899594
cora,GeneralSheaf,true,5,3,epoch-1,1,7,confidence,0.02300074747730338
cora,GeneralSheaf,true,5,3,epoch-1,2,7,confidence,0.020780667594064425
cora,GeneralSheaf,true,5,3,epoch-1,3,7,confidence,0.01865840621481265
cora,GeneralSheaf,true,5,3,epoch-1,0,7,saliency,0.308923964736414
cora,GeneralSheaf,true,5,3,epoch-1,1,7,saliency,0.30913193060756494
cora,GeneralSheaf,true,5,3,epoch-1,2,7,saliency,0.3093832800376731
cora,GeneralSheaf,true,5,3,epoch-1,3,7,saliency,0.30947222254909995
cora,GeneralSheaf,true,5,3,epoch-1,0,7,cohens_d_train,0.017866366
cora,GeneralSheaf,true,5,3,epoch-1,1,7,cohens_d_train,0.010409864
cora,GeneralSheaf,true,5,3,epoch-1,2,7,cohens_d_train,0.0025040063
cora,GeneralSheaf,true,5,3,epoch-1,3,7,cohens_d_train,0.0048373165
cora,GeneralSheaf,true,5,3,epoch-1,0,7,cohens_d_test,0.25943163
cora,GeneralSheaf,true,5,3,epoch-1,1,7,cohens_d_test,0.26164147
cora,GeneralSheaf,true,5,3,epoch-1,2,7,cohens_d_test,0.2641623
cora,GeneralSheaf,true,5,3,epoch-1,3,7,cohens_d_test,0.2661641
cora,GeneralSheaf,true,5,3,epoch-1,0,8,degree,-0.04948866076445668
cora,GeneralSheaf,true,5,3,epoch-1,1,8,degree,-0.04968244537514954
cora,GeneralSheaf,true,5,3,epoch-1,2,8,degree,-0.049781111451325626
cora,GeneralSheaf,true,5,3,epoch-1,3,8,degree,-0.05013027618390595
cora,GeneralSheaf,true,5,3,epoch-1,0,8,betweenness,0.006245572008264184
cora,GeneralSheaf,true,5,3,epoch-1,1,8,betweenness,0.00630649816212721
cora,GeneralSheaf,true,5,3,epoch-1,2,8,betweenness,0.006510106324701056
cora,GeneralSheaf,true,5,3,epoch-1,3,8,betweenness,0.006463752030324562
cora,GeneralSheaf,true,5,3,epoch-1,0,8,confidence,0.7326217854170072
cora,GeneralSheaf,true,5,3,epoch-1,1,8,confidence,0.7349514239377674
cora,GeneralSheaf,true,5,3,epoch-1,2,8,confidence,0.7375249958607397
cora,GeneralSheaf,true,5,3,epoch-1,3,8,confidence,0.7400132835631615
cora,GeneralSheaf,true,5,3,epoch-1,0,8,saliency,0.31862560606842316
cora,GeneralSheaf,true,5,3,epoch-1,1,8,saliency,0.3202805978088055
cora,GeneralSheaf,true,5,3,epoch-1,2,8,saliency,0.3219964113444222
cora,GeneralSheaf,true,5,3,epoch-1,3,8,saliency,0.32355903818079484
cora,GeneralSheaf,true,5,3,epoch-1,0,8,cohens_d_train,1.2347037
cora,GeneralSheaf,true,5,3,epoch-1,1,8,cohens_d_train,1.2439499
cora,GeneralSheaf,true,5,3,epoch-1,2,8,cohens_d_train,1.2530559
cora,GeneralSheaf,true,5,3,epoch-1,3,8,cohens_d_train,1.2624965
cora,GeneralSheaf,true,5,3,epoch-1,0,8,cohens_d_test,0.81395805
cora,GeneralSheaf,true,5,3,epoch-1,1,8,cohens_d_test,0.81937283
cora,GeneralSheaf,true,5,3,epoch-1,2,8,cohens_d_test,0.82435733
cora,GeneralSheaf,true,5,3,epoch-1,3,8,cohens_d_test,0.8294831
cora,GeneralSheaf,true,5,3,epoch-1,0,9,degree,-0.06212817415619771
cora,GeneralSheaf,true,5,3,epoch-1,1,9,degree,-0.06173418440838152
cora,GeneralSheaf,true,5,3,epoch-1,2,9,degree,-0.06156073692589917
cora,GeneralSheaf,true,5,3,epoch-1,3,9,degree,-0.06123743805621378
cora,GeneralSheaf,true,5,3,epoch-1,0,9,betweenness,-0.034317174495740614
cora,GeneralSheaf,true,5,3,epoch-1,1,9,betweenness,-0.033953897059693885
cora,GeneralSheaf,true,5,3,epoch-1,2,9,betweenness,-0.03383718779210536
cora,GeneralSheaf,true,5,3,epoch-1,3,9,betweenness,-0.03354723660717702
cora,GeneralSheaf,true,5,3,epoch-1,0,9,confidence,0.5891677677535542
cora,GeneralSheaf,true,5,3,epoch-1,1,9,confidence,0.5891937325859362
cora,GeneralSheaf,true,5,3,epoch-1,2,9,confidence,0.5888608106281162
cora,GeneralSheaf,true,5,3,epoch-1,3,9,confidence,0.5887696341802252
cora,GeneralSheaf,true,5,3,epoch-1,0,9,saliency,0.14863467247053835
cora,GeneralSheaf,true,5,3,epoch-1,1,9,saliency,0.14843295746507243
cora,GeneralSheaf,true,5,3,epoch-1,2,9,saliency,0.1483726819979149
cora,GeneralSheaf,true,5,3,epoch-1,3,9,saliency,0.14815839628738328
cora,GeneralSheaf,true,5,3,epoch-1,0,9,cohens_d_train,0.87616634
cora,GeneralSheaf,true,5,3,epoch-1,1,9,cohens_d_train,0.8733634
cora,GeneralSheaf,true,5,3,epoch-1,2,9,cohens_d_train,0.87038106
cora,GeneralSheaf,true,5,3,epoch-1,3,9,cohens_d_train,0.8672549
cora,GeneralSheaf,true,5,3,epoch-1,0,9,cohens_d_test,0.5415846
cora,GeneralSheaf,true,5,3,epoch-1,1,9,cohens_d_test,0.5398846
cora,GeneralSheaf,true,5,3,epoch-1,2,9,cohens_d_test,0.5392072
cora,GeneralSheaf,true,5,3,epoch-1,3,9,cohens_d_test,0.5374524
cora,GeneralSheaf,true,5,3,epoch-5,0,0,degree,-0.062268245221801445
cora,GeneralSheaf,true,5,3,epoch-5,1,0,degree,-0.06034912846593725
cora,GeneralSheaf,true,5,3,epoch-5,2,0,degree,-0.06070234416062461
cora,GeneralSheaf,true,5,3,epoch-5,3,0,degree,-0.059694962300175264
cora,GeneralSheaf,true,5,3,epoch-5,0,0,betweenness,-0.006236759037220935
cora,GeneralSheaf,true,5,3,epoch-5,1,0,betweenness,-0.004705359676694897
cora,GeneralSheaf,true,5,3,epoch-5,2,0,betweenness,-0.005312823527115357
cora,GeneralSheaf,true,5,3,epoch-5,3,0,betweenness,-0.004638627639597154
cora,GeneralSheaf,true,5,3,epoch-5,0,0,confidence,0.9131828756055177
cora,GeneralSheaf,true,5,3,epoch-5,1,0,confidence,0.9125295097587991
cora,GeneralSheaf,true,5,3,epoch-5,2,0,confidence,0.9121299811306427
cora,GeneralSheaf,true,5,3,epoch-5,3,0,confidence,0.9105136874257688
cora,GeneralSheaf,true,5,3,epoch-5,0,0,saliency,0.3942180798757441
cora,GeneralSheaf,true,5,3,epoch-5,1,0,saliency,0.393519523966617
cora,GeneralSheaf,true,5,3,epoch-5,2,0,saliency,0.39210584795004905
cora,GeneralSheaf,true,5,3,epoch-5,3,0,saliency,0.39100504178290285
cora,GeneralSheaf,true,5,3,epoch-5,0,0,cohens_d_train,1.9786106
cora,GeneralSheaf,true,5,3,epoch-5,1,0,cohens_d_train,1.9776722
cora,GeneralSheaf,true,5,3,epoch-5,2,0,cohens_d_train,1.9721266
cora,GeneralSheaf,true,5,3,epoch-5,3,0,cohens_d_train,1.9668993
cora,GeneralSheaf,true,5,3,epoch-5,0,0,cohens_d_test,1.2158892
cora,GeneralSheaf,true,5,3,epoch-5,1,0,cohens_d_test,1.2085398
cora,GeneralSheaf,true,5,3,epoch-5,2,0,cohens_d_test,1.2008042
cora,GeneralSheaf,true,5,3,epoch-5,3,0,cohens_d_test,1.1905775
cora,GeneralSheaf,true,5,3,epoch-5,0,1,degree,-0.059154590287112056
cora,GeneralSheaf,true,5,3,epoch-5,1,1,degree,-0.05977390130024161
cora,GeneralSheaf,true,5,3,epoch-5,2,1,degree,-0.05962350185094731
cora,GeneralSheaf,true,5,3,epoch-5,3,1,degree,-0.05457651676778869
cora,GeneralSheaf,true,5,3,epoch-5,0,1,betweenness,-0.012826911665609241
cora,GeneralSheaf,true,5,3,epoch-5,1,1,betweenness,-0.013288834426596853
cora,GeneralSheaf,true,5,3,epoch-5,2,1,betweenness,-0.013051840036813894
cora,GeneralSheaf,true,5,3,epoch-5,3,1,betweenness,-0.008785780458114009
cora,GeneralSheaf,true,5,3,epoch-5,0,1,confidence,0.889077315700939
cora,GeneralSheaf,true,5,3,epoch-5,1,1,confidence,0.8890289137659845
cora,GeneralSheaf,true,5,3,epoch-5,2,1,confidence,0.889618433691964
cora,GeneralSheaf,true,5,3,epoch-5,3,1,confidence,0.8899051643875521
cora,GeneralSheaf,true,5,3,epoch-5,0,1,saliency,0.21667312110718337
cora,GeneralSheaf,true,5,3,epoch-5,1,1,saliency,0.21711502590620924
cora,GeneralSheaf,true,5,3,epoch-5,2,1,saliency,0.21807844968403006
cora,GeneralSheaf,true,5,3,epoch-5,3,1,saliency,0.21835837786383927
cora,GeneralSheaf,true,5,3,epoch-5,0,1,cohens_d_train,1.6132034
cora,GeneralSheaf,true,5,3,epoch-5,1,1,cohens_d_train,1.6112013
cora,GeneralSheaf,true,5,3,epoch-5,2,1,cohens_d_train,1.6129407
cora,GeneralSheaf,true,5,3,epoch-5,3,1,cohens_d_train,1.6126902
cora,GeneralSheaf,true,5,3,epoch-5,0,1,cohens_d_test,1.2340012
cora,GeneralSheaf,true,5,3,epoch-5,1,1,cohens_d_test,1.2354015
cora,GeneralSheaf,true,5,3,epoch-5,2,1,cohens_d_test,1.234661
cora,GeneralSheaf,true,5,3,epoch-5,3,1,cohens_d_test,1.2245336
cora,GeneralSheaf,true,5,3,epoch-5,0,2,degree,-0.05680406157455491
cora,GeneralSheaf,true,5,3,epoch-5,1,2,degree,-0.05088693210616905
cora,GeneralSheaf,true,5,3,epoch-5,2,2,degree,-0.04915170136794409
cora,GeneralSheaf,true,5,3,epoch-5,3,2,degree,-0.04729466272407001
cora,GeneralSheaf,true,5,3,epoch-5,0,2,betweenness,-0.009355990730519029
cora,GeneralSheaf,true,5,3,epoch-5,1,2,betweenness,-0.004280760455595924
cora,GeneralSheaf,true,5,3,epoch-5,2,2,betweenness,-0.0031403527865099586
cora,GeneralSheaf,true,5,3,epoch-5,3,2,betweenness,-0.0017962898208118867
cora,GeneralSheaf,true,5,3,epoch-5,0,2,confidence,0.924648630204872
cora,GeneralSheaf,true,5,3,epoch-5,1,2,confidence,0.9242842527199556
cora,GeneralSheaf,true,5,3,epoch-5,2,2,confidence,0.9232259597747514
cora,GeneralSheaf,true,5,3,epoch-5,3,2,confidence,0.9219813605974823
cora,GeneralSheaf,true,5,3,epoch-5,0,2,saliency,0.35876496734723423
cora,GeneralSheaf,true,5,3,epoch-5,1,2,saliency,0.3579994775334346
cora,GeneralSheaf,true,5,3,epoch-5,2,2,saliency,0.3571707972941084
cora,GeneralSheaf,true,5,3,epoch-5,3,2,saliency,0.35594287990495765
cora,GeneralSheaf,true,5,3,epoch-5,0,2,cohens_d_train,1.7998486
cora,GeneralSheaf,true,5,3,epoch-5,1,2,cohens_d_train,1.8114742
cora,GeneralSheaf,true,5,3,epoch-5,2,2,cohens_d_train,1.8096973
cora,GeneralSheaf,true,5,3,epoch-5,3,2,cohens_d_train,1.8016
cora,GeneralSheaf,true,5,3,epoch-5,0,2,cohens_d_test,1.2312729
cora,GeneralSheaf,true,5,3,epoch-5,1,2,cohens_d_test,1.2411644
cora,GeneralSheaf,true,5,3,epoch-5,2,2,cohens_d_test,1.2422134
cora,GeneralSheaf,true,5,3,epoch-5,3,2,cohens_d_test,1.2358736
cora,GeneralSheaf,true,5,3,epoch-5,0,3,degree,-0.07037254313309806
cora,GeneralSheaf,true,5,3,epoch-5,1,3,degree,-0.0707120265027842
cora,GeneralSheaf,true,5,3,epoch-5,2,3,degree,-0.06890856970238143
cora,GeneralSheaf,true,5,3,epoch-5,3,3,degree,-0.06955312692490209
cora,GeneralSheaf,true,5,3,epoch-5,0,3,betweenness,-0.03036466182017901
cora,GeneralSheaf,true,5,3,epoch-5,1,3,betweenness,-0.03056817816214088
cora,GeneralSheaf,true,5,3,epoch-5,2,3,betweenness,-0.028867616249984882
cora,GeneralSheaf,true,5,3,epoch-5,3,3,betweenness,-0.02933644912006355
cora,GeneralSheaf,true,5,3,epoch-5,0,3,confidence,0.8936867077772555
cora,GeneralSheaf,true,5,3,epoch-5,1,3,confidence,0.8940063026624966
cora,GeneralSheaf,true,5,3,epoch-5,2,3,confidence,0.8931278624766422
cora,GeneralSheaf,true,5,3,epoch-5,3,3,confidence,0.8937288025803445
cora,GeneralSheaf,true,5,3,epoch-5,0,3,saliency,0.299064704385426
cora,GeneralSheaf,true,5,3,epoch-5,1,3,saliency,0.299153392540883
cora,GeneralSheaf,true,5,3,epoch-5,2,3,saliency,0.2991087844267098
cora,GeneralSheaf,true,5,3,epoch-5,3,3,saliency,0.29918899083241757
cora,GeneralSheaf,true,5,3,epoch-5,0,3,cohens_d_train,1.800113
cora,GeneralSheaf,true,5,3,epoch-5,1,3,cohens_d_train,1.796452
cora,GeneralSheaf,true,5,3,epoch-5,2,3,cohens_d_train,1.7928243
cora,GeneralSheaf,true,5,3,epoch-5,3,3,cohens_d_train,1.7882911
cora,GeneralSheaf,true,5,3,epoch-5,0,3,cohens_d_test,1.2086556
cora,GeneralSheaf,true,5,3,epoch-5,1,3,cohens_d_test,1.2060155
cora,GeneralSheaf,true,5,3,epoch-5,2,3,cohens_d_test,1.2100894
cora,GeneralSheaf,true,5,3,epoch-5,3,3,cohens_d_test,1.204921
cora,GeneralSheaf,true,5,3,epoch-5,0,4,degree,-0.07132496188708035
cora,GeneralSheaf,true,5,3,epoch-5,1,4,degree,-0.0715248149771299
cora,GeneralSheaf,true,5,3,epoch-5,2,4,degree,-0.06991944977155118
cora,GeneralSheaf,true,5,3,epoch-5,3,4,degree,-0.07274129623129319
cora,GeneralSheaf,true,5,3,epoch-5,0,4,betweenness,-0.02025246789422669
cora,GeneralSheaf,true,5,3,epoch-5,1,4,betweenness,-0.020614980095911162
cora,GeneralSheaf,true,5,3,epoch-5,2,4,betweenness,-0.019279231313286765
cora,GeneralSheaf,true,5,3,epoch-5,3,4,betweenness,-0.022011167123588558
cora,GeneralSheaf,true,5,3,epoch-5,0,4,confidence,0.9378016320392526
cora,GeneralSheaf,true,5,3,epoch-5,1,4,confidence,0.9374998849987282
cora,GeneralSheaf,true,5,3,epoch-5,2,4,confidence,0.9367526439731279
cora,GeneralSheaf,true,5,3,epoch-5,3,4,confidence,0.9367386126658379
cora,GeneralSheaf,true,5,3,epoch-5,0,4,saliency,0.25348543414732033
cora,GeneralSheaf,true,5,3,epoch-5,1,4,saliency,0.2519722714279488
cora,GeneralSheaf,true,5,3,epoch-5,2,4,saliency,0.25087188758932366
cora,GeneralSheaf,true,5,3,epoch-5,3,4,saliency,0.24849095615798997
cora,GeneralSheaf,true,5,3,epoch-5,0,4,cohens_d_train,1.9313838
cora,GeneralSheaf,true,5,3,epoch-5,1,4,cohens_d_train,1.9288745
cora,GeneralSheaf,true,5,3,epoch-5,2,4,cohens_d_train,1.9332749
cora,GeneralSheaf,true,5,3,epoch-5,3,4,cohens_d_train,1.9229178
cora,GeneralSheaf,true,5,3,epoch-5,0,4,cohens_d_test,1.3818854
cora,GeneralSheaf,true,5,3,epoch-5,1,4,cohens_d_test,1.3774464
cora,GeneralSheaf,true,5,3,epoch-5,2,4,cohens_d_test,1.3761947
cora,GeneralSheaf,true,5,3,epoch-5,3,4,cohens_d_test,1.359078
cora,GeneralSheaf,true,5,3,epoch-5,0,5,degree,-0.06978028003705872
cora,GeneralSheaf,true,5,3,epoch-5,1,5,degree,-0.06828397744252201
cora,GeneralSheaf,true,5,3,epoch-5,2,5,degree,-0.06288302738702785
cora,GeneralSheaf,true,5,3,epoch-5,3,5,degree,-0.06332252806013731
cora,GeneralSheaf,true,5,3,epoch-5,0,5,betweenness,0.0038148272260923924
cora,GeneralSheaf,true,5,3,epoch-5,1,5,betweenness,0.0050245742565310164
cora,GeneralSheaf,true,5,3,epoch-5,2,5,betweenness,0.010081149631137808
cora,GeneralSheaf,true,5,3,epoch-5,3,5,betweenness,0.009615808401202068
cora,GeneralSheaf,true,5,3,epoch-5,0,5,confidence,0.955716008341293
cora,GeneralSheaf,true,5,3,epoch-5,1,5,confidence,0.9558846874481105
cora,GeneralSheaf,true,5,3,epoch-5,2,5,confidence,0.9569097373254603
cora,GeneralSheaf,true,5,3,epoch-5,3,5,confidence,0.9572271927640921
cora,GeneralSheaf,true,5,3,epoch-5,0,5,saliency,0.3117275373672909
cora,GeneralSheaf,true,5,3,epoch-5,1,5,saliency,0.31227836486069127
cora,GeneralSheaf,true,5,3,epoch-5,2,5,saliency,0.31259965423680675
cora,GeneralSheaf,true,5,3,epoch-5,3,5,saliency,0.313886432200142
cora,GeneralSheaf,true,5,3,epoch-5,0,5,cohens_d_train,2.0350666
cora,GeneralSheaf,true,5,3,epoch-5,1,5,cohens_d_train,2.0340316
cora,GeneralSheaf,true,5,3,epoch-5,2,5,cohens_d_train,2.0047426
cora,GeneralSheaf,true,5,3,epoch-5,3,5,cohens_d_train,2.0087295
cora,GeneralSheaf,true,5,3,epoch-5,0,5,cohens_d_test,1.419465
cora,GeneralSheaf,true,5,3,epoch-5,1,5,cohens_d_test,1.423453
cora,GeneralSheaf,true,5,3,epoch-5,2,5,cohens_d_test,1.4242756
cora,GeneralSheaf,true,5,3,epoch-5,3,5,cohens_d_test,1.4262269
cora,GeneralSheaf,true,5,3,epoch-5,0,6,degree,-0.06296861255155303
cora,GeneralSheaf,true,5,3,epoch-5,1,6,degree,-0.05963443928914481
cora,GeneralSheaf,true,5,3,epoch-5,2,6,degree,-0.057787257938656134
cora,GeneralSheaf,true,5,3,epoch-5,3,6,degree,-0.05626147727391651
cora,GeneralSheaf,true,5,3,epoch-5,0,6,betweenness,-0.01875932474466965
cora,GeneralSheaf,true,5,3,epoch-5,1,6,betweenness,-0.015562380890499107
cora,GeneralSheaf,true,5,3,epoch-5,2,6,betweenness,-0.014082561184259367
cora,GeneralSheaf,true,5,3,epoch-5,3,6,betweenness,-0.0128621240558278
cora,GeneralSheaf,true,5,3,epoch-5,0,6,confidence,0.934053053979925
cora,GeneralSheaf,true,5,3,epoch-5,1,6,confidence,0.934799894814587
cora,GeneralSheaf,true,5,3,epoch-5,2,6,confidence,0.9332991033954883
cora,GeneralSheaf,true,5,3,epoch-5,3,6,confidence,0.9323355682487904
cora,GeneralSheaf,true,5,3,epoch-5,0,6,saliency,0.2966062476069895
cora,GeneralSheaf,true,5,3,epoch-5,1,6,saliency,0.29609278421362206
cora,GeneralSheaf,true,5,3,epoch-5,2,6,saliency,0.29485692603447944
cora,GeneralSheaf,true,5,3,epoch-5,3,6,saliency,0.2934365045397626
cora,GeneralSheaf,true,5,3,epoch-5,0,6,cohens_d_train,1.9150869
cora,GeneralSheaf,true,5,3,epoch-5,1,6,cohens_d_train,1.9015927
cora,GeneralSheaf,true,5,3,epoch-5,2,6,cohens_d_train,1.8825828
cora,GeneralSheaf,true,5,3,epoch-5,3,6,cohens_d_train,1.8441656
cora,GeneralSheaf,true,5,3,epoch-5,0,6,cohens_d_test,1.095897
cora,GeneralSheaf,true,5,3,epoch-5,1,6,cohens_d_test,1.0982498
cora,GeneralSheaf,true,5,3,epoch-5,2,6,cohens_d_test,1.1031247
cora,GeneralSheaf,true,5,3,epoch-5,3,6,cohens_d_test,1.1040281
cora,GeneralSheaf,true,5,3,epoch-5,0,7,degree,-0.06629308205669034
cora,GeneralSheaf,true,5,3,epoch-5,1,7,degree,-0.06608019729154752
cora,GeneralSheaf,true,5,3,epoch-5,2,7,degree,-0.06601354102874575
cora,GeneralSheaf,true,5,3,epoch-5,3,7,degree,-0.06469322984575662
cora,GeneralSheaf,true,5,3,epoch-5,0,7,betweenness,-0.026539948302564044
cora,GeneralSheaf,true,5,3,epoch-5,1,7,betweenness,-0.025894573191850213
cora,GeneralSheaf,true,5,3,epoch-5,2,7,betweenness,-0.025331205883545167
cora,GeneralSheaf,true,5,3,epoch-5,3,7,betweenness,-0.023641858113881357
cora,GeneralSheaf,true,5,3,epoch-5,0,7,confidence,0.8417053649408361
cora,GeneralSheaf,true,5,3,epoch-5,1,7,confidence,0.8432947264221897
cora,GeneralSheaf,true,5,3,epoch-5,2,7,confidence,0.8448682349636778
cora,GeneralSheaf,true,5,3,epoch-5,3,7,confidence,0.8470213319515704
cora,GeneralSheaf,true,5,3,epoch-5,0,7,saliency,0.41434085512562785
cora,GeneralSheaf,true,5,3,epoch-5,1,7,saliency,0.4136062513914061
cora,GeneralSheaf,true,5,3,epoch-5,2,7,saliency,0.41238120475833284
cora,GeneralSheaf,true,5,3,epoch-5,3,7,saliency,0.41086070418031134
cora,GeneralSheaf,true,5,3,epoch-5,0,7,cohens_d_train,1.9143506
cora,GeneralSheaf,true,5,3,epoch-5,1,7,cohens_d_train,1.9170125
cora,GeneralSheaf,true,5,3,epoch-5,2,7,cohens_d_train,1.9178569
cora,GeneralSheaf,true,5,3,epoch-5,3,7,cohens_d_train,1.9107109
cora,GeneralSheaf,true,5,3,epoch-5,0,7,cohens_d_test,1.3284047
cora,GeneralSheaf,true,5,3,epoch-5,1,7,cohens_d_test,1.3302778
cora,GeneralSheaf,true,5,3,epoch-5,2,7,cohens_d_test,1.3298011
cora,GeneralSheaf,true,5,3,epoch-5,3,7,cohens_d_test,1.3274354
cora,GeneralSheaf,true,5,3,epoch-5,0,8,degree,-0.061739290480069674
cora,GeneralSheaf,true,5,3,epoch-5,1,8,degree,-0.06158638515588403
cora,GeneralSheaf,true,5,3,epoch-5,2,8,degree,-0.061961252868243166
cora,GeneralSheaf,true,5,3,epoch-5,3,8,degree,-0.06139530660757293
cora,GeneralSheaf,true,5,3,epoch-5,0,8,betweenness,0.0034916933903273964
cora,GeneralSheaf,true,5,3,epoch-5,1,8,betweenness,0.0038141458559191907
cora,GeneralSheaf,true,5,3,epoch-5,2,8,betweenness,0.003425243268209703
cora,GeneralSheaf,true,5,3,epoch-5,3,8,betweenness,0.0038282841339650304
cora,GeneralSheaf,true,5,3,epoch-5,0,8,confidence,0.9155683147353778
cora,GeneralSheaf,true,5,3,epoch-5,1,8,confidence,0.9147340999660787
cora,GeneralSheaf,true,5,3,epoch-5,2,8,confidence,0.9148156935641303
cora,GeneralSheaf,true,5,3,epoch-5,3,8,confidence,0.9150732003074055
cora,GeneralSheaf,true,5,3,epoch-5,0,8,saliency,0.3043173335017721
cora,GeneralSheaf,true,5,3,epoch-5,1,8,saliency,0.3046681085153334
cora,GeneralSheaf,true,5,3,epoch-5,2,8,saliency,0.30479920251975623
cora,GeneralSheaf,true,5,3,epoch-5,3,8,saliency,0.3053611310356903
cora,GeneralSheaf,true,5,3,epoch-5,0,8,cohens_d_train,1.8925627
cora,GeneralSheaf,true,5,3,epoch-5,1,8,cohens_d_train,1.8850033
cora,GeneralSheaf,true,5,3,epoch-5,2,8,cohens_d_train,1.8804772
cora,GeneralSheaf,true,5,3,epoch-5,3,8,cohens_d_train,1.8768444
cora,GeneralSheaf,true,5,3,epoch-5,0,8,cohens_d_test,1.3126135
cora,GeneralSheaf,true,5,3,epoch-5,1,8,cohens_d_test,1.3145021
cora,GeneralSheaf,true,5,3,epoch-5,2,8,cohens_d_test,1.3118076
cora,GeneralSheaf,true,5,3,epoch-5,3,8,cohens_d_test,1.3134346
cora,GeneralSheaf,true,5,3,epoch-5,0,9,degree,-0.07072929811958448
cora,GeneralSheaf,true,5,3,epoch-5,1,9,degree,-0.07129634024538953
cora,GeneralSheaf,true,5,3,epoch-5,2,9,degree,-0.07146479632903915
cora,GeneralSheaf,true,5,3,epoch-5,3,9,degree,-0.07128858337325159
cora,GeneralSheaf,true,5,3,epoch-5,0,9,betweenness,-0.040346596967342815
cora,GeneralSheaf,true,5,3,epoch-5,1,9,betweenness,-0.040826806365141646
cora,GeneralSheaf,true,5,3,epoch-5,2,9,betweenness,-0.041012942561011186
cora,GeneralSheaf,true,5,3,epoch-5,3,9,betweenness,-0.040593786618166844
cora,GeneralSheaf,true,5,3,epoch-5,0,9,confidence,0.8883071840636724
cora,GeneralSheaf,true,5,3,epoch-5,1,9,confidence,0.8874017041755433
cora,GeneralSheaf,true,5,3,epoch-5,2,9,confidence,0.8866868545914204
cora,GeneralSheaf,true,5,3,epoch-5,3,9,confidence,0.8863079082271658
cora,GeneralSheaf,true,5,3,epoch-5,0,9,saliency,0.1727528197924306
cora,GeneralSheaf,true,5,3,epoch-5,1,9,saliency,0.17166792603224873
cora,GeneralSheaf,true,5,3,epoch-5,2,9,saliency,0.17090447574872863
cora,GeneralSheaf,true,5,3,epoch-5,3,9,saliency,0.17024915534168886
cora,GeneralSheaf,true,5,3,epoch-5,0,9,cohens_d_train,1.7043515
cora,GeneralSheaf,true,5,3,epoch-5,1,9,cohens_d_train,1.6986511
cora,GeneralSheaf,true,5,3,epoch-5,2,9,cohens_d_train,1.6965275
cora,GeneralSheaf,true,5,3,epoch-5,3,9,cohens_d_train,1.6929379
cora,GeneralSheaf,true,5,3,epoch-5,0,9,cohens_d_test,1.1652839
cora,GeneralSheaf,true,5,3,epoch-5,1,9,cohens_d_test,1.1636875
cora,GeneralSheaf,true,5,3,epoch-5,2,9,cohens_d_test,1.1635386
cora,GeneralSheaf,true,5,3,epoch-5,3,9,cohens_d_test,1.1489332
cora,GeneralSheaf,true,5,3,epoch-15,0,0,degree,-0.05029198408360388
cora,GeneralSheaf,true,5,3,epoch-15,1,0,degree,-0.0259102603652383
cora,GeneralSheaf,true,5,3,epoch-15,2,0,degree,-0.019815801471128477
cora,GeneralSheaf,true,5,3,epoch-15,3,0,degree,-0.003668352050554136
cora,GeneralSheaf,true,5,3,epoch-15,0,0,betweenness,-0.022470704918536193
cora,GeneralSheaf,true,5,3,epoch-15,1,0,betweenness,-0.0024111506393071267
cora,GeneralSheaf,true,5,3,epoch-15,2,0,betweenness,0.0033871603025925974
cora,GeneralSheaf,true,5,3,epoch-15,3,0,betweenness,0.016590789905032485
cora,GeneralSheaf,true,5,3,epoch-15,0,0,confidence,0.8444179651718955
cora,GeneralSheaf,true,5,3,epoch-15,1,0,confidence,0.8456704755869808
cora,GeneralSheaf,true,5,3,epoch-15,2,0,confidence,0.8452442033243919
cora,GeneralSheaf,true,5,3,epoch-15,3,0,confidence,0.8431790353900137
cora,GeneralSheaf,true,5,3,epoch-15,0,0,saliency,0.0418876366190687
cora,GeneralSheaf,true,5,3,epoch-15,1,0,saliency,0.041937864700508413
cora,GeneralSheaf,true,5,3,epoch-15,2,0,saliency,0.0462131495089642
cora,GeneralSheaf,true,5,3,epoch-15,3,0,saliency,0.04632982516563259
cora,GeneralSheaf,true,5,3,epoch-15,0,0,cohens_d_train,1.1603564
cora,GeneralSheaf,true,5,3,epoch-15,1,0,cohens_d_train,1.1510493
cora,GeneralSheaf,true,5,3,epoch-15,2,0,cohens_d_train,1.141009
cora,GeneralSheaf,true,5,3,epoch-15,3,0,cohens_d_train,1.1090196
cora,GeneralSheaf,true,5,3,epoch-15,0,0,cohens_d_test,0.8458873
cora,GeneralSheaf,true,5,3,epoch-15,1,0,cohens_d_test,0.80097383
cora,GeneralSheaf,true,5,3,epoch-15,2,0,cohens_d_test,0.7363849
cora,GeneralSheaf,true,5,3,epoch-15,3,0,cohens_d_test,0.6013999
cora,GeneralSheaf,true,5,3,epoch-15,0,1,degree,-0.057727566696568505
cora,GeneralSheaf,true,5,3,epoch-15,1,1,degree,-0.04276741263083027
cora,GeneralSheaf,true,5,3,epoch-15,2,1,degree,-0.03929286510171824
cora,GeneralSheaf,true,5,3,epoch-15,3,1,degree,-0.022363521189598033
cora,GeneralSheaf,true,5,3,epoch-15,0,1,betweenness,-0.030631853511804544
cora,GeneralSheaf,true,5,3,epoch-15,1,1,betweenness,-0.01737754917985563
cora,GeneralSheaf,true,5,3,epoch-15,2,1,betweenness,-0.011750353814248809
cora,GeneralSheaf,true,5,3,epoch-15,3,1,betweenness,0.0044609957190793375
cora,GeneralSheaf,true,5,3,epoch-15,0,1,confidence,0.8680072472981025
cora,GeneralSheaf,true,5,3,epoch-15,1,1,confidence,0.8699332216176212
cora,GeneralSheaf,true,5,3,epoch-15,2,1,confidence,0.8775273343160689
cora,GeneralSheaf,true,5,3,epoch-15,3,1,confidence,0.8787359683732808
cora,GeneralSheaf,true,5,3,epoch-15,0,1,saliency,-0.10801855823707716
cora,GeneralSheaf,true,5,3,epoch-15,1,1,saliency,-0.10565345917483648
cora,GeneralSheaf,true,5,3,epoch-15,2,1,saliency,-0.08805802847816363
cora,GeneralSheaf,true,5,3,epoch-15,3,1,saliency,-0.07728037761579375
cora,GeneralSheaf,true,5,3,epoch-15,0,1,cohens_d_train,1.0345786
cora,GeneralSheaf,true,5,3,epoch-15,1,1,cohens_d_train,1.0450184
cora,GeneralSheaf,true,5,3,epoch-15,2,1,cohens_d_train,1.0309099
cora,GeneralSheaf,true,5,3,epoch-15,3,1,cohens_d_train,0.9872889
cora,GeneralSheaf,true,5,3,epoch-15,0,1,cohens_d_test,0.9777456
cora,GeneralSheaf,true,5,3,epoch-15,1,1,cohens_d_test,0.9556941
cora,GeneralSheaf,true,5,3,epoch-15,2,1,cohens_d_test,0.9236335
cora,GeneralSheaf,true,5,3,epoch-15,3,1,cohens_d_test,0.8907767
cora,GeneralSheaf,true,5,3,epoch-15,0,2,degree,-0.06427334215931692
cora,GeneralSheaf,true,5,3,epoch-15,1,2,degree,-0.054629588453848944
cora,GeneralSheaf,true,5,3,epoch-15,2,2,degree,-0.046428589901221784
cora,GeneralSheaf,true,5,3,epoch-15,3,2,degree,-0.020078334217550342
cora,GeneralSheaf,true,5,3,epoch-15,0,2,betweenness,-0.03717154525902648
cora,GeneralSheaf,true,5,3,epoch-15,1,2,betweenness,-0.028760577600448322
cora,GeneralSheaf,true,5,3,epoch-15,2,2,betweenness,-0.020907755258686527
cora,GeneralSheaf,true,5,3,epoch-15,3,2,betweenness,0.004564166673131396
cora,GeneralSheaf,true,5,3,epoch-15,0,2,confidence,0.9217123975493742
cora,GeneralSheaf,true,5,3,epoch-15,1,2,confidence,0.9232487976643878
cora,GeneralSheaf,true,5,3,epoch-15,2,2,confidence,0.9251542322045467
cora,GeneralSheaf,true,5,3,epoch-15,3,2,confidence,0.9242149711974847
cora,GeneralSheaf,true,5,3,epoch-15,0,2,saliency,-0.10918411168373013
cora,GeneralSheaf,true,5,3,epoch-15,1,2,saliency,-0.10754636474936105
cora,GeneralSheaf,true,5,3,epoch-15,2,2,saliency,-0.1024783664850925
cora,GeneralSheaf,true,5,3,epoch-15,3,2,saliency,-0.07725134878364133
cora,GeneralSheaf,true,5,3,epoch-15,0,2,cohens_d_train,1.3182814
cora,GeneralSheaf,true,5,3,epoch-15,1,2,cohens_d_train,1.3354543
cora,GeneralSheaf,true,5,3,epoch-15,2,2,cohens_d_train,1.3306857
cora,GeneralSheaf,true,5,3,epoch-15,3,2,cohens_d_train,1.2545732
cora,GeneralSheaf,true,5,3,epoch-15,0,2,cohens_d_test,1.130154
cora,GeneralSheaf,true,5,3,epoch-15,1,2,cohens_d_test,1.1386079
cora,GeneralSheaf,true,5,3,epoch-15,2,2,cohens_d_test,1.1498865
cora,GeneralSheaf,true,5,3,epoch-15,3,2,cohens_d_test,1.1893996
cora,GeneralSheaf,true,5,3,epoch-15,0,3,degree,-0.06377909803981133
cora,GeneralSheaf,true,5,3,epoch-15,1,3,degree,-0.06300383079317946
cora,GeneralSheaf,true,5,3,epoch-15,2,3,degree,-0.05017222385465779
cora,GeneralSheaf,true,5,3,epoch-15,3,3,degree,-0.04006666620383916
cora,GeneralSheaf,true,5,3,epoch-15,0,3,betweenness,-0.028742926120481297
cora,GeneralSheaf,true,5,3,epoch-15,1,3,betweenness,-0.024861752233826567
cora,GeneralSheaf,true,5,3,epoch-15,2,3,betweenness,-0.012695659122084525
cora,GeneralSheaf,true,5,3,epoch-15,3,3,betweenness,-0.0011817995263491328
cora,GeneralSheaf,true,5,3,epoch-15,0,3,confidence,0.8601360355504354
cora,GeneralSheaf,true,5,3,epoch-15,1,3,confidence,0.864504508830576
cora,GeneralSheaf,true,5,3,epoch-15,2,3,confidence,0.8648464636325092
cora,GeneralSheaf,true,5,3,epoch-15,3,3,confidence,0.869289101661738
cora,GeneralSheaf,true,5,3,epoch-15,0,3,saliency,0.06837854090994612
cora,GeneralSheaf,true,5,3,epoch-15,1,3,saliency,0.07959596588512984
cora,GeneralSheaf,true,5,3,epoch-15,2,3,saliency,0.08138358473544285
cora,GeneralSheaf,true,5,3,epoch-15,3,3,saliency,0.09374958697188535
cora,GeneralSheaf,true,5,3,epoch-15,0,3,cohens_d_train,1.0138712
cora,GeneralSheaf,true,5,3,epoch-15,1,3,cohens_d_train,0.985399
cora,GeneralSheaf,true,5,3,epoch-15,2,3,cohens_d_train,0.95556664
cora,GeneralSheaf,true,5,3,epoch-15,3,3,cohens_d_train,0.8822695
cora,GeneralSheaf,true,5,3,epoch-15,0,3,cohens_d_test,0.73704463
cora,GeneralSheaf,true,5,3,epoch-15,1,3,cohens_d_test,0.7158691
cora,GeneralSheaf,true,5,3,epoch-15,2,3,cohens_d_test,0.72619617
cora,GeneralSheaf,true,5,3,epoch-15,3,3,cohens_d_test,0.7175626
cora,GeneralSheaf,true,5,3,epoch-15,0,4,degree,-0.04832796109629148
cora,GeneralSheaf,true,5,3,epoch-15,1,4,degree,-0.04857109112684398
cora,GeneralSheaf,true,5,3,epoch-15,2,4,degree,-0.05448215105704829
cora,GeneralSheaf,true,5,3,epoch-15,3,4,degree,-0.058861414840975325
cora,GeneralSheaf,true,5,3,epoch-15,0,4,betweenness,-0.02821776817103533
cora,GeneralSheaf,true,5,3,epoch-15,1,4,betweenness,-0.027509194590134265
cora,GeneralSheaf,true,5,3,epoch-15,2,4,betweenness,-0.0305090014624145
cora,GeneralSheaf,true,5,3,epoch-15,3,4,betweenness,-0.02821176833225618
cora,GeneralSheaf,true,5,3,epoch-15,0,4,confidence,0.8638316890885342
cora,GeneralSheaf,true,5,3,epoch-15,1,4,confidence,0.8682142010223102
cora,GeneralSheaf,true,5,3,epoch-15,2,4,confidence,0.872022418614499
cora,GeneralSheaf,true,5,3,epoch-15,3,4,confidence,0.8799779948673963
cora,GeneralSheaf,true,5,3,epoch-15,0,4,saliency,0.021041193133297387
cora,GeneralSheaf,true,5,3,epoch-15,1,4,saliency,0.028512255523337197
cora,GeneralSheaf,true,5,3,epoch-15,2,4,saliency,0.03867251686743735
cora,GeneralSheaf,true,5,3,epoch-15,3,4,saliency,0.06025494443605564
cora,GeneralSheaf,true,5,3,epoch-15,0,4,cohens_d_train,1.1055099
cora,GeneralSheaf,true,5,3,epoch-15,1,4,cohens_d_train,1.1176826
cora,GeneralSheaf,true,5,3,epoch-15,2,4,cohens_d_train,1.122606
cora,GeneralSheaf,true,5,3,epoch-15,3,4,cohens_d_train,1.0898699
cora,GeneralSheaf,true,5,3,epoch-15,0,4,cohens_d_test,0.7856806
cora,GeneralSheaf,true,5,3,epoch-15,1,4,cohens_d_test,0.7828004
cora,GeneralSheaf,true,5,3,epoch-15,2,4,cohens_d_test,0.7200751
cora,GeneralSheaf,true,5,3,epoch-15,3,4,cohens_d_test,0.51583993
cora,GeneralSheaf,true,5,3,epoch-15,0,5,degree,-0.07034978823518824
cora,GeneralSheaf,true,5,3,epoch-15,1,5,degree,-0.06232124969467399
cora,GeneralSheaf,true,5,3,epoch-15,2,5,degree,-0.07215230604775597
cora,GeneralSheaf,true,5,3,epoch-15,3,5,degree,-0.0741721746404194
cora,GeneralSheaf,true,5,3,epoch-15,0,5,betweenness,-0.03569590377271885
cora,GeneralSheaf,true,5,3,epoch-15,1,5,betweenness,-0.028919381068505005
cora,GeneralSheaf,true,5,3,epoch-15,2,5,betweenness,-0.03485154284876797
cora,GeneralSheaf,true,5,3,epoch-15,3,5,betweenness,-0.03453379591183104
cora,GeneralSheaf,true,5,3,epoch-15,0,5,confidence,0.894902025793271
cora,GeneralSheaf,true,5,3,epoch-15,1,5,confidence,0.8935981772163872
cora,GeneralSheaf,true,5,3,epoch-15,2,5,confidence,0.9011487032338263
cora,GeneralSheaf,true,5,3,epoch-15,3,5,confidence,0.903380774754994
cora,GeneralSheaf,true,5,3,epoch-15,0,5,saliency,0.1274426357583059
cora,GeneralSheaf,true,5,3,epoch-15,1,5,saliency,0.12618909696832362
cora,GeneralSheaf,true,5,3,epoch-15,2,5,saliency,0.13489151585946818
cora,GeneralSheaf,true,5,3,epoch-15,3,5,saliency,0.1389426505923059
cora,GeneralSheaf,true,5,3,epoch-15,0,5,cohens_d_train,1.2360396
cora,GeneralSheaf,true,5,3,epoch-15,1,5,cohens_d_train,1.2253876
cora,GeneralSheaf,true,5,3,epoch-15,2,5,cohens_d_train,1.204128
cora,GeneralSheaf,true,5,3,epoch-15,3,5,cohens_d_train,1.1796203
cora,GeneralSheaf,true,5,3,epoch-15,0,5,cohens_d_test,1.0962578
cora,GeneralSheaf,true,5,3,epoch-15,1,5,cohens_d_test,1.0754777
cora,GeneralSheaf,true,5,3,epoch-15,2,5,cohens_d_test,1.0470845
cora,GeneralSheaf,true,5,3,epoch-15,3,5,cohens_d_test,1.0127519
cora,GeneralSheaf,true,5,3,epoch-15,0,6,degree,-0.0605326101956515
cora,GeneralSheaf,true,5,3,epoch-15,1,6,degree,-0.037622629586320865
cora,GeneralSheaf,true,5,3,epoch-15,2,6,degree,-0.020510207352495136
cora,GeneralSheaf,true,5,3,epoch-15,3,6,degree,0.04910669268758287
cora,GeneralSheaf,true,5,3,epoch-15,0,6,betweenness,-0.03427094171833691
cora,GeneralSheaf,true,5,3,epoch-15,1,6,betweenness,-0.012639613509854519
cora,GeneralSheaf,true,5,3,epoch-15,2,6,betweenness,0.0018603034140610084
cora,GeneralSheaf,true,5,3,epoch-15,3,6,betweenness,0.06737399707390912
cora,GeneralSheaf,true,5,3,epoch-15,0,6,confidence,0.8927852068882984
cora,GeneralSheaf,true,5,3,epoch-15,1,6,confidence,0.8936373108356586
cora,GeneralSheaf,true,5,3,epoch-15,2,6,confidence,0.9023627960039312
cora,GeneralSheaf,true,5,3,epoch-15,3,6,confidence,0.9102618293975439
cora,GeneralSheaf,true,5,3,epoch-15,0,6,saliency,-0.03221572186900507
cora,GeneralSheaf,true,5,3,epoch-15,1,6,saliency,-0.02998001829109179
cora,GeneralSheaf,true,5,3,epoch-15,2,6,saliency,-0.014302496077392372
cora,GeneralSheaf,true,5,3,epoch-15,3,6,saliency,0.05157061147329725
cora,GeneralSheaf,true,5,3,epoch-15,0,6,cohens_d_train,1.250023
cora,GeneralSheaf,true,5,3,epoch-15,1,6,cohens_d_train,1.2264208
cora,GeneralSheaf,true,5,3,epoch-15,2,6,cohens_d_train,1.1571262
cora,GeneralSheaf,true,5,3,epoch-15,3,6,cohens_d_train,1.00467
cora,GeneralSheaf,true,5,3,epoch-15,0,6,cohens_d_test,0.8113741
cora,GeneralSheaf,true,5,3,epoch-15,1,6,cohens_d_test,0.741514
cora,GeneralSheaf,true,5,3,epoch-15,2,6,cohens_d_test,0.61772096
cora,GeneralSheaf,true,5,3,epoch-15,3,6,cohens_d_test,0.46890086
cora,GeneralSheaf,true,5,3,epoch-15,0,7,degree,-0.05341173690530407
cora,GeneralSheaf,true,5,3,epoch-15,1,7,degree,-0.05094465049331634
cora,GeneralSheaf,true,5,3,epoch-15,2,7,degree,-0.04959104800693626
cora,GeneralSheaf,true,5,3,epoch-15,3,7,degree,-0.04377473024005815
cora,GeneralSheaf,true,5,3,epoch-15,0,7,betweenness,-0.02917090311771274
cora,GeneralSheaf,true,5,3,epoch-15,1,7,betweenness,-0.02617195589766338
cora,GeneralSheaf,true,5,3,epoch-15,2,7,betweenness,-0.023656512409390627
cora,GeneralSheaf,true,5,3,epoch-15,3,7,betweenness,-0.015024224837279134
cora,GeneralSheaf,true,5,3,epoch-15,0,7,confidence,0.8414609445805624
cora,GeneralSheaf,true,5,3,epoch-15,1,7,confidence,0.8447625268679056
cora,GeneralSheaf,true,5,3,epoch-15,2,7,confidence,0.8482192036075539
cora,GeneralSheaf,true,5,3,epoch-15,3,7,confidence,0.8526970533225386
cora,GeneralSheaf,true,5,3,epoch-15,0,7,saliency,-0.03361678737401895
cora,GeneralSheaf,true,5,3,epoch-15,1,7,saliency,-0.028833553297464322
cora,GeneralSheaf,true,5,3,epoch-15,2,7,saliency,-0.025231288658496647
cora,GeneralSheaf,true,5,3,epoch-15,3,7,saliency,-0.01722030386664602
cora,GeneralSheaf,true,5,3,epoch-15,0,7,cohens_d_train,1.2278088
cora,GeneralSheaf,true,5,3,epoch-15,1,7,cohens_d_train,1.2053504
cora,GeneralSheaf,true,5,3,epoch-15,2,7,cohens_d_train,1.190865
cora,GeneralSheaf,true,5,3,epoch-15,3,7,cohens_d_train,1.1392876
cora,GeneralSheaf,true,5,3,epoch-15,0,7,cohens_d_test,0.9941651
cora,GeneralSheaf,true,5,3,epoch-15,1,7,cohens_d_test,0.9588677
cora,GeneralSheaf,true,5,3,epoch-15,2,7,cohens_d_test,0.94883555
cora,GeneralSheaf,true,5,3,epoch-15,3,7,cohens_d_test,0.9119819
cora,GeneralSheaf,true,5,3,epoch-15,0,8,degree,-0.06771074884785817
cora,GeneralSheaf,true,5,3,epoch-15,1,8,degree,-0.06419910887511168
cora,GeneralSheaf,true,5,3,epoch-15,2,8,degree,-0.04316640386618089
cora,GeneralSheaf,true,5,3,epoch-15,3,8,degree,-0.0034176591836392167
cora,GeneralSheaf,true,5,3,epoch-15,0,8,betweenness,-0.036027911337738625
cora,GeneralSheaf,true,5,3,epoch-15,1,8,betweenness,-0.02863353617564821
cora,GeneralSheaf,true,5,3,epoch-15,2,8,betweenness,-0.007113950574295591
cora,GeneralSheaf,true,5,3,epoch-15,3,8,betweenness,0.03205516319586825
cora,GeneralSheaf,true,5,3,epoch-15,0,8,confidence,0.8567422317535054
cora,GeneralSheaf,true,5,3,epoch-15,1,8,confidence,0.859425088994937
cora,GeneralSheaf,true,5,3,epoch-15,2,8,confidence,0.8637475549475864
cora,GeneralSheaf,true,5,3,epoch-15,3,8,confidence,0.8732414229556983
cora,GeneralSheaf,true,5,3,epoch-15,0,8,saliency,0.013268097830336138
cora,GeneralSheaf,true,5,3,epoch-15,1,8,saliency,0.028104554805446675
cora,GeneralSheaf,true,5,3,epoch-15,2,8,saliency,0.04707958067524915
cora,GeneralSheaf,true,5,3,epoch-15,3,8,saliency,0.12088320361124054
cora,GeneralSheaf,true,5,3,epoch-15,0,8,cohens_d_train,1.1897628
cora,GeneralSheaf,true,5,3,epoch-15,1,8,cohens_d_train,1.1863105
cora,GeneralSheaf,true,5,3,epoch-15,2,8,cohens_d_train,1.0970448
cora,GeneralSheaf,true,5,3,epoch-15,3,8,cohens_d_train,0.95737463
cora,GeneralSheaf,true,5,3,epoch-15,0,8,cohens_d_test,0.99576813
cora,GeneralSheaf,true,5,3,epoch-15,1,8,cohens_d_test,0.93312997
cora,GeneralSheaf,true,5,3,epoch-15,2,8,cohens_d_test,0.78593004
cora,GeneralSheaf,true,5,3,epoch-15,3,8,cohens_d_test,0.6317804
cora,GeneralSheaf,true,5,3,epoch-15,0,9,degree,-0.050048056117565846
cora,GeneralSheaf,true,5,3,epoch-15,1,9,degree,-0.051447457554689664
cora,GeneralSheaf,true,5,3,epoch-15,2,9,degree,-0.029682021162575
cora,GeneralSheaf,true,5,3,epoch-15,3,9,degree,-0.014195550757697272
cora,GeneralSheaf,true,5,3,epoch-15,0,9,betweenness,-0.03599388125502853
cora,GeneralSheaf,true,5,3,epoch-15,1,9,betweenness,-0.0339854389834614
cora,GeneralSheaf,true,5,3,epoch-15,2,9,betweenness,-0.01437005805039535
cora,GeneralSheaf,true,5,3,epoch-15,3,9,betweenness,-0.0020461325881079113
cora,GeneralSheaf,true,5,3,epoch-15,0,9,confidence,0.8941231149033095
cora,GeneralSheaf,true,5,3,epoch-15,1,9,confidence,0.8997690060518018
cora,GeneralSheaf,true,5,3,epoch-15,2,9,confidence,0.8989368647227324
cora,GeneralSheaf,true,5,3,epoch-15,3,9,confidence,0.8961151901572377
cora,GeneralSheaf,true,5,3,epoch-15,0,9,saliency,-0.058023586116426586
cora,GeneralSheaf,true,5,3,epoch-15,1,9,saliency,-0.03729598426955708
cora,GeneralSheaf,true,5,3,epoch-15,2,9,saliency,-0.027795498260129694
cora,GeneralSheaf,true,5,3,epoch-15,3,9,saliency,-0.01865121972434397
cora,GeneralSheaf,true,5,3,epoch-15,0,9,cohens_d_train,1.0060904
cora,GeneralSheaf,true,5,3,epoch-15,1,9,cohens_d_train,0.9616477
cora,GeneralSheaf,true,5,3,epoch-15,2,9,cohens_d_train,0.9086894
cora,GeneralSheaf,true,5,3,epoch-15,3,9,cohens_d_train,0.84779966
cora,GeneralSheaf,true,5,3,epoch-15,0,9,cohens_d_test,0.8990779
cora,GeneralSheaf,true,5,3,epoch-15,1,9,cohens_d_test,0.8319172
cora,GeneralSheaf,true,5,3,epoch-15,2,9,cohens_d_test,0.67343944
cora,GeneralSheaf,true,5,3,epoch-15,3,9,cohens_d_test,0.5164799
cora,GeneralSheaf,true,5,3,epoch-50,0,0,degree,0.03513946252868353
cora,GeneralSheaf,true,5,3,epoch-50,1,0,degree,0.0708303744073049
cora,GeneralSheaf,true,5,3,epoch-50,2,0,degree,0.3184091277394188
cora,GeneralSheaf,true,5,3,epoch-50,3,0,degree,0.5312554080137656
cora,GeneralSheaf,true,5,3,epoch-50,0,0,betweenness,0.02284774811348098
cora,GeneralSheaf,true,5,3,epoch-50,1,0,betweenness,0.05336973539709793
cora,GeneralSheaf,true,5,3,epoch-50,2,0,betweenness,0.26419836476778774
cora,GeneralSheaf,true,5,3,epoch-50,3,0,betweenness,0.450553683862311
cora,GeneralSheaf,true,5,3,epoch-50,0,0,confidence,0.5678392913600157
cora,GeneralSheaf,true,5,3,epoch-50,1,0,confidence,0.594000232080321
cora,GeneralSheaf,true,5,3,epoch-50,2,0,confidence,0.7633929306694265
cora,GeneralSheaf,true,5,3,epoch-50,3,0,confidence,0.8201347991640513
cora,GeneralSheaf,true,5,3,epoch-50,0,0,saliency,-0.17533445108473003
cora,GeneralSheaf,true,5,3,epoch-50,1,0,saliency,-0.16547728060852052
cora,GeneralSheaf,true,5,3,epoch-50,2,0,saliency,-0.14150948490581405
cora,GeneralSheaf,true,5,3,epoch-50,3,0,saliency,-0.10047355329294949
cora,GeneralSheaf,true,5,3,epoch-50,0,0,cohens_d_train,0.20245871
cora,GeneralSheaf,true,5,3,epoch-50,1,0,cohens_d_train,0.20307001
cora,GeneralSheaf,true,5,3,epoch-50,2,0,cohens_d_train,0.31676507
cora,GeneralSheaf,true,5,3,epoch-50,3,0,cohens_d_train,0.6502225
cora,GeneralSheaf,true,5,3,epoch-50,0,0,cohens_d_test,0.22692098
cora,GeneralSheaf,true,5,3,epoch-50,1,0,cohens_d_test,0.21320231
cora,GeneralSheaf,true,5,3,epoch-50,2,0,cohens_d_test,0.15415412
cora,GeneralSheaf,true,5,3,epoch-50,3,0,cohens_d_test,0.13016927
cora,GeneralSheaf,true,5,3,epoch-50,0,1,degree,0.05470178018067222
cora,GeneralSheaf,true,5,3,epoch-50,1,1,degree,0.12059502762403705
cora,GeneralSheaf,true,5,3,epoch-50,2,1,degree,0.37801532114308645
cora,GeneralSheaf,true,5,3,epoch-50,3,1,degree,0.48619562663841887
cora,GeneralSheaf,true,5,3,epoch-50,0,1,betweenness,0.025589288756369757
cora,GeneralSheaf,true,5,3,epoch-50,1,1,betweenness,0.08198789630289488
cora,GeneralSheaf,true,5,3,epoch-50,2,1,betweenness,0.3104633998072812
cora,GeneralSheaf,true,5,3,epoch-50,3,1,betweenness,0.41321512427157375
cora,GeneralSheaf,true,5,3,epoch-50,0,1,confidence,0.5776606576005417
cora,GeneralSheaf,true,5,3,epoch-50,1,1,confidence,0.64063458822909
cora,GeneralSheaf,true,5,3,epoch-50,2,1,confidence,0.8035303000184353
cora,GeneralSheaf,true,5,3,epoch-50,3,1,confidence,0.8527210439342156
cora,GeneralSheaf,true,5,3,epoch-50,0,1,saliency,-0.19368631135294007
cora,GeneralSheaf,true,5,3,epoch-50,1,1,saliency,-0.18295945937911878
cora,GeneralSheaf,true,5,3,epoch-50,2,1,saliency,-0.16362322563606507
cora,GeneralSheaf,true,5,3,epoch-50,3,1,saliency,-0.1656639367321147
cora,GeneralSheaf,true,5,3,epoch-50,0,1,cohens_d_train,0.6360217
cora,GeneralSheaf,true,5,3,epoch-50,1,1,cohens_d_train,0.7141178
cora,GeneralSheaf,true,5,3,epoch-50,2,1,cohens_d_train,0.8374011
cora,GeneralSheaf,true,5,3,epoch-50,3,1,cohens_d_train,0.8884384
cora,GeneralSheaf,true,5,3,epoch-50,0,1,cohens_d_test,0.44620636
cora,GeneralSheaf,true,5,3,epoch-50,1,1,cohens_d_test,0.4029282
cora,GeneralSheaf,true,5,3,epoch-50,2,1,cohens_d_test,0.37942478
cora,GeneralSheaf,true,5,3,epoch-50,3,1,cohens_d_test,0.42799988
cora,GeneralSheaf,true,5,3,epoch-50,0,2,degree,0.037160237732783874
cora,GeneralSheaf,true,5,3,epoch-50,1,2,degree,0.11840418486824945
cora,GeneralSheaf,true,5,3,epoch-50,2,2,degree,0.3474195552118232
cora,GeneralSheaf,true,5,3,epoch-50,3,2,degree,0.5144378748145204
cora,GeneralSheaf,true,5,3,epoch-50,0,2,betweenness,0.01716543278101649
cora,GeneralSheaf,true,5,3,epoch-50,1,2,betweenness,0.08334045769856291
cora,GeneralSheaf,true,5,3,epoch-50,2,2,betweenness,0.2778740736578712
cora,GeneralSheaf,true,5,3,epoch-50,3,2,betweenness,0.42667851979449195
cora,GeneralSheaf,true,5,3,epoch-50,0,2,confidence,0.5676135842953224
cora,GeneralSheaf,true,5,3,epoch-50,1,2,confidence,0.6274939066408903
cora,GeneralSheaf,true,5,3,epoch-50,2,2,confidence,0.8034668611236989
cora,GeneralSheaf,true,5,3,epoch-50,3,2,confidence,0.848621538655632
cora,GeneralSheaf,true,5,3,epoch-50,0,2,saliency,-0.19577125707324883
cora,GeneralSheaf,true,5,3,epoch-50,1,2,saliency,-0.18733569813640252
cora,GeneralSheaf,true,5,3,epoch-50,2,2,saliency,-0.18846604132070746
cora,GeneralSheaf,true,5,3,epoch-50,3,2,saliency,-0.16938515491935915
cora,GeneralSheaf,true,5,3,epoch-50,0,2,cohens_d_train,0.47662687
cora,GeneralSheaf,true,5,3,epoch-50,1,2,cohens_d_train,0.47129795
cora,GeneralSheaf,true,5,3,epoch-50,2,2,cohens_d_train,0.6016247
cora,GeneralSheaf,true,5,3,epoch-50,3,2,cohens_d_train,0.68102396
cora,GeneralSheaf,true,5,3,epoch-50,0,2,cohens_d_test,0.4060508
cora,GeneralSheaf,true,5,3,epoch-50,1,2,cohens_d_test,0.39562103
cora,GeneralSheaf,true,5,3,epoch-50,2,2,cohens_d_test,0.3829245
cora,GeneralSheaf,true,5,3,epoch-50,3,2,cohens_d_test,0.40695745
cora,GeneralSheaf,true,5,3,epoch-50,0,3,degree,0.03524492138400996
cora,GeneralSheaf,true,5,3,epoch-50,1,3,degree,0.12342150435637617
cora,GeneralSheaf,true,5,3,epoch-50,2,3,degree,0.37501024294733554
cora,GeneralSheaf,true,5,3,epoch-50,3,3,degree,0.4861628782838651
cora,GeneralSheaf,true,5,3,epoch-50,0,3,betweenness,0.010705409309320034
cora,GeneralSheaf,true,5,3,epoch-50,1,3,betweenness,0.0847280696866532
cora,GeneralSheaf,true,5,3,epoch-50,2,3,betweenness,0.2989486114027608
cora,GeneralSheaf,true,5,3,epoch-50,3,3,betweenness,0.40421022927735945
cora,GeneralSheaf,true,5,3,epoch-50,0,3,confidence,0.5867997499712357
cora,GeneralSheaf,true,5,3,epoch-50,1,3,confidence,0.6651696927423179
cora,GeneralSheaf,true,5,3,epoch-50,2,3,confidence,0.797305265933222
cora,GeneralSheaf,true,5,3,epoch-50,3,3,confidence,0.7890452657139592
cora,GeneralSheaf,true,5,3,epoch-50,0,3,saliency,-0.20239897853106434
cora,GeneralSheaf,true,5,3,epoch-50,1,3,saliency,-0.20035723105897088
cora,GeneralSheaf,true,5,3,epoch-50,2,3,saliency,-0.17339617976863708
cora,GeneralSheaf,true,5,3,epoch-50,3,3,saliency,-0.1513887684184412
cora,GeneralSheaf,true,5,3,epoch-50,0,3,cohens_d_train,0.7155764
cora,GeneralSheaf,true,5,3,epoch-50,1,3,cohens_d_train,0.7936311
cora,GeneralSheaf,true,5,3,epoch-50,2,3,cohens_d_train,0.83114624
cora,GeneralSheaf,true,5,3,epoch-50,3,3,cohens_d_train,0.9507607
cora,GeneralSheaf,true,5,3,epoch-50,0,3,cohens_d_test,0.34904715
cora,GeneralSheaf,true,5,3,epoch-50,1,3,cohens_d_test,0.3858468
cora,GeneralSheaf,true,5,3,epoch-50,2,3,cohens_d_test,0.47053
cora,GeneralSheaf,true,5,3,epoch-50,3,3,cohens_d_test,0.4388853
cora,GeneralSheaf,true,5,3,epoch-50,0,4,degree,0.045658406916657096
cora,GeneralSheaf,true,5,3,epoch-50,1,4,degree,0.1419922410563093
cora,GeneralSheaf,true,5,3,epoch-50,2,4,degree,0.32766206512669116
cora,GeneralSheaf,true,5,3,epoch-50,3,4,degree,0.48886452551168785
cora,GeneralSheaf,true,5,3,epoch-50,0,4,betweenness,0.0290398590385843
cora,GeneralSheaf,true,5,3,epoch-50,1,4,betweenness,0.10435937492763983
cora,GeneralSheaf,true,5,3,epoch-50,2,4,betweenness,0.2718362756673026
cora,GeneralSheaf,true,5,3,epoch-50,3,4,betweenness,0.40645552299378523
cora,GeneralSheaf,true,5,3,epoch-50,0,4,confidence,0.5690827096721969
cora,GeneralSheaf,true,5,3,epoch-50,1,4,confidence,0.6577157789825157
cora,GeneralSheaf,true,5,3,epoch-50,2,4,confidence,0.7973301413055678
cora,GeneralSheaf,true,5,3,epoch-50,3,4,confidence,0.8223389349800111
cora,GeneralSheaf,true,5,3,epoch-50,0,4,saliency,-0.18056913669085495
cora,GeneralSheaf,true,5,3,epoch-50,1,4,saliency,-0.17878688726498934
cora,GeneralSheaf,true,5,3,epoch-50,2,4,saliency,-0.17551630744347999
cora,GeneralSheaf,true,5,3,epoch-50,3,4,saliency,-0.1435682091079673
cora,GeneralSheaf,true,5,3,epoch-50,0,4,cohens_d_train,nan
cora,GeneralSheaf,true,5,3,epoch-50,1,4,cohens_d_train,nan
cora,GeneralSheaf,true,5,3,epoch-50,2,4,cohens_d_train,nan
cora,GeneralSheaf,true,5,3,epoch-50,3,4,cohens_d_train,nan
cora,GeneralSheaf,true,5,3,epoch-50,0,4,cohens_d_test,0.19432867
cora,GeneralSheaf,true,5,3,epoch-50,1,4,cohens_d_test,0.19706553
cora,GeneralSheaf,true,5,3,epoch-50,2,4,cohens_d_test,0.23781139
cora,GeneralSheaf,true,5,3,epoch-50,3,4,cohens_d_test,0.3069838
cora,GeneralSheaf,true,5,3,epoch-50,0,5,degree,0.032089955227963055
cora,GeneralSheaf,true,5,3,epoch-50,1,5,degree,0.13298831733215283
cora,GeneralSheaf,true,5,3,epoch-50,2,5,degree,0.35994084137490223
cora,GeneralSheaf,true,5,3,epoch-50,3,5,degree,0.5364608364182913
cora,GeneralSheaf,true,5,3,epoch-50,0,5,betweenness,0.005131688953597528
cora,GeneralSheaf,true,5,3,epoch-50,1,5,betweenness,0.083831574062261
cora,GeneralSheaf,true,5,3,epoch-50,2,5,betweenness,0.2763320870463742
cora,GeneralSheaf,true,5,3,epoch-50,3,5,betweenness,0.42918106393412614
cora,GeneralSheaf,true,5,3,epoch-50,0,5,confidence,0.5920672299934906
cora,GeneralSheaf,true,5,3,epoch-50,1,5,confidence,0.6630001989975074
cora,GeneralSheaf,true,5,3,epoch-50,2,5,confidence,0.7836943757762818
cora,GeneralSheaf,true,5,3,epoch-50,3,5,confidence,0.8119003903264498
cora,GeneralSheaf,true,5,3,epoch-50,0,5,saliency,-0.20007085377342473
cora,GeneralSheaf,true,5,3,epoch-50,1,5,saliency,-0.19495282932066843
cora,GeneralSheaf,true,5,3,epoch-50,2,5,saliency,-0.1685357488971165
cora,GeneralSheaf,true,5,3,epoch-50,3,5,saliency,-0.1412688090991655
cora,GeneralSheaf,true,5,3,epoch-50,0,5,cohens_d_train,0.48935154
cora,GeneralSheaf,true,5,3,epoch-50,1,5,cohens_d_train,0.36719856
cora,GeneralSheaf,true,5,3,epoch-50,2,5,cohens_d_train,0.2481798
cora,GeneralSheaf,true,5,3,epoch-50,3,5,cohens_d_train,0.12434186
cora,GeneralSheaf,true,5,3,epoch-50,0,5,cohens_d_test,0.33931533
cora,GeneralSheaf,true,5,3,epoch-50,1,5,cohens_d_test,0.32923186
cora,GeneralSheaf,true,5,3,epoch-50,2,5,cohens_d_test,0.27858454
cora,GeneralSheaf,true,5,3,epoch-50,3,5,cohens_d_test,0.2731103
cora,GeneralSheaf,true,5,3,epoch-50,0,6,degree,0.03134891797330864
cora,GeneralSheaf,true,5,3,epoch-50,1,6,degree,0.09598275836476265
cora,GeneralSheaf,true,5,3,epoch-50,2,6,degree,0.2994345439139447
cora,GeneralSheaf,true,5,3,epoch-50,3,6,degree,0.4633606892653348
cora,GeneralSheaf,true,5,3,epoch-50,0,6,betweenness,0.018851209939229573
cora,GeneralSheaf,true,5,3,epoch-50,1,6,betweenness,0.08091267858474588
cora,GeneralSheaf,true,5,3,epoch-50,2,6,betweenness,0.25944695691211767
cora,GeneralSheaf,true,5,3,epoch-50,3,6,betweenness,0.37910802192579
cora,GeneralSheaf,true,5,3,epoch-50,0,6,confidence,0.5524533340691258
cora,GeneralSheaf,true,5,3,epoch-50,1,6,confidence,0.6329651338752301
cora,GeneralSheaf,true,5,3,epoch-50,2,6,confidence,0.78881959514744
cora,GeneralSheaf,true,5,3,epoch-50,3,6,confidence,0.7982963146292257
cora,GeneralSheaf,true,5,3,epoch-50,0,6,saliency,-0.16910157957023383
cora,GeneralSheaf,true,5,3,epoch-50,1,6,saliency,-0.17782159290645527
cora,GeneralSheaf,true,5,3,epoch-50,2,6,saliency,-0.18988128548129943
cora,GeneralSheaf,true,5,3,epoch-50,3,6,saliency,-0.16363701821386972
cora,GeneralSheaf,true,5,3,epoch-50,0,6,cohens_d_train,0.3773991
cora,GeneralSheaf,true,5,3,epoch-50,1,6,cohens_d_train,0.26847064
cora,GeneralSheaf,true,5,3,epoch-50,2,6,cohens_d_train,0.022098457
cora,GeneralSheaf,true,5,3,epoch-50,3,6,cohens_d_train,0.2347729
cora,GeneralSheaf,true,5,3,epoch-50,0,6,cohens_d_test,0.30453983
cora,GeneralSheaf,true,5,3,epoch-50,1,6,cohens_d_test,0.32768983
cora,GeneralSheaf,true,5,3,epoch-50,2,6,cohens_d_test,0.31750417
cora,GeneralSheaf,true,5,3,epoch-50,3,6,cohens_d_test,0.36795035
cora,GeneralSheaf,true,5,3,epoch-50,0,7,degree,0.027489448422728727
cora,GeneralSheaf,true,5,3,epoch-50,1,7,degree,0.13832382033893645
cora,GeneralSheaf,true,5,3,epoch-50,2,7,degree,0.3517952539461043
cora,GeneralSheaf,true,5,3,epoch-50,3,7,degree,0.4977650329166198
cora,GeneralSheaf,true,5,3,epoch-50,0,7,betweenness,0.013692522984884315
cora,GeneralSheaf,true,5,3,epoch-50,1,7,betweenness,0.0993879931589627
cora,GeneralSheaf,true,5,3,epoch-50,2,7,betweenness,0.2900546714346603
cora,GeneralSheaf,true,5,3,epoch-50,3,7,betweenness,0.41511518278815657
cora,GeneralSheaf,true,5,3,epoch-50,0,7,confidence,0.5719162966100582
cora,GeneralSheaf,true,5,3,epoch-50,1,7,confidence,0.674812020105658
cora,GeneralSheaf,true,5,3,epoch-50,2,7,confidence,0.8161070683517652
cora,GeneralSheaf,true,5,3,epoch-50,3,7,confidence,0.8383224474271601
cora,GeneralSheaf,true,5,3,epoch-50,0,7,saliency,-0.20014958814400183
cora,GeneralSheaf,true,5,3,epoch-50,1,7,saliency,-0.20855678745450146
cora,GeneralSheaf,true,5,3,epoch-50,2,7,saliency,-0.22121462865580355
cora,GeneralSheaf,true,5,3,epoch-50,3,7,saliency,-0.2042579939034484
cora,GeneralSheaf,true,5,3,epoch-50,0,7,cohens_d_train,1.0044026
cora,GeneralSheaf,true,5,3,epoch-50,1,7,cohens_d_train,0.97433525
cora,GeneralSheaf,true,5,3,epoch-50,2,7,cohens_d_train,0.7865481
cora,GeneralSheaf,true,5,3,epoch-50,3,7,cohens_d_train,0.695233
cora,GeneralSheaf,true,5,3,epoch-50,0,7,cohens_d_test,0.4838034
cora,GeneralSheaf,true,5,3,epoch-50,1,7,cohens_d_test,0.48452687
cora,GeneralSheaf,true,5,3,epoch-50,2,7,cohens_d_test,0.5236156
cora,GeneralSheaf,true,5,3,epoch-50,3,7,cohens_d_test,0.5080684
cora,GeneralSheaf,true,5,3,epoch-50,0,8,degree,0.05147109934714803
cora,GeneralSheaf,true,5,3,epoch-50,1,8,degree,0.15121608682281484
cora,GeneralSheaf,true,5,3,epoch-50,2,8,degree,0.390049243650032
cora,GeneralSheaf,true,5,3,epoch-50,3,8,degree,0.5026889474416968
cora,GeneralSheaf,true,5,3,epoch-50,0,8,betweenness,0.011128648237225062
cora,GeneralSheaf,true,5,3,epoch-50,1,8,betweenness,0.1013334528608839
cora,GeneralSheaf,true,5,3,epoch-50,2,8,betweenness,0.30537463726617237
cora,GeneralSheaf,true,5,3,epoch-50,3,8,betweenness,0.40277313149307437
cora,GeneralSheaf,true,5,3,epoch-50,0,8,confidence,0.5663059612094553
cora,GeneralSheaf,true,5,3,epoch-50,1,8,confidence,0.6622718987784922
cora,GeneralSheaf,true,5,3,epoch-50,2,8,confidence,0.8300907526270149
cora,GeneralSheaf,true,5,3,epoch-50,3,8,confidence,0.8613862893359986
cora,GeneralSheaf,true,5,3,epoch-50,0,8,saliency,-0.18808647266885806
cora,GeneralSheaf,true,5,3,epoch-50,1,8,saliency,-0.17740380615267715
cora,GeneralSheaf,true,5,3,epoch-50,2,8,saliency,-0.17084302045520203
cora,GeneralSheaf,true,5,3,epoch-50,3,8,saliency,-0.17096361353187683
cora,GeneralSheaf,true,5,3,epoch-50,0,8,cohens_d_train,nan
cora,GeneralSheaf,true,5,3,epoch-50,1,8,cohens_d_train,nan
cora,GeneralSheaf,true,5,3,epoch-50,2,8,cohens_d_train,nan
cora,GeneralSheaf,true,5,3,epoch-50,3,8,cohens_d_train,nan
cora,GeneralSheaf,true,5,3,epoch-50,0,8,cohens_d_test,0.21362214
cora,GeneralSheaf,true,5,3,epoch-50,1,8,cohens_d_test,0.2227006
cora,GeneralSheaf,true,5,3,epoch-50,2,8,cohens_d_test,0.3204873
cora,GeneralSheaf,true,5,3,epoch-50,3,8,cohens_d_test,0.39772823
cora,GeneralSheaf,true,5,3,epoch-50,0,9,degree,0.04657890542244729
cora,GeneralSheaf,true,5,3,epoch-50,1,9,degree,0.15320242516576696
cora,GeneralSheaf,true,5,3,epoch-50,2,9,degree,0.39146359586442775
cora,GeneralSheaf,true,5,3,epoch-50,3,9,degree,0.49340673607191193
cora,GeneralSheaf,true,5,3,epoch-50,0,9,betweenness,0.02137610485592554
cora,GeneralSheaf,true,5,3,epoch-50,1,9,betweenness,0.10678013880134206
cora,GeneralSheaf,true,5,3,epoch-50,2,9,betweenness,0.29888393572166727
cora,GeneralSheaf,true,5,3,epoch-50,3,9,betweenness,0.36796427039356394
cora,GeneralSheaf,true,5,3,epoch-50,0,9,confidence,0.51499366229232
cora,GeneralSheaf,true,5,3,epoch-50,1,9,confidence,0.6449601831243804
cora,GeneralSheaf,true,5,3,epoch-50,2,9,confidence,0.8053172332472722
cora,GeneralSheaf,true,5,3,epoch-50,3,9,confidence,0.8193735993293273
cora,GeneralSheaf,true,5,3,epoch-50,0,9,saliency,-0.15883977959217377
cora,GeneralSheaf,true,5,3,epoch-50,1,9,saliency,-0.17534410106703768
cora,GeneralSheaf,true,5,3,epoch-50,2,9,saliency,-0.19211181358689033
cora,GeneralSheaf,true,5,3,epoch-50,3,9,saliency,-0.18706818916983148
cora,GeneralSheaf,true,5,3,epoch-50,0,9,cohens_d_train,nan
cora,GeneralSheaf,true,5,3,epoch-50,1,9,cohens_d_train,nan
cora,GeneralSheaf,true,5,3,epoch-50,2,9,cohens_d_train,nan
cora,GeneralSheaf,true,5,3,epoch-50,3,9,cohens_d_train,nan
cora,GeneralSheaf,true,5,3,epoch-50,0,9,cohens_d_test,0.28750044
cora,GeneralSheaf,true,5,3,epoch-50,1,9,cohens_d_test,0.26542008
cora,GeneralSheaf,true,5,3,epoch-50,2,9,cohens_d_test,0.30289856
cora,GeneralSheaf,true,5,3,epoch-50,3,9,cohens_d_test,0.30149493
cora,GeneralSheaf,true,5,3,epoch-200,0,0,degree,0.02259123786280068
cora,GeneralSheaf,true,5,3,epoch-200,1,0,degree,0.09922798702553146
cora,GeneralSheaf,true,5,3,epoch-200,2,0,degree,0.3346382534263965
cora,GeneralSheaf,true,5,3,epoch-200,3,0,degree,0.551324668074988
cora,GeneralSheaf,true,5,3,epoch-200,0,0,betweenness,-0.007703360585193118
cora,GeneralSheaf,true,5,3,epoch-200,1,0,betweenness,0.05642055044951363
cora,GeneralSheaf,true,5,3,epoch-200,2,0,betweenness,0.2644311718723617
cora,GeneralSheaf,true,5,3,epoch-200,3,0,betweenness,0.46165727586668376
cora,GeneralSheaf,true,5,3,epoch-200,0,0,confidence,0.5058230591269153
cora,GeneralSheaf,true,5,3,epoch-200,1,0,confidence,0.5737384102745521
cora,GeneralSheaf,true,5,3,epoch-200,2,0,confidence,0.7503702269360519
cora,GeneralSheaf,true,5,3,epoch-200,3,0,confidence,0.8498272125336831
cora,GeneralSheaf,true,5,3,epoch-200,0,0,saliency,-0.20913020725953796
cora,GeneralSheaf,true,5,3,epoch-200,1,0,saliency,-0.20203057630675333
cora,GeneralSheaf,true,5,3,epoch-200,2,0,saliency,-0.1705413041748767
cora,GeneralSheaf,true,5,3,epoch-200,3,0,saliency,-0.1342757883327507
cora,GeneralSheaf,true,5,3,epoch-200,0,0,cohens_d_train,nan
cora,GeneralSheaf,true,5,3,epoch-200,1,0,cohens_d_train,nan
cora,GeneralSheaf,true,5,3,epoch-200,2,0,cohens_d_train,nan
cora,GeneralSheaf,true,5,3,epoch-200,3,0,cohens_d_train,nan
cora,GeneralSheaf,true,5,3,epoch-200,0,0,cohens_d_test,0.3900288
cora,GeneralSheaf,true,5,3,epoch-200,1,0,cohens_d_test,0.37778702
cora,GeneralSheaf,true,5,3,epoch-200,2,0,cohens_d_test,0.28720364
cora,GeneralSheaf,true,5,3,epoch-200,3,0,cohens_d_test,0.27849638
cora,GeneralSheaf,true,5,3,epoch-200,0,1,degree,0.0512298510814457
cora,GeneralSheaf,true,5,3,epoch-200,1,1,degree,0.15759603378692505
cora,GeneralSheaf,true,5,3,epoch-200,2,1,degree,0.42035507254009136
cora,GeneralSheaf,true,5,3,epoch-200,3,1,degree,0.5575332354229028
cora,GeneralSheaf,true,5,3,epoch-200,0,1,betweenness,0.018253924999765477
cora,GeneralSheaf,true,5,3,epoch-200,1,1,betweenness,0.10559671653030911
cora,GeneralSheaf,true,5,3,epoch-200,2,1,betweenness,0.34031197102006916
cora,GeneralSheaf,true,5,3,epoch-200,3,1,betweenness,0.4533522603881857
cora,GeneralSheaf,true,5,3,epoch-200,0,1,confidence,0.4914904237660378
cora,GeneralSheaf,true,5,3,epoch-200,1,1,confidence,0.5757151491032225
cora,GeneralSheaf,true,5,3,epoch-200,2,1,confidence,0.7649651080929809
cora,GeneralSheaf,true,5,3,epoch-200,3,1,confidence,0.8395820151693479
cora,GeneralSheaf,true,5,3,epoch-200,0,1,saliency,-0.14378558713597175
cora,GeneralSheaf,true,5,3,epoch-200,1,1,saliency,-0.1255958603842056
cora,GeneralSheaf,true,5,3,epoch-200,2,1,saliency,-0.09173090994477134
cora,GeneralSheaf,true,5,3,epoch-200,3,1,saliency,-0.09917198198667572
cora,GeneralSheaf,true,5,3,epoch-200,0,1,cohens_d_train,nan
cora,GeneralSheaf,true,5,3,epoch-200,1,1,cohens_d_train,nan
cora,GeneralSheaf,true,5,3,epoch-200,2,1,cohens_d_train,nan
cora,GeneralSheaf,true,5,3,epoch-200,3,1,cohens_d_train,nan
cora,GeneralSheaf,true,5,3,epoch-200,0,1,cohens_d_test,0.36262175
cora,GeneralSheaf,true,5,3,epoch-200,1,1,cohens_d_test,0.33199802
cora,GeneralSheaf,true,5,3,epoch-200,2,1,cohens_d_test,0.30564007
cora,GeneralSheaf,true,5,3,epoch-200,3,1,cohens_d_test,0.37829617
cora,GeneralSheaf,true,5,3,epoch-200,0,2,degree,0.034240157439387166
cora,GeneralSheaf,true,5,3,epoch-200,1,2,degree,0.13882089721737823
cora,GeneralSheaf,true,5,3,epoch-200,2,2,degree,0.37497368239584544
cora,GeneralSheaf,true,5,3,epoch-200,3,2,degree,0.5385037028667319
cora,GeneralSheaf,true,5,3,epoch-200,0,2,betweenness,-0.006227104456523284
cora,GeneralSheaf,true,5,3,epoch-200,1,2,betweenness,0.07939526970760466
cora,GeneralSheaf,true,5,3,epoch-200,2,2,betweenness,0.3000707337963225
cora,GeneralSheaf,true,5,3,epoch-200,3,2,betweenness,0.4476630308415209
cora,GeneralSheaf,true,5,3,epoch-200,0,2,confidence,0.47425079254651187
cora,GeneralSheaf,true,5,3,epoch-200,1,2,confidence,0.5686730400311845
cora,GeneralSheaf,true,5,3,epoch-200,2,2,confidence,0.7772108248659743
cora,GeneralSheaf,true,5,3,epoch-200,3,2,confidence,0.8605374287065296
cora,GeneralSheaf,true,5,3,epoch-200,0,2,saliency,-0.18262227056937508
cora,GeneralSheaf,true,5,3,epoch-200,1,2,saliency,-0.17066200102422682
cora,GeneralSheaf,true,5,3,epoch-200,2,2,saliency,-0.1531364056953389
cora,GeneralSheaf,true,5,3,epoch-200,3,2,saliency,-0.14083964906579433
cora,GeneralSheaf,true,5,3,epoch-200,0,2,cohens_d_train,nan
cora,GeneralSheaf,true,5,3,epoch-200,1,2,cohens_d_train,nan
cora,GeneralSheaf,true,5,3,epoch-200,2,2,cohens_d_train,nan
cora,GeneralSheaf,true,5,3,epoch-200,3,2,cohens_d_train,nan
cora,GeneralSheaf,true,5,3,epoch-200,0,2,cohens_d_test,0.4396193
cora,GeneralSheaf,true,5,3,epoch-200,1,2,cohens_d_test,0.41552326
cora,GeneralSheaf,true,5,3,epoch-200,2,2,cohens_d_test,0.40038872
cora,GeneralSheaf,true,5,3,epoch-200,3,2,cohens_d_test,0.45738998
cora,GeneralSheaf,true,5,3,epoch-200,0,3,degree,0.02954634277027755
cora,GeneralSheaf,true,5,3,epoch-200,1,3,degree,0.1627648095676415
cora,GeneralSheaf,true,5,3,epoch-200,2,3,degree,0.4015203351263391
cora,GeneralSheaf,true,5,3,epoch-200,3,3,degree,0.5187717853208734
cora,GeneralSheaf,true,5,3,epoch-200,0,3,betweenness,-0.013397163095226991
cora,GeneralSheaf,true,5,3,epoch-200,1,3,betweenness,0.10455535860156973
cora,GeneralSheaf,true,5,3,epoch-200,2,3,betweenness,0.3392724091004248
cora,GeneralSheaf,true,5,3,epoch-200,3,3,betweenness,0.4478688414321623
cora,GeneralSheaf,true,5,3,epoch-200,0,3,confidence,0.3924047949830654
cora,GeneralSheaf,true,5,3,epoch-200,1,3,confidence,0.5187577575981351
cora,GeneralSheaf,true,5,3,epoch-200,2,3,confidence,0.7631007696525813
cora,GeneralSheaf,true,5,3,epoch-200,3,3,confidence,0.8510629483828457
cora,GeneralSheaf,true,5,3,epoch-200,0,3,saliency,-0.12508821408716908
cora,GeneralSheaf,true,5,3,epoch-200,1,3,saliency,-0.09930339764464671
cora,GeneralSheaf,true,5,3,epoch-200,2,3,saliency,-0.08116809033801851
cora,GeneralSheaf,true,5,3,epoch-200,3,3,saliency,-0.09092163311169099
cora,GeneralSheaf,true,5,3,epoch-200,0,3,cohens_d_train,nan
cora,GeneralSheaf,true,5,3,epoch-200,1,3,cohens_d_train,nan
cora,GeneralSheaf,true,5,3,epoch-200,2,3,cohens_d_train,nan
cora,GeneralSheaf,true,5,3,epoch-200,3,3,cohens_d_train,nan
cora,GeneralSheaf,true,5,3,epoch-200,0,3,cohens_d_test,0.31046528
cora,GeneralSheaf,true,5,3,epoch-200,1,3,cohens_d_test,0.31522763
cora,GeneralSheaf,true,5,3,epoch-200,2,3,cohens_d_test,0.38972652
cora,GeneralSheaf,true,5,3,epoch-200,3,3,cohens_d_test,0.4427409
cora,GeneralSheaf,true,5,3,epoch-200,0,4,degree,0.04885526822070662
cora,GeneralSheaf,true,5,3,epoch-200,1,4,degree,0.16145495745572416
cora,GeneralSheaf,true,5,3,epoch-200,2,4,degree,0.39775325224129154
cora,GeneralSheaf,true,5,3,epoch-200,3,4,degree,0.5512200040666756
cora,GeneralSheaf,true,5,3,epoch-200,0,4,betweenness,0.02858044535235078
cora,GeneralSheaf,true,5,3,epoch-200,1,4,betweenness,0.11625629439773501
cora,GeneralSheaf,true,5,3,epoch-200,2,4,betweenness,0.33491963467923497
cora,GeneralSheaf,true,5,3,epoch-200,3,4,betweenness,0.4636984322430916
cora,GeneralSheaf,true,5,3,epoch-200,0,4,confidence,0.4490756625997424
cora,GeneralSheaf,true,5,3,epoch-200,1,4,confidence,0.5559796397328775
cora,GeneralSheaf,true,5,3,epoch-200,2,4,confidence,0.7615905964519059
cora,GeneralSheaf,true,5,3,epoch-200,3,4,confidence,0.8466736670284507
cora,GeneralSheaf,true,5,3,epoch-200,0,4,saliency,-0.11553540311203894
cora,GeneralSheaf,true,5,3,epoch-200,1,4,saliency,-0.11266860310989002
cora,GeneralSheaf,true,5,3,epoch-200,2,4,saliency,-0.10659514938846404
cora,GeneralSheaf,true,5,3,epoch-200,3,4,saliency,-0.11155575372533719
cora,GeneralSheaf,true,5,3,epoch-200,0,4,cohens_d_train,nan
cora,GeneralSheaf,true,5,3,epoch-200,1,4,cohens_d_train,nan
cora,GeneralSheaf,true,5,3,epoch-200,2,4,cohens_d_train,nan
cora,GeneralSheaf,true,5,3,epoch-200,3,4,cohens_d_train,nan
cora,GeneralSheaf,true,5,3,epoch-200,0,4,cohens_d_test,0.2977076
cora,GeneralSheaf,true,5,3,epoch-200,1,4,cohens_d_test,0.29510936
cora,GeneralSheaf,true,5,3,epoch-200,2,4,cohens_d_test,0.2639886
cora,GeneralSheaf,true,5,3,epoch-200,3,4,cohens_d_test,0.30105466
cora,GeneralSheaf,true,5,3,epoch-200,0,5,degree,0.037604822984261585
cora,GeneralSheaf,true,5,3,epoch-200,1,5,degree,0.1596332935104797
cora,GeneralSheaf,true,5,3,epoch-200,2,5,degree,0.33015348497047314
cora,GeneralSheaf,true,5,3,epoch-200,3,5,degree,0.5669861262598996
cora,GeneralSheaf,true,5,3,epoch-200,0,5,betweenness,-0.016115086889564523
cora,GeneralSheaf,true,5,3,epoch-200,1,5,betweenness,0.08031374291406373
cora,GeneralSheaf,true,5,3,epoch-200,2,5,betweenness,0.23909337082986964
cora,GeneralSheaf,true,5,3,epoch-200,3,5,betweenness,0.45977356073085834
cora,GeneralSheaf,true,5,3,epoch-200,0,5,confidence,0.44223829539464854
cora,GeneralSheaf,true,5,3,epoch-200,1,5,confidence,0.5399035728244745
cora,GeneralSheaf,true,5,3,epoch-200,2,5,confidence,0.6965654838000903
cora,GeneralSheaf,true,5,3,epoch-200,3,5,confidence,0.8241973455463203
cora,GeneralSheaf,true,5,3,epoch-200,0,5,saliency,-0.17683961168645038
cora,GeneralSheaf,true,5,3,epoch-200,1,5,saliency,-0.16103435634043556
cora,GeneralSheaf,true,5,3,epoch-200,2,5,saliency,-0.1481254957878833
cora,GeneralSheaf,true,5,3,epoch-200,3,5,saliency,-0.10828283703589894
cora,GeneralSheaf,true,5,3,epoch-200,0,5,cohens_d_train,0.4228863
cora,GeneralSheaf,true,5,3,epoch-200,1,5,cohens_d_train,0.4375936
cora,GeneralSheaf,true,5,3,epoch-200,2,5,cohens_d_train,0.43015167
cora,GeneralSheaf,true,5,3,epoch-200,3,5,cohens_d_train,0.58566755
cora,GeneralSheaf,true,5,3,epoch-200,0,5,cohens_d_test,0.39735
cora,GeneralSheaf,true,5,3,epoch-200,1,5,cohens_d_test,0.34756374
cora,GeneralSheaf,true,5,3,epoch-200,2,5,cohens_d_test,0.26191837
cora,GeneralSheaf,true,5,3,epoch-200,3,5,cohens_d_test,0.23072615
cora,GeneralSheaf,true,5,3,epoch-200,0,6,degree,0.013910486008421697
cora,GeneralSheaf,true,5,3,epoch-200,1,6,degree,0.09008486084676387
cora,GeneralSheaf,true,5,3,epoch-200,2,6,degree,0.38841925243731545
cora,GeneralSheaf,true,5,3,epoch-200,3,6,degree,0.5634223600227649
cora,GeneralSheaf,true,5,3,epoch-200,0,6,betweenness,-0.0068732607090312425
cora,GeneralSheaf,true,5,3,epoch-200,1,6,betweenness,0.06821741116275992
cora,GeneralSheaf,true,5,3,epoch-200,2,6,betweenness,0.3317431165840198
cora,GeneralSheaf,true,5,3,epoch-200,3,6,betweenness,0.4631454838906483
cora,GeneralSheaf,true,5,3,epoch-200,0,6,confidence,0.44263393063406803
cora,GeneralSheaf,true,5,3,epoch-200,1,6,confidence,0.5260244577159935
cora,GeneralSheaf,true,5,3,epoch-200,2,6,confidence,0.7598405809956189
cora,GeneralSheaf,true,5,3,epoch-200,3,6,confidence,0.8151223013035293
cora,GeneralSheaf,true,5,3,epoch-200,0,6,saliency,-0.17119442506330426
cora,GeneralSheaf,true,5,3,epoch-200,1,6,saliency,-0.15244034626232847
cora,GeneralSheaf,true,5,3,epoch-200,2,6,saliency,-0.12816944878187916
cora,GeneralSheaf,true,5,3,epoch-200,3,6,saliency,-0.10590446782359764
cora,GeneralSheaf,true,5,3,epoch-200,0,6,cohens_d_train,nan
cora,GeneralSheaf,true,5,3,epoch-200,1,6,cohens_d_train,nan
cora,GeneralSheaf,true,5,3,epoch-200,2,6,cohens_d_train,nan
cora,GeneralSheaf,true,5,3,epoch-200,3,6,cohens_d_train,nan
cora,GeneralSheaf,true,5,3,epoch-200,0,6,cohens_d_test,0.21489373
cora,GeneralSheaf,true,5,3,epoch-200,1,6,cohens_d_test,0.18246636
cora,GeneralSheaf,true,5,3,epoch-200,2,6,cohens_d_test,0.20846689
cora,GeneralSheaf,true,5,3,epoch-200,3,6,cohens_d_test,0.30947718
cora,GeneralSheaf,true,5,3,epoch-200,0,7,degree,0.030508618418623807
cora,GeneralSheaf,true,5,3,epoch-200,1,7,degree,0.1611956430767275
cora,GeneralSheaf,true,5,3,epoch-200,2,7,degree,0.42145287925184693
cora,GeneralSheaf,true,5,3,epoch-200,3,7,degree,0.5727825940349349
cora,GeneralSheaf,true,5,3,epoch-200,0,7,betweenness,0.011216392555347844
cora,GeneralSheaf,true,5,3,epoch-200,1,7,betweenness,0.11469209594538424
cora,GeneralSheaf,true,5,3,epoch-200,2,7,betweenness,0.3401605400710724
cora,GeneralSheaf,true,5,3,epoch-200,3,7,betweenness,0.4669271289767543
cora,GeneralSheaf,true,5,3,epoch-200,0,7,confidence,0.3864629060197146
cora,GeneralSheaf,true,5,3,epoch-200,1,7,confidence,0.4992832498516858
cora,GeneralSheaf,true,5,3,epoch-200,2,7,confidence,0.7376833770026145
cora,GeneralSheaf,true,5,3,epoch-200,3,7,confidence,0.8339981599734066
cora,GeneralSheaf,true,5,3,epoch-200,0,7,saliency,-0.10352576811041617
cora,GeneralSheaf,true,5,3,epoch-200,1,7,saliency,-0.086664980514724
cora,GeneralSheaf,true,5,3,epoch-200,2,7,saliency,-0.08505632730797104
cora,GeneralSheaf,true,5,3,epoch-200,3,7,saliency,-0.09680031418655007
cora,GeneralSheaf,true,5,3,epoch-200,0,7,cohens_d_train,nan
cora,GeneralSheaf,true,5,3,epoch-200,1,7,cohens_d_train,nan
cora,GeneralSheaf,true,5,3,epoch-200,2,7,cohens_d_train,nan
cora,GeneralSheaf,true,5,3,epoch-200,3,7,cohens_d_train,nan
cora,GeneralSheaf,true,5,3,epoch-200,0,7,cohens_d_test,0.3130313
cora,GeneralSheaf,true,5,3,epoch-200,1,7,cohens_d_test,0.28772545
cora,GeneralSheaf,true,5,3,epoch-200,2,7,cohens_d_test,0.29470283
cora,GeneralSheaf,true,5,3,epoch-200,3,7,cohens_d_test,0.32632774
cora,GeneralSheaf,true,5,3,epoch-200,0,8,degree,0.042292053456678656
cora,GeneralSheaf,true,5,3,epoch-200,1,8,degree,0.12098543301364233
cora,GeneralSheaf,true,5,3,epoch-200,2,8,degree,0.41791645275712536
cora,GeneralSheaf,true,5,3,epoch-200,3,8,degree,0.5698518181886493
cora,GeneralSheaf,true,5,3,epoch-200,0,8,betweenness,0.022409406090645137
cora,GeneralSheaf,true,5,3,epoch-200,1,8,betweenness,0.09314613766953049
cora,GeneralSheaf,true,5,3,epoch-200,2,8,betweenness,0.3439673277142996
cora,GeneralSheaf,true,5,3,epoch-200,3,8,betweenness,0.4637055633665678
cora,GeneralSheaf,true,5,3,epoch-200,0,8,confidence,0.45337442499603603
cora,GeneralSheaf,true,5,3,epoch-200,1,8,confidence,0.5220335521966365
cora,GeneralSheaf,true,5,3,epoch-200,2,8,confidence,0.7727629129630561
cora,GeneralSheaf,true,5,3,epoch-200,3,8,confidence,0.8508286794734309
cora,GeneralSheaf,true,5,3,epoch-200,0,8,saliency,-0.10474344803229306
cora,GeneralSheaf,true,5,3,epoch-200,1,8,saliency,-0.0815072650791123
cora,GeneralSheaf,true,5,3,epoch-200,2,8,saliency,-0.05557844682810403
cora,GeneralSheaf,true,5,3,epoch-200,3,8,saliency,-0.05028214918659003
cora,GeneralSheaf,true,5,3,epoch-200,0,8,cohens_d_train,nan
cora,GeneralSheaf,true,5,3,epoch-200,1,8,cohens_d_train,nan
cora,GeneralSheaf,true,5,3,epoch-200,2,8,cohens_d_train,nan
cora,GeneralSheaf,true,5,3,epoch-200,3,8,cohens_d_train,nan
cora,GeneralSheaf,true,5,3,epoch-200,0,8,cohens_d_test,0.2121204
cora,GeneralSheaf,true,5,3,epoch-200,1,8,cohens_d_test,0.22962716
cora,GeneralSheaf,true,5,3,epoch-200,2,8,cohens_d_test,0.36559647
cora,GeneralSheaf,true,5,3,epoch-200,3,8,cohens_d_test,0.5100429
cora,GeneralSheaf,true,5,3,epoch-200,0,9,degree,0.05466737272003229
cora,GeneralSheaf,true,5,3,epoch-200,1,9,degree,0.1756786611230828
cora,GeneralSheaf,true,5,3,epoch-200,2,9,degree,0.45277504879716085
cora,GeneralSheaf,true,5,3,epoch-200,3,9,degree,0.5592013652541928
cora,GeneralSheaf,true,5,3,epoch-200,0,9,betweenness,0.012850189974678617
cora,GeneralSheaf,true,5,3,epoch-200,1,9,betweenness,0.10562300286473951
cora,GeneralSheaf,true,5,3,epoch-200,2,9,betweenness,0.34803325248834566
cora,GeneralSheaf,true,5,3,epoch-200,3,9,betweenness,0.4304978605226026
cora,GeneralSheaf,true,5,3,epoch-200,0,9,confidence,0.47329654788334263
cora,GeneralSheaf,true,5,3,epoch-200,1,9,confidence,0.5783194749471933
cora,GeneralSheaf,true,5,3,epoch-200,2,9,confidence,0.7895160775538906
cora,GeneralSheaf,true,5,3,epoch-200,3,9,confidence,0.8456064960487939
cora,GeneralSheaf,true,5,3,epoch-200,0,9,saliency,-0.11905411757872464
cora,GeneralSheaf,true,5,3,epoch-200,1,9,saliency,-0.1073746733629164
cora,GeneralSheaf,true,5,3,epoch-200,2,9,saliency,-0.08814850708657822
cora,GeneralSheaf,true,5,3,epoch-200,3,9,saliency,-0.09345882854698369
cora,GeneralSheaf,true,5,3,epoch-200,0,9,cohens_d_train,nan
cora,GeneralSheaf,true,5,3,epoch-200,1,9,cohens_d_train,nan
cora,GeneralSheaf,true,5,3,epoch-200,2,9,cohens_d_train,nan
cora,GeneralSheaf,true,5,3,epoch-200,3,9,cohens_d_train,nan
cora,GeneralSheaf,true,5,3,epoch-200,0,9,cohens_d_test,0.2350188
cora,GeneralSheaf,true,5,3,epoch-200,1,9,cohens_d_test,0.22409765
cora,GeneralSheaf,true,5,3,epoch-200,2,9,cohens_d_test,0.22186309
cora,GeneralSheaf,true,5,3,epoch-200,3,9,cohens_d_test,0.25244734
cora,GeneralSheaf,true,5,3,best-epoch,0,0,degree,0.029640677985502566
cora,GeneralSheaf,true,5,3,best-epoch,1,0,degree,0.06450453937290739
cora,GeneralSheaf,true,5,3,best-epoch,2,0,degree,0.3457796765429535
cora,GeneralSheaf,true,5,3,best-epoch,3,0,degree,0.5485044154831588
cora,GeneralSheaf,true,5,3,best-epoch,0,0,betweenness,0.0016447728071363821
cora,GeneralSheaf,true,5,3,best-epoch,1,0,betweenness,0.031011406328707802
cora,GeneralSheaf,true,5,3,best-epoch,2,0,betweenness,0.27450865786416156
cora,GeneralSheaf,true,5,3,best-epoch,3,0,betweenness,0.45291112340254913
cora,GeneralSheaf,true,5,3,best-epoch,0,0,confidence,0.5403881414684183
cora,GeneralSheaf,true,5,3,best-epoch,1,0,confidence,0.5710696457787477
cora,GeneralSheaf,true,5,3,best-epoch,2,0,confidence,0.7694781999263103
cora,GeneralSheaf,true,5,3,best-epoch,3,0,confidence,0.8456120150363621
cora,GeneralSheaf,true,5,3,best-epoch,0,0,saliency,-0.17692154961433135
cora,GeneralSheaf,true,5,3,best-epoch,1,0,saliency,-0.171217248967094
cora,GeneralSheaf,true,5,3,best-epoch,2,0,saliency,-0.1397395985159638
cora,GeneralSheaf,true,5,3,best-epoch,3,0,saliency,-0.11145093162025826
cora,GeneralSheaf,true,5,3,best-epoch,0,0,cohens_d_train,nan
cora,GeneralSheaf,true,5,3,best-epoch,1,0,cohens_d_train,nan
cora,GeneralSheaf,true,5,3,best-epoch,2,0,cohens_d_train,nan
cora,GeneralSheaf,true,5,3,best-epoch,3,0,cohens_d_train,nan
cora,GeneralSheaf,true,5,3,best-epoch,0,0,cohens_d_test,0.16713136
cora,GeneralSheaf,true,5,3,best-epoch,1,0,cohens_d_test,0.16747737
cora,GeneralSheaf,true,5,3,best-epoch,2,0,cohens_d_test,0.15420948
cora,GeneralSheaf,true,5,3,best-epoch,3,0,cohens_d_test,0.15900056
cora,GeneralSheaf,true,5,3,best-epoch,0,1,degree,0.07553203514951076
cora,GeneralSheaf,true,5,3,best-epoch,1,1,degree,0.16204903161269016
cora,GeneralSheaf,true,5,3,best-epoch,2,1,degree,0.428594908788804
cora,GeneralSheaf,true,5,3,best-epoch,3,1,degree,0.5530285024773314
cora,GeneralSheaf,true,5,3,best-epoch,0,1,betweenness,0.037060557832655674
cora,GeneralSheaf,true,5,3,best-epoch,1,1,betweenness,0.11095824443677187
cora,GeneralSheaf,true,5,3,best-epoch,2,1,betweenness,0.3452739608281174
cora,GeneralSheaf,true,5,3,best-epoch,3,1,betweenness,0.44768501994281146
cora,GeneralSheaf,true,5,3,best-epoch,0,1,confidence,0.5028392565859361
cora,GeneralSheaf,true,5,3,best-epoch,1,1,confidence,0.5805074202178814
cora,GeneralSheaf,true,5,3,best-epoch,2,1,confidence,0.7872473819080033
cora,GeneralSheaf,true,5,3,best-epoch,3,1,confidence,0.8602517537248117
cora,GeneralSheaf,true,5,3,best-epoch,0,1,saliency,-0.11187270448048887
cora,GeneralSheaf,true,5,3,best-epoch,1,1,saliency,-0.0975824549906223
cora,GeneralSheaf,true,5,3,best-epoch,2,1,saliency,-0.08089647434415663
cora,GeneralSheaf,true,5,3,best-epoch,3,1,saliency,-0.09755921874818754
cora,GeneralSheaf,true,5,3,best-epoch,0,1,cohens_d_train,nan
cora,GeneralSheaf,true,5,3,best-epoch,1,1,cohens_d_train,nan
cora,GeneralSheaf,true,5,3,best-epoch,2,1,cohens_d_train,nan
cora,GeneralSheaf,true,5,3,best-epoch,3,1,cohens_d_train,nan
cora,GeneralSheaf,true,5,3,best-epoch,0,1,cohens_d_test,0.3865388
cora,GeneralSheaf,true,5,3,best-epoch,1,1,cohens_d_test,0.35639867
cora,GeneralSheaf,true,5,3,best-epoch,2,1,cohens_d_test,0.31592008
cora,GeneralSheaf,true,5,3,best-epoch,3,1,cohens_d_test,0.36887753
cora,GeneralSheaf,true,5,3,best-epoch,0,2,degree,0.05127884280626551
cora,GeneralSheaf,true,5,3,best-epoch,1,2,degree,0.1588653276327741
cora,GeneralSheaf,true,5,3,best-epoch,2,2,degree,0.3901120925693787
cora,GeneralSheaf,true,5,3,best-epoch,3,2,degree,0.5539497770383853
cora,GeneralSheaf,true,5,3,best-epoch,0,2,betweenness,0.003331483551017905
cora,GeneralSheaf,true,5,3,best-epoch,1,2,betweenness,0.09093149577440551
cora,GeneralSheaf,true,5,3,best-epoch,2,2,betweenness,0.30574337397288764
cora,GeneralSheaf,true,5,3,best-epoch,3,2,betweenness,0.4552323123748456
cora,GeneralSheaf,true,5,3,best-epoch,0,2,confidence,0.4705829436206614
cora,GeneralSheaf,true,5,3,best-epoch,1,2,confidence,0.5641691745902141
cora,GeneralSheaf,true,5,3,best-epoch,2,2,confidence,0.765397697368808
cora,GeneralSheaf,true,5,3,best-epoch,3,2,confidence,0.8530173552013319
cora,GeneralSheaf,true,5,3,best-epoch,0,2,saliency,-0.13619007410375447
cora,GeneralSheaf,true,5,3,best-epoch,1,2,saliency,-0.12134047170285336
cora,GeneralSheaf,true,5,3,best-epoch,2,2,saliency,-0.11346823001563995
cora,GeneralSheaf,true,5,3,best-epoch,3,2,saliency,-0.11574872117058665
cora,GeneralSheaf,true,5,3,best-epoch,0,2,cohens_d_train,nan
cora,GeneralSheaf,true,5,3,best-epoch,1,2,cohens_d_train,nan
cora,GeneralSheaf,true,5,3,best-epoch,2,2,cohens_d_train,nan
cora,GeneralSheaf,true,5,3,best-epoch,3,2,cohens_d_train,nan
cora,GeneralSheaf,true,5,3,best-epoch,0,2,cohens_d_test,0.38680932
cora,GeneralSheaf,true,5,3,best-epoch,1,2,cohens_d_test,0.36927336
cora,GeneralSheaf,true,5,3,best-epoch,2,2,cohens_d_test,0.36219892
cora,GeneralSheaf,true,5,3,best-epoch,3,2,cohens_d_test,0.41707024
cora,GeneralSheaf,true,5,3,best-epoch,0,3,degree,0.03182036319795325
cora,GeneralSheaf,true,5,3,best-epoch,1,3,degree,0.13084553434206353
cora,GeneralSheaf,true,5,3,best-epoch,2,3,degree,0.40691916332498607
cora,GeneralSheaf,true,5,3,best-epoch,3,3,degree,0.49375774446356163
cora,GeneralSheaf,true,5,3,best-epoch,0,3,betweenness,0.015991008950036457
cora,GeneralSheaf,true,5,3,best-epoch,1,3,betweenness,0.10209965496523156
cora,GeneralSheaf,true,5,3,best-epoch,2,3,betweenness,0.34134619681331463
cora,GeneralSheaf,true,5,3,best-epoch,3,3,betweenness,0.4261939165989965
cora,GeneralSheaf,true,5,3,best-epoch,0,3,confidence,0.5367808065565676
cora,GeneralSheaf,true,5,3,best-epoch,1,3,confidence,0.6076045186219244
cora,GeneralSheaf,true,5,3,best-epoch,2,3,confidence,0.7519831068365866
cora,GeneralSheaf,true,5,3,best-epoch,3,3,confidence,0.764327490237996
cora,GeneralSheaf,true,5,3,best-epoch,0,3,saliency,-0.15384909047326684
cora,GeneralSheaf,true,5,3,best-epoch,1,3,saliency,-0.13117136276289085
cora,GeneralSheaf,true,5,3,best-epoch,2,3,saliency,-0.097899856660322
cora,GeneralSheaf,true,5,3,best-epoch,3,3,saliency,-0.10864569070301851
cora,GeneralSheaf,true,5,3,best-epoch,0,3,cohens_d_train,0.564695
cora,GeneralSheaf,true,5,3,best-epoch,1,3,cohens_d_train,0.6486415
cora,GeneralSheaf,true,5,3,best-epoch,2,3,cohens_d_train,0.9974068
cora,GeneralSheaf,true,5,3,best-epoch,3,3,cohens_d_train,0.9034424
cora,GeneralSheaf,true,5,3,best-epoch,0,3,cohens_d_test,0.34597203
cora,GeneralSheaf,true,5,3,best-epoch,1,3,cohens_d_test,0.37034637
cora,GeneralSheaf,true,5,3,best-epoch,2,3,cohens_d_test,0.4819348
cora,GeneralSheaf,true,5,3,best-epoch,3,3,cohens_d_test,0.5013884
cora,GeneralSheaf,true,5,3,best-epoch,0,4,degree,0.039574504721044436
cora,GeneralSheaf,true,5,3,best-epoch,1,4,degree,0.17027371004592495
cora,GeneralSheaf,true,5,3,best-epoch,2,4,degree,0.40823110682625835
cora,GeneralSheaf,true,5,3,best-epoch,3,4,degree,0.5538846193961896
cora,GeneralSheaf,true,5,3,best-epoch,0,4,betweenness,0.02369558381533252
cora,GeneralSheaf,true,5,3,best-epoch,1,4,betweenness,0.12533312514385225
cora,GeneralSheaf,true,5,3,best-epoch,2,4,betweenness,0.3447227180253837
cora,GeneralSheaf,true,5,3,best-epoch,3,4,betweenness,0.46876254031193526
cora,GeneralSheaf,true,5,3,best-epoch,0,4,confidence,0.42815128591987045
cora,GeneralSheaf,true,5,3,best-epoch,1,4,confidence,0.5507020216293084
cora,GeneralSheaf,true,5,3,best-epoch,2,4,confidence,0.764894022022615
cora,GeneralSheaf,true,5,3,best-epoch,3,4,confidence,0.8406727706427554
cora,GeneralSheaf,true,5,3,best-epoch,0,4,saliency,-0.10653997909518416
cora,GeneralSheaf,true,5,3,best-epoch,1,4,saliency,-0.10398327675441567
cora,GeneralSheaf,true,5,3,best-epoch,2,4,saliency,-0.10185510903817799
cora,GeneralSheaf,true,5,3,best-epoch,3,4,saliency,-0.10299961064274608
cora,GeneralSheaf,true,5,3,best-epoch,0,4,cohens_d_train,nan
cora,GeneralSheaf,true,5,3,best-epoch,1,4,cohens_d_train,nan
cora,GeneralSheaf,true,5,3,best-epoch,2,4,cohens_d_train,nan
cora,GeneralSheaf,true,5,3,best-epoch,3,4,cohens_d_train,nan
cora,GeneralSheaf,true,5,3,best-epoch,0,4,cohens_d_test,0.33075052
cora,GeneralSheaf,true,5,3,best-epoch,1,4,cohens_d_test,0.33370343
cora,GeneralSheaf,true,5,3,best-epoch,2,4,cohens_d_test,0.31751558
cora,GeneralSheaf,true,5,3,best-epoch,3,4,cohens_d_test,0.38016114
cora,GeneralSheaf,true,5,3,best-epoch,0,5,degree,0.03716538137537537
cora,GeneralSheaf,true,5,3,best-epoch,1,5,degree,0.17119748207564417
cora,GeneralSheaf,true,5,3,best-epoch,2,5,degree,0.39883279628883567
cora,GeneralSheaf,true,5,3,best-epoch,3,5,degree,0.5734776506696515
cora,GeneralSheaf,true,5,3,best-epoch,0,5,betweenness,0.0077990773317656555
cora,GeneralSheaf,true,5,3,best-epoch,1,5,betweenness,0.10831042805525559
cora,GeneralSheaf,true,5,3,best-epoch,2,5,betweenness,0.3031945876188002
cora,GeneralSheaf,true,5,3,best-epoch,3,5,betweenness,0.4550513507424414
cora,GeneralSheaf,true,5,3,best-epoch,0,5,confidence,0.533453492982478
cora,GeneralSheaf,true,5,3,best-epoch,1,5,confidence,0.6360698300394776
cora,GeneralSheaf,true,5,3,best-epoch,2,5,confidence,0.7888866830863458
cora,GeneralSheaf,true,5,3,best-epoch,3,5,confidence,0.857171683734792
cora,GeneralSheaf,true,5,3,best-epoch,0,5,saliency,-0.1692490825027876
cora,GeneralSheaf,true,5,3,best-epoch,1,5,saliency,-0.1697217146603938
cora,GeneralSheaf,true,5,3,best-epoch,2,5,saliency,-0.1480554659369615
cora,GeneralSheaf,true,5,3,best-epoch,3,5,saliency,-0.1340077724981307
cora,GeneralSheaf,true,5,3,best-epoch,0,5,cohens_d_train,nan
cora,GeneralSheaf,true,5,3,best-epoch,1,5,cohens_d_train,nan
cora,GeneralSheaf,true,5,3,best-epoch,2,5,cohens_d_train,nan
cora,GeneralSheaf,true,5,3,best-epoch,3,5,cohens_d_train,nan
cora,GeneralSheaf,true,5,3,best-epoch,0,5,cohens_d_test,0.40375075
cora,GeneralSheaf,true,5,3,best-epoch,1,5,cohens_d_test,0.36432832
cora,GeneralSheaf,true,5,3,best-epoch,2,5,cohens_d_test,0.30279893
cora,GeneralSheaf,true,5,3,best-epoch,3,5,cohens_d_test,0.30502293
cora,GeneralSheaf,true,5,3,best-epoch,0,6,degree,0.029458220532847915
cora,GeneralSheaf,true,5,3,best-epoch,1,6,degree,0.09154946824000244
cora,GeneralSheaf,true,5,3,best-epoch,2,6,degree,0.3733105498380644
cora,GeneralSheaf,true,5,3,best-epoch,3,6,degree,0.5668362161738951
cora,GeneralSheaf,true,5,3,best-epoch,0,6,betweenness,-0.002020475300413724
cora,GeneralSheaf,true,5,3,best-epoch,1,6,betweenness,0.05836846953220644
cora,GeneralSheaf,true,5,3,best-epoch,2,6,betweenness,0.3085401358927684
cora,GeneralSheaf,true,5,3,best-epoch,3,6,betweenness,0.46126229505946853
cora,GeneralSheaf,true,5,3,best-epoch,0,6,confidence,0.4457850178803637
cora,GeneralSheaf,true,5,3,best-epoch,1,6,confidence,0.509500407460507
cora,GeneralSheaf,true,5,3,best-epoch,2,6,confidence,0.7555835856266836
cora,GeneralSheaf,true,5,3,best-epoch,3,6,confidence,0.8239734156371505
cora,GeneralSheaf,true,5,3,best-epoch,0,6,saliency,-0.14180249573929876
cora,GeneralSheaf,true,5,3,best-epoch,1,6,saliency,-0.13191997300992128
cora,GeneralSheaf,true,5,3,best-epoch,2,6,saliency,-0.13203220805859336
cora,GeneralSheaf,true,5,3,best-epoch,3,6,saliency,-0.11318627159394676
cora,GeneralSheaf,true,5,3,best-epoch,0,6,cohens_d_train,nan
cora,GeneralSheaf,true,5,3,best-epoch,1,6,cohens_d_train,nan
cora,GeneralSheaf,true,5,3,best-epoch,2,6,cohens_d_train,nan
cora,GeneralSheaf,true,5,3,best-epoch,3,6,cohens_d_train,nan
cora,GeneralSheaf,true,5,3,best-epoch,0,6,cohens_d_test,0.10979052
cora,GeneralSheaf,true,5,3,best-epoch,1,6,cohens_d_test,0.090949796
cora,GeneralSheaf,true,5,3,best-epoch,2,6,cohens_d_test,0.13858832
cora,GeneralSheaf,true,5,3,best-epoch,3,6,cohens_d_test,0.22148032
cora,GeneralSheaf,true,5,3,best-epoch,0,7,degree,0.01778420199361408
cora,GeneralSheaf,true,5,3,best-epoch,1,7,degree,0.14692125194401018
cora,GeneralSheaf,true,5,3,best-epoch,2,7,degree,0.4000419727421413
cora,GeneralSheaf,true,5,3,best-epoch,3,7,degree,0.5402641182131118
cora,GeneralSheaf,true,5,3,best-epoch,0,7,betweenness,0.017162721074653327
cora,GeneralSheaf,true,5,3,best-epoch,1,7,betweenness,0.1167060685721683
cora,GeneralSheaf,true,5,3,best-epoch,2,7,betweenness,0.33857593843864875
cora,GeneralSheaf,true,5,3,best-epoch,3,7,betweenness,0.4508303597060207
cora,GeneralSheaf,true,5,3,best-epoch,0,7,confidence,0.48461550790843316
cora,GeneralSheaf,true,5,3,best-epoch,1,7,confidence,0.5993494194294327
cora,GeneralSheaf,true,5,3,best-epoch,2,7,confidence,0.8001108589173307
cora,GeneralSheaf,true,5,3,best-epoch,3,7,confidence,0.8397015354968512
cora,GeneralSheaf,true,5,3,best-epoch,0,7,saliency,-0.12684884865441237
cora,GeneralSheaf,true,5,3,best-epoch,1,7,saliency,-0.1262724788192236
cora,GeneralSheaf,true,5,3,best-epoch,2,7,saliency,-0.1399176660240294
cora,GeneralSheaf,true,5,3,best-epoch,3,7,saliency,-0.12908216335589048
cora,GeneralSheaf,true,5,3,best-epoch,0,7,cohens_d_train,nan
cora,GeneralSheaf,true,5,3,best-epoch,1,7,cohens_d_train,nan
cora,GeneralSheaf,true,5,3,best-epoch,2,7,cohens_d_train,nan
cora,GeneralSheaf,true,5,3,best-epoch,3,7,cohens_d_train,nan
cora,GeneralSheaf,true,5,3,best-epoch,0,7,cohens_d_test,0.4485872
cora,GeneralSheaf,true,5,3,best-epoch,1,7,cohens_d_test,0.44903392
cora,GeneralSheaf,true,5,3,best-epoch,2,7,cohens_d_test,0.47775257
cora,GeneralSheaf,true,5,3,best-epoch,3,7,cohens_d_test,0.4466365
cora,GeneralSheaf,true,5,3,best-epoch,0,8,degree,0.035482020407551065
cora,GeneralSheaf,true,5,3,best-epoch,1,8,degree,0.1459728669719614
cora,GeneralSheaf,true,5,3,best-epoch,2,8,degree,0.42098843654771473
cora,GeneralSheaf,true,5,3,best-epoch,3,8,degree,0.5338511803547362
cora,GeneralSheaf,true,5,3,best-epoch,0,8,betweenness,0.018210531576030597
cora,GeneralSheaf,true,5,3,best-epoch,1,8,betweenness,0.11560019084972602
cora,GeneralSheaf,true,5,3,best-epoch,2,8,betweenness,0.35263840129157453
cora,GeneralSheaf,true,5,3,best-epoch,3,8,betweenness,0.44539223088064267
cora,GeneralSheaf,true,5,3,best-epoch,0,8,confidence,0.49254483559026274
cora,GeneralSheaf,true,5,3,best-epoch,1,8,confidence,0.59175418502316
cora,GeneralSheaf,true,5,3,best-epoch,2,8,confidence,0.7947292702993438
cora,GeneralSheaf,true,5,3,best-epoch,3,8,confidence,0.8376315871643363
cora,GeneralSheaf,true,5,3,best-epoch,0,8,saliency,-0.12712443587580238
cora,GeneralSheaf,true,5,3,best-epoch,1,8,saliency,-0.10872137864863475
cora,GeneralSheaf,true,5,3,best-epoch,2,8,saliency,-0.10667302054716343
cora,GeneralSheaf,true,5,3,best-epoch,3,8,saliency,-0.1120964942911115
cora,GeneralSheaf,true,5,3,best-epoch,0,8,cohens_d_train,nan
cora,GeneralSheaf,true,5,3,best-epoch,1,8,cohens_d_train,nan
cora,GeneralSheaf,true,5,3,best-epoch,2,8,cohens_d_train,nan
cora,GeneralSheaf,true,5,3,best-epoch,3,8,cohens_d_train,nan
cora,GeneralSheaf,true,5,3,best-epoch,0,8,cohens_d_test,0.25197572
cora,GeneralSheaf,true,5,3,best-epoch,1,8,cohens_d_test,0.28862125
cora,GeneralSheaf,true,5,3,best-epoch,2,8,cohens_d_test,0.39182502
cora,GeneralSheaf,true,5,3,best-epoch,3,8,cohens_d_test,0.4966645
cora,GeneralSheaf,true,5,3,best-epoch,0,9,degree,0.0516601563073283
cora,GeneralSheaf,true,5,3,best-epoch,1,9,degree,0.14799136625154222
cora,GeneralSheaf,true,5,3,best-epoch,2,9,degree,0.3835985894536771
cora,GeneralSheaf,true,5,3,best-epoch,3,9,degree,0.5075930096327358
cora,GeneralSheaf,true,5,3,best-epoch,0,9,betweenness,0.0233615909102663
cora,GeneralSheaf,true,5,3,best-epoch,1,9,betweenness,0.10150140664448355
cora,GeneralSheaf,true,5,3,best-epoch,2,9,betweenness,0.2919113870031525
cora,GeneralSheaf,true,5,3,best-epoch,3,9,betweenness,0.381142165140614
cora,GeneralSheaf,true,5,3,best-epoch,0,9,confidence,0.531265425082327
cora,GeneralSheaf,true,5,3,best-epoch,1,9,confidence,0.6450047817440396
cora,GeneralSheaf,true,5,3,best-epoch,2,9,confidence,0.7993809007985999
cora,GeneralSheaf,true,5,3,best-epoch,3,9,confidence,0.812389523933479
cora,GeneralSheaf,true,5,3,best-epoch,0,9,saliency,-0.17188182778193156
cora,GeneralSheaf,true,5,3,best-epoch,1,9,saliency,-0.17937706086678143
cora,GeneralSheaf,true,5,3,best-epoch,2,9,saliency,-0.18882596671893478
cora,GeneralSheaf,true,5,3,best-epoch,3,9,saliency,-0.17077719143397316
cora,GeneralSheaf,true,5,3,best-epoch,0,9,cohens_d_train,nan
cora,GeneralSheaf,true,5,3,best-epoch,1,9,cohens_d_train,nan
cora,GeneralSheaf,true,5,3,best-epoch,2,9,cohens_d_train,nan
cora,GeneralSheaf,true,5,3,best-epoch,3,9,cohens_d_train,nan
cora,GeneralSheaf,true,5,3,best-epoch,0,9,cohens_d_test,0.22837287
cora,GeneralSheaf,true,5,3,best-epoch,1,9,cohens_d_test,0.22457714
cora,GeneralSheaf,true,5,3,best-epoch,2,9,cohens_d_test,0.26757723
cora,GeneralSheaf,true,5,3,best-epoch,3,9,cohens_d_test,0.28435376
cora,GeneralSheaf,true,5,3,last,0,0,degree,0.04040553899815032
cora,GeneralSheaf,true,5,3,last,1,0,degree,0.11545228085516754
cora,GeneralSheaf,true,5,3,last,2,0,degree,0.31272515021240255
cora,GeneralSheaf,true,5,3,last,3,0,degree,0.5413765503276106
cora,GeneralSheaf,true,5,3,last,0,0,betweenness,0.0007855983832045708
cora,GeneralSheaf,true,5,3,last,1,0,betweenness,0.06438083125852924
cora,GeneralSheaf,true,5,3,last,2,0,betweenness,0.2460832427980896
cora,GeneralSheaf,true,5,3,last,3,0,betweenness,0.45316938398699363
cora,GeneralSheaf,true,5,3,last,0,0,confidence,0.47391136794587296
cora,GeneralSheaf,true,5,3,last,1,0,confidence,0.5410678162518224
cora,GeneralSheaf,true,5,3,last,2,0,confidence,0.7283893945413834
cora,GeneralSheaf,true,5,3,last,3,0,confidence,0.8530123041223026
cora,GeneralSheaf,true,5,3,last,0,0,saliency,-0.18726820054459584
cora,GeneralSheaf,true,5,3,last,1,0,saliency,-0.17792625830311776
cora,GeneralSheaf,true,5,3,last,2,0,saliency,-0.16492377850534035
cora,GeneralSheaf,true,5,3,last,3,0,saliency,-0.12532928158026813
cora,GeneralSheaf,true,5,3,last,0,0,cohens_d_train,0.4107688
cora,GeneralSheaf,true,5,3,last,1,0,cohens_d_train,0.18453915
cora,GeneralSheaf,true,5,3,last,2,0,cohens_d_train,0.029931435
cora,GeneralSheaf,true,5,3,last,3,0,cohens_d_train,0.12691103
cora,GeneralSheaf,true,5,3,last,0,0,cohens_d_test,0.3264667
cora,GeneralSheaf,true,5,3,last,1,0,cohens_d_test,0.31021985
cora,GeneralSheaf,true,5,3,last,2,0,cohens_d_test,0.2525285
cora,GeneralSheaf,true,5,3,last,3,0,cohens_d_test,0.26440337
cora,GeneralSheaf,true,5,3,last,0,1,degree,0.04852873806389298
cora,GeneralSheaf,true,5,3,last,1,1,degree,0.15053887752866507
cora,GeneralSheaf,true,5,3,last,2,1,degree,0.38797602209924104
cora,GeneralSheaf,true,5,3,last,3,1,degree,0.5342644832330626
cora,GeneralSheaf,true,5,3,last,0,1,betweenness,0.01516257913585881
cora,GeneralSheaf,true,5,3,last,1,1,betweenness,0.10439852376243677
cora,GeneralSheaf,true,5,3,last,2,1,betweenness,0.3260685248395871
cora,GeneralSheaf,true,5,3,last,3,1,betweenness,0.4488515431220599
cora,GeneralSheaf,true,5,3,last,0,1,confidence,0.4925458808341595
cora,GeneralSheaf,true,5,3,last,1,1,confidence,0.5751318205078351
cora,GeneralSheaf,true,5,3,last,2,1,confidence,0.7727049478191492
cora,GeneralSheaf,true,5,3,last,3,1,confidence,0.8486139381656276
cora,GeneralSheaf,true,5,3,last,0,1,saliency,-0.16139032106174914
cora,GeneralSheaf,true,5,3,last,1,1,saliency,-0.13571577370903345
cora,GeneralSheaf,true,5,3,last,2,1,saliency,-0.11135571800380636
cora,GeneralSheaf,true,5,3,last,3,1,saliency,-0.10617631294239198
cora,GeneralSheaf,true,5,3,last,0,1,cohens_d_train,nan
cora,GeneralSheaf,true,5,3,last,1,1,cohens_d_train,nan
cora,GeneralSheaf,true,5,3,last,2,1,cohens_d_train,nan
cora,GeneralSheaf,true,5,3,last,3,1,cohens_d_train,nan
cora,GeneralSheaf,true,5,3,last,0,1,cohens_d_test,0.430584
cora,GeneralSheaf,true,5,3,last,1,1,cohens_d_test,0.40245003
cora,GeneralSheaf,true,5,3,last,2,1,cohens_d_test,0.42074665
cora,GeneralSheaf,true,5,3,last,3,1,cohens_d_test,0.50536114
cora,GeneralSheaf,true,5,3,last,0,2,degree,0.04567884474888816
cora,GeneralSheaf,true,5,3,last,1,2,degree,0.11597463648234024
cora,GeneralSheaf,true,5,3,last,2,2,degree,0.3393268861838494
cora,GeneralSheaf,true,5,3,last,3,2,degree,0.5407355420595418
cora,GeneralSheaf,true,5,3,last,0,2,betweenness,-0.0069121976811136725
cora,GeneralSheaf,true,5,3,last,1,2,betweenness,0.062495341769952924
cora,GeneralSheaf,true,5,3,last,2,2,betweenness,0.27090133357879037
cora,GeneralSheaf,true,5,3,last,3,2,betweenness,0.45699758950707675
cora,GeneralSheaf,true,5,3,last,0,2,confidence,0.398381617847043
cora,GeneralSheaf,true,5,3,last,1,2,confidence,0.46767276891258985
cora,GeneralSheaf,true,5,3,last,2,2,confidence,0.704118720459475
cora,GeneralSheaf,true,5,3,last,3,2,confidence,0.8528771605529533
cora,GeneralSheaf,true,5,3,last,0,2,saliency,-0.1872513450261762
cora,GeneralSheaf,true,5,3,last,1,2,saliency,-0.1687813072329165
cora,GeneralSheaf,true,5,3,last,2,2,saliency,-0.15240643116894378
cora,GeneralSheaf,true,5,3,last,3,2,saliency,-0.1451807559758464
cora,GeneralSheaf,true,5,3,last,0,2,cohens_d_train,0.08215911
cora,GeneralSheaf,true,5,3,last,1,2,cohens_d_train,0.035425738
cora,GeneralSheaf,true,5,3,last,2,2,cohens_d_train,0.26091707
cora,GeneralSheaf,true,5,3,last,3,2,cohens_d_train,0.54482883
cora,GeneralSheaf,true,5,3,last,0,2,cohens_d_test,0.4182985
cora,GeneralSheaf,true,5,3,last,1,2,cohens_d_test,0.35103136
cora,GeneralSheaf,true,5,3,last,2,2,cohens_d_test,0.26493424
cora,GeneralSheaf,true,5,3,last,3,2,cohens_d_test,0.33845854
cora,GeneralSheaf,true,5,3,last,0,3,degree,0.023783818221570118
cora,GeneralSheaf,true,5,3,last,1,3,degree,0.1475983871644219
cora,GeneralSheaf,true,5,3,last,2,3,degree,0.3790937172509334
cora,GeneralSheaf,true,5,3,last,3,3,degree,0.5233564392748796
cora,GeneralSheaf,true,5,3,last,0,3,betweenness,-0.031116649313027364
cora,GeneralSheaf,true,5,3,last,1,3,betweenness,0.08324553603827198
cora,GeneralSheaf,true,5,3,last,2,3,betweenness,0.3107721934588234
cora,GeneralSheaf,true,5,3,last,3,3,betweenness,0.4506971411924018
cora,GeneralSheaf,true,5,3,last,0,3,confidence,0.40328855206105374
cora,GeneralSheaf,true,5,3,last,1,3,confidence,0.5277882620228238
cora,GeneralSheaf,true,5,3,last,2,3,confidence,0.7547171814615395
cora,GeneralSheaf,true,5,3,last,3,3,confidence,0.8702416972161029
cora,GeneralSheaf,true,5,3,last,0,3,saliency,-0.16169690491295416
cora,GeneralSheaf,true,5,3,last,1,3,saliency,-0.1358434113772022
cora,GeneralSheaf,true,5,3,last,2,3,saliency,-0.10215409097568343
cora,GeneralSheaf,true,5,3,last,3,3,saliency,-0.1093530193323337
cora,GeneralSheaf,true,5,3,last,0,3,cohens_d_train,nan
cora,GeneralSheaf,true,5,3,last,1,3,cohens_d_train,nan
cora,GeneralSheaf,true,5,3,last,2,3,cohens_d_train,nan
cora,GeneralSheaf,true,5,3,last,3,3,cohens_d_train,nan
cora,GeneralSheaf,true,5,3,last,0,3,cohens_d_test,0.39326516
cora,GeneralSheaf,true,5,3,last,1,3,cohens_d_test,0.36998892
cora,GeneralSheaf,true,5,3,last,2,3,cohens_d_test,0.3399025
cora,GeneralSheaf,true,5,3,last,3,3,cohens_d_test,0.35963237
cora,GeneralSheaf,true,5,3,last,0,4,degree,0.04121206743383957
cora,GeneralSheaf,true,5,3,last,1,4,degree,0.13582005290082547
cora,GeneralSheaf,true,5,3,last,2,4,degree,0.378459532870779
cora,GeneralSheaf,true,5,3,last,3,4,degree,0.5580594024094123
cora,GeneralSheaf,true,5,3,last,0,4,betweenness,-0.0020440199151273565
cora,GeneralSheaf,true,5,3,last,1,4,betweenness,0.07292573882368088
cora,GeneralSheaf,true,5,3,last,2,4,betweenness,0.2937648556350286
cora,GeneralSheaf,true,5,3,last,3,4,betweenness,0.451041784782084
cora,GeneralSheaf,true,5,3,last,0,4,confidence,0.4169347953995939
cora,GeneralSheaf,true,5,3,last,1,4,confidence,0.5045590469391666
cora,GeneralSheaf,true,5,3,last,2,4,confidence,0.7127870963565802
cora,GeneralSheaf,true,5,3,last,3,4,confidence,0.8217513294126343
cora,GeneralSheaf,true,5,3,last,0,4,saliency,-0.13540060694249667
cora,GeneralSheaf,true,5,3,last,1,4,saliency,-0.1308603851770946
cora,GeneralSheaf,true,5,3,last,2,4,saliency,-0.10368469441209613
cora,GeneralSheaf,true,5,3,last,3,4,saliency,-0.09519580019580394
cora,GeneralSheaf,true,5,3,last,0,4,cohens_d_train,nan
cora,GeneralSheaf,true,5,3,last,1,4,cohens_d_train,nan
cora,GeneralSheaf,true,5,3,last,2,4,cohens_d_train,nan
cora,GeneralSheaf,true,5,3,last,3,4,cohens_d_train,nan
cora,GeneralSheaf,true,5,3,last,0,4,cohens_d_test,0.3356693
cora,GeneralSheaf,true,5,3,last,1,4,cohens_d_test,0.33220786
cora,GeneralSheaf,true,5,3,last,2,4,cohens_d_test,0.2872522
cora,GeneralSheaf,true,5,3,last,3,4,cohens_d_test,0.33770886
cora,GeneralSheaf,true,5,3,last,0,5,degree,0.0020244096189182027
cora,GeneralSheaf,true,5,3,last,1,5,degree,0.06368045030544205
cora,GeneralSheaf,true,5,3,last,2,5,degree,0.21750584815533847
cora,GeneralSheaf,true,5,3,last,3,5,degree,0.5244222268225402
cora,GeneralSheaf,true,5,3,last,0,5,betweenness,-0.06706937502856475
cora,GeneralSheaf,true,5,3,last,1,5,betweenness,-0.011124790343503504
cora,GeneralSheaf,true,5,3,last,2,5,betweenness,0.13396469224185495
cora,GeneralSheaf,true,5,3,last,3,5,betweenness,0.43079315394239864
cora,GeneralSheaf,true,5,3,last,0,5,confidence,0.3140667355803057
cora,GeneralSheaf,true,5,3,last,1,5,confidence,0.38418333806229676
cora,GeneralSheaf,true,5,3,last,2,5,confidence,0.5766410729597099
cora,GeneralSheaf,true,5,3,last,3,5,confidence,0.7791450973252262
cora,GeneralSheaf,true,5,3,last,0,5,saliency,-0.19770674947028677
cora,GeneralSheaf,true,5,3,last,1,5,saliency,-0.1938653794205052
cora,GeneralSheaf,true,5,3,last,2,5,saliency,-0.19327473231728315
cora,GeneralSheaf,true,5,3,last,3,5,saliency,-0.14113290431305284
cora,GeneralSheaf,true,5,3,last,0,5,cohens_d_train,0.35146838
cora,GeneralSheaf,true,5,3,last,1,5,cohens_d_train,0.3386645
cora,GeneralSheaf,true,5,3,last,2,5,cohens_d_train,0.26779312
cora,GeneralSheaf,true,5,3,last,3,5,cohens_d_train,0.28315338
cora,GeneralSheaf,true,5,3,last,0,5,cohens_d_test,0.30083743
cora,GeneralSheaf,true,5,3,last,1,5,cohens_d_test,0.27725092
cora,GeneralSheaf,true,5,3,last,2,5,cohens_d_test,0.22792491
cora,GeneralSheaf,true,5,3,last,3,5,cohens_d_test,0.2591051
cora,GeneralSheaf,true,5,3,last,0,6,degree,0.026793715576319738
cora,GeneralSheaf,true,5,3,last,1,6,degree,0.07679169959068617
cora,GeneralSheaf,true,5,3,last,2,6,degree,0.3386674768854853
cora,GeneralSheaf,true,5,3,last,3,6,degree,0.5462124288252403
cora,GeneralSheaf,true,5,3,last,0,6,betweenness,-0.015491073022483379
cora,GeneralSheaf,true,5,3,last,1,6,betweenness,0.05013674527806184
cora,GeneralSheaf,true,5,3,last,2,6,betweenness,0.2938983420510212
cora,GeneralSheaf,true,5,3,last,3,6,betweenness,0.44890082485065474
cora,GeneralSheaf,true,5,3,last,0,6,confidence,0.37815867065635517
cora,GeneralSheaf,true,5,3,last,1,6,confidence,0.4661741727641513
cora,GeneralSheaf,true,5,3,last,2,6,confidence,0.7219936946526322
cora,GeneralSheaf,true,5,3,last,3,6,confidence,0.8205222843240907
cora,GeneralSheaf,true,5,3,last,0,6,saliency,-0.15502444610487892
cora,GeneralSheaf,true,5,3,last,1,6,saliency,-0.13230717148965507
cora,GeneralSheaf,true,5,3,last,2,6,saliency,-0.12647755697005517
cora,GeneralSheaf,true,5,3,last,3,6,saliency,-0.11191040270719847
cora,GeneralSheaf,true,5,3,last,0,6,cohens_d_train,nan
cora,GeneralSheaf,true,5,3,last,1,6,cohens_d_train,nan
cora,GeneralSheaf,true,5,3,last,2,6,cohens_d_train,nan
cora,GeneralSheaf,true,5,3,last,3,6,cohens_d_train,nan
cora,GeneralSheaf,true,5,3,last,0,6,cohens_d_test,0.36621398
cora,GeneralSheaf,true,5,3,last,1,6,cohens_d_test,0.32599738
cora,GeneralSheaf,true,5,3,last,2,6,cohens_d_test,0.2859436
cora,GeneralSheaf,true,5,3,last,3,6,cohens_d_test,0.2915151
cora,GeneralSheaf,true,5,3,last,0,7,degree,0.0399557866706908
cora,GeneralSheaf,true,5,3,last,1,7,degree,0.15820689306466224
cora,GeneralSheaf,true,5,3,last,2,7,degree,0.42323126474426087
cora,GeneralSheaf,true,5,3,last,3,7,degree,0.5535345321930222
cora,GeneralSheaf,true,5,3,last,0,7,betweenness,0.008039183333479616
cora,GeneralSheaf,true,5,3,last,1,7,betweenness,0.1046698994513869
cora,GeneralSheaf,true,5,3,last,2,7,betweenness,0.33743142015756583
cora,GeneralSheaf,true,5,3,last,3,7,betweenness,0.4471649741083629
cora,GeneralSheaf,true,5,3,last,0,7,confidence,0.3972666262517022
cora,GeneralSheaf,true,5,3,last,1,7,confidence,0.5020770526340056
cora,GeneralSheaf,true,5,3,last,2,7,confidence,0.7440196138927351
cora,GeneralSheaf,true,5,3,last,3,7,confidence,0.8341902329990609
cora,GeneralSheaf,true,5,3,last,0,7,saliency,-0.12115479142276064
cora,GeneralSheaf,true,5,3,last,1,7,saliency,-0.10170287189242119
cora,GeneralSheaf,true,5,3,last,2,7,saliency,-0.0835758648693182
cora,GeneralSheaf,true,5,3,last,3,7,saliency,-0.09293830889493176
cora,GeneralSheaf,true,5,3,last,0,7,cohens_d_train,nan
cora,GeneralSheaf,true,5,3,last,1,7,cohens_d_train,nan
cora,GeneralSheaf,true,5,3,last,2,7,cohens_d_train,nan
cora,GeneralSheaf,true,5,3,last,3,7,cohens_d_train,nan
cora,GeneralSheaf,true,5,3,last,0,7,cohens_d_test,0.33791488
cora,GeneralSheaf,true,5,3,last,1,7,cohens_d_test,0.32166022
cora,GeneralSheaf,true,5,3,last,2,7,cohens_d_test,0.31445247
cora,GeneralSheaf,true,5,3,last,3,7,cohens_d_test,0.2994447
cora,GeneralSheaf,true,5,3,last,0,8,degree,0.050549854286766505
cora,GeneralSheaf,true,5,3,last,1,8,degree,0.1286773499693288
cora,GeneralSheaf,true,5,3,last,2,8,degree,0.4324098419815196
cora,GeneralSheaf,true,5,3,last,3,8,degree,0.5858463200324331
cora,GeneralSheaf,true,5,3,last,0,8,betweenness,0.023483752688586806
cora,GeneralSheaf,true,5,3,last,1,8,betweenness,0.09178953305050093
cora,GeneralSheaf,true,5,3,last,2,8,betweenness,0.3449270586159086
cora,GeneralSheaf,true,5,3,last,3,8,betweenness,0.4679853541619515
cora,GeneralSheaf,true,5,3,last,0,8,confidence,0.4720282487802504
cora,GeneralSheaf,true,5,3,last,1,8,confidence,0.5286454681258238
cora,GeneralSheaf,true,5,3,last,2,8,confidence,0.7714911510134479
cora,GeneralSheaf,true,5,3,last,3,8,confidence,0.8476849670420337
cora,GeneralSheaf,true,5,3,last,0,8,saliency,-0.10967953471306092
cora,GeneralSheaf,true,5,3,last,1,8,saliency,-0.07857915425189811
cora,GeneralSheaf,true,5,3,last,2,8,saliency,-0.0579788725601724
cora,GeneralSheaf,true,5,3,last,3,8,saliency,-0.055438216247786005
cora,GeneralSheaf,true,5,3,last,0,8,cohens_d_train,nan
cora,GeneralSheaf,true,5,3,last,1,8,cohens_d_train,nan
cora,GeneralSheaf,true,5,3,last,2,8,cohens_d_train,nan
cora,GeneralSheaf,true,5,3,last,3,8,cohens_d_train,nan
cora,GeneralSheaf,true,5,3,last,0,8,cohens_d_test,0.119438455
cora,GeneralSheaf,true,5,3,last,1,8,cohens_d_test,0.17216904
cora,GeneralSheaf,true,5,3,last,2,8,cohens_d_test,0.3135893
cora,GeneralSheaf,true,5,3,last,3,8,cohens_d_test,0.39203206
cora,GeneralSheaf,true,5,3,last,0,9,degree,0.04386213804721417
cora,GeneralSheaf,true,5,3,last,1,9,degree,0.18167583608122867
cora,GeneralSheaf,true,5,3,last,2,9,degree,0.4506530324468436
cora,GeneralSheaf,true,5,3,last,3,9,degree,0.5587196814826632
cora,GeneralSheaf,true,5,3,last,0,9,betweenness,0.012691276759843915
cora,GeneralSheaf,true,5,3,last,1,9,betweenness,0.12546716469332322
cora,GeneralSheaf,true,5,3,last,2,9,betweenness,0.36396543747934856
cora,GeneralSheaf,true,5,3,last,3,9,betweenness,0.4461002948202665
cora,GeneralSheaf,true,5,3,last,0,9,confidence,0.4581173761892373
cora,GeneralSheaf,true,5,3,last,1,9,confidence,0.576297141431577
cora,GeneralSheaf,true,5,3,last,2,9,confidence,0.7972765473001245
cora,GeneralSheaf,true,5,3,last,3,9,confidence,0.8520255251847237
cora,GeneralSheaf,true,5,3,last,0,9,saliency,-0.11329316994261526
cora,GeneralSheaf,true,5,3,last,1,9,saliency,-0.09299390031564529
cora,GeneralSheaf,true,5,3,last,2,9,saliency,-0.07978304864950501
cora,GeneralSheaf,true,5,3,last,3,9,saliency,-0.08358632809690184
cora,GeneralSheaf,true,5,3,last,0,9,cohens_d_train,nan
cora,GeneralSheaf,true,5,3,last,1,9,cohens_d_train,nan
cora,GeneralSheaf,true,5,3,last,2,9,cohens_d_train,nan
cora,GeneralSheaf,true,5,3,last,3,9,cohens_d_train,nan
cora,GeneralSheaf,true,5,3,last,0,9,cohens_d_test,0.27480966
cora,GeneralSheaf,true,5,3,last,1,9,cohens_d_test,0.2522316
cora,GeneralSheaf,true,5,3,last,2,9,cohens_d_test,0.23648681
cora,GeneralSheaf,true,5,3,last,3,9,cohens_d_test,0.25969806
