dataset,model,normalised,d,layers,checkpoint,layer,fold,observable,value
cornell,GeneralSheaf,true,2,2,epoch-0,0,0,degree,-0.037540123301045496
cornell,GeneralSheaf,true,2,2,epoch-0,1,0,degree,-0.03769365745131152
cornell,GeneralSheaf,true,2,2,epoch-0,2,0,degree,-0.03787073350461835
cornell,GeneralSheaf,true,2,2,epoch-0,0,0,betweenness,-0.06389052619290793
cornell,GeneralSheaf,true,2,2,epoch-0,1,0,betweenness,-0.0641787320670127
cornell,GeneralSheaf,true,2,2,epoch-0,2,0,betweenness,-0.0643285991215472
cornell,GeneralSheaf,true,2,2,epoch-0,0,0,confidence,0.40556558824383754
cornell,GeneralSheaf,true,2,2,epoch-0,1,0,confidence,0.40572811289789756
cornell,GeneralSheaf,true,2,2,epoch-0,2,0,confidence,0.4061236548270555
cornell,GeneralSheaf,true,2,2,epoch-0,0,0,saliency,0.011345390176466442
cornell,GeneralSheaf,true,2,2,epoch-0,1,0,saliency,0.011280771972147597
cornell,GeneralSheaf,true,2,2,epoch-0,2,0,saliency,0.011102582378419872
cornell,GeneralSheaf,true,2,2,epoch-0,0,0,cohens_d_train,0.7880674
cornell,GeneralSheaf,true,2,2,epoch-0,1,0,cohens_d_train,0.78809154
cornell,GeneralSheaf,true,2,2,epoch-0,2,0,cohens_d_train,0.7880721
cornell,GeneralSheaf,true,2,2,epoch-0,0,0,cohens_d_test,0.8712259
cornell,GeneralSheaf,true,2,2,epoch-0,1,0,cohens_d_test,0.8712724
cornell,GeneralSheaf,true,2,2,epoch-0,2,0,cohens_d_test,0.8712227
cornell,GeneralSheaf,true,2,2,epoch-0,0,1,degree,0.04296397304944336
cornell,GeneralSheaf,true,2,2,epoch-0,1,1,degree,0.04281248602118088
cornell,GeneralSheaf,true,2,2,epoch-0,2,1,degree,0.04281248602118088
cornell,GeneralSheaf,true,2,2,epoch-0,0,1,betweenness,-0.0006403410511928013
cornell,GeneralSheaf,true,2,2,epoch-0,1,1,betweenness,-0.0007556234008347132
cornell,GeneralSheaf,true,2,2,epoch-0,2,1,betweenness,-0.0007556234008347132
cornell,GeneralSheaf,true,2,2,epoch-0,0,1,confidence,0.4267644948077351
cornell,GeneralSheaf,true,2,2,epoch-0,1,1,confidence,0.4272031157755799
cornell,GeneralSheaf,true,2,2,epoch-0,2,1,confidence,0.4272031157755799
cornell,GeneralSheaf,true,2,2,epoch-0,0,1,saliency,-0.28983222764405947
cornell,GeneralSheaf,true,2,2,epoch-0,1,1,saliency,-0.2902356018892014
cornell,GeneralSheaf,true,2,2,epoch-0,2,1,saliency,-0.2902356018892014
cornell,GeneralSheaf,true,2,2,epoch-0,0,1,cohens_d_train,nan
cornell,GeneralSheaf,true,2,2,epoch-0,1,1,cohens_d_train,nan
cornell,GeneralSheaf,true,2,2,epoch-0,2,1,cohens_d_train,nan
cornell,GeneralSheaf,true,2,2,epoch-0,0,1,cohens_d_test,nan
cornell,GeneralSheaf,true,2,2,epoch-0,1,1,cohens_d_test,nan
cornell,GeneralSheaf,true,2,2,epoch-0,2,1,cohens_d_test,nan
cornell,GeneralSheaf,true,2,2,epoch-0,0,2,degree,-0.10306133370757363
cornell,GeneralSheaf,true,2,2,epoch-0,1,2,degree,-0.10252191705963898
cornell,GeneralSheaf,true,2,2,epoch-0,2,2,degree,-0.10157717025500203
cornell,GeneralSheaf,true,2,2,epoch-0,0,2,betweenness,-0.04418982066046558
cornell,GeneralSheaf,true,2,2,epoch-0,1,2,betweenness,-0.043649041638508974
cornell,GeneralSheaf,true,2,2,epoch-0,2,2,betweenness,-0.042933243049368734
cornell,GeneralSheaf,true,2,2,epoch-0,0,2,confidence,0.05490398802410739
cornell,GeneralSheaf,true,2,2,epoch-0,1,2,confidence,0.055354357767876596
cornell,GeneralSheaf,true,2,2,epoch-0,2,2,confidence,0.0562825110659053
cornell,GeneralSheaf,true,2,2,epoch-0,0,2,saliency,-0.16560079264997302
cornell,GeneralSheaf,true,2,2,epoch-0,1,2,saliency,-0.1656321226884306
cornell,GeneralSheaf,true,2,2,epoch-0,2,2,saliency,-0.1673963954790755
cornell,GeneralSheaf,true,2,2,epoch-0,0,2,cohens_d_train,nan
cornell,GeneralSheaf,true,2,2,epoch-0,1,2,cohens_d_train,nan
cornell,GeneralSheaf,true,2,2,epoch-0,2,2,cohens_d_train,nan
cornell,GeneralSheaf,true,2,2,epoch-0,0,2,cohens_d_test,nan
cornell,GeneralSheaf,true,2,2,epoch-0,1,2,cohens_d_test,nan
cornell,GeneralSheaf,true,2,2,epoch-0,2,2,cohens_d_test,nan
cornell,GeneralSheaf,true,2,2,epoch-0,0,3,degree,-0.02425532505902702
cornell,GeneralSheaf,true,2,2,epoch-0,1,3,degree,-0.02435870472020615
cornell,GeneralSheaf,true,2,2,epoch-0,2,3,degree,-0.024522474480489914
cornell,GeneralSheaf,true,2,2,epoch-0,0,3,betweenness,0.0781404726300086
cornell,GeneralSheaf,true,2,2,epoch-0,1,3,betweenness,0.07787532322583221
cornell,GeneralSheaf,true,2,2,epoch-0,2,3,betweenness,0.07787427520447185
cornell,GeneralSheaf,true,2,2,epoch-0,0,3,confidence,0.15958738339351314
cornell,GeneralSheaf,true,2,2,epoch-0,1,3,confidence,0.15985368872040293
cornell,GeneralSheaf,true,2,2,epoch-0,2,3,confidence,0.15959717403053114
cornell,GeneralSheaf,true,2,2,epoch-0,0,3,saliency,-0.01673318591890514
cornell,GeneralSheaf,true,2,2,epoch-0,1,3,saliency,-0.01691333372822458
cornell,GeneralSheaf,true,2,2,epoch-0,2,3,saliency,-0.01674297656071598
cornell,GeneralSheaf,true,2,2,epoch-0,0,3,cohens_d_train,0.332035
cornell,GeneralSheaf,true,2,2,epoch-0,1,3,cohens_d_train,0.33200908
cornell,GeneralSheaf,true,2,2,epoch-0,2,3,cohens_d_train,0.33196312
cornell,GeneralSheaf,true,2,2,epoch-0,0,3,cohens_d_test,0.43298838
cornell,GeneralSheaf,true,2,2,epoch-0,1,3,cohens_d_test,0.4330327
cornell,GeneralSheaf,true,2,2,epoch-0,2,3,cohens_d_test,0.43225297
cornell,GeneralSheaf,true,2,2,epoch-0,0,4,degree,0.04393737956212998
cornell,GeneralSheaf,true,2,2,epoch-0,1,4,degree,0.04347575355033012
cornell,GeneralSheaf,true,2,2,epoch-0,2,4,degree,0.043863683170002284
cornell,GeneralSheaf,true,2,2,epoch-0,0,4,betweenness,0.032589272222408094
cornell,GeneralSheaf,true,2,2,epoch-0,1,4,betweenness,0.0322633375793296
cornell,GeneralSheaf,true,2,2,epoch-0,2,4,betweenness,0.03235451543768275
cornell,GeneralSheaf,true,2,2,epoch-0,0,4,confidence,-0.029373926699371562
cornell,GeneralSheaf,true,2,2,epoch-0,1,4,confidence,-0.029422879980318447
cornell,GeneralSheaf,true,2,2,epoch-0,2,4,confidence,-0.029348470993279176
cornell,GeneralSheaf,true,2,2,epoch-0,0,4,saliency,0.07996506699002853
cornell,GeneralSheaf,true,2,2,epoch-0,1,4,saliency,0.08023724683236985
cornell,GeneralSheaf,true,2,2,epoch-0,2,4,saliency,0.07993961132132034
cornell,GeneralSheaf,true,2,2,epoch-0,0,4,cohens_d_train,0.6144247
cornell,GeneralSheaf,true,2,2,epoch-0,1,4,cohens_d_train,0.6146209
cornell,GeneralSheaf,true,2,2,epoch-0,2,4,cohens_d_train,0.61479264
cornell,GeneralSheaf,true,2,2,epoch-0,0,4,cohens_d_test,0.2337217
cornell,GeneralSheaf,true,2,2,epoch-0,1,4,cohens_d_test,0.23390804
cornell,GeneralSheaf,true,2,2,epoch-0,2,4,cohens_d_test,0.23355347
cornell,GeneralSheaf,true,2,2,epoch-0,0,5,degree,0.0404695548881213
cornell,GeneralSheaf,true,2,2,epoch-0,1,5,degree,0.04102432495108255
cornell,GeneralSheaf,true,2,2,epoch-0,2,5,degree,0.040825754116738486
cornell,GeneralSheaf,true,2,2,epoch-0,0,5,betweenness,0.02255341967539948
cornell,GeneralSheaf,true,2,2,epoch-0,1,5,betweenness,0.0227179590289793
cornell,GeneralSheaf,true,2,2,epoch-0,2,5,betweenness,0.022724247157141587
cornell,GeneralSheaf,true,2,2,epoch-0,0,5,confidence,0.0037635227120865586
cornell,GeneralSheaf,true,2,2,epoch-0,1,5,confidence,0.00411696488145785
cornell,GeneralSheaf,true,2,2,epoch-0,2,5,confidence,0.003934858943776243
cornell,GeneralSheaf,true,2,2,epoch-0,0,5,saliency,-0.23262662848971857
cornell,GeneralSheaf,true,2,2,epoch-0,1,5,saliency,-0.23255221961195624
cornell,GeneralSheaf,true,2,2,epoch-0,2,5,saliency,-0.23262858661808075
cornell,GeneralSheaf,true,2,2,epoch-0,0,5,cohens_d_train,nan
cornell,GeneralSheaf,true,2,2,epoch-0,1,5,cohens_d_train,nan
cornell,GeneralSheaf,true,2,2,epoch-0,2,5,cohens_d_train,nan
cornell,GeneralSheaf,true,2,2,epoch-0,0,5,cohens_d_test,nan
cornell,GeneralSheaf,true,2,2,epoch-0,1,5,cohens_d_test,nan
cornell,GeneralSheaf,true,2,2,epoch-0,2,5,cohens_d_test,nan
cornell,GeneralSheaf,true,2,2,epoch-0,0,6,degree,-0.09479198437424538
cornell,GeneralSheaf,true,2,2,epoch-0,1,6,degree,-0.09449617524473285
cornell,GeneralSheaf,true,2,2,epoch-0,2,6,degree,-0.0941379288941121
cornell,GeneralSheaf,true,2,2,epoch-0,0,6,betweenness,-0.03850325675903818
cornell,GeneralSheaf,true,2,2,epoch-0,1,6,betweenness,-0.03821714692765416
cornell,GeneralSheaf,true,2,2,epoch-0,2,6,betweenness,-0.03770571250378822
cornell,GeneralSheaf,true,2,2,epoch-0,0,6,confidence,-0.19768275203057817
cornell,GeneralSheaf,true,2,2,epoch-0,1,6,confidence,-0.19780023967479424
cornell,GeneralSheaf,true,2,2,epoch-0,2,6,confidence,-0.19851691430451232
cornell,GeneralSheaf,true,2,2,epoch-0,0,6,saliency,0.05815246763215402
cornell,GeneralSheaf,true,2,2,epoch-0,1,6,saliency,0.05825037400233409
cornell,GeneralSheaf,true,2,2,epoch-0,2,6,saliency,0.0588201890767821
cornell,GeneralSheaf,true,2,2,epoch-0,0,6,cohens_d_train,0.55835027
cornell,GeneralSheaf,true,2,2,epoch-0,1,6,cohens_d_train,0.5586961
cornell,GeneralSheaf,true,2,2,epoch-0,2,6,cohens_d_train,0.5599982
cornell,GeneralSheaf,true,2,2,epoch-0,0,6,cohens_d_test,0.8125019
cornell,GeneralSheaf,true,2,2,epoch-0,1,6,cohens_d_test,0.81265813
cornell,GeneralSheaf,true,2,2,epoch-0,2,6,cohens_d_test,0.8125654
cornell,GeneralSheaf,true,2,2,epoch-0,0,7,degree,-0.009210001893958103
cornell,GeneralSheaf,true,2,2,epoch-0,1,7,degree,-0.008692080027060704
cornell,GeneralSheaf,true,2,2,epoch-0,2,7,degree,-0.008680820856041195
cornell,GeneralSheaf,true,2,2,epoch-0,0,7,betweenness,-0.0830053877848973
cornell,GeneralSheaf,true,2,2,epoch-0,1,7,betweenness,-0.08251700983095973
cornell,GeneralSheaf,true,2,2,epoch-0,2,7,betweenness,-0.08261866790291669
cornell,GeneralSheaf,true,2,2,epoch-0,0,7,confidence,-0.1257305046197769
cornell,GeneralSheaf,true,2,2,epoch-0,1,7,confidence,-0.12580099727532337
cornell,GeneralSheaf,true,2,2,epoch-0,2,7,confidence,-0.1252977580398943
cornell,GeneralSheaf,true,2,2,epoch-0,0,7,saliency,-0.1611891316096591
cornell,GeneralSheaf,true,2,2,epoch-0,1,7,saliency,-0.16141040000626605
cornell,GeneralSheaf,true,2,2,epoch-0,2,7,saliency,-0.16095807257603412
cornell,GeneralSheaf,true,2,2,epoch-0,0,7,cohens_d_train,0.43732938
cornell,GeneralSheaf,true,2,2,epoch-0,1,7,cohens_d_train,0.43763724
cornell,GeneralSheaf,true,2,2,epoch-0,2,7,cohens_d_train,0.43774632
cornell,GeneralSheaf,true,2,2,epoch-0,0,7,cohens_d_test,0.45926183
cornell,GeneralSheaf,true,2,2,epoch-0,1,7,cohens_d_test,0.45923856
cornell,GeneralSheaf,true,2,2,epoch-0,2,7,cohens_d_test,0.45933977
cornell,GeneralSheaf,true,2,2,epoch-0,0,8,degree,-0.06716402581437461
cornell,GeneralSheaf,true,2,2,epoch-0,1,8,degree,-0.06685081614783192
cornell,GeneralSheaf,true,2,2,epoch-0,2,8,degree,-0.06678837892672373
cornell,GeneralSheaf,true,2,2,epoch-0,0,8,betweenness,-0.09692311145075719
cornell,GeneralSheaf,true,2,2,epoch-0,1,8,betweenness,-0.09654058365421812
cornell,GeneralSheaf,true,2,2,epoch-0,2,8,betweenness,-0.09638862055696287
cornell,GeneralSheaf,true,2,2,epoch-0,0,8,confidence,0.21599320138165473
cornell,GeneralSheaf,true,2,2,epoch-0,1,8,confidence,0.21577389111245135
cornell,GeneralSheaf,true,2,2,epoch-0,2,8,confidence,0.2157895561316802
cornell,GeneralSheaf,true,2,2,epoch-0,0,8,saliency,0.06141862414136114
cornell,GeneralSheaf,true,2,2,epoch-0,1,8,saliency,0.06191598850187589
cornell,GeneralSheaf,true,2,2,epoch-0,2,8,saliency,0.061937527903315505
cornell,GeneralSheaf,true,2,2,epoch-0,0,8,cohens_d_train,0.5189264
cornell,GeneralSheaf,true,2,2,epoch-0,1,8,cohens_d_train,0.5188232
cornell,GeneralSheaf,true,2,2,epoch-0,2,8,cohens_d_train,0.5190013
cornell,GeneralSheaf,true,2,2,epoch-0,0,8,cohens_d_test,0.77914786
cornell,GeneralSheaf,true,2,2,epoch-0,1,8,cohens_d_test,0.77908105
cornell,GeneralSheaf,true,2,2,epoch-0,2,8,cohens_d_test,0.77925444
cornell,GeneralSheaf,true,2,2,epoch-0,0,9,degree,0.028694509123718764
cornell,GeneralSheaf,true,2,2,epoch-0,1,9,degree,0.029085509426396247
cornell,GeneralSheaf,true,2,2,epoch-0,2,9,degree,0.028692462001715224
cornell,GeneralSheaf,true,2,2,epoch-0,0,9,betweenness,0.054431085394108875
cornell,GeneralSheaf,true,2,2,epoch-0,1,9,betweenness,0.05470985907597023
cornell,GeneralSheaf,true,2,2,epoch-0,2,9,betweenness,0.05453274346606583
cornell,GeneralSheaf,true,2,2,epoch-0,0,9,confidence,0.08129557541531884
cornell,GeneralSheaf,true,2,2,epoch-0,1,9,confidence,0.08105276761727226
cornell,GeneralSheaf,true,2,2,epoch-0,2,9,confidence,0.08151096942971499
cornell,GeneralSheaf,true,2,2,epoch-0,0,9,saliency,0.07908782548377734
cornell,GeneralSheaf,true,2,2,epoch-0,1,9,saliency,0.07909369986886385
cornell,GeneralSheaf,true,2,2,epoch-0,2,9,saliency,0.07847101504969449
cornell,GeneralSheaf,true,2,2,epoch-0,0,9,cohens_d_train,0.006282034
cornell,GeneralSheaf,true,2,2,epoch-0,1,9,cohens_d_train,0.006310605
cornell,GeneralSheaf,true,2,2,epoch-0,2,9,cohens_d_train,0.0062135686
cornell,GeneralSheaf,true,2,2,epoch-0,0,9,cohens_d_test,0.7845187
cornell,GeneralSheaf,true,2,2,epoch-0,1,9,cohens_d_test,0.78458244
cornell,GeneralSheaf,true,2,2,epoch-0,2,9,cohens_d_test,0.7845977
cornell,GeneralSheaf,true,2,2,epoch-1,0,0,degree,-0.057839385088217884
cornell,GeneralSheaf,true,2,2,epoch-1,1,0,degree,-0.05820274924384748
cornell,GeneralSheaf,true,2,2,epoch-1,2,0,degree,-0.05848115783632988
cornell,GeneralSheaf,true,2,2,epoch-1,0,0,betweenness,-0.09017175784718269
cornell,GeneralSheaf,true,2,2,epoch-1,1,0,betweenness,-0.09056476585732556
cornell,GeneralSheaf,true,2,2,epoch-1,2,0,betweenness,-0.09082362713333968
cornell,GeneralSheaf,true,2,2,epoch-1,0,0,confidence,0.9911414316261075
cornell,GeneralSheaf,true,2,2,epoch-1,1,0,confidence,0.9911375153713002
cornell,GeneralSheaf,true,2,2,epoch-1,2,0,confidence,0.9911512222631255
cornell,GeneralSheaf,true,2,2,epoch-1,0,0,saliency,0.30315532649816335
cornell,GeneralSheaf,true,2,2,epoch-1,1,0,saliency,0.30303783885394725
cornell,GeneralSheaf,true,2,2,epoch-1,2,0,saliency,0.30306525263759765
cornell,GeneralSheaf,true,2,2,epoch-1,0,0,cohens_d_train,2.0729828
cornell,GeneralSheaf,true,2,2,epoch-1,1,0,cohens_d_train,2.073169
cornell,GeneralSheaf,true,2,2,epoch-1,2,0,cohens_d_train,2.0731025
cornell,GeneralSheaf,true,2,2,epoch-1,0,0,cohens_d_test,1.2451819
cornell,GeneralSheaf,true,2,2,epoch-1,1,0,cohens_d_test,1.2453824
cornell,GeneralSheaf,true,2,2,epoch-1,2,0,cohens_d_test,1.2454479
cornell,GeneralSheaf,true,2,2,epoch-1,0,1,degree,-0.0476969191216441
cornell,GeneralSheaf,true,2,2,epoch-1,1,1,degree,-0.048497343825030986
cornell,GeneralSheaf,true,2,2,epoch-1,2,1,degree,-0.048787011588532894
cornell,GeneralSheaf,true,2,2,epoch-1,0,1,betweenness,-0.0878472464698576
cornell,GeneralSheaf,true,2,2,epoch-1,1,1,betweenness,-0.08895605306914071
cornell,GeneralSheaf,true,2,2,epoch-1,2,1,betweenness,-0.08994748127606114
cornell,GeneralSheaf,true,2,2,epoch-1,0,1,confidence,0.39544774541210753
cornell,GeneralSheaf,true,2,2,epoch-1,1,1,confidence,0.4007836425869214
cornell,GeneralSheaf,true,2,2,epoch-1,2,1,confidence,0.40530887501664414
cornell,GeneralSheaf,true,2,2,epoch-1,0,1,saliency,0.024439388124348923
cornell,GeneralSheaf,true,2,2,epoch-1,1,1,saliency,0.030388179176489942
cornell,GeneralSheaf,true,2,2,epoch-1,2,1,saliency,0.03459815309423293
cornell,GeneralSheaf,true,2,2,epoch-1,0,1,cohens_d_train,nan
cornell,GeneralSheaf,true,2,2,epoch-1,1,1,cohens_d_train,nan
cornell,GeneralSheaf,true,2,2,epoch-1,2,1,cohens_d_train,nan
cornell,GeneralSheaf,true,2,2,epoch-1,0,1,cohens_d_test,nan
cornell,GeneralSheaf,true,2,2,epoch-1,1,1,cohens_d_test,nan
cornell,GeneralSheaf,true,2,2,epoch-1,2,1,cohens_d_test,nan
cornell,GeneralSheaf,true,2,2,epoch-1,0,2,degree,-0.04465080158036611
cornell,GeneralSheaf,true,2,2,epoch-1,1,2,degree,-0.04452080933314088
cornell,GeneralSheaf,true,2,2,epoch-1,2,2,degree,-0.04408374878538359
cornell,GeneralSheaf,true,2,2,epoch-1,0,2,betweenness,-0.04484693005342448
cornell,GeneralSheaf,true,2,2,epoch-1,1,2,betweenness,-0.04420868504495243
cornell,GeneralSheaf,true,2,2,epoch-1,2,2,betweenness,-0.0440284253709669
cornell,GeneralSheaf,true,2,2,epoch-1,0,2,confidence,0.9933090786618943
cornell,GeneralSheaf,true,2,2,epoch-1,1,2,confidence,0.9931915910176781
cornell,GeneralSheaf,true,2,2,epoch-1,2,2,confidence,0.992754928606675
cornell,GeneralSheaf,true,2,2,epoch-1,0,2,saliency,0.33302068565789167
cornell,GeneralSheaf,true,2,2,epoch-1,1,2,saliency,0.3317772747566048
cornell,GeneralSheaf,true,2,2,epoch-1,2,2,saliency,0.3294980144588128
cornell,GeneralSheaf,true,2,2,epoch-1,0,2,cohens_d_train,2.1123455
cornell,GeneralSheaf,true,2,2,epoch-1,1,2,cohens_d_train,2.104476
cornell,GeneralSheaf,true,2,2,epoch-1,2,2,cohens_d_train,2.095798
cornell,GeneralSheaf,true,2,2,epoch-1,0,2,cohens_d_test,0.97386575
cornell,GeneralSheaf,true,2,2,epoch-1,1,2,cohens_d_test,0.9673703
cornell,GeneralSheaf,true,2,2,epoch-1,2,2,cohens_d_test,0.9622459
cornell,GeneralSheaf,true,2,2,epoch-1,0,3,degree,-0.07472711805647914
cornell,GeneralSheaf,true,2,2,epoch-1,1,3,degree,-0.0761273495069053
cornell,GeneralSheaf,true,2,2,epoch-1,2,3,degree,-0.07571076017918349
cornell,GeneralSheaf,true,2,2,epoch-1,0,3,betweenness,-0.11079891426220186
cornell,GeneralSheaf,true,2,2,epoch-1,1,3,betweenness,-0.11315591430169876
cornell,GeneralSheaf,true,2,2,epoch-1,2,3,betweenness,-0.1128624683207921
cornell,GeneralSheaf,true,2,2,epoch-1,0,3,confidence,0.983784746970777
cornell,GeneralSheaf,true,2,2,epoch-1,1,3,confidence,0.9837886632255843
cornell,GeneralSheaf,true,2,2,epoch-1,2,3,confidence,0.9838552395573068
cornell,GeneralSheaf,true,2,2,epoch-1,0,3,saliency,0.3052673163410584
cornell,GeneralSheaf,true,2,2,epoch-1,1,3,saliency,0.304142371596993
cornell,GeneralSheaf,true,2,2,epoch-1,2,3,saliency,0.305005906204709
cornell,GeneralSheaf,true,2,2,epoch-1,0,3,cohens_d_train,2.2248313
cornell,GeneralSheaf,true,2,2,epoch-1,1,3,cohens_d_train,2.2297769
cornell,GeneralSheaf,true,2,2,epoch-1,2,3,cohens_d_train,2.2341788
cornell,GeneralSheaf,true,2,2,epoch-1,0,3,cohens_d_test,0.91584915
cornell,GeneralSheaf,true,2,2,epoch-1,1,3,cohens_d_test,0.91407675
cornell,GeneralSheaf,true,2,2,epoch-1,2,3,cohens_d_test,0.9123333
cornell,GeneralSheaf,true,2,2,epoch-1,0,4,degree,-0.01791436465304009
cornell,GeneralSheaf,true,2,2,epoch-1,1,4,degree,-0.01795530709311103
cornell,GeneralSheaf,true,2,2,epoch-1,2,4,degree,-0.017851927431931904
cornell,GeneralSheaf,true,2,2,epoch-1,0,4,betweenness,-0.05575473637227009
cornell,GeneralSheaf,true,2,2,epoch-1,1,4,betweenness,-0.055811329525730674
cornell,GeneralSheaf,true,2,2,epoch-1,2,4,betweenness,-0.05566670257799809
cornell,GeneralSheaf,true,2,2,epoch-1,0,4,confidence,-0.6432180680511767
cornell,GeneralSheaf,true,2,2,epoch-1,1,4,confidence,-0.6433825509141184
cornell,GeneralSheaf,true,2,2,epoch-1,2,4,confidence,-0.6434843736387967
cornell,GeneralSheaf,true,2,2,epoch-1,0,4,saliency,0.2538085578000047
cornell,GeneralSheaf,true,2,2,epoch-1,1,4,saliency,0.25361861944185543
cornell,GeneralSheaf,true,2,2,epoch-1,2,4,saliency,0.25380659967260116
cornell,GeneralSheaf,true,2,2,epoch-1,0,4,cohens_d_train,1.4020277
cornell,GeneralSheaf,true,2,2,epoch-1,1,4,cohens_d_train,1.4017544
cornell,GeneralSheaf,true,2,2,epoch-1,2,4,cohens_d_train,1.4010015
cornell,GeneralSheaf,true,2,2,epoch-1,0,4,cohens_d_test,1.6035342
cornell,GeneralSheaf,true,2,2,epoch-1,1,4,cohens_d_test,1.6033437
cornell,GeneralSheaf,true,2,2,epoch-1,2,4,cohens_d_test,1.6040729
cornell,GeneralSheaf,true,2,2,epoch-1,0,5,degree,-0.08131885090790057
cornell,GeneralSheaf,true,2,2,epoch-1,1,5,degree,-0.08071597347785597
cornell,GeneralSheaf,true,2,2,epoch-1,2,5,degree,-0.08086438982311313
cornell,GeneralSheaf,true,2,2,epoch-1,0,5,betweenness,-0.08769633139396274
cornell,GeneralSheaf,true,2,2,epoch-1,1,5,betweenness,-0.08692917975816382
cornell,GeneralSheaf,true,2,2,epoch-1,2,5,betweenness,-0.08722891386723278
cornell,GeneralSheaf,true,2,2,epoch-1,0,5,confidence,-0.6285588965560456
cornell,GeneralSheaf,true,2,2,epoch-1,1,5,confidence,-0.627628786039335
cornell,GeneralSheaf,true,2,2,epoch-1,2,5,confidence,-0.628120276017639
cornell,GeneralSheaf,true,2,2,epoch-1,0,5,saliency,0.2336104736318564
cornell,GeneralSheaf,true,2,2,epoch-1,1,5,saliency,0.2334753628410079
cornell,GeneralSheaf,true,2,2,epoch-1,2,5,saliency,0.23385328142990297
cornell,GeneralSheaf,true,2,2,epoch-1,0,5,cohens_d_train,0.51489335
cornell,GeneralSheaf,true,2,2,epoch-1,1,5,cohens_d_train,0.51398045
cornell,GeneralSheaf,true,2,2,epoch-1,2,5,cohens_d_train,0.51448315
cornell,GeneralSheaf,true,2,2,epoch-1,0,5,cohens_d_test,2.1197393
cornell,GeneralSheaf,true,2,2,epoch-1,1,5,cohens_d_test,2.1202855
cornell,GeneralSheaf,true,2,2,epoch-1,2,5,cohens_d_test,2.1205096
cornell,GeneralSheaf,true,2,2,epoch-1,0,6,degree,-0.0744732749280393
cornell,GeneralSheaf,true,2,2,epoch-1,1,6,degree,-0.07372607539674464
cornell,GeneralSheaf,true,2,2,epoch-1,2,6,degree,-0.07394818813412948
cornell,GeneralSheaf,true,2,2,epoch-1,0,6,betweenness,-0.09852658413214017
cornell,GeneralSheaf,true,2,2,epoch-1,1,6,betweenness,-0.09814510435696147
cornell,GeneralSheaf,true,2,2,epoch-1,2,6,betweenness,-0.09839767750481329
cornell,GeneralSheaf,true,2,2,epoch-1,0,6,confidence,0.9714485443280884
cornell,GeneralSheaf,true,2,2,epoch-1,1,6,confidence,0.9710921651406329
cornell,GeneralSheaf,true,2,2,epoch-1,2,6,confidence,0.9711587414723554
cornell,GeneralSheaf,true,2,2,epoch-1,0,6,saliency,0.29487832196314023
cornell,GeneralSheaf,true,2,2,epoch-1,1,6,saliency,0.29487440570833306
cornell,GeneralSheaf,true,2,2,epoch-1,2,6,saliency,0.2950937159775364
cornell,GeneralSheaf,true,2,2,epoch-1,0,6,cohens_d_train,0.7892449
cornell,GeneralSheaf,true,2,2,epoch-1,1,6,cohens_d_train,0.8009642
cornell,GeneralSheaf,true,2,2,epoch-1,2,6,cohens_d_train,0.8009735
cornell,GeneralSheaf,true,2,2,epoch-1,0,6,cohens_d_test,0.3570235
cornell,GeneralSheaf,true,2,2,epoch-1,1,6,cohens_d_test,0.35319614
cornell,GeneralSheaf,true,2,2,epoch-1,2,6,cohens_d_test,0.35294458
cornell,GeneralSheaf,true,2,2,epoch-1,0,7,degree,-0.10205107899882314
cornell,GeneralSheaf,true,2,2,epoch-1,1,7,degree,-0.10221382519810514
cornell,GeneralSheaf,true,2,2,epoch-1,2,7,degree,-0.1021462701719881
cornell,GeneralSheaf,true,2,2,epoch-1,0,7,betweenness,-0.12842034541564828
cornell,GeneralSheaf,true,2,2,epoch-1,1,7,betweenness,-0.12855868423521857
cornell,GeneralSheaf,true,2,2,epoch-1,2,7,betweenness,-0.1284853227399919
cornell,GeneralSheaf,true,2,2,epoch-1,0,7,confidence,0.9745090974599173
cornell,GeneralSheaf,true,2,2,epoch-1,1,7,confidence,0.9745012649503029
cornell,GeneralSheaf,true,2,2,epoch-1,2,7,confidence,0.9744875580584776
cornell,GeneralSheaf,true,2,2,epoch-1,0,7,saliency,0.28248337549834346
cornell,GeneralSheaf,true,2,2,epoch-1,1,7,saliency,0.2820956662724304
cornell,GeneralSheaf,true,2,2,epoch-1,2,7,saliency,0.28212308005608083
cornell,GeneralSheaf,true,2,2,epoch-1,0,7,cohens_d_train,1.9229013
cornell,GeneralSheaf,true,2,2,epoch-1,1,7,cohens_d_train,1.921808
cornell,GeneralSheaf,true,2,2,epoch-1,2,7,cohens_d_train,1.9221013
cornell,GeneralSheaf,true,2,2,epoch-1,0,7,cohens_d_test,1.4529611
cornell,GeneralSheaf,true,2,2,epoch-1,1,7,cohens_d_test,1.4534379
cornell,GeneralSheaf,true,2,2,epoch-1,2,7,cohens_d_test,1.4529426
cornell,GeneralSheaf,true,2,2,epoch-1,0,8,degree,-0.018353472322800927
cornell,GeneralSheaf,true,2,2,epoch-1,1,8,degree,-0.018643140086302832
cornell,GeneralSheaf,true,2,2,epoch-1,2,8,degree,-0.018539760425123706
cornell,GeneralSheaf,true,2,2,epoch-1,0,8,betweenness,-0.08675940029778209
cornell,GeneralSheaf,true,2,2,epoch-1,1,8,betweenness,-0.08703502991556229
cornell,GeneralSheaf,true,2,2,epoch-1,2,8,betweenness,-0.08710734338942859
cornell,GeneralSheaf,true,2,2,epoch-1,0,8,confidence,0.10459924964557896
cornell,GeneralSheaf,true,2,2,epoch-1,1,8,confidence,0.10464624470326539
cornell,GeneralSheaf,true,2,2,epoch-1,2,8,confidence,0.10477548111190307
cornell,GeneralSheaf,true,2,2,epoch-1,0,8,saliency,0.24705693451238714
cornell,GeneralSheaf,true,2,2,epoch-1,1,8,saliency,0.2469100749571171
cornell,GeneralSheaf,true,2,2,epoch-1,2,8,saliency,0.24688853555567744
cornell,GeneralSheaf,true,2,2,epoch-1,0,8,cohens_d_train,1.0251073
cornell,GeneralSheaf,true,2,2,epoch-1,1,8,cohens_d_train,1.0245144
cornell,GeneralSheaf,true,2,2,epoch-1,2,8,cohens_d_train,1.0235822
cornell,GeneralSheaf,true,2,2,epoch-1,0,8,cohens_d_test,0.7827813
cornell,GeneralSheaf,true,2,2,epoch-1,1,8,cohens_d_test,0.7819175
cornell,GeneralSheaf,true,2,2,epoch-1,2,8,cohens_d_test,0.7814739
cornell,GeneralSheaf,true,2,2,epoch-1,0,9,degree,-0.09340608277784404
cornell,GeneralSheaf,true,2,2,epoch-1,1,9,degree,-0.09340608277784404
cornell,GeneralSheaf,true,2,2,epoch-1,2,9,degree,-0.09259235178143409
cornell,GeneralSheaf,true,2,2,epoch-1,0,9,betweenness,-0.11862658580288767
cornell,GeneralSheaf,true,2,2,epoch-1,1,9,betweenness,-0.11862658580288767
cornell,GeneralSheaf,true,2,2,epoch-1,2,9,betweenness,-0.11756703620754247
cornell,GeneralSheaf,true,2,2,epoch-1,0,9,confidence,-0.5700461334816289
cornell,GeneralSheaf,true,2,2,epoch-1,1,9,confidence,-0.5700461334816289
cornell,GeneralSheaf,true,2,2,epoch-1,2,9,confidence,-0.5716361329333532
cornell,GeneralSheaf,true,2,2,epoch-1,0,9,saliency,0.2826596069646676
cornell,GeneralSheaf,true,2,2,epoch-1,1,9,saliency,0.2826596069646676
cornell,GeneralSheaf,true,2,2,epoch-1,2,9,saliency,0.28182152843592617
cornell,GeneralSheaf,true,2,2,epoch-1,0,9,cohens_d_train,1.6435825
cornell,GeneralSheaf,true,2,2,epoch-1,1,9,cohens_d_train,1.6436933
cornell,GeneralSheaf,true,2,2,epoch-1,2,9,cohens_d_train,1.644818
cornell,GeneralSheaf,true,2,2,epoch-1,0,9,cohens_d_test,1.0368257
cornell,GeneralSheaf,true,2,2,epoch-1,1,9,cohens_d_test,1.0368296
cornell,GeneralSheaf,true,2,2,epoch-1,2,9,cohens_d_test,1.0368866
cornell,GeneralSheaf,true,2,2,epoch-5,0,0,degree,-0.048514744362061143
cornell,GeneralSheaf,true,2,2,epoch-5,1,0,degree,-0.020086361098803494
cornell,GeneralSheaf,true,2,2,epoch-5,2,0,degree,-0.018869347067694782
cornell,GeneralSheaf,true,2,2,epoch-5,0,0,betweenness,-0.07835322096616597
cornell,GeneralSheaf,true,2,2,epoch-5,1,0,betweenness,-0.04996756242024612
cornell,GeneralSheaf,true,2,2,epoch-5,2,0,betweenness,-0.048330553055330974
cornell,GeneralSheaf,true,2,2,epoch-5,0,0,confidence,0.9962658510413324
cornell,GeneralSheaf,true,2,2,epoch-5,1,0,confidence,0.9761695894981712
cornell,GeneralSheaf,true,2,2,epoch-5,2,0,confidence,0.9744386048733875
cornell,GeneralSheaf,true,2,2,epoch-5,0,0,saliency,-0.44349823376908204
cornell,GeneralSheaf,true,2,2,epoch-5,1,0,saliency,-0.4152209159336744
cornell,GeneralSheaf,true,2,2,epoch-5,2,0,saliency,-0.4141654852631332
cornell,GeneralSheaf,true,2,2,epoch-5,0,0,cohens_d_train,2.1936195
cornell,GeneralSheaf,true,2,2,epoch-5,1,0,cohens_d_train,2.2130108
cornell,GeneralSheaf,true,2,2,epoch-5,2,0,cohens_d_train,2.2091818
cornell,GeneralSheaf,true,2,2,epoch-5,0,0,cohens_d_test,1.2105005
cornell,GeneralSheaf,true,2,2,epoch-5,1,0,cohens_d_test,1.2203268
cornell,GeneralSheaf,true,2,2,epoch-5,2,0,cohens_d_test,1.2205501
cornell,GeneralSheaf,true,2,2,epoch-5,0,1,degree,-0.06515784625089852
cornell,GeneralSheaf,true,2,2,epoch-5,1,1,degree,-0.07454185351515813
cornell,GeneralSheaf,true,2,2,epoch-5,2,1,degree,-0.06754274338503083
cornell,GeneralSheaf,true,2,2,epoch-5,0,1,betweenness,-0.10591932680826785
cornell,GeneralSheaf,true,2,2,epoch-5,1,1,betweenness,-0.11277338650515968
cornell,GeneralSheaf,true,2,2,epoch-5,2,1,betweenness,-0.10625574166495017
cornell,GeneralSheaf,true,2,2,epoch-5,0,1,confidence,0.9852161381028097
cornell,GeneralSheaf,true,2,2,epoch-5,1,1,confidence,0.986855090739624
cornell,GeneralSheaf,true,2,2,epoch-5,2,1,confidence,0.9840667173168957
cornell,GeneralSheaf,true,2,2,epoch-5,0,1,saliency,0.18837381435385714
cornell,GeneralSheaf,true,2,2,epoch-5,1,1,saliency,0.19375474845895377
cornell,GeneralSheaf,true,2,2,epoch-5,2,1,saliency,0.1976142175714521
cornell,GeneralSheaf,true,2,2,epoch-5,0,1,cohens_d_train,1.9313506
cornell,GeneralSheaf,true,2,2,epoch-5,1,1,cohens_d_train,1.9508505
cornell,GeneralSheaf,true,2,2,epoch-5,2,1,cohens_d_train,1.9799522
cornell,GeneralSheaf,true,2,2,epoch-5,0,1,cohens_d_test,0.89835984
cornell,GeneralSheaf,true,2,2,epoch-5,1,1,cohens_d_test,0.89212245
cornell,GeneralSheaf,true,2,2,epoch-5,2,1,cohens_d_test,0.86022294
cornell,GeneralSheaf,true,2,2,epoch-5,0,2,degree,-0.04899479447189293
cornell,GeneralSheaf,true,2,2,epoch-5,1,2,degree,-0.06854890384977418
cornell,GeneralSheaf,true,2,2,epoch-5,2,2,degree,-0.040633324648405064
cornell,GeneralSheaf,true,2,2,epoch-5,0,2,betweenness,-0.05685725484339092
cornell,GeneralSheaf,true,2,2,epoch-5,1,2,betweenness,-0.07326298121879536
cornell,GeneralSheaf,true,2,2,epoch-5,2,2,betweenness,-0.042521370654738995
cornell,GeneralSheaf,true,2,2,epoch-5,0,2,confidence,0.9914429832462621
cornell,GeneralSheaf,true,2,2,epoch-5,1,2,confidence,0.9959623412937741
cornell,GeneralSheaf,true,2,2,epoch-5,2,2,confidence,0.9688148629702443
cornell,GeneralSheaf,true,2,2,epoch-5,0,2,saliency,0.0947909894809396
cornell,GeneralSheaf,true,2,2,epoch-5,1,2,saliency,0.09613426487981015
cornell,GeneralSheaf,true,2,2,epoch-5,2,2,saliency,0.06249559421334191
cornell,GeneralSheaf,true,2,2,epoch-5,0,2,cohens_d_train,2.1947043
cornell,GeneralSheaf,true,2,2,epoch-5,1,2,cohens_d_train,2.1909108
cornell,GeneralSheaf,true,2,2,epoch-5,2,2,cohens_d_train,2.1944268
cornell,GeneralSheaf,true,2,2,epoch-5,0,2,cohens_d_test,1.0735508
cornell,GeneralSheaf,true,2,2,epoch-5,1,2,cohens_d_test,1.0566919
cornell,GeneralSheaf,true,2,2,epoch-5,2,2,cohens_d_test,1.0521461
cornell,GeneralSheaf,true,2,2,epoch-5,0,3,degree,-0.07140566260572406
cornell,GeneralSheaf,true,2,2,epoch-5,1,3,degree,-0.08258090162308733
cornell,GeneralSheaf,true,2,2,epoch-5,2,3,degree,-0.07143227519177019
cornell,GeneralSheaf,true,2,2,epoch-5,0,3,betweenness,-0.10926565901196443
cornell,GeneralSheaf,true,2,2,epoch-5,1,3,betweenness,-0.11871147553307854
cornell,GeneralSheaf,true,2,2,epoch-5,2,3,betweenness,-0.10300268336232747
cornell,GeneralSheaf,true,2,2,epoch-5,0,3,confidence,0.9885958660014257
cornell,GeneralSheaf,true,2,2,epoch-5,1,3,confidence,0.9906734391766467
cornell,GeneralSheaf,true,2,2,epoch-5,2,3,confidence,0.9658874625018603
cornell,GeneralSheaf,true,2,2,epoch-5,0,3,saliency,0.06923938499134509
cornell,GeneralSheaf,true,2,2,epoch-5,1,3,saliency,0.04867904725353051
cornell,GeneralSheaf,true,2,2,epoch-5,2,3,saliency,0.02827731783540765
cornell,GeneralSheaf,true,2,2,epoch-5,0,3,cohens_d_train,2.391898
cornell,GeneralSheaf,true,2,2,epoch-5,1,3,cohens_d_train,2.421566
cornell,GeneralSheaf,true,2,2,epoch-5,2,3,cohens_d_train,2.428827
cornell,GeneralSheaf,true,2,2,epoch-5,0,3,cohens_d_test,0.9387432
cornell,GeneralSheaf,true,2,2,epoch-5,1,3,cohens_d_test,0.97800314
cornell,GeneralSheaf,true,2,2,epoch-5,2,3,cohens_d_test,0.99272466
cornell,GeneralSheaf,true,2,2,epoch-5,0,4,degree,-0.027216487037157806
cornell,GeneralSheaf,true,2,2,epoch-5,1,4,degree,-0.017823267723882246
cornell,GeneralSheaf,true,2,2,epoch-5,2,4,degree,-0.012050383673879613
cornell,GeneralSheaf,true,2,2,epoch-5,0,4,betweenness,-0.0628540330674911
cornell,GeneralSheaf,true,2,2,epoch-5,1,4,betweenness,-0.050918117794111706
cornell,GeneralSheaf,true,2,2,epoch-5,2,4,betweenness,-0.04448221862001188
cornell,GeneralSheaf,true,2,2,epoch-5,0,4,confidence,0.9938475636978846
cornell,GeneralSheaf,true,2,2,epoch-5,1,4,confidence,0.9891833042225061
cornell,GeneralSheaf,true,2,2,epoch-5,2,4,confidence,0.9825628754709299
cornell,GeneralSheaf,true,2,2,epoch-5,0,4,saliency,0.06251517548737792
cornell,GeneralSheaf,true,2,2,epoch-5,1,4,saliency,0.056875768565005924
cornell,GeneralSheaf,true,2,2,epoch-5,2,4,saliency,0.051569243301246154
cornell,GeneralSheaf,true,2,2,epoch-5,0,4,cohens_d_train,2.4785442
cornell,GeneralSheaf,true,2,2,epoch-5,1,4,cohens_d_train,2.4314265
cornell,GeneralSheaf,true,2,2,epoch-5,2,4,cohens_d_train,2.3733816
cornell,GeneralSheaf,true,2,2,epoch-5,0,4,cohens_d_test,0.93895763
cornell,GeneralSheaf,true,2,2,epoch-5,1,4,cohens_d_test,0.9619159
cornell,GeneralSheaf,true,2,2,epoch-5,2,4,cohens_d_test,0.9689726
cornell,GeneralSheaf,true,2,2,epoch-5,0,5,degree,-0.09285028915388102
cornell,GeneralSheaf,true,2,2,epoch-5,1,5,degree,-0.10464375901631547
cornell,GeneralSheaf,true,2,2,epoch-5,2,5,degree,-0.09675210369264166
cornell,GeneralSheaf,true,2,2,epoch-5,0,5,betweenness,-0.1123866666231791
cornell,GeneralSheaf,true,2,2,epoch-5,1,5,betweenness,-0.1242628446790168
cornell,GeneralSheaf,true,2,2,epoch-5,2,5,betweenness,-0.11622871293033592
cornell,GeneralSheaf,true,2,2,epoch-5,0,5,confidence,0.9762209787020445
cornell,GeneralSheaf,true,2,2,epoch-5,1,5,confidence,0.9773341746759368
cornell,GeneralSheaf,true,2,2,epoch-5,2,5,confidence,0.9750637248400033
cornell,GeneralSheaf,true,2,2,epoch-5,0,5,saliency,0.34362198742098965
cornell,GeneralSheaf,true,2,2,epoch-5,1,5,saliency,0.34203002984186165
cornell,GeneralSheaf,true,2,2,epoch-5,2,5,saliency,0.3413681827794444
cornell,GeneralSheaf,true,2,2,epoch-5,0,5,cohens_d_train,1.5078084
cornell,GeneralSheaf,true,2,2,epoch-5,1,5,cohens_d_train,1.5193272
cornell,GeneralSheaf,true,2,2,epoch-5,2,5,cohens_d_train,1.5159768
cornell,GeneralSheaf,true,2,2,epoch-5,0,5,cohens_d_test,1.2193642
cornell,GeneralSheaf,true,2,2,epoch-5,1,5,cohens_d_test,1.235548
cornell,GeneralSheaf,true,2,2,epoch-5,2,5,cohens_d_test,1.2355508
cornell,GeneralSheaf,true,2,2,epoch-5,0,6,degree,-0.061245796102120144
cornell,GeneralSheaf,true,2,2,epoch-5,1,6,degree,-0.04834585679676851
cornell,GeneralSheaf,true,2,2,epoch-5,2,6,degree,-0.04234267152136684
cornell,GeneralSheaf,true,2,2,epoch-5,0,6,betweenness,-0.09960919019741375
cornell,GeneralSheaf,true,2,2,epoch-5,1,6,betweenness,-0.08580465283847499
cornell,GeneralSheaf,true,2,2,epoch-5,2,6,betweenness,-0.07925032725065212
cornell,GeneralSheaf,true,2,2,epoch-5,0,6,confidence,0.989095188489344
cornell,GeneralSheaf,true,2,2,epoch-5,1,6,confidence,0.9794827410650648
cornell,GeneralSheaf,true,2,2,epoch-5,2,6,confidence,0.9585386103561444
cornell,GeneralSheaf,true,2,2,epoch-5,0,6,saliency,-0.0008733248220062191
cornell,GeneralSheaf,true,2,2,epoch-5,1,6,saliency,0.005431845417590251
cornell,GeneralSheaf,true,2,2,epoch-5,2,6,saliency,0.01268083306572259
cornell,GeneralSheaf,true,2,2,epoch-5,0,6,cohens_d_train,2.2177346
cornell,GeneralSheaf,true,2,2,epoch-5,1,6,cohens_d_train,2.1532636
cornell,GeneralSheaf,true,2,2,epoch-5,2,6,cohens_d_train,1.8242902
cornell,GeneralSheaf,true,2,2,epoch-5,0,6,cohens_d_test,0.4259646
cornell,GeneralSheaf,true,2,2,epoch-5,1,6,cohens_d_test,0.4087778
cornell,GeneralSheaf,true,2,2,epoch-5,2,6,cohens_d_test,0.40176377
cornell,GeneralSheaf,true,2,2,epoch-5,0,7,degree,-0.09791179830765105
cornell,GeneralSheaf,true,2,2,epoch-5,1,7,degree,-0.04582892029340743
cornell,GeneralSheaf,true,2,2,epoch-5,2,7,degree,-0.057056360921861136
cornell,GeneralSheaf,true,2,2,epoch-5,0,7,betweenness,-0.12612517863641384
cornell,GeneralSheaf,true,2,2,epoch-5,1,7,betweenness,-0.0775284281555461
cornell,GeneralSheaf,true,2,2,epoch-5,2,7,betweenness,-0.08317516724527903
cornell,GeneralSheaf,true,2,2,epoch-5,0,7,confidence,0.9883256444197286
cornell,GeneralSheaf,true,2,2,epoch-5,1,7,confidence,0.9552137100248292
cornell,GeneralSheaf,true,2,2,epoch-5,2,7,confidence,0.9596194966829324
cornell,GeneralSheaf,true,2,2,epoch-5,0,7,saliency,-0.18469840921729733
cornell,GeneralSheaf,true,2,2,epoch-5,1,7,saliency,-0.20653936227706723
cornell,GeneralSheaf,true,2,2,epoch-5,2,7,saliency,-0.2067625888010778
cornell,GeneralSheaf,true,2,2,epoch-5,0,7,cohens_d_train,1.8407121
cornell,GeneralSheaf,true,2,2,epoch-5,1,7,cohens_d_train,1.238355
cornell,GeneralSheaf,true,2,2,epoch-5,2,7,cohens_d_train,1.297276
cornell,GeneralSheaf,true,2,2,epoch-5,0,7,cohens_d_test,1.5328768
cornell,GeneralSheaf,true,2,2,epoch-5,1,7,cohens_d_test,1.5444946
cornell,GeneralSheaf,true,2,2,epoch-5,2,7,cohens_d_test,1.5533557
cornell,GeneralSheaf,true,2,2,epoch-5,0,8,degree,-0.01589692591854449
cornell,GeneralSheaf,true,2,2,epoch-5,1,8,degree,-0.023563397821828126
cornell,GeneralSheaf,true,2,2,epoch-5,2,8,degree,-0.037922935115708795
cornell,GeneralSheaf,true,2,2,epoch-5,0,8,betweenness,-0.07778414536747906
cornell,GeneralSheaf,true,2,2,epoch-5,1,8,betweenness,-0.08269622148358491
cornell,GeneralSheaf,true,2,2,epoch-5,2,8,betweenness,-0.0945986000734321
cornell,GeneralSheaf,true,2,2,epoch-5,0,8,confidence,0.9785310911469145
cornell,GeneralSheaf,true,2,2,epoch-5,1,8,confidence,0.9802209550962224
cornell,GeneralSheaf,true,2,2,epoch-5,2,8,confidence,0.9812470138557097
cornell,GeneralSheaf,true,2,2,epoch-5,0,8,saliency,0.11250420997391775
cornell,GeneralSheaf,true,2,2,epoch-5,1,8,saliency,0.11334816288486997
cornell,GeneralSheaf,true,2,2,epoch-5,2,8,saliency,0.11032873042851664
cornell,GeneralSheaf,true,2,2,epoch-5,0,8,cohens_d_train,1.8613162
cornell,GeneralSheaf,true,2,2,epoch-5,1,8,cohens_d_train,1.8641763
cornell,GeneralSheaf,true,2,2,epoch-5,2,8,cohens_d_train,1.8510852
cornell,GeneralSheaf,true,2,2,epoch-5,0,8,cohens_d_test,0.28276244
cornell,GeneralSheaf,true,2,2,epoch-5,1,8,cohens_d_test,0.29230207
cornell,GeneralSheaf,true,2,2,epoch-5,2,8,cohens_d_test,0.3139487
cornell,GeneralSheaf,true,2,2,epoch-5,0,9,degree,-0.08876218651279759
cornell,GeneralSheaf,true,2,2,epoch-5,1,9,degree,-0.08199542473007287
cornell,GeneralSheaf,true,2,2,epoch-5,2,9,degree,-0.08194117599697887
cornell,GeneralSheaf,true,2,2,epoch-5,0,9,betweenness,-0.1214740598390429
cornell,GeneralSheaf,true,2,2,epoch-5,1,9,betweenness,-0.11455502281780744
cornell,GeneralSheaf,true,2,2,epoch-5,2,9,betweenness,-0.11430664175539712
cornell,GeneralSheaf,true,2,2,epoch-5,0,9,confidence,0.9850320741268711
cornell,GeneralSheaf,true,2,2,epoch-5,1,9,confidence,0.9837592913145302
cornell,GeneralSheaf,true,2,2,epoch-5,2,9,confidence,0.9836006829948385
cornell,GeneralSheaf,true,2,2,epoch-5,0,9,saliency,0.37078317263634447
cornell,GeneralSheaf,true,2,2,epoch-5,1,9,saliency,0.3723927533621048
cornell,GeneralSheaf,true,2,2,epoch-5,2,9,saliency,0.37266297494380185
cornell,GeneralSheaf,true,2,2,epoch-5,0,9,cohens_d_train,2.28763
cornell,GeneralSheaf,true,2,2,epoch-5,1,9,cohens_d_train,2.2873201
cornell,GeneralSheaf,true,2,2,epoch-5,2,9,cohens_d_train,2.287973
cornell,GeneralSheaf,true,2,2,epoch-5,0,9,cohens_d_test,1.0345447
cornell,GeneralSheaf,true,2,2,epoch-5,1,9,cohens_d_test,1.0454278
cornell,GeneralSheaf,true,2,2,epoch-5,2,9,cohens_d_test,1.0467473
cornell,GeneralSheaf,true,2,2,epoch-15,0,0,degree,-0.01992873270453037
cornell,GeneralSheaf,true,2,2,epoch-15,1,0,degree,0.031827629350147504
cornell,GeneralSheaf,true,2,2,epoch-15,2,0,degree,0.03213265052867601
cornell,GeneralSheaf,true,2,2,epoch-15,0,0,betweenness,-0.05052615780532921
cornell,GeneralSheaf,true,2,2,epoch-15,1,0,betweenness,0.00010794620011924474
cornell,GeneralSheaf,true,2,2,epoch-15,2,0,betweenness,0.004559940939017805
cornell,GeneralSheaf,true,2,2,epoch-15,0,0,confidence,0.9291510342828948
cornell,GeneralSheaf,true,2,2,epoch-15,1,0,confidence,0.9167717528373267
cornell,GeneralSheaf,true,2,2,epoch-15,2,0,confidence,0.9333512175636197
cornell,GeneralSheaf,true,2,2,epoch-15,0,0,saliency,-0.14129847344387617
cornell,GeneralSheaf,true,2,2,epoch-15,1,0,saliency,-0.15270456556985426
cornell,GeneralSheaf,true,2,2,epoch-15,2,0,saliency,-0.13824379469425802
cornell,GeneralSheaf,true,2,2,epoch-15,0,0,cohens_d_train,1.7865536
cornell,GeneralSheaf,true,2,2,epoch-15,1,0,cohens_d_train,1.9438543
cornell,GeneralSheaf,true,2,2,epoch-15,2,0,cohens_d_train,1.981848
cornell,GeneralSheaf,true,2,2,epoch-15,0,0,cohens_d_test,1.0205238
cornell,GeneralSheaf,true,2,2,epoch-15,1,0,cohens_d_test,1.0327064
cornell,GeneralSheaf,true,2,2,epoch-15,2,0,cohens_d_test,0.9570585
cornell,GeneralSheaf,true,2,2,epoch-15,0,1,degree,-0.03759948983914836
cornell,GeneralSheaf,true,2,2,epoch-15,1,1,degree,0.040806306457704784
cornell,GeneralSheaf,true,2,2,epoch-15,2,1,degree,0.10221996656411579
cornell,GeneralSheaf,true,2,2,epoch-15,0,1,betweenness,-0.08665459816174399
cornell,GeneralSheaf,true,2,2,epoch-15,1,1,betweenness,-0.01220420874163694
cornell,GeneralSheaf,true,2,2,epoch-15,2,1,betweenness,0.047301396079436814
cornell,GeneralSheaf,true,2,2,epoch-15,0,1,confidence,0.8583412311138613
cornell,GeneralSheaf,true,2,2,epoch-15,1,1,confidence,0.9381877922505152
cornell,GeneralSheaf,true,2,2,epoch-15,2,1,confidence,0.9516107556022025
cornell,GeneralSheaf,true,2,2,epoch-15,0,1,saliency,-0.24933227855537196
cornell,GeneralSheaf,true,2,2,epoch-15,1,1,saliency,-0.21427983990350352
cornell,GeneralSheaf,true,2,2,epoch-15,2,1,saliency,-0.19655487064610377
cornell,GeneralSheaf,true,2,2,epoch-15,0,1,cohens_d_train,1.0442318
cornell,GeneralSheaf,true,2,2,epoch-15,1,1,cohens_d_train,1.1427834
cornell,GeneralSheaf,true,2,2,epoch-15,2,1,cohens_d_train,1.2775655
cornell,GeneralSheaf,true,2,2,epoch-15,0,1,cohens_d_test,0.6799957
cornell,GeneralSheaf,true,2,2,epoch-15,1,1,cohens_d_test,0.9416416
cornell,GeneralSheaf,true,2,2,epoch-15,2,1,cohens_d_test,0.71501344
cornell,GeneralSheaf,true,2,2,epoch-15,0,2,degree,-0.03880115045523047
cornell,GeneralSheaf,true,2,2,epoch-15,1,2,degree,0.009965389913266957
cornell,GeneralSheaf,true,2,2,epoch-15,2,2,degree,0.04795690361609457
cornell,GeneralSheaf,true,2,2,epoch-15,0,2,betweenness,-0.06119501525400795
cornell,GeneralSheaf,true,2,2,epoch-15,1,2,betweenness,-0.014909151872780343
cornell,GeneralSheaf,true,2,2,epoch-15,2,2,betweenness,0.02417680476262968
cornell,GeneralSheaf,true,2,2,epoch-15,0,2,confidence,0.9428011404133999
cornell,GeneralSheaf,true,2,2,epoch-15,1,2,confidence,0.9360260195969392
cornell,GeneralSheaf,true,2,2,epoch-15,2,2,confidence,0.9295132878525609
cornell,GeneralSheaf,true,2,2,epoch-15,0,2,saliency,0.18816625284907543
cornell,GeneralSheaf,true,2,2,epoch-15,1,2,saliency,0.17243857354334904
cornell,GeneralSheaf,true,2,2,epoch-15,2,2,saliency,0.16533252919567962
cornell,GeneralSheaf,true,2,2,epoch-15,0,2,cohens_d_train,1.8904619
cornell,GeneralSheaf,true,2,2,epoch-15,1,2,cohens_d_train,1.8959037
cornell,GeneralSheaf,true,2,2,epoch-15,2,2,cohens_d_train,1.8511415
cornell,GeneralSheaf,true,2,2,epoch-15,0,2,cohens_d_test,1.5431299
cornell,GeneralSheaf,true,2,2,epoch-15,1,2,cohens_d_test,1.53916
cornell,GeneralSheaf,true,2,2,epoch-15,2,2,cohens_d_test,1.4867406
cornell,GeneralSheaf,true,2,2,epoch-15,0,3,degree,-0.044003911027245254
cornell,GeneralSheaf,true,2,2,epoch-15,1,3,degree,-0.004763652902253947
cornell,GeneralSheaf,true,2,2,epoch-15,2,3,degree,0.013787366693889271
cornell,GeneralSheaf,true,2,2,epoch-15,0,3,betweenness,-0.09385136084348043
cornell,GeneralSheaf,true,2,2,epoch-15,1,3,betweenness,-0.05234028278014874
cornell,GeneralSheaf,true,2,2,epoch-15,2,3,betweenness,-0.036255250941020896
cornell,GeneralSheaf,true,2,2,epoch-15,0,3,confidence,0.9345260940057805
cornell,GeneralSheaf,true,2,2,epoch-15,1,3,confidence,0.9453310410188531
cornell,GeneralSheaf,true,2,2,epoch-15,2,3,confidence,0.9560713698276065
cornell,GeneralSheaf,true,2,2,epoch-15,0,3,saliency,0.0032446171077675006
cornell,GeneralSheaf,true,2,2,epoch-15,1,3,saliency,0.005098963758978015
cornell,GeneralSheaf,true,2,2,epoch-15,2,3,saliency,0.007703273205767862
cornell,GeneralSheaf,true,2,2,epoch-15,0,3,cohens_d_train,1.4545727
cornell,GeneralSheaf,true,2,2,epoch-15,1,3,cohens_d_train,1.5116653
cornell,GeneralSheaf,true,2,2,epoch-15,2,3,cohens_d_train,1.5772897
cornell,GeneralSheaf,true,2,2,epoch-15,0,3,cohens_d_test,0.4202737
cornell,GeneralSheaf,true,2,2,epoch-15,1,3,cohens_d_test,0.45794892
cornell,GeneralSheaf,true,2,2,epoch-15,2,3,cohens_d_test,0.5191762
cornell,GeneralSheaf,true,2,2,epoch-15,0,4,degree,-0.013439355953286275
cornell,GeneralSheaf,true,2,2,epoch-15,1,4,degree,0.043891319317050176
cornell,GeneralSheaf,true,2,2,epoch-15,2,4,degree,0.13401893620621363
cornell,GeneralSheaf,true,2,2,epoch-15,0,4,betweenness,-0.05509133885114891
cornell,GeneralSheaf,true,2,2,epoch-15,1,4,betweenness,0.0008027843620518588
cornell,GeneralSheaf,true,2,2,epoch-15,2,4,betweenness,0.09476313942701191
cornell,GeneralSheaf,true,2,2,epoch-15,0,4,confidence,0.890385986073798
cornell,GeneralSheaf,true,2,2,epoch-15,1,4,confidence,0.9408880499400815
cornell,GeneralSheaf,true,2,2,epoch-15,2,4,confidence,0.9584602852600004
cornell,GeneralSheaf,true,2,2,epoch-15,0,4,saliency,0.147832744589694
cornell,GeneralSheaf,true,2,2,epoch-15,1,4,saliency,0.16705568131084886
cornell,GeneralSheaf,true,2,2,epoch-15,2,4,saliency,0.1778684608335357
cornell,GeneralSheaf,true,2,2,epoch-15,0,4,cohens_d_train,1.138541
cornell,GeneralSheaf,true,2,2,epoch-15,1,4,cohens_d_train,1.1387906
cornell,GeneralSheaf,true,2,2,epoch-15,2,4,cohens_d_train,0.8727967
cornell,GeneralSheaf,true,2,2,epoch-15,0,4,cohens_d_test,0.37704077
cornell,GeneralSheaf,true,2,2,epoch-15,1,4,cohens_d_test,0.44361466
cornell,GeneralSheaf,true,2,2,epoch-15,2,4,cohens_d_test,0.59524673
cornell,GeneralSheaf,true,2,2,epoch-15,0,5,degree,-0.06561435445768951
cornell,GeneralSheaf,true,2,2,epoch-15,1,5,degree,-0.03392592940378321
cornell,GeneralSheaf,true,2,2,epoch-15,2,5,degree,-0.022779350094469613
cornell,GeneralSheaf,true,2,2,epoch-15,0,5,betweenness,-0.08642717752654132
cornell,GeneralSheaf,true,2,2,epoch-15,1,5,betweenness,-0.057084675478593604
cornell,GeneralSheaf,true,2,2,epoch-15,2,5,betweenness,-0.04779711018289704
cornell,GeneralSheaf,true,2,2,epoch-15,0,5,confidence,0.7034533534889916
cornell,GeneralSheaf,true,2,2,epoch-15,1,5,confidence,0.7398901882152061
cornell,GeneralSheaf,true,2,2,epoch-15,2,5,confidence,0.7458135236111002
cornell,GeneralSheaf,true,2,2,epoch-15,0,5,saliency,-0.016661706077244213
cornell,GeneralSheaf,true,2,2,epoch-15,1,5,saliency,0.009912040917030226
cornell,GeneralSheaf,true,2,2,epoch-15,2,5,saliency,0.012438025267676019
cornell,GeneralSheaf,true,2,2,epoch-15,0,5,cohens_d_train,1.0018678
cornell,GeneralSheaf,true,2,2,epoch-15,1,5,cohens_d_train,1.035957
cornell,GeneralSheaf,true,2,2,epoch-15,2,5,cohens_d_train,1.0022408
cornell,GeneralSheaf,true,2,2,epoch-15,0,5,cohens_d_test,0.62025195
cornell,GeneralSheaf,true,2,2,epoch-15,1,5,cohens_d_test,0.63759965
cornell,GeneralSheaf,true,2,2,epoch-15,2,5,cohens_d_test,0.65304095
cornell,GeneralSheaf,true,2,2,epoch-15,0,6,degree,-0.019696384357127783
cornell,GeneralSheaf,true,2,2,epoch-15,1,6,degree,0.06251808242732462
cornell,GeneralSheaf,true,2,2,epoch-15,2,6,degree,0.11552011822116086
cornell,GeneralSheaf,true,2,2,epoch-15,0,6,betweenness,-0.0734652493413489
cornell,GeneralSheaf,true,2,2,epoch-15,1,6,betweenness,0.004263350894029977
cornell,GeneralSheaf,true,2,2,epoch-15,2,6,betweenness,0.06724209850340643
cornell,GeneralSheaf,true,2,2,epoch-15,0,6,confidence,0.7253354272242369
cornell,GeneralSheaf,true,2,2,epoch-15,1,6,confidence,0.8217771181064125
cornell,GeneralSheaf,true,2,2,epoch-15,2,6,confidence,0.9216611969641194
cornell,GeneralSheaf,true,2,2,epoch-15,0,6,saliency,-0.2828769591064674
cornell,GeneralSheaf,true,2,2,epoch-15,1,6,saliency,-0.2937426080690515
cornell,GeneralSheaf,true,2,2,epoch-15,2,6,saliency,-0.3306533096269377
cornell,GeneralSheaf,true,2,2,epoch-15,0,6,cohens_d_train,0.93869627
cornell,GeneralSheaf,true,2,2,epoch-15,1,6,cohens_d_train,0.9804139
cornell,GeneralSheaf,true,2,2,epoch-15,2,6,cohens_d_train,0.7824027
cornell,GeneralSheaf,true,2,2,epoch-15,0,6,cohens_d_test,0.1359205
cornell,GeneralSheaf,true,2,2,epoch-15,1,6,cohens_d_test,0.0813095
cornell,GeneralSheaf,true,2,2,epoch-15,2,6,cohens_d_test,0.2753867
cornell,GeneralSheaf,true,2,2,epoch-15,0,7,degree,-0.07035241833489912
cornell,GeneralSheaf,true,2,2,epoch-15,1,7,degree,-0.07596665042962686
cornell,GeneralSheaf,true,2,2,epoch-15,2,7,degree,-0.09711546784827126
cornell,GeneralSheaf,true,2,2,epoch-15,0,7,betweenness,-0.10273229385134917
cornell,GeneralSheaf,true,2,2,epoch-15,1,7,betweenness,-0.10642971321077341
cornell,GeneralSheaf,true,2,2,epoch-15,2,7,betweenness,-0.11896195263820959
cornell,GeneralSheaf,true,2,2,epoch-15,0,7,confidence,0.8710651429824631
cornell,GeneralSheaf,true,2,2,epoch-15,1,7,confidence,0.8836147815121445
cornell,GeneralSheaf,true,2,2,epoch-15,2,7,confidence,0.9074941451990634
cornell,GeneralSheaf,true,2,2,epoch-15,0,7,saliency,-0.12305264229711844
cornell,GeneralSheaf,true,2,2,epoch-15,1,7,saliency,-0.12196588158811966
cornell,GeneralSheaf,true,2,2,epoch-15,2,7,saliency,-0.12871358862093005
cornell,GeneralSheaf,true,2,2,epoch-15,0,7,cohens_d_train,1.6479883
cornell,GeneralSheaf,true,2,2,epoch-15,1,7,cohens_d_train,1.7486153
cornell,GeneralSheaf,true,2,2,epoch-15,2,7,cohens_d_train,1.4391025
cornell,GeneralSheaf,true,2,2,epoch-15,0,7,cohens_d_test,1.8448387
cornell,GeneralSheaf,true,2,2,epoch-15,1,7,cohens_d_test,1.8147936
cornell,GeneralSheaf,true,2,2,epoch-15,2,7,cohens_d_test,1.7746093
cornell,GeneralSheaf,true,2,2,epoch-15,0,8,degree,-0.005390072235339338
cornell,GeneralSheaf,true,2,2,epoch-15,1,8,degree,0.033845068084643104
cornell,GeneralSheaf,true,2,2,epoch-15,2,8,degree,0.02064010760076296
cornell,GeneralSheaf,true,2,2,epoch-15,0,8,betweenness,-0.06967665212357152
cornell,GeneralSheaf,true,2,2,epoch-15,1,8,betweenness,-0.03046807698899692
cornell,GeneralSheaf,true,2,2,epoch-15,2,8,betweenness,-0.04214198692228106
cornell,GeneralSheaf,true,2,2,epoch-15,0,8,confidence,0.8548028948955537
cornell,GeneralSheaf,true,2,2,epoch-15,1,8,confidence,0.9070672734250783
cornell,GeneralSheaf,true,2,2,epoch-15,2,8,confidence,0.9178134766160427
cornell,GeneralSheaf,true,2,2,epoch-15,0,8,saliency,0.10930071354162589
cornell,GeneralSheaf,true,2,2,epoch-15,1,8,saliency,0.15354656035340286
cornell,GeneralSheaf,true,2,2,epoch-15,2,8,saliency,0.16605507820760854
cornell,GeneralSheaf,true,2,2,epoch-15,0,8,cohens_d_train,0.70327705
cornell,GeneralSheaf,true,2,2,epoch-15,1,8,cohens_d_train,0.7858204
cornell,GeneralSheaf,true,2,2,epoch-15,2,8,cohens_d_train,0.7076939
cornell,GeneralSheaf,true,2,2,epoch-15,0,8,cohens_d_test,0.15524225
cornell,GeneralSheaf,true,2,2,epoch-15,1,8,cohens_d_test,0.26262555
cornell,GeneralSheaf,true,2,2,epoch-15,2,8,cohens_d_test,0.31208614
cornell,GeneralSheaf,true,2,2,epoch-15,0,9,degree,-0.05969305406242972
cornell,GeneralSheaf,true,2,2,epoch-15,1,9,degree,0.23099724688024723
cornell,GeneralSheaf,true,2,2,epoch-15,2,9,degree,0.23456333341042618
cornell,GeneralSheaf,true,2,2,epoch-15,0,9,betweenness,-0.09444768499753724
cornell,GeneralSheaf,true,2,2,epoch-15,1,9,betweenness,0.16651277780141707
cornell,GeneralSheaf,true,2,2,epoch-15,2,9,betweenness,0.1724917396623908
cornell,GeneralSheaf,true,2,2,epoch-15,0,9,confidence,0.8383037133928082
cornell,GeneralSheaf,true,2,2,epoch-15,1,9,confidence,0.8628703797983913
cornell,GeneralSheaf,true,2,2,epoch-15,2,9,confidence,0.8623475597816298
cornell,GeneralSheaf,true,2,2,epoch-15,0,9,saliency,-0.2842515645437955
cornell,GeneralSheaf,true,2,2,epoch-15,1,9,saliency,-0.16507405637840422
cornell,GeneralSheaf,true,2,2,epoch-15,2,9,saliency,-0.16488411802025488
cornell,GeneralSheaf,true,2,2,epoch-15,0,9,cohens_d_train,1.0686238
cornell,GeneralSheaf,true,2,2,epoch-15,1,9,cohens_d_train,1.2256485
cornell,GeneralSheaf,true,2,2,epoch-15,2,9,cohens_d_train,0.9235247
cornell,GeneralSheaf,true,2,2,epoch-15,0,9,cohens_d_test,0.54916
cornell,GeneralSheaf,true,2,2,epoch-15,1,9,cohens_d_test,0.8420033
cornell,GeneralSheaf,true,2,2,epoch-15,2,9,cohens_d_test,0.8391146
cornell,GeneralSheaf,true,2,2,epoch-50,0,0,degree,-0.04663958060681206
cornell,GeneralSheaf,true,2,2,epoch-50,1,0,degree,0.18214779807060616
cornell,GeneralSheaf,true,2,2,epoch-50,2,0,degree,0.3330974568071555
cornell,GeneralSheaf,true,2,2,epoch-50,0,0,betweenness,-0.06810881216844152
cornell,GeneralSheaf,true,2,2,epoch-50,1,0,betweenness,0.14294382542780842
cornell,GeneralSheaf,true,2,2,epoch-50,2,0,betweenness,0.2826524089161206
cornell,GeneralSheaf,true,2,2,epoch-50,0,0,confidence,0.6855828393547418
cornell,GeneralSheaf,true,2,2,epoch-50,1,0,confidence,0.8086022537079354
cornell,GeneralSheaf,true,2,2,epoch-50,2,0,confidence,0.8527913364569767
cornell,GeneralSheaf,true,2,2,epoch-50,0,0,saliency,-0.49437429996945326
cornell,GeneralSheaf,true,2,2,epoch-50,1,0,saliency,-0.4684036562154881
cornell,GeneralSheaf,true,2,2,epoch-50,2,0,saliency,-0.4036131366851254
cornell,GeneralSheaf,true,2,2,epoch-50,0,0,cohens_d_train,nan
cornell,GeneralSheaf,true,2,2,epoch-50,1,0,cohens_d_train,nan
cornell,GeneralSheaf,true,2,2,epoch-50,2,0,cohens_d_train,nan
cornell,GeneralSheaf,true,2,2,epoch-50,0,0,cohens_d_test,0.9104501
cornell,GeneralSheaf,true,2,2,epoch-50,1,0,cohens_d_test,0.74648625
cornell,GeneralSheaf,true,2,2,epoch-50,2,0,cohens_d_test,0.69363666
cornell,GeneralSheaf,true,2,2,epoch-50,0,1,degree,0.024431377551332067
cornell,GeneralSheaf,true,2,2,epoch-50,1,1,degree,0.4424997509207161
cornell,GeneralSheaf,true,2,2,epoch-50,2,1,degree,0.513869588891378
cornell,GeneralSheaf,true,2,2,epoch-50,0,1,betweenness,-0.007025935199994338
cornell,GeneralSheaf,true,2,2,epoch-50,1,1,betweenness,0.35999638531223965
cornell,GeneralSheaf,true,2,2,epoch-50,2,1,betweenness,0.4319095150188643
cornell,GeneralSheaf,true,2,2,epoch-50,0,1,confidence,0.6589646988791679
cornell,GeneralSheaf,true,2,2,epoch-50,1,1,confidence,0.8045240575532808
cornell,GeneralSheaf,true,2,2,epoch-50,2,1,confidence,0.7861372412334636
cornell,GeneralSheaf,true,2,2,epoch-50,0,1,saliency,-0.3405066067218598
cornell,GeneralSheaf,true,2,2,epoch-50,1,1,saliency,-0.2864094209425643
cornell,GeneralSheaf,true,2,2,epoch-50,2,1,saliency,-0.27341332936486185
cornell,GeneralSheaf,true,2,2,epoch-50,0,1,cohens_d_train,nan
cornell,GeneralSheaf,true,2,2,epoch-50,1,1,cohens_d_train,nan
cornell,GeneralSheaf,true,2,2,epoch-50,2,1,cohens_d_train,nan
cornell,GeneralSheaf,true,2,2,epoch-50,0,1,cohens_d_test,0.5986622
cornell,GeneralSheaf,true,2,2,epoch-50,1,1,cohens_d_test,0.16767429
cornell,GeneralSheaf,true,2,2,epoch-50,2,1,cohens_d_test,0.1114405
cornell,GeneralSheaf,true,2,2,epoch-50,0,2,degree,0.030625968734065395
cornell,GeneralSheaf,true,2,2,epoch-50,1,2,degree,0.39553160723233477
cornell,GeneralSheaf,true,2,2,epoch-50,2,2,degree,0.4638082438556372
cornell,GeneralSheaf,true,2,2,epoch-50,0,2,betweenness,0.02830076881572898
cornell,GeneralSheaf,true,2,2,epoch-50,1,2,betweenness,0.33570953830677
cornell,GeneralSheaf,true,2,2,epoch-50,2,2,betweenness,0.39729127344275855
cornell,GeneralSheaf,true,2,2,epoch-50,0,2,confidence,0.6318524668489031
cornell,GeneralSheaf,true,2,2,epoch-50,1,2,confidence,0.7276793057263479
cornell,GeneralSheaf,true,2,2,epoch-50,2,2,confidence,0.7159638294706008
cornell,GeneralSheaf,true,2,2,epoch-50,0,2,saliency,-0.19456345507664113
cornell,GeneralSheaf,true,2,2,epoch-50,1,2,saliency,-0.18676031737328963
cornell,GeneralSheaf,true,2,2,epoch-50,2,2,saliency,-0.18297134084732092
cornell,GeneralSheaf,true,2,2,epoch-50,0,2,cohens_d_train,nan
cornell,GeneralSheaf,true,2,2,epoch-50,1,2,cohens_d_train,nan
cornell,GeneralSheaf,true,2,2,epoch-50,2,2,cohens_d_train,nan
cornell,GeneralSheaf,true,2,2,epoch-50,0,2,cohens_d_test,0.50989985
cornell,GeneralSheaf,true,2,2,epoch-50,1,2,cohens_d_test,0.44191325
cornell,GeneralSheaf,true,2,2,epoch-50,2,2,cohens_d_test,0.5150678
cornell,GeneralSheaf,true,2,2,epoch-50,0,3,degree,0.05538590936696677
cornell,GeneralSheaf,true,2,2,epoch-50,1,3,degree,0.43900736078266483
cornell,GeneralSheaf,true,2,2,epoch-50,2,3,degree,0.487621390561898
cornell,GeneralSheaf,true,2,2,epoch-50,0,3,betweenness,0.05214115872167635
cornell,GeneralSheaf,true,2,2,epoch-50,1,3,betweenness,0.3900305814580388
cornell,GeneralSheaf,true,2,2,epoch-50,2,3,betweenness,0.443507967414201
cornell,GeneralSheaf,true,2,2,epoch-50,0,3,confidence,0.698896791020811
cornell,GeneralSheaf,true,2,2,epoch-50,1,3,confidence,0.8160006422657886
cornell,GeneralSheaf,true,2,2,epoch-50,2,3,confidence,0.8346008944725981
cornell,GeneralSheaf,true,2,2,epoch-50,0,3,saliency,-0.47287993546012086
cornell,GeneralSheaf,true,2,2,epoch-50,1,3,saliency,-0.4390904889835753
cornell,GeneralSheaf,true,2,2,epoch-50,2,3,saliency,-0.44275610348311706
cornell,GeneralSheaf,true,2,2,epoch-50,0,3,cohens_d_train,nan
cornell,GeneralSheaf,true,2,2,epoch-50,1,3,cohens_d_train,nan
cornell,GeneralSheaf,true,2,2,epoch-50,2,3,cohens_d_train,nan
cornell,GeneralSheaf,true,2,2,epoch-50,0,3,cohens_d_test,0.54633945
cornell,GeneralSheaf,true,2,2,epoch-50,1,3,cohens_d_test,0.6255679
cornell,GeneralSheaf,true,2,2,epoch-50,2,3,cohens_d_test,0.5892673
cornell,GeneralSheaf,true,2,2,epoch-50,0,4,degree,0.08128507339484206
cornell,GeneralSheaf,true,2,2,epoch-50,1,4,degree,0.4125401203988052
cornell,GeneralSheaf,true,2,2,epoch-50,2,4,degree,0.5407697955789879
cornell,GeneralSheaf,true,2,2,epoch-50,0,4,betweenness,0.06118034295496262
cornell,GeneralSheaf,true,2,2,epoch-50,1,4,betweenness,0.3603841532155806
cornell,GeneralSheaf,true,2,2,epoch-50,2,4,betweenness,0.4673284449143011
cornell,GeneralSheaf,true,2,2,epoch-50,0,4,confidence,0.7418620225106328
cornell,GeneralSheaf,true,2,2,epoch-50,1,4,confidence,0.8568667611789494
cornell,GeneralSheaf,true,2,2,epoch-50,2,4,confidence,0.7711908547617743
cornell,GeneralSheaf,true,2,2,epoch-50,0,4,saliency,-0.5780548745623586
cornell,GeneralSheaf,true,2,2,epoch-50,1,4,saliency,-0.5171042428704582
cornell,GeneralSheaf,true,2,2,epoch-50,2,4,saliency,-0.39685955527010414
cornell,GeneralSheaf,true,2,2,epoch-50,0,4,cohens_d_train,nan
cornell,GeneralSheaf,true,2,2,epoch-50,1,4,cohens_d_train,nan
cornell,GeneralSheaf,true,2,2,epoch-50,2,4,cohens_d_train,nan
cornell,GeneralSheaf,true,2,2,epoch-50,0,4,cohens_d_test,0.07592533
cornell,GeneralSheaf,true,2,2,epoch-50,1,4,cohens_d_test,0.25950465
cornell,GeneralSheaf,true,2,2,epoch-50,2,4,cohens_d_test,0.20687103
cornell,GeneralSheaf,true,2,2,epoch-50,0,5,degree,-0.030371102044623784
cornell,GeneralSheaf,true,2,2,epoch-50,1,5,degree,0.28186004018037686
cornell,GeneralSheaf,true,2,2,epoch-50,2,5,degree,0.38130717999068814
cornell,GeneralSheaf,true,2,2,epoch-50,0,5,betweenness,-0.06587443062810919
cornell,GeneralSheaf,true,2,2,epoch-50,1,5,betweenness,0.20661636317775708
cornell,GeneralSheaf,true,2,2,epoch-50,2,5,betweenness,0.28236944314881773
cornell,GeneralSheaf,true,2,2,epoch-50,0,5,confidence,0.595869917680324
cornell,GeneralSheaf,true,2,2,epoch-50,1,5,confidence,0.8877503465885506
cornell,GeneralSheaf,true,2,2,epoch-50,2,5,confidence,0.8921561332466537
cornell,GeneralSheaf,true,2,2,epoch-50,0,5,saliency,-0.49457794521942783
cornell,GeneralSheaf,true,2,2,epoch-50,1,5,saliency,-0.4715209950420215
cornell,GeneralSheaf,true,2,2,epoch-50,2,5,saliency,-0.39942078591401475
cornell,GeneralSheaf,true,2,2,epoch-50,0,5,cohens_d_train,nan
cornell,GeneralSheaf,true,2,2,epoch-50,1,5,cohens_d_train,nan
cornell,GeneralSheaf,true,2,2,epoch-50,2,5,cohens_d_train,nan
cornell,GeneralSheaf,true,2,2,epoch-50,0,5,cohens_d_test,0.505347
cornell,GeneralSheaf,true,2,2,epoch-50,1,5,cohens_d_test,0.49344313
cornell,GeneralSheaf,true,2,2,epoch-50,2,5,cohens_d_test,0.42093506
cornell,GeneralSheaf,true,2,2,epoch-50,0,6,degree,-0.035218686949023165
cornell,GeneralSheaf,true,2,2,epoch-50,1,6,degree,0.31883208712543804
cornell,GeneralSheaf,true,2,2,epoch-50,2,6,degree,0.4829099392707345
cornell,GeneralSheaf,true,2,2,epoch-50,0,6,betweenness,-0.04798470600640524
cornell,GeneralSheaf,true,2,2,epoch-50,1,6,betweenness,0.271912286014936
cornell,GeneralSheaf,true,2,2,epoch-50,2,6,betweenness,0.40906264936255815
cornell,GeneralSheaf,true,2,2,epoch-50,0,6,confidence,0.6817103067994017
cornell,GeneralSheaf,true,2,2,epoch-50,1,6,confidence,0.873438393395628
cornell,GeneralSheaf,true,2,2,epoch-50,2,6,confidence,0.8362241820901838
cornell,GeneralSheaf,true,2,2,epoch-50,0,6,saliency,-0.49134899313088914
cornell,GeneralSheaf,true,2,2,epoch-50,1,6,saliency,-0.3422747957673119
cornell,GeneralSheaf,true,2,2,epoch-50,2,6,saliency,-0.21951978883554085
cornell,GeneralSheaf,true,2,2,epoch-50,0,6,cohens_d_train,nan
cornell,GeneralSheaf,true,2,2,epoch-50,1,6,cohens_d_train,nan
cornell,GeneralSheaf,true,2,2,epoch-50,2,6,cohens_d_train,nan
cornell,GeneralSheaf,true,2,2,epoch-50,0,6,cohens_d_test,0.035867013
cornell,GeneralSheaf,true,2,2,epoch-50,1,6,cohens_d_test,0.17204054
cornell,GeneralSheaf,true,2,2,epoch-50,2,6,cohens_d_test,0.2690431
cornell,GeneralSheaf,true,2,2,epoch-50,0,7,degree,-0.043209627689869
cornell,GeneralSheaf,true,2,2,epoch-50,1,7,degree,0.08797916234644086
cornell,GeneralSheaf,true,2,2,epoch-50,2,7,degree,0.24268733708150259
cornell,GeneralSheaf,true,2,2,epoch-50,0,7,betweenness,-0.07386978558645597
cornell,GeneralSheaf,true,2,2,epoch-50,1,7,betweenness,0.0355153478605919
cornell,GeneralSheaf,true,2,2,epoch-50,2,7,betweenness,0.18204340634090338
cornell,GeneralSheaf,true,2,2,epoch-50,0,7,confidence,0.8048393160652607
cornell,GeneralSheaf,true,2,2,epoch-50,1,7,confidence,0.9065268302616842
cornell,GeneralSheaf,true,2,2,epoch-50,2,7,confidence,0.924447612259444
cornell,GeneralSheaf,true,2,2,epoch-50,0,7,saliency,-0.45662747801022935
cornell,GeneralSheaf,true,2,2,epoch-50,1,7,saliency,-0.4993029066443179
cornell,GeneralSheaf,true,2,2,epoch-50,2,7,saliency,-0.46898913630916483
cornell,GeneralSheaf,true,2,2,epoch-50,0,7,cohens_d_train,nan
cornell,GeneralSheaf,true,2,2,epoch-50,1,7,cohens_d_train,nan
cornell,GeneralSheaf,true,2,2,epoch-50,2,7,cohens_d_train,nan
cornell,GeneralSheaf,true,2,2,epoch-50,0,7,cohens_d_test,0.4615686
cornell,GeneralSheaf,true,2,2,epoch-50,1,7,cohens_d_test,0.5310257
cornell,GeneralSheaf,true,2,2,epoch-50,2,7,cohens_d_test,0.46687138
cornell,GeneralSheaf,true,2,2,epoch-50,0,8,degree,0.02084789048412299
cornell,GeneralSheaf,true,2,2,epoch-50,1,8,degree,0.28526849831628265
cornell,GeneralSheaf,true,2,2,epoch-50,2,8,degree,0.40971713915591385
cornell,GeneralSheaf,true,2,2,epoch-50,0,8,betweenness,0.005058799106559168
cornell,GeneralSheaf,true,2,2,epoch-50,1,8,betweenness,0.22621331459552174
cornell,GeneralSheaf,true,2,2,epoch-50,2,8,betweenness,0.32288070883434594
cornell,GeneralSheaf,true,2,2,epoch-50,0,8,confidence,0.7099507677577394
cornell,GeneralSheaf,true,2,2,epoch-50,1,8,confidence,0.9042392010445742
cornell,GeneralSheaf,true,2,2,epoch-50,2,8,confidence,0.9078245340757034
cornell,GeneralSheaf,true,2,2,epoch-50,0,8,saliency,-0.4518770609290923
cornell,GeneralSheaf,true,2,2,epoch-50,1,8,saliency,-0.4649671426221676
cornell,GeneralSheaf,true,2,2,epoch-50,2,8,saliency,-0.4111440946793763
cornell,GeneralSheaf,true,2,2,epoch-50,0,8,cohens_d_train,nan
cornell,GeneralSheaf,true,2,2,epoch-50,1,8,cohens_d_train,nan
cornell,GeneralSheaf,true,2,2,epoch-50,2,8,cohens_d_train,nan
cornell,GeneralSheaf,true,2,2,epoch-50,0,8,cohens_d_test,0.03844555
cornell,GeneralSheaf,true,2,2,epoch-50,1,8,cohens_d_test,0.51218957
cornell,GeneralSheaf,true,2,2,epoch-50,2,8,cohens_d_test,0.5134426
cornell,GeneralSheaf,true,2,2,epoch-50,0,9,degree,0.013244879362949307
cornell,GeneralSheaf,true,2,2,epoch-50,1,9,degree,0.460776456168384
cornell,GeneralSheaf,true,2,2,epoch-50,2,9,degree,0.5022450065942362
cornell,GeneralSheaf,true,2,2,epoch-50,0,9,betweenness,-0.03368026245856474
cornell,GeneralSheaf,true,2,2,epoch-50,1,9,betweenness,0.3876725333971816
cornell,GeneralSheaf,true,2,2,epoch-50,2,9,betweenness,0.4326578022701763
cornell,GeneralSheaf,true,2,2,epoch-50,0,9,confidence,0.70358846427984
cornell,GeneralSheaf,true,2,2,epoch-50,1,9,confidence,0.8301853171774769
cornell,GeneralSheaf,true,2,2,epoch-50,2,9,confidence,0.7908034588362458
cornell,GeneralSheaf,true,2,2,epoch-50,0,9,saliency,-0.489704166111864
cornell,GeneralSheaf,true,2,2,epoch-50,1,9,saliency,-0.4116806215879631
cornell,GeneralSheaf,true,2,2,epoch-50,2,9,saliency,-0.3876641889827921
cornell,GeneralSheaf,true,2,2,epoch-50,0,9,cohens_d_train,nan
cornell,GeneralSheaf,true,2,2,epoch-50,1,9,cohens_d_train,nan
cornell,GeneralSheaf,true,2,2,epoch-50,2,9,cohens_d_train,nan
cornell,GeneralSheaf,true,2,2,epoch-50,0,9,cohens_d_test,0.716646
cornell,GeneralSheaf,true,2,2,epoch-50,1,9,cohens_d_test,0.56410635
cornell,GeneralSheaf,true,2,2,epoch-50,2,9,cohens_d_test,0.4407666
cornell,GeneralSheaf,true,2,2,epoch-200,0,0,degree,0.002274352545940754
cornell,GeneralSheaf,true,2,2,epoch-200,1,0,degree,0.2143879225044684
cornell,GeneralSheaf,true,2,2,epoch-200,2,0,degree,0.3135781485033346
cornell,GeneralSheaf,true,2,2,epoch-200,0,0,betweenness,-0.027505320603199785
cornell,GeneralSheaf,true,2,2,epoch-200,1,0,betweenness,0.1662025634787443
cornell,GeneralSheaf,true,2,2,epoch-200,2,0,betweenness,0.2679539093367769
cornell,GeneralSheaf,true,2,2,epoch-200,0,0,confidence,0.7727886867231132
cornell,GeneralSheaf,true,2,2,epoch-200,1,0,confidence,0.8462027993389364
cornell,GeneralSheaf,true,2,2,epoch-200,2,0,confidence,0.8493064312736445
cornell,GeneralSheaf,true,2,2,epoch-200,0,0,saliency,-0.4115278876504821
cornell,GeneralSheaf,true,2,2,epoch-200,1,0,saliency,-0.36853915863181724
cornell,GeneralSheaf,true,2,2,epoch-200,2,0,saliency,-0.30021421913795404
cornell,GeneralSheaf,true,2,2,epoch-200,0,0,cohens_d_train,nan
cornell,GeneralSheaf,true,2,2,epoch-200,1,0,cohens_d_train,nan
cornell,GeneralSheaf,true,2,2,epoch-200,2,0,cohens_d_train,nan
cornell,GeneralSheaf,true,2,2,epoch-200,0,0,cohens_d_test,0.24032886
cornell,GeneralSheaf,true,2,2,epoch-200,1,0,cohens_d_test,0.5022872
cornell,GeneralSheaf,true,2,2,epoch-200,2,0,cohens_d_test,0.637365
cornell,GeneralSheaf,true,2,2,epoch-200,0,1,degree,0.08788806541728302
cornell,GeneralSheaf,true,2,2,epoch-200,1,1,degree,0.4660559838155318
cornell,GeneralSheaf,true,2,2,epoch-200,2,1,degree,0.5353643699286219
cornell,GeneralSheaf,true,2,2,epoch-200,0,1,betweenness,0.07189321730077737
cornell,GeneralSheaf,true,2,2,epoch-200,1,1,betweenness,0.390435117703146
cornell,GeneralSheaf,true,2,2,epoch-200,2,1,betweenness,0.461705810315857
cornell,GeneralSheaf,true,2,2,epoch-200,0,1,confidence,0.6702236085781026
cornell,GeneralSheaf,true,2,2,epoch-200,1,1,confidence,0.7572125245871243
cornell,GeneralSheaf,true,2,2,epoch-200,2,1,confidence,0.7713443438948736
cornell,GeneralSheaf,true,2,2,epoch-200,0,1,saliency,-0.3656156744182404
cornell,GeneralSheaf,true,2,2,epoch-200,1,1,saliency,-0.21641028251862182
cornell,GeneralSheaf,true,2,2,epoch-200,2,1,saliency,-0.19460653387952037
cornell,GeneralSheaf,true,2,2,epoch-200,0,1,cohens_d_train,nan
cornell,GeneralSheaf,true,2,2,epoch-200,1,1,cohens_d_train,nan
cornell,GeneralSheaf,true,2,2,epoch-200,2,1,cohens_d_train,nan
cornell,GeneralSheaf,true,2,2,epoch-200,0,1,cohens_d_test,0.9972581
cornell,GeneralSheaf,true,2,2,epoch-200,1,1,cohens_d_test,0.31492054
cornell,GeneralSheaf,true,2,2,epoch-200,2,1,cohens_d_test,0.26452166
cornell,GeneralSheaf,true,2,2,epoch-200,0,2,degree,0.060797476383343346
cornell,GeneralSheaf,true,2,2,epoch-200,1,2,degree,0.269105446537277
cornell,GeneralSheaf,true,2,2,epoch-200,2,2,degree,0.35423808573778576
cornell,GeneralSheaf,true,2,2,epoch-200,0,2,betweenness,0.06983595137034944
cornell,GeneralSheaf,true,2,2,epoch-200,1,2,betweenness,0.2479440375030221
cornell,GeneralSheaf,true,2,2,epoch-200,2,2,betweenness,0.33635511946476465
cornell,GeneralSheaf,true,2,2,epoch-200,0,2,confidence,0.649655761202447
cornell,GeneralSheaf,true,2,2,epoch-200,1,2,confidence,0.6969210404705773
cornell,GeneralSheaf,true,2,2,epoch-200,2,2,confidence,0.8187518112678486
cornell,GeneralSheaf,true,2,2,epoch-200,0,2,saliency,-0.3451610755602203
cornell,GeneralSheaf,true,2,2,epoch-200,1,2,saliency,-0.30898467177868466
cornell,GeneralSheaf,true,2,2,epoch-200,2,2,saliency,-0.19349235938687118
cornell,GeneralSheaf,true,2,2,epoch-200,0,2,cohens_d_train,nan
cornell,GeneralSheaf,true,2,2,epoch-200,1,2,cohens_d_train,nan
cornell,GeneralSheaf,true,2,2,epoch-200,2,2,cohens_d_train,nan
cornell,GeneralSheaf,true,2,2,epoch-200,0,2,cohens_d_test,0.4038954
cornell,GeneralSheaf,true,2,2,epoch-200,1,2,cohens_d_test,0.044410802
cornell,GeneralSheaf,true,2,2,epoch-200,2,2,cohens_d_test,0.16490887
cornell,GeneralSheaf,true,2,2,epoch-200,0,3,degree,0.07485915742570791
cornell,GeneralSheaf,true,2,2,epoch-200,1,3,degree,0.440592856774412
cornell,GeneralSheaf,true,2,2,epoch-200,2,3,degree,0.5384340293729407
cornell,GeneralSheaf,true,2,2,epoch-200,0,3,betweenness,0.08760515353560958
cornell,GeneralSheaf,true,2,2,epoch-200,1,3,betweenness,0.39477078207104216
cornell,GeneralSheaf,true,2,2,epoch-200,2,3,betweenness,0.46957435468959763
cornell,GeneralSheaf,true,2,2,epoch-200,0,3,confidence,0.6849950924367263
cornell,GeneralSheaf,true,2,2,epoch-200,1,3,confidence,0.7890021612871466
cornell,GeneralSheaf,true,2,2,epoch-200,2,3,confidence,0.7899342313000959
cornell,GeneralSheaf,true,2,2,epoch-200,0,3,saliency,-0.36524754646636337
cornell,GeneralSheaf,true,2,2,epoch-200,1,3,saliency,-0.3442681694641781
cornell,GeneralSheaf,true,2,2,epoch-200,2,3,saliency,-0.3052094021445412
cornell,GeneralSheaf,true,2,2,epoch-200,0,3,cohens_d_train,nan
cornell,GeneralSheaf,true,2,2,epoch-200,1,3,cohens_d_train,nan
cornell,GeneralSheaf,true,2,2,epoch-200,2,3,cohens_d_train,nan
cornell,GeneralSheaf,true,2,2,epoch-200,0,3,cohens_d_test,0.030730488
cornell,GeneralSheaf,true,2,2,epoch-200,1,3,cohens_d_test,0.027800635
cornell,GeneralSheaf,true,2,2,epoch-200,2,3,cohens_d_test,0.09557217
cornell,GeneralSheaf,true,2,2,epoch-200,0,4,degree,0.018834545993634478
cornell,GeneralSheaf,true,2,2,epoch-200,1,4,degree,0.26438580675809936
cornell,GeneralSheaf,true,2,2,epoch-200,2,4,degree,0.5186752077947048
cornell,GeneralSheaf,true,2,2,epoch-200,0,4,betweenness,-0.004578805323504662
cornell,GeneralSheaf,true,2,2,epoch-200,1,4,betweenness,0.221150323403521
cornell,GeneralSheaf,true,2,2,epoch-200,2,4,betweenness,0.4536601503322119
cornell,GeneralSheaf,true,2,2,epoch-200,0,4,confidence,0.7129346063772295
cornell,GeneralSheaf,true,2,2,epoch-200,1,4,confidence,0.8690600205211753
cornell,GeneralSheaf,true,2,2,epoch-200,2,4,confidence,0.8337393184150136
cornell,GeneralSheaf,true,2,2,epoch-200,0,4,saliency,-0.4370364133371974
cornell,GeneralSheaf,true,2,2,epoch-200,1,4,saliency,-0.4540310010730539
cornell,GeneralSheaf,true,2,2,epoch-200,2,4,saliency,-0.3370133074338349
cornell,GeneralSheaf,true,2,2,epoch-200,0,4,cohens_d_train,nan
cornell,GeneralSheaf,true,2,2,epoch-200,1,4,cohens_d_train,nan
cornell,GeneralSheaf,true,2,2,epoch-200,2,4,cohens_d_train,nan
cornell,GeneralSheaf,true,2,2,epoch-200,0,4,cohens_d_test,0.26744768
cornell,GeneralSheaf,true,2,2,epoch-200,1,4,cohens_d_test,0.10489873
cornell,GeneralSheaf,true,2,2,epoch-200,2,4,cohens_d_test,0.065892935
cornell,GeneralSheaf,true,2,2,epoch-200,0,5,degree,0.09225457665084882
cornell,GeneralSheaf,true,2,2,epoch-200,1,5,degree,0.30615835480147835
cornell,GeneralSheaf,true,2,2,epoch-200,2,5,degree,0.4041407788182517
cornell,GeneralSheaf,true,2,2,epoch-200,0,5,betweenness,0.07851776031974578
cornell,GeneralSheaf,true,2,2,epoch-200,1,5,betweenness,0.2480876164293943
cornell,GeneralSheaf,true,2,2,epoch-200,2,5,betweenness,0.31741632546131937
cornell,GeneralSheaf,true,2,2,epoch-200,0,5,confidence,0.8003162388202908
cornell,GeneralSheaf,true,2,2,epoch-200,1,5,confidence,0.9147721709913695
cornell,GeneralSheaf,true,2,2,epoch-200,2,5,confidence,0.8864076054034177
cornell,GeneralSheaf,true,2,2,epoch-200,0,5,saliency,-0.4424858819014201
cornell,GeneralSheaf,true,2,2,epoch-200,1,5,saliency,-0.37043854221331063
cornell,GeneralSheaf,true,2,2,epoch-200,2,5,saliency,-0.3096014819108191
cornell,GeneralSheaf,true,2,2,epoch-200,0,5,cohens_d_train,nan
cornell,GeneralSheaf,true,2,2,epoch-200,1,5,cohens_d_train,nan
cornell,GeneralSheaf,true,2,2,epoch-200,2,5,cohens_d_train,nan
cornell,GeneralSheaf,true,2,2,epoch-200,0,5,cohens_d_test,0.10870163
cornell,GeneralSheaf,true,2,2,epoch-200,1,5,cohens_d_test,0.31701624
cornell,GeneralSheaf,true,2,2,epoch-200,2,5,cohens_d_test,0.28154022
cornell,GeneralSheaf,true,2,2,epoch-200,0,6,degree,0.027030198934835027
cornell,GeneralSheaf,true,2,2,epoch-200,1,6,degree,0.3082822438801584
cornell,GeneralSheaf,true,2,2,epoch-200,2,6,degree,0.44169932621732916
cornell,GeneralSheaf,true,2,2,epoch-200,0,6,betweenness,0.05489431083539728
cornell,GeneralSheaf,true,2,2,epoch-200,1,6,betweenness,0.2915878390347292
cornell,GeneralSheaf,true,2,2,epoch-200,2,6,betweenness,0.40610932516900433
cornell,GeneralSheaf,true,2,2,epoch-200,0,6,confidence,0.7646311279597097
cornell,GeneralSheaf,true,2,2,epoch-200,1,6,confidence,0.8629624117863607
cornell,GeneralSheaf,true,2,2,epoch-200,2,6,confidence,0.8744996984483799
cornell,GeneralSheaf,true,2,2,epoch-200,0,6,saliency,-0.34313441369749287
cornell,GeneralSheaf,true,2,2,epoch-200,1,6,saliency,-0.24008600095556623
cornell,GeneralSheaf,true,2,2,epoch-200,2,6,saliency,-0.20026943833073557
cornell,GeneralSheaf,true,2,2,epoch-200,0,6,cohens_d_train,nan
cornell,GeneralSheaf,true,2,2,epoch-200,1,6,cohens_d_train,nan
cornell,GeneralSheaf,true,2,2,epoch-200,2,6,cohens_d_train,nan
cornell,GeneralSheaf,true,2,2,epoch-200,0,6,cohens_d_test,0.11971651
cornell,GeneralSheaf,true,2,2,epoch-200,1,6,cohens_d_test,0.17925954
cornell,GeneralSheaf,true,2,2,epoch-200,2,6,cohens_d_test,0.37164095
cornell,GeneralSheaf,true,2,2,epoch-200,0,7,degree,-0.017777207478802435
cornell,GeneralSheaf,true,2,2,epoch-200,1,7,degree,0.19251851814057544
cornell,GeneralSheaf,true,2,2,epoch-200,2,7,degree,0.3143468428156665
cornell,GeneralSheaf,true,2,2,epoch-200,0,7,betweenness,-0.03366873422360055
cornell,GeneralSheaf,true,2,2,epoch-200,1,7,betweenness,0.148773968255608
cornell,GeneralSheaf,true,2,2,epoch-200,2,7,betweenness,0.261971803411722
cornell,GeneralSheaf,true,2,2,epoch-200,0,7,confidence,0.7804136348327368
cornell,GeneralSheaf,true,2,2,epoch-200,1,7,confidence,0.8689699466606096
cornell,GeneralSheaf,true,2,2,epoch-200,2,7,confidence,0.9102511885833342
cornell,GeneralSheaf,true,2,2,epoch-200,0,7,saliency,-0.5525150188371857
cornell,GeneralSheaf,true,2,2,epoch-200,1,7,saliency,-0.5266148676697501
cornell,GeneralSheaf,true,2,2,epoch-200,2,7,saliency,-0.4929859876402999
cornell,GeneralSheaf,true,2,2,epoch-200,0,7,cohens_d_train,nan
cornell,GeneralSheaf,true,2,2,epoch-200,1,7,cohens_d_train,nan
cornell,GeneralSheaf,true,2,2,epoch-200,2,7,cohens_d_train,nan
cornell,GeneralSheaf,true,2,2,epoch-200,0,7,cohens_d_test,0.61208665
cornell,GeneralSheaf,true,2,2,epoch-200,1,7,cohens_d_test,0.51507974
cornell,GeneralSheaf,true,2,2,epoch-200,2,7,cohens_d_test,0.36932933
cornell,GeneralSheaf,true,2,2,epoch-200,0,8,degree,0.13648367109848425
cornell,GeneralSheaf,true,2,2,epoch-200,1,8,degree,0.3595994982650754
cornell,GeneralSheaf,true,2,2,epoch-200,2,8,degree,0.4922642632659427
cornell,GeneralSheaf,true,2,2,epoch-200,0,8,betweenness,0.11355940252544547
cornell,GeneralSheaf,true,2,2,epoch-200,1,8,betweenness,0.304757275449277
cornell,GeneralSheaf,true,2,2,epoch-200,2,8,betweenness,0.4095908521281902
cornell,GeneralSheaf,true,2,2,epoch-200,0,8,confidence,0.7776663820854842
cornell,GeneralSheaf,true,2,2,epoch-200,1,8,confidence,0.9219940786227316
cornell,GeneralSheaf,true,2,2,epoch-200,2,8,confidence,0.8828334886781075
cornell,GeneralSheaf,true,2,2,epoch-200,0,8,saliency,-0.5036147031870483
cornell,GeneralSheaf,true,2,2,epoch-200,1,8,saliency,-0.516279871233542
cornell,GeneralSheaf,true,2,2,epoch-200,2,8,saliency,-0.4179466292794875
cornell,GeneralSheaf,true,2,2,epoch-200,0,8,cohens_d_train,nan
cornell,GeneralSheaf,true,2,2,epoch-200,1,8,cohens_d_train,nan
cornell,GeneralSheaf,true,2,2,epoch-200,2,8,cohens_d_train,nan
cornell,GeneralSheaf,true,2,2,epoch-200,0,8,cohens_d_test,0.37061766
cornell,GeneralSheaf,true,2,2,epoch-200,1,8,cohens_d_test,0.1561205
cornell,GeneralSheaf,true,2,2,epoch-200,2,8,cohens_d_test,0.37671435
cornell,GeneralSheaf,true,2,2,epoch-200,0,9,degree,0.03339060699985566
cornell,GeneralSheaf,true,2,2,epoch-200,1,9,degree,0.42736435438749115
cornell,GeneralSheaf,true,2,2,epoch-200,2,9,degree,0.4701420393346117
cornell,GeneralSheaf,true,2,2,epoch-200,0,9,betweenness,-0.027532569158569692
cornell,GeneralSheaf,true,2,2,epoch-200,1,9,betweenness,0.35305219577835506
cornell,GeneralSheaf,true,2,2,epoch-200,2,9,betweenness,0.386105741463412
cornell,GeneralSheaf,true,2,2,epoch-200,0,9,confidence,0.7225160774577704
cornell,GeneralSheaf,true,2,2,epoch-200,1,9,confidence,0.8011838844078627
cornell,GeneralSheaf,true,2,2,epoch-200,2,9,confidence,0.7997035393660636
cornell,GeneralSheaf,true,2,2,epoch-200,0,9,saliency,-0.3888136097687061
cornell,GeneralSheaf,true,2,2,epoch-200,1,9,saliency,-0.34063584313049744
cornell,GeneralSheaf,true,2,2,epoch-200,2,9,saliency,-0.32971536660061257
cornell,GeneralSheaf,true,2,2,epoch-200,0,9,cohens_d_train,nan
cornell,GeneralSheaf,true,2,2,epoch-200,1,9,cohens_d_train,nan
cornell,GeneralSheaf,true,2,2,epoch-200,2,9,cohens_d_train,nan
cornell,GeneralSheaf,true,2,2,epoch-200,0,9,cohens_d_test,0.4404743
cornell,GeneralSheaf,true,2,2,epoch-200,1,9,cohens_d_test,0.017261494
cornell,GeneralSheaf,true,2,2,epoch-200,2,9,cohens_d_test,0.15130052
cornell,GeneralSheaf,true,2,2,best-epoch,0,0,degree,-0.030993427133702088
cornell,GeneralSheaf,true,2,2,best-epoch,1,0,degree,0.19492491005574497
cornell,GeneralSheaf,true,2,2,best-epoch,2,0,degree,0.33161636403758926
cornell,GeneralSheaf,true,2,2,best-epoch,0,0,betweenness,-0.05273119474757086
cornell,GeneralSheaf,true,2,2,best-epoch,1,0,betweenness,0.13306412806349657
cornell,GeneralSheaf,true,2,2,best-epoch,2,0,betweenness,0.2648067011915527
cornell,GeneralSheaf,true,2,2,best-epoch,0,0,confidence,0.7505032387427257
cornell,GeneralSheaf,true,2,2,best-epoch,1,0,confidence,0.8696729143985026
cornell,GeneralSheaf,true,2,2,best-epoch,2,0,confidence,0.854706946652777
cornell,GeneralSheaf,true,2,2,best-epoch,0,0,saliency,-0.5301218738496003
cornell,GeneralSheaf,true,2,2,best-epoch,1,0,saliency,-0.5284907537224003
cornell,GeneralSheaf,true,2,2,best-epoch,2,0,saliency,-0.42476678702623116
cornell,GeneralSheaf,true,2,2,best-epoch,0,0,cohens_d_train,nan
cornell,GeneralSheaf,true,2,2,best-epoch,1,0,cohens_d_train,nan
cornell,GeneralSheaf,true,2,2,best-epoch,2,0,cohens_d_train,nan
cornell,GeneralSheaf,true,2,2,best-epoch,0,0,cohens_d_test,0.67440426
cornell,GeneralSheaf,true,2,2,best-epoch,1,0,cohens_d_test,0.69289446
cornell,GeneralSheaf,true,2,2,best-epoch,2,0,cohens_d_test,0.5132606
cornell,GeneralSheaf,true,2,2,best-epoch,0,1,degree,0.04648809357854958
cornell,GeneralSheaf,true,2,2,best-epoch,1,1,degree,0.43080863715845896
cornell,GeneralSheaf,true,2,2,best-epoch,2,1,degree,0.4891812975286009
cornell,GeneralSheaf,true,2,2,best-epoch,0,1,betweenness,0.024906227629454866
cornell,GeneralSheaf,true,2,2,best-epoch,1,1,betweenness,0.36571334183311804
cornell,GeneralSheaf,true,2,2,best-epoch,2,1,betweenness,0.4320143171549023
cornell,GeneralSheaf,true,2,2,best-epoch,0,1,confidence,0.6984692821061683
cornell,GeneralSheaf,true,2,2,best-epoch,1,1,confidence,0.8441785088559816
cornell,GeneralSheaf,true,2,2,best-epoch,2,1,confidence,0.8406989147564092
cornell,GeneralSheaf,true,2,2,best-epoch,0,1,saliency,-0.4652021179105998
cornell,GeneralSheaf,true,2,2,best-epoch,1,1,saliency,-0.3905915894511761
cornell,GeneralSheaf,true,2,2,best-epoch,2,1,saliency,-0.37123354193917274
cornell,GeneralSheaf,true,2,2,best-epoch,0,1,cohens_d_train,nan
cornell,GeneralSheaf,true,2,2,best-epoch,1,1,cohens_d_train,nan
cornell,GeneralSheaf,true,2,2,best-epoch,2,1,cohens_d_train,nan
cornell,GeneralSheaf,true,2,2,best-epoch,0,1,cohens_d_test,0.4325813
cornell,GeneralSheaf,true,2,2,best-epoch,1,1,cohens_d_test,0.12952709
cornell,GeneralSheaf,true,2,2,best-epoch,2,1,cohens_d_test,0.19538446
cornell,GeneralSheaf,true,2,2,best-epoch,0,2,degree,0.03601604096940473
cornell,GeneralSheaf,true,2,2,best-epoch,1,2,degree,0.2086375567965048
cornell,GeneralSheaf,true,2,2,best-epoch,2,2,degree,0.3083733408093162
cornell,GeneralSheaf,true,2,2,best-epoch,0,2,betweenness,0.027949681660001335
cornell,GeneralSheaf,true,2,2,best-epoch,1,2,betweenness,0.17997042009006975
cornell,GeneralSheaf,true,2,2,best-epoch,2,2,betweenness,0.27661056577352405
cornell,GeneralSheaf,true,2,2,best-epoch,0,2,confidence,0.7001460763043088
cornell,GeneralSheaf,true,2,2,best-epoch,1,2,confidence,0.7732155584970981
cornell,GeneralSheaf,true,2,2,best-epoch,2,2,confidence,0.7807367258543311
cornell,GeneralSheaf,true,2,2,best-epoch,0,2,saliency,-0.3843490792884949
cornell,GeneralSheaf,true,2,2,best-epoch,1,2,saliency,-0.316552834193604
cornell,GeneralSheaf,true,2,2,best-epoch,2,2,saliency,-0.1857499236330313
cornell,GeneralSheaf,true,2,2,best-epoch,0,2,cohens_d_train,nan
cornell,GeneralSheaf,true,2,2,best-epoch,1,2,cohens_d_train,nan
cornell,GeneralSheaf,true,2,2,best-epoch,2,2,cohens_d_train,nan
cornell,GeneralSheaf,true,2,2,best-epoch,0,2,cohens_d_test,0.041562505
cornell,GeneralSheaf,true,2,2,best-epoch,1,2,cohens_d_test,0.124577224
cornell,GeneralSheaf,true,2,2,best-epoch,2,2,cohens_d_test,0.09925728
cornell,GeneralSheaf,true,2,2,best-epoch,0,3,degree,0.07126748187048465
cornell,GeneralSheaf,true,2,2,best-epoch,1,3,degree,0.38882830623171993
cornell,GeneralSheaf,true,2,2,best-epoch,2,3,degree,0.5472417717932019
cornell,GeneralSheaf,true,2,2,best-epoch,0,3,betweenness,0.053922795034324074
cornell,GeneralSheaf,true,2,2,best-epoch,1,3,betweenness,0.34538696754852827
cornell,GeneralSheaf,true,2,2,best-epoch,2,3,betweenness,0.4870731673438795
cornell,GeneralSheaf,true,2,2,best-epoch,0,3,confidence,0.7671905481059692
cornell,GeneralSheaf,true,2,2,best-epoch,1,3,confidence,0.8433461509286961
cornell,GeneralSheaf,true,2,2,best-epoch,2,3,confidence,0.8093510511496834
cornell,GeneralSheaf,true,2,2,best-epoch,0,3,saliency,-0.44284813547108637
cornell,GeneralSheaf,true,2,2,best-epoch,1,3,saliency,-0.39524018390732585
cornell,GeneralSheaf,true,2,2,best-epoch,2,3,saliency,-0.30088977309219656
cornell,GeneralSheaf,true,2,2,best-epoch,0,3,cohens_d_train,nan
cornell,GeneralSheaf,true,2,2,best-epoch,1,3,cohens_d_train,nan
cornell,GeneralSheaf,true,2,2,best-epoch,2,3,cohens_d_train,nan
cornell,GeneralSheaf,true,2,2,best-epoch,0,3,cohens_d_test,1.0758382
cornell,GeneralSheaf,true,2,2,best-epoch,1,3,cohens_d_test,0.9284277
cornell,GeneralSheaf,true,2,2,best-epoch,2,3,cohens_d_test,0.7190766
cornell,GeneralSheaf,true,2,2,best-epoch,0,4,degree,0.13025024835934432
cornell,GeneralSheaf,true,2,2,best-epoch,1,4,degree,0.33019770848913116
cornell,GeneralSheaf,true,2,2,best-epoch,2,4,degree,0.5069380337873679
cornell,GeneralSheaf,true,2,2,best-epoch,0,4,betweenness,0.10926466447915059
cornell,GeneralSheaf,true,2,2,best-epoch,1,4,betweenness,0.2843743080112266
cornell,GeneralSheaf,true,2,2,best-epoch,2,4,betweenness,0.4328674065422526
cornell,GeneralSheaf,true,2,2,best-epoch,0,4,confidence,0.765064248639315
cornell,GeneralSheaf,true,2,2,best-epoch,1,4,confidence,0.8601759964910358
cornell,GeneralSheaf,true,2,2,best-epoch,2,4,confidence,0.7974885057921409
cornell,GeneralSheaf,true,2,2,best-epoch,0,4,saliency,-0.4942864262052995
cornell,GeneralSheaf,true,2,2,best-epoch,1,4,saliency,-0.4981808996420544
cornell,GeneralSheaf,true,2,2,best-epoch,2,4,saliency,-0.38497176380284015
cornell,GeneralSheaf,true,2,2,best-epoch,0,4,cohens_d_train,nan
cornell,GeneralSheaf,true,2,2,best-epoch,1,4,cohens_d_train,nan
cornell,GeneralSheaf,true,2,2,best-epoch,2,4,cohens_d_train,nan
cornell,GeneralSheaf,true,2,2,best-epoch,0,4,cohens_d_test,0.6423545
cornell,GeneralSheaf,true,2,2,best-epoch,1,4,cohens_d_test,0.44824237
cornell,GeneralSheaf,true,2,2,best-epoch,2,4,cohens_d_test,0.46276766
cornell,GeneralSheaf,true,2,2,best-epoch,0,5,degree,0.0521340560643323
cornell,GeneralSheaf,true,2,2,best-epoch,1,5,degree,0.2433168270975933
cornell,GeneralSheaf,true,2,2,best-epoch,2,5,degree,0.3959799269511116
cornell,GeneralSheaf,true,2,2,best-epoch,0,5,betweenness,0.04327489801285295
cornell,GeneralSheaf,true,2,2,best-epoch,1,5,betweenness,0.20038692421165233
cornell,GeneralSheaf,true,2,2,best-epoch,2,5,betweenness,0.3221953028646568
cornell,GeneralSheaf,true,2,2,best-epoch,0,5,confidence,0.7966935060662788
cornell,GeneralSheaf,true,2,2,best-epoch,1,5,confidence,0.8604129299068716
cornell,GeneralSheaf,true,2,2,best-epoch,2,5,confidence,0.8588464279839905
cornell,GeneralSheaf,true,2,2,best-epoch,0,5,saliency,-0.37660664353465506
cornell,GeneralSheaf,true,2,2,best-epoch,1,5,saliency,-0.35718397781833283
cornell,GeneralSheaf,true,2,2,best-epoch,2,5,saliency,-0.2960062033476147
cornell,GeneralSheaf,true,2,2,best-epoch,0,5,cohens_d_train,nan
cornell,GeneralSheaf,true,2,2,best-epoch,1,5,cohens_d_train,nan
cornell,GeneralSheaf,true,2,2,best-epoch,2,5,cohens_d_train,nan
cornell,GeneralSheaf,true,2,2,best-epoch,0,5,cohens_d_test,0.08267141
cornell,GeneralSheaf,true,2,2,best-epoch,1,5,cohens_d_test,0.41237438
cornell,GeneralSheaf,true,2,2,best-epoch,2,5,cohens_d_test,0.40183702
cornell,GeneralSheaf,true,2,2,best-epoch,0,6,degree,-0.07374347593377478
cornell,GeneralSheaf,true,2,2,best-epoch,1,6,degree,0.1660727725377531
cornell,GeneralSheaf,true,2,2,best-epoch,2,6,degree,0.3371507583741787
cornell,GeneralSheaf,true,2,2,best-epoch,0,6,betweenness,-0.06954355341080314
cornell,GeneralSheaf,true,2,2,best-epoch,1,6,betweenness,0.1409609690139675
cornell,GeneralSheaf,true,2,2,best-epoch,2,6,betweenness,0.30014178937815905
cornell,GeneralSheaf,true,2,2,best-epoch,0,6,confidence,0.6709699779906481
cornell,GeneralSheaf,true,2,2,best-epoch,1,6,confidence,0.8544191019244477
cornell,GeneralSheaf,true,2,2,best-epoch,2,6,confidence,0.8791071722290541
cornell,GeneralSheaf,true,2,2,best-epoch,0,6,saliency,-0.5270378231889281
cornell,GeneralSheaf,true,2,2,best-epoch,1,6,saliency,-0.480984624783627
cornell,GeneralSheaf,true,2,2,best-epoch,2,6,saliency,-0.3990604904717521
cornell,GeneralSheaf,true,2,2,best-epoch,0,6,cohens_d_train,nan
cornell,GeneralSheaf,true,2,2,best-epoch,1,6,cohens_d_train,nan
cornell,GeneralSheaf,true,2,2,best-epoch,2,6,cohens_d_train,nan
cornell,GeneralSheaf,true,2,2,best-epoch,0,6,cohens_d_test,0.10414159
cornell,GeneralSheaf,true,2,2,best-epoch,1,6,cohens_d_test,0.21555829
cornell,GeneralSheaf,true,2,2,best-epoch,2,6,cohens_d_test,0.460562
cornell,GeneralSheaf,true,2,2,best-epoch,0,7,degree,-0.05681684764744614
cornell,GeneralSheaf,true,2,2,best-epoch,1,7,degree,0.16036641995286574
cornell,GeneralSheaf,true,2,2,best-epoch,2,7,degree,0.26442265495416317
cornell,GeneralSheaf,true,2,2,best-epoch,0,7,betweenness,-0.09319425145052156
cornell,GeneralSheaf,true,2,2,best-epoch,1,7,betweenness,0.09995503724633947
cornell,GeneralSheaf,true,2,2,best-epoch,2,7,betweenness,0.2000903341666645
cornell,GeneralSheaf,true,2,2,best-epoch,0,7,confidence,0.7984141118395763
cornell,GeneralSheaf,true,2,2,best-epoch,1,7,confidence,0.8774059890336072
cornell,GeneralSheaf,true,2,2,best-epoch,2,7,confidence,0.878662128377938
cornell,GeneralSheaf,true,2,2,best-epoch,0,7,saliency,-0.5180382696419761
cornell,GeneralSheaf,true,2,2,best-epoch,1,7,saliency,-0.5432648249825727
cornell,GeneralSheaf,true,2,2,best-epoch,2,7,saliency,-0.5188959294447535
cornell,GeneralSheaf,true,2,2,best-epoch,0,7,cohens_d_train,nan
cornell,GeneralSheaf,true,2,2,best-epoch,1,7,cohens_d_train,nan
cornell,GeneralSheaf,true,2,2,best-epoch,2,7,cohens_d_train,nan
cornell,GeneralSheaf,true,2,2,best-epoch,0,7,cohens_d_test,0.15725331
cornell,GeneralSheaf,true,2,2,best-epoch,1,7,cohens_d_test,0.1936748
cornell,GeneralSheaf,true,2,2,best-epoch,2,7,cohens_d_test,0.019782156
cornell,GeneralSheaf,true,2,2,best-epoch,0,8,degree,0.13733936809596692
cornell,GeneralSheaf,true,2,2,best-epoch,1,8,degree,0.29320621388503626
cornell,GeneralSheaf,true,2,2,best-epoch,2,8,degree,0.3891824583383336
cornell,GeneralSheaf,true,2,2,best-epoch,0,8,betweenness,0.1312741075799658
cornell,GeneralSheaf,true,2,2,best-epoch,1,8,betweenness,0.26697400936482063
cornell,GeneralSheaf,true,2,2,best-epoch,2,8,betweenness,0.3463930680544941
cornell,GeneralSheaf,true,2,2,best-epoch,0,8,confidence,0.7956008709750693
cornell,GeneralSheaf,true,2,2,best-epoch,1,8,confidence,0.8849267268725575
cornell,GeneralSheaf,true,2,2,best-epoch,2,8,confidence,0.8815861615220134
cornell,GeneralSheaf,true,2,2,best-epoch,0,8,saliency,-0.5884153266548137
cornell,GeneralSheaf,true,2,2,best-epoch,1,8,saliency,-0.6155706374879575
cornell,GeneralSheaf,true,2,2,best-epoch,2,8,saliency,-0.5822922622637521
cornell,GeneralSheaf,true,2,2,best-epoch,0,8,cohens_d_train,nan
cornell,GeneralSheaf,true,2,2,best-epoch,1,8,cohens_d_train,nan
cornell,GeneralSheaf,true,2,2,best-epoch,2,8,cohens_d_train,nan
cornell,GeneralSheaf,true,2,2,best-epoch,0,8,cohens_d_test,0.5666494
cornell,GeneralSheaf,true,2,2,best-epoch,1,8,cohens_d_test,0.007282497
cornell,GeneralSheaf,true,2,2,best-epoch,2,8,cohens_d_test,0.2652822
cornell,GeneralSheaf,true,2,2,best-epoch,0,9,degree,0.10433976139878874
cornell,GeneralSheaf,true,2,2,best-epoch,1,9,degree,0.3073385206365232
cornell,GeneralSheaf,true,2,2,best-epoch,2,9,degree,0.4145933837683629
cornell,GeneralSheaf,true,2,2,best-epoch,0,9,betweenness,0.0262843757183559
cornell,GeneralSheaf,true,2,2,best-epoch,1,9,betweenness,0.21446185108156937
cornell,GeneralSheaf,true,2,2,best-epoch,2,9,betweenness,0.3208035304980708
cornell,GeneralSheaf,true,2,2,best-epoch,0,9,confidence,0.8037799691399121
cornell,GeneralSheaf,true,2,2,best-epoch,1,9,confidence,0.8210212809286226
cornell,GeneralSheaf,true,2,2,best-epoch,2,9,confidence,0.7953247750111614
cornell,GeneralSheaf,true,2,2,best-epoch,0,9,saliency,-0.5445904772348109
cornell,GeneralSheaf,true,2,2,best-epoch,1,9,saliency,-0.5152655612384764
cornell,GeneralSheaf,true,2,2,best-epoch,2,9,saliency,-0.49777165101470167
cornell,GeneralSheaf,true,2,2,best-epoch,0,9,cohens_d_train,nan
cornell,GeneralSheaf,true,2,2,best-epoch,1,9,cohens_d_train,nan
cornell,GeneralSheaf,true,2,2,best-epoch,2,9,cohens_d_train,nan
cornell,GeneralSheaf,true,2,2,best-epoch,0,9,cohens_d_test,0.4677263
cornell,GeneralSheaf,true,2,2,best-epoch,1,9,cohens_d_test,0.36268565
cornell,GeneralSheaf,true,2,2,best-epoch,2,9,cohens_d_test,0.17359461
cornell,GeneralSheaf,true,2,2,last,0,0,degree,-0.03959133954859963
cornell,GeneralSheaf,true,2,2,last,1,0,degree,0.21381370478247344
cornell,GeneralSheaf,true,2,2,last,2,0,degree,0.28959406710977753
cornell,GeneralSheaf,true,2,2,last,0,0,betweenness,-0.025764557123606917
cornell,GeneralSheaf,true,2,2,last,1,0,betweenness,0.1888052401580817
cornell,GeneralSheaf,true,2,2,last,2,0,betweenness,0.2650267856772327
cornell,GeneralSheaf,true,2,2,last,0,0,confidence,0.7364246632142483
cornell,GeneralSheaf,true,2,2,last,1,0,confidence,0.877239548122823
cornell,GeneralSheaf,true,2,2,last,2,0,confidence,0.8317248124725942
cornell,GeneralSheaf,true,2,2,last,0,0,saliency,-0.30344904560870356
cornell,GeneralSheaf,true,2,2,last,1,0,saliency,-0.2264907223923618
cornell,GeneralSheaf,true,2,2,last,2,0,saliency,-0.08242737305460043
cornell,GeneralSheaf,true,2,2,last,0,0,cohens_d_train,nan
cornell,GeneralSheaf,true,2,2,last,1,0,cohens_d_train,nan
cornell,GeneralSheaf,true,2,2,last,2,0,cohens_d_train,nan
cornell,GeneralSheaf,true,2,2,last,0,0,cohens_d_test,1.204931
cornell,GeneralSheaf,true,2,2,last,1,0,cohens_d_test,1.0884606
cornell,GeneralSheaf,true,2,2,last,2,0,cohens_d_test,1.012675
cornell,GeneralSheaf,true,2,2,last,0,1,degree,0.017426126055194124
cornell,GeneralSheaf,true,2,2,last,1,1,degree,0.43084548535452283
cornell,GeneralSheaf,true,2,2,last,2,1,degree,0.49033996858260853
cornell,GeneralSheaf,true,2,2,last,0,1,betweenness,-0.008430283822904899
cornell,GeneralSheaf,true,2,2,last,1,1,betweenness,0.35690367427775527
cornell,GeneralSheaf,true,2,2,last,2,1,betweenness,0.42435537705323795
cornell,GeneralSheaf,true,2,2,last,0,1,confidence,0.7346196604499935
cornell,GeneralSheaf,true,2,2,last,1,1,confidence,0.7821157810427967
cornell,GeneralSheaf,true,2,2,last,2,1,confidence,0.7965464205530504
cornell,GeneralSheaf,true,2,2,last,0,1,saliency,-0.29324720183594033
cornell,GeneralSheaf,true,2,2,last,1,1,saliency,-0.15817753166292015
cornell,GeneralSheaf,true,2,2,last,2,1,saliency,-0.12147439160981573
cornell,GeneralSheaf,true,2,2,last,0,1,cohens_d_train,nan
cornell,GeneralSheaf,true,2,2,last,1,1,cohens_d_train,nan
cornell,GeneralSheaf,true,2,2,last,2,1,cohens_d_train,nan
cornell,GeneralSheaf,true,2,2,last,0,1,cohens_d_test,0.45703202
cornell,GeneralSheaf,true,2,2,last,1,1,cohens_d_test,0.41153592
cornell,GeneralSheaf,true,2,2,last,2,1,cohens_d_test,0.36536443
cornell,GeneralSheaf,true,2,2,last,0,2,degree,0.040948581436951306
cornell,GeneralSheaf,true,2,2,last,1,2,degree,0.19221656764505224
cornell,GeneralSheaf,true,2,2,last,2,2,degree,0.2936350859447794
cornell,GeneralSheaf,true,2,2,last,0,2,betweenness,0.030574975167755782
cornell,GeneralSheaf,true,2,2,last,1,2,betweenness,0.16070778748626663
cornell,GeneralSheaf,true,2,2,last,2,2,betweenness,0.2612748692070686
cornell,GeneralSheaf,true,2,2,last,0,2,confidence,0.7428195468109939
cornell,GeneralSheaf,true,2,2,last,1,2,confidence,0.7709813351295889
cornell,GeneralSheaf,true,2,2,last,2,2,confidence,0.7690075427067589
cornell,GeneralSheaf,true,2,2,last,0,2,saliency,-0.3256992472958261
cornell,GeneralSheaf,true,2,2,last,1,2,saliency,-0.2778739435902658
cornell,GeneralSheaf,true,2,2,last,2,2,saliency,-0.16806411692370354
cornell,GeneralSheaf,true,2,2,last,0,2,cohens_d_train,nan
cornell,GeneralSheaf,true,2,2,last,1,2,cohens_d_train,nan
cornell,GeneralSheaf,true,2,2,last,2,2,cohens_d_train,nan
cornell,GeneralSheaf,true,2,2,last,0,2,cohens_d_test,0.1609358
cornell,GeneralSheaf,true,2,2,last,1,2,cohens_d_test,0.18259335
cornell,GeneralSheaf,true,2,2,last,2,2,cohens_d_test,0.32330623
cornell,GeneralSheaf,true,2,2,last,0,3,degree,0.036870714405885616
cornell,GeneralSheaf,true,2,2,last,1,3,degree,0.41204676399595047
cornell,GeneralSheaf,true,2,2,last,2,3,degree,0.5621079717829603
cornell,GeneralSheaf,true,2,2,last,0,3,betweenness,0.020578947432441645
cornell,GeneralSheaf,true,2,2,last,1,3,betweenness,0.3447015615788391
cornell,GeneralSheaf,true,2,2,last,2,3,betweenness,0.484016089035648
cornell,GeneralSheaf,true,2,2,last,0,3,confidence,0.7691367791153966
cornell,GeneralSheaf,true,2,2,last,1,3,confidence,0.8450690435722512
cornell,GeneralSheaf,true,2,2,last,2,3,confidence,0.8019197481064908
cornell,GeneralSheaf,true,2,2,last,0,3,saliency,-0.430981883405262
cornell,GeneralSheaf,true,2,2,last,1,3,saliency,-0.3385680605922944
cornell,GeneralSheaf,true,2,2,last,2,3,saliency,-0.31171430137930495
cornell,GeneralSheaf,true,2,2,last,0,3,cohens_d_train,nan
cornell,GeneralSheaf,true,2,2,last,1,3,cohens_d_train,nan
cornell,GeneralSheaf,true,2,2,last,2,3,cohens_d_train,nan
cornell,GeneralSheaf,true,2,2,last,0,3,cohens_d_test,0.535532
cornell,GeneralSheaf,true,2,2,last,1,3,cohens_d_test,0.41723254
cornell,GeneralSheaf,true,2,2,last,2,3,cohens_d_test,0.35909808
cornell,GeneralSheaf,true,2,2,last,0,4,degree,0.11244329384982966
cornell,GeneralSheaf,true,2,2,last,1,4,degree,0.22436559514975662
cornell,GeneralSheaf,true,2,2,last,2,4,degree,0.45238120883183763
cornell,GeneralSheaf,true,2,2,last,0,4,betweenness,0.10283919203010805
cornell,GeneralSheaf,true,2,2,last,1,4,betweenness,0.20579995453802027
cornell,GeneralSheaf,true,2,2,last,2,4,betweenness,0.4068995332747317
cornell,GeneralSheaf,true,2,2,last,0,4,confidence,0.7770756201098268
cornell,GeneralSheaf,true,2,2,last,1,4,confidence,0.8934050210051042
cornell,GeneralSheaf,true,2,2,last,2,4,confidence,0.8705476096017483
cornell,GeneralSheaf,true,2,2,last,0,4,saliency,-0.2779620593234279
cornell,GeneralSheaf,true,2,2,last,1,4,saliency,-0.342259130748083
cornell,GeneralSheaf,true,2,2,last,2,4,saliency,-0.2668163981421287
cornell,GeneralSheaf,true,2,2,last,0,4,cohens_d_train,nan
cornell,GeneralSheaf,true,2,2,last,1,4,cohens_d_train,nan
cornell,GeneralSheaf,true,2,2,last,2,4,cohens_d_train,nan
cornell,GeneralSheaf,true,2,2,last,0,4,cohens_d_test,0.08187127
cornell,GeneralSheaf,true,2,2,last,1,4,cohens_d_test,0.09730478
cornell,GeneralSheaf,true,2,2,last,2,4,cohens_d_test,0.12003471
cornell,GeneralSheaf,true,2,2,last,0,5,degree,0.036108161459564345
cornell,GeneralSheaf,true,2,2,last,1,5,degree,0.2034307019804829
cornell,GeneralSheaf,true,2,2,last,2,5,degree,0.3291301343642814
cornell,GeneralSheaf,true,2,2,last,0,5,betweenness,0.036594809861784344
cornell,GeneralSheaf,true,2,2,last,1,5,betweenness,0.1756378997862546
cornell,GeneralSheaf,true,2,2,last,2,5,betweenness,0.2764764190393953
cornell,GeneralSheaf,true,2,2,last,0,5,confidence,0.7444500523065931
cornell,GeneralSheaf,true,2,2,last,1,5,confidence,0.8421968829534677
cornell,GeneralSheaf,true,2,2,last,2,5,confidence,0.8529646308170286
cornell,GeneralSheaf,true,2,2,last,0,5,saliency,-0.29187455452601574
cornell,GeneralSheaf,true,2,2,last,1,5,saliency,-0.27615470772990375
cornell,GeneralSheaf,true,2,2,last,2,5,saliency,-0.20657852482513925
cornell,GeneralSheaf,true,2,2,last,0,5,cohens_d_train,nan
cornell,GeneralSheaf,true,2,2,last,1,5,cohens_d_train,nan
cornell,GeneralSheaf,true,2,2,last,2,5,cohens_d_train,nan
cornell,GeneralSheaf,true,2,2,last,0,5,cohens_d_test,0.060075566
cornell,GeneralSheaf,true,2,2,last,1,5,cohens_d_test,0.320083
cornell,GeneralSheaf,true,2,2,last,2,5,cohens_d_test,0.26711625
cornell,GeneralSheaf,true,2,2,last,0,6,degree,0.009830279861032855
cornell,GeneralSheaf,true,2,2,last,1,6,degree,0.3023936974369553
cornell,GeneralSheaf,true,2,2,last,2,6,degree,0.45552968247329295
cornell,GeneralSheaf,true,2,2,last,0,6,betweenness,-0.013341311917650343
cornell,GeneralSheaf,true,2,2,last,1,6,betweenness,0.25335601980802963
cornell,GeneralSheaf,true,2,2,last,2,6,betweenness,0.39897858783297196
cornell,GeneralSheaf,true,2,2,last,0,6,confidence,0.7743592003035749
cornell,GeneralSheaf,true,2,2,last,1,6,confidence,0.8696606551986643
cornell,GeneralSheaf,true,2,2,last,2,6,confidence,0.8286768881380983
cornell,GeneralSheaf,true,2,2,last,0,6,saliency,-0.3632463402598827
cornell,GeneralSheaf,true,2,2,last,1,6,saliency,-0.23391202525201102
cornell,GeneralSheaf,true,2,2,last,2,6,saliency,-0.13439019996397047
cornell,GeneralSheaf,true,2,2,last,0,6,cohens_d_train,nan
cornell,GeneralSheaf,true,2,2,last,1,6,cohens_d_train,nan
cornell,GeneralSheaf,true,2,2,last,2,6,cohens_d_train,nan
cornell,GeneralSheaf,true,2,2,last,0,6,cohens_d_test,0.113755934
cornell,GeneralSheaf,true,2,2,last,1,6,cohens_d_test,0.10592719
cornell,GeneralSheaf,true,2,2,last,2,6,cohens_d_test,0.2999369
cornell,GeneralSheaf,true,2,2,last,0,7,degree,-0.02841200628722928
cornell,GeneralSheaf,true,2,2,last,1,7,degree,0.23025414159295968
cornell,GeneralSheaf,true,2,2,last,2,7,degree,0.32954467656999964
cornell,GeneralSheaf,true,2,2,last,0,7,betweenness,-0.030140046303197665
cornell,GeneralSheaf,true,2,2,last,1,7,betweenness,0.18027644232730097
cornell,GeneralSheaf,true,2,2,last,2,7,betweenness,0.2680408951096885
cornell,GeneralSheaf,true,2,2,last,0,7,confidence,0.6800733122899909
cornell,GeneralSheaf,true,2,2,last,1,7,confidence,0.8116144368817214
cornell,GeneralSheaf,true,2,2,last,2,7,confidence,0.8518324156242904
cornell,GeneralSheaf,true,2,2,last,0,7,saliency,-0.3695887149201476
cornell,GeneralSheaf,true,2,2,last,1,7,saliency,-0.3908050253381687
cornell,GeneralSheaf,true,2,2,last,2,7,saliency,-0.4242341763724516
cornell,GeneralSheaf,true,2,2,last,0,7,cohens_d_train,nan
cornell,GeneralSheaf,true,2,2,last,1,7,cohens_d_train,nan
cornell,GeneralSheaf,true,2,2,last,2,7,cohens_d_train,nan
cornell,GeneralSheaf,true,2,2,last,0,7,cohens_d_test,0.46907085
cornell,GeneralSheaf,true,2,2,last,1,7,cohens_d_test,0.54916495
cornell,GeneralSheaf,true,2,2,last,2,7,cohens_d_test,0.2704835
cornell,GeneralSheaf,true,2,2,last,0,8,degree,0.11429900994604505
cornell,GeneralSheaf,true,2,2,last,1,8,degree,0.3840400878654235
cornell,GeneralSheaf,true,2,2,last,2,8,degree,0.5215514142096883
cornell,GeneralSheaf,true,2,2,last,0,8,betweenness,0.07279032358526352
cornell,GeneralSheaf,true,2,2,last,1,8,betweenness,0.3057120229085841
cornell,GeneralSheaf,true,2,2,last,2,8,betweenness,0.411917459548236
cornell,GeneralSheaf,true,2,2,last,0,8,confidence,0.7527287769281626
cornell,GeneralSheaf,true,2,2,last,1,8,confidence,0.8792318254923777
cornell,GeneralSheaf,true,2,2,last,2,8,confidence,0.83147498611041
cornell,GeneralSheaf,true,2,2,last,0,8,saliency,-0.4319061195397618
cornell,GeneralSheaf,true,2,2,last,1,8,saliency,-0.41672475777964024
cornell,GeneralSheaf,true,2,2,last,2,8,saliency,-0.3575540638976135
cornell,GeneralSheaf,true,2,2,last,0,8,cohens_d_train,nan
cornell,GeneralSheaf,true,2,2,last,1,8,cohens_d_train,nan
cornell,GeneralSheaf,true,2,2,last,2,8,cohens_d_train,nan
cornell,GeneralSheaf,true,2,2,last,0,8,cohens_d_test,0.58333224
cornell,GeneralSheaf,true,2,2,last,1,8,cohens_d_test,0.7002561
cornell,GeneralSheaf,true,2,2,last,2,8,cohens_d_test,0.49750692
cornell,GeneralSheaf,true,2,2,last,0,9,degree,0.04868977329336442
cornell,GeneralSheaf,true,2,2,last,1,9,degree,0.359493047920891
cornell,GeneralSheaf,true,2,2,last,2,9,degree,0.4471252230877306
cornell,GeneralSheaf,true,2,2,last,0,9,betweenness,0.00992476228280823
cornell,GeneralSheaf,true,2,2,last,1,9,betweenness,0.2874313863194581
cornell,GeneralSheaf,true,2,2,last,2,9,betweenness,0.3690607220581751
cornell,GeneralSheaf,true,2,2,last,0,9,confidence,0.8005801937181174
cornell,GeneralSheaf,true,2,2,last,1,9,confidence,0.8448613301772339
cornell,GeneralSheaf,true,2,2,last,2,9,confidence,0.8103003476662494
cornell,GeneralSheaf,true,2,2,last,0,9,saliency,-0.5162524574498916
cornell,GeneralSheaf,true,2,2,last,1,9,saliency,-0.4202533033609299
cornell,GeneralSheaf,true,2,2,last,2,9,saliency,-0.39587853344089985
cornell,GeneralSheaf,true,2,2,last,0,9,cohens_d_train,nan
cornell,GeneralSheaf,true,2,2,last,1,9,cohens_d_train,nan
cornell,GeneralSheaf,true,2,2,last,2,9,cohens_d_train,nan
cornell,GeneralSheaf,true,2,2,last,0,9,cohens_d_test,1.450184
cornell,GeneralSheaf,true,2,2,last,1,9,cohens_d_test,1.400643
cornell,GeneralSheaf,true,2,2,last,2,9,cohens_d_test,1.178684
