dataset,model,normalised,d,layers,checkpoint,layer,fold,observable,value
minesweeper,GeneralSheaf,true,5,6,epoch-0,0,0,degree,-0.05701211894740804
minesweeper,GeneralSheaf,true,5,6,epoch-0,1,0,degree,0.045490634078465125
minesweeper,GeneralSheaf,true,5,6,epoch-0,2,0,degree,0.09418409414320009
minesweeper,GeneralSheaf,true,5,6,epoch-0,3,0,degree,0.11598642807102767
minesweeper,GeneralSheaf,true,5,6,epoch-0,4,0,degree,0.1339346735423254
minesweeper,GeneralSheaf,true,5,6,epoch-0,5,0,degree,0.13006206013009255
minesweeper,GeneralSheaf,true,5,6,epoch-0,6,0,degree,0.1304998128001095
minesweeper,GeneralSheaf,true,5,6,epoch-0,0,0,betweenness,0.002100997878565643
minesweeper,GeneralSheaf,true,5,6,epoch-0,1,0,betweenness,0.047291847555559145
minesweeper,GeneralSheaf,true,5,6,epoch-0,2,0,betweenness,0.06802648155259128
minesweeper,GeneralSheaf,true,5,6,epoch-0,3,0,betweenness,0.06897812684605754
minesweeper,GeneralSheaf,true,5,6,epoch-0,4,0,betweenness,0.07503647903931722
minesweeper,GeneralSheaf,true,5,6,epoch-0,5,0,betweenness,0.07123805684644115
minesweeper,GeneralSheaf,true,5,6,epoch-0,6,0,betweenness,0.06996812680861993
minesweeper,GeneralSheaf,true,5,6,epoch-0,0,0,confidence,0.29486675125289374
minesweeper,GeneralSheaf,true,5,6,epoch-0,1,0,confidence,-0.21922784608536217
minesweeper,GeneralSheaf,true,5,6,epoch-0,2,0,confidence,-0.4868002251447055
minesweeper,GeneralSheaf,true,5,6,epoch-0,3,0,confidence,-0.5133150447796684
minesweeper,GeneralSheaf,true,5,6,epoch-0,4,0,confidence,-0.4767740459538263
minesweeper,GeneralSheaf,true,5,6,epoch-0,5,0,confidence,-0.44173818732234166
minesweeper,GeneralSheaf,true,5,6,epoch-0,6,0,confidence,-0.472888376429049
minesweeper,GeneralSheaf,true,5,6,epoch-0,0,0,saliency,0.017308176824528898
minesweeper,GeneralSheaf,true,5,6,epoch-0,1,0,saliency,0.32776983658161346
minesweeper,GeneralSheaf,true,5,6,epoch-0,2,0,saliency,0.3297195162719675
minesweeper,GeneralSheaf,true,5,6,epoch-0,3,0,saliency,0.44476751699700945
minesweeper,GeneralSheaf,true,5,6,epoch-0,4,0,saliency,0.4436483804884552
minesweeper,GeneralSheaf,true,5,6,epoch-0,5,0,saliency,0.4019660804985139
minesweeper,GeneralSheaf,true,5,6,epoch-0,6,0,saliency,0.4008573040613833
minesweeper,GeneralSheaf,true,5,6,epoch-0,0,0,cohens_d_train,0.14516798
minesweeper,GeneralSheaf,true,5,6,epoch-0,1,0,cohens_d_train,0.028112369
minesweeper,GeneralSheaf,true,5,6,epoch-0,2,0,cohens_d_train,0.02114807
minesweeper,GeneralSheaf,true,5,6,epoch-0,3,0,cohens_d_train,0.080852196
minesweeper,GeneralSheaf,true,5,6,epoch-0,4,0,cohens_d_train,0.18523905
minesweeper,GeneralSheaf,true,5,6,epoch-0,5,0,cohens_d_train,0.12952603
minesweeper,GeneralSheaf,true,5,6,epoch-0,6,0,cohens_d_train,0.22498953
minesweeper,GeneralSheaf,true,5,6,epoch-0,0,0,cohens_d_test,0.19574292
minesweeper,GeneralSheaf,true,5,6,epoch-0,1,0,cohens_d_test,0.02775499
minesweeper,GeneralSheaf,true,5,6,epoch-0,2,0,cohens_d_test,0.056126073
minesweeper,GeneralSheaf,true,5,6,epoch-0,3,0,cohens_d_test,0.09098274
minesweeper,GeneralSheaf,true,5,6,epoch-0,4,0,cohens_d_test,0.21720569
minesweeper,GeneralSheaf,true,5,6,epoch-0,5,0,cohens_d_test,0.16281486
minesweeper,GeneralSheaf,true,5,6,epoch-0,6,0,cohens_d_test,0.26628086
minesweeper,GeneralSheaf,true,5,6,epoch-0,0,1,degree,-0.0015163046207575072
minesweeper,GeneralSheaf,true,5,6,epoch-0,1,1,degree,0.10260485450332803
minesweeper,GeneralSheaf,true,5,6,epoch-0,2,1,degree,0.08941618004352725
minesweeper,GeneralSheaf,true,5,6,epoch-0,3,1,degree,0.1414442394383626
minesweeper,GeneralSheaf,true,5,6,epoch-0,4,1,degree,0.16080958298362236
minesweeper,GeneralSheaf,true,5,6,epoch-0,5,1,degree,0.13942556894970842
minesweeper,GeneralSheaf,true,5,6,epoch-0,6,1,degree,0.15310233753292413
minesweeper,GeneralSheaf,true,5,6,epoch-0,0,1,betweenness,-0.014686970123356109
minesweeper,GeneralSheaf,true,5,6,epoch-0,1,1,betweenness,0.024060668663298517
minesweeper,GeneralSheaf,true,5,6,epoch-0,2,1,betweenness,0.0342375167019701
minesweeper,GeneralSheaf,true,5,6,epoch-0,3,1,betweenness,0.0735804537208816
minesweeper,GeneralSheaf,true,5,6,epoch-0,4,1,betweenness,0.07825823107351258
minesweeper,GeneralSheaf,true,5,6,epoch-0,5,1,betweenness,0.07047987417618178
minesweeper,GeneralSheaf,true,5,6,epoch-0,6,1,betweenness,0.07726312921410813
minesweeper,GeneralSheaf,true,5,6,epoch-0,0,1,confidence,-0.028108744152820594
minesweeper,GeneralSheaf,true,5,6,epoch-0,1,1,confidence,-0.036669280821273416
minesweeper,GeneralSheaf,true,5,6,epoch-0,2,1,confidence,0.16920761397044204
minesweeper,GeneralSheaf,true,5,6,epoch-0,3,1,confidence,0.16552150017509132
minesweeper,GeneralSheaf,true,5,6,epoch-0,4,1,confidence,0.27882552074369543
minesweeper,GeneralSheaf,true,5,6,epoch-0,5,1,confidence,0.20037185275715086
minesweeper,GeneralSheaf,true,5,6,epoch-0,6,1,confidence,0.25004071420941054
minesweeper,GeneralSheaf,true,5,6,epoch-0,0,1,saliency,-0.2973233506265778
minesweeper,GeneralSheaf,true,5,6,epoch-0,1,1,saliency,-0.007077735059987643
minesweeper,GeneralSheaf,true,5,6,epoch-0,2,1,saliency,0.2381174309764618
minesweeper,GeneralSheaf,true,5,6,epoch-0,3,1,saliency,0.4011987903280419
minesweeper,GeneralSheaf,true,5,6,epoch-0,4,1,saliency,0.5110917554948501
minesweeper,GeneralSheaf,true,5,6,epoch-0,5,1,saliency,0.5079800056719915
minesweeper,GeneralSheaf,true,5,6,epoch-0,6,1,saliency,0.5492377933279119
minesweeper,GeneralSheaf,true,5,6,epoch-0,0,1,cohens_d_train,0.3253051
minesweeper,GeneralSheaf,true,5,6,epoch-0,1,1,cohens_d_train,0.35464138
minesweeper,GeneralSheaf,true,5,6,epoch-0,2,1,cohens_d_train,0.11585323
minesweeper,GeneralSheaf,true,5,6,epoch-0,3,1,cohens_d_train,0.16399062
minesweeper,GeneralSheaf,true,5,6,epoch-0,4,1,cohens_d_train,0.07297399
minesweeper,GeneralSheaf,true,5,6,epoch-0,5,1,cohens_d_train,0.0006218215
minesweeper,GeneralSheaf,true,5,6,epoch-0,6,1,cohens_d_train,0.0050555933
minesweeper,GeneralSheaf,true,5,6,epoch-0,0,1,cohens_d_test,0.27158973
minesweeper,GeneralSheaf,true,5,6,epoch-0,1,1,cohens_d_test,0.2721595
minesweeper,GeneralSheaf,true,5,6,epoch-0,2,1,cohens_d_test,0.066972226
minesweeper,GeneralSheaf,true,5,6,epoch-0,3,1,cohens_d_test,0.109500386
minesweeper,GeneralSheaf,true,5,6,epoch-0,4,1,cohens_d_test,0.03876274
minesweeper,GeneralSheaf,true,5,6,epoch-0,5,1,cohens_d_test,0.030612748
minesweeper,GeneralSheaf,true,5,6,epoch-0,6,1,cohens_d_test,0.034134075
minesweeper,GeneralSheaf,true,5,6,epoch-0,0,2,degree,0.021619793271546613
minesweeper,GeneralSheaf,true,5,6,epoch-0,1,2,degree,0.1429980046932485
minesweeper,GeneralSheaf,true,5,6,epoch-0,2,2,degree,0.16051492664148442
minesweeper,GeneralSheaf,true,5,6,epoch-0,3,2,degree,0.1323903668445183
minesweeper,GeneralSheaf,true,5,6,epoch-0,4,2,degree,0.10557306987998868
minesweeper,GeneralSheaf,true,5,6,epoch-0,5,2,degree,0.10039708562857654
minesweeper,GeneralSheaf,true,5,6,epoch-0,6,2,degree,0.10597504498136011
minesweeper,GeneralSheaf,true,5,6,epoch-0,0,2,betweenness,-0.018108039872672815
minesweeper,GeneralSheaf,true,5,6,epoch-0,1,2,betweenness,0.060745304442400984
minesweeper,GeneralSheaf,true,5,6,epoch-0,2,2,betweenness,0.07142747514563172
minesweeper,GeneralSheaf,true,5,6,epoch-0,3,2,betweenness,0.06493809779058911
minesweeper,GeneralSheaf,true,5,6,epoch-0,4,2,betweenness,0.0560609427298049
minesweeper,GeneralSheaf,true,5,6,epoch-0,5,2,betweenness,0.059746679941230854
minesweeper,GeneralSheaf,true,5,6,epoch-0,6,2,betweenness,0.0661254022240313
minesweeper,GeneralSheaf,true,5,6,epoch-0,0,2,confidence,-0.11806392688365518
minesweeper,GeneralSheaf,true,5,6,epoch-0,1,2,confidence,0.4276944734086133
minesweeper,GeneralSheaf,true,5,6,epoch-0,2,2,confidence,0.23879720679758173
minesweeper,GeneralSheaf,true,5,6,epoch-0,3,2,confidence,0.3611937585157882
minesweeper,GeneralSheaf,true,5,6,epoch-0,4,2,confidence,0.40688832878835784
minesweeper,GeneralSheaf,true,5,6,epoch-0,5,2,confidence,0.3250656507573172
minesweeper,GeneralSheaf,true,5,6,epoch-0,6,2,confidence,0.3183286469941708
minesweeper,GeneralSheaf,true,5,6,epoch-0,0,2,saliency,-0.011792512861415142
minesweeper,GeneralSheaf,true,5,6,epoch-0,1,2,saliency,0.25671311854059303
minesweeper,GeneralSheaf,true,5,6,epoch-0,2,2,saliency,0.26138634371115055
minesweeper,GeneralSheaf,true,5,6,epoch-0,3,2,saliency,0.32534144762971917
minesweeper,GeneralSheaf,true,5,6,epoch-0,4,2,saliency,0.27577163562681684
minesweeper,GeneralSheaf,true,5,6,epoch-0,5,2,saliency,0.25419713935388505
minesweeper,GeneralSheaf,true,5,6,epoch-0,6,2,saliency,0.2685139078399723
minesweeper,GeneralSheaf,true,5,6,epoch-0,0,2,cohens_d_train,0.30983746
minesweeper,GeneralSheaf,true,5,6,epoch-0,1,2,cohens_d_train,0.00482067
minesweeper,GeneralSheaf,true,5,6,epoch-0,2,2,cohens_d_train,0.2150276
minesweeper,GeneralSheaf,true,5,6,epoch-0,3,2,cohens_d_train,0.15646902
minesweeper,GeneralSheaf,true,5,6,epoch-0,4,2,cohens_d_train,0.09677433
minesweeper,GeneralSheaf,true,5,6,epoch-0,5,2,cohens_d_train,0.006056246
minesweeper,GeneralSheaf,true,5,6,epoch-0,6,2,cohens_d_train,0.11011998
minesweeper,GeneralSheaf,true,5,6,epoch-0,0,2,cohens_d_test,0.26909116
minesweeper,GeneralSheaf,true,5,6,epoch-0,1,2,cohens_d_test,0.0353978
minesweeper,GeneralSheaf,true,5,6,epoch-0,2,2,cohens_d_test,0.21138342
minesweeper,GeneralSheaf,true,5,6,epoch-0,3,2,cohens_d_test,0.18411766
minesweeper,GeneralSheaf,true,5,6,epoch-0,4,2,cohens_d_test,0.15115051
minesweeper,GeneralSheaf,true,5,6,epoch-0,5,2,cohens_d_test,0.048371468
minesweeper,GeneralSheaf,true,5,6,epoch-0,6,2,cohens_d_test,0.08687198
minesweeper,GeneralSheaf,true,5,6,epoch-0,0,3,degree,-0.0037073872936943817
minesweeper,GeneralSheaf,true,5,6,epoch-0,1,3,degree,0.014349178437993618
minesweeper,GeneralSheaf,true,5,6,epoch-0,2,3,degree,0.03291237655813163
minesweeper,GeneralSheaf,true,5,6,epoch-0,3,3,degree,0.04569811084756482
minesweeper,GeneralSheaf,true,5,6,epoch-0,4,3,degree,0.056192890357602165
minesweeper,GeneralSheaf,true,5,6,epoch-0,5,3,degree,0.07918230215243138
minesweeper,GeneralSheaf,true,5,6,epoch-0,6,3,degree,0.09720022934223319
minesweeper,GeneralSheaf,true,5,6,epoch-0,0,3,betweenness,0.01685728205302148
minesweeper,GeneralSheaf,true,5,6,epoch-0,1,3,betweenness,0.04103105144437259
minesweeper,GeneralSheaf,true,5,6,epoch-0,2,3,betweenness,0.04677694046769867
minesweeper,GeneralSheaf,true,5,6,epoch-0,3,3,betweenness,0.05006552915426001
minesweeper,GeneralSheaf,true,5,6,epoch-0,4,3,betweenness,0.05411014083986103
minesweeper,GeneralSheaf,true,5,6,epoch-0,5,3,betweenness,0.06120115275258198
minesweeper,GeneralSheaf,true,5,6,epoch-0,6,3,betweenness,0.06638224421480965
minesweeper,GeneralSheaf,true,5,6,epoch-0,0,3,confidence,0.6660822933846771
minesweeper,GeneralSheaf,true,5,6,epoch-0,1,3,confidence,0.62444170973421
minesweeper,GeneralSheaf,true,5,6,epoch-0,2,3,confidence,0.6816387534483638
minesweeper,GeneralSheaf,true,5,6,epoch-0,3,3,confidence,0.7021909261701721
minesweeper,GeneralSheaf,true,5,6,epoch-0,4,3,confidence,0.6604208347955899
minesweeper,GeneralSheaf,true,5,6,epoch-0,5,3,confidence,0.6583322763365727
minesweeper,GeneralSheaf,true,5,6,epoch-0,6,3,confidence,0.6385574508909604
minesweeper,GeneralSheaf,true,5,6,epoch-0,0,3,saliency,0.3751000851594373
minesweeper,GeneralSheaf,true,5,6,epoch-0,1,3,saliency,0.28853129048354953
minesweeper,GeneralSheaf,true,5,6,epoch-0,2,3,saliency,0.3529585426399396
minesweeper,GeneralSheaf,true,5,6,epoch-0,3,3,saliency,0.3278296566089829
minesweeper,GeneralSheaf,true,5,6,epoch-0,4,3,saliency,0.37481064896959965
minesweeper,GeneralSheaf,true,5,6,epoch-0,5,3,saliency,0.39742363686696675
minesweeper,GeneralSheaf,true,5,6,epoch-0,6,3,saliency,0.38940158147369786
minesweeper,GeneralSheaf,true,5,6,epoch-0,0,3,cohens_d_train,0.7142932
minesweeper,GeneralSheaf,true,5,6,epoch-0,1,3,cohens_d_train,0.56002825
minesweeper,GeneralSheaf,true,5,6,epoch-0,2,3,cohens_d_train,0.6036095
minesweeper,GeneralSheaf,true,5,6,epoch-0,3,3,cohens_d_train,0.5385352
minesweeper,GeneralSheaf,true,5,6,epoch-0,4,3,cohens_d_train,0.41865867
minesweeper,GeneralSheaf,true,5,6,epoch-0,5,3,cohens_d_train,0.4216564
minesweeper,GeneralSheaf,true,5,6,epoch-0,6,3,cohens_d_train,0.3796141
minesweeper,GeneralSheaf,true,5,6,epoch-0,0,3,cohens_d_test,0.58624536
minesweeper,GeneralSheaf,true,5,6,epoch-0,1,3,cohens_d_test,0.44201458
minesweeper,GeneralSheaf,true,5,6,epoch-0,2,3,cohens_d_test,0.49386543
minesweeper,GeneralSheaf,true,5,6,epoch-0,3,3,cohens_d_test,0.42301062
minesweeper,GeneralSheaf,true,5,6,epoch-0,4,3,cohens_d_test,0.30577064
minesweeper,GeneralSheaf,true,5,6,epoch-0,5,3,cohens_d_test,0.29867
minesweeper,GeneralSheaf,true,5,6,epoch-0,6,3,cohens_d_test,0.26272786
minesweeper,GeneralSheaf,true,5,6,epoch-0,0,4,degree,0.0098142707151115
minesweeper,GeneralSheaf,true,5,6,epoch-0,1,4,degree,0.03897682627316995
minesweeper,GeneralSheaf,true,5,6,epoch-0,2,4,degree,0.06892260357774604
minesweeper,GeneralSheaf,true,5,6,epoch-0,3,4,degree,0.08326783311146599
minesweeper,GeneralSheaf,true,5,6,epoch-0,4,4,degree,0.13059508074664652
minesweeper,GeneralSheaf,true,5,6,epoch-0,5,4,degree,0.14036001281367677
minesweeper,GeneralSheaf,true,5,6,epoch-0,6,4,degree,0.15353827146210494
minesweeper,GeneralSheaf,true,5,6,epoch-0,0,4,betweenness,0.002259665012780647
minesweeper,GeneralSheaf,true,5,6,epoch-0,1,4,betweenness,0.041774755922384554
minesweeper,GeneralSheaf,true,5,6,epoch-0,2,4,betweenness,0.05482463193118054
minesweeper,GeneralSheaf,true,5,6,epoch-0,3,4,betweenness,0.06933655158152573
minesweeper,GeneralSheaf,true,5,6,epoch-0,4,4,betweenness,0.08105704676294757
minesweeper,GeneralSheaf,true,5,6,epoch-0,5,4,betweenness,0.08590950521399189
minesweeper,GeneralSheaf,true,5,6,epoch-0,6,4,betweenness,0.08985344371376916
minesweeper,GeneralSheaf,true,5,6,epoch-0,0,4,confidence,-0.33278003424834446
minesweeper,GeneralSheaf,true,5,6,epoch-0,1,4,confidence,-0.07102315190445883
minesweeper,GeneralSheaf,true,5,6,epoch-0,2,4,confidence,-0.06588645002496854
minesweeper,GeneralSheaf,true,5,6,epoch-0,3,4,confidence,0.013119506124415176
minesweeper,GeneralSheaf,true,5,6,epoch-0,4,4,confidence,0.0997891928805736
minesweeper,GeneralSheaf,true,5,6,epoch-0,5,4,confidence,0.14709458267618433
minesweeper,GeneralSheaf,true,5,6,epoch-0,6,4,confidence,0.1662647235781195
minesweeper,GeneralSheaf,true,5,6,epoch-0,0,4,saliency,0.36106927489497304
minesweeper,GeneralSheaf,true,5,6,epoch-0,1,4,saliency,0.31822055932284543
minesweeper,GeneralSheaf,true,5,6,epoch-0,2,4,saliency,0.3806932683772005
minesweeper,GeneralSheaf,true,5,6,epoch-0,3,4,saliency,0.34321791946356467
minesweeper,GeneralSheaf,true,5,6,epoch-0,4,4,saliency,0.3557913928436551
minesweeper,GeneralSheaf,true,5,6,epoch-0,5,4,saliency,0.3388636641348357
minesweeper,GeneralSheaf,true,5,6,epoch-0,6,4,saliency,0.33868756739595596
minesweeper,GeneralSheaf,true,5,6,epoch-0,0,4,cohens_d_train,0.7153261
minesweeper,GeneralSheaf,true,5,6,epoch-0,1,4,cohens_d_train,0.82003087
minesweeper,GeneralSheaf,true,5,6,epoch-0,2,4,cohens_d_train,0.8239502
minesweeper,GeneralSheaf,true,5,6,epoch-0,3,4,cohens_d_train,0.61139303
minesweeper,GeneralSheaf,true,5,6,epoch-0,4,4,cohens_d_train,0.5153821
minesweeper,GeneralSheaf,true,5,6,epoch-0,5,4,cohens_d_train,0.46136165
minesweeper,GeneralSheaf,true,5,6,epoch-0,6,4,cohens_d_train,0.4698191
minesweeper,GeneralSheaf,true,5,6,epoch-0,0,4,cohens_d_test,0.70402575
minesweeper,GeneralSheaf,true,5,6,epoch-0,1,4,cohens_d_test,0.79807484
minesweeper,GeneralSheaf,true,5,6,epoch-0,2,4,cohens_d_test,0.82102674
minesweeper,GeneralSheaf,true,5,6,epoch-0,3,4,cohens_d_test,0.5901781
minesweeper,GeneralSheaf,true,5,6,epoch-0,4,4,cohens_d_test,0.5289424
minesweeper,GeneralSheaf,true,5,6,epoch-0,5,4,cohens_d_test,0.45458338
minesweeper,GeneralSheaf,true,5,6,epoch-0,6,4,cohens_d_test,0.44264746
minesweeper,GeneralSheaf,true,5,6,epoch-0,0,5,degree,0.010958428896411597
minesweeper,GeneralSheaf,true,5,6,epoch-0,1,5,degree,0.058416206407732124
minesweeper,GeneralSheaf,true,5,6,epoch-0,2,5,degree,0.09186446890054771
minesweeper,GeneralSheaf,true,5,6,epoch-0,3,5,degree,0.0903811764139631
minesweeper,GeneralSheaf,true,5,6,epoch-0,4,5,degree,0.11923201042797608
minesweeper,GeneralSheaf,true,5,6,epoch-0,5,5,degree,0.1518054684393599
minesweeper,GeneralSheaf,true,5,6,epoch-0,6,5,degree,0.16254401706414598
minesweeper,GeneralSheaf,true,5,6,epoch-0,0,5,betweenness,0.001525521033304727
minesweeper,GeneralSheaf,true,5,6,epoch-0,1,5,betweenness,0.02340945620490672
minesweeper,GeneralSheaf,true,5,6,epoch-0,2,5,betweenness,0.0542325746885559
minesweeper,GeneralSheaf,true,5,6,epoch-0,3,5,betweenness,0.0571904154658503
minesweeper,GeneralSheaf,true,5,6,epoch-0,4,5,betweenness,0.06658577852145342
minesweeper,GeneralSheaf,true,5,6,epoch-0,5,5,betweenness,0.07939350653950777
minesweeper,GeneralSheaf,true,5,6,epoch-0,6,5,betweenness,0.0795461887452801
minesweeper,GeneralSheaf,true,5,6,epoch-0,0,5,confidence,0.04574522876723438
minesweeper,GeneralSheaf,true,5,6,epoch-0,1,5,confidence,0.06173180589505995
minesweeper,GeneralSheaf,true,5,6,epoch-0,2,5,confidence,-0.1074535626737524
minesweeper,GeneralSheaf,true,5,6,epoch-0,3,5,confidence,-0.07081883904826174
minesweeper,GeneralSheaf,true,5,6,epoch-0,4,5,confidence,-0.10298701366406585
minesweeper,GeneralSheaf,true,5,6,epoch-0,5,5,confidence,-0.07705791261351434
minesweeper,GeneralSheaf,true,5,6,epoch-0,6,5,confidence,0.027594557414511865
minesweeper,GeneralSheaf,true,5,6,epoch-0,0,5,saliency,0.057559014928932103
minesweeper,GeneralSheaf,true,5,6,epoch-0,1,5,saliency,0.23116155564819008
minesweeper,GeneralSheaf,true,5,6,epoch-0,2,5,saliency,0.36537196500312247
minesweeper,GeneralSheaf,true,5,6,epoch-0,3,5,saliency,0.336013908304316
minesweeper,GeneralSheaf,true,5,6,epoch-0,4,5,saliency,0.4110728411736932
minesweeper,GeneralSheaf,true,5,6,epoch-0,5,5,saliency,0.4274807529147617
minesweeper,GeneralSheaf,true,5,6,epoch-0,6,5,saliency,0.44551501121319825
minesweeper,GeneralSheaf,true,5,6,epoch-0,0,5,cohens_d_train,0.024357846
minesweeper,GeneralSheaf,true,5,6,epoch-0,1,5,cohens_d_train,0.28348294
minesweeper,GeneralSheaf,true,5,6,epoch-0,2,5,cohens_d_train,0.36928064
minesweeper,GeneralSheaf,true,5,6,epoch-0,3,5,cohens_d_train,0.32480428
minesweeper,GeneralSheaf,true,5,6,epoch-0,4,5,cohens_d_train,0.40680423
minesweeper,GeneralSheaf,true,5,6,epoch-0,5,5,cohens_d_train,0.34853303
minesweeper,GeneralSheaf,true,5,6,epoch-0,6,5,cohens_d_train,0.34780735
minesweeper,GeneralSheaf,true,5,6,epoch-0,0,5,cohens_d_test,0.0005028554
minesweeper,GeneralSheaf,true,5,6,epoch-0,1,5,cohens_d_test,0.28871438
minesweeper,GeneralSheaf,true,5,6,epoch-0,2,5,cohens_d_test,0.41516826
minesweeper,GeneralSheaf,true,5,6,epoch-0,3,5,cohens_d_test,0.38681942
minesweeper,GeneralSheaf,true,5,6,epoch-0,4,5,cohens_d_test,0.47789958
minesweeper,GeneralSheaf,true,5,6,epoch-0,5,5,cohens_d_test,0.44607863
minesweeper,GeneralSheaf,true,5,6,epoch-0,6,5,cohens_d_test,0.42734134
minesweeper,GeneralSheaf,true,5,6,epoch-0,0,6,degree,0.02089197821365029
minesweeper,GeneralSheaf,true,5,6,epoch-0,1,6,degree,0.08581120682068251
minesweeper,GeneralSheaf,true,5,6,epoch-0,2,6,degree,0.12615417422435754
minesweeper,GeneralSheaf,true,5,6,epoch-0,3,6,degree,0.12167956156156007
minesweeper,GeneralSheaf,true,5,6,epoch-0,4,6,degree,0.1520015316428504
minesweeper,GeneralSheaf,true,5,6,epoch-0,5,6,degree,0.15221376837096998
minesweeper,GeneralSheaf,true,5,6,epoch-0,6,6,degree,0.15473282103337715
minesweeper,GeneralSheaf,true,5,6,epoch-0,0,6,betweenness,-0.005076129912211363
minesweeper,GeneralSheaf,true,5,6,epoch-0,1,6,betweenness,0.0319414866410562
minesweeper,GeneralSheaf,true,5,6,epoch-0,2,6,betweenness,0.06655126033770187
minesweeper,GeneralSheaf,true,5,6,epoch-0,3,6,betweenness,0.07162545071541154
minesweeper,GeneralSheaf,true,5,6,epoch-0,4,6,betweenness,0.08160726845296912
minesweeper,GeneralSheaf,true,5,6,epoch-0,5,6,betweenness,0.08256962428316418
minesweeper,GeneralSheaf,true,5,6,epoch-0,6,6,betweenness,0.0807178280952949
minesweeper,GeneralSheaf,true,5,6,epoch-0,0,6,confidence,0.17620313890891653
minesweeper,GeneralSheaf,true,5,6,epoch-0,1,6,confidence,0.3602844860810492
minesweeper,GeneralSheaf,true,5,6,epoch-0,2,6,confidence,0.43990731640846065
minesweeper,GeneralSheaf,true,5,6,epoch-0,3,6,confidence,0.4815934242288359
minesweeper,GeneralSheaf,true,5,6,epoch-0,4,6,confidence,0.39879051432858176
minesweeper,GeneralSheaf,true,5,6,epoch-0,5,6,confidence,0.44761726222977244
minesweeper,GeneralSheaf,true,5,6,epoch-0,6,6,confidence,0.4397584281524818
minesweeper,GeneralSheaf,true,5,6,epoch-0,0,6,saliency,-0.24218436223263598
minesweeper,GeneralSheaf,true,5,6,epoch-0,1,6,saliency,0.027240121624852825
minesweeper,GeneralSheaf,true,5,6,epoch-0,2,6,saliency,0.17289202776084983
minesweeper,GeneralSheaf,true,5,6,epoch-0,3,6,saliency,0.1919676746008912
minesweeper,GeneralSheaf,true,5,6,epoch-0,4,6,saliency,0.27009299266065323
minesweeper,GeneralSheaf,true,5,6,epoch-0,5,6,saliency,0.22095465140952367
minesweeper,GeneralSheaf,true,5,6,epoch-0,6,6,saliency,0.26729659873018297
minesweeper,GeneralSheaf,true,5,6,epoch-0,0,6,cohens_d_train,0.11872496
minesweeper,GeneralSheaf,true,5,6,epoch-0,1,6,cohens_d_train,0.40771616
minesweeper,GeneralSheaf,true,5,6,epoch-0,2,6,cohens_d_train,0.3282622
minesweeper,GeneralSheaf,true,5,6,epoch-0,3,6,cohens_d_train,0.36839002
minesweeper,GeneralSheaf,true,5,6,epoch-0,4,6,cohens_d_train,0.19803116
minesweeper,GeneralSheaf,true,5,6,epoch-0,5,6,cohens_d_train,0.13667077
minesweeper,GeneralSheaf,true,5,6,epoch-0,6,6,cohens_d_train,0.16223791
minesweeper,GeneralSheaf,true,5,6,epoch-0,0,6,cohens_d_test,0.15969595
minesweeper,GeneralSheaf,true,5,6,epoch-0,1,6,cohens_d_test,0.37554953
minesweeper,GeneralSheaf,true,5,6,epoch-0,2,6,cohens_d_test,0.29471087
minesweeper,GeneralSheaf,true,5,6,epoch-0,3,6,cohens_d_test,0.32866237
minesweeper,GeneralSheaf,true,5,6,epoch-0,4,6,cohens_d_test,0.18819103
minesweeper,GeneralSheaf,true,5,6,epoch-0,5,6,cohens_d_test,0.115470305
minesweeper,GeneralSheaf,true,5,6,epoch-0,6,6,cohens_d_test,0.12591967
minesweeper,GeneralSheaf,true,5,6,epoch-0,0,7,degree,0.015978524945467358
minesweeper,GeneralSheaf,true,5,6,epoch-0,1,7,degree,0.10240444443071262
minesweeper,GeneralSheaf,true,5,6,epoch-0,2,7,degree,0.13593460997866588
minesweeper,GeneralSheaf,true,5,6,epoch-0,3,7,degree,0.13277687373917113
minesweeper,GeneralSheaf,true,5,6,epoch-0,4,7,degree,0.15181543789423893
minesweeper,GeneralSheaf,true,5,6,epoch-0,5,7,degree,0.14725938952588064
minesweeper,GeneralSheaf,true,5,6,epoch-0,6,7,degree,0.14498837141442592
minesweeper,GeneralSheaf,true,5,6,epoch-0,0,7,betweenness,-0.002994177848987121
minesweeper,GeneralSheaf,true,5,6,epoch-0,1,7,betweenness,0.04478247238412385
minesweeper,GeneralSheaf,true,5,6,epoch-0,2,7,betweenness,0.05956728350942558
minesweeper,GeneralSheaf,true,5,6,epoch-0,3,7,betweenness,0.06206871120022503
minesweeper,GeneralSheaf,true,5,6,epoch-0,4,7,betweenness,0.07313021612168998
minesweeper,GeneralSheaf,true,5,6,epoch-0,5,7,betweenness,0.07445119893341559
minesweeper,GeneralSheaf,true,5,6,epoch-0,6,7,betweenness,0.07460088013091823
minesweeper,GeneralSheaf,true,5,6,epoch-0,0,7,confidence,0.041124574578816624
minesweeper,GeneralSheaf,true,5,6,epoch-0,1,7,confidence,0.5543318720121535
minesweeper,GeneralSheaf,true,5,6,epoch-0,2,7,confidence,0.5247370651348938
minesweeper,GeneralSheaf,true,5,6,epoch-0,3,7,confidence,0.4064844979948674
minesweeper,GeneralSheaf,true,5,6,epoch-0,4,7,confidence,0.3796636644542233
minesweeper,GeneralSheaf,true,5,6,epoch-0,5,7,confidence,0.38437311325571216
minesweeper,GeneralSheaf,true,5,6,epoch-0,6,7,confidence,0.3476039994711531
minesweeper,GeneralSheaf,true,5,6,epoch-0,0,7,saliency,0.21272048230809612
minesweeper,GeneralSheaf,true,5,6,epoch-0,1,7,saliency,0.1847889648906401
minesweeper,GeneralSheaf,true,5,6,epoch-0,2,7,saliency,0.27774477023144656
minesweeper,GeneralSheaf,true,5,6,epoch-0,3,7,saliency,0.2607428969032512
minesweeper,GeneralSheaf,true,5,6,epoch-0,4,7,saliency,0.23265943554027213
minesweeper,GeneralSheaf,true,5,6,epoch-0,5,7,saliency,0.23955447938241944
minesweeper,GeneralSheaf,true,5,6,epoch-0,6,7,saliency,0.27861773952552077
minesweeper,GeneralSheaf,true,5,6,epoch-0,0,7,cohens_d_train,0.20419042
minesweeper,GeneralSheaf,true,5,6,epoch-0,1,7,cohens_d_train,1.0353621
minesweeper,GeneralSheaf,true,5,6,epoch-0,2,7,cohens_d_train,0.77316743
minesweeper,GeneralSheaf,true,5,6,epoch-0,3,7,cohens_d_train,0.7535539
minesweeper,GeneralSheaf,true,5,6,epoch-0,4,7,cohens_d_train,0.5055441
minesweeper,GeneralSheaf,true,5,6,epoch-0,5,7,cohens_d_train,0.5401754
minesweeper,GeneralSheaf,true,5,6,epoch-0,6,7,cohens_d_train,0.4800593
minesweeper,GeneralSheaf,true,5,6,epoch-0,0,7,cohens_d_test,0.1500368
minesweeper,GeneralSheaf,true,5,6,epoch-0,1,7,cohens_d_test,1.0013926
minesweeper,GeneralSheaf,true,5,6,epoch-0,2,7,cohens_d_test,0.7717284
minesweeper,GeneralSheaf,true,5,6,epoch-0,3,7,cohens_d_test,0.7632125
minesweeper,GeneralSheaf,true,5,6,epoch-0,4,7,cohens_d_test,0.5179706
minesweeper,GeneralSheaf,true,5,6,epoch-0,5,7,cohens_d_test,0.5568969
minesweeper,GeneralSheaf,true,5,6,epoch-0,6,7,cohens_d_test,0.51151043
minesweeper,GeneralSheaf,true,5,6,epoch-0,0,8,degree,0.05189432855812848
minesweeper,GeneralSheaf,true,5,6,epoch-0,1,8,degree,0.11737628990994214
minesweeper,GeneralSheaf,true,5,6,epoch-0,2,8,degree,0.11764097629991423
minesweeper,GeneralSheaf,true,5,6,epoch-0,3,8,degree,0.1171016198760396
minesweeper,GeneralSheaf,true,5,6,epoch-0,4,8,degree,0.10248506470906533
minesweeper,GeneralSheaf,true,5,6,epoch-0,5,8,degree,0.11773494677051947
minesweeper,GeneralSheaf,true,5,6,epoch-0,6,8,degree,0.12523634713943183
minesweeper,GeneralSheaf,true,5,6,epoch-0,0,8,betweenness,0.007132655807828199
minesweeper,GeneralSheaf,true,5,6,epoch-0,1,8,betweenness,0.04506938297491341
minesweeper,GeneralSheaf,true,5,6,epoch-0,2,8,betweenness,0.06049965082517099
minesweeper,GeneralSheaf,true,5,6,epoch-0,3,8,betweenness,0.060172815629699575
minesweeper,GeneralSheaf,true,5,6,epoch-0,4,8,betweenness,0.06131746881466978
minesweeper,GeneralSheaf,true,5,6,epoch-0,5,8,betweenness,0.06758921406113642
minesweeper,GeneralSheaf,true,5,6,epoch-0,6,8,betweenness,0.07282910004513134
minesweeper,GeneralSheaf,true,5,6,epoch-0,0,8,confidence,0.38095049539253484
minesweeper,GeneralSheaf,true,5,6,epoch-0,1,8,confidence,0.41061746757424505
minesweeper,GeneralSheaf,true,5,6,epoch-0,2,8,confidence,0.5632136560321014
minesweeper,GeneralSheaf,true,5,6,epoch-0,3,8,confidence,0.5425936348586753
minesweeper,GeneralSheaf,true,5,6,epoch-0,4,8,confidence,0.49130297431903824
minesweeper,GeneralSheaf,true,5,6,epoch-0,5,8,confidence,0.4057873847304814
minesweeper,GeneralSheaf,true,5,6,epoch-0,6,8,confidence,0.43184739885993134
minesweeper,GeneralSheaf,true,5,6,epoch-0,0,8,saliency,0.022400696939776102
minesweeper,GeneralSheaf,true,5,6,epoch-0,1,8,saliency,0.16058879088815856
minesweeper,GeneralSheaf,true,5,6,epoch-0,2,8,saliency,0.3289317201240927
minesweeper,GeneralSheaf,true,5,6,epoch-0,3,8,saliency,0.3804068908923284
minesweeper,GeneralSheaf,true,5,6,epoch-0,4,8,saliency,0.47731115769972665
minesweeper,GeneralSheaf,true,5,6,epoch-0,5,8,saliency,0.4467240053386417
minesweeper,GeneralSheaf,true,5,6,epoch-0,6,8,saliency,0.4696115446699773
minesweeper,GeneralSheaf,true,5,6,epoch-0,0,8,cohens_d_train,0.13849829
minesweeper,GeneralSheaf,true,5,6,epoch-0,1,8,cohens_d_train,0.14029525
minesweeper,GeneralSheaf,true,5,6,epoch-0,2,8,cohens_d_train,0.20241064
minesweeper,GeneralSheaf,true,5,6,epoch-0,3,8,cohens_d_train,0.13898768
minesweeper,GeneralSheaf,true,5,6,epoch-0,4,8,cohens_d_train,0.10937153
minesweeper,GeneralSheaf,true,5,6,epoch-0,5,8,cohens_d_train,0.041759945
minesweeper,GeneralSheaf,true,5,6,epoch-0,6,8,cohens_d_train,0.00073169236
minesweeper,GeneralSheaf,true,5,6,epoch-0,0,8,cohens_d_test,0.1049711
minesweeper,GeneralSheaf,true,5,6,epoch-0,1,8,cohens_d_test,0.11468739
minesweeper,GeneralSheaf,true,5,6,epoch-0,2,8,cohens_d_test,0.1939836
minesweeper,GeneralSheaf,true,5,6,epoch-0,3,8,cohens_d_test,0.12174005
minesweeper,GeneralSheaf,true,5,6,epoch-0,4,8,cohens_d_test,0.07315386
minesweeper,GeneralSheaf,true,5,6,epoch-0,5,8,cohens_d_test,0.0056533664
minesweeper,GeneralSheaf,true,5,6,epoch-0,6,8,cohens_d_test,0.043763533
minesweeper,GeneralSheaf,true,5,6,epoch-0,0,9,degree,0.01180933546489085
minesweeper,GeneralSheaf,true,5,6,epoch-0,1,9,degree,0.06655429351713052
minesweeper,GeneralSheaf,true,5,6,epoch-0,2,9,degree,0.07176666559490115
minesweeper,GeneralSheaf,true,5,6,epoch-0,3,9,degree,0.10866959686650353
minesweeper,GeneralSheaf,true,5,6,epoch-0,4,9,degree,0.11968631231596892
minesweeper,GeneralSheaf,true,5,6,epoch-0,5,9,degree,0.13845695140041656
minesweeper,GeneralSheaf,true,5,6,epoch-0,6,9,degree,0.1296684103103673
minesweeper,GeneralSheaf,true,5,6,epoch-0,0,9,betweenness,0.0035262967287783085
minesweeper,GeneralSheaf,true,5,6,epoch-0,1,9,betweenness,0.051886564721582595
minesweeper,GeneralSheaf,true,5,6,epoch-0,2,9,betweenness,0.06168568682259364
minesweeper,GeneralSheaf,true,5,6,epoch-0,3,9,betweenness,0.0709635337511705
minesweeper,GeneralSheaf,true,5,6,epoch-0,4,9,betweenness,0.07035259803616926
minesweeper,GeneralSheaf,true,5,6,epoch-0,5,9,betweenness,0.07349960451696504
minesweeper,GeneralSheaf,true,5,6,epoch-0,6,9,betweenness,0.07242851419954444
minesweeper,GeneralSheaf,true,5,6,epoch-0,0,9,confidence,0.11523585412307376
minesweeper,GeneralSheaf,true,5,6,epoch-0,1,9,confidence,0.13751092836223724
minesweeper,GeneralSheaf,true,5,6,epoch-0,2,9,confidence,0.15438498220395488
minesweeper,GeneralSheaf,true,5,6,epoch-0,3,9,confidence,0.20063678576948246
minesweeper,GeneralSheaf,true,5,6,epoch-0,4,9,confidence,0.20728992171472393
minesweeper,GeneralSheaf,true,5,6,epoch-0,5,9,confidence,0.18892151158068687
minesweeper,GeneralSheaf,true,5,6,epoch-0,6,9,confidence,0.18518513201507353
minesweeper,GeneralSheaf,true,5,6,epoch-0,0,9,saliency,0.12371549822122736
minesweeper,GeneralSheaf,true,5,6,epoch-0,1,9,saliency,0.30936209614816906
minesweeper,GeneralSheaf,true,5,6,epoch-0,2,9,saliency,0.5627001208998275
minesweeper,GeneralSheaf,true,5,6,epoch-0,3,9,saliency,0.47491485989279403
minesweeper,GeneralSheaf,true,5,6,epoch-0,4,9,saliency,0.44846551013149066
minesweeper,GeneralSheaf,true,5,6,epoch-0,5,9,saliency,0.4202521129231287
minesweeper,GeneralSheaf,true,5,6,epoch-0,6,9,saliency,0.46527391639250987
minesweeper,GeneralSheaf,true,5,6,epoch-0,0,9,cohens_d_train,0.47793797
minesweeper,GeneralSheaf,true,5,6,epoch-0,1,9,cohens_d_train,0.6930045
minesweeper,GeneralSheaf,true,5,6,epoch-0,2,9,cohens_d_train,0.7458327
minesweeper,GeneralSheaf,true,5,6,epoch-0,3,9,cohens_d_train,0.6255609
minesweeper,GeneralSheaf,true,5,6,epoch-0,4,9,cohens_d_train,0.5589099
minesweeper,GeneralSheaf,true,5,6,epoch-0,5,9,cohens_d_train,0.5218777
minesweeper,GeneralSheaf,true,5,6,epoch-0,6,9,cohens_d_train,0.5369898
minesweeper,GeneralSheaf,true,5,6,epoch-0,0,9,cohens_d_test,0.47413868
minesweeper,GeneralSheaf,true,5,6,epoch-0,1,9,cohens_d_test,0.67431605
minesweeper,GeneralSheaf,true,5,6,epoch-0,2,9,cohens_d_test,0.7320407
minesweeper,GeneralSheaf,true,5,6,epoch-0,3,9,cohens_d_test,0.6150257
minesweeper,GeneralSheaf,true,5,6,epoch-0,4,9,cohens_d_test,0.55493695
minesweeper,GeneralSheaf,true,5,6,epoch-0,5,9,cohens_d_test,0.52307516
minesweeper,GeneralSheaf,true,5,6,epoch-0,6,9,cohens_d_test,0.53962725
minesweeper,GeneralSheaf,true,5,6,epoch-1,0,0,degree,-0.06007372580956048
minesweeper,GeneralSheaf,true,5,6,epoch-1,1,0,degree,0.0715736255656551
minesweeper,GeneralSheaf,true,5,6,epoch-1,2,0,degree,0.07995981383847582
minesweeper,GeneralSheaf,true,5,6,epoch-1,3,0,degree,0.09670119537044257
minesweeper,GeneralSheaf,true,5,6,epoch-1,4,0,degree,0.08326253099650491
minesweeper,GeneralSheaf,true,5,6,epoch-1,5,0,degree,0.09752597067083157
minesweeper,GeneralSheaf,true,5,6,epoch-1,6,0,degree,0.10609330228537535
minesweeper,GeneralSheaf,true,5,6,epoch-1,0,0,betweenness,0.0034941571507368734
minesweeper,GeneralSheaf,true,5,6,epoch-1,1,0,betweenness,0.06157223707600274
minesweeper,GeneralSheaf,true,5,6,epoch-1,2,0,betweenness,0.06543447310607449
minesweeper,GeneralSheaf,true,5,6,epoch-1,3,0,betweenness,0.07022301111402217
minesweeper,GeneralSheaf,true,5,6,epoch-1,4,0,betweenness,0.062417087720792394
minesweeper,GeneralSheaf,true,5,6,epoch-1,5,0,betweenness,0.06442690301316824
minesweeper,GeneralSheaf,true,5,6,epoch-1,6,0,betweenness,0.07001388961223932
minesweeper,GeneralSheaf,true,5,6,epoch-1,0,0,confidence,0.21902300824764828
minesweeper,GeneralSheaf,true,5,6,epoch-1,1,0,confidence,0.7651269903636083
minesweeper,GeneralSheaf,true,5,6,epoch-1,2,0,confidence,0.9040542345767856
minesweeper,GeneralSheaf,true,5,6,epoch-1,3,0,confidence,0.9189083847434617
minesweeper,GeneralSheaf,true,5,6,epoch-1,4,0,confidence,0.9369080815772416
minesweeper,GeneralSheaf,true,5,6,epoch-1,5,0,confidence,0.9354441329733426
minesweeper,GeneralSheaf,true,5,6,epoch-1,6,0,confidence,0.9494169407915003
minesweeper,GeneralSheaf,true,5,6,epoch-1,0,0,saliency,0.011007043853581219
minesweeper,GeneralSheaf,true,5,6,epoch-1,1,0,saliency,0.0431618592571147
minesweeper,GeneralSheaf,true,5,6,epoch-1,2,0,saliency,0.019858508185299988
minesweeper,GeneralSheaf,true,5,6,epoch-1,3,0,saliency,0.008426005302538111
minesweeper,GeneralSheaf,true,5,6,epoch-1,4,0,saliency,0.020301688325443216
minesweeper,GeneralSheaf,true,5,6,epoch-1,5,0,saliency,0.0365173085700495
minesweeper,GeneralSheaf,true,5,6,epoch-1,6,0,saliency,0.017483805882995414
minesweeper,GeneralSheaf,true,5,6,epoch-1,0,0,cohens_d_train,0.029525388
minesweeper,GeneralSheaf,true,5,6,epoch-1,1,0,cohens_d_train,0.056298513
minesweeper,GeneralSheaf,true,5,6,epoch-1,2,0,cohens_d_train,0.05665056
minesweeper,GeneralSheaf,true,5,6,epoch-1,3,0,cohens_d_train,0.09500278
minesweeper,GeneralSheaf,true,5,6,epoch-1,4,0,cohens_d_train,0.06497909
minesweeper,GeneralSheaf,true,5,6,epoch-1,5,0,cohens_d_train,0.046116363
minesweeper,GeneralSheaf,true,5,6,epoch-1,6,0,cohens_d_train,0.105042204
minesweeper,GeneralSheaf,true,5,6,epoch-1,0,0,cohens_d_test,0.077613875
minesweeper,GeneralSheaf,true,5,6,epoch-1,1,0,cohens_d_test,0.014590542
minesweeper,GeneralSheaf,true,5,6,epoch-1,2,0,cohens_d_test,0.023903346
minesweeper,GeneralSheaf,true,5,6,epoch-1,3,0,cohens_d_test,0.0162258
minesweeper,GeneralSheaf,true,5,6,epoch-1,4,0,cohens_d_test,0.004532132
minesweeper,GeneralSheaf,true,5,6,epoch-1,5,0,cohens_d_test,0.01578065
minesweeper,GeneralSheaf,true,5,6,epoch-1,6,0,cohens_d_test,0.03484718
minesweeper,GeneralSheaf,true,5,6,epoch-1,0,1,degree,-0.0015163046207575072
minesweeper,GeneralSheaf,true,5,6,epoch-1,1,1,degree,0.11693283332458863
minesweeper,GeneralSheaf,true,5,6,epoch-1,2,1,degree,0.13487009770253067
minesweeper,GeneralSheaf,true,5,6,epoch-1,3,1,degree,0.10378562148304914
minesweeper,GeneralSheaf,true,5,6,epoch-1,4,1,degree,0.09652540913903705
minesweeper,GeneralSheaf,true,5,6,epoch-1,5,1,degree,0.10539779340598339
minesweeper,GeneralSheaf,true,5,6,epoch-1,6,1,degree,0.12343898769606876
minesweeper,GeneralSheaf,true,5,6,epoch-1,0,1,betweenness,-0.014686970123356109
minesweeper,GeneralSheaf,true,5,6,epoch-1,1,1,betweenness,0.046154830690533034
minesweeper,GeneralSheaf,true,5,6,epoch-1,2,1,betweenness,0.07510035797373492
minesweeper,GeneralSheaf,true,5,6,epoch-1,3,1,betweenness,0.06843296091402501
minesweeper,GeneralSheaf,true,5,6,epoch-1,4,1,betweenness,0.066828484134896
minesweeper,GeneralSheaf,true,5,6,epoch-1,5,1,betweenness,0.06632253073280674
minesweeper,GeneralSheaf,true,5,6,epoch-1,6,1,betweenness,0.06756121999305782
minesweeper,GeneralSheaf,true,5,6,epoch-1,0,1,confidence,-0.15447047008421308
minesweeper,GeneralSheaf,true,5,6,epoch-1,1,1,confidence,0.2260707857170542
minesweeper,GeneralSheaf,true,5,6,epoch-1,2,1,confidence,0.5464780330373719
minesweeper,GeneralSheaf,true,5,6,epoch-1,3,1,confidence,0.48898925243349617
minesweeper,GeneralSheaf,true,5,6,epoch-1,4,1,confidence,0.49988068297430077
minesweeper,GeneralSheaf,true,5,6,epoch-1,5,1,confidence,0.6298901583575776
minesweeper,GeneralSheaf,true,5,6,epoch-1,6,1,confidence,0.7190407233681355
minesweeper,GeneralSheaf,true,5,6,epoch-1,0,1,saliency,0.05074552333515499
minesweeper,GeneralSheaf,true,5,6,epoch-1,1,1,saliency,0.19255370580313388
minesweeper,GeneralSheaf,true,5,6,epoch-1,2,1,saliency,0.1428426442495688
minesweeper,GeneralSheaf,true,5,6,epoch-1,3,1,saliency,0.1388376960961256
minesweeper,GeneralSheaf,true,5,6,epoch-1,4,1,saliency,0.12673196069464238
minesweeper,GeneralSheaf,true,5,6,epoch-1,5,1,saliency,0.14368679751074753
minesweeper,GeneralSheaf,true,5,6,epoch-1,6,1,saliency,0.14981971899179286
minesweeper,GeneralSheaf,true,5,6,epoch-1,0,1,cohens_d_train,0.046126924
minesweeper,GeneralSheaf,true,5,6,epoch-1,1,1,cohens_d_train,0.12195543
minesweeper,GeneralSheaf,true,5,6,epoch-1,2,1,cohens_d_train,0.0061587673
minesweeper,GeneralSheaf,true,5,6,epoch-1,3,1,cohens_d_train,0.06333995
minesweeper,GeneralSheaf,true,5,6,epoch-1,4,1,cohens_d_train,0.013293333
minesweeper,GeneralSheaf,true,5,6,epoch-1,5,1,cohens_d_train,0.08931744
minesweeper,GeneralSheaf,true,5,6,epoch-1,6,1,cohens_d_train,0.13646257
minesweeper,GeneralSheaf,true,5,6,epoch-1,0,1,cohens_d_test,0.027885646
minesweeper,GeneralSheaf,true,5,6,epoch-1,1,1,cohens_d_test,0.08599296
minesweeper,GeneralSheaf,true,5,6,epoch-1,2,1,cohens_d_test,0.032578822
minesweeper,GeneralSheaf,true,5,6,epoch-1,3,1,cohens_d_test,0.08433804
minesweeper,GeneralSheaf,true,5,6,epoch-1,4,1,cohens_d_test,0.07782159
minesweeper,GeneralSheaf,true,5,6,epoch-1,5,1,cohens_d_test,0.15792757
minesweeper,GeneralSheaf,true,5,6,epoch-1,6,1,cohens_d_test,0.23108415
minesweeper,GeneralSheaf,true,5,6,epoch-1,0,2,degree,0.021619793271546613
minesweeper,GeneralSheaf,true,5,6,epoch-1,1,2,degree,0.116813903420546
minesweeper,GeneralSheaf,true,5,6,epoch-1,2,2,degree,0.13188653145450066
minesweeper,GeneralSheaf,true,5,6,epoch-1,3,2,degree,0.1543039510444835
minesweeper,GeneralSheaf,true,5,6,epoch-1,4,2,degree,0.1499690368045113
minesweeper,GeneralSheaf,true,5,6,epoch-1,5,2,degree,0.1398855370189967
minesweeper,GeneralSheaf,true,5,6,epoch-1,6,2,degree,0.15198576395632235
minesweeper,GeneralSheaf,true,5,6,epoch-1,0,2,betweenness,-0.018108039872672815
minesweeper,GeneralSheaf,true,5,6,epoch-1,1,2,betweenness,0.06865862207518064
minesweeper,GeneralSheaf,true,5,6,epoch-1,2,2,betweenness,0.057037103707991046
minesweeper,GeneralSheaf,true,5,6,epoch-1,3,2,betweenness,0.07281354699541208
minesweeper,GeneralSheaf,true,5,6,epoch-1,4,2,betweenness,0.07066081126505976
minesweeper,GeneralSheaf,true,5,6,epoch-1,5,2,betweenness,0.07379192051812535
minesweeper,GeneralSheaf,true,5,6,epoch-1,6,2,betweenness,0.08551283464246334
minesweeper,GeneralSheaf,true,5,6,epoch-1,0,2,confidence,-0.35743544155727897
minesweeper,GeneralSheaf,true,5,6,epoch-1,1,2,confidence,0.8262155849721398
minesweeper,GeneralSheaf,true,5,6,epoch-1,2,2,confidence,0.6445144566810179
minesweeper,GeneralSheaf,true,5,6,epoch-1,3,2,confidence,0.7951523021112322
minesweeper,GeneralSheaf,true,5,6,epoch-1,4,2,confidence,0.9026047234684506
minesweeper,GeneralSheaf,true,5,6,epoch-1,5,2,confidence,0.9051775857509486
minesweeper,GeneralSheaf,true,5,6,epoch-1,6,2,confidence,0.8743624010228397
minesweeper,GeneralSheaf,true,5,6,epoch-1,0,2,saliency,-0.1325346673035753
minesweeper,GeneralSheaf,true,5,6,epoch-1,1,2,saliency,0.10967102726946402
minesweeper,GeneralSheaf,true,5,6,epoch-1,2,2,saliency,0.04314851142181513
minesweeper,GeneralSheaf,true,5,6,epoch-1,3,2,saliency,0.12855099020782382
minesweeper,GeneralSheaf,true,5,6,epoch-1,4,2,saliency,0.1179384607396304
minesweeper,GeneralSheaf,true,5,6,epoch-1,5,2,saliency,0.1493779268262606
minesweeper,GeneralSheaf,true,5,6,epoch-1,6,2,saliency,0.15909358301084495
minesweeper,GeneralSheaf,true,5,6,epoch-1,0,2,cohens_d_train,0.0025598395
minesweeper,GeneralSheaf,true,5,6,epoch-1,1,2,cohens_d_train,0.19853927
minesweeper,GeneralSheaf,true,5,6,epoch-1,2,2,cohens_d_train,0.18944515
minesweeper,GeneralSheaf,true,5,6,epoch-1,3,2,cohens_d_train,0.15724789
minesweeper,GeneralSheaf,true,5,6,epoch-1,4,2,cohens_d_train,0.09527305
minesweeper,GeneralSheaf,true,5,6,epoch-1,5,2,cohens_d_train,0.059688956
minesweeper,GeneralSheaf,true,5,6,epoch-1,6,2,cohens_d_train,0.075818904
minesweeper,GeneralSheaf,true,5,6,epoch-1,0,2,cohens_d_test,0.060049508
minesweeper,GeneralSheaf,true,5,6,epoch-1,1,2,cohens_d_test,0.22095247
minesweeper,GeneralSheaf,true,5,6,epoch-1,2,2,cohens_d_test,0.1818915
minesweeper,GeneralSheaf,true,5,6,epoch-1,3,2,cohens_d_test,0.16647568
minesweeper,GeneralSheaf,true,5,6,epoch-1,4,2,cohens_d_test,0.14909375
minesweeper,GeneralSheaf,true,5,6,epoch-1,5,2,cohens_d_test,0.12784624
minesweeper,GeneralSheaf,true,5,6,epoch-1,6,2,cohens_d_test,0.118810184
minesweeper,GeneralSheaf,true,5,6,epoch-1,0,3,degree,-0.0037073872936943817
minesweeper,GeneralSheaf,true,5,6,epoch-1,1,3,degree,0.038100062037571214
minesweeper,GeneralSheaf,true,5,6,epoch-1,2,3,degree,0.057398349818705424
minesweeper,GeneralSheaf,true,5,6,epoch-1,3,3,degree,0.08291123989608432
minesweeper,GeneralSheaf,true,5,6,epoch-1,4,3,degree,0.11633403287887421
minesweeper,GeneralSheaf,true,5,6,epoch-1,5,3,degree,0.1308610434089059
minesweeper,GeneralSheaf,true,5,6,epoch-1,6,3,degree,0.15856362097633192
minesweeper,GeneralSheaf,true,5,6,epoch-1,0,3,betweenness,0.01685728205302148
minesweeper,GeneralSheaf,true,5,6,epoch-1,1,3,betweenness,0.047432576710737
minesweeper,GeneralSheaf,true,5,6,epoch-1,2,3,betweenness,0.05232164153929751
minesweeper,GeneralSheaf,true,5,6,epoch-1,3,3,betweenness,0.06550208398075445
minesweeper,GeneralSheaf,true,5,6,epoch-1,4,3,betweenness,0.08241167857182531
minesweeper,GeneralSheaf,true,5,6,epoch-1,5,3,betweenness,0.08335656582481712
minesweeper,GeneralSheaf,true,5,6,epoch-1,6,3,betweenness,0.0939727030279558
minesweeper,GeneralSheaf,true,5,6,epoch-1,0,3,confidence,-0.08152351719180662
minesweeper,GeneralSheaf,true,5,6,epoch-1,1,3,confidence,0.2446311869871354
minesweeper,GeneralSheaf,true,5,6,epoch-1,2,3,confidence,0.32631292300135
minesweeper,GeneralSheaf,true,5,6,epoch-1,3,3,confidence,0.3758161739879852
minesweeper,GeneralSheaf,true,5,6,epoch-1,4,3,confidence,0.4912417068427339
minesweeper,GeneralSheaf,true,5,6,epoch-1,5,3,confidence,0.5136058397833646
minesweeper,GeneralSheaf,true,5,6,epoch-1,6,3,confidence,0.6013449834603547
minesweeper,GeneralSheaf,true,5,6,epoch-1,0,3,saliency,0.17160656462567525
minesweeper,GeneralSheaf,true,5,6,epoch-1,1,3,saliency,0.19945258270509134
minesweeper,GeneralSheaf,true,5,6,epoch-1,2,3,saliency,0.23866231771007898
minesweeper,GeneralSheaf,true,5,6,epoch-1,3,3,saliency,0.25524800304337175
minesweeper,GeneralSheaf,true,5,6,epoch-1,4,3,saliency,0.2344033138995492
minesweeper,GeneralSheaf,true,5,6,epoch-1,5,3,saliency,0.2667658006804613
minesweeper,GeneralSheaf,true,5,6,epoch-1,6,3,saliency,0.2721622368257048
minesweeper,GeneralSheaf,true,5,6,epoch-1,0,3,cohens_d_train,0.05025057
minesweeper,GeneralSheaf,true,5,6,epoch-1,1,3,cohens_d_train,0.10473009
minesweeper,GeneralSheaf,true,5,6,epoch-1,2,3,cohens_d_train,0.10882187
minesweeper,GeneralSheaf,true,5,6,epoch-1,3,3,cohens_d_train,0.11332166
minesweeper,GeneralSheaf,true,5,6,epoch-1,4,3,cohens_d_train,0.14981219
minesweeper,GeneralSheaf,true,5,6,epoch-1,5,3,cohens_d_train,0.08573914
minesweeper,GeneralSheaf,true,5,6,epoch-1,6,3,cohens_d_train,0.11227426
minesweeper,GeneralSheaf,true,5,6,epoch-1,0,3,cohens_d_test,0.03961817
minesweeper,GeneralSheaf,true,5,6,epoch-1,1,3,cohens_d_test,0.022188917
minesweeper,GeneralSheaf,true,5,6,epoch-1,2,3,cohens_d_test,0.00027093722
minesweeper,GeneralSheaf,true,5,6,epoch-1,3,3,cohens_d_test,0.007442208
minesweeper,GeneralSheaf,true,5,6,epoch-1,4,3,cohens_d_test,0.010717573
minesweeper,GeneralSheaf,true,5,6,epoch-1,5,3,cohens_d_test,0.045307513
minesweeper,GeneralSheaf,true,5,6,epoch-1,6,3,cohens_d_test,0.02792391
minesweeper,GeneralSheaf,true,5,6,epoch-1,0,4,degree,0.0098142707151115
minesweeper,GeneralSheaf,true,5,6,epoch-1,1,4,degree,0.030555349403795753
minesweeper,GeneralSheaf,true,5,6,epoch-1,2,4,degree,0.08008966526101492
minesweeper,GeneralSheaf,true,5,6,epoch-1,3,4,degree,0.0724823816344936
minesweeper,GeneralSheaf,true,5,6,epoch-1,4,4,degree,0.09057799716327504
minesweeper,GeneralSheaf,true,5,6,epoch-1,5,4,degree,0.10669191983900958
minesweeper,GeneralSheaf,true,5,6,epoch-1,6,4,degree,0.11344760724198696
minesweeper,GeneralSheaf,true,5,6,epoch-1,0,4,betweenness,0.002259665012780647
minesweeper,GeneralSheaf,true,5,6,epoch-1,1,4,betweenness,0.05194616384044848
minesweeper,GeneralSheaf,true,5,6,epoch-1,2,4,betweenness,0.07423293030900599
minesweeper,GeneralSheaf,true,5,6,epoch-1,3,4,betweenness,0.06233861739293947
minesweeper,GeneralSheaf,true,5,6,epoch-1,4,4,betweenness,0.07046853389901081
minesweeper,GeneralSheaf,true,5,6,epoch-1,5,4,betweenness,0.07376569062919767
minesweeper,GeneralSheaf,true,5,6,epoch-1,6,4,betweenness,0.07504661452516782
minesweeper,GeneralSheaf,true,5,6,epoch-1,0,4,confidence,0.0569796376850764
minesweeper,GeneralSheaf,true,5,6,epoch-1,1,4,confidence,0.364523953453421
minesweeper,GeneralSheaf,true,5,6,epoch-1,2,4,confidence,0.6304539515520409
minesweeper,GeneralSheaf,true,5,6,epoch-1,3,4,confidence,0.533709935448723
minesweeper,GeneralSheaf,true,5,6,epoch-1,4,4,confidence,0.596895303220232
minesweeper,GeneralSheaf,true,5,6,epoch-1,5,4,confidence,0.6818312569471314
minesweeper,GeneralSheaf,true,5,6,epoch-1,6,4,confidence,0.7331894223366882
minesweeper,GeneralSheaf,true,5,6,epoch-1,0,4,saliency,-0.0530706877859992
minesweeper,GeneralSheaf,true,5,6,epoch-1,1,4,saliency,-0.02865877639282315
minesweeper,GeneralSheaf,true,5,6,epoch-1,2,4,saliency,-0.08593175420318447
minesweeper,GeneralSheaf,true,5,6,epoch-1,3,4,saliency,-0.06828650921552826
minesweeper,GeneralSheaf,true,5,6,epoch-1,4,4,saliency,-0.03993605489795959
minesweeper,GeneralSheaf,true,5,6,epoch-1,5,4,saliency,-0.06601579973013848
minesweeper,GeneralSheaf,true,5,6,epoch-1,6,4,saliency,-0.06809753686620111
minesweeper,GeneralSheaf,true,5,6,epoch-1,0,4,cohens_d_train,0.032093942
minesweeper,GeneralSheaf,true,5,6,epoch-1,1,4,cohens_d_train,0.0754311
minesweeper,GeneralSheaf,true,5,6,epoch-1,2,4,cohens_d_train,0.051356535
minesweeper,GeneralSheaf,true,5,6,epoch-1,3,4,cohens_d_train,0.03250327
minesweeper,GeneralSheaf,true,5,6,epoch-1,4,4,cohens_d_train,0.059184562
minesweeper,GeneralSheaf,true,5,6,epoch-1,5,4,cohens_d_train,0.0302701
minesweeper,GeneralSheaf,true,5,6,epoch-1,6,4,cohens_d_train,0.062306464
minesweeper,GeneralSheaf,true,5,6,epoch-1,0,4,cohens_d_test,0.07544461
minesweeper,GeneralSheaf,true,5,6,epoch-1,1,4,cohens_d_test,0.0714067
minesweeper,GeneralSheaf,true,5,6,epoch-1,2,4,cohens_d_test,0.122418985
minesweeper,GeneralSheaf,true,5,6,epoch-1,3,4,cohens_d_test,0.06889125
minesweeper,GeneralSheaf,true,5,6,epoch-1,4,4,cohens_d_test,0.019812273
minesweeper,GeneralSheaf,true,5,6,epoch-1,5,4,cohens_d_test,0.09022633
minesweeper,GeneralSheaf,true,5,6,epoch-1,6,4,cohens_d_test,0.13371678
minesweeper,GeneralSheaf,true,5,6,epoch-1,0,5,degree,0.010958428896411597
minesweeper,GeneralSheaf,true,5,6,epoch-1,1,5,degree,0.06960574555374541
minesweeper,GeneralSheaf,true,5,6,epoch-1,2,5,degree,0.08128046927708452
minesweeper,GeneralSheaf,true,5,6,epoch-1,3,5,degree,0.08777546117649423
minesweeper,GeneralSheaf,true,5,6,epoch-1,4,5,degree,0.10844690266141047
minesweeper,GeneralSheaf,true,5,6,epoch-1,5,5,degree,0.13675651547168577
minesweeper,GeneralSheaf,true,5,6,epoch-1,6,5,degree,0.13352883042667063
minesweeper,GeneralSheaf,true,5,6,epoch-1,0,5,betweenness,0.001525521033304727
minesweeper,GeneralSheaf,true,5,6,epoch-1,1,5,betweenness,0.04250974261658119
minesweeper,GeneralSheaf,true,5,6,epoch-1,2,5,betweenness,0.055880090064818436
minesweeper,GeneralSheaf,true,5,6,epoch-1,3,5,betweenness,0.059660475755826434
minesweeper,GeneralSheaf,true,5,6,epoch-1,4,5,betweenness,0.06469390275746209
minesweeper,GeneralSheaf,true,5,6,epoch-1,5,5,betweenness,0.07901534479418323
minesweeper,GeneralSheaf,true,5,6,epoch-1,6,5,betweenness,0.07596562875684686
minesweeper,GeneralSheaf,true,5,6,epoch-1,0,5,confidence,0.27704790152941916
minesweeper,GeneralSheaf,true,5,6,epoch-1,1,5,confidence,0.5254489017905773
minesweeper,GeneralSheaf,true,5,6,epoch-1,2,5,confidence,0.7102100287889743
minesweeper,GeneralSheaf,true,5,6,epoch-1,3,5,confidence,0.8481916981138978
minesweeper,GeneralSheaf,true,5,6,epoch-1,4,5,confidence,0.8506908823262941
minesweeper,GeneralSheaf,true,5,6,epoch-1,5,5,confidence,0.8897806184268624
minesweeper,GeneralSheaf,true,5,6,epoch-1,6,5,confidence,0.8611798353663022
minesweeper,GeneralSheaf,true,5,6,epoch-1,0,5,saliency,0.14614730027156234
minesweeper,GeneralSheaf,true,5,6,epoch-1,1,5,saliency,0.20377172752250197
minesweeper,GeneralSheaf,true,5,6,epoch-1,2,5,saliency,0.18208642726378063
minesweeper,GeneralSheaf,true,5,6,epoch-1,3,5,saliency,0.13700043427770336
minesweeper,GeneralSheaf,true,5,6,epoch-1,4,5,saliency,0.18484963617871455
minesweeper,GeneralSheaf,true,5,6,epoch-1,5,5,saliency,0.1814162347265163
minesweeper,GeneralSheaf,true,5,6,epoch-1,6,5,saliency,0.18455994473436782
minesweeper,GeneralSheaf,true,5,6,epoch-1,0,5,cohens_d_train,0.00673564
minesweeper,GeneralSheaf,true,5,6,epoch-1,1,5,cohens_d_train,0.031485856
minesweeper,GeneralSheaf,true,5,6,epoch-1,2,5,cohens_d_train,0.06813073
minesweeper,GeneralSheaf,true,5,6,epoch-1,3,5,cohens_d_train,0.03480832
minesweeper,GeneralSheaf,true,5,6,epoch-1,4,5,cohens_d_train,0.03772137
minesweeper,GeneralSheaf,true,5,6,epoch-1,5,5,cohens_d_train,0.004243621
minesweeper,GeneralSheaf,true,5,6,epoch-1,6,5,cohens_d_train,0.0424294
minesweeper,GeneralSheaf,true,5,6,epoch-1,0,5,cohens_d_test,0.07982808
minesweeper,GeneralSheaf,true,5,6,epoch-1,1,5,cohens_d_test,0.015263492
minesweeper,GeneralSheaf,true,5,6,epoch-1,2,5,cohens_d_test,0.033935875
minesweeper,GeneralSheaf,true,5,6,epoch-1,3,5,cohens_d_test,0.048584167
minesweeper,GeneralSheaf,true,5,6,epoch-1,4,5,cohens_d_test,0.019226413
minesweeper,GeneralSheaf,true,5,6,epoch-1,5,5,cohens_d_test,0.013920096
minesweeper,GeneralSheaf,true,5,6,epoch-1,6,5,cohens_d_test,0.030861434
minesweeper,GeneralSheaf,true,5,6,epoch-1,0,6,degree,0.02086717271927213
minesweeper,GeneralSheaf,true,5,6,epoch-1,1,6,degree,0.09759755352510077
minesweeper,GeneralSheaf,true,5,6,epoch-1,2,6,degree,0.11850325263329649
minesweeper,GeneralSheaf,true,5,6,epoch-1,3,6,degree,0.12156090171312492
minesweeper,GeneralSheaf,true,5,6,epoch-1,4,6,degree,0.12214442109821004
minesweeper,GeneralSheaf,true,5,6,epoch-1,5,6,degree,0.12539706462580577
minesweeper,GeneralSheaf,true,5,6,epoch-1,6,6,degree,0.1342392522412875
minesweeper,GeneralSheaf,true,5,6,epoch-1,0,6,betweenness,-0.005066867176010051
minesweeper,GeneralSheaf,true,5,6,epoch-1,1,6,betweenness,0.0365083305150262
minesweeper,GeneralSheaf,true,5,6,epoch-1,2,6,betweenness,0.056253371109259
minesweeper,GeneralSheaf,true,5,6,epoch-1,3,6,betweenness,0.06676780557008473
minesweeper,GeneralSheaf,true,5,6,epoch-1,4,6,betweenness,0.07216721032735264
minesweeper,GeneralSheaf,true,5,6,epoch-1,5,6,betweenness,0.07129388024743033
minesweeper,GeneralSheaf,true,5,6,epoch-1,6,6,betweenness,0.07494291365012709
minesweeper,GeneralSheaf,true,5,6,epoch-1,0,6,confidence,-0.23448570065246552
minesweeper,GeneralSheaf,true,5,6,epoch-1,1,6,confidence,0.2653625820822654
minesweeper,GeneralSheaf,true,5,6,epoch-1,2,6,confidence,0.47636272000678714
minesweeper,GeneralSheaf,true,5,6,epoch-1,3,6,confidence,0.6315911368870704
minesweeper,GeneralSheaf,true,5,6,epoch-1,4,6,confidence,0.6092927043911404
minesweeper,GeneralSheaf,true,5,6,epoch-1,5,6,confidence,0.6431527572916935
minesweeper,GeneralSheaf,true,5,6,epoch-1,6,6,confidence,0.7877022930511958
minesweeper,GeneralSheaf,true,5,6,epoch-1,0,6,saliency,-0.02655510579073729
minesweeper,GeneralSheaf,true,5,6,epoch-1,1,6,saliency,0.0971999507544559
minesweeper,GeneralSheaf,true,5,6,epoch-1,2,6,saliency,0.1692068759987288
minesweeper,GeneralSheaf,true,5,6,epoch-1,3,6,saliency,0.24591224262418848
minesweeper,GeneralSheaf,true,5,6,epoch-1,4,6,saliency,0.29035264832023705
minesweeper,GeneralSheaf,true,5,6,epoch-1,5,6,saliency,0.28428646340280467
minesweeper,GeneralSheaf,true,5,6,epoch-1,6,6,saliency,0.23585627120210054
minesweeper,GeneralSheaf,true,5,6,epoch-1,0,6,cohens_d_train,0.014354068
minesweeper,GeneralSheaf,true,5,6,epoch-1,1,6,cohens_d_train,0.07293436
minesweeper,GeneralSheaf,true,5,6,epoch-1,2,6,cohens_d_train,0.0062584262
minesweeper,GeneralSheaf,true,5,6,epoch-1,3,6,cohens_d_train,0.041657694
minesweeper,GeneralSheaf,true,5,6,epoch-1,4,6,cohens_d_train,0.059253704
minesweeper,GeneralSheaf,true,5,6,epoch-1,5,6,cohens_d_train,0.104959175
minesweeper,GeneralSheaf,true,5,6,epoch-1,6,6,cohens_d_train,0.123103715
minesweeper,GeneralSheaf,true,5,6,epoch-1,0,6,cohens_d_test,0.022597454
minesweeper,GeneralSheaf,true,5,6,epoch-1,1,6,cohens_d_test,0.047778893
minesweeper,GeneralSheaf,true,5,6,epoch-1,2,6,cohens_d_test,0.016962163
minesweeper,GeneralSheaf,true,5,6,epoch-1,3,6,cohens_d_test,0.016769785
minesweeper,GeneralSheaf,true,5,6,epoch-1,4,6,cohens_d_test,0.04359453
minesweeper,GeneralSheaf,true,5,6,epoch-1,5,6,cohens_d_test,0.097782984
minesweeper,GeneralSheaf,true,5,6,epoch-1,6,6,cohens_d_test,0.1146308
minesweeper,GeneralSheaf,true,5,6,epoch-1,0,7,degree,0.03328271916778392
minesweeper,GeneralSheaf,true,5,6,epoch-1,1,7,degree,0.07081416946488624
minesweeper,GeneralSheaf,true,5,6,epoch-1,2,7,degree,0.08577398533923448
minesweeper,GeneralSheaf,true,5,6,epoch-1,3,7,degree,0.08210088620676738
minesweeper,GeneralSheaf,true,5,6,epoch-1,4,7,degree,0.09989482843721083
minesweeper,GeneralSheaf,true,5,6,epoch-1,5,7,degree,0.1231264310444101
minesweeper,GeneralSheaf,true,5,6,epoch-1,6,7,degree,0.12445268349458526
minesweeper,GeneralSheaf,true,5,6,epoch-1,0,7,betweenness,0.007371177922435553
minesweeper,GeneralSheaf,true,5,6,epoch-1,1,7,betweenness,0.038589733233190794
minesweeper,GeneralSheaf,true,5,6,epoch-1,2,7,betweenness,0.05342033264820986
minesweeper,GeneralSheaf,true,5,6,epoch-1,3,7,betweenness,0.056299191017032076
minesweeper,GeneralSheaf,true,5,6,epoch-1,4,7,betweenness,0.05853170612995099
minesweeper,GeneralSheaf,true,5,6,epoch-1,5,7,betweenness,0.06730673391490381
minesweeper,GeneralSheaf,true,5,6,epoch-1,6,7,betweenness,0.07053468750652095
minesweeper,GeneralSheaf,true,5,6,epoch-1,0,7,confidence,0.21246191713013998
minesweeper,GeneralSheaf,true,5,6,epoch-1,1,7,confidence,0.4894705901064315
minesweeper,GeneralSheaf,true,5,6,epoch-1,2,7,confidence,0.7143209792080706
minesweeper,GeneralSheaf,true,5,6,epoch-1,3,7,confidence,0.6469352102217539
minesweeper,GeneralSheaf,true,5,6,epoch-1,4,7,confidence,0.7030664486832853
minesweeper,GeneralSheaf,true,5,6,epoch-1,5,7,confidence,0.7206621795761574
minesweeper,GeneralSheaf,true,5,6,epoch-1,6,7,confidence,0.6896175333668279
minesweeper,GeneralSheaf,true,5,6,epoch-1,0,7,saliency,0.027419193912687975
minesweeper,GeneralSheaf,true,5,6,epoch-1,1,7,saliency,0.005467174669541028
minesweeper,GeneralSheaf,true,5,6,epoch-1,2,7,saliency,0.06498021950272631
minesweeper,GeneralSheaf,true,5,6,epoch-1,3,7,saliency,0.01127094255497993
minesweeper,GeneralSheaf,true,5,6,epoch-1,4,7,saliency,0.026259656512990462
minesweeper,GeneralSheaf,true,5,6,epoch-1,5,7,saliency,-0.002726037147333974
minesweeper,GeneralSheaf,true,5,6,epoch-1,6,7,saliency,-0.008983742777972183
minesweeper,GeneralSheaf,true,5,6,epoch-1,0,7,cohens_d_train,0.012421665
minesweeper,GeneralSheaf,true,5,6,epoch-1,1,7,cohens_d_train,0.004691554
minesweeper,GeneralSheaf,true,5,6,epoch-1,2,7,cohens_d_train,0.035883725
minesweeper,GeneralSheaf,true,5,6,epoch-1,3,7,cohens_d_train,0.040500432
minesweeper,GeneralSheaf,true,5,6,epoch-1,4,7,cohens_d_train,0.04909303
minesweeper,GeneralSheaf,true,5,6,epoch-1,5,7,cohens_d_train,0.021427045
minesweeper,GeneralSheaf,true,5,6,epoch-1,6,7,cohens_d_train,0.02803184
minesweeper,GeneralSheaf,true,5,6,epoch-1,0,7,cohens_d_test,0.009744416
minesweeper,GeneralSheaf,true,5,6,epoch-1,1,7,cohens_d_test,0.067689456
minesweeper,GeneralSheaf,true,5,6,epoch-1,2,7,cohens_d_test,0.04698453
minesweeper,GeneralSheaf,true,5,6,epoch-1,3,7,cohens_d_test,0.028656455
minesweeper,GeneralSheaf,true,5,6,epoch-1,4,7,cohens_d_test,0.027939998
minesweeper,GeneralSheaf,true,5,6,epoch-1,5,7,cohens_d_test,0.04916369
minesweeper,GeneralSheaf,true,5,6,epoch-1,6,7,cohens_d_test,0.08960871
minesweeper,GeneralSheaf,true,5,6,epoch-1,0,8,degree,0.05189432855812848
minesweeper,GeneralSheaf,true,5,6,epoch-1,1,8,degree,0.09436332431310449
minesweeper,GeneralSheaf,true,5,6,epoch-1,2,8,degree,0.07587245529401263
minesweeper,GeneralSheaf,true,5,6,epoch-1,3,8,degree,0.08611806723062833
minesweeper,GeneralSheaf,true,5,6,epoch-1,4,8,degree,0.08380499883708556
minesweeper,GeneralSheaf,true,5,6,epoch-1,5,8,degree,0.08413603492581621
minesweeper,GeneralSheaf,true,5,6,epoch-1,6,8,degree,0.09194485087221999
minesweeper,GeneralSheaf,true,5,6,epoch-1,0,8,betweenness,0.007132655807828199
minesweeper,GeneralSheaf,true,5,6,epoch-1,1,8,betweenness,0.05040430988197464
minesweeper,GeneralSheaf,true,5,6,epoch-1,2,8,betweenness,0.054830084999755155
minesweeper,GeneralSheaf,true,5,6,epoch-1,3,8,betweenness,0.05935283883802121
minesweeper,GeneralSheaf,true,5,6,epoch-1,4,8,betweenness,0.06597117380628462
minesweeper,GeneralSheaf,true,5,6,epoch-1,5,8,betweenness,0.06827244007379667
minesweeper,GeneralSheaf,true,5,6,epoch-1,6,8,betweenness,0.07138361664840598
minesweeper,GeneralSheaf,true,5,6,epoch-1,0,8,confidence,0.4124250817611582
minesweeper,GeneralSheaf,true,5,6,epoch-1,1,8,confidence,0.7605774382579168
minesweeper,GeneralSheaf,true,5,6,epoch-1,2,8,confidence,0.8883344503729597
minesweeper,GeneralSheaf,true,5,6,epoch-1,3,8,confidence,0.9024697851296756
minesweeper,GeneralSheaf,true,5,6,epoch-1,4,8,confidence,0.9186799757561886
minesweeper,GeneralSheaf,true,5,6,epoch-1,5,8,confidence,0.9203903103929323
minesweeper,GeneralSheaf,true,5,6,epoch-1,6,8,confidence,0.9239895480788789
minesweeper,GeneralSheaf,true,5,6,epoch-1,0,8,saliency,-0.07221809735474612
minesweeper,GeneralSheaf,true,5,6,epoch-1,1,8,saliency,-0.024739604414731983
minesweeper,GeneralSheaf,true,5,6,epoch-1,2,8,saliency,0.0160179801168045
minesweeper,GeneralSheaf,true,5,6,epoch-1,3,8,saliency,0.03747212348739573
minesweeper,GeneralSheaf,true,5,6,epoch-1,4,8,saliency,0.016150982303752087
minesweeper,GeneralSheaf,true,5,6,epoch-1,5,8,saliency,-0.011440628538646537
minesweeper,GeneralSheaf,true,5,6,epoch-1,6,8,saliency,0.01557256188591249
minesweeper,GeneralSheaf,true,5,6,epoch-1,0,8,cohens_d_train,0.008526509
minesweeper,GeneralSheaf,true,5,6,epoch-1,1,8,cohens_d_train,0.09047983
minesweeper,GeneralSheaf,true,5,6,epoch-1,2,8,cohens_d_train,0.14378174
minesweeper,GeneralSheaf,true,5,6,epoch-1,3,8,cohens_d_train,0.087884635
minesweeper,GeneralSheaf,true,5,6,epoch-1,4,8,cohens_d_train,0.21735334
minesweeper,GeneralSheaf,true,5,6,epoch-1,5,8,cohens_d_train,0.2878774
minesweeper,GeneralSheaf,true,5,6,epoch-1,6,8,cohens_d_train,0.21740419
minesweeper,GeneralSheaf,true,5,6,epoch-1,0,8,cohens_d_test,0.09745925
minesweeper,GeneralSheaf,true,5,6,epoch-1,1,8,cohens_d_test,0.004075024
minesweeper,GeneralSheaf,true,5,6,epoch-1,2,8,cohens_d_test,0.05166902
minesweeper,GeneralSheaf,true,5,6,epoch-1,3,8,cohens_d_test,0.015178953
minesweeper,GeneralSheaf,true,5,6,epoch-1,4,8,cohens_d_test,0.15897502
minesweeper,GeneralSheaf,true,5,6,epoch-1,5,8,cohens_d_test,0.22468199
minesweeper,GeneralSheaf,true,5,6,epoch-1,6,8,cohens_d_test,0.14035082
minesweeper,GeneralSheaf,true,5,6,epoch-1,0,9,degree,0.01180933546489085
minesweeper,GeneralSheaf,true,5,6,epoch-1,1,9,degree,0.039488385423472654
minesweeper,GeneralSheaf,true,5,6,epoch-1,2,9,degree,0.09439383142267685
minesweeper,GeneralSheaf,true,5,6,epoch-1,3,9,degree,0.09934996623461889
minesweeper,GeneralSheaf,true,5,6,epoch-1,4,9,degree,0.11599387494686195
minesweeper,GeneralSheaf,true,5,6,epoch-1,5,9,degree,0.12359392698374762
minesweeper,GeneralSheaf,true,5,6,epoch-1,6,9,degree,0.12097831764920623
minesweeper,GeneralSheaf,true,5,6,epoch-1,0,9,betweenness,0.0035262967287783085
minesweeper,GeneralSheaf,true,5,6,epoch-1,1,9,betweenness,0.048107702876437515
minesweeper,GeneralSheaf,true,5,6,epoch-1,2,9,betweenness,0.05548113102147173
minesweeper,GeneralSheaf,true,5,6,epoch-1,3,9,betweenness,0.05888875196965752
minesweeper,GeneralSheaf,true,5,6,epoch-1,4,9,betweenness,0.07157980650480443
minesweeper,GeneralSheaf,true,5,6,epoch-1,5,9,betweenness,0.07188747161567834
minesweeper,GeneralSheaf,true,5,6,epoch-1,6,9,betweenness,0.07130195968615334
minesweeper,GeneralSheaf,true,5,6,epoch-1,0,9,confidence,-0.528619386176754
minesweeper,GeneralSheaf,true,5,6,epoch-1,1,9,confidence,-0.25080976836174834
minesweeper,GeneralSheaf,true,5,6,epoch-1,2,9,confidence,0.0427443116944442
minesweeper,GeneralSheaf,true,5,6,epoch-1,3,9,confidence,0.028788484737166734
minesweeper,GeneralSheaf,true,5,6,epoch-1,4,9,confidence,0.13708435892512494
minesweeper,GeneralSheaf,true,5,6,epoch-1,5,9,confidence,0.23647390942776522
minesweeper,GeneralSheaf,true,5,6,epoch-1,6,9,confidence,0.31812573049666054
minesweeper,GeneralSheaf,true,5,6,epoch-1,0,9,saliency,-0.0403781329430078
minesweeper,GeneralSheaf,true,5,6,epoch-1,1,9,saliency,0.22739014306928124
minesweeper,GeneralSheaf,true,5,6,epoch-1,2,9,saliency,0.1895304817623824
minesweeper,GeneralSheaf,true,5,6,epoch-1,3,9,saliency,0.2481897586042781
minesweeper,GeneralSheaf,true,5,6,epoch-1,4,9,saliency,0.2542714221955795
minesweeper,GeneralSheaf,true,5,6,epoch-1,5,9,saliency,0.2261997910914267
minesweeper,GeneralSheaf,true,5,6,epoch-1,6,9,saliency,0.25798267878253184
minesweeper,GeneralSheaf,true,5,6,epoch-1,0,9,cohens_d_train,0.026126346
minesweeper,GeneralSheaf,true,5,6,epoch-1,1,9,cohens_d_train,0.02151401
minesweeper,GeneralSheaf,true,5,6,epoch-1,2,9,cohens_d_train,0.022255003
minesweeper,GeneralSheaf,true,5,6,epoch-1,3,9,cohens_d_train,0.019350128
minesweeper,GeneralSheaf,true,5,6,epoch-1,4,9,cohens_d_train,0.0760835
minesweeper,GeneralSheaf,true,5,6,epoch-1,5,9,cohens_d_train,0.0406131
minesweeper,GeneralSheaf,true,5,6,epoch-1,6,9,cohens_d_train,0.06639179
minesweeper,GeneralSheaf,true,5,6,epoch-1,0,9,cohens_d_test,0.074373536
minesweeper,GeneralSheaf,true,5,6,epoch-1,1,9,cohens_d_test,0.034028426
minesweeper,GeneralSheaf,true,5,6,epoch-1,2,9,cohens_d_test,0.029097231
minesweeper,GeneralSheaf,true,5,6,epoch-1,3,9,cohens_d_test,0.08171033
minesweeper,GeneralSheaf,true,5,6,epoch-1,4,9,cohens_d_test,0.12490645
minesweeper,GeneralSheaf,true,5,6,epoch-1,5,9,cohens_d_test,0.0050270045
minesweeper,GeneralSheaf,true,5,6,epoch-1,6,9,cohens_d_test,0.041240115
minesweeper,GeneralSheaf,true,5,6,epoch-5,0,0,degree,-0.06007372580956048
minesweeper,GeneralSheaf,true,5,6,epoch-5,1,0,degree,0.028383137816106997
minesweeper,GeneralSheaf,true,5,6,epoch-5,2,0,degree,0.03193520990934597
minesweeper,GeneralSheaf,true,5,6,epoch-5,3,0,degree,0.03844120271634158
minesweeper,GeneralSheaf,true,5,6,epoch-5,4,0,degree,0.05549961299140553
minesweeper,GeneralSheaf,true,5,6,epoch-5,5,0,degree,0.060428175512191935
minesweeper,GeneralSheaf,true,5,6,epoch-5,6,0,degree,0.06409613879011183
minesweeper,GeneralSheaf,true,5,6,epoch-5,0,0,betweenness,0.0034941571507368734
minesweeper,GeneralSheaf,true,5,6,epoch-5,1,0,betweenness,0.02765791771506839
minesweeper,GeneralSheaf,true,5,6,epoch-5,2,0,betweenness,0.031845854815605
minesweeper,GeneralSheaf,true,5,6,epoch-5,3,0,betweenness,0.033210132405396525
minesweeper,GeneralSheaf,true,5,6,epoch-5,4,0,betweenness,0.037859651216868094
minesweeper,GeneralSheaf,true,5,6,epoch-5,5,0,betweenness,0.039591035473573184
minesweeper,GeneralSheaf,true,5,6,epoch-5,6,0,betweenness,0.0457810155458703
minesweeper,GeneralSheaf,true,5,6,epoch-5,0,0,confidence,-0.4491428340377487
minesweeper,GeneralSheaf,true,5,6,epoch-5,1,0,confidence,0.5515210511720112
minesweeper,GeneralSheaf,true,5,6,epoch-5,2,0,confidence,0.51561422211036
minesweeper,GeneralSheaf,true,5,6,epoch-5,3,0,confidence,0.5302616527225678
minesweeper,GeneralSheaf,true,5,6,epoch-5,4,0,confidence,0.5641063747306027
minesweeper,GeneralSheaf,true,5,6,epoch-5,5,0,confidence,0.5822942181578549
minesweeper,GeneralSheaf,true,5,6,epoch-5,6,0,confidence,0.5815326058059194
minesweeper,GeneralSheaf,true,5,6,epoch-5,0,0,saliency,0.406483684570106
minesweeper,GeneralSheaf,true,5,6,epoch-5,1,0,saliency,0.4474679196162121
minesweeper,GeneralSheaf,true,5,6,epoch-5,2,0,saliency,0.42670125177613294
minesweeper,GeneralSheaf,true,5,6,epoch-5,3,0,saliency,0.39743323340629383
minesweeper,GeneralSheaf,true,5,6,epoch-5,4,0,saliency,0.3542702667994564
minesweeper,GeneralSheaf,true,5,6,epoch-5,5,0,saliency,0.35961872299466036
minesweeper,GeneralSheaf,true,5,6,epoch-5,6,0,saliency,0.34633224629059545
minesweeper,GeneralSheaf,true,5,6,epoch-5,0,0,cohens_d_train,0.02355808
minesweeper,GeneralSheaf,true,5,6,epoch-5,1,0,cohens_d_train,0.15212765
minesweeper,GeneralSheaf,true,5,6,epoch-5,2,0,cohens_d_train,0.09572623
minesweeper,GeneralSheaf,true,5,6,epoch-5,3,0,cohens_d_train,0.102875434
minesweeper,GeneralSheaf,true,5,6,epoch-5,4,0,cohens_d_train,0.11701302
minesweeper,GeneralSheaf,true,5,6,epoch-5,5,0,cohens_d_train,0.13899022
minesweeper,GeneralSheaf,true,5,6,epoch-5,6,0,cohens_d_train,0.15627012
minesweeper,GeneralSheaf,true,5,6,epoch-5,0,0,cohens_d_test,0.12186544
minesweeper,GeneralSheaf,true,5,6,epoch-5,1,0,cohens_d_test,0.101185195
minesweeper,GeneralSheaf,true,5,6,epoch-5,2,0,cohens_d_test,0.00026481316
minesweeper,GeneralSheaf,true,5,6,epoch-5,3,0,cohens_d_test,0.0065774275
minesweeper,GeneralSheaf,true,5,6,epoch-5,4,0,cohens_d_test,0.0010253655
minesweeper,GeneralSheaf,true,5,6,epoch-5,5,0,cohens_d_test,0.021349765
minesweeper,GeneralSheaf,true,5,6,epoch-5,6,0,cohens_d_test,0.026864352
minesweeper,GeneralSheaf,true,5,6,epoch-5,0,1,degree,-0.0015163046207575072
minesweeper,GeneralSheaf,true,5,6,epoch-5,1,1,degree,0.037014360279532615
minesweeper,GeneralSheaf,true,5,6,epoch-5,2,1,degree,0.033880277161658263
minesweeper,GeneralSheaf,true,5,6,epoch-5,3,1,degree,0.022081188183747453
minesweeper,GeneralSheaf,true,5,6,epoch-5,4,1,degree,0.02132180295049208
minesweeper,GeneralSheaf,true,5,6,epoch-5,5,1,degree,0.030153060003132535
minesweeper,GeneralSheaf,true,5,6,epoch-5,6,1,degree,0.052676087031505094
minesweeper,GeneralSheaf,true,5,6,epoch-5,0,1,betweenness,-0.014686970123356109
minesweeper,GeneralSheaf,true,5,6,epoch-5,1,1,betweenness,0.04707024216863328
minesweeper,GeneralSheaf,true,5,6,epoch-5,2,1,betweenness,0.041433404144322845
minesweeper,GeneralSheaf,true,5,6,epoch-5,3,1,betweenness,0.044862472141181886
minesweeper,GeneralSheaf,true,5,6,epoch-5,4,1,betweenness,0.04844672233864733
minesweeper,GeneralSheaf,true,5,6,epoch-5,5,1,betweenness,0.04814287620402849
minesweeper,GeneralSheaf,true,5,6,epoch-5,6,1,betweenness,0.05459958971645288
minesweeper,GeneralSheaf,true,5,6,epoch-5,0,1,confidence,-0.11481030258904151
minesweeper,GeneralSheaf,true,5,6,epoch-5,1,1,confidence,0.43232482141020606
minesweeper,GeneralSheaf,true,5,6,epoch-5,2,1,confidence,0.38338951152004863
minesweeper,GeneralSheaf,true,5,6,epoch-5,3,1,confidence,0.2738469610841866
minesweeper,GeneralSheaf,true,5,6,epoch-5,4,1,confidence,0.34217126640424295
minesweeper,GeneralSheaf,true,5,6,epoch-5,5,1,confidence,0.3540655667710862
minesweeper,GeneralSheaf,true,5,6,epoch-5,6,1,confidence,0.37435020858396306
minesweeper,GeneralSheaf,true,5,6,epoch-5,0,1,saliency,-0.058446054416039554
minesweeper,GeneralSheaf,true,5,6,epoch-5,1,1,saliency,0.09328437055807887
minesweeper,GeneralSheaf,true,5,6,epoch-5,2,1,saliency,0.11402420305463654
minesweeper,GeneralSheaf,true,5,6,epoch-5,3,1,saliency,0.2003770175397815
minesweeper,GeneralSheaf,true,5,6,epoch-5,4,1,saliency,0.22338192810584015
minesweeper,GeneralSheaf,true,5,6,epoch-5,5,1,saliency,0.20185022514195222
minesweeper,GeneralSheaf,true,5,6,epoch-5,6,1,saliency,0.19584217967994696
minesweeper,GeneralSheaf,true,5,6,epoch-5,0,1,cohens_d_train,0.016323712
minesweeper,GeneralSheaf,true,5,6,epoch-5,1,1,cohens_d_train,0.1734114
minesweeper,GeneralSheaf,true,5,6,epoch-5,2,1,cohens_d_train,0.068617694
minesweeper,GeneralSheaf,true,5,6,epoch-5,3,1,cohens_d_train,0.08802682
minesweeper,GeneralSheaf,true,5,6,epoch-5,4,1,cohens_d_train,0.19518374
minesweeper,GeneralSheaf,true,5,6,epoch-5,5,1,cohens_d_train,0.1438014
minesweeper,GeneralSheaf,true,5,6,epoch-5,6,1,cohens_d_train,0.14446138
minesweeper,GeneralSheaf,true,5,6,epoch-5,0,1,cohens_d_test,0.05562936
minesweeper,GeneralSheaf,true,5,6,epoch-5,1,1,cohens_d_test,0.1848554
minesweeper,GeneralSheaf,true,5,6,epoch-5,2,1,cohens_d_test,0.08571151
minesweeper,GeneralSheaf,true,5,6,epoch-5,3,1,cohens_d_test,0.06946637
minesweeper,GeneralSheaf,true,5,6,epoch-5,4,1,cohens_d_test,0.18716341
minesweeper,GeneralSheaf,true,5,6,epoch-5,5,1,cohens_d_test,0.13841937
minesweeper,GeneralSheaf,true,5,6,epoch-5,6,1,cohens_d_test,0.11578568
minesweeper,GeneralSheaf,true,5,6,epoch-5,0,2,degree,0.0045465290621804445
minesweeper,GeneralSheaf,true,5,6,epoch-5,1,2,degree,0.08257759022591993
minesweeper,GeneralSheaf,true,5,6,epoch-5,2,2,degree,0.07389419092431433
minesweeper,GeneralSheaf,true,5,6,epoch-5,3,2,degree,0.09524047957919818
minesweeper,GeneralSheaf,true,5,6,epoch-5,4,2,degree,0.0839676843783992
minesweeper,GeneralSheaf,true,5,6,epoch-5,5,2,degree,0.07739072633745978
minesweeper,GeneralSheaf,true,5,6,epoch-5,6,2,degree,0.07779008646056335
minesweeper,GeneralSheaf,true,5,6,epoch-5,0,2,betweenness,-0.0175582012911857
minesweeper,GeneralSheaf,true,5,6,epoch-5,1,2,betweenness,0.06547445997269066
minesweeper,GeneralSheaf,true,5,6,epoch-5,2,2,betweenness,0.05353360138815405
minesweeper,GeneralSheaf,true,5,6,epoch-5,3,2,betweenness,0.05485644452434955
minesweeper,GeneralSheaf,true,5,6,epoch-5,4,2,betweenness,0.055699736678339364
minesweeper,GeneralSheaf,true,5,6,epoch-5,5,2,betweenness,0.05793619415396907
minesweeper,GeneralSheaf,true,5,6,epoch-5,6,2,betweenness,0.05503426275114937
minesweeper,GeneralSheaf,true,5,6,epoch-5,0,2,confidence,0.05975050399750182
minesweeper,GeneralSheaf,true,5,6,epoch-5,1,2,confidence,0.5625685926608917
minesweeper,GeneralSheaf,true,5,6,epoch-5,2,2,confidence,0.41277661777120606
minesweeper,GeneralSheaf,true,5,6,epoch-5,3,2,confidence,0.3180396781415157
minesweeper,GeneralSheaf,true,5,6,epoch-5,4,2,confidence,0.3228112415529129
minesweeper,GeneralSheaf,true,5,6,epoch-5,5,2,confidence,0.29852119377876546
minesweeper,GeneralSheaf,true,5,6,epoch-5,6,2,confidence,0.3339849860279182
minesweeper,GeneralSheaf,true,5,6,epoch-5,0,2,saliency,-0.18354268091780665
minesweeper,GeneralSheaf,true,5,6,epoch-5,1,2,saliency,0.15472918342146402
minesweeper,GeneralSheaf,true,5,6,epoch-5,2,2,saliency,0.11587867299312998
minesweeper,GeneralSheaf,true,5,6,epoch-5,3,2,saliency,0.1374649003576597
minesweeper,GeneralSheaf,true,5,6,epoch-5,4,2,saliency,0.19934508240982332
minesweeper,GeneralSheaf,true,5,6,epoch-5,5,2,saliency,0.2419641375381744
minesweeper,GeneralSheaf,true,5,6,epoch-5,6,2,saliency,0.23235380324720567
minesweeper,GeneralSheaf,true,5,6,epoch-5,0,2,cohens_d_train,0.030527215
minesweeper,GeneralSheaf,true,5,6,epoch-5,1,2,cohens_d_train,0.2813179
minesweeper,GeneralSheaf,true,5,6,epoch-5,2,2,cohens_d_train,0.16894124
minesweeper,GeneralSheaf,true,5,6,epoch-5,3,2,cohens_d_train,0.023647184
minesweeper,GeneralSheaf,true,5,6,epoch-5,4,2,cohens_d_train,0.002175786
minesweeper,GeneralSheaf,true,5,6,epoch-5,5,2,cohens_d_train,0.047709297
minesweeper,GeneralSheaf,true,5,6,epoch-5,6,2,cohens_d_train,0.052261356
minesweeper,GeneralSheaf,true,5,6,epoch-5,0,2,cohens_d_test,0.013100444
minesweeper,GeneralSheaf,true,5,6,epoch-5,1,2,cohens_d_test,0.25819904
minesweeper,GeneralSheaf,true,5,6,epoch-5,2,2,cohens_d_test,0.18014836
minesweeper,GeneralSheaf,true,5,6,epoch-5,3,2,cohens_d_test,0.085379235
minesweeper,GeneralSheaf,true,5,6,epoch-5,4,2,cohens_d_test,0.0367731
minesweeper,GeneralSheaf,true,5,6,epoch-5,5,2,cohens_d_test,0.043498233
minesweeper,GeneralSheaf,true,5,6,epoch-5,6,2,cohens_d_test,0.061271764
minesweeper,GeneralSheaf,true,5,6,epoch-5,0,3,degree,-0.025211294421990337
minesweeper,GeneralSheaf,true,5,6,epoch-5,1,3,degree,-0.0012050487106957423
minesweeper,GeneralSheaf,true,5,6,epoch-5,2,3,degree,0.014281693912229778
minesweeper,GeneralSheaf,true,5,6,epoch-5,3,3,degree,0.021855393755721365
minesweeper,GeneralSheaf,true,5,6,epoch-5,4,3,degree,0.026400034514599956
minesweeper,GeneralSheaf,true,5,6,epoch-5,5,3,degree,0.033282269019561
minesweeper,GeneralSheaf,true,5,6,epoch-5,6,3,degree,0.046904179395214435
minesweeper,GeneralSheaf,true,5,6,epoch-5,0,3,betweenness,0.017149640672821476
minesweeper,GeneralSheaf,true,5,6,epoch-5,1,3,betweenness,0.027729458762875168
minesweeper,GeneralSheaf,true,5,6,epoch-5,2,3,betweenness,0.034121698483059563
minesweeper,GeneralSheaf,true,5,6,epoch-5,3,3,betweenness,0.04226704667819209
minesweeper,GeneralSheaf,true,5,6,epoch-5,4,3,betweenness,0.049793151794172215
minesweeper,GeneralSheaf,true,5,6,epoch-5,5,3,betweenness,0.049579621567217215
minesweeper,GeneralSheaf,true,5,6,epoch-5,6,3,betweenness,0.0601226016041119
minesweeper,GeneralSheaf,true,5,6,epoch-5,0,3,confidence,0.01868477857235202
minesweeper,GeneralSheaf,true,5,6,epoch-5,1,3,confidence,0.17461542057020268
minesweeper,GeneralSheaf,true,5,6,epoch-5,2,3,confidence,0.3330563029845448
minesweeper,GeneralSheaf,true,5,6,epoch-5,3,3,confidence,0.30133242018378814
minesweeper,GeneralSheaf,true,5,6,epoch-5,4,3,confidence,0.326672564079346
minesweeper,GeneralSheaf,true,5,6,epoch-5,5,3,confidence,0.34495163411145746
minesweeper,GeneralSheaf,true,5,6,epoch-5,6,3,confidence,0.3653200454731197
minesweeper,GeneralSheaf,true,5,6,epoch-5,0,3,saliency,0.22228940585253712
minesweeper,GeneralSheaf,true,5,6,epoch-5,1,3,saliency,0.19270950377545443
minesweeper,GeneralSheaf,true,5,6,epoch-5,2,3,saliency,0.10051920316820762
minesweeper,GeneralSheaf,true,5,6,epoch-5,3,3,saliency,0.21360998634866318
minesweeper,GeneralSheaf,true,5,6,epoch-5,4,3,saliency,0.24148616105593282
minesweeper,GeneralSheaf,true,5,6,epoch-5,5,3,saliency,0.24099370857278182
minesweeper,GeneralSheaf,true,5,6,epoch-5,6,3,saliency,0.22860020882348847
minesweeper,GeneralSheaf,true,5,6,epoch-5,0,3,cohens_d_train,0.041322004
minesweeper,GeneralSheaf,true,5,6,epoch-5,1,3,cohens_d_train,0.074052095
minesweeper,GeneralSheaf,true,5,6,epoch-5,2,3,cohens_d_train,0.24185553
minesweeper,GeneralSheaf,true,5,6,epoch-5,3,3,cohens_d_train,0.2534456
minesweeper,GeneralSheaf,true,5,6,epoch-5,4,3,cohens_d_train,0.2710202
minesweeper,GeneralSheaf,true,5,6,epoch-5,5,3,cohens_d_train,0.2510284
minesweeper,GeneralSheaf,true,5,6,epoch-5,6,3,cohens_d_train,0.3263799
minesweeper,GeneralSheaf,true,5,6,epoch-5,0,3,cohens_d_test,0.044787552
minesweeper,GeneralSheaf,true,5,6,epoch-5,1,3,cohens_d_test,0.03519261
minesweeper,GeneralSheaf,true,5,6,epoch-5,2,3,cohens_d_test,0.10630646
minesweeper,GeneralSheaf,true,5,6,epoch-5,3,3,cohens_d_test,0.11064913
minesweeper,GeneralSheaf,true,5,6,epoch-5,4,3,cohens_d_test,0.13660888
minesweeper,GeneralSheaf,true,5,6,epoch-5,5,3,cohens_d_test,0.12220517
minesweeper,GeneralSheaf,true,5,6,epoch-5,6,3,cohens_d_test,0.18886064
minesweeper,GeneralSheaf,true,5,6,epoch-5,0,4,degree,-0.00348070117578826
minesweeper,GeneralSheaf,true,5,6,epoch-5,1,4,degree,-0.015664811209556127
minesweeper,GeneralSheaf,true,5,6,epoch-5,2,4,degree,0.005487110850456118
minesweeper,GeneralSheaf,true,5,6,epoch-5,3,4,degree,0.01811089466411559
minesweeper,GeneralSheaf,true,5,6,epoch-5,4,4,degree,0.037277855993258086
minesweeper,GeneralSheaf,true,5,6,epoch-5,5,4,degree,0.05663817250159211
minesweeper,GeneralSheaf,true,5,6,epoch-5,6,4,degree,0.05863551932320345
minesweeper,GeneralSheaf,true,5,6,epoch-5,0,4,betweenness,0.013532268822402454
minesweeper,GeneralSheaf,true,5,6,epoch-5,1,4,betweenness,0.021499061587763997
minesweeper,GeneralSheaf,true,5,6,epoch-5,2,4,betweenness,0.03489726670548527
minesweeper,GeneralSheaf,true,5,6,epoch-5,3,4,betweenness,0.037424418784601926
minesweeper,GeneralSheaf,true,5,6,epoch-5,4,4,betweenness,0.045011549108276046
minesweeper,GeneralSheaf,true,5,6,epoch-5,5,4,betweenness,0.050935025425795144
minesweeper,GeneralSheaf,true,5,6,epoch-5,6,4,betweenness,0.05144246990473961
minesweeper,GeneralSheaf,true,5,6,epoch-5,0,4,confidence,0.31250935542829356
minesweeper,GeneralSheaf,true,5,6,epoch-5,1,4,confidence,0.15397182744189022
minesweeper,GeneralSheaf,true,5,6,epoch-5,2,4,confidence,0.23104267989552754
minesweeper,GeneralSheaf,true,5,6,epoch-5,3,4,confidence,0.22679221536561198
minesweeper,GeneralSheaf,true,5,6,epoch-5,4,4,confidence,0.22063414440624138
minesweeper,GeneralSheaf,true,5,6,epoch-5,5,4,confidence,0.3021643733986801
minesweeper,GeneralSheaf,true,5,6,epoch-5,6,4,confidence,0.2767743373623498
minesweeper,GeneralSheaf,true,5,6,epoch-5,0,4,saliency,0.08743795385395334
minesweeper,GeneralSheaf,true,5,6,epoch-5,1,4,saliency,0.1763580109866268
minesweeper,GeneralSheaf,true,5,6,epoch-5,2,4,saliency,0.22411036110253327
minesweeper,GeneralSheaf,true,5,6,epoch-5,3,4,saliency,0.16799593175501515
minesweeper,GeneralSheaf,true,5,6,epoch-5,4,4,saliency,0.1392350348921097
minesweeper,GeneralSheaf,true,5,6,epoch-5,5,4,saliency,0.17947362632358205
minesweeper,GeneralSheaf,true,5,6,epoch-5,6,4,saliency,0.17790147283328436
minesweeper,GeneralSheaf,true,5,6,epoch-5,0,4,cohens_d_train,0.033919077
minesweeper,GeneralSheaf,true,5,6,epoch-5,1,4,cohens_d_train,0.04455034
minesweeper,GeneralSheaf,true,5,6,epoch-5,2,4,cohens_d_train,0.08855637
minesweeper,GeneralSheaf,true,5,6,epoch-5,3,4,cohens_d_train,0.09668651
minesweeper,GeneralSheaf,true,5,6,epoch-5,4,4,cohens_d_train,0.097283706
minesweeper,GeneralSheaf,true,5,6,epoch-5,5,4,cohens_d_train,0.019963637
minesweeper,GeneralSheaf,true,5,6,epoch-5,6,4,cohens_d_train,0.054701827
minesweeper,GeneralSheaf,true,5,6,epoch-5,0,4,cohens_d_test,0.023677569
minesweeper,GeneralSheaf,true,5,6,epoch-5,1,4,cohens_d_test,0.07446661
minesweeper,GeneralSheaf,true,5,6,epoch-5,2,4,cohens_d_test,0.13048166
minesweeper,GeneralSheaf,true,5,6,epoch-5,3,4,cohens_d_test,0.11442646
minesweeper,GeneralSheaf,true,5,6,epoch-5,4,4,cohens_d_test,0.103031434
minesweeper,GeneralSheaf,true,5,6,epoch-5,5,4,cohens_d_test,0.03573643
minesweeper,GeneralSheaf,true,5,6,epoch-5,6,4,cohens_d_test,0.06817347
minesweeper,GeneralSheaf,true,5,6,epoch-5,0,5,degree,0.009916106787202065
minesweeper,GeneralSheaf,true,5,6,epoch-5,1,5,degree,0.000613559474279741
minesweeper,GeneralSheaf,true,5,6,epoch-5,2,5,degree,0.0027935377749498803
minesweeper,GeneralSheaf,true,5,6,epoch-5,3,5,degree,0.005765842109929907
minesweeper,GeneralSheaf,true,5,6,epoch-5,4,5,degree,0.014125815250815316
minesweeper,GeneralSheaf,true,5,6,epoch-5,5,5,degree,0.02998234727519051
minesweeper,GeneralSheaf,true,5,6,epoch-5,6,5,degree,0.02675926946078546
minesweeper,GeneralSheaf,true,5,6,epoch-5,0,5,betweenness,0.001984757392677971
minesweeper,GeneralSheaf,true,5,6,epoch-5,1,5,betweenness,0.02784460646362035
minesweeper,GeneralSheaf,true,5,6,epoch-5,2,5,betweenness,0.03609767468757579
minesweeper,GeneralSheaf,true,5,6,epoch-5,3,5,betweenness,0.038901242641229794
minesweeper,GeneralSheaf,true,5,6,epoch-5,4,5,betweenness,0.04208995553104614
minesweeper,GeneralSheaf,true,5,6,epoch-5,5,5,betweenness,0.04845510530473153
minesweeper,GeneralSheaf,true,5,6,epoch-5,6,5,betweenness,0.04367705733047398
minesweeper,GeneralSheaf,true,5,6,epoch-5,0,5,confidence,-0.09819712310272122
minesweeper,GeneralSheaf,true,5,6,epoch-5,1,5,confidence,0.1871873150640203
minesweeper,GeneralSheaf,true,5,6,epoch-5,2,5,confidence,0.48510067656321054
minesweeper,GeneralSheaf,true,5,6,epoch-5,3,5,confidence,0.4630712723840538
minesweeper,GeneralSheaf,true,5,6,epoch-5,4,5,confidence,0.518523447047457
minesweeper,GeneralSheaf,true,5,6,epoch-5,5,5,confidence,0.6756818625173595
minesweeper,GeneralSheaf,true,5,6,epoch-5,6,5,confidence,0.6129807607689085
minesweeper,GeneralSheaf,true,5,6,epoch-5,0,5,saliency,-0.10482570614395564
minesweeper,GeneralSheaf,true,5,6,epoch-5,1,5,saliency,0.510574559495229
minesweeper,GeneralSheaf,true,5,6,epoch-5,2,5,saliency,0.3842920742865196
minesweeper,GeneralSheaf,true,5,6,epoch-5,3,5,saliency,0.4270913690902889
minesweeper,GeneralSheaf,true,5,6,epoch-5,4,5,saliency,0.41361417969855024
minesweeper,GeneralSheaf,true,5,6,epoch-5,5,5,saliency,0.3282798424346771
minesweeper,GeneralSheaf,true,5,6,epoch-5,6,5,saliency,0.35539470738234413
minesweeper,GeneralSheaf,true,5,6,epoch-5,0,5,cohens_d_train,0.0009879064
minesweeper,GeneralSheaf,true,5,6,epoch-5,1,5,cohens_d_train,0.08738513
minesweeper,GeneralSheaf,true,5,6,epoch-5,2,5,cohens_d_train,0.099654935
minesweeper,GeneralSheaf,true,5,6,epoch-5,3,5,cohens_d_train,0.06744801
minesweeper,GeneralSheaf,true,5,6,epoch-5,4,5,cohens_d_train,0.09370524
minesweeper,GeneralSheaf,true,5,6,epoch-5,5,5,cohens_d_train,0.24189375
minesweeper,GeneralSheaf,true,5,6,epoch-5,6,5,cohens_d_train,0.1840449
minesweeper,GeneralSheaf,true,5,6,epoch-5,0,5,cohens_d_test,0.07318015
minesweeper,GeneralSheaf,true,5,6,epoch-5,1,5,cohens_d_test,0.07109002
minesweeper,GeneralSheaf,true,5,6,epoch-5,2,5,cohens_d_test,0.14408177
minesweeper,GeneralSheaf,true,5,6,epoch-5,3,5,cohens_d_test,0.0833979
minesweeper,GeneralSheaf,true,5,6,epoch-5,4,5,cohens_d_test,0.08262036
minesweeper,GeneralSheaf,true,5,6,epoch-5,5,5,cohens_d_test,0.25351557
minesweeper,GeneralSheaf,true,5,6,epoch-5,6,5,cohens_d_test,0.17984287
minesweeper,GeneralSheaf,true,5,6,epoch-5,0,6,degree,0.00860017359245003
minesweeper,GeneralSheaf,true,5,6,epoch-5,1,6,degree,0.029493257818346615
minesweeper,GeneralSheaf,true,5,6,epoch-5,2,6,degree,0.05454675513147465
minesweeper,GeneralSheaf,true,5,6,epoch-5,3,6,degree,0.04660167948193838
minesweeper,GeneralSheaf,true,5,6,epoch-5,4,6,degree,0.06501991447971237
minesweeper,GeneralSheaf,true,5,6,epoch-5,5,6,degree,0.07075191531630716
minesweeper,GeneralSheaf,true,5,6,epoch-5,6,6,degree,0.08063760904094087
minesweeper,GeneralSheaf,true,5,6,epoch-5,0,6,betweenness,-0.004426315610934441
minesweeper,GeneralSheaf,true,5,6,epoch-5,1,6,betweenness,0.039730765938194544
minesweeper,GeneralSheaf,true,5,6,epoch-5,2,6,betweenness,0.04673380757628231
minesweeper,GeneralSheaf,true,5,6,epoch-5,3,6,betweenness,0.0427143491789375
minesweeper,GeneralSheaf,true,5,6,epoch-5,4,6,betweenness,0.051455776771027646
minesweeper,GeneralSheaf,true,5,6,epoch-5,5,6,betweenness,0.05919403511442651
minesweeper,GeneralSheaf,true,5,6,epoch-5,6,6,betweenness,0.062381843924251335
minesweeper,GeneralSheaf,true,5,6,epoch-5,0,6,confidence,0.009529085070048005
minesweeper,GeneralSheaf,true,5,6,epoch-5,1,6,confidence,0.6109208474703484
minesweeper,GeneralSheaf,true,5,6,epoch-5,2,6,confidence,0.6567051888142451
minesweeper,GeneralSheaf,true,5,6,epoch-5,3,6,confidence,0.6833982182629861
minesweeper,GeneralSheaf,true,5,6,epoch-5,4,6,confidence,0.6782373942831376
minesweeper,GeneralSheaf,true,5,6,epoch-5,5,6,confidence,0.6729056832734311
minesweeper,GeneralSheaf,true,5,6,epoch-5,6,6,confidence,0.7190950282099388
minesweeper,GeneralSheaf,true,5,6,epoch-5,0,6,saliency,0.10121869886435003
minesweeper,GeneralSheaf,true,5,6,epoch-5,1,6,saliency,0.3210654578263665
minesweeper,GeneralSheaf,true,5,6,epoch-5,2,6,saliency,0.2977751010031509
minesweeper,GeneralSheaf,true,5,6,epoch-5,3,6,saliency,0.28495748581841385
minesweeper,GeneralSheaf,true,5,6,epoch-5,4,6,saliency,0.28164840374293343
minesweeper,GeneralSheaf,true,5,6,epoch-5,5,6,saliency,0.3361265461893325
minesweeper,GeneralSheaf,true,5,6,epoch-5,6,6,saliency,0.31046837841320357
minesweeper,GeneralSheaf,true,5,6,epoch-5,0,6,cohens_d_train,0.007405104
minesweeper,GeneralSheaf,true,5,6,epoch-5,1,6,cohens_d_train,0.020412074
minesweeper,GeneralSheaf,true,5,6,epoch-5,2,6,cohens_d_train,0.0068502985
minesweeper,GeneralSheaf,true,5,6,epoch-5,3,6,cohens_d_train,0.03835627
minesweeper,GeneralSheaf,true,5,6,epoch-5,4,6,cohens_d_train,0.07475578
minesweeper,GeneralSheaf,true,5,6,epoch-5,5,6,cohens_d_train,0.028684484
minesweeper,GeneralSheaf,true,5,6,epoch-5,6,6,cohens_d_train,0.03687513
minesweeper,GeneralSheaf,true,5,6,epoch-5,0,6,cohens_d_test,0.027854538
minesweeper,GeneralSheaf,true,5,6,epoch-5,1,6,cohens_d_test,0.017463654
minesweeper,GeneralSheaf,true,5,6,epoch-5,2,6,cohens_d_test,0.021040626
minesweeper,GeneralSheaf,true,5,6,epoch-5,3,6,cohens_d_test,0.033506233
minesweeper,GeneralSheaf,true,5,6,epoch-5,4,6,cohens_d_test,0.09526655
minesweeper,GeneralSheaf,true,5,6,epoch-5,5,6,cohens_d_test,0.034027014
minesweeper,GeneralSheaf,true,5,6,epoch-5,6,6,cohens_d_test,0.020620504
minesweeper,GeneralSheaf,true,5,6,epoch-5,0,7,degree,-0.006566358990823959
minesweeper,GeneralSheaf,true,5,6,epoch-5,1,7,degree,0.00470561797116444
minesweeper,GeneralSheaf,true,5,6,epoch-5,2,7,degree,-0.0035160617610797812
minesweeper,GeneralSheaf,true,5,6,epoch-5,3,7,degree,0.014070913133734615
minesweeper,GeneralSheaf,true,5,6,epoch-5,4,7,degree,0.022048581714875257
minesweeper,GeneralSheaf,true,5,6,epoch-5,5,7,degree,0.032443498094916194
minesweeper,GeneralSheaf,true,5,6,epoch-5,6,7,degree,0.03661610493383731
minesweeper,GeneralSheaf,true,5,6,epoch-5,0,7,betweenness,0.014348645194984307
minesweeper,GeneralSheaf,true,5,6,epoch-5,1,7,betweenness,0.037482225918645445
minesweeper,GeneralSheaf,true,5,6,epoch-5,2,7,betweenness,0.03832675102391206
minesweeper,GeneralSheaf,true,5,6,epoch-5,3,7,betweenness,0.03947229633097289
minesweeper,GeneralSheaf,true,5,6,epoch-5,4,7,betweenness,0.03871825828657644
minesweeper,GeneralSheaf,true,5,6,epoch-5,5,7,betweenness,0.041943531787574435
minesweeper,GeneralSheaf,true,5,6,epoch-5,6,7,betweenness,0.04647805312059318
minesweeper,GeneralSheaf,true,5,6,epoch-5,0,7,confidence,0.30034236447231427
minesweeper,GeneralSheaf,true,5,6,epoch-5,1,7,confidence,0.35472373985754757
minesweeper,GeneralSheaf,true,5,6,epoch-5,2,7,confidence,0.47561287220779974
minesweeper,GeneralSheaf,true,5,6,epoch-5,3,7,confidence,0.4930680196377435
minesweeper,GeneralSheaf,true,5,6,epoch-5,4,7,confidence,0.5361017481435337
minesweeper,GeneralSheaf,true,5,6,epoch-5,5,7,confidence,0.5619566285395978
minesweeper,GeneralSheaf,true,5,6,epoch-5,6,7,confidence,0.6073663154209946
minesweeper,GeneralSheaf,true,5,6,epoch-5,0,7,saliency,0.34675061703265214
minesweeper,GeneralSheaf,true,5,6,epoch-5,1,7,saliency,0.42018129311510816
minesweeper,GeneralSheaf,true,5,6,epoch-5,2,7,saliency,0.34857793982955687
minesweeper,GeneralSheaf,true,5,6,epoch-5,3,7,saliency,0.37242538285277843
minesweeper,GeneralSheaf,true,5,6,epoch-5,4,7,saliency,0.35265602547490804
minesweeper,GeneralSheaf,true,5,6,epoch-5,5,7,saliency,0.32465676959928136
minesweeper,GeneralSheaf,true,5,6,epoch-5,6,7,saliency,0.30895125069000046
minesweeper,GeneralSheaf,true,5,6,epoch-5,0,7,cohens_d_train,0.013031984
minesweeper,GeneralSheaf,true,5,6,epoch-5,1,7,cohens_d_train,0.006355742
minesweeper,GeneralSheaf,true,5,6,epoch-5,2,7,cohens_d_train,0.12430882
minesweeper,GeneralSheaf,true,5,6,epoch-5,3,7,cohens_d_train,0.07422151
minesweeper,GeneralSheaf,true,5,6,epoch-5,4,7,cohens_d_train,0.09226034
minesweeper,GeneralSheaf,true,5,6,epoch-5,5,7,cohens_d_train,0.09159967
minesweeper,GeneralSheaf,true,5,6,epoch-5,6,7,cohens_d_train,0.12586409
minesweeper,GeneralSheaf,true,5,6,epoch-5,0,7,cohens_d_test,0.05692915
minesweeper,GeneralSheaf,true,5,6,epoch-5,1,7,cohens_d_test,0.074242644
minesweeper,GeneralSheaf,true,5,6,epoch-5,2,7,cohens_d_test,0.056767374
minesweeper,GeneralSheaf,true,5,6,epoch-5,3,7,cohens_d_test,0.011074333
minesweeper,GeneralSheaf,true,5,6,epoch-5,4,7,cohens_d_test,0.015731918
minesweeper,GeneralSheaf,true,5,6,epoch-5,5,7,cohens_d_test,0.03431276
minesweeper,GeneralSheaf,true,5,6,epoch-5,6,7,cohens_d_test,0.06250613
minesweeper,GeneralSheaf,true,5,6,epoch-5,0,8,degree,0.05200595328283019
minesweeper,GeneralSheaf,true,5,6,epoch-5,1,8,degree,0.04366585975140029
minesweeper,GeneralSheaf,true,5,6,epoch-5,2,8,degree,0.021035931545770884
minesweeper,GeneralSheaf,true,5,6,epoch-5,3,8,degree,0.029749264347130745
minesweeper,GeneralSheaf,true,5,6,epoch-5,4,8,degree,0.019192237731624255
minesweeper,GeneralSheaf,true,5,6,epoch-5,5,8,degree,0.03137579244316003
minesweeper,GeneralSheaf,true,5,6,epoch-5,6,8,degree,0.03874789228872472
minesweeper,GeneralSheaf,true,5,6,epoch-5,0,8,betweenness,0.006981283094974988
minesweeper,GeneralSheaf,true,5,6,epoch-5,1,8,betweenness,0.03484058882722798
minesweeper,GeneralSheaf,true,5,6,epoch-5,2,8,betweenness,0.039599301686131384
minesweeper,GeneralSheaf,true,5,6,epoch-5,3,8,betweenness,0.04650267839981695
minesweeper,GeneralSheaf,true,5,6,epoch-5,4,8,betweenness,0.04856196849765929
minesweeper,GeneralSheaf,true,5,6,epoch-5,5,8,betweenness,0.05652013529140564
minesweeper,GeneralSheaf,true,5,6,epoch-5,6,8,betweenness,0.057559836367325166
minesweeper,GeneralSheaf,true,5,6,epoch-5,0,8,confidence,-0.07192747997050751
minesweeper,GeneralSheaf,true,5,6,epoch-5,1,8,confidence,0.08411006486591358
minesweeper,GeneralSheaf,true,5,6,epoch-5,2,8,confidence,0.18848779792705636
minesweeper,GeneralSheaf,true,5,6,epoch-5,3,8,confidence,0.30702018235662304
minesweeper,GeneralSheaf,true,5,6,epoch-5,4,8,confidence,0.45544275532355616
minesweeper,GeneralSheaf,true,5,6,epoch-5,5,8,confidence,0.5232462143008688
minesweeper,GeneralSheaf,true,5,6,epoch-5,6,8,confidence,0.537870092496837
minesweeper,GeneralSheaf,true,5,6,epoch-5,0,8,saliency,-0.07934079209357012
minesweeper,GeneralSheaf,true,5,6,epoch-5,1,8,saliency,0.26790794482995767
minesweeper,GeneralSheaf,true,5,6,epoch-5,2,8,saliency,0.34365664915093813
minesweeper,GeneralSheaf,true,5,6,epoch-5,3,8,saliency,0.32675252627924883
minesweeper,GeneralSheaf,true,5,6,epoch-5,4,8,saliency,0.2859349254702117
minesweeper,GeneralSheaf,true,5,6,epoch-5,5,8,saliency,0.2353485033244273
minesweeper,GeneralSheaf,true,5,6,epoch-5,6,8,saliency,0.22771583309389093
minesweeper,GeneralSheaf,true,5,6,epoch-5,0,8,cohens_d_train,0.008811712
minesweeper,GeneralSheaf,true,5,6,epoch-5,1,8,cohens_d_train,0.046477325
minesweeper,GeneralSheaf,true,5,6,epoch-5,2,8,cohens_d_train,0.09888136
minesweeper,GeneralSheaf,true,5,6,epoch-5,3,8,cohens_d_train,0.1711647
minesweeper,GeneralSheaf,true,5,6,epoch-5,4,8,cohens_d_train,0.290998
minesweeper,GeneralSheaf,true,5,6,epoch-5,5,8,cohens_d_train,0.35713336
minesweeper,GeneralSheaf,true,5,6,epoch-5,6,8,cohens_d_train,0.3212201
minesweeper,GeneralSheaf,true,5,6,epoch-5,0,8,cohens_d_test,0.13039486
minesweeper,GeneralSheaf,true,5,6,epoch-5,1,8,cohens_d_test,0.066863306
minesweeper,GeneralSheaf,true,5,6,epoch-5,2,8,cohens_d_test,0.003915962
minesweeper,GeneralSheaf,true,5,6,epoch-5,3,8,cohens_d_test,0.0952979
minesweeper,GeneralSheaf,true,5,6,epoch-5,4,8,cohens_d_test,0.20561713
minesweeper,GeneralSheaf,true,5,6,epoch-5,5,8,cohens_d_test,0.27136743
minesweeper,GeneralSheaf,true,5,6,epoch-5,6,8,cohens_d_test,0.24845864
minesweeper,GeneralSheaf,true,5,6,epoch-5,0,9,degree,-0.028039742693717035
minesweeper,GeneralSheaf,true,5,6,epoch-5,1,9,degree,-0.011708452456575874
minesweeper,GeneralSheaf,true,5,6,epoch-5,2,9,degree,0.00158704259725569
minesweeper,GeneralSheaf,true,5,6,epoch-5,3,9,degree,0.024645565288062696
minesweeper,GeneralSheaf,true,5,6,epoch-5,4,9,degree,0.038864334477049074
minesweeper,GeneralSheaf,true,5,6,epoch-5,5,9,degree,0.05749665223220073
minesweeper,GeneralSheaf,true,5,6,epoch-5,6,9,degree,0.06499966074500726
minesweeper,GeneralSheaf,true,5,6,epoch-5,0,9,betweenness,0.010503764001327059
minesweeper,GeneralSheaf,true,5,6,epoch-5,1,9,betweenness,0.02874674253291704
minesweeper,GeneralSheaf,true,5,6,epoch-5,2,9,betweenness,0.030852325354004163
minesweeper,GeneralSheaf,true,5,6,epoch-5,3,9,betweenness,0.03984997302572758
minesweeper,GeneralSheaf,true,5,6,epoch-5,4,9,betweenness,0.048400035624468755
minesweeper,GeneralSheaf,true,5,6,epoch-5,5,9,betweenness,0.05312994804744362
minesweeper,GeneralSheaf,true,5,6,epoch-5,6,9,betweenness,0.0514099254544127
minesweeper,GeneralSheaf,true,5,6,epoch-5,0,9,confidence,0.08017584335940876
minesweeper,GeneralSheaf,true,5,6,epoch-5,1,9,confidence,0.3039795880113615
minesweeper,GeneralSheaf,true,5,6,epoch-5,2,9,confidence,0.2612743791565011
minesweeper,GeneralSheaf,true,5,6,epoch-5,3,9,confidence,0.25590157310897604
minesweeper,GeneralSheaf,true,5,6,epoch-5,4,9,confidence,0.3689678845973893
minesweeper,GeneralSheaf,true,5,6,epoch-5,5,9,confidence,0.3678149064577352
minesweeper,GeneralSheaf,true,5,6,epoch-5,6,9,confidence,0.33922793258852685
minesweeper,GeneralSheaf,true,5,6,epoch-5,0,9,saliency,0.3172389182924632
minesweeper,GeneralSheaf,true,5,6,epoch-5,1,9,saliency,0.21505312847853125
minesweeper,GeneralSheaf,true,5,6,epoch-5,2,9,saliency,0.33939341014706137
minesweeper,GeneralSheaf,true,5,6,epoch-5,3,9,saliency,0.3521107800841218
minesweeper,GeneralSheaf,true,5,6,epoch-5,4,9,saliency,0.3291418283633176
minesweeper,GeneralSheaf,true,5,6,epoch-5,5,9,saliency,0.33716026579079783
minesweeper,GeneralSheaf,true,5,6,epoch-5,6,9,saliency,0.35713629090779136
minesweeper,GeneralSheaf,true,5,6,epoch-5,0,9,cohens_d_train,0.051081266
minesweeper,GeneralSheaf,true,5,6,epoch-5,1,9,cohens_d_train,0.17396212
minesweeper,GeneralSheaf,true,5,6,epoch-5,2,9,cohens_d_train,0.1283179
minesweeper,GeneralSheaf,true,5,6,epoch-5,3,9,cohens_d_train,0.14690717
minesweeper,GeneralSheaf,true,5,6,epoch-5,4,9,cohens_d_train,0.27875245
minesweeper,GeneralSheaf,true,5,6,epoch-5,5,9,cohens_d_train,0.23210427
minesweeper,GeneralSheaf,true,5,6,epoch-5,6,9,cohens_d_train,0.15333979
minesweeper,GeneralSheaf,true,5,6,epoch-5,0,9,cohens_d_test,0.11552191
minesweeper,GeneralSheaf,true,5,6,epoch-5,1,9,cohens_d_test,0.23459178
minesweeper,GeneralSheaf,true,5,6,epoch-5,2,9,cohens_d_test,0.19545566
minesweeper,GeneralSheaf,true,5,6,epoch-5,3,9,cohens_d_test,0.2045204
minesweeper,GeneralSheaf,true,5,6,epoch-5,4,9,cohens_d_test,0.3369839
minesweeper,GeneralSheaf,true,5,6,epoch-5,5,9,cohens_d_test,0.24170454
minesweeper,GeneralSheaf,true,5,6,epoch-5,6,9,cohens_d_test,0.13876018
minesweeper,GeneralSheaf,true,5,6,epoch-15,0,0,degree,-0.04369113553269157
minesweeper,GeneralSheaf,true,5,6,epoch-15,1,0,degree,-0.012377483596234282
minesweeper,GeneralSheaf,true,5,6,epoch-15,2,0,degree,-0.00013259663982097766
minesweeper,GeneralSheaf,true,5,6,epoch-15,3,0,degree,-0.0003291212141052622
minesweeper,GeneralSheaf,true,5,6,epoch-15,4,0,degree,0.0026910914233004312
minesweeper,GeneralSheaf,true,5,6,epoch-15,5,0,degree,0.0001486066799086063
minesweeper,GeneralSheaf,true,5,6,epoch-15,6,0,degree,-0.00028455410963954306
minesweeper,GeneralSheaf,true,5,6,epoch-15,0,0,betweenness,0.007122840650545354
minesweeper,GeneralSheaf,true,5,6,epoch-15,1,0,betweenness,0.02033012572839909
minesweeper,GeneralSheaf,true,5,6,epoch-15,2,0,betweenness,0.030037709263638673
minesweeper,GeneralSheaf,true,5,6,epoch-15,3,0,betweenness,0.03234952005665979
minesweeper,GeneralSheaf,true,5,6,epoch-15,4,0,betweenness,0.03737903171747237
minesweeper,GeneralSheaf,true,5,6,epoch-15,5,0,betweenness,0.041656960336444164
minesweeper,GeneralSheaf,true,5,6,epoch-15,6,0,betweenness,0.044320765795069134
minesweeper,GeneralSheaf,true,5,6,epoch-15,0,0,confidence,-0.13918133673755745
minesweeper,GeneralSheaf,true,5,6,epoch-15,1,0,confidence,0.18369183797283778
minesweeper,GeneralSheaf,true,5,6,epoch-15,2,0,confidence,0.23783435224233257
minesweeper,GeneralSheaf,true,5,6,epoch-15,3,0,confidence,0.31952696336077263
minesweeper,GeneralSheaf,true,5,6,epoch-15,4,0,confidence,0.4938033779082549
minesweeper,GeneralSheaf,true,5,6,epoch-15,5,0,confidence,0.5550763834637422
minesweeper,GeneralSheaf,true,5,6,epoch-15,6,0,confidence,0.5899666815924454
minesweeper,GeneralSheaf,true,5,6,epoch-15,0,0,saliency,0.08171580814750738
minesweeper,GeneralSheaf,true,5,6,epoch-15,1,0,saliency,-0.04248747013840425
minesweeper,GeneralSheaf,true,5,6,epoch-15,2,0,saliency,-0.04621739613728318
minesweeper,GeneralSheaf,true,5,6,epoch-15,3,0,saliency,-0.057553213002568084
minesweeper,GeneralSheaf,true,5,6,epoch-15,4,0,saliency,-0.10958974389685634
minesweeper,GeneralSheaf,true,5,6,epoch-15,5,0,saliency,-0.1299374226848825
minesweeper,GeneralSheaf,true,5,6,epoch-15,6,0,saliency,-0.1564186476199405
minesweeper,GeneralSheaf,true,5,6,epoch-15,0,0,cohens_d_train,0.12822767
minesweeper,GeneralSheaf,true,5,6,epoch-15,1,0,cohens_d_train,0.0151610635
minesweeper,GeneralSheaf,true,5,6,epoch-15,2,0,cohens_d_train,0.078522354
minesweeper,GeneralSheaf,true,5,6,epoch-15,3,0,cohens_d_train,0.14677376
minesweeper,GeneralSheaf,true,5,6,epoch-15,4,0,cohens_d_train,0.30413252
minesweeper,GeneralSheaf,true,5,6,epoch-15,5,0,cohens_d_train,0.37642682
minesweeper,GeneralSheaf,true,5,6,epoch-15,6,0,cohens_d_train,0.3626664
minesweeper,GeneralSheaf,true,5,6,epoch-15,0,0,cohens_d_test,0.049763676
minesweeper,GeneralSheaf,true,5,6,epoch-15,1,0,cohens_d_test,0.04689941
minesweeper,GeneralSheaf,true,5,6,epoch-15,2,0,cohens_d_test,0.11492457
minesweeper,GeneralSheaf,true,5,6,epoch-15,3,0,cohens_d_test,0.19382283
minesweeper,GeneralSheaf,true,5,6,epoch-15,4,0,cohens_d_test,0.36696738
minesweeper,GeneralSheaf,true,5,6,epoch-15,5,0,cohens_d_test,0.45935997
minesweeper,GeneralSheaf,true,5,6,epoch-15,6,0,cohens_d_test,0.42172545
minesweeper,GeneralSheaf,true,5,6,epoch-15,0,1,degree,-0.06755975165410424
minesweeper,GeneralSheaf,true,5,6,epoch-15,1,1,degree,-0.00985726007737816
minesweeper,GeneralSheaf,true,5,6,epoch-15,2,1,degree,-0.0015551408178886164
minesweeper,GeneralSheaf,true,5,6,epoch-15,3,1,degree,-0.0017568571981168405
minesweeper,GeneralSheaf,true,5,6,epoch-15,4,1,degree,-0.0016199483346822463
minesweeper,GeneralSheaf,true,5,6,epoch-15,5,1,degree,0.003688413753920877
minesweeper,GeneralSheaf,true,5,6,epoch-15,6,1,degree,0.008634923784235084
minesweeper,GeneralSheaf,true,5,6,epoch-15,0,1,betweenness,0.006633848399619712
minesweeper,GeneralSheaf,true,5,6,epoch-15,1,1,betweenness,0.03420191299478949
minesweeper,GeneralSheaf,true,5,6,epoch-15,2,1,betweenness,0.041266961119145636
minesweeper,GeneralSheaf,true,5,6,epoch-15,3,1,betweenness,0.04724192556640342
minesweeper,GeneralSheaf,true,5,6,epoch-15,4,1,betweenness,0.05240857882044418
minesweeper,GeneralSheaf,true,5,6,epoch-15,5,1,betweenness,0.05295913589197452
minesweeper,GeneralSheaf,true,5,6,epoch-15,6,1,betweenness,0.059213874036270445
minesweeper,GeneralSheaf,true,5,6,epoch-15,0,1,confidence,-0.017316893749700062
minesweeper,GeneralSheaf,true,5,6,epoch-15,1,1,confidence,0.4486788153772455
minesweeper,GeneralSheaf,true,5,6,epoch-15,2,1,confidence,0.47354561694065467
minesweeper,GeneralSheaf,true,5,6,epoch-15,3,1,confidence,0.5586200631987454
minesweeper,GeneralSheaf,true,5,6,epoch-15,4,1,confidence,0.7063056827439107
minesweeper,GeneralSheaf,true,5,6,epoch-15,5,1,confidence,0.733742847832258
minesweeper,GeneralSheaf,true,5,6,epoch-15,6,1,confidence,0.720416065951547
minesweeper,GeneralSheaf,true,5,6,epoch-15,0,1,saliency,0.07363637126341328
minesweeper,GeneralSheaf,true,5,6,epoch-15,1,1,saliency,-0.10441793489538417
minesweeper,GeneralSheaf,true,5,6,epoch-15,2,1,saliency,-0.11662148851381272
minesweeper,GeneralSheaf,true,5,6,epoch-15,3,1,saliency,-0.1967564420874671
minesweeper,GeneralSheaf,true,5,6,epoch-15,4,1,saliency,-0.3006305819562266
minesweeper,GeneralSheaf,true,5,6,epoch-15,5,1,saliency,-0.3335253777882601
minesweeper,GeneralSheaf,true,5,6,epoch-15,6,1,saliency,-0.31527718855033854
minesweeper,GeneralSheaf,true,5,6,epoch-15,0,1,cohens_d_train,0.010684977
minesweeper,GeneralSheaf,true,5,6,epoch-15,1,1,cohens_d_train,0.24867547
minesweeper,GeneralSheaf,true,5,6,epoch-15,2,1,cohens_d_train,0.27645397
minesweeper,GeneralSheaf,true,5,6,epoch-15,3,1,cohens_d_train,0.36722603
minesweeper,GeneralSheaf,true,5,6,epoch-15,4,1,cohens_d_train,0.5233949
minesweeper,GeneralSheaf,true,5,6,epoch-15,5,1,cohens_d_train,0.55272835
minesweeper,GeneralSheaf,true,5,6,epoch-15,6,1,cohens_d_train,0.5408546
minesweeper,GeneralSheaf,true,5,6,epoch-15,0,1,cohens_d_test,0.10051413
minesweeper,GeneralSheaf,true,5,6,epoch-15,1,1,cohens_d_test,0.10645981
minesweeper,GeneralSheaf,true,5,6,epoch-15,2,1,cohens_d_test,0.12359466
minesweeper,GeneralSheaf,true,5,6,epoch-15,3,1,cohens_d_test,0.18309247
minesweeper,GeneralSheaf,true,5,6,epoch-15,4,1,cohens_d_test,0.33863866
minesweeper,GeneralSheaf,true,5,6,epoch-15,5,1,cohens_d_test,0.37522554
minesweeper,GeneralSheaf,true,5,6,epoch-15,6,1,cohens_d_test,0.36124235
minesweeper,GeneralSheaf,true,5,6,epoch-15,0,2,degree,-0.06311907727321765
minesweeper,GeneralSheaf,true,5,6,epoch-15,1,2,degree,-0.002491785608223288
minesweeper,GeneralSheaf,true,5,6,epoch-15,2,2,degree,0.007360830576827099
minesweeper,GeneralSheaf,true,5,6,epoch-15,3,2,degree,0.010386949087963901
minesweeper,GeneralSheaf,true,5,6,epoch-15,4,2,degree,0.009762072811088875
minesweeper,GeneralSheaf,true,5,6,epoch-15,5,2,degree,0.005599032029209764
minesweeper,GeneralSheaf,true,5,6,epoch-15,6,2,degree,0.005816986311930249
minesweeper,GeneralSheaf,true,5,6,epoch-15,0,2,betweenness,0.004468044432311436
minesweeper,GeneralSheaf,true,5,6,epoch-15,1,2,betweenness,0.04438372961756553
minesweeper,GeneralSheaf,true,5,6,epoch-15,2,2,betweenness,0.05393441267625659
minesweeper,GeneralSheaf,true,5,6,epoch-15,3,2,betweenness,0.05711604279973065
minesweeper,GeneralSheaf,true,5,6,epoch-15,4,2,betweenness,0.05806633906945058
minesweeper,GeneralSheaf,true,5,6,epoch-15,5,2,betweenness,0.059375579077537065
minesweeper,GeneralSheaf,true,5,6,epoch-15,6,2,betweenness,0.05776994612881905
minesweeper,GeneralSheaf,true,5,6,epoch-15,0,2,confidence,-0.07936170413011519
minesweeper,GeneralSheaf,true,5,6,epoch-15,1,2,confidence,0.39458893384540233
minesweeper,GeneralSheaf,true,5,6,epoch-15,2,2,confidence,0.6154543096614704
minesweeper,GeneralSheaf,true,5,6,epoch-15,3,2,confidence,0.5987155366616899
minesweeper,GeneralSheaf,true,5,6,epoch-15,4,2,confidence,0.6057322504650321
minesweeper,GeneralSheaf,true,5,6,epoch-15,5,2,confidence,0.6002554132621633
minesweeper,GeneralSheaf,true,5,6,epoch-15,6,2,confidence,0.6110488210651511
minesweeper,GeneralSheaf,true,5,6,epoch-15,0,2,saliency,0.11570068657533529
minesweeper,GeneralSheaf,true,5,6,epoch-15,1,2,saliency,-0.0805615305842073
minesweeper,GeneralSheaf,true,5,6,epoch-15,2,2,saliency,-0.17083501513496271
minesweeper,GeneralSheaf,true,5,6,epoch-15,3,2,saliency,-0.16077980264069205
minesweeper,GeneralSheaf,true,5,6,epoch-15,4,2,saliency,-0.1469033846001188
minesweeper,GeneralSheaf,true,5,6,epoch-15,5,2,saliency,-0.15076585334011083
minesweeper,GeneralSheaf,true,5,6,epoch-15,6,2,saliency,-0.15609745285118917
minesweeper,GeneralSheaf,true,5,6,epoch-15,0,2,cohens_d_train,0.06951343
minesweeper,GeneralSheaf,true,5,6,epoch-15,1,2,cohens_d_train,0.25679097
minesweeper,GeneralSheaf,true,5,6,epoch-15,2,2,cohens_d_train,0.42850816
minesweeper,GeneralSheaf,true,5,6,epoch-15,3,2,cohens_d_train,0.46611372
minesweeper,GeneralSheaf,true,5,6,epoch-15,4,2,cohens_d_train,0.4657774
minesweeper,GeneralSheaf,true,5,6,epoch-15,5,2,cohens_d_train,0.48233038
minesweeper,GeneralSheaf,true,5,6,epoch-15,6,2,cohens_d_train,0.5104654
minesweeper,GeneralSheaf,true,5,6,epoch-15,0,2,cohens_d_test,0.06814492
minesweeper,GeneralSheaf,true,5,6,epoch-15,1,2,cohens_d_test,0.23467155
minesweeper,GeneralSheaf,true,5,6,epoch-15,2,2,cohens_d_test,0.40205672
minesweeper,GeneralSheaf,true,5,6,epoch-15,3,2,cohens_d_test,0.44302416
minesweeper,GeneralSheaf,true,5,6,epoch-15,4,2,cohens_d_test,0.4387821
minesweeper,GeneralSheaf,true,5,6,epoch-15,5,2,cohens_d_test,0.45710057
minesweeper,GeneralSheaf,true,5,6,epoch-15,6,2,cohens_d_test,0.47598612
minesweeper,GeneralSheaf,true,5,6,epoch-15,0,3,degree,-0.02600507024209146
minesweeper,GeneralSheaf,true,5,6,epoch-15,1,3,degree,-0.009142839801596232
minesweeper,GeneralSheaf,true,5,6,epoch-15,2,3,degree,-0.0035732152167648554
minesweeper,GeneralSheaf,true,5,6,epoch-15,3,3,degree,-0.005009021019823712
minesweeper,GeneralSheaf,true,5,6,epoch-15,4,3,degree,-0.0012039535224777377
minesweeper,GeneralSheaf,true,5,6,epoch-15,5,3,degree,-0.00037776095644945505
minesweeper,GeneralSheaf,true,5,6,epoch-15,6,3,degree,-0.0010997795530678677
minesweeper,GeneralSheaf,true,5,6,epoch-15,0,3,betweenness,0.017383613307250387
minesweeper,GeneralSheaf,true,5,6,epoch-15,1,3,betweenness,0.03237621451951047
minesweeper,GeneralSheaf,true,5,6,epoch-15,2,3,betweenness,0.034812326161585375
minesweeper,GeneralSheaf,true,5,6,epoch-15,3,3,betweenness,0.0395433745032132
minesweeper,GeneralSheaf,true,5,6,epoch-15,4,3,betweenness,0.04373892619335751
minesweeper,GeneralSheaf,true,5,6,epoch-15,5,3,betweenness,0.04515418729516743
minesweeper,GeneralSheaf,true,5,6,epoch-15,6,3,betweenness,0.0495900959036862
minesweeper,GeneralSheaf,true,5,6,epoch-15,0,3,confidence,-0.01085808330155854
minesweeper,GeneralSheaf,true,5,6,epoch-15,1,3,confidence,0.2803856344394087
minesweeper,GeneralSheaf,true,5,6,epoch-15,2,3,confidence,0.4405208828609263
minesweeper,GeneralSheaf,true,5,6,epoch-15,3,3,confidence,0.5801879212513933
minesweeper,GeneralSheaf,true,5,6,epoch-15,4,3,confidence,0.6976122489444434
minesweeper,GeneralSheaf,true,5,6,epoch-15,5,3,confidence,0.7329422285977966
minesweeper,GeneralSheaf,true,5,6,epoch-15,6,3,confidence,0.7557989155138719
minesweeper,GeneralSheaf,true,5,6,epoch-15,0,3,saliency,0.09473025160679448
minesweeper,GeneralSheaf,true,5,6,epoch-15,1,3,saliency,-0.049847886835974305
minesweeper,GeneralSheaf,true,5,6,epoch-15,2,3,saliency,-0.16343848764532676
minesweeper,GeneralSheaf,true,5,6,epoch-15,3,3,saliency,-0.25732132958861703
minesweeper,GeneralSheaf,true,5,6,epoch-15,4,3,saliency,-0.3615700514872935
minesweeper,GeneralSheaf,true,5,6,epoch-15,5,3,saliency,-0.39750599391182995
minesweeper,GeneralSheaf,true,5,6,epoch-15,6,3,saliency,-0.4085012768499148
minesweeper,GeneralSheaf,true,5,6,epoch-15,0,3,cohens_d_train,0.03189994
minesweeper,GeneralSheaf,true,5,6,epoch-15,1,3,cohens_d_train,0.09603391
minesweeper,GeneralSheaf,true,5,6,epoch-15,2,3,cohens_d_train,0.25071967
minesweeper,GeneralSheaf,true,5,6,epoch-15,3,3,cohens_d_train,0.30050057
minesweeper,GeneralSheaf,true,5,6,epoch-15,4,3,cohens_d_train,0.3984751
minesweeper,GeneralSheaf,true,5,6,epoch-15,5,3,cohens_d_train,0.45155635
minesweeper,GeneralSheaf,true,5,6,epoch-15,6,3,cohens_d_train,0.5188297
minesweeper,GeneralSheaf,true,5,6,epoch-15,0,3,cohens_d_test,0.04180048
minesweeper,GeneralSheaf,true,5,6,epoch-15,1,3,cohens_d_test,0.010392411
minesweeper,GeneralSheaf,true,5,6,epoch-15,2,3,cohens_d_test,0.1482329
minesweeper,GeneralSheaf,true,5,6,epoch-15,3,3,cohens_d_test,0.194139
minesweeper,GeneralSheaf,true,5,6,epoch-15,4,3,cohens_d_test,0.29506844
minesweeper,GeneralSheaf,true,5,6,epoch-15,5,3,cohens_d_test,0.3524304
minesweeper,GeneralSheaf,true,5,6,epoch-15,6,3,cohens_d_test,0.42044836
minesweeper,GeneralSheaf,true,5,6,epoch-15,0,4,degree,-0.01283594093747397
minesweeper,GeneralSheaf,true,5,6,epoch-15,1,4,degree,-0.007520326684527388
minesweeper,GeneralSheaf,true,5,6,epoch-15,2,4,degree,0.004861585198007165
minesweeper,GeneralSheaf,true,5,6,epoch-15,3,4,degree,0.012040223714125102
minesweeper,GeneralSheaf,true,5,6,epoch-15,4,4,degree,0.015556747487495045
minesweeper,GeneralSheaf,true,5,6,epoch-15,5,4,degree,0.02413204490303589
minesweeper,GeneralSheaf,true,5,6,epoch-15,6,4,degree,0.02969031197260601
minesweeper,GeneralSheaf,true,5,6,epoch-15,0,4,betweenness,0.014039015496792616
minesweeper,GeneralSheaf,true,5,6,epoch-15,1,4,betweenness,0.02582892000183894
minesweeper,GeneralSheaf,true,5,6,epoch-15,2,4,betweenness,0.038899331274860484
minesweeper,GeneralSheaf,true,5,6,epoch-15,3,4,betweenness,0.04758206831824737
minesweeper,GeneralSheaf,true,5,6,epoch-15,4,4,betweenness,0.05047948481676355
minesweeper,GeneralSheaf,true,5,6,epoch-15,5,4,betweenness,0.055882774760671876
minesweeper,GeneralSheaf,true,5,6,epoch-15,6,4,betweenness,0.06224221722666289
minesweeper,GeneralSheaf,true,5,6,epoch-15,0,4,confidence,-0.03990291329288843
minesweeper,GeneralSheaf,true,5,6,epoch-15,1,4,confidence,0.20933690735141727
minesweeper,GeneralSheaf,true,5,6,epoch-15,2,4,confidence,0.34819654630450053
minesweeper,GeneralSheaf,true,5,6,epoch-15,3,4,confidence,0.5065514962832705
minesweeper,GeneralSheaf,true,5,6,epoch-15,4,4,confidence,0.6067816527961996
minesweeper,GeneralSheaf,true,5,6,epoch-15,5,4,confidence,0.69223130418685
minesweeper,GeneralSheaf,true,5,6,epoch-15,6,4,confidence,0.6993955775727412
minesweeper,GeneralSheaf,true,5,6,epoch-15,0,4,saliency,0.09946169569439743
minesweeper,GeneralSheaf,true,5,6,epoch-15,1,4,saliency,-0.037875891302008816
minesweeper,GeneralSheaf,true,5,6,epoch-15,2,4,saliency,-0.0991871776059547
minesweeper,GeneralSheaf,true,5,6,epoch-15,3,4,saliency,-0.192804170718669
minesweeper,GeneralSheaf,true,5,6,epoch-15,4,4,saliency,-0.2606105577832329
minesweeper,GeneralSheaf,true,5,6,epoch-15,5,4,saliency,-0.31890642028097765
minesweeper,GeneralSheaf,true,5,6,epoch-15,6,4,saliency,-0.3109346099021445
minesweeper,GeneralSheaf,true,5,6,epoch-15,0,4,cohens_d_train,0.0042734738
minesweeper,GeneralSheaf,true,5,6,epoch-15,1,4,cohens_d_train,0.09748369
minesweeper,GeneralSheaf,true,5,6,epoch-15,2,4,cohens_d_train,0.22440147
minesweeper,GeneralSheaf,true,5,6,epoch-15,3,4,cohens_d_train,0.34641543
minesweeper,GeneralSheaf,true,5,6,epoch-15,4,4,cohens_d_train,0.45620638
minesweeper,GeneralSheaf,true,5,6,epoch-15,5,4,cohens_d_train,0.54969835
minesweeper,GeneralSheaf,true,5,6,epoch-15,6,4,cohens_d_train,0.52992296
minesweeper,GeneralSheaf,true,5,6,epoch-15,0,4,cohens_d_test,0.0710467
minesweeper,GeneralSheaf,true,5,6,epoch-15,1,4,cohens_d_test,0.05735713
minesweeper,GeneralSheaf,true,5,6,epoch-15,2,4,cohens_d_test,0.16974765
minesweeper,GeneralSheaf,true,5,6,epoch-15,3,4,cohens_d_test,0.28349838
minesweeper,GeneralSheaf,true,5,6,epoch-15,4,4,cohens_d_test,0.40185586
minesweeper,GeneralSheaf,true,5,6,epoch-15,5,4,cohens_d_test,0.486255
minesweeper,GeneralSheaf,true,5,6,epoch-15,6,4,cohens_d_test,0.46146393
minesweeper,GeneralSheaf,true,5,6,epoch-15,0,5,degree,-0.015293158916892252
minesweeper,GeneralSheaf,true,5,6,epoch-15,1,5,degree,-0.011761216099770749
minesweeper,GeneralSheaf,true,5,6,epoch-15,2,5,degree,-0.013377539740657722
minesweeper,GeneralSheaf,true,5,6,epoch-15,3,5,degree,-0.008080860014872716
minesweeper,GeneralSheaf,true,5,6,epoch-15,4,5,degree,-0.009514132688896658
minesweeper,GeneralSheaf,true,5,6,epoch-15,5,5,degree,-0.004662299525883583
minesweeper,GeneralSheaf,true,5,6,epoch-15,6,5,degree,-0.0033995423049114092
minesweeper,GeneralSheaf,true,5,6,epoch-15,0,5,betweenness,0.01488763238233986
minesweeper,GeneralSheaf,true,5,6,epoch-15,1,5,betweenness,0.025905605720610396
minesweeper,GeneralSheaf,true,5,6,epoch-15,2,5,betweenness,0.031837278871614444
minesweeper,GeneralSheaf,true,5,6,epoch-15,3,5,betweenness,0.03743332241790543
minesweeper,GeneralSheaf,true,5,6,epoch-15,4,5,betweenness,0.04283830384592522
minesweeper,GeneralSheaf,true,5,6,epoch-15,5,5,betweenness,0.048053035340260265
minesweeper,GeneralSheaf,true,5,6,epoch-15,6,5,betweenness,0.052651091844248404
minesweeper,GeneralSheaf,true,5,6,epoch-15,0,5,confidence,-0.07872941495573642
minesweeper,GeneralSheaf,true,5,6,epoch-15,1,5,confidence,0.2453506100174911
minesweeper,GeneralSheaf,true,5,6,epoch-15,2,5,confidence,0.4169021098220295
minesweeper,GeneralSheaf,true,5,6,epoch-15,3,5,confidence,0.5536239086478304
minesweeper,GeneralSheaf,true,5,6,epoch-15,4,5,confidence,0.6746688539949526
minesweeper,GeneralSheaf,true,5,6,epoch-15,5,5,confidence,0.7210842158686379
minesweeper,GeneralSheaf,true,5,6,epoch-15,6,5,confidence,0.7200840237344428
minesweeper,GeneralSheaf,true,5,6,epoch-15,0,5,saliency,0.09929571303465563
minesweeper,GeneralSheaf,true,5,6,epoch-15,1,5,saliency,-0.03396268696064575
minesweeper,GeneralSheaf,true,5,6,epoch-15,2,5,saliency,-0.12836851695684048
minesweeper,GeneralSheaf,true,5,6,epoch-15,3,5,saliency,-0.2617673433528146
minesweeper,GeneralSheaf,true,5,6,epoch-15,4,5,saliency,-0.32150109686494
minesweeper,GeneralSheaf,true,5,6,epoch-15,5,5,saliency,-0.35762087797435443
minesweeper,GeneralSheaf,true,5,6,epoch-15,6,5,saliency,-0.36012277130030806
minesweeper,GeneralSheaf,true,5,6,epoch-15,0,5,cohens_d_train,0.025746802
minesweeper,GeneralSheaf,true,5,6,epoch-15,1,5,cohens_d_train,0.049147706
minesweeper,GeneralSheaf,true,5,6,epoch-15,2,5,cohens_d_train,0.3094819
minesweeper,GeneralSheaf,true,5,6,epoch-15,3,5,cohens_d_train,0.42092696
minesweeper,GeneralSheaf,true,5,6,epoch-15,4,5,cohens_d_train,0.5098404
minesweeper,GeneralSheaf,true,5,6,epoch-15,5,5,cohens_d_train,0.61012715
minesweeper,GeneralSheaf,true,5,6,epoch-15,6,5,cohens_d_train,0.5593741
minesweeper,GeneralSheaf,true,5,6,epoch-15,0,5,cohens_d_test,0.0074048187
minesweeper,GeneralSheaf,true,5,6,epoch-15,1,5,cohens_d_test,0.10027795
minesweeper,GeneralSheaf,true,5,6,epoch-15,2,5,cohens_d_test,0.38439363
minesweeper,GeneralSheaf,true,5,6,epoch-15,3,5,cohens_d_test,0.49327776
minesweeper,GeneralSheaf,true,5,6,epoch-15,4,5,cohens_d_test,0.58421135
minesweeper,GeneralSheaf,true,5,6,epoch-15,5,5,cohens_d_test,0.6868425
minesweeper,GeneralSheaf,true,5,6,epoch-15,6,5,cohens_d_test,0.6178751
minesweeper,GeneralSheaf,true,5,6,epoch-15,0,6,degree,-0.040610154775410176
minesweeper,GeneralSheaf,true,5,6,epoch-15,1,6,degree,-0.014464316651706279
minesweeper,GeneralSheaf,true,5,6,epoch-15,2,6,degree,1.8564910816523637e-05
minesweeper,GeneralSheaf,true,5,6,epoch-15,3,6,degree,0.00020925150103854277
minesweeper,GeneralSheaf,true,5,6,epoch-15,4,6,degree,0.008111808886757502
minesweeper,GeneralSheaf,true,5,6,epoch-15,5,6,degree,0.013444115481327328
minesweeper,GeneralSheaf,true,5,6,epoch-15,6,6,degree,0.016382662419681747
minesweeper,GeneralSheaf,true,5,6,epoch-15,0,6,betweenness,0.005450923845967672
minesweeper,GeneralSheaf,true,5,6,epoch-15,1,6,betweenness,0.038349440911450226
minesweeper,GeneralSheaf,true,5,6,epoch-15,2,6,betweenness,0.04564258064020586
minesweeper,GeneralSheaf,true,5,6,epoch-15,3,6,betweenness,0.04707640173431755
minesweeper,GeneralSheaf,true,5,6,epoch-15,4,6,betweenness,0.056098297511507404
minesweeper,GeneralSheaf,true,5,6,epoch-15,5,6,betweenness,0.06027343376344664
minesweeper,GeneralSheaf,true,5,6,epoch-15,6,6,betweenness,0.06174040088581189
minesweeper,GeneralSheaf,true,5,6,epoch-15,0,6,confidence,-0.0710302803366821
minesweeper,GeneralSheaf,true,5,6,epoch-15,1,6,confidence,0.3250406546727597
minesweeper,GeneralSheaf,true,5,6,epoch-15,2,6,confidence,0.43735198944438514
minesweeper,GeneralSheaf,true,5,6,epoch-15,3,6,confidence,0.5153664164285862
minesweeper,GeneralSheaf,true,5,6,epoch-15,4,6,confidence,0.6426170703224391
minesweeper,GeneralSheaf,true,5,6,epoch-15,5,6,confidence,0.6507365748982188
minesweeper,GeneralSheaf,true,5,6,epoch-15,6,6,confidence,0.724803206927869
minesweeper,GeneralSheaf,true,5,6,epoch-15,0,6,saliency,0.06469588619304628
minesweeper,GeneralSheaf,true,5,6,epoch-15,1,6,saliency,-0.2189501853820998
minesweeper,GeneralSheaf,true,5,6,epoch-15,2,6,saliency,-0.2965123813477924
minesweeper,GeneralSheaf,true,5,6,epoch-15,3,6,saliency,-0.3764262093813914
minesweeper,GeneralSheaf,true,5,6,epoch-15,4,6,saliency,-0.4462904676115991
minesweeper,GeneralSheaf,true,5,6,epoch-15,5,6,saliency,-0.45446157106543256
minesweeper,GeneralSheaf,true,5,6,epoch-15,6,6,saliency,-0.48435691964992833
minesweeper,GeneralSheaf,true,5,6,epoch-15,0,6,cohens_d_train,0.012996341
minesweeper,GeneralSheaf,true,5,6,epoch-15,1,6,cohens_d_train,0.11160084
minesweeper,GeneralSheaf,true,5,6,epoch-15,2,6,cohens_d_train,0.26908097
minesweeper,GeneralSheaf,true,5,6,epoch-15,3,6,cohens_d_train,0.34313628
minesweeper,GeneralSheaf,true,5,6,epoch-15,4,6,cohens_d_train,0.46926022
minesweeper,GeneralSheaf,true,5,6,epoch-15,5,6,cohens_d_train,0.531894
minesweeper,GeneralSheaf,true,5,6,epoch-15,6,6,cohens_d_train,0.6590496
minesweeper,GeneralSheaf,true,5,6,epoch-15,0,6,cohens_d_test,0.037101008
minesweeper,GeneralSheaf,true,5,6,epoch-15,1,6,cohens_d_test,0.16436467
minesweeper,GeneralSheaf,true,5,6,epoch-15,2,6,cohens_d_test,0.32692152
minesweeper,GeneralSheaf,true,5,6,epoch-15,3,6,cohens_d_test,0.38627693
minesweeper,GeneralSheaf,true,5,6,epoch-15,4,6,cohens_d_test,0.48572677
minesweeper,GeneralSheaf,true,5,6,epoch-15,5,6,cohens_d_test,0.538742
minesweeper,GeneralSheaf,true,5,6,epoch-15,6,6,cohens_d_test,0.6468154
minesweeper,GeneralSheaf,true,5,6,epoch-15,0,7,degree,-0.026246885672886015
minesweeper,GeneralSheaf,true,5,6,epoch-15,1,7,degree,-0.012581961927306635
minesweeper,GeneralSheaf,true,5,6,epoch-15,2,7,degree,-0.017764999037236853
minesweeper,GeneralSheaf,true,5,6,epoch-15,3,7,degree,-0.012794428331650063
minesweeper,GeneralSheaf,true,5,6,epoch-15,4,7,degree,-0.009725230748014306
minesweeper,GeneralSheaf,true,5,6,epoch-15,5,7,degree,-0.005884502277206882
minesweeper,GeneralSheaf,true,5,6,epoch-15,6,7,degree,-0.004323931559748336
minesweeper,GeneralSheaf,true,5,6,epoch-15,0,7,betweenness,0.01704438723775791
minesweeper,GeneralSheaf,true,5,6,epoch-15,1,7,betweenness,0.038155892898878496
minesweeper,GeneralSheaf,true,5,6,epoch-15,2,7,betweenness,0.038508301436700365
minesweeper,GeneralSheaf,true,5,6,epoch-15,3,7,betweenness,0.04062915146399794
minesweeper,GeneralSheaf,true,5,6,epoch-15,4,7,betweenness,0.043357122501132085
minesweeper,GeneralSheaf,true,5,6,epoch-15,5,7,betweenness,0.04607311761011337
minesweeper,GeneralSheaf,true,5,6,epoch-15,6,7,betweenness,0.048474755970347234
minesweeper,GeneralSheaf,true,5,6,epoch-15,0,7,confidence,-0.15023099075891305
minesweeper,GeneralSheaf,true,5,6,epoch-15,1,7,confidence,0.3075026384997791
minesweeper,GeneralSheaf,true,5,6,epoch-15,2,7,confidence,0.3790143204080618
minesweeper,GeneralSheaf,true,5,6,epoch-15,3,7,confidence,0.4734320266462044
minesweeper,GeneralSheaf,true,5,6,epoch-15,4,7,confidence,0.5667569901479732
minesweeper,GeneralSheaf,true,5,6,epoch-15,5,7,confidence,0.5620589578894514
minesweeper,GeneralSheaf,true,5,6,epoch-15,6,7,confidence,0.5938286457838828
minesweeper,GeneralSheaf,true,5,6,epoch-15,0,7,saliency,0.07253502459527765
minesweeper,GeneralSheaf,true,5,6,epoch-15,1,7,saliency,-0.24745566774088873
minesweeper,GeneralSheaf,true,5,6,epoch-15,2,7,saliency,-0.3153175943917976
minesweeper,GeneralSheaf,true,5,6,epoch-15,3,7,saliency,-0.3896197212223792
minesweeper,GeneralSheaf,true,5,6,epoch-15,4,7,saliency,-0.459766450412561
minesweeper,GeneralSheaf,true,5,6,epoch-15,5,7,saliency,-0.4329531255854278
minesweeper,GeneralSheaf,true,5,6,epoch-15,6,7,saliency,-0.4484234174356152
minesweeper,GeneralSheaf,true,5,6,epoch-15,0,7,cohens_d_train,0.10819908
minesweeper,GeneralSheaf,true,5,6,epoch-15,1,7,cohens_d_train,0.26953796
minesweeper,GeneralSheaf,true,5,6,epoch-15,2,7,cohens_d_train,0.4061836
minesweeper,GeneralSheaf,true,5,6,epoch-15,3,7,cohens_d_train,0.5091092
minesweeper,GeneralSheaf,true,5,6,epoch-15,4,7,cohens_d_train,0.6429044
minesweeper,GeneralSheaf,true,5,6,epoch-15,5,7,cohens_d_train,0.63274765
minesweeper,GeneralSheaf,true,5,6,epoch-15,6,7,cohens_d_train,0.69607115
minesweeper,GeneralSheaf,true,5,6,epoch-15,0,7,cohens_d_test,0.06593356
minesweeper,GeneralSheaf,true,5,6,epoch-15,1,7,cohens_d_test,0.21912734
minesweeper,GeneralSheaf,true,5,6,epoch-15,2,7,cohens_d_test,0.34807688
minesweeper,GeneralSheaf,true,5,6,epoch-15,3,7,cohens_d_test,0.45927832
minesweeper,GeneralSheaf,true,5,6,epoch-15,4,7,cohens_d_test,0.59075433
minesweeper,GeneralSheaf,true,5,6,epoch-15,5,7,cohens_d_test,0.5886303
minesweeper,GeneralSheaf,true,5,6,epoch-15,6,7,cohens_d_test,0.64660156
minesweeper,GeneralSheaf,true,5,6,epoch-15,0,8,degree,-0.0009190568525052089
minesweeper,GeneralSheaf,true,5,6,epoch-15,1,8,degree,-0.001589195778199078
minesweeper,GeneralSheaf,true,5,6,epoch-15,2,8,degree,-0.004757775509760351
minesweeper,GeneralSheaf,true,5,6,epoch-15,3,8,degree,-0.0022898228211674786
minesweeper,GeneralSheaf,true,5,6,epoch-15,4,8,degree,-0.0025620537188160526
minesweeper,GeneralSheaf,true,5,6,epoch-15,5,8,degree,-0.0015878279652614502
minesweeper,GeneralSheaf,true,5,6,epoch-15,6,8,degree,-0.0011121435841556172
minesweeper,GeneralSheaf,true,5,6,epoch-15,0,8,betweenness,0.012937872275648214
minesweeper,GeneralSheaf,true,5,6,epoch-15,1,8,betweenness,0.028418772411722342
minesweeper,GeneralSheaf,true,5,6,epoch-15,2,8,betweenness,0.0425836234217525
minesweeper,GeneralSheaf,true,5,6,epoch-15,3,8,betweenness,0.046153470379334684
minesweeper,GeneralSheaf,true,5,6,epoch-15,4,8,betweenness,0.04520072502377007
minesweeper,GeneralSheaf,true,5,6,epoch-15,5,8,betweenness,0.04546992244819974
minesweeper,GeneralSheaf,true,5,6,epoch-15,6,8,betweenness,0.04799524129353625
minesweeper,GeneralSheaf,true,5,6,epoch-15,0,8,confidence,-0.07639360999397303
minesweeper,GeneralSheaf,true,5,6,epoch-15,1,8,confidence,0.28728642969933865
minesweeper,GeneralSheaf,true,5,6,epoch-15,2,8,confidence,0.5632051579385673
minesweeper,GeneralSheaf,true,5,6,epoch-15,3,8,confidence,0.697496871874206
minesweeper,GeneralSheaf,true,5,6,epoch-15,4,8,confidence,0.7170390998076802
minesweeper,GeneralSheaf,true,5,6,epoch-15,5,8,confidence,0.7449591523433424
minesweeper,GeneralSheaf,true,5,6,epoch-15,6,8,confidence,0.754570059318403
minesweeper,GeneralSheaf,true,5,6,epoch-15,0,8,saliency,0.0574564547056531
minesweeper,GeneralSheaf,true,5,6,epoch-15,1,8,saliency,-0.15397646427192205
minesweeper,GeneralSheaf,true,5,6,epoch-15,2,8,saliency,-0.3564166792925823
minesweeper,GeneralSheaf,true,5,6,epoch-15,3,8,saliency,-0.46988167104045525
minesweeper,GeneralSheaf,true,5,6,epoch-15,4,8,saliency,-0.49786971234467153
minesweeper,GeneralSheaf,true,5,6,epoch-15,5,8,saliency,-0.5090012393330664
minesweeper,GeneralSheaf,true,5,6,epoch-15,6,8,saliency,-0.5235195185583363
minesweeper,GeneralSheaf,true,5,6,epoch-15,0,8,cohens_d_train,0.09133866
minesweeper,GeneralSheaf,true,5,6,epoch-15,1,8,cohens_d_train,0.27035287
minesweeper,GeneralSheaf,true,5,6,epoch-15,2,8,cohens_d_train,0.38885677
minesweeper,GeneralSheaf,true,5,6,epoch-15,3,8,cohens_d_train,0.4771101
minesweeper,GeneralSheaf,true,5,6,epoch-15,4,8,cohens_d_train,0.5620145
minesweeper,GeneralSheaf,true,5,6,epoch-15,5,8,cohens_d_train,0.6421053
minesweeper,GeneralSheaf,true,5,6,epoch-15,6,8,cohens_d_train,0.65638274
minesweeper,GeneralSheaf,true,5,6,epoch-15,0,8,cohens_d_test,0.0029888365
minesweeper,GeneralSheaf,true,5,6,epoch-15,1,8,cohens_d_test,0.21761738
minesweeper,GeneralSheaf,true,5,6,epoch-15,2,8,cohens_d_test,0.38034314
minesweeper,GeneralSheaf,true,5,6,epoch-15,3,8,cohens_d_test,0.49094602
minesweeper,GeneralSheaf,true,5,6,epoch-15,4,8,cohens_d_test,0.57976943
minesweeper,GeneralSheaf,true,5,6,epoch-15,5,8,cohens_d_test,0.66271645
minesweeper,GeneralSheaf,true,5,6,epoch-15,6,8,cohens_d_test,0.6894703
minesweeper,GeneralSheaf,true,5,6,epoch-15,0,9,degree,-0.022694373289522514
minesweeper,GeneralSheaf,true,5,6,epoch-15,1,9,degree,-0.02030512170838699
minesweeper,GeneralSheaf,true,5,6,epoch-15,2,9,degree,-0.017707863166815482
minesweeper,GeneralSheaf,true,5,6,epoch-15,3,9,degree,-0.009671368079190345
minesweeper,GeneralSheaf,true,5,6,epoch-15,4,9,degree,-0.0029330572489385458
minesweeper,GeneralSheaf,true,5,6,epoch-15,5,9,degree,0.006898425299307942
minesweeper,GeneralSheaf,true,5,6,epoch-15,6,9,degree,0.01501104129574721
minesweeper,GeneralSheaf,true,5,6,epoch-15,0,9,betweenness,0.014866144179120147
minesweeper,GeneralSheaf,true,5,6,epoch-15,1,9,betweenness,0.024968650264959907
minesweeper,GeneralSheaf,true,5,6,epoch-15,2,9,betweenness,0.03355386929514929
minesweeper,GeneralSheaf,true,5,6,epoch-15,3,9,betweenness,0.04198159820557921
minesweeper,GeneralSheaf,true,5,6,epoch-15,4,9,betweenness,0.04766945205441063
minesweeper,GeneralSheaf,true,5,6,epoch-15,5,9,betweenness,0.05471989360549718
minesweeper,GeneralSheaf,true,5,6,epoch-15,6,9,betweenness,0.05664282693446741
minesweeper,GeneralSheaf,true,5,6,epoch-15,0,9,confidence,-0.04916410266113802
minesweeper,GeneralSheaf,true,5,6,epoch-15,1,9,confidence,0.14446110322284533
minesweeper,GeneralSheaf,true,5,6,epoch-15,2,9,confidence,0.34795348777832436
minesweeper,GeneralSheaf,true,5,6,epoch-15,3,9,confidence,0.6063504218546091
minesweeper,GeneralSheaf,true,5,6,epoch-15,4,9,confidence,0.6564699174282709
minesweeper,GeneralSheaf,true,5,6,epoch-15,5,9,confidence,0.6540597872179927
minesweeper,GeneralSheaf,true,5,6,epoch-15,6,9,confidence,0.6548669259121737
minesweeper,GeneralSheaf,true,5,6,epoch-15,0,9,saliency,0.24327078138780495
minesweeper,GeneralSheaf,true,5,6,epoch-15,1,9,saliency,0.18429465343302825
minesweeper,GeneralSheaf,true,5,6,epoch-15,2,9,saliency,0.10161855248923408
minesweeper,GeneralSheaf,true,5,6,epoch-15,3,9,saliency,-0.10391723515566637
minesweeper,GeneralSheaf,true,5,6,epoch-15,4,9,saliency,-0.15139634383668857
minesweeper,GeneralSheaf,true,5,6,epoch-15,5,9,saliency,-0.14079809228536008
minesweeper,GeneralSheaf,true,5,6,epoch-15,6,9,saliency,-0.13381709483657966
minesweeper,GeneralSheaf,true,5,6,epoch-15,0,9,cohens_d_train,0.12234542
minesweeper,GeneralSheaf,true,5,6,epoch-15,1,9,cohens_d_train,0.07946152
minesweeper,GeneralSheaf,true,5,6,epoch-15,2,9,cohens_d_train,0.0072814673
minesweeper,GeneralSheaf,true,5,6,epoch-15,3,9,cohens_d_train,0.20783651
minesweeper,GeneralSheaf,true,5,6,epoch-15,4,9,cohens_d_train,0.4983406
minesweeper,GeneralSheaf,true,5,6,epoch-15,5,9,cohens_d_train,0.5051194
minesweeper,GeneralSheaf,true,5,6,epoch-15,6,9,cohens_d_train,0.51842576
minesweeper,GeneralSheaf,true,5,6,epoch-15,0,9,cohens_d_test,0.097889036
minesweeper,GeneralSheaf,true,5,6,epoch-15,1,9,cohens_d_test,0.070371374
minesweeper,GeneralSheaf,true,5,6,epoch-15,2,9,cohens_d_test,0.0017781052
minesweeper,GeneralSheaf,true,5,6,epoch-15,3,9,cohens_d_test,0.21623237
minesweeper,GeneralSheaf,true,5,6,epoch-15,4,9,cohens_d_test,0.50119185
minesweeper,GeneralSheaf,true,5,6,epoch-15,5,9,cohens_d_test,0.50836384
minesweeper,GeneralSheaf,true,5,6,epoch-15,6,9,cohens_d_test,0.520122
minesweeper,GeneralSheaf,true,5,6,epoch-50,0,0,degree,-0.02319433582839189
minesweeper,GeneralSheaf,true,5,6,epoch-50,1,0,degree,-0.007361108530325938
minesweeper,GeneralSheaf,true,5,6,epoch-50,2,0,degree,-0.0040001634031335475
minesweeper,GeneralSheaf,true,5,6,epoch-50,3,0,degree,-0.004572718971297264
minesweeper,GeneralSheaf,true,5,6,epoch-50,4,0,degree,-0.0029155885920897377
minesweeper,GeneralSheaf,true,5,6,epoch-50,5,0,degree,-0.0004359002521346535
minesweeper,GeneralSheaf,true,5,6,epoch-50,6,0,degree,0.00593471978976428
minesweeper,GeneralSheaf,true,5,6,epoch-50,0,0,betweenness,0.015664906904537135
minesweeper,GeneralSheaf,true,5,6,epoch-50,1,0,betweenness,0.027119391092414288
minesweeper,GeneralSheaf,true,5,6,epoch-50,2,0,betweenness,0.036536555605338535
minesweeper,GeneralSheaf,true,5,6,epoch-50,3,0,betweenness,0.0419622985693854
minesweeper,GeneralSheaf,true,5,6,epoch-50,4,0,betweenness,0.04582612571777352
minesweeper,GeneralSheaf,true,5,6,epoch-50,5,0,betweenness,0.04963214023195926
minesweeper,GeneralSheaf,true,5,6,epoch-50,6,0,betweenness,0.055045597428602745
minesweeper,GeneralSheaf,true,5,6,epoch-50,0,0,confidence,0.08447999797359984
minesweeper,GeneralSheaf,true,5,6,epoch-50,1,0,confidence,0.39392247382529577
minesweeper,GeneralSheaf,true,5,6,epoch-50,2,0,confidence,0.57689053072279
minesweeper,GeneralSheaf,true,5,6,epoch-50,3,0,confidence,0.7158104296056024
minesweeper,GeneralSheaf,true,5,6,epoch-50,4,0,confidence,0.7871820246557385
minesweeper,GeneralSheaf,true,5,6,epoch-50,5,0,confidence,0.8024748215084214
minesweeper,GeneralSheaf,true,5,6,epoch-50,6,0,confidence,0.7904887268323875
minesweeper,GeneralSheaf,true,5,6,epoch-50,0,0,saliency,0.16893311849126863
minesweeper,GeneralSheaf,true,5,6,epoch-50,1,0,saliency,0.060854428095457096
minesweeper,GeneralSheaf,true,5,6,epoch-50,2,0,saliency,-0.05122827450951222
minesweeper,GeneralSheaf,true,5,6,epoch-50,3,0,saliency,-0.15016909627549296
minesweeper,GeneralSheaf,true,5,6,epoch-50,4,0,saliency,-0.22617628083644134
minesweeper,GeneralSheaf,true,5,6,epoch-50,5,0,saliency,-0.2608762552375452
minesweeper,GeneralSheaf,true,5,6,epoch-50,6,0,saliency,-0.25578365998613867
minesweeper,GeneralSheaf,true,5,6,epoch-50,0,0,cohens_d_train,0.009755258
minesweeper,GeneralSheaf,true,5,6,epoch-50,1,0,cohens_d_train,0.12290829
minesweeper,GeneralSheaf,true,5,6,epoch-50,2,0,cohens_d_train,0.27002582
minesweeper,GeneralSheaf,true,5,6,epoch-50,3,0,cohens_d_train,0.376885
minesweeper,GeneralSheaf,true,5,6,epoch-50,4,0,cohens_d_train,0.4777651
minesweeper,GeneralSheaf,true,5,6,epoch-50,5,0,cohens_d_train,0.577001
minesweeper,GeneralSheaf,true,5,6,epoch-50,6,0,cohens_d_train,0.5570369
minesweeper,GeneralSheaf,true,5,6,epoch-50,0,0,cohens_d_test,0.07597263
minesweeper,GeneralSheaf,true,5,6,epoch-50,1,0,cohens_d_test,0.20577362
minesweeper,GeneralSheaf,true,5,6,epoch-50,2,0,cohens_d_test,0.35241306
minesweeper,GeneralSheaf,true,5,6,epoch-50,3,0,cohens_d_test,0.4704356
minesweeper,GeneralSheaf,true,5,6,epoch-50,4,0,cohens_d_test,0.57196367
minesweeper,GeneralSheaf,true,5,6,epoch-50,5,0,cohens_d_test,0.66647387
minesweeper,GeneralSheaf,true,5,6,epoch-50,6,0,cohens_d_test,0.6491827
minesweeper,GeneralSheaf,true,5,6,epoch-50,0,1,degree,-0.03743692318855602
minesweeper,GeneralSheaf,true,5,6,epoch-50,1,1,degree,-0.002215546338736529
minesweeper,GeneralSheaf,true,5,6,epoch-50,2,1,degree,0.002472901818073509
minesweeper,GeneralSheaf,true,5,6,epoch-50,3,1,degree,0.001304203316146363
minesweeper,GeneralSheaf,true,5,6,epoch-50,4,1,degree,-0.003436980774388661
minesweeper,GeneralSheaf,true,5,6,epoch-50,5,1,degree,-0.003482227415639576
minesweeper,GeneralSheaf,true,5,6,epoch-50,6,1,degree,-0.0029675614325233826
minesweeper,GeneralSheaf,true,5,6,epoch-50,0,1,betweenness,0.00390639186094323
minesweeper,GeneralSheaf,true,5,6,epoch-50,1,1,betweenness,0.029306281806821197
minesweeper,GeneralSheaf,true,5,6,epoch-50,2,1,betweenness,0.036680959904570286
minesweeper,GeneralSheaf,true,5,6,epoch-50,3,1,betweenness,0.04235334915493115
minesweeper,GeneralSheaf,true,5,6,epoch-50,4,1,betweenness,0.04411001645282046
minesweeper,GeneralSheaf,true,5,6,epoch-50,5,1,betweenness,0.044840949792158295
minesweeper,GeneralSheaf,true,5,6,epoch-50,6,1,betweenness,0.04848396099058504
minesweeper,GeneralSheaf,true,5,6,epoch-50,0,1,confidence,0.0055552375278054116
minesweeper,GeneralSheaf,true,5,6,epoch-50,1,1,confidence,0.42517478866359126
minesweeper,GeneralSheaf,true,5,6,epoch-50,2,1,confidence,0.5512594113813322
minesweeper,GeneralSheaf,true,5,6,epoch-50,3,1,confidence,0.6638142943522495
minesweeper,GeneralSheaf,true,5,6,epoch-50,4,1,confidence,0.7238968862394315
minesweeper,GeneralSheaf,true,5,6,epoch-50,5,1,confidence,0.7348745057952579
minesweeper,GeneralSheaf,true,5,6,epoch-50,6,1,confidence,0.7095154666877719
minesweeper,GeneralSheaf,true,5,6,epoch-50,0,1,saliency,0.0013037750716142248
minesweeper,GeneralSheaf,true,5,6,epoch-50,1,1,saliency,-0.17488313831112717
minesweeper,GeneralSheaf,true,5,6,epoch-50,2,1,saliency,-0.2365950535576288
minesweeper,GeneralSheaf,true,5,6,epoch-50,3,1,saliency,-0.3540083660192697
minesweeper,GeneralSheaf,true,5,6,epoch-50,4,1,saliency,-0.43020408030049384
minesweeper,GeneralSheaf,true,5,6,epoch-50,5,1,saliency,-0.43984512946304893
minesweeper,GeneralSheaf,true,5,6,epoch-50,6,1,saliency,-0.4387568779208339
minesweeper,GeneralSheaf,true,5,6,epoch-50,0,1,cohens_d_train,0.12349962
minesweeper,GeneralSheaf,true,5,6,epoch-50,1,1,cohens_d_train,0.3708897
minesweeper,GeneralSheaf,true,5,6,epoch-50,2,1,cohens_d_train,0.53232896
minesweeper,GeneralSheaf,true,5,6,epoch-50,3,1,cohens_d_train,0.62684005
minesweeper,GeneralSheaf,true,5,6,epoch-50,4,1,cohens_d_train,0.7165236
minesweeper,GeneralSheaf,true,5,6,epoch-50,5,1,cohens_d_train,0.7210388
minesweeper,GeneralSheaf,true,5,6,epoch-50,6,1,cohens_d_train,0.7067747
minesweeper,GeneralSheaf,true,5,6,epoch-50,0,1,cohens_d_test,0.087856196
minesweeper,GeneralSheaf,true,5,6,epoch-50,1,1,cohens_d_test,0.32122442
minesweeper,GeneralSheaf,true,5,6,epoch-50,2,1,cohens_d_test,0.47143975
minesweeper,GeneralSheaf,true,5,6,epoch-50,3,1,cohens_d_test,0.5534813
minesweeper,GeneralSheaf,true,5,6,epoch-50,4,1,cohens_d_test,0.6428837
minesweeper,GeneralSheaf,true,5,6,epoch-50,5,1,cohens_d_test,0.64260817
minesweeper,GeneralSheaf,true,5,6,epoch-50,6,1,cohens_d_test,0.629123
minesweeper,GeneralSheaf,true,5,6,epoch-50,0,2,degree,-0.03743692318855602
minesweeper,GeneralSheaf,true,5,6,epoch-50,1,2,degree,-0.014497340903385635
minesweeper,GeneralSheaf,true,5,6,epoch-50,2,2,degree,0.02092960375572123
minesweeper,GeneralSheaf,true,5,6,epoch-50,3,2,degree,0.012034458202509642
minesweeper,GeneralSheaf,true,5,6,epoch-50,4,2,degree,0.00922586308187155
minesweeper,GeneralSheaf,true,5,6,epoch-50,5,2,degree,0.007536437226838449
minesweeper,GeneralSheaf,true,5,6,epoch-50,6,2,degree,0.012341422424763517
minesweeper,GeneralSheaf,true,5,6,epoch-50,0,2,betweenness,0.00390639186094323
minesweeper,GeneralSheaf,true,5,6,epoch-50,1,2,betweenness,0.03140282500028926
minesweeper,GeneralSheaf,true,5,6,epoch-50,2,2,betweenness,0.04847541936079016
minesweeper,GeneralSheaf,true,5,6,epoch-50,3,2,betweenness,0.04758613736785999
minesweeper,GeneralSheaf,true,5,6,epoch-50,4,2,betweenness,0.05075014635532848
minesweeper,GeneralSheaf,true,5,6,epoch-50,5,2,betweenness,0.051888589978909556
minesweeper,GeneralSheaf,true,5,6,epoch-50,6,2,betweenness,0.05219154695548122
minesweeper,GeneralSheaf,true,5,6,epoch-50,0,2,confidence,0.034661240103129036
minesweeper,GeneralSheaf,true,5,6,epoch-50,1,2,confidence,0.5098809969538882
minesweeper,GeneralSheaf,true,5,6,epoch-50,2,2,confidence,0.6682913401777548
minesweeper,GeneralSheaf,true,5,6,epoch-50,3,2,confidence,0.7089949779379819
minesweeper,GeneralSheaf,true,5,6,epoch-50,4,2,confidence,0.7158583669323247
minesweeper,GeneralSheaf,true,5,6,epoch-50,5,2,confidence,0.7368828078514253
minesweeper,GeneralSheaf,true,5,6,epoch-50,6,2,confidence,0.7631024967945339
minesweeper,GeneralSheaf,true,5,6,epoch-50,0,2,saliency,-0.14402410176168712
minesweeper,GeneralSheaf,true,5,6,epoch-50,1,2,saliency,-0.27730723702355126
minesweeper,GeneralSheaf,true,5,6,epoch-50,2,2,saliency,-0.37168937527446905
minesweeper,GeneralSheaf,true,5,6,epoch-50,3,2,saliency,-0.39042283649208465
minesweeper,GeneralSheaf,true,5,6,epoch-50,4,2,saliency,-0.38962958369980244
minesweeper,GeneralSheaf,true,5,6,epoch-50,5,2,saliency,-0.4172164708691713
minesweeper,GeneralSheaf,true,5,6,epoch-50,6,2,saliency,-0.4338309884596114
minesweeper,GeneralSheaf,true,5,6,epoch-50,0,2,cohens_d_train,0.10280051
minesweeper,GeneralSheaf,true,5,6,epoch-50,1,2,cohens_d_train,0.350676
minesweeper,GeneralSheaf,true,5,6,epoch-50,2,2,cohens_d_train,0.48115736
minesweeper,GeneralSheaf,true,5,6,epoch-50,3,2,cohens_d_train,0.55550236
minesweeper,GeneralSheaf,true,5,6,epoch-50,4,2,cohens_d_train,0.5236623
minesweeper,GeneralSheaf,true,5,6,epoch-50,5,2,cohens_d_train,0.5788733
minesweeper,GeneralSheaf,true,5,6,epoch-50,6,2,cohens_d_train,0.778615
minesweeper,GeneralSheaf,true,5,6,epoch-50,0,2,cohens_d_test,0.06982815
minesweeper,GeneralSheaf,true,5,6,epoch-50,1,2,cohens_d_test,0.3140754
minesweeper,GeneralSheaf,true,5,6,epoch-50,2,2,cohens_d_test,0.44821614
minesweeper,GeneralSheaf,true,5,6,epoch-50,3,2,cohens_d_test,0.51686364
minesweeper,GeneralSheaf,true,5,6,epoch-50,4,2,cohens_d_test,0.48582643
minesweeper,GeneralSheaf,true,5,6,epoch-50,5,2,cohens_d_test,0.54801255
minesweeper,GeneralSheaf,true,5,6,epoch-50,6,2,cohens_d_test,0.7621821
minesweeper,GeneralSheaf,true,5,6,epoch-50,0,3,degree,-0.019065601362651768
minesweeper,GeneralSheaf,true,5,6,epoch-50,1,3,degree,0.01004284566536749
minesweeper,GeneralSheaf,true,5,6,epoch-50,2,3,degree,0.003029736490372542
minesweeper,GeneralSheaf,true,5,6,epoch-50,3,3,degree,0.007720817638953381
minesweeper,GeneralSheaf,true,5,6,epoch-50,4,3,degree,0.008319107785219442
minesweeper,GeneralSheaf,true,5,6,epoch-50,5,3,degree,0.004556820730825393
minesweeper,GeneralSheaf,true,5,6,epoch-50,6,3,degree,0.002579844771942287
minesweeper,GeneralSheaf,true,5,6,epoch-50,0,3,betweenness,0.01380324853679135
minesweeper,GeneralSheaf,true,5,6,epoch-50,1,3,betweenness,0.03254514308769705
minesweeper,GeneralSheaf,true,5,6,epoch-50,2,3,betweenness,0.03818227861154099
minesweeper,GeneralSheaf,true,5,6,epoch-50,3,3,betweenness,0.04192003508470948
minesweeper,GeneralSheaf,true,5,6,epoch-50,4,3,betweenness,0.04570552654456355
minesweeper,GeneralSheaf,true,5,6,epoch-50,5,3,betweenness,0.04893406945183633
minesweeper,GeneralSheaf,true,5,6,epoch-50,6,3,betweenness,0.0546995519129647
minesweeper,GeneralSheaf,true,5,6,epoch-50,0,3,confidence,-3.0253828180389495e-05
minesweeper,GeneralSheaf,true,5,6,epoch-50,1,3,confidence,0.33886035187448976
minesweeper,GeneralSheaf,true,5,6,epoch-50,2,3,confidence,0.5520725311464327
minesweeper,GeneralSheaf,true,5,6,epoch-50,3,3,confidence,0.6016030061048844
minesweeper,GeneralSheaf,true,5,6,epoch-50,4,3,confidence,0.6813140310502125
minesweeper,GeneralSheaf,true,5,6,epoch-50,5,3,confidence,0.7265290396569664
minesweeper,GeneralSheaf,true,5,6,epoch-50,6,3,confidence,0.7146172860236578
minesweeper,GeneralSheaf,true,5,6,epoch-50,0,3,saliency,0.2723470704671898
minesweeper,GeneralSheaf,true,5,6,epoch-50,1,3,saliency,0.0831880924456244
minesweeper,GeneralSheaf,true,5,6,epoch-50,2,3,saliency,-0.07479110902748169
minesweeper,GeneralSheaf,true,5,6,epoch-50,3,3,saliency,-0.13780016965165529
minesweeper,GeneralSheaf,true,5,6,epoch-50,4,3,saliency,-0.2324646740927389
minesweeper,GeneralSheaf,true,5,6,epoch-50,5,3,saliency,-0.2963509713435112
minesweeper,GeneralSheaf,true,5,6,epoch-50,6,3,saliency,-0.35021003404430284
minesweeper,GeneralSheaf,true,5,6,epoch-50,0,3,cohens_d_train,0.11482898
minesweeper,GeneralSheaf,true,5,6,epoch-50,1,3,cohens_d_train,0.24834135
minesweeper,GeneralSheaf,true,5,6,epoch-50,2,3,cohens_d_train,0.44502503
minesweeper,GeneralSheaf,true,5,6,epoch-50,3,3,cohens_d_train,0.48330712
minesweeper,GeneralSheaf,true,5,6,epoch-50,4,3,cohens_d_train,0.5666621
minesweeper,GeneralSheaf,true,5,6,epoch-50,5,3,cohens_d_train,0.60381603
minesweeper,GeneralSheaf,true,5,6,epoch-50,6,3,cohens_d_train,0.61206657
minesweeper,GeneralSheaf,true,5,6,epoch-50,0,3,cohens_d_test,0.17592692
minesweeper,GeneralSheaf,true,5,6,epoch-50,1,3,cohens_d_test,0.31860012
minesweeper,GeneralSheaf,true,5,6,epoch-50,2,3,cohens_d_test,0.50378644
minesweeper,GeneralSheaf,true,5,6,epoch-50,3,3,cohens_d_test,0.5569018
minesweeper,GeneralSheaf,true,5,6,epoch-50,4,3,cohens_d_test,0.64876693
minesweeper,GeneralSheaf,true,5,6,epoch-50,5,3,cohens_d_test,0.695529
minesweeper,GeneralSheaf,true,5,6,epoch-50,6,3,cohens_d_test,0.706684
minesweeper,GeneralSheaf,true,5,6,epoch-50,0,4,degree,-0.01909040685702993
minesweeper,GeneralSheaf,true,5,6,epoch-50,1,4,degree,-0.01488870634362896
minesweeper,GeneralSheaf,true,5,6,epoch-50,2,4,degree,0.003565418022474142
minesweeper,GeneralSheaf,true,5,6,epoch-50,3,4,degree,0.003115308033760121
minesweeper,GeneralSheaf,true,5,6,epoch-50,4,4,degree,0.0017833183135507029
minesweeper,GeneralSheaf,true,5,6,epoch-50,5,4,degree,0.0035635452463081384
minesweeper,GeneralSheaf,true,5,6,epoch-50,6,4,degree,0.006906399731628662
minesweeper,GeneralSheaf,true,5,6,epoch-50,0,4,betweenness,0.013812511272992661
minesweeper,GeneralSheaf,true,5,6,epoch-50,1,4,betweenness,0.029539730528815214
minesweeper,GeneralSheaf,true,5,6,epoch-50,2,4,betweenness,0.042328000781565726
minesweeper,GeneralSheaf,true,5,6,epoch-50,3,4,betweenness,0.04553747815956058
minesweeper,GeneralSheaf,true,5,6,epoch-50,4,4,betweenness,0.04696117598116148
minesweeper,GeneralSheaf,true,5,6,epoch-50,5,4,betweenness,0.051943934777153505
minesweeper,GeneralSheaf,true,5,6,epoch-50,6,4,betweenness,0.058622454258334955
minesweeper,GeneralSheaf,true,5,6,epoch-50,0,4,confidence,-0.019146103185843907
minesweeper,GeneralSheaf,true,5,6,epoch-50,1,4,confidence,0.42525277666383104
minesweeper,GeneralSheaf,true,5,6,epoch-50,2,4,confidence,0.5723892131461935
minesweeper,GeneralSheaf,true,5,6,epoch-50,3,4,confidence,0.6646295015588504
minesweeper,GeneralSheaf,true,5,6,epoch-50,4,4,confidence,0.6861377974024512
minesweeper,GeneralSheaf,true,5,6,epoch-50,5,4,confidence,0.6757702311344899
minesweeper,GeneralSheaf,true,5,6,epoch-50,6,4,confidence,0.6663217552288078
minesweeper,GeneralSheaf,true,5,6,epoch-50,0,4,saliency,0.035441844050639035
minesweeper,GeneralSheaf,true,5,6,epoch-50,1,4,saliency,-0.22229048100690604
minesweeper,GeneralSheaf,true,5,6,epoch-50,2,4,saliency,-0.2986943084401118
minesweeper,GeneralSheaf,true,5,6,epoch-50,3,4,saliency,-0.4021650316828893
minesweeper,GeneralSheaf,true,5,6,epoch-50,4,4,saliency,-0.4421995636093222
minesweeper,GeneralSheaf,true,5,6,epoch-50,5,4,saliency,-0.4422614823019417
minesweeper,GeneralSheaf,true,5,6,epoch-50,6,4,saliency,-0.4484576034112668
minesweeper,GeneralSheaf,true,5,6,epoch-50,0,4,cohens_d_train,0.017534425
minesweeper,GeneralSheaf,true,5,6,epoch-50,1,4,cohens_d_train,0.20460889
minesweeper,GeneralSheaf,true,5,6,epoch-50,2,4,cohens_d_train,0.34213194
minesweeper,GeneralSheaf,true,5,6,epoch-50,3,4,cohens_d_train,0.44816804
minesweeper,GeneralSheaf,true,5,6,epoch-50,4,4,cohens_d_train,0.5293976
minesweeper,GeneralSheaf,true,5,6,epoch-50,5,4,cohens_d_train,0.57218754
minesweeper,GeneralSheaf,true,5,6,epoch-50,6,4,cohens_d_train,0.52666223
minesweeper,GeneralSheaf,true,5,6,epoch-50,0,4,cohens_d_test,0.13262592
minesweeper,GeneralSheaf,true,5,6,epoch-50,1,4,cohens_d_test,0.3374853
minesweeper,GeneralSheaf,true,5,6,epoch-50,2,4,cohens_d_test,0.49979758
minesweeper,GeneralSheaf,true,5,6,epoch-50,3,4,cohens_d_test,0.6177473
minesweeper,GeneralSheaf,true,5,6,epoch-50,4,4,cohens_d_test,0.70337677
minesweeper,GeneralSheaf,true,5,6,epoch-50,5,4,cohens_d_test,0.748389
minesweeper,GeneralSheaf,true,5,6,epoch-50,6,4,cohens_d_test,0.71371144
minesweeper,GeneralSheaf,true,5,6,epoch-50,0,5,degree,-0.01909040685702993
minesweeper,GeneralSheaf,true,5,6,epoch-50,1,5,degree,-0.022190070417766848
minesweeper,GeneralSheaf,true,5,6,epoch-50,2,5,degree,-0.01337998632890343
minesweeper,GeneralSheaf,true,5,6,epoch-50,3,5,degree,-0.010331446620785181
minesweeper,GeneralSheaf,true,5,6,epoch-50,4,5,degree,-0.00670072315261532
minesweeper,GeneralSheaf,true,5,6,epoch-50,5,5,degree,-0.006914388018996624
minesweeper,GeneralSheaf,true,5,6,epoch-50,6,5,degree,-0.006395064821654347
minesweeper,GeneralSheaf,true,5,6,epoch-50,0,5,betweenness,0.013812511272992661
minesweeper,GeneralSheaf,true,5,6,epoch-50,1,5,betweenness,0.017617022607015843
minesweeper,GeneralSheaf,true,5,6,epoch-50,2,5,betweenness,0.03262219629959209
minesweeper,GeneralSheaf,true,5,6,epoch-50,3,5,betweenness,0.039836910927564216
minesweeper,GeneralSheaf,true,5,6,epoch-50,4,5,betweenness,0.04472711092141801
minesweeper,GeneralSheaf,true,5,6,epoch-50,5,5,betweenness,0.04339558765525775
minesweeper,GeneralSheaf,true,5,6,epoch-50,6,5,betweenness,0.04680647777589023
minesweeper,GeneralSheaf,true,5,6,epoch-50,0,5,confidence,0.00874490054288715
minesweeper,GeneralSheaf,true,5,6,epoch-50,1,5,confidence,0.35198946118996494
minesweeper,GeneralSheaf,true,5,6,epoch-50,2,5,confidence,0.6061360921803387
minesweeper,GeneralSheaf,true,5,6,epoch-50,3,5,confidence,0.7105838928272328
minesweeper,GeneralSheaf,true,5,6,epoch-50,4,5,confidence,0.7245875335328729
minesweeper,GeneralSheaf,true,5,6,epoch-50,5,5,confidence,0.7547999216390548
minesweeper,GeneralSheaf,true,5,6,epoch-50,6,5,confidence,0.7585940797912271
minesweeper,GeneralSheaf,true,5,6,epoch-50,0,5,saliency,0.012791412334848644
minesweeper,GeneralSheaf,true,5,6,epoch-50,1,5,saliency,-0.049795831705004026
minesweeper,GeneralSheaf,true,5,6,epoch-50,2,5,saliency,-0.13108364212680268
minesweeper,GeneralSheaf,true,5,6,epoch-50,3,5,saliency,-0.18966421387921112
minesweeper,GeneralSheaf,true,5,6,epoch-50,4,5,saliency,-0.22802924579908107
minesweeper,GeneralSheaf,true,5,6,epoch-50,5,5,saliency,-0.23095493055024216
minesweeper,GeneralSheaf,true,5,6,epoch-50,6,5,saliency,-0.24443678926130116
minesweeper,GeneralSheaf,true,5,6,epoch-50,0,5,cohens_d_train,0.044101395
minesweeper,GeneralSheaf,true,5,6,epoch-50,1,5,cohens_d_train,0.17097324
minesweeper,GeneralSheaf,true,5,6,epoch-50,2,5,cohens_d_train,0.44650394
minesweeper,GeneralSheaf,true,5,6,epoch-50,3,5,cohens_d_train,0.57508045
minesweeper,GeneralSheaf,true,5,6,epoch-50,4,5,cohens_d_train,0.62906945
minesweeper,GeneralSheaf,true,5,6,epoch-50,5,5,cohens_d_train,0.65326405
minesweeper,GeneralSheaf,true,5,6,epoch-50,6,5,cohens_d_train,0.6154503
minesweeper,GeneralSheaf,true,5,6,epoch-50,0,5,cohens_d_test,0.035688028
minesweeper,GeneralSheaf,true,5,6,epoch-50,1,5,cohens_d_test,0.16550311
minesweeper,GeneralSheaf,true,5,6,epoch-50,2,5,cohens_d_test,0.44248
minesweeper,GeneralSheaf,true,5,6,epoch-50,3,5,cohens_d_test,0.5791345
minesweeper,GeneralSheaf,true,5,6,epoch-50,4,5,cohens_d_test,0.6246834
minesweeper,GeneralSheaf,true,5,6,epoch-50,5,5,cohens_d_test,0.6500058
minesweeper,GeneralSheaf,true,5,6,epoch-50,6,5,cohens_d_test,0.6090378
minesweeper,GeneralSheaf,true,5,6,epoch-50,0,6,degree,-0.03943140244712076
minesweeper,GeneralSheaf,true,5,6,epoch-50,1,6,degree,-0.0023605266198296363
minesweeper,GeneralSheaf,true,5,6,epoch-50,2,6,degree,0.005288400269282804
minesweeper,GeneralSheaf,true,5,6,epoch-50,3,6,degree,0.010145614413024782
minesweeper,GeneralSheaf,true,5,6,epoch-50,4,6,degree,0.01146816841955686
minesweeper,GeneralSheaf,true,5,6,epoch-50,5,6,degree,0.012506498279747773
minesweeper,GeneralSheaf,true,5,6,epoch-50,6,6,degree,0.01026572104730943
minesweeper,GeneralSheaf,true,5,6,epoch-50,0,6,betweenness,0.004831052037539907
minesweeper,GeneralSheaf,true,5,6,epoch-50,1,6,betweenness,0.04376499151348805
minesweeper,GeneralSheaf,true,5,6,epoch-50,2,6,betweenness,0.04852882957947209
minesweeper,GeneralSheaf,true,5,6,epoch-50,3,6,betweenness,0.048508104121409434
minesweeper,GeneralSheaf,true,5,6,epoch-50,4,6,betweenness,0.048628781870184344
minesweeper,GeneralSheaf,true,5,6,epoch-50,5,6,betweenness,0.050100736414660695
minesweeper,GeneralSheaf,true,5,6,epoch-50,6,6,betweenness,0.04879268271982975
minesweeper,GeneralSheaf,true,5,6,epoch-50,0,6,confidence,0.04511434950971828
minesweeper,GeneralSheaf,true,5,6,epoch-50,1,6,confidence,0.5524683193145049
minesweeper,GeneralSheaf,true,5,6,epoch-50,2,6,confidence,0.6311065311090789
minesweeper,GeneralSheaf,true,5,6,epoch-50,3,6,confidence,0.6679809786115831
minesweeper,GeneralSheaf,true,5,6,epoch-50,4,6,confidence,0.7173034352889568
minesweeper,GeneralSheaf,true,5,6,epoch-50,5,6,confidence,0.7418412113071107
minesweeper,GeneralSheaf,true,5,6,epoch-50,6,6,confidence,0.7771272605544108
minesweeper,GeneralSheaf,true,5,6,epoch-50,0,6,saliency,-0.22329502326540018
minesweeper,GeneralSheaf,true,5,6,epoch-50,1,6,saliency,-0.286392312744219
minesweeper,GeneralSheaf,true,5,6,epoch-50,2,6,saliency,-0.34954897944378166
minesweeper,GeneralSheaf,true,5,6,epoch-50,3,6,saliency,-0.370005792125828
minesweeper,GeneralSheaf,true,5,6,epoch-50,4,6,saliency,-0.4163359670683557
minesweeper,GeneralSheaf,true,5,6,epoch-50,5,6,saliency,-0.4349475071000848
minesweeper,GeneralSheaf,true,5,6,epoch-50,6,6,saliency,-0.46190215168656434
minesweeper,GeneralSheaf,true,5,6,epoch-50,0,6,cohens_d_train,0.08261081
minesweeper,GeneralSheaf,true,5,6,epoch-50,1,6,cohens_d_train,0.3338097
minesweeper,GeneralSheaf,true,5,6,epoch-50,2,6,cohens_d_train,0.46485904
minesweeper,GeneralSheaf,true,5,6,epoch-50,3,6,cohens_d_train,0.48239326
minesweeper,GeneralSheaf,true,5,6,epoch-50,4,6,cohens_d_train,0.60265315
minesweeper,GeneralSheaf,true,5,6,epoch-50,5,6,cohens_d_train,0.6690261
minesweeper,GeneralSheaf,true,5,6,epoch-50,6,6,cohens_d_train,0.7347795
minesweeper,GeneralSheaf,true,5,6,epoch-50,0,6,cohens_d_test,0.09539558
minesweeper,GeneralSheaf,true,5,6,epoch-50,1,6,cohens_d_test,0.3488346
minesweeper,GeneralSheaf,true,5,6,epoch-50,2,6,cohens_d_test,0.49090022
minesweeper,GeneralSheaf,true,5,6,epoch-50,3,6,cohens_d_test,0.497853
minesweeper,GeneralSheaf,true,5,6,epoch-50,4,6,cohens_d_test,0.61055
minesweeper,GeneralSheaf,true,5,6,epoch-50,5,6,cohens_d_test,0.6726291
minesweeper,GeneralSheaf,true,5,6,epoch-50,6,6,cohens_d_test,0.7333593
minesweeper,GeneralSheaf,true,5,6,epoch-50,0,7,degree,-0.01909040685702993
minesweeper,GeneralSheaf,true,5,6,epoch-50,1,7,degree,0.0008629069494106633
minesweeper,GeneralSheaf,true,5,6,epoch-50,2,7,degree,0.003904360866419536
minesweeper,GeneralSheaf,true,5,6,epoch-50,3,7,degree,0.003107074085666233
minesweeper,GeneralSheaf,true,5,6,epoch-50,4,7,degree,0.0012427598048279026
minesweeper,GeneralSheaf,true,5,6,epoch-50,5,7,degree,-0.0008499950044651612
minesweeper,GeneralSheaf,true,5,6,epoch-50,6,7,degree,-0.00045300846458790636
minesweeper,GeneralSheaf,true,5,6,epoch-50,0,7,betweenness,0.013812511272992661
minesweeper,GeneralSheaf,true,5,6,epoch-50,1,7,betweenness,0.034624566042530884
minesweeper,GeneralSheaf,true,5,6,epoch-50,2,7,betweenness,0.038187511031249864
minesweeper,GeneralSheaf,true,5,6,epoch-50,3,7,betweenness,0.04222818182780203
minesweeper,GeneralSheaf,true,5,6,epoch-50,4,7,betweenness,0.04136052957709428
minesweeper,GeneralSheaf,true,5,6,epoch-50,5,7,betweenness,0.04532810360318482
minesweeper,GeneralSheaf,true,5,6,epoch-50,6,7,betweenness,0.04834630512491345
minesweeper,GeneralSheaf,true,5,6,epoch-50,0,7,confidence,0.01367181293003465
minesweeper,GeneralSheaf,true,5,6,epoch-50,1,7,confidence,0.5227391726592663
minesweeper,GeneralSheaf,true,5,6,epoch-50,2,7,confidence,0.6270102479928875
minesweeper,GeneralSheaf,true,5,6,epoch-50,3,7,confidence,0.6936156146260868
minesweeper,GeneralSheaf,true,5,6,epoch-50,4,7,confidence,0.7409191251811275
minesweeper,GeneralSheaf,true,5,6,epoch-50,5,7,confidence,0.7414387050012332
minesweeper,GeneralSheaf,true,5,6,epoch-50,6,7,confidence,0.7520996119803479
minesweeper,GeneralSheaf,true,5,6,epoch-50,0,7,saliency,0.10857262041487102
minesweeper,GeneralSheaf,true,5,6,epoch-50,1,7,saliency,-0.2921524757929187
minesweeper,GeneralSheaf,true,5,6,epoch-50,2,7,saliency,-0.33800142595105626
minesweeper,GeneralSheaf,true,5,6,epoch-50,3,7,saliency,-0.3642994388982731
minesweeper,GeneralSheaf,true,5,6,epoch-50,4,7,saliency,-0.40568296962448086
minesweeper,GeneralSheaf,true,5,6,epoch-50,5,7,saliency,-0.40649496510304706
minesweeper,GeneralSheaf,true,5,6,epoch-50,6,7,saliency,-0.40278372511504557
minesweeper,GeneralSheaf,true,5,6,epoch-50,0,7,cohens_d_train,0.11691012
minesweeper,GeneralSheaf,true,5,6,epoch-50,1,7,cohens_d_train,0.36557338
minesweeper,GeneralSheaf,true,5,6,epoch-50,2,7,cohens_d_train,0.45276877
minesweeper,GeneralSheaf,true,5,6,epoch-50,3,7,cohens_d_train,0.5241889
minesweeper,GeneralSheaf,true,5,6,epoch-50,4,7,cohens_d_train,0.77780926
minesweeper,GeneralSheaf,true,5,6,epoch-50,5,7,cohens_d_train,0.6561641
minesweeper,GeneralSheaf,true,5,6,epoch-50,6,7,cohens_d_train,0.7331375
minesweeper,GeneralSheaf,true,5,6,epoch-50,0,7,cohens_d_test,0.08844295
minesweeper,GeneralSheaf,true,5,6,epoch-50,1,7,cohens_d_test,0.31695464
minesweeper,GeneralSheaf,true,5,6,epoch-50,2,7,cohens_d_test,0.4016608
minesweeper,GeneralSheaf,true,5,6,epoch-50,3,7,cohens_d_test,0.47898638
minesweeper,GeneralSheaf,true,5,6,epoch-50,4,7,cohens_d_test,0.72836673
minesweeper,GeneralSheaf,true,5,6,epoch-50,5,7,cohens_d_test,0.6032832
minesweeper,GeneralSheaf,true,5,6,epoch-50,6,7,cohens_d_test,0.6771933
minesweeper,GeneralSheaf,true,5,6,epoch-50,0,8,degree,-0.00348070117578826
minesweeper,GeneralSheaf,true,5,6,epoch-50,1,8,degree,-0.007765599283686369
minesweeper,GeneralSheaf,true,5,6,epoch-50,2,8,degree,0.009630971770338762
minesweeper,GeneralSheaf,true,5,6,epoch-50,3,8,degree,0.0053922072930181475
minesweeper,GeneralSheaf,true,5,6,epoch-50,4,8,degree,0.003837350610230776
minesweeper,GeneralSheaf,true,5,6,epoch-50,5,8,degree,0.002462601016656156
minesweeper,GeneralSheaf,true,5,6,epoch-50,6,8,degree,0.004699136686271699
minesweeper,GeneralSheaf,true,5,6,epoch-50,0,8,betweenness,0.013532268822402454
minesweeper,GeneralSheaf,true,5,6,epoch-50,1,8,betweenness,0.0246777931312586
minesweeper,GeneralSheaf,true,5,6,epoch-50,2,8,betweenness,0.04105659588453668
minesweeper,GeneralSheaf,true,5,6,epoch-50,3,8,betweenness,0.04253568078076048
minesweeper,GeneralSheaf,true,5,6,epoch-50,4,8,betweenness,0.045979654577451824
minesweeper,GeneralSheaf,true,5,6,epoch-50,5,8,betweenness,0.04872278277298186
minesweeper,GeneralSheaf,true,5,6,epoch-50,6,8,betweenness,0.04934236634105196
minesweeper,GeneralSheaf,true,5,6,epoch-50,0,8,confidence,-0.0032004550191889127
minesweeper,GeneralSheaf,true,5,6,epoch-50,1,8,confidence,0.5320642130807834
minesweeper,GeneralSheaf,true,5,6,epoch-50,2,8,confidence,0.6459854643583692
minesweeper,GeneralSheaf,true,5,6,epoch-50,3,8,confidence,0.7125614043841942
minesweeper,GeneralSheaf,true,5,6,epoch-50,4,8,confidence,0.732825912257008
minesweeper,GeneralSheaf,true,5,6,epoch-50,5,8,confidence,0.7452817487917318
minesweeper,GeneralSheaf,true,5,6,epoch-50,6,8,confidence,0.7486339706226677
minesweeper,GeneralSheaf,true,5,6,epoch-50,0,8,saliency,-0.05325653558136719
minesweeper,GeneralSheaf,true,5,6,epoch-50,1,8,saliency,-0.32200107017160273
minesweeper,GeneralSheaf,true,5,6,epoch-50,2,8,saliency,-0.411691049404791
minesweeper,GeneralSheaf,true,5,6,epoch-50,3,8,saliency,-0.4666227869844275
minesweeper,GeneralSheaf,true,5,6,epoch-50,4,8,saliency,-0.4870389449802339
minesweeper,GeneralSheaf,true,5,6,epoch-50,5,8,saliency,-0.5025811223378422
minesweeper,GeneralSheaf,true,5,6,epoch-50,6,8,saliency,-0.5009349427778579
minesweeper,GeneralSheaf,true,5,6,epoch-50,0,8,cohens_d_train,0.035821088
minesweeper,GeneralSheaf,true,5,6,epoch-50,1,8,cohens_d_train,0.23729897
minesweeper,GeneralSheaf,true,5,6,epoch-50,2,8,cohens_d_train,0.35197392
minesweeper,GeneralSheaf,true,5,6,epoch-50,3,8,cohens_d_train,0.4530678
minesweeper,GeneralSheaf,true,5,6,epoch-50,4,8,cohens_d_train,0.57112163
minesweeper,GeneralSheaf,true,5,6,epoch-50,5,8,cohens_d_train,0.6675129
minesweeper,GeneralSheaf,true,5,6,epoch-50,6,8,cohens_d_train,0.6815875
minesweeper,GeneralSheaf,true,5,6,epoch-50,0,8,cohens_d_test,0.03753152
minesweeper,GeneralSheaf,true,5,6,epoch-50,1,8,cohens_d_test,0.23833798
minesweeper,GeneralSheaf,true,5,6,epoch-50,2,8,cohens_d_test,0.36379686
minesweeper,GeneralSheaf,true,5,6,epoch-50,3,8,cohens_d_test,0.47280836
minesweeper,GeneralSheaf,true,5,6,epoch-50,4,8,cohens_d_test,0.5998921
minesweeper,GeneralSheaf,true,5,6,epoch-50,5,8,cohens_d_test,0.7025512
minesweeper,GeneralSheaf,true,5,6,epoch-50,6,8,cohens_d_test,0.72739744
minesweeper,GeneralSheaf,true,5,6,epoch-50,0,9,degree,-0.01909040685702993
minesweeper,GeneralSheaf,true,5,6,epoch-50,1,9,degree,-0.0232040890400477
minesweeper,GeneralSheaf,true,5,6,epoch-50,2,9,degree,-0.008346894402515544
minesweeper,GeneralSheaf,true,5,6,epoch-50,3,9,degree,-0.007966894576917072
minesweeper,GeneralSheaf,true,5,6,epoch-50,4,9,degree,0.004727295897652921
minesweeper,GeneralSheaf,true,5,6,epoch-50,5,9,degree,0.007754532511102496
minesweeper,GeneralSheaf,true,5,6,epoch-50,6,9,degree,0.01373780230508142
minesweeper,GeneralSheaf,true,5,6,epoch-50,0,9,betweenness,0.013812511272992661
minesweeper,GeneralSheaf,true,5,6,epoch-50,1,9,betweenness,0.023256847242103428
minesweeper,GeneralSheaf,true,5,6,epoch-50,2,9,betweenness,0.036519831486951274
minesweeper,GeneralSheaf,true,5,6,epoch-50,3,9,betweenness,0.039766061661211494
minesweeper,GeneralSheaf,true,5,6,epoch-50,4,9,betweenness,0.05178411415570537
minesweeper,GeneralSheaf,true,5,6,epoch-50,5,9,betweenness,0.05609271276460992
minesweeper,GeneralSheaf,true,5,6,epoch-50,6,9,betweenness,0.05918062988958172
minesweeper,GeneralSheaf,true,5,6,epoch-50,0,9,confidence,0.06371196888739042
minesweeper,GeneralSheaf,true,5,6,epoch-50,1,9,confidence,0.3969540432447939
minesweeper,GeneralSheaf,true,5,6,epoch-50,2,9,confidence,0.6160412240410542
minesweeper,GeneralSheaf,true,5,6,epoch-50,3,9,confidence,0.7247524035044012
minesweeper,GeneralSheaf,true,5,6,epoch-50,4,9,confidence,0.7374377455773028
minesweeper,GeneralSheaf,true,5,6,epoch-50,5,9,confidence,0.7454889150350029
minesweeper,GeneralSheaf,true,5,6,epoch-50,6,9,confidence,0.7454956625630785
minesweeper,GeneralSheaf,true,5,6,epoch-50,0,9,saliency,0.14011510347276412
minesweeper,GeneralSheaf,true,5,6,epoch-50,1,9,saliency,-0.0028923566330363686
minesweeper,GeneralSheaf,true,5,6,epoch-50,2,9,saliency,-0.1429408863164106
minesweeper,GeneralSheaf,true,5,6,epoch-50,3,9,saliency,-0.2690393235236217
minesweeper,GeneralSheaf,true,5,6,epoch-50,4,9,saliency,-0.28246672509720944
minesweeper,GeneralSheaf,true,5,6,epoch-50,5,9,saliency,-0.2843447256543003
minesweeper,GeneralSheaf,true,5,6,epoch-50,6,9,saliency,-0.2930055159689342
minesweeper,GeneralSheaf,true,5,6,epoch-50,0,9,cohens_d_train,0.1065233
minesweeper,GeneralSheaf,true,5,6,epoch-50,1,9,cohens_d_train,0.22454938
minesweeper,GeneralSheaf,true,5,6,epoch-50,2,9,cohens_d_train,0.4209474
minesweeper,GeneralSheaf,true,5,6,epoch-50,3,9,cohens_d_train,0.55089974
minesweeper,GeneralSheaf,true,5,6,epoch-50,4,9,cohens_d_train,0.74881434
minesweeper,GeneralSheaf,true,5,6,epoch-50,5,9,cohens_d_train,0.7881699
minesweeper,GeneralSheaf,true,5,6,epoch-50,6,9,cohens_d_train,0.81970733
minesweeper,GeneralSheaf,true,5,6,epoch-50,0,9,cohens_d_test,0.09746445
minesweeper,GeneralSheaf,true,5,6,epoch-50,1,9,cohens_d_test,0.2383614
minesweeper,GeneralSheaf,true,5,6,epoch-50,2,9,cohens_d_test,0.44584456
minesweeper,GeneralSheaf,true,5,6,epoch-50,3,9,cohens_d_test,0.57650876
minesweeper,GeneralSheaf,true,5,6,epoch-50,4,9,cohens_d_test,0.7669787
minesweeper,GeneralSheaf,true,5,6,epoch-50,5,9,cohens_d_test,0.80821615
minesweeper,GeneralSheaf,true,5,6,epoch-50,6,9,cohens_d_test,0.8327082
minesweeper,GeneralSheaf,true,5,6,epoch-200,0,0,degree,-0.02162724568593482
minesweeper,GeneralSheaf,true,5,6,epoch-200,1,0,degree,0.04309852252494149
minesweeper,GeneralSheaf,true,5,6,epoch-200,2,0,degree,0.03923071169971238
minesweeper,GeneralSheaf,true,5,6,epoch-200,3,0,degree,0.04823591588732852
minesweeper,GeneralSheaf,true,5,6,epoch-200,4,0,degree,0.05611847841471831
minesweeper,GeneralSheaf,true,5,6,epoch-200,5,0,degree,0.04941120800595795
minesweeper,GeneralSheaf,true,5,6,epoch-200,6,0,degree,0.045231303287201166
minesweeper,GeneralSheaf,true,5,6,epoch-200,0,0,betweenness,0.014397645083545593
minesweeper,GeneralSheaf,true,5,6,epoch-200,1,0,betweenness,0.054778507671757105
minesweeper,GeneralSheaf,true,5,6,epoch-200,2,0,betweenness,0.05164516221831085
minesweeper,GeneralSheaf,true,5,6,epoch-200,3,0,betweenness,0.06142842756467999
minesweeper,GeneralSheaf,true,5,6,epoch-200,4,0,betweenness,0.07045081763325577
minesweeper,GeneralSheaf,true,5,6,epoch-200,5,0,betweenness,0.07236448570803289
minesweeper,GeneralSheaf,true,5,6,epoch-200,6,0,betweenness,0.0742399820412952
minesweeper,GeneralSheaf,true,5,6,epoch-200,0,0,confidence,0.08664284528499372
minesweeper,GeneralSheaf,true,5,6,epoch-200,1,0,confidence,0.5012243160900861
minesweeper,GeneralSheaf,true,5,6,epoch-200,2,0,confidence,0.5901110412492613
minesweeper,GeneralSheaf,true,5,6,epoch-200,3,0,confidence,0.6643819270670467
minesweeper,GeneralSheaf,true,5,6,epoch-200,4,0,confidence,0.6431477715418833
minesweeper,GeneralSheaf,true,5,6,epoch-200,5,0,confidence,0.6775826911856755
minesweeper,GeneralSheaf,true,5,6,epoch-200,6,0,confidence,0.7827978961348048
minesweeper,GeneralSheaf,true,5,6,epoch-200,0,0,saliency,0.24143241186562198
minesweeper,GeneralSheaf,true,5,6,epoch-200,1,0,saliency,0.04332044925159438
minesweeper,GeneralSheaf,true,5,6,epoch-200,2,0,saliency,-0.027754332319793112
minesweeper,GeneralSheaf,true,5,6,epoch-200,3,0,saliency,-0.08052088018417505
minesweeper,GeneralSheaf,true,5,6,epoch-200,4,0,saliency,-0.05516562686431825
minesweeper,GeneralSheaf,true,5,6,epoch-200,5,0,saliency,-0.10542542227088676
minesweeper,GeneralSheaf,true,5,6,epoch-200,6,0,saliency,-0.2056919585893879
minesweeper,GeneralSheaf,true,5,6,epoch-200,0,0,cohens_d_train,0.21685584
minesweeper,GeneralSheaf,true,5,6,epoch-200,1,0,cohens_d_train,0.42142764
minesweeper,GeneralSheaf,true,5,6,epoch-200,2,0,cohens_d_train,0.54819417
minesweeper,GeneralSheaf,true,5,6,epoch-200,3,0,cohens_d_train,0.7004145
minesweeper,GeneralSheaf,true,5,6,epoch-200,4,0,cohens_d_train,0.6848217
minesweeper,GeneralSheaf,true,5,6,epoch-200,5,0,cohens_d_train,0.66196984
minesweeper,GeneralSheaf,true,5,6,epoch-200,6,0,cohens_d_train,0.8402117
minesweeper,GeneralSheaf,true,5,6,epoch-200,0,0,cohens_d_test,0.23195356
minesweeper,GeneralSheaf,true,5,6,epoch-200,1,0,cohens_d_test,0.4472894
minesweeper,GeneralSheaf,true,5,6,epoch-200,2,0,cohens_d_test,0.57071936
minesweeper,GeneralSheaf,true,5,6,epoch-200,3,0,cohens_d_test,0.70504665
minesweeper,GeneralSheaf,true,5,6,epoch-200,4,0,cohens_d_test,0.6815758
minesweeper,GeneralSheaf,true,5,6,epoch-200,5,0,cohens_d_test,0.66346467
minesweeper,GeneralSheaf,true,5,6,epoch-200,6,0,cohens_d_test,0.8422054
minesweeper,GeneralSheaf,true,5,6,epoch-200,0,1,degree,-0.02162724568593482
minesweeper,GeneralSheaf,true,5,6,epoch-200,1,1,degree,0.024116852310958926
minesweeper,GeneralSheaf,true,5,6,epoch-200,2,1,degree,0.03142495547998465
minesweeper,GeneralSheaf,true,5,6,epoch-200,3,1,degree,0.04073588226461017
minesweeper,GeneralSheaf,true,5,6,epoch-200,4,1,degree,0.04210844499871011
minesweeper,GeneralSheaf,true,5,6,epoch-200,5,1,degree,0.036390953060629755
minesweeper,GeneralSheaf,true,5,6,epoch-200,6,1,degree,0.03572939234847426
minesweeper,GeneralSheaf,true,5,6,epoch-200,0,1,betweenness,0.014397645083545593
minesweeper,GeneralSheaf,true,5,6,epoch-200,1,1,betweenness,0.03892045999883926
minesweeper,GeneralSheaf,true,5,6,epoch-200,2,1,betweenness,0.045660782798388595
minesweeper,GeneralSheaf,true,5,6,epoch-200,3,1,betweenness,0.05963566044486131
minesweeper,GeneralSheaf,true,5,6,epoch-200,4,1,betweenness,0.0656912142234741
minesweeper,GeneralSheaf,true,5,6,epoch-200,5,1,betweenness,0.06658557216825281
minesweeper,GeneralSheaf,true,5,6,epoch-200,6,1,betweenness,0.0696543789388424
minesweeper,GeneralSheaf,true,5,6,epoch-200,0,1,confidence,0.06814180652919226
minesweeper,GeneralSheaf,true,5,6,epoch-200,1,1,confidence,0.3407329044256018
minesweeper,GeneralSheaf,true,5,6,epoch-200,2,1,confidence,0.523583723859874
minesweeper,GeneralSheaf,true,5,6,epoch-200,3,1,confidence,0.6219654207975288
minesweeper,GeneralSheaf,true,5,6,epoch-200,4,1,confidence,0.6953354777498033
minesweeper,GeneralSheaf,true,5,6,epoch-200,5,1,confidence,0.750272754550063
minesweeper,GeneralSheaf,true,5,6,epoch-200,6,1,confidence,0.7582374755764308
minesweeper,GeneralSheaf,true,5,6,epoch-200,0,1,saliency,0.2199611614645681
minesweeper,GeneralSheaf,true,5,6,epoch-200,1,1,saliency,0.09456733570709187
minesweeper,GeneralSheaf,true,5,6,epoch-200,2,1,saliency,-0.04076121339610127
minesweeper,GeneralSheaf,true,5,6,epoch-200,3,1,saliency,-0.16390522335351082
minesweeper,GeneralSheaf,true,5,6,epoch-200,4,1,saliency,-0.22439387607863148
minesweeper,GeneralSheaf,true,5,6,epoch-200,5,1,saliency,-0.2678401327248119
minesweeper,GeneralSheaf,true,5,6,epoch-200,6,1,saliency,-0.27279185974155534
minesweeper,GeneralSheaf,true,5,6,epoch-200,0,1,cohens_d_train,0.20498471
minesweeper,GeneralSheaf,true,5,6,epoch-200,1,1,cohens_d_train,0.34480092
minesweeper,GeneralSheaf,true,5,6,epoch-200,2,1,cohens_d_train,0.51520467
minesweeper,GeneralSheaf,true,5,6,epoch-200,3,1,cohens_d_train,0.59962445
minesweeper,GeneralSheaf,true,5,6,epoch-200,4,1,cohens_d_train,0.67152774
minesweeper,GeneralSheaf,true,5,6,epoch-200,5,1,cohens_d_train,0.75027037
minesweeper,GeneralSheaf,true,5,6,epoch-200,6,1,cohens_d_train,0.75181955
minesweeper,GeneralSheaf,true,5,6,epoch-200,0,1,cohens_d_test,0.082280025
minesweeper,GeneralSheaf,true,5,6,epoch-200,1,1,cohens_d_test,0.2128776
minesweeper,GeneralSheaf,true,5,6,epoch-200,2,1,cohens_d_test,0.3872911
minesweeper,GeneralSheaf,true,5,6,epoch-200,3,1,cohens_d_test,0.490651
minesweeper,GeneralSheaf,true,5,6,epoch-200,4,1,cohens_d_test,0.57326967
minesweeper,GeneralSheaf,true,5,6,epoch-200,5,1,cohens_d_test,0.6528074
minesweeper,GeneralSheaf,true,5,6,epoch-200,6,1,cohens_d_test,0.63172925
minesweeper,GeneralSheaf,true,5,6,epoch-200,0,2,degree,-0.019065601362651768
minesweeper,GeneralSheaf,true,5,6,epoch-200,1,2,degree,0.01991457552746122
minesweeper,GeneralSheaf,true,5,6,epoch-200,2,2,degree,0.0410567939369828
minesweeper,GeneralSheaf,true,5,6,epoch-200,3,2,degree,0.03526447653689289
minesweeper,GeneralSheaf,true,5,6,epoch-200,4,2,degree,0.043480458220700194
minesweeper,GeneralSheaf,true,5,6,epoch-200,5,2,degree,0.0481563275932891
minesweeper,GeneralSheaf,true,5,6,epoch-200,6,2,degree,0.05579447408224694
minesweeper,GeneralSheaf,true,5,6,epoch-200,0,2,betweenness,0.01380324853679135
minesweeper,GeneralSheaf,true,5,6,epoch-200,1,2,betweenness,0.04345575606490418
minesweeper,GeneralSheaf,true,5,6,epoch-200,2,2,betweenness,0.05830171482964073
minesweeper,GeneralSheaf,true,5,6,epoch-200,3,2,betweenness,0.058301515563638724
minesweeper,GeneralSheaf,true,5,6,epoch-200,4,2,betweenness,0.07251605237642375
minesweeper,GeneralSheaf,true,5,6,epoch-200,5,2,betweenness,0.08127176874661872
minesweeper,GeneralSheaf,true,5,6,epoch-200,6,2,betweenness,0.089153039988205
minesweeper,GeneralSheaf,true,5,6,epoch-200,0,2,confidence,0.1129520841386597
minesweeper,GeneralSheaf,true,5,6,epoch-200,1,2,confidence,0.5989412470868755
minesweeper,GeneralSheaf,true,5,6,epoch-200,2,2,confidence,0.6787226753083877
minesweeper,GeneralSheaf,true,5,6,epoch-200,3,2,confidence,0.7173731946360883
minesweeper,GeneralSheaf,true,5,6,epoch-200,4,2,confidence,0.7662384599927018
minesweeper,GeneralSheaf,true,5,6,epoch-200,5,2,confidence,0.7806456749181053
minesweeper,GeneralSheaf,true,5,6,epoch-200,6,2,confidence,0.8075924551745229
minesweeper,GeneralSheaf,true,5,6,epoch-200,0,2,saliency,0.2865872157736448
minesweeper,GeneralSheaf,true,5,6,epoch-200,1,2,saliency,0.04825235549197113
minesweeper,GeneralSheaf,true,5,6,epoch-200,2,2,saliency,-0.05149323661201372
minesweeper,GeneralSheaf,true,5,6,epoch-200,3,2,saliency,-0.06495692208293331
minesweeper,GeneralSheaf,true,5,6,epoch-200,4,2,saliency,-0.10816887050196025
minesweeper,GeneralSheaf,true,5,6,epoch-200,5,2,saliency,-0.12260523838699491
minesweeper,GeneralSheaf,true,5,6,epoch-200,6,2,saliency,-0.15344966598541734
minesweeper,GeneralSheaf,true,5,6,epoch-200,0,2,cohens_d_train,0.23099552
minesweeper,GeneralSheaf,true,5,6,epoch-200,1,2,cohens_d_train,0.507644
minesweeper,GeneralSheaf,true,5,6,epoch-200,2,2,cohens_d_train,0.6361511
minesweeper,GeneralSheaf,true,5,6,epoch-200,3,2,cohens_d_train,0.6732896
minesweeper,GeneralSheaf,true,5,6,epoch-200,4,2,cohens_d_train,0.7540222
minesweeper,GeneralSheaf,true,5,6,epoch-200,5,2,cohens_d_train,0.7865261
minesweeper,GeneralSheaf,true,5,6,epoch-200,6,2,cohens_d_train,0.87895125
minesweeper,GeneralSheaf,true,5,6,epoch-200,0,2,cohens_d_test,0.190535
minesweeper,GeneralSheaf,true,5,6,epoch-200,1,2,cohens_d_test,0.43977234
minesweeper,GeneralSheaf,true,5,6,epoch-200,2,2,cohens_d_test,0.5673796
minesweeper,GeneralSheaf,true,5,6,epoch-200,3,2,cohens_d_test,0.6001168
minesweeper,GeneralSheaf,true,5,6,epoch-200,4,2,cohens_d_test,0.6956556
minesweeper,GeneralSheaf,true,5,6,epoch-200,5,2,cohens_d_test,0.72501886
minesweeper,GeneralSheaf,true,5,6,epoch-200,6,2,cohens_d_test,0.82079405
minesweeper,GeneralSheaf,true,5,6,epoch-200,0,3,degree,-0.02162724568593482
minesweeper,GeneralSheaf,true,5,6,epoch-200,1,3,degree,0.029351076680960552
minesweeper,GeneralSheaf,true,5,6,epoch-200,2,3,degree,0.036510601413108405
minesweeper,GeneralSheaf,true,5,6,epoch-200,3,3,degree,0.0566332955240791
minesweeper,GeneralSheaf,true,5,6,epoch-200,4,3,degree,0.055433475068814415
minesweeper,GeneralSheaf,true,5,6,epoch-200,5,3,degree,0.05498266678623748
minesweeper,GeneralSheaf,true,5,6,epoch-200,6,3,degree,0.049896001335097445
minesweeper,GeneralSheaf,true,5,6,epoch-200,0,3,betweenness,0.014397645083545593
minesweeper,GeneralSheaf,true,5,6,epoch-200,1,3,betweenness,0.04015917316963985
minesweeper,GeneralSheaf,true,5,6,epoch-200,2,3,betweenness,0.04890765762542414
minesweeper,GeneralSheaf,true,5,6,epoch-200,3,3,betweenness,0.06897345831801072
minesweeper,GeneralSheaf,true,5,6,epoch-200,4,3,betweenness,0.07456597582012045
minesweeper,GeneralSheaf,true,5,6,epoch-200,5,3,betweenness,0.08185409040597877
minesweeper,GeneralSheaf,true,5,6,epoch-200,6,3,betweenness,0.08158195315524598
minesweeper,GeneralSheaf,true,5,6,epoch-200,0,3,confidence,0.10110592733947583
minesweeper,GeneralSheaf,true,5,6,epoch-200,1,3,confidence,0.42821955951834867
minesweeper,GeneralSheaf,true,5,6,epoch-200,2,3,confidence,0.5383009722846136
minesweeper,GeneralSheaf,true,5,6,epoch-200,3,3,confidence,0.5642284912696636
minesweeper,GeneralSheaf,true,5,6,epoch-200,4,3,confidence,0.6392645714743637
minesweeper,GeneralSheaf,true,5,6,epoch-200,5,3,confidence,0.7542802719555042
minesweeper,GeneralSheaf,true,5,6,epoch-200,6,3,confidence,0.8461165143954948
minesweeper,GeneralSheaf,true,5,6,epoch-200,0,3,saliency,0.29780599369243244
minesweeper,GeneralSheaf,true,5,6,epoch-200,1,3,saliency,0.1728308158419376
minesweeper,GeneralSheaf,true,5,6,epoch-200,2,3,saliency,0.03091594364771592
minesweeper,GeneralSheaf,true,5,6,epoch-200,3,3,saliency,0.01781230434417648
minesweeper,GeneralSheaf,true,5,6,epoch-200,4,3,saliency,-0.0351027793651331
minesweeper,GeneralSheaf,true,5,6,epoch-200,5,3,saliency,-0.08279394765093301
minesweeper,GeneralSheaf,true,5,6,epoch-200,6,3,saliency,-0.15405222180037084
minesweeper,GeneralSheaf,true,5,6,epoch-200,0,3,cohens_d_train,0.22420363
minesweeper,GeneralSheaf,true,5,6,epoch-200,1,3,cohens_d_train,0.4384852
minesweeper,GeneralSheaf,true,5,6,epoch-200,2,3,cohens_d_train,0.49594033
minesweeper,GeneralSheaf,true,5,6,epoch-200,3,3,cohens_d_train,0.58013785
minesweeper,GeneralSheaf,true,5,6,epoch-200,4,3,cohens_d_train,0.6256256
minesweeper,GeneralSheaf,true,5,6,epoch-200,5,3,cohens_d_train,0.74691606
minesweeper,GeneralSheaf,true,5,6,epoch-200,6,3,cohens_d_train,0.9042647
minesweeper,GeneralSheaf,true,5,6,epoch-200,0,3,cohens_d_test,0.17970729
minesweeper,GeneralSheaf,true,5,6,epoch-200,1,3,cohens_d_test,0.3581857
minesweeper,GeneralSheaf,true,5,6,epoch-200,2,3,cohens_d_test,0.40086627
minesweeper,GeneralSheaf,true,5,6,epoch-200,3,3,cohens_d_test,0.48108447
minesweeper,GeneralSheaf,true,5,6,epoch-200,4,3,cohens_d_test,0.5346533
minesweeper,GeneralSheaf,true,5,6,epoch-200,5,3,cohens_d_test,0.6888194
minesweeper,GeneralSheaf,true,5,6,epoch-200,6,3,cohens_d_test,0.8525791
minesweeper,GeneralSheaf,true,5,6,epoch-200,0,4,degree,-0.02162724568593482
minesweeper,GeneralSheaf,true,5,6,epoch-200,1,4,degree,0.00793217404146286
minesweeper,GeneralSheaf,true,5,6,epoch-200,2,4,degree,0.03242084168165373
minesweeper,GeneralSheaf,true,5,6,epoch-200,3,4,degree,0.02394481269591916
minesweeper,GeneralSheaf,true,5,6,epoch-200,4,4,degree,0.023097988579047227
minesweeper,GeneralSheaf,true,5,6,epoch-200,5,4,degree,0.03690221198112817
minesweeper,GeneralSheaf,true,5,6,epoch-200,6,4,degree,0.041404931416843274
minesweeper,GeneralSheaf,true,5,6,epoch-200,0,4,betweenness,0.014397645083545593
minesweeper,GeneralSheaf,true,5,6,epoch-200,1,4,betweenness,0.04086865712040306
minesweeper,GeneralSheaf,true,5,6,epoch-200,2,4,betweenness,0.05953799939170198
minesweeper,GeneralSheaf,true,5,6,epoch-200,3,4,betweenness,0.0588039158901561
minesweeper,GeneralSheaf,true,5,6,epoch-200,4,4,betweenness,0.06276080404224399
minesweeper,GeneralSheaf,true,5,6,epoch-200,5,4,betweenness,0.07757544410277989
minesweeper,GeneralSheaf,true,5,6,epoch-200,6,4,betweenness,0.07963541226217662
minesweeper,GeneralSheaf,true,5,6,epoch-200,0,4,confidence,0.09036021956447542
minesweeper,GeneralSheaf,true,5,6,epoch-200,1,4,confidence,0.5511491735231259
minesweeper,GeneralSheaf,true,5,6,epoch-200,2,4,confidence,0.6516441407105105
minesweeper,GeneralSheaf,true,5,6,epoch-200,3,4,confidence,0.6614199656858575
minesweeper,GeneralSheaf,true,5,6,epoch-200,4,4,confidence,0.6878801809916585
minesweeper,GeneralSheaf,true,5,6,epoch-200,5,4,confidence,0.6394841358305396
minesweeper,GeneralSheaf,true,5,6,epoch-200,6,4,confidence,0.7207478263451164
minesweeper,GeneralSheaf,true,5,6,epoch-200,0,4,saliency,0.19174684872287912
minesweeper,GeneralSheaf,true,5,6,epoch-200,1,4,saliency,0.020210950522412667
minesweeper,GeneralSheaf,true,5,6,epoch-200,2,4,saliency,-0.03265549760094684
minesweeper,GeneralSheaf,true,5,6,epoch-200,3,4,saliency,-0.013588219084004486
minesweeper,GeneralSheaf,true,5,6,epoch-200,4,4,saliency,-0.022705030709390884
minesweeper,GeneralSheaf,true,5,6,epoch-200,5,4,saliency,0.01087231929085366
minesweeper,GeneralSheaf,true,5,6,epoch-200,6,4,saliency,-0.031433011670990205
minesweeper,GeneralSheaf,true,5,6,epoch-200,0,4,cohens_d_train,0.23338103
minesweeper,GeneralSheaf,true,5,6,epoch-200,1,4,cohens_d_train,0.51938397
minesweeper,GeneralSheaf,true,5,6,epoch-200,2,4,cohens_d_train,0.61460125
minesweeper,GeneralSheaf,true,5,6,epoch-200,3,4,cohens_d_train,0.6628143
minesweeper,GeneralSheaf,true,5,6,epoch-200,4,4,cohens_d_train,0.72012675
minesweeper,GeneralSheaf,true,5,6,epoch-200,5,4,cohens_d_train,0.6604036
minesweeper,GeneralSheaf,true,5,6,epoch-200,6,4,cohens_d_train,0.76136494
minesweeper,GeneralSheaf,true,5,6,epoch-200,0,4,cohens_d_test,0.20222072
minesweeper,GeneralSheaf,true,5,6,epoch-200,1,4,cohens_d_test,0.49244344
minesweeper,GeneralSheaf,true,5,6,epoch-200,2,4,cohens_d_test,0.60277134
minesweeper,GeneralSheaf,true,5,6,epoch-200,3,4,cohens_d_test,0.6611813
minesweeper,GeneralSheaf,true,5,6,epoch-200,4,4,cohens_d_test,0.7375116
minesweeper,GeneralSheaf,true,5,6,epoch-200,5,4,cohens_d_test,0.6680895
minesweeper,GeneralSheaf,true,5,6,epoch-200,6,4,cohens_d_test,0.7694027
minesweeper,GeneralSheaf,true,5,6,epoch-200,0,5,degree,-0.019065601362651768
minesweeper,GeneralSheaf,true,5,6,epoch-200,1,5,degree,0.026728615701192875
minesweeper,GeneralSheaf,true,5,6,epoch-200,2,5,degree,0.03488827768342492
minesweeper,GeneralSheaf,true,5,6,epoch-200,3,5,degree,0.030056461653253888
minesweeper,GeneralSheaf,true,5,6,epoch-200,4,5,degree,0.031814927422255564
minesweeper,GeneralSheaf,true,5,6,epoch-200,5,5,degree,0.042000338114131536
minesweeper,GeneralSheaf,true,5,6,epoch-200,6,5,degree,0.04218898385575458
minesweeper,GeneralSheaf,true,5,6,epoch-200,0,5,betweenness,0.01380324853679135
minesweeper,GeneralSheaf,true,5,6,epoch-200,1,5,betweenness,0.04237083013697943
minesweeper,GeneralSheaf,true,5,6,epoch-200,2,5,betweenness,0.05544049262840079
minesweeper,GeneralSheaf,true,5,6,epoch-200,3,5,betweenness,0.06351730657326914
minesweeper,GeneralSheaf,true,5,6,epoch-200,4,5,betweenness,0.0779476157838146
minesweeper,GeneralSheaf,true,5,6,epoch-200,5,5,betweenness,0.0888664403138636
minesweeper,GeneralSheaf,true,5,6,epoch-200,6,5,betweenness,0.08876087058253782
minesweeper,GeneralSheaf,true,5,6,epoch-200,0,5,confidence,0.009685234881186734
minesweeper,GeneralSheaf,true,5,6,epoch-200,1,5,confidence,0.4013988272591734
minesweeper,GeneralSheaf,true,5,6,epoch-200,2,5,confidence,0.6116713792291842
minesweeper,GeneralSheaf,true,5,6,epoch-200,3,5,confidence,0.6933019283753101
minesweeper,GeneralSheaf,true,5,6,epoch-200,4,5,confidence,0.6966623738396269
minesweeper,GeneralSheaf,true,5,6,epoch-200,5,5,confidence,0.6875341360252591
minesweeper,GeneralSheaf,true,5,6,epoch-200,6,5,confidence,0.7544852645055459
minesweeper,GeneralSheaf,true,5,6,epoch-200,0,5,saliency,0.1522265625704513
minesweeper,GeneralSheaf,true,5,6,epoch-200,1,5,saliency,0.012369819279809522
minesweeper,GeneralSheaf,true,5,6,epoch-200,2,5,saliency,-0.11843589394013548
minesweeper,GeneralSheaf,true,5,6,epoch-200,3,5,saliency,-0.1577129056330216
minesweeper,GeneralSheaf,true,5,6,epoch-200,4,5,saliency,-0.1444611067499112
minesweeper,GeneralSheaf,true,5,6,epoch-200,5,5,saliency,-0.1376697257087623
minesweeper,GeneralSheaf,true,5,6,epoch-200,6,5,saliency,-0.18056899413785676
minesweeper,GeneralSheaf,true,5,6,epoch-200,0,5,cohens_d_train,0.20114394
minesweeper,GeneralSheaf,true,5,6,epoch-200,1,5,cohens_d_train,0.4044192
minesweeper,GeneralSheaf,true,5,6,epoch-200,2,5,cohens_d_train,0.6060239
minesweeper,GeneralSheaf,true,5,6,epoch-200,3,5,cohens_d_train,0.74029034
minesweeper,GeneralSheaf,true,5,6,epoch-200,4,5,cohens_d_train,0.76838666
minesweeper,GeneralSheaf,true,5,6,epoch-200,5,5,cohens_d_train,0.7566637
minesweeper,GeneralSheaf,true,5,6,epoch-200,6,5,cohens_d_train,0.85437214
minesweeper,GeneralSheaf,true,5,6,epoch-200,0,5,cohens_d_test,0.0939676
minesweeper,GeneralSheaf,true,5,6,epoch-200,1,5,cohens_d_test,0.28900716
minesweeper,GeneralSheaf,true,5,6,epoch-200,2,5,cohens_d_test,0.46750563
minesweeper,GeneralSheaf,true,5,6,epoch-200,3,5,cohens_d_test,0.6009711
minesweeper,GeneralSheaf,true,5,6,epoch-200,4,5,cohens_d_test,0.61034274
minesweeper,GeneralSheaf,true,5,6,epoch-200,5,5,cohens_d_test,0.59600306
minesweeper,GeneralSheaf,true,5,6,epoch-200,6,5,cohens_d_test,0.7079683
minesweeper,GeneralSheaf,true,5,6,epoch-200,0,6,degree,-0.05643775550185279
minesweeper,GeneralSheaf,true,5,6,epoch-200,1,6,degree,0.040367697384114144
minesweeper,GeneralSheaf,true,5,6,epoch-200,2,6,degree,0.05119388792232608
minesweeper,GeneralSheaf,true,5,6,epoch-200,3,6,degree,0.07261409677183116
minesweeper,GeneralSheaf,true,5,6,epoch-200,4,6,degree,0.061011962620874674
minesweeper,GeneralSheaf,true,5,6,epoch-200,5,6,degree,0.05715521238651388
minesweeper,GeneralSheaf,true,5,6,epoch-200,6,6,degree,0.04568837618280761
minesweeper,GeneralSheaf,true,5,6,epoch-200,0,6,betweenness,0.0020256684567618614
minesweeper,GeneralSheaf,true,5,6,epoch-200,1,6,betweenness,0.05599295914644927
minesweeper,GeneralSheaf,true,5,6,epoch-200,2,6,betweenness,0.06235329699252593
minesweeper,GeneralSheaf,true,5,6,epoch-200,3,6,betweenness,0.07908611892747103
minesweeper,GeneralSheaf,true,5,6,epoch-200,4,6,betweenness,0.08071173787802301
minesweeper,GeneralSheaf,true,5,6,epoch-200,5,6,betweenness,0.08148535459378702
minesweeper,GeneralSheaf,true,5,6,epoch-200,6,6,betweenness,0.07658890363818671
minesweeper,GeneralSheaf,true,5,6,epoch-200,0,6,confidence,0.10747581712439011
minesweeper,GeneralSheaf,true,5,6,epoch-200,1,6,confidence,0.6089897385288893
minesweeper,GeneralSheaf,true,5,6,epoch-200,2,6,confidence,0.5492877907319789
minesweeper,GeneralSheaf,true,5,6,epoch-200,3,6,confidence,0.5978124458338958
minesweeper,GeneralSheaf,true,5,6,epoch-200,4,6,confidence,0.7183677029539476
minesweeper,GeneralSheaf,true,5,6,epoch-200,5,6,confidence,0.7636965615670137
minesweeper,GeneralSheaf,true,5,6,epoch-200,6,6,confidence,0.7908323138408948
minesweeper,GeneralSheaf,true,5,6,epoch-200,0,6,saliency,-0.24481163774416367
minesweeper,GeneralSheaf,true,5,6,epoch-200,1,6,saliency,0.017485334899168085
minesweeper,GeneralSheaf,true,5,6,epoch-200,2,6,saliency,0.037539340288181726
minesweeper,GeneralSheaf,true,5,6,epoch-200,3,6,saliency,-0.02722647027842806
minesweeper,GeneralSheaf,true,5,6,epoch-200,4,6,saliency,-0.12871884788834692
minesweeper,GeneralSheaf,true,5,6,epoch-200,5,6,saliency,-0.16110824458653242
minesweeper,GeneralSheaf,true,5,6,epoch-200,6,6,saliency,-0.17130469670756088
minesweeper,GeneralSheaf,true,5,6,epoch-200,0,6,cohens_d_train,0.21476474
minesweeper,GeneralSheaf,true,5,6,epoch-200,1,6,cohens_d_train,0.5109678
minesweeper,GeneralSheaf,true,5,6,epoch-200,2,6,cohens_d_train,0.47195315
minesweeper,GeneralSheaf,true,5,6,epoch-200,3,6,cohens_d_train,0.5543824
minesweeper,GeneralSheaf,true,5,6,epoch-200,4,6,cohens_d_train,0.6987378
minesweeper,GeneralSheaf,true,5,6,epoch-200,5,6,cohens_d_train,0.7720769
minesweeper,GeneralSheaf,true,5,6,epoch-200,6,6,cohens_d_train,0.81426734
minesweeper,GeneralSheaf,true,5,6,epoch-200,0,6,cohens_d_test,0.28103113
minesweeper,GeneralSheaf,true,5,6,epoch-200,1,6,cohens_d_test,0.62616336
minesweeper,GeneralSheaf,true,5,6,epoch-200,2,6,cohens_d_test,0.5888801
minesweeper,GeneralSheaf,true,5,6,epoch-200,3,6,cohens_d_test,0.6450067
minesweeper,GeneralSheaf,true,5,6,epoch-200,4,6,cohens_d_test,0.7695198
minesweeper,GeneralSheaf,true,5,6,epoch-200,5,6,cohens_d_test,0.8519938
minesweeper,GeneralSheaf,true,5,6,epoch-200,6,6,cohens_d_test,0.8934765
minesweeper,GeneralSheaf,true,5,6,epoch-200,0,7,degree,-0.058999399825135836
minesweeper,GeneralSheaf,true,5,6,epoch-200,1,7,degree,0.02289298993828233
minesweeper,GeneralSheaf,true,5,6,epoch-200,2,7,degree,0.05676344003367439
minesweeper,GeneralSheaf,true,5,6,epoch-200,3,7,degree,0.05478938525189551
minesweeper,GeneralSheaf,true,5,6,epoch-200,4,7,degree,0.04870481555833238
minesweeper,GeneralSheaf,true,5,6,epoch-200,5,7,degree,0.050098172800370114
minesweeper,GeneralSheaf,true,5,6,epoch-200,6,7,degree,0.05663347713211632
minesweeper,GeneralSheaf,true,5,6,epoch-200,0,7,betweenness,0.0026200650035161036
minesweeper,GeneralSheaf,true,5,6,epoch-200,1,7,betweenness,0.047043735982836586
minesweeper,GeneralSheaf,true,5,6,epoch-200,2,7,betweenness,0.07572479163974684
minesweeper,GeneralSheaf,true,5,6,epoch-200,3,7,betweenness,0.07735718472835672
minesweeper,GeneralSheaf,true,5,6,epoch-200,4,7,betweenness,0.07684219679141881
minesweeper,GeneralSheaf,true,5,6,epoch-200,5,7,betweenness,0.08312486098273986
minesweeper,GeneralSheaf,true,5,6,epoch-200,6,7,betweenness,0.08743936029180374
minesweeper,GeneralSheaf,true,5,6,epoch-200,0,7,confidence,0.10849535370947015
minesweeper,GeneralSheaf,true,5,6,epoch-200,1,7,confidence,0.6344769264621721
minesweeper,GeneralSheaf,true,5,6,epoch-200,2,7,confidence,0.6561720044917637
minesweeper,GeneralSheaf,true,5,6,epoch-200,3,7,confidence,0.668855300781224
minesweeper,GeneralSheaf,true,5,6,epoch-200,4,7,confidence,0.720608765717665
minesweeper,GeneralSheaf,true,5,6,epoch-200,5,7,confidence,0.7146939944816154
minesweeper,GeneralSheaf,true,5,6,epoch-200,6,7,confidence,0.727122674847678
minesweeper,GeneralSheaf,true,5,6,epoch-200,0,7,saliency,-0.20629477357948617
minesweeper,GeneralSheaf,true,5,6,epoch-200,1,7,saliency,-0.23812037308691864
minesweeper,GeneralSheaf,true,5,6,epoch-200,2,7,saliency,-0.1966919283480994
minesweeper,GeneralSheaf,true,5,6,epoch-200,3,7,saliency,-0.13733117701854775
minesweeper,GeneralSheaf,true,5,6,epoch-200,4,7,saliency,-0.1947619065059562
minesweeper,GeneralSheaf,true,5,6,epoch-200,5,7,saliency,-0.16666518403915181
minesweeper,GeneralSheaf,true,5,6,epoch-200,6,7,saliency,-0.14662361706399565
minesweeper,GeneralSheaf,true,5,6,epoch-200,0,7,cohens_d_train,0.15854847
minesweeper,GeneralSheaf,true,5,6,epoch-200,1,7,cohens_d_train,0.48103473
minesweeper,GeneralSheaf,true,5,6,epoch-200,2,7,cohens_d_train,0.5495635
minesweeper,GeneralSheaf,true,5,6,epoch-200,3,7,cohens_d_train,0.5859452
minesweeper,GeneralSheaf,true,5,6,epoch-200,4,7,cohens_d_train,0.76628536
minesweeper,GeneralSheaf,true,5,6,epoch-200,5,7,cohens_d_train,0.6522632
minesweeper,GeneralSheaf,true,5,6,epoch-200,6,7,cohens_d_train,0.759613
minesweeper,GeneralSheaf,true,5,6,epoch-200,0,7,cohens_d_test,0.16637194
minesweeper,GeneralSheaf,true,5,6,epoch-200,1,7,cohens_d_test,0.45209467
minesweeper,GeneralSheaf,true,5,6,epoch-200,2,7,cohens_d_test,0.49185035
minesweeper,GeneralSheaf,true,5,6,epoch-200,3,7,cohens_d_test,0.5258206
minesweeper,GeneralSheaf,true,5,6,epoch-200,4,7,cohens_d_test,0.7079877
minesweeper,GeneralSheaf,true,5,6,epoch-200,5,7,cohens_d_test,0.59454435
minesweeper,GeneralSheaf,true,5,6,epoch-200,6,7,cohens_d_test,0.6762554
minesweeper,GeneralSheaf,true,5,6,epoch-200,0,8,degree,-0.02162724568593482
minesweeper,GeneralSheaf,true,5,6,epoch-200,1,8,degree,0.02978547547236995
minesweeper,GeneralSheaf,true,5,6,epoch-200,2,8,degree,0.044479196110849585
minesweeper,GeneralSheaf,true,5,6,epoch-200,3,8,degree,0.048400700466550754
minesweeper,GeneralSheaf,true,5,6,epoch-200,4,8,degree,0.03838998955847436
minesweeper,GeneralSheaf,true,5,6,epoch-200,5,8,degree,0.03935602633956943
minesweeper,GeneralSheaf,true,5,6,epoch-200,6,8,degree,0.04426755024407529
minesweeper,GeneralSheaf,true,5,6,epoch-200,0,8,betweenness,0.014397645083545593
minesweeper,GeneralSheaf,true,5,6,epoch-200,1,8,betweenness,0.04291864476550407
minesweeper,GeneralSheaf,true,5,6,epoch-200,2,8,betweenness,0.056092484585449014
minesweeper,GeneralSheaf,true,5,6,epoch-200,3,8,betweenness,0.06274202417986718
minesweeper,GeneralSheaf,true,5,6,epoch-200,4,8,betweenness,0.06145212806236485
minesweeper,GeneralSheaf,true,5,6,epoch-200,5,8,betweenness,0.06240342621790637
minesweeper,GeneralSheaf,true,5,6,epoch-200,6,8,betweenness,0.06493154105165294
minesweeper,GeneralSheaf,true,5,6,epoch-200,0,8,confidence,0.026276796227475595
minesweeper,GeneralSheaf,true,5,6,epoch-200,1,8,confidence,0.5272672232077945
minesweeper,GeneralSheaf,true,5,6,epoch-200,2,8,confidence,0.5334313540592012
minesweeper,GeneralSheaf,true,5,6,epoch-200,3,8,confidence,0.5001370572124922
minesweeper,GeneralSheaf,true,5,6,epoch-200,4,8,confidence,0.5922698222513033
minesweeper,GeneralSheaf,true,5,6,epoch-200,5,8,confidence,0.6879401653941011
minesweeper,GeneralSheaf,true,5,6,epoch-200,6,8,confidence,0.7140286299082017
minesweeper,GeneralSheaf,true,5,6,epoch-200,0,8,saliency,0.29971211718433666
minesweeper,GeneralSheaf,true,5,6,epoch-200,1,8,saliency,0.009284666979125212
minesweeper,GeneralSheaf,true,5,6,epoch-200,2,8,saliency,0.027951752440104508
minesweeper,GeneralSheaf,true,5,6,epoch-200,3,8,saliency,-0.0008210960842232772
minesweeper,GeneralSheaf,true,5,6,epoch-200,4,8,saliency,-0.11139931501066154
minesweeper,GeneralSheaf,true,5,6,epoch-200,5,8,saliency,-0.14310055415186415
minesweeper,GeneralSheaf,true,5,6,epoch-200,6,8,saliency,-0.13201704268975462
minesweeper,GeneralSheaf,true,5,6,epoch-200,0,8,cohens_d_train,0.1539229
minesweeper,GeneralSheaf,true,5,6,epoch-200,1,8,cohens_d_train,0.37458584
minesweeper,GeneralSheaf,true,5,6,epoch-200,2,8,cohens_d_train,0.49889672
minesweeper,GeneralSheaf,true,5,6,epoch-200,3,8,cohens_d_train,0.4902391
minesweeper,GeneralSheaf,true,5,6,epoch-200,4,8,cohens_d_train,0.60012114
minesweeper,GeneralSheaf,true,5,6,epoch-200,5,8,cohens_d_train,0.79087114
minesweeper,GeneralSheaf,true,5,6,epoch-200,6,8,cohens_d_train,0.8458576
minesweeper,GeneralSheaf,true,5,6,epoch-200,0,8,cohens_d_test,0.19550738
minesweeper,GeneralSheaf,true,5,6,epoch-200,1,8,cohens_d_test,0.42609853
minesweeper,GeneralSheaf,true,5,6,epoch-200,2,8,cohens_d_test,0.5373219
minesweeper,GeneralSheaf,true,5,6,epoch-200,3,8,cohens_d_test,0.5183956
minesweeper,GeneralSheaf,true,5,6,epoch-200,4,8,cohens_d_test,0.6309603
minesweeper,GeneralSheaf,true,5,6,epoch-200,5,8,cohens_d_test,0.8256408
minesweeper,GeneralSheaf,true,5,6,epoch-200,6,8,cohens_d_test,0.88210773
minesweeper,GeneralSheaf,true,5,6,epoch-200,0,9,degree,-0.019065601362651768
minesweeper,GeneralSheaf,true,5,6,epoch-200,1,9,degree,0.017644297062239956
minesweeper,GeneralSheaf,true,5,6,epoch-200,2,9,degree,0.034270891765055385
minesweeper,GeneralSheaf,true,5,6,epoch-200,3,9,degree,0.042848609657279865
minesweeper,GeneralSheaf,true,5,6,epoch-200,4,9,degree,0.036903995658385765
minesweeper,GeneralSheaf,true,5,6,epoch-200,5,9,degree,0.04041075833823765
minesweeper,GeneralSheaf,true,5,6,epoch-200,6,9,degree,0.04690598513362904
minesweeper,GeneralSheaf,true,5,6,epoch-200,0,9,betweenness,0.01380324853679135
minesweeper,GeneralSheaf,true,5,6,epoch-200,1,9,betweenness,0.03651278246488044
minesweeper,GeneralSheaf,true,5,6,epoch-200,2,9,betweenness,0.04975430502163273
minesweeper,GeneralSheaf,true,5,6,epoch-200,3,9,betweenness,0.061271833088924116
minesweeper,GeneralSheaf,true,5,6,epoch-200,4,9,betweenness,0.06378957369400079
minesweeper,GeneralSheaf,true,5,6,epoch-200,5,9,betweenness,0.07169405629795171
minesweeper,GeneralSheaf,true,5,6,epoch-200,6,9,betweenness,0.08219720887493119
minesweeper,GeneralSheaf,true,5,6,epoch-200,0,9,confidence,0.07061980916632407
minesweeper,GeneralSheaf,true,5,6,epoch-200,1,9,confidence,0.34006172969367376
minesweeper,GeneralSheaf,true,5,6,epoch-200,2,9,confidence,0.5135833414766857
minesweeper,GeneralSheaf,true,5,6,epoch-200,3,9,confidence,0.65279007461389
minesweeper,GeneralSheaf,true,5,6,epoch-200,4,9,confidence,0.7125736886034226
minesweeper,GeneralSheaf,true,5,6,epoch-200,5,9,confidence,0.7286466007892133
minesweeper,GeneralSheaf,true,5,6,epoch-200,6,9,confidence,0.7237847470719564
minesweeper,GeneralSheaf,true,5,6,epoch-200,0,9,saliency,0.3083646019248624
minesweeper,GeneralSheaf,true,5,6,epoch-200,1,9,saliency,0.2071065330240359
minesweeper,GeneralSheaf,true,5,6,epoch-200,2,9,saliency,0.08712787593884705
minesweeper,GeneralSheaf,true,5,6,epoch-200,3,9,saliency,-0.06632825655407851
minesweeper,GeneralSheaf,true,5,6,epoch-200,4,9,saliency,-0.17239400767549162
minesweeper,GeneralSheaf,true,5,6,epoch-200,5,9,saliency,-0.153145836112215
minesweeper,GeneralSheaf,true,5,6,epoch-200,6,9,saliency,-0.12397212844720895
minesweeper,GeneralSheaf,true,5,6,epoch-200,0,9,cohens_d_train,0.1793354
minesweeper,GeneralSheaf,true,5,6,epoch-200,1,9,cohens_d_train,0.29272383
minesweeper,GeneralSheaf,true,5,6,epoch-200,2,9,cohens_d_train,0.42433688
minesweeper,GeneralSheaf,true,5,6,epoch-200,3,9,cohens_d_train,0.58182156
minesweeper,GeneralSheaf,true,5,6,epoch-200,4,9,cohens_d_train,0.7474954
minesweeper,GeneralSheaf,true,5,6,epoch-200,5,9,cohens_d_train,0.8106514
minesweeper,GeneralSheaf,true,5,6,epoch-200,6,9,cohens_d_train,0.8272244
minesweeper,GeneralSheaf,true,5,6,epoch-200,0,9,cohens_d_test,0.26557183
minesweeper,GeneralSheaf,true,5,6,epoch-200,1,9,cohens_d_test,0.39219692
minesweeper,GeneralSheaf,true,5,6,epoch-200,2,9,cohens_d_test,0.52218485
minesweeper,GeneralSheaf,true,5,6,epoch-200,3,9,cohens_d_test,0.6701148
minesweeper,GeneralSheaf,true,5,6,epoch-200,4,9,cohens_d_test,0.8305655
minesweeper,GeneralSheaf,true,5,6,epoch-200,5,9,cohens_d_test,0.8786218
minesweeper,GeneralSheaf,true,5,6,epoch-200,6,9,cohens_d_test,0.8665507
minesweeper,GeneralSheaf,true,5,6,best-epoch,0,0,degree,-0.02162724568593482
minesweeper,GeneralSheaf,true,5,6,best-epoch,1,0,degree,0.046145465812147415
minesweeper,GeneralSheaf,true,5,6,best-epoch,2,0,degree,0.04619771500747856
minesweeper,GeneralSheaf,true,5,6,best-epoch,3,0,degree,0.06586569754900101
minesweeper,GeneralSheaf,true,5,6,best-epoch,4,0,degree,0.07889250763781559
minesweeper,GeneralSheaf,true,5,6,best-epoch,5,0,degree,0.06998234715599108
minesweeper,GeneralSheaf,true,5,6,best-epoch,6,0,degree,0.06148565048966032
minesweeper,GeneralSheaf,true,5,6,best-epoch,0,0,betweenness,0.014397645083545593
minesweeper,GeneralSheaf,true,5,6,best-epoch,1,0,betweenness,0.053928147889708254
minesweeper,GeneralSheaf,true,5,6,best-epoch,2,0,betweenness,0.05549815127347893
minesweeper,GeneralSheaf,true,5,6,best-epoch,3,0,betweenness,0.07450334195771555
minesweeper,GeneralSheaf,true,5,6,best-epoch,4,0,betweenness,0.08772192140316669
minesweeper,GeneralSheaf,true,5,6,best-epoch,5,0,betweenness,0.08842728538145624
minesweeper,GeneralSheaf,true,5,6,best-epoch,6,0,betweenness,0.08807066947987725
minesweeper,GeneralSheaf,true,5,6,best-epoch,0,0,confidence,0.08183120627253944
minesweeper,GeneralSheaf,true,5,6,best-epoch,1,0,confidence,0.4699750551333968
minesweeper,GeneralSheaf,true,5,6,best-epoch,2,0,confidence,0.5915038613309395
minesweeper,GeneralSheaf,true,5,6,best-epoch,3,0,confidence,0.6482215450643962
minesweeper,GeneralSheaf,true,5,6,best-epoch,4,0,confidence,0.5520399519977982
minesweeper,GeneralSheaf,true,5,6,best-epoch,5,0,confidence,0.615826565971322
minesweeper,GeneralSheaf,true,5,6,best-epoch,6,0,confidence,0.7347087816727337
minesweeper,GeneralSheaf,true,5,6,best-epoch,0,0,saliency,0.20783593886765722
minesweeper,GeneralSheaf,true,5,6,best-epoch,1,0,saliency,0.029181974410257477
minesweeper,GeneralSheaf,true,5,6,best-epoch,2,0,saliency,-0.0502454220532079
minesweeper,GeneralSheaf,true,5,6,best-epoch,3,0,saliency,-0.0726937053193732
minesweeper,GeneralSheaf,true,5,6,best-epoch,4,0,saliency,-0.0052808055828872675
minesweeper,GeneralSheaf,true,5,6,best-epoch,5,0,saliency,-0.055300337167335165
minesweeper,GeneralSheaf,true,5,6,best-epoch,6,0,saliency,-0.15473172888624567
minesweeper,GeneralSheaf,true,5,6,best-epoch,0,0,cohens_d_train,0.27585903
minesweeper,GeneralSheaf,true,5,6,best-epoch,1,0,cohens_d_train,0.48962104
minesweeper,GeneralSheaf,true,5,6,best-epoch,2,0,cohens_d_train,0.6250335
minesweeper,GeneralSheaf,true,5,6,best-epoch,3,0,cohens_d_train,0.7541415
minesweeper,GeneralSheaf,true,5,6,best-epoch,4,0,cohens_d_train,0.64545304
minesweeper,GeneralSheaf,true,5,6,best-epoch,5,0,cohens_d_train,0.6411922
minesweeper,GeneralSheaf,true,5,6,best-epoch,6,0,cohens_d_train,0.77825826
minesweeper,GeneralSheaf,true,5,6,best-epoch,0,0,cohens_d_test,0.18045573
minesweeper,GeneralSheaf,true,5,6,best-epoch,1,0,cohens_d_test,0.4148525
minesweeper,GeneralSheaf,true,5,6,best-epoch,2,0,cohens_d_test,0.5533171
minesweeper,GeneralSheaf,true,5,6,best-epoch,3,0,cohens_d_test,0.70784956
minesweeper,GeneralSheaf,true,5,6,best-epoch,4,0,cohens_d_test,0.63117135
minesweeper,GeneralSheaf,true,5,6,best-epoch,5,0,cohens_d_test,0.6214803
minesweeper,GeneralSheaf,true,5,6,best-epoch,6,0,cohens_d_test,0.7580503
minesweeper,GeneralSheaf,true,5,6,best-epoch,0,1,degree,-0.019065601362651768
minesweeper,GeneralSheaf,true,5,6,best-epoch,1,1,degree,0.029828075479489877
minesweeper,GeneralSheaf,true,5,6,best-epoch,2,1,degree,0.04960112894554387
minesweeper,GeneralSheaf,true,5,6,best-epoch,3,1,degree,0.05719405234729764
minesweeper,GeneralSheaf,true,5,6,best-epoch,4,1,degree,0.06212898499388374
minesweeper,GeneralSheaf,true,5,6,best-epoch,5,1,degree,0.05776696399022255
minesweeper,GeneralSheaf,true,5,6,best-epoch,6,1,degree,0.06173420023344793
minesweeper,GeneralSheaf,true,5,6,best-epoch,0,1,betweenness,0.01380324853679135
minesweeper,GeneralSheaf,true,5,6,best-epoch,1,1,betweenness,0.042152260197293
minesweeper,GeneralSheaf,true,5,6,best-epoch,2,1,betweenness,0.05808696633148358
minesweeper,GeneralSheaf,true,5,6,best-epoch,3,1,betweenness,0.07460182523270392
minesweeper,GeneralSheaf,true,5,6,best-epoch,4,1,betweenness,0.08158549382128154
minesweeper,GeneralSheaf,true,5,6,best-epoch,5,1,betweenness,0.08266357761761167
minesweeper,GeneralSheaf,true,5,6,best-epoch,6,1,betweenness,0.08791333066177072
minesweeper,GeneralSheaf,true,5,6,best-epoch,0,1,confidence,0.0849371708100169
minesweeper,GeneralSheaf,true,5,6,best-epoch,1,1,confidence,0.37414179156472854
minesweeper,GeneralSheaf,true,5,6,best-epoch,2,1,confidence,0.4137363597064714
minesweeper,GeneralSheaf,true,5,6,best-epoch,3,1,confidence,0.5777872101114068
minesweeper,GeneralSheaf,true,5,6,best-epoch,4,1,confidence,0.6194133459713426
minesweeper,GeneralSheaf,true,5,6,best-epoch,5,1,confidence,0.6734739733847932
minesweeper,GeneralSheaf,true,5,6,best-epoch,6,1,confidence,0.6609960172971315
minesweeper,GeneralSheaf,true,5,6,best-epoch,0,1,saliency,0.268582619325651
minesweeper,GeneralSheaf,true,5,6,best-epoch,1,1,saliency,0.19819030264687587
minesweeper,GeneralSheaf,true,5,6,best-epoch,2,1,saliency,0.17302893011940382
minesweeper,GeneralSheaf,true,5,6,best-epoch,3,1,saliency,-0.01617782067592381
minesweeper,GeneralSheaf,true,5,6,best-epoch,4,1,saliency,-0.02329398293928924
minesweeper,GeneralSheaf,true,5,6,best-epoch,5,1,saliency,-0.045372420352132556
minesweeper,GeneralSheaf,true,5,6,best-epoch,6,1,saliency,-0.025275182814827657
minesweeper,GeneralSheaf,true,5,6,best-epoch,0,1,cohens_d_train,0.26671594
minesweeper,GeneralSheaf,true,5,6,best-epoch,1,1,cohens_d_train,0.42091188
minesweeper,GeneralSheaf,true,5,6,best-epoch,2,1,cohens_d_train,0.497958
minesweeper,GeneralSheaf,true,5,6,best-epoch,3,1,cohens_d_train,0.6764546
minesweeper,GeneralSheaf,true,5,6,best-epoch,4,1,cohens_d_train,0.7245618
minesweeper,GeneralSheaf,true,5,6,best-epoch,5,1,cohens_d_train,0.79443777
minesweeper,GeneralSheaf,true,5,6,best-epoch,6,1,cohens_d_train,0.7969354
minesweeper,GeneralSheaf,true,5,6,best-epoch,0,1,cohens_d_test,0.21205914
minesweeper,GeneralSheaf,true,5,6,best-epoch,1,1,cohens_d_test,0.38182417
minesweeper,GeneralSheaf,true,5,6,best-epoch,2,1,cohens_d_test,0.43422526
minesweeper,GeneralSheaf,true,5,6,best-epoch,3,1,cohens_d_test,0.6215971
minesweeper,GeneralSheaf,true,5,6,best-epoch,4,1,cohens_d_test,0.7041577
minesweeper,GeneralSheaf,true,5,6,best-epoch,5,1,cohens_d_test,0.78165466
minesweeper,GeneralSheaf,true,5,6,best-epoch,6,1,cohens_d_test,0.76122534
minesweeper,GeneralSheaf,true,5,6,best-epoch,0,2,degree,-0.019065601362651768
minesweeper,GeneralSheaf,true,5,6,best-epoch,1,2,degree,0.040079246169148534
minesweeper,GeneralSheaf,true,5,6,best-epoch,2,2,degree,0.058742314027920094
minesweeper,GeneralSheaf,true,5,6,best-epoch,3,2,degree,0.04704783619931321
minesweeper,GeneralSheaf,true,5,6,best-epoch,4,2,degree,0.052649493226700705
minesweeper,GeneralSheaf,true,5,6,best-epoch,5,2,degree,0.05670888525188932
minesweeper,GeneralSheaf,true,5,6,best-epoch,6,2,degree,0.06326067218790477
minesweeper,GeneralSheaf,true,5,6,best-epoch,0,2,betweenness,0.01380324853679135
minesweeper,GeneralSheaf,true,5,6,best-epoch,1,2,betweenness,0.05340606752014351
minesweeper,GeneralSheaf,true,5,6,best-epoch,2,2,betweenness,0.07154731010847808
minesweeper,GeneralSheaf,true,5,6,best-epoch,3,2,betweenness,0.07711962815443531
minesweeper,GeneralSheaf,true,5,6,best-epoch,4,2,betweenness,0.08818298889873993
minesweeper,GeneralSheaf,true,5,6,best-epoch,5,2,betweenness,0.09541671351331589
minesweeper,GeneralSheaf,true,5,6,best-epoch,6,2,betweenness,0.09861873103203346
minesweeper,GeneralSheaf,true,5,6,best-epoch,0,2,confidence,0.044417454967333445
minesweeper,GeneralSheaf,true,5,6,best-epoch,1,2,confidence,0.5397572794314807
minesweeper,GeneralSheaf,true,5,6,best-epoch,2,2,confidence,0.6035747485816622
minesweeper,GeneralSheaf,true,5,6,best-epoch,3,2,confidence,0.6652831793407731
minesweeper,GeneralSheaf,true,5,6,best-epoch,4,2,confidence,0.6937157734817456
minesweeper,GeneralSheaf,true,5,6,best-epoch,5,2,confidence,0.7579978200478567
minesweeper,GeneralSheaf,true,5,6,best-epoch,6,2,confidence,0.7563772227772222
minesweeper,GeneralSheaf,true,5,6,best-epoch,0,2,saliency,0.3188247641711187
minesweeper,GeneralSheaf,true,5,6,best-epoch,1,2,saliency,0.07603595698104389
minesweeper,GeneralSheaf,true,5,6,best-epoch,2,2,saliency,0.01588866840307735
minesweeper,GeneralSheaf,true,5,6,best-epoch,3,2,saliency,-0.05164385395305827
minesweeper,GeneralSheaf,true,5,6,best-epoch,4,2,saliency,-0.08612381304349649
minesweeper,GeneralSheaf,true,5,6,best-epoch,5,2,saliency,-0.13315765641597602
minesweeper,GeneralSheaf,true,5,6,best-epoch,6,2,saliency,-0.09836383788052365
minesweeper,GeneralSheaf,true,5,6,best-epoch,0,2,cohens_d_train,0.22866943
minesweeper,GeneralSheaf,true,5,6,best-epoch,1,2,cohens_d_train,0.5033397
minesweeper,GeneralSheaf,true,5,6,best-epoch,2,2,cohens_d_train,0.6142091
minesweeper,GeneralSheaf,true,5,6,best-epoch,3,2,cohens_d_train,0.71209836
minesweeper,GeneralSheaf,true,5,6,best-epoch,4,2,cohens_d_train,0.8127359
minesweeper,GeneralSheaf,true,5,6,best-epoch,5,2,cohens_d_train,0.8872227
minesweeper,GeneralSheaf,true,5,6,best-epoch,6,2,cohens_d_train,0.9273684
minesweeper,GeneralSheaf,true,5,6,best-epoch,0,2,cohens_d_test,0.26921538
minesweeper,GeneralSheaf,true,5,6,best-epoch,1,2,cohens_d_test,0.53268594
minesweeper,GeneralSheaf,true,5,6,best-epoch,2,2,cohens_d_test,0.6437797
minesweeper,GeneralSheaf,true,5,6,best-epoch,3,2,cohens_d_test,0.7073801
minesweeper,GeneralSheaf,true,5,6,best-epoch,4,2,cohens_d_test,0.83334154
minesweeper,GeneralSheaf,true,5,6,best-epoch,5,2,cohens_d_test,0.8929584
minesweeper,GeneralSheaf,true,5,6,best-epoch,6,2,cohens_d_test,0.92426175
minesweeper,GeneralSheaf,true,5,6,best-epoch,0,3,degree,-0.024688852548087246
minesweeper,GeneralSheaf,true,5,6,best-epoch,1,3,degree,0.029000351930823457
minesweeper,GeneralSheaf,true,5,6,best-epoch,2,3,degree,0.03537951520757665
minesweeper,GeneralSheaf,true,5,6,best-epoch,3,3,degree,0.05298852858027148
minesweeper,GeneralSheaf,true,5,6,best-epoch,4,3,degree,0.06648444904235738
minesweeper,GeneralSheaf,true,5,6,best-epoch,5,3,degree,0.06318183121299087
minesweeper,GeneralSheaf,true,5,6,best-epoch,6,3,degree,0.05982146245595159
minesweeper,GeneralSheaf,true,5,6,best-epoch,0,3,betweenness,0.015790804355716823
minesweeper,GeneralSheaf,true,5,6,best-epoch,1,3,betweenness,0.04441686067416736
minesweeper,GeneralSheaf,true,5,6,best-epoch,2,3,betweenness,0.053432162641924595
minesweeper,GeneralSheaf,true,5,6,best-epoch,3,3,betweenness,0.07355941242668362
minesweeper,GeneralSheaf,true,5,6,best-epoch,4,3,betweenness,0.08366470956565904
minesweeper,GeneralSheaf,true,5,6,best-epoch,5,3,betweenness,0.08667359473759619
minesweeper,GeneralSheaf,true,5,6,best-epoch,6,3,betweenness,0.08898806471308422
minesweeper,GeneralSheaf,true,5,6,best-epoch,0,3,confidence,0.06293159819250464
minesweeper,GeneralSheaf,true,5,6,best-epoch,1,3,confidence,0.4404414761342052
minesweeper,GeneralSheaf,true,5,6,best-epoch,2,3,confidence,0.45743626636495494
minesweeper,GeneralSheaf,true,5,6,best-epoch,3,3,confidence,0.5563704382908689
minesweeper,GeneralSheaf,true,5,6,best-epoch,4,3,confidence,0.5648167750649995
minesweeper,GeneralSheaf,true,5,6,best-epoch,5,3,confidence,0.7220166256158905
minesweeper,GeneralSheaf,true,5,6,best-epoch,6,3,confidence,0.8589107968219745
minesweeper,GeneralSheaf,true,5,6,best-epoch,0,3,saliency,0.29082466495085857
minesweeper,GeneralSheaf,true,5,6,best-epoch,1,3,saliency,0.10830082762095769
minesweeper,GeneralSheaf,true,5,6,best-epoch,2,3,saliency,0.006593245535952236
minesweeper,GeneralSheaf,true,5,6,best-epoch,3,3,saliency,-0.05296244307841886
minesweeper,GeneralSheaf,true,5,6,best-epoch,4,3,saliency,-0.09025771104338942
minesweeper,GeneralSheaf,true,5,6,best-epoch,5,3,saliency,-0.1569326488602681
minesweeper,GeneralSheaf,true,5,6,best-epoch,6,3,saliency,-0.23676769586980786
minesweeper,GeneralSheaf,true,5,6,best-epoch,0,3,cohens_d_train,0.25805986
minesweeper,GeneralSheaf,true,5,6,best-epoch,1,3,cohens_d_train,0.5051358
minesweeper,GeneralSheaf,true,5,6,best-epoch,2,3,cohens_d_train,0.484604
minesweeper,GeneralSheaf,true,5,6,best-epoch,3,3,cohens_d_train,0.69810414
minesweeper,GeneralSheaf,true,5,6,best-epoch,4,3,cohens_d_train,0.69979936
minesweeper,GeneralSheaf,true,5,6,best-epoch,5,3,cohens_d_train,0.87811905
minesweeper,GeneralSheaf,true,5,6,best-epoch,6,3,cohens_d_train,1.0625863
minesweeper,GeneralSheaf,true,5,6,best-epoch,0,3,cohens_d_test,0.20985015
minesweeper,GeneralSheaf,true,5,6,best-epoch,1,3,cohens_d_test,0.43118355
minesweeper,GeneralSheaf,true,5,6,best-epoch,2,3,cohens_d_test,0.36702648
minesweeper,GeneralSheaf,true,5,6,best-epoch,3,3,cohens_d_test,0.56344944
minesweeper,GeneralSheaf,true,5,6,best-epoch,4,3,cohens_d_test,0.53605485
minesweeper,GeneralSheaf,true,5,6,best-epoch,5,3,cohens_d_test,0.73483145
minesweeper,GeneralSheaf,true,5,6,best-epoch,6,3,cohens_d_test,0.9345709
minesweeper,GeneralSheaf,true,5,6,best-epoch,0,4,degree,-0.019065601362651768
minesweeper,GeneralSheaf,true,5,6,best-epoch,1,4,degree,0.02203235287174969
minesweeper,GeneralSheaf,true,5,6,best-epoch,2,4,degree,0.039742502014454194
minesweeper,GeneralSheaf,true,5,6,best-epoch,3,4,degree,0.04232166405254844
minesweeper,GeneralSheaf,true,5,6,best-epoch,4,4,degree,0.0381224999647194
minesweeper,GeneralSheaf,true,5,6,best-epoch,5,4,degree,0.0548128957759706
minesweeper,GeneralSheaf,true,5,6,best-epoch,6,4,degree,0.05692455227965125
minesweeper,GeneralSheaf,true,5,6,best-epoch,0,4,betweenness,0.01380324853679135
minesweeper,GeneralSheaf,true,5,6,best-epoch,1,4,betweenness,0.03750857473666111
minesweeper,GeneralSheaf,true,5,6,best-epoch,2,4,betweenness,0.05500037005198372
minesweeper,GeneralSheaf,true,5,6,best-epoch,3,4,betweenness,0.05998290975234838
minesweeper,GeneralSheaf,true,5,6,best-epoch,4,4,betweenness,0.061437312784400566
minesweeper,GeneralSheaf,true,5,6,best-epoch,5,4,betweenness,0.07090208462263686
minesweeper,GeneralSheaf,true,5,6,best-epoch,6,4,betweenness,0.07357399899060937
minesweeper,GeneralSheaf,true,5,6,best-epoch,0,4,confidence,0.06245073956813229
minesweeper,GeneralSheaf,true,5,6,best-epoch,1,4,confidence,0.3688908282643832
minesweeper,GeneralSheaf,true,5,6,best-epoch,2,4,confidence,0.5280109068652675
minesweeper,GeneralSheaf,true,5,6,best-epoch,3,4,confidence,0.515586399713262
minesweeper,GeneralSheaf,true,5,6,best-epoch,4,4,confidence,0.5250689895427582
minesweeper,GeneralSheaf,true,5,6,best-epoch,5,4,confidence,0.42345534813328434
minesweeper,GeneralSheaf,true,5,6,best-epoch,6,4,confidence,0.5922485438446874
minesweeper,GeneralSheaf,true,5,6,best-epoch,0,4,saliency,0.15059776447311587
minesweeper,GeneralSheaf,true,5,6,best-epoch,1,4,saliency,0.03704845120715138
minesweeper,GeneralSheaf,true,5,6,best-epoch,2,4,saliency,-0.046283960305395
minesweeper,GeneralSheaf,true,5,6,best-epoch,3,4,saliency,-0.0379927431326113
minesweeper,GeneralSheaf,true,5,6,best-epoch,4,4,saliency,-0.04799409953437294
minesweeper,GeneralSheaf,true,5,6,best-epoch,5,4,saliency,0.009240321656652705
minesweeper,GeneralSheaf,true,5,6,best-epoch,6,4,saliency,-0.05759002234276407
minesweeper,GeneralSheaf,true,5,6,best-epoch,0,4,cohens_d_train,0.22597666
minesweeper,GeneralSheaf,true,5,6,best-epoch,1,4,cohens_d_train,0.40901786
minesweeper,GeneralSheaf,true,5,6,best-epoch,2,4,cohens_d_train,0.5568047
minesweeper,GeneralSheaf,true,5,6,best-epoch,3,4,cohens_d_train,0.58826375
minesweeper,GeneralSheaf,true,5,6,best-epoch,4,4,cohens_d_train,0.6677746
minesweeper,GeneralSheaf,true,5,6,best-epoch,5,4,cohens_d_train,0.5645906
minesweeper,GeneralSheaf,true,5,6,best-epoch,6,4,cohens_d_train,0.7602578
minesweeper,GeneralSheaf,true,5,6,best-epoch,0,4,cohens_d_test,0.26295462
minesweeper,GeneralSheaf,true,5,6,best-epoch,1,4,cohens_d_test,0.45478278
minesweeper,GeneralSheaf,true,5,6,best-epoch,2,4,cohens_d_test,0.60800153
minesweeper,GeneralSheaf,true,5,6,best-epoch,3,4,cohens_d_test,0.6344603
minesweeper,GeneralSheaf,true,5,6,best-epoch,4,4,cohens_d_test,0.7365936
minesweeper,GeneralSheaf,true,5,6,best-epoch,5,4,cohens_d_test,0.6322157
minesweeper,GeneralSheaf,true,5,6,best-epoch,6,4,cohens_d_test,0.8362828
minesweeper,GeneralSheaf,true,5,6,best-epoch,0,5,degree,-0.019065601362651768
minesweeper,GeneralSheaf,true,5,6,best-epoch,1,5,degree,0.03087355347813537
minesweeper,GeneralSheaf,true,5,6,best-epoch,2,5,degree,0.034129566978092205
minesweeper,GeneralSheaf,true,5,6,best-epoch,3,5,degree,0.03315978933411024
minesweeper,GeneralSheaf,true,5,6,best-epoch,4,5,degree,0.0332816261441663
minesweeper,GeneralSheaf,true,5,6,best-epoch,5,5,degree,0.05342726059045081
minesweeper,GeneralSheaf,true,5,6,best-epoch,6,5,degree,0.05064142984555833
minesweeper,GeneralSheaf,true,5,6,best-epoch,0,5,betweenness,0.01380324853679135
minesweeper,GeneralSheaf,true,5,6,best-epoch,1,5,betweenness,0.045083823890326
minesweeper,GeneralSheaf,true,5,6,best-epoch,2,5,betweenness,0.049356036465337184
minesweeper,GeneralSheaf,true,5,6,best-epoch,3,5,betweenness,0.05948051312076799
minesweeper,GeneralSheaf,true,5,6,best-epoch,4,5,betweenness,0.0660493171286728
minesweeper,GeneralSheaf,true,5,6,best-epoch,5,5,betweenness,0.08657602271861724
minesweeper,GeneralSheaf,true,5,6,best-epoch,6,5,betweenness,0.09344321385751576
minesweeper,GeneralSheaf,true,5,6,best-epoch,0,5,confidence,0.02987753313163004
minesweeper,GeneralSheaf,true,5,6,best-epoch,1,5,confidence,0.42666509864606433
minesweeper,GeneralSheaf,true,5,6,best-epoch,2,5,confidence,0.5611701337579393
minesweeper,GeneralSheaf,true,5,6,best-epoch,3,5,confidence,0.7204173616869567
minesweeper,GeneralSheaf,true,5,6,best-epoch,4,5,confidence,0.668877198672393
minesweeper,GeneralSheaf,true,5,6,best-epoch,5,5,confidence,0.6007176436807901
minesweeper,GeneralSheaf,true,5,6,best-epoch,6,5,confidence,0.700342606906557
minesweeper,GeneralSheaf,true,5,6,best-epoch,0,5,saliency,0.07428485360837722
minesweeper,GeneralSheaf,true,5,6,best-epoch,1,5,saliency,-0.12031705235225337
minesweeper,GeneralSheaf,true,5,6,best-epoch,2,5,saliency,-0.20335123790595258
minesweeper,GeneralSheaf,true,5,6,best-epoch,3,5,saliency,-0.29296404544627713
minesweeper,GeneralSheaf,true,5,6,best-epoch,4,5,saliency,-0.24157055920787973
minesweeper,GeneralSheaf,true,5,6,best-epoch,5,5,saliency,-0.18809786321867153
minesweeper,GeneralSheaf,true,5,6,best-epoch,6,5,saliency,-0.27287758684923175
minesweeper,GeneralSheaf,true,5,6,best-epoch,0,5,cohens_d_train,0.29637754
minesweeper,GeneralSheaf,true,5,6,best-epoch,1,5,cohens_d_train,0.5517885
minesweeper,GeneralSheaf,true,5,6,best-epoch,2,5,cohens_d_train,0.6894678
minesweeper,GeneralSheaf,true,5,6,best-epoch,3,5,cohens_d_train,0.88014674
minesweeper,GeneralSheaf,true,5,6,best-epoch,4,5,cohens_d_train,0.8404437
minesweeper,GeneralSheaf,true,5,6,best-epoch,5,5,cohens_d_train,0.7869772
minesweeper,GeneralSheaf,true,5,6,best-epoch,6,5,cohens_d_train,0.89876246
minesweeper,GeneralSheaf,true,5,6,best-epoch,0,5,cohens_d_test,0.15955968
minesweeper,GeneralSheaf,true,5,6,best-epoch,1,5,cohens_d_test,0.37109926
minesweeper,GeneralSheaf,true,5,6,best-epoch,2,5,cohens_d_test,0.4995235
minesweeper,GeneralSheaf,true,5,6,best-epoch,3,5,cohens_d_test,0.7536309
minesweeper,GeneralSheaf,true,5,6,best-epoch,4,5,cohens_d_test,0.7010638
minesweeper,GeneralSheaf,true,5,6,best-epoch,5,5,cohens_d_test,0.6534681
minesweeper,GeneralSheaf,true,5,6,best-epoch,6,5,cohens_d_test,0.76492655
minesweeper,GeneralSheaf,true,5,6,best-epoch,0,6,degree,-0.03636979558496833
minesweeper,GeneralSheaf,true,5,6,best-epoch,1,6,degree,0.04820359866967747
minesweeper,GeneralSheaf,true,5,6,best-epoch,2,6,degree,0.05111946542896442
minesweeper,GeneralSheaf,true,5,6,best-epoch,3,6,degree,0.06021552877905428
minesweeper,GeneralSheaf,true,5,6,best-epoch,4,6,degree,0.06028539328048814
minesweeper,GeneralSheaf,true,5,6,best-epoch,5,6,degree,0.05372637038635219
minesweeper,GeneralSheaf,true,5,6,best-epoch,6,6,degree,0.046586501064283664
minesweeper,GeneralSheaf,true,5,6,best-epoch,0,6,betweenness,0.003437892765368675
minesweeper,GeneralSheaf,true,5,6,best-epoch,1,6,betweenness,0.055985705476040495
minesweeper,GeneralSheaf,true,5,6,best-epoch,2,6,betweenness,0.06195093407848299
minesweeper,GeneralSheaf,true,5,6,best-epoch,3,6,betweenness,0.07366425968039948
minesweeper,GeneralSheaf,true,5,6,best-epoch,4,6,betweenness,0.08257692203449425
minesweeper,GeneralSheaf,true,5,6,best-epoch,5,6,betweenness,0.0841116236976396
minesweeper,GeneralSheaf,true,5,6,best-epoch,6,6,betweenness,0.07953320413843383
minesweeper,GeneralSheaf,true,5,6,best-epoch,0,6,confidence,0.09025525427614073
minesweeper,GeneralSheaf,true,5,6,best-epoch,1,6,confidence,0.5434625854402513
minesweeper,GeneralSheaf,true,5,6,best-epoch,2,6,confidence,0.5424269715264795
minesweeper,GeneralSheaf,true,5,6,best-epoch,3,6,confidence,0.6073484212208083
minesweeper,GeneralSheaf,true,5,6,best-epoch,4,6,confidence,0.7344484392590562
minesweeper,GeneralSheaf,true,5,6,best-epoch,5,6,confidence,0.7648891324328064
minesweeper,GeneralSheaf,true,5,6,best-epoch,6,6,confidence,0.8132628426352846
minesweeper,GeneralSheaf,true,5,6,best-epoch,0,6,saliency,-0.11102276670016291
minesweeper,GeneralSheaf,true,5,6,best-epoch,1,6,saliency,0.00814239943554613
minesweeper,GeneralSheaf,true,5,6,best-epoch,2,6,saliency,-0.029892176021639173
minesweeper,GeneralSheaf,true,5,6,best-epoch,3,6,saliency,-0.11061114909509799
minesweeper,GeneralSheaf,true,5,6,best-epoch,4,6,saliency,-0.18155480279318204
minesweeper,GeneralSheaf,true,5,6,best-epoch,5,6,saliency,-0.20069137898811792
minesweeper,GeneralSheaf,true,5,6,best-epoch,6,6,saliency,-0.21900925772137772
minesweeper,GeneralSheaf,true,5,6,best-epoch,0,6,cohens_d_train,0.22794148
minesweeper,GeneralSheaf,true,5,6,best-epoch,1,6,cohens_d_train,0.52003926
minesweeper,GeneralSheaf,true,5,6,best-epoch,2,6,cohens_d_train,0.529431
minesweeper,GeneralSheaf,true,5,6,best-epoch,3,6,cohens_d_train,0.6577308
minesweeper,GeneralSheaf,true,5,6,best-epoch,4,6,cohens_d_train,0.8416541
minesweeper,GeneralSheaf,true,5,6,best-epoch,5,6,cohens_d_train,0.891516
minesweeper,GeneralSheaf,true,5,6,best-epoch,6,6,cohens_d_train,0.9395429
minesweeper,GeneralSheaf,true,5,6,best-epoch,0,6,cohens_d_test,0.23952964
minesweeper,GeneralSheaf,true,5,6,best-epoch,1,6,cohens_d_test,0.5672469
minesweeper,GeneralSheaf,true,5,6,best-epoch,2,6,cohens_d_test,0.55754197
minesweeper,GeneralSheaf,true,5,6,best-epoch,3,6,cohens_d_test,0.64611095
minesweeper,GeneralSheaf,true,5,6,best-epoch,4,6,cohens_d_test,0.8293446
minesweeper,GeneralSheaf,true,5,6,best-epoch,5,6,cohens_d_test,0.8940259
minesweeper,GeneralSheaf,true,5,6,best-epoch,6,6,cohens_d_test,0.9481431
minesweeper,GeneralSheaf,true,5,6,best-epoch,0,7,degree,-0.019065601362651768
minesweeper,GeneralSheaf,true,5,6,best-epoch,1,7,degree,0.04158118339206655
minesweeper,GeneralSheaf,true,5,6,best-epoch,2,7,degree,0.06508509586945785
minesweeper,GeneralSheaf,true,5,6,best-epoch,3,7,degree,0.05803550582252079
minesweeper,GeneralSheaf,true,5,6,best-epoch,4,7,degree,0.04951082195969397
minesweeper,GeneralSheaf,true,5,6,best-epoch,5,7,degree,0.055431559662140986
minesweeper,GeneralSheaf,true,5,6,best-epoch,6,7,degree,0.07067099619082447
minesweeper,GeneralSheaf,true,5,6,best-epoch,0,7,betweenness,0.01380324853679135
minesweeper,GeneralSheaf,true,5,6,best-epoch,1,7,betweenness,0.05159557302796795
minesweeper,GeneralSheaf,true,5,6,best-epoch,2,7,betweenness,0.07348220327412873
minesweeper,GeneralSheaf,true,5,6,best-epoch,3,7,betweenness,0.07719666528790368
minesweeper,GeneralSheaf,true,5,6,best-epoch,4,7,betweenness,0.08248837844385337
minesweeper,GeneralSheaf,true,5,6,best-epoch,5,7,betweenness,0.08868410806429977
minesweeper,GeneralSheaf,true,5,6,best-epoch,6,7,betweenness,0.09915076476507709
minesweeper,GeneralSheaf,true,5,6,best-epoch,0,7,confidence,0.03929180317360442
minesweeper,GeneralSheaf,true,5,6,best-epoch,1,7,confidence,0.6084596994475274
minesweeper,GeneralSheaf,true,5,6,best-epoch,2,7,confidence,0.6317043601224398
minesweeper,GeneralSheaf,true,5,6,best-epoch,3,7,confidence,0.6018028933947638
minesweeper,GeneralSheaf,true,5,6,best-epoch,4,7,confidence,0.6947570860483483
minesweeper,GeneralSheaf,true,5,6,best-epoch,5,7,confidence,0.6417495803865968
minesweeper,GeneralSheaf,true,5,6,best-epoch,6,7,confidence,0.6865364951981001
minesweeper,GeneralSheaf,true,5,6,best-epoch,0,7,saliency,0.2701121633062009
minesweeper,GeneralSheaf,true,5,6,best-epoch,1,7,saliency,-0.10609850340625822
minesweeper,GeneralSheaf,true,5,6,best-epoch,2,7,saliency,-0.13230391187342058
minesweeper,GeneralSheaf,true,5,6,best-epoch,3,7,saliency,-0.04979251389712015
minesweeper,GeneralSheaf,true,5,6,best-epoch,4,7,saliency,-0.11269325026194674
minesweeper,GeneralSheaf,true,5,6,best-epoch,5,7,saliency,-0.0654417396732027
minesweeper,GeneralSheaf,true,5,6,best-epoch,6,7,saliency,-0.06121499409670088
minesweeper,GeneralSheaf,true,5,6,best-epoch,0,7,cohens_d_train,0.14398661
minesweeper,GeneralSheaf,true,5,6,best-epoch,1,7,cohens_d_train,0.4646443
minesweeper,GeneralSheaf,true,5,6,best-epoch,2,7,cohens_d_train,0.523219
minesweeper,GeneralSheaf,true,5,6,best-epoch,3,7,cohens_d_train,0.5056365
minesweeper,GeneralSheaf,true,5,6,best-epoch,4,7,cohens_d_train,0.7088596
minesweeper,GeneralSheaf,true,5,6,best-epoch,5,7,cohens_d_train,0.6833515
minesweeper,GeneralSheaf,true,5,6,best-epoch,6,7,cohens_d_train,0.8249459
minesweeper,GeneralSheaf,true,5,6,best-epoch,0,7,cohens_d_test,0.12301102
minesweeper,GeneralSheaf,true,5,6,best-epoch,1,7,cohens_d_test,0.383175
minesweeper,GeneralSheaf,true,5,6,best-epoch,2,7,cohens_d_test,0.40880707
minesweeper,GeneralSheaf,true,5,6,best-epoch,3,7,cohens_d_test,0.4045736
minesweeper,GeneralSheaf,true,5,6,best-epoch,4,7,cohens_d_test,0.5992823
minesweeper,GeneralSheaf,true,5,6,best-epoch,5,7,cohens_d_test,0.55780995
minesweeper,GeneralSheaf,true,5,6,best-epoch,6,7,cohens_d_test,0.68937373
minesweeper,GeneralSheaf,true,5,6,best-epoch,0,8,degree,-0.019065601362651768
minesweeper,GeneralSheaf,true,5,6,best-epoch,1,8,degree,0.03843800411868203
minesweeper,GeneralSheaf,true,5,6,best-epoch,2,8,degree,0.04548475899690907
minesweeper,GeneralSheaf,true,5,6,best-epoch,3,8,degree,0.052529492530936917
minesweeper,GeneralSheaf,true,5,6,best-epoch,4,8,degree,0.04819328284074768
minesweeper,GeneralSheaf,true,5,6,best-epoch,5,8,degree,0.058904528602261925
minesweeper,GeneralSheaf,true,5,6,best-epoch,6,8,degree,0.06732666465210285
minesweeper,GeneralSheaf,true,5,6,best-epoch,0,8,betweenness,0.01380324853679135
minesweeper,GeneralSheaf,true,5,6,best-epoch,1,8,betweenness,0.046838181332068
minesweeper,GeneralSheaf,true,5,6,best-epoch,2,8,betweenness,0.057499569061065674
minesweeper,GeneralSheaf,true,5,6,best-epoch,3,8,betweenness,0.0669367344545803
minesweeper,GeneralSheaf,true,5,6,best-epoch,4,8,betweenness,0.06787086758715202
minesweeper,GeneralSheaf,true,5,6,best-epoch,5,8,betweenness,0.07294317261627652
minesweeper,GeneralSheaf,true,5,6,best-epoch,6,8,betweenness,0.07607257802683372
minesweeper,GeneralSheaf,true,5,6,best-epoch,0,8,confidence,0.12392700057455949
minesweeper,GeneralSheaf,true,5,6,best-epoch,1,8,confidence,0.60863033157183
minesweeper,GeneralSheaf,true,5,6,best-epoch,2,8,confidence,0.6329516703432516
minesweeper,GeneralSheaf,true,5,6,best-epoch,3,8,confidence,0.613093356608152
minesweeper,GeneralSheaf,true,5,6,best-epoch,4,8,confidence,0.7129577660559567
minesweeper,GeneralSheaf,true,5,6,best-epoch,5,8,confidence,0.7470651433563795
minesweeper,GeneralSheaf,true,5,6,best-epoch,6,8,confidence,0.7521862102929907
minesweeper,GeneralSheaf,true,5,6,best-epoch,0,8,saliency,0.13772175050144686
minesweeper,GeneralSheaf,true,5,6,best-epoch,1,8,saliency,-0.12525410843366835
minesweeper,GeneralSheaf,true,5,6,best-epoch,2,8,saliency,-0.1277379832565295
minesweeper,GeneralSheaf,true,5,6,best-epoch,3,8,saliency,-0.11305954714096973
minesweeper,GeneralSheaf,true,5,6,best-epoch,4,8,saliency,-0.17485428362811653
minesweeper,GeneralSheaf,true,5,6,best-epoch,5,8,saliency,-0.14401677502389595
minesweeper,GeneralSheaf,true,5,6,best-epoch,6,8,saliency,-0.12088544263811835
minesweeper,GeneralSheaf,true,5,6,best-epoch,0,8,cohens_d_train,0.2185807
minesweeper,GeneralSheaf,true,5,6,best-epoch,1,8,cohens_d_train,0.5008304
minesweeper,GeneralSheaf,true,5,6,best-epoch,2,8,cohens_d_train,0.5970993
minesweeper,GeneralSheaf,true,5,6,best-epoch,3,8,cohens_d_train,0.64255756
minesweeper,GeneralSheaf,true,5,6,best-epoch,4,8,cohens_d_train,0.8011022
minesweeper,GeneralSheaf,true,5,6,best-epoch,5,8,cohens_d_train,0.8771115
minesweeper,GeneralSheaf,true,5,6,best-epoch,6,8,cohens_d_train,0.82988435
minesweeper,GeneralSheaf,true,5,6,best-epoch,0,8,cohens_d_test,0.2144779
minesweeper,GeneralSheaf,true,5,6,best-epoch,1,8,cohens_d_test,0.5386982
minesweeper,GeneralSheaf,true,5,6,best-epoch,2,8,cohens_d_test,0.63198346
minesweeper,GeneralSheaf,true,5,6,best-epoch,3,8,cohens_d_test,0.6785582
minesweeper,GeneralSheaf,true,5,6,best-epoch,4,8,cohens_d_test,0.842598
minesweeper,GeneralSheaf,true,5,6,best-epoch,5,8,cohens_d_test,0.89663035
minesweeper,GeneralSheaf,true,5,6,best-epoch,6,8,cohens_d_test,0.8361416
minesweeper,GeneralSheaf,true,5,6,best-epoch,0,9,degree,-0.019065601362651768
minesweeper,GeneralSheaf,true,5,6,best-epoch,1,9,degree,0.04112076311673506
minesweeper,GeneralSheaf,true,5,6,best-epoch,2,9,degree,0.05774431130772775
minesweeper,GeneralSheaf,true,5,6,best-epoch,3,9,degree,0.06596199822768563
minesweeper,GeneralSheaf,true,5,6,best-epoch,4,9,degree,0.05834500935484591
minesweeper,GeneralSheaf,true,5,6,best-epoch,5,9,degree,0.057889663117457246
minesweeper,GeneralSheaf,true,5,6,best-epoch,6,9,degree,0.058477136095232064
minesweeper,GeneralSheaf,true,5,6,best-epoch,0,9,betweenness,0.01380324853679135
minesweeper,GeneralSheaf,true,5,6,best-epoch,1,9,betweenness,0.0479724754577396
minesweeper,GeneralSheaf,true,5,6,best-epoch,2,9,betweenness,0.061572768114129026
minesweeper,GeneralSheaf,true,5,6,best-epoch,3,9,betweenness,0.07504162943089267
minesweeper,GeneralSheaf,true,5,6,best-epoch,4,9,betweenness,0.07824322758571849
minesweeper,GeneralSheaf,true,5,6,best-epoch,5,9,betweenness,0.08196929317313564
minesweeper,GeneralSheaf,true,5,6,best-epoch,6,9,betweenness,0.08691422581453191
minesweeper,GeneralSheaf,true,5,6,best-epoch,0,9,confidence,0.10628330182295555
minesweeper,GeneralSheaf,true,5,6,best-epoch,1,9,confidence,0.4431254774178881
minesweeper,GeneralSheaf,true,5,6,best-epoch,2,9,confidence,0.5399174105157905
minesweeper,GeneralSheaf,true,5,6,best-epoch,3,9,confidence,0.43906700846201707
minesweeper,GeneralSheaf,true,5,6,best-epoch,4,9,confidence,0.6491674210779534
minesweeper,GeneralSheaf,true,5,6,best-epoch,5,9,confidence,0.6980956586810075
minesweeper,GeneralSheaf,true,5,6,best-epoch,6,9,confidence,0.7322134424487244
minesweeper,GeneralSheaf,true,5,6,best-epoch,0,9,saliency,0.21813564221774787
minesweeper,GeneralSheaf,true,5,6,best-epoch,1,9,saliency,0.0729686158132185
minesweeper,GeneralSheaf,true,5,6,best-epoch,2,9,saliency,0.016795797318260298
minesweeper,GeneralSheaf,true,5,6,best-epoch,3,9,saliency,0.08470306995804712
minesweeper,GeneralSheaf,true,5,6,best-epoch,4,9,saliency,-0.12161764768273044
minesweeper,GeneralSheaf,true,5,6,best-epoch,5,9,saliency,-0.10941176782041533
minesweeper,GeneralSheaf,true,5,6,best-epoch,6,9,saliency,-0.11880980561623662
minesweeper,GeneralSheaf,true,5,6,best-epoch,0,9,cohens_d_train,0.2452338
minesweeper,GeneralSheaf,true,5,6,best-epoch,1,9,cohens_d_train,0.4889125
minesweeper,GeneralSheaf,true,5,6,best-epoch,2,9,cohens_d_train,0.55320704
minesweeper,GeneralSheaf,true,5,6,best-epoch,3,9,cohens_d_train,0.53513366
minesweeper,GeneralSheaf,true,5,6,best-epoch,4,9,cohens_d_train,0.76418555
minesweeper,GeneralSheaf,true,5,6,best-epoch,5,9,cohens_d_train,0.85685134
minesweeper,GeneralSheaf,true,5,6,best-epoch,6,9,cohens_d_train,0.89391124
minesweeper,GeneralSheaf,true,5,6,best-epoch,0,9,cohens_d_test,0.2914409
minesweeper,GeneralSheaf,true,5,6,best-epoch,1,9,cohens_d_test,0.53555804
minesweeper,GeneralSheaf,true,5,6,best-epoch,2,9,cohens_d_test,0.5955329
minesweeper,GeneralSheaf,true,5,6,best-epoch,3,9,cohens_d_test,0.5552176
minesweeper,GeneralSheaf,true,5,6,best-epoch,4,9,cohens_d_test,0.78868204
minesweeper,GeneralSheaf,true,5,6,best-epoch,5,9,cohens_d_test,0.85959965
minesweeper,GeneralSheaf,true,5,6,best-epoch,6,9,cohens_d_test,0.88966495
minesweeper,GeneralSheaf,true,5,6,last,0,0,degree,-0.02162724568593482
minesweeper,GeneralSheaf,true,5,6,last,1,0,degree,0.03611188437749649
minesweeper,GeneralSheaf,true,5,6,last,2,0,degree,0.03659972826832131
minesweeper,GeneralSheaf,true,5,6,last,3,0,degree,0.06092620595311485
minesweeper,GeneralSheaf,true,5,6,last,4,0,degree,0.07191536605851474
minesweeper,GeneralSheaf,true,5,6,last,5,0,degree,0.06852749194240841
minesweeper,GeneralSheaf,true,5,6,last,6,0,degree,0.06401467899770666
minesweeper,GeneralSheaf,true,5,6,last,0,0,betweenness,0.014397645083545593
minesweeper,GeneralSheaf,true,5,6,last,1,0,betweenness,0.051391132193915584
minesweeper,GeneralSheaf,true,5,6,last,2,0,betweenness,0.05315650827627607
minesweeper,GeneralSheaf,true,5,6,last,3,0,betweenness,0.07492816744442865
minesweeper,GeneralSheaf,true,5,6,last,4,0,betweenness,0.08566371847346409
minesweeper,GeneralSheaf,true,5,6,last,5,0,betweenness,0.08820491131601833
minesweeper,GeneralSheaf,true,5,6,last,6,0,betweenness,0.08851040170802486
minesweeper,GeneralSheaf,true,5,6,last,0,0,confidence,0.07769145018789997
minesweeper,GeneralSheaf,true,5,6,last,1,0,confidence,0.5167604110605992
minesweeper,GeneralSheaf,true,5,6,last,2,0,confidence,0.592368705560144
minesweeper,GeneralSheaf,true,5,6,last,3,0,confidence,0.6507951670470868
minesweeper,GeneralSheaf,true,5,6,last,4,0,confidence,0.5528491366095516
minesweeper,GeneralSheaf,true,5,6,last,5,0,confidence,0.62635766777636
minesweeper,GeneralSheaf,true,5,6,last,6,0,confidence,0.7325507808751013
minesweeper,GeneralSheaf,true,5,6,last,0,0,saliency,0.18240842706809524
minesweeper,GeneralSheaf,true,5,6,last,1,0,saliency,-0.010768950605818733
minesweeper,GeneralSheaf,true,5,6,last,2,0,saliency,-0.04729846432211981
minesweeper,GeneralSheaf,true,5,6,last,3,0,saliency,-0.07646060733975298
minesweeper,GeneralSheaf,true,5,6,last,4,0,saliency,-0.018940308609516728
minesweeper,GeneralSheaf,true,5,6,last,5,0,saliency,-0.06931882933043604
minesweeper,GeneralSheaf,true,5,6,last,6,0,saliency,-0.1503184179820861
minesweeper,GeneralSheaf,true,5,6,last,0,0,cohens_d_train,0.27229035
minesweeper,GeneralSheaf,true,5,6,last,1,0,cohens_d_train,0.51681286
minesweeper,GeneralSheaf,true,5,6,last,2,0,cohens_d_train,0.61711735
minesweeper,GeneralSheaf,true,5,6,last,3,0,cohens_d_train,0.778604
minesweeper,GeneralSheaf,true,5,6,last,4,0,cohens_d_train,0.68801844
minesweeper,GeneralSheaf,true,5,6,last,5,0,cohens_d_train,0.7289964
minesweeper,GeneralSheaf,true,5,6,last,6,0,cohens_d_train,0.82480943
minesweeper,GeneralSheaf,true,5,6,last,0,0,cohens_d_test,0.23381321
minesweeper,GeneralSheaf,true,5,6,last,1,0,cohens_d_test,0.514563
minesweeper,GeneralSheaf,true,5,6,last,2,0,cohens_d_test,0.61904925
minesweeper,GeneralSheaf,true,5,6,last,3,0,cohens_d_test,0.7584639
minesweeper,GeneralSheaf,true,5,6,last,4,0,cohens_d_test,0.65926087
minesweeper,GeneralSheaf,true,5,6,last,5,0,cohens_d_test,0.72188175
minesweeper,GeneralSheaf,true,5,6,last,6,0,cohens_d_test,0.8371028
minesweeper,GeneralSheaf,true,5,6,last,0,1,degree,-0.019065601362651768
minesweeper,GeneralSheaf,true,5,6,last,1,1,degree,0.021990872671697286
minesweeper,GeneralSheaf,true,5,6,last,2,1,degree,0.032462434000782844
minesweeper,GeneralSheaf,true,5,6,last,3,1,degree,0.04449054403381742
minesweeper,GeneralSheaf,true,5,6,last,4,1,degree,0.05172747520977209
minesweeper,GeneralSheaf,true,5,6,last,5,1,degree,0.05027406731559439
minesweeper,GeneralSheaf,true,5,6,last,6,1,degree,0.05570202297548091
minesweeper,GeneralSheaf,true,5,6,last,0,1,betweenness,0.01380324853679135
minesweeper,GeneralSheaf,true,5,6,last,1,1,betweenness,0.04198079154131923
minesweeper,GeneralSheaf,true,5,6,last,2,1,betweenness,0.05233863236727052
minesweeper,GeneralSheaf,true,5,6,last,3,1,betweenness,0.07058637815461666
minesweeper,GeneralSheaf,true,5,6,last,4,1,betweenness,0.07743128774663582
minesweeper,GeneralSheaf,true,5,6,last,5,1,betweenness,0.0797861135549728
minesweeper,GeneralSheaf,true,5,6,last,6,1,betweenness,0.08560156690335413
minesweeper,GeneralSheaf,true,5,6,last,0,1,confidence,0.04735287826070467
minesweeper,GeneralSheaf,true,5,6,last,1,1,confidence,0.3923699920870235
minesweeper,GeneralSheaf,true,5,6,last,2,1,confidence,0.43095137462675537
minesweeper,GeneralSheaf,true,5,6,last,3,1,confidence,0.5783645401677093
minesweeper,GeneralSheaf,true,5,6,last,4,1,confidence,0.6432902556640094
minesweeper,GeneralSheaf,true,5,6,last,5,1,confidence,0.669711159354902
minesweeper,GeneralSheaf,true,5,6,last,6,1,confidence,0.6459724744059605
minesweeper,GeneralSheaf,true,5,6,last,0,1,saliency,0.3183850317619646
minesweeper,GeneralSheaf,true,5,6,last,1,1,saliency,0.2017230932730464
minesweeper,GeneralSheaf,true,5,6,last,2,1,saliency,0.18408993283855615
minesweeper,GeneralSheaf,true,5,6,last,3,1,saliency,0.018759613171821246
minesweeper,GeneralSheaf,true,5,6,last,4,1,saliency,-0.028917763117264385
minesweeper,GeneralSheaf,true,5,6,last,5,1,saliency,-0.038902195967488784
minesweeper,GeneralSheaf,true,5,6,last,6,1,saliency,-0.0022347524143743413
minesweeper,GeneralSheaf,true,5,6,last,0,1,cohens_d_train,0.287678
minesweeper,GeneralSheaf,true,5,6,last,1,1,cohens_d_train,0.49205768
minesweeper,GeneralSheaf,true,5,6,last,2,1,cohens_d_train,0.5558807
minesweeper,GeneralSheaf,true,5,6,last,3,1,cohens_d_train,0.6981571
minesweeper,GeneralSheaf,true,5,6,last,4,1,cohens_d_train,0.79310834
minesweeper,GeneralSheaf,true,5,6,last,5,1,cohens_d_train,0.83899194
minesweeper,GeneralSheaf,true,5,6,last,6,1,cohens_d_train,0.80262786
minesweeper,GeneralSheaf,true,5,6,last,0,1,cohens_d_test,0.21195826
minesweeper,GeneralSheaf,true,5,6,last,1,1,cohens_d_test,0.431256
minesweeper,GeneralSheaf,true,5,6,last,2,1,cohens_d_test,0.49123847
minesweeper,GeneralSheaf,true,5,6,last,3,1,cohens_d_test,0.6660444
minesweeper,GeneralSheaf,true,5,6,last,4,1,cohens_d_test,0.78026634
minesweeper,GeneralSheaf,true,5,6,last,5,1,cohens_d_test,0.81724244
minesweeper,GeneralSheaf,true,5,6,last,6,1,cohens_d_test,0.76615983
minesweeper,GeneralSheaf,true,5,6,last,0,2,degree,-0.010379705648709322
minesweeper,GeneralSheaf,true,5,6,last,1,2,degree,0.04336727996235137
minesweeper,GeneralSheaf,true,5,6,last,2,2,degree,0.0581001308786738
minesweeper,GeneralSheaf,true,5,6,last,3,2,degree,0.04557233035691419
minesweeper,GeneralSheaf,true,5,6,last,4,2,degree,0.04912726394471305
minesweeper,GeneralSheaf,true,5,6,last,5,2,degree,0.058300537956257434
minesweeper,GeneralSheaf,true,5,6,last,6,2,degree,0.06787151214938895
minesweeper,GeneralSheaf,true,5,6,last,0,2,betweenness,0.01280568031911562
minesweeper,GeneralSheaf,true,5,6,last,1,2,betweenness,0.05167434380075874
minesweeper,GeneralSheaf,true,5,6,last,2,2,betweenness,0.0672647597856745
minesweeper,GeneralSheaf,true,5,6,last,3,2,betweenness,0.0752400791637866
minesweeper,GeneralSheaf,true,5,6,last,4,2,betweenness,0.08573279960615718
minesweeper,GeneralSheaf,true,5,6,last,5,2,betweenness,0.09823907193763262
minesweeper,GeneralSheaf,true,5,6,last,6,2,betweenness,0.10323124402002877
minesweeper,GeneralSheaf,true,5,6,last,0,2,confidence,0.04205534616997392
minesweeper,GeneralSheaf,true,5,6,last,1,2,confidence,0.54362322324574
minesweeper,GeneralSheaf,true,5,6,last,2,2,confidence,0.5927207705031123
minesweeper,GeneralSheaf,true,5,6,last,3,2,confidence,0.6624421096156247
minesweeper,GeneralSheaf,true,5,6,last,4,2,confidence,0.7077572350518909
minesweeper,GeneralSheaf,true,5,6,last,5,2,confidence,0.7495162818842473
minesweeper,GeneralSheaf,true,5,6,last,6,2,confidence,0.7257125683708006
minesweeper,GeneralSheaf,true,5,6,last,0,2,saliency,0.27301078812462415
minesweeper,GeneralSheaf,true,5,6,last,1,2,saliency,0.056874710765429604
minesweeper,GeneralSheaf,true,5,6,last,2,2,saliency,0.015219393278467882
minesweeper,GeneralSheaf,true,5,6,last,3,2,saliency,-0.06984985158375581
minesweeper,GeneralSheaf,true,5,6,last,4,2,saliency,-0.1235903170806447
minesweeper,GeneralSheaf,true,5,6,last,5,2,saliency,-0.14603493287722555
minesweeper,GeneralSheaf,true,5,6,last,6,2,saliency,-0.0967574063724449
minesweeper,GeneralSheaf,true,5,6,last,0,2,cohens_d_train,0.27349553
minesweeper,GeneralSheaf,true,5,6,last,1,2,cohens_d_train,0.5711577
minesweeper,GeneralSheaf,true,5,6,last,2,2,cohens_d_train,0.6677077
minesweeper,GeneralSheaf,true,5,6,last,3,2,cohens_d_train,0.77297777
minesweeper,GeneralSheaf,true,5,6,last,4,2,cohens_d_train,0.8915134
minesweeper,GeneralSheaf,true,5,6,last,5,2,cohens_d_train,0.9264927
minesweeper,GeneralSheaf,true,5,6,last,6,2,cohens_d_train,0.9147842
minesweeper,GeneralSheaf,true,5,6,last,0,2,cohens_d_test,0.23674485
minesweeper,GeneralSheaf,true,5,6,last,1,2,cohens_d_test,0.5204228
minesweeper,GeneralSheaf,true,5,6,last,2,2,cohens_d_test,0.6214613
minesweeper,GeneralSheaf,true,5,6,last,3,2,cohens_d_test,0.7017003
minesweeper,GeneralSheaf,true,5,6,last,4,2,cohens_d_test,0.8483129
minesweeper,GeneralSheaf,true,5,6,last,5,2,cohens_d_test,0.8995469
minesweeper,GeneralSheaf,true,5,6,last,6,2,cohens_d_test,0.91349846
minesweeper,GeneralSheaf,true,5,6,last,0,3,degree,-0.019065601362651768
minesweeper,GeneralSheaf,true,5,6,last,1,3,degree,0.029968544983428373
minesweeper,GeneralSheaf,true,5,6,last,2,3,degree,0.028593965593605768
minesweeper,GeneralSheaf,true,5,6,last,3,3,degree,0.04671850481465541
minesweeper,GeneralSheaf,true,5,6,last,4,3,degree,0.06348653333323055
minesweeper,GeneralSheaf,true,5,6,last,5,3,degree,0.06830335990675543
minesweeper,GeneralSheaf,true,5,6,last,6,3,degree,0.07000759488923579
minesweeper,GeneralSheaf,true,5,6,last,0,3,betweenness,0.01380324853679135
minesweeper,GeneralSheaf,true,5,6,last,1,3,betweenness,0.045112075226880134
minesweeper,GeneralSheaf,true,5,6,last,2,3,betweenness,0.04869478781655481
minesweeper,GeneralSheaf,true,5,6,last,3,3,betweenness,0.07398197429870504
minesweeper,GeneralSheaf,true,5,6,last,4,3,betweenness,0.08387451245051948
minesweeper,GeneralSheaf,true,5,6,last,5,3,betweenness,0.08993623276460005
minesweeper,GeneralSheaf,true,5,6,last,6,3,betweenness,0.09647180466248044
minesweeper,GeneralSheaf,true,5,6,last,0,3,confidence,0.11092676782249937
minesweeper,GeneralSheaf,true,5,6,last,1,3,confidence,0.5002156401679624
minesweeper,GeneralSheaf,true,5,6,last,2,3,confidence,0.504812997686092
minesweeper,GeneralSheaf,true,5,6,last,3,3,confidence,0.6334883237698625
minesweeper,GeneralSheaf,true,5,6,last,4,3,confidence,0.5674349554908259
minesweeper,GeneralSheaf,true,5,6,last,5,3,confidence,0.7109278056445933
minesweeper,GeneralSheaf,true,5,6,last,6,3,confidence,0.8391345587900305
minesweeper,GeneralSheaf,true,5,6,last,0,3,saliency,0.23465474755133406
minesweeper,GeneralSheaf,true,5,6,last,1,3,saliency,0.028261859202957734
minesweeper,GeneralSheaf,true,5,6,last,2,3,saliency,-0.06469466857133485
minesweeper,GeneralSheaf,true,5,6,last,3,3,saliency,-0.11013651863268684
minesweeper,GeneralSheaf,true,5,6,last,4,3,saliency,-0.08038030309924987
minesweeper,GeneralSheaf,true,5,6,last,5,3,saliency,-0.13678204293705146
minesweeper,GeneralSheaf,true,5,6,last,6,3,saliency,-0.20532011847966503
minesweeper,GeneralSheaf,true,5,6,last,0,3,cohens_d_train,0.25233588
minesweeper,GeneralSheaf,true,5,6,last,1,3,cohens_d_train,0.5263831
minesweeper,GeneralSheaf,true,5,6,last,2,3,cohens_d_train,0.5295951
minesweeper,GeneralSheaf,true,5,6,last,3,3,cohens_d_train,0.7805302
minesweeper,GeneralSheaf,true,5,6,last,4,3,cohens_d_train,0.7549308
minesweeper,GeneralSheaf,true,5,6,last,5,3,cohens_d_train,0.9248125
minesweeper,GeneralSheaf,true,5,6,last,6,3,cohens_d_train,1.0831313
minesweeper,GeneralSheaf,true,5,6,last,0,3,cohens_d_test,0.18867625
minesweeper,GeneralSheaf,true,5,6,last,1,3,cohens_d_test,0.43973926
minesweeper,GeneralSheaf,true,5,6,last,2,3,cohens_d_test,0.37519
minesweeper,GeneralSheaf,true,5,6,last,3,3,cohens_d_test,0.6255034
minesweeper,GeneralSheaf,true,5,6,last,4,3,cohens_d_test,0.55918556
minesweeper,GeneralSheaf,true,5,6,last,5,3,cohens_d_test,0.75564533
minesweeper,GeneralSheaf,true,5,6,last,6,3,cohens_d_test,0.9459796
minesweeper,GeneralSheaf,true,5,6,last,0,4,degree,-0.019065601362651768
minesweeper,GeneralSheaf,true,5,6,last,1,4,degree,0.021029375656786194
minesweeper,GeneralSheaf,true,5,6,last,2,4,degree,0.03588860506744235
minesweeper,GeneralSheaf,true,5,6,last,3,4,degree,0.04124107693735775
minesweeper,GeneralSheaf,true,5,6,last,4,4,degree,0.039033894570656764
minesweeper,GeneralSheaf,true,5,6,last,5,4,degree,0.05101910053119741
minesweeper,GeneralSheaf,true,5,6,last,6,4,degree,0.055658948059611815
minesweeper,GeneralSheaf,true,5,6,last,0,4,betweenness,0.01380324853679135
minesweeper,GeneralSheaf,true,5,6,last,1,4,betweenness,0.03773965447286839
minesweeper,GeneralSheaf,true,5,6,last,2,4,betweenness,0.05442742988456026
minesweeper,GeneralSheaf,true,5,6,last,3,4,betweenness,0.05796323068806677
minesweeper,GeneralSheaf,true,5,6,last,4,4,betweenness,0.061957806327622676
minesweeper,GeneralSheaf,true,5,6,last,5,4,betweenness,0.07000914051061174
minesweeper,GeneralSheaf,true,5,6,last,6,4,betweenness,0.07371747696804976
minesweeper,GeneralSheaf,true,5,6,last,0,4,confidence,0.06284001433480722
minesweeper,GeneralSheaf,true,5,6,last,1,4,confidence,0.38585844270245695
minesweeper,GeneralSheaf,true,5,6,last,2,4,confidence,0.5408176305248621
minesweeper,GeneralSheaf,true,5,6,last,3,4,confidence,0.5147662747761915
minesweeper,GeneralSheaf,true,5,6,last,4,4,confidence,0.5528541521326535
minesweeper,GeneralSheaf,true,5,6,last,5,4,confidence,0.47642974594298726
minesweeper,GeneralSheaf,true,5,6,last,6,4,confidence,0.6058803295989527
minesweeper,GeneralSheaf,true,5,6,last,0,4,saliency,0.16484834124712858
minesweeper,GeneralSheaf,true,5,6,last,1,4,saliency,0.03483522909697932
minesweeper,GeneralSheaf,true,5,6,last,2,4,saliency,-0.0692001701374549
minesweeper,GeneralSheaf,true,5,6,last,3,4,saliency,-0.04827677281578154
minesweeper,GeneralSheaf,true,5,6,last,4,4,saliency,-0.09970577381625421
minesweeper,GeneralSheaf,true,5,6,last,5,4,saliency,-0.06627638060175794
minesweeper,GeneralSheaf,true,5,6,last,6,4,saliency,-0.1321123359455014
minesweeper,GeneralSheaf,true,5,6,last,0,4,cohens_d_train,0.28216708
minesweeper,GeneralSheaf,true,5,6,last,1,4,cohens_d_train,0.45731494
minesweeper,GeneralSheaf,true,5,6,last,2,4,cohens_d_train,0.6005771
minesweeper,GeneralSheaf,true,5,6,last,3,4,cohens_d_train,0.6337886
minesweeper,GeneralSheaf,true,5,6,last,4,4,cohens_d_train,0.7431655
minesweeper,GeneralSheaf,true,5,6,last,5,4,cohens_d_train,0.6712933
minesweeper,GeneralSheaf,true,5,6,last,6,4,cohens_d_train,0.81998515
minesweeper,GeneralSheaf,true,5,6,last,0,4,cohens_d_test,0.24823014
minesweeper,GeneralSheaf,true,5,6,last,1,4,cohens_d_test,0.4130374
minesweeper,GeneralSheaf,true,5,6,last,2,4,cohens_d_test,0.5879934
minesweeper,GeneralSheaf,true,5,6,last,3,4,cohens_d_test,0.61779606
minesweeper,GeneralSheaf,true,5,6,last,4,4,cohens_d_test,0.75167
minesweeper,GeneralSheaf,true,5,6,last,5,4,cohens_d_test,0.70553625
minesweeper,GeneralSheaf,true,5,6,last,6,4,cohens_d_test,0.8321157
minesweeper,GeneralSheaf,true,5,6,last,0,5,degree,-0.019065601362651768
minesweeper,GeneralSheaf,true,5,6,last,1,5,degree,0.03079021387630724
minesweeper,GeneralSheaf,true,5,6,last,2,5,degree,0.03316516104273998
minesweeper,GeneralSheaf,true,5,6,last,3,5,degree,0.03261644681358465
minesweeper,GeneralSheaf,true,5,6,last,4,5,degree,0.03245174206075105
minesweeper,GeneralSheaf,true,5,6,last,5,5,degree,0.05335942436044634
minesweeper,GeneralSheaf,true,5,6,last,6,5,degree,0.052559813128743284
minesweeper,GeneralSheaf,true,5,6,last,0,5,betweenness,0.01380324853679135
minesweeper,GeneralSheaf,true,5,6,last,1,5,betweenness,0.045682341230330936
minesweeper,GeneralSheaf,true,5,6,last,2,5,betweenness,0.04981030406004565
minesweeper,GeneralSheaf,true,5,6,last,3,5,betweenness,0.05962039061835024
minesweeper,GeneralSheaf,true,5,6,last,4,5,betweenness,0.06580330447240196
minesweeper,GeneralSheaf,true,5,6,last,5,5,betweenness,0.08662065527932489
minesweeper,GeneralSheaf,true,5,6,last,6,5,betweenness,0.09532719193413175
minesweeper,GeneralSheaf,true,5,6,last,0,5,confidence,0.029810060346708106
minesweeper,GeneralSheaf,true,5,6,last,1,5,confidence,0.42467267399361
minesweeper,GeneralSheaf,true,5,6,last,2,5,confidence,0.5444542651684291
minesweeper,GeneralSheaf,true,5,6,last,3,5,confidence,0.7040196380198279
minesweeper,GeneralSheaf,true,5,6,last,4,5,confidence,0.652960579711419
minesweeper,GeneralSheaf,true,5,6,last,5,5,confidence,0.5785167864019156
minesweeper,GeneralSheaf,true,5,6,last,6,5,confidence,0.6837631863060726
minesweeper,GeneralSheaf,true,5,6,last,0,5,saliency,0.0871322806314617
minesweeper,GeneralSheaf,true,5,6,last,1,5,saliency,-0.10617703175440739
minesweeper,GeneralSheaf,true,5,6,last,2,5,saliency,-0.18370287134723315
minesweeper,GeneralSheaf,true,5,6,last,3,5,saliency,-0.279649518327012
minesweeper,GeneralSheaf,true,5,6,last,4,5,saliency,-0.22798105407786237
minesweeper,GeneralSheaf,true,5,6,last,5,5,saliency,-0.17902584303986968
minesweeper,GeneralSheaf,true,5,6,last,6,5,saliency,-0.261655407145339
minesweeper,GeneralSheaf,true,5,6,last,0,5,cohens_d_train,0.24158444
minesweeper,GeneralSheaf,true,5,6,last,1,5,cohens_d_train,0.5042165
minesweeper,GeneralSheaf,true,5,6,last,2,5,cohens_d_train,0.64260304
minesweeper,GeneralSheaf,true,5,6,last,3,5,cohens_d_train,0.8589887
minesweeper,GeneralSheaf,true,5,6,last,4,5,cohens_d_train,0.8219322
minesweeper,GeneralSheaf,true,5,6,last,5,5,cohens_d_train,0.7864203
minesweeper,GeneralSheaf,true,5,6,last,6,5,cohens_d_train,0.8800359
minesweeper,GeneralSheaf,true,5,6,last,0,5,cohens_d_test,0.1698246
minesweeper,GeneralSheaf,true,5,6,last,1,5,cohens_d_test,0.395426
minesweeper,GeneralSheaf,true,5,6,last,2,5,cohens_d_test,0.5264014
minesweeper,GeneralSheaf,true,5,6,last,3,5,cohens_d_test,0.7645531
minesweeper,GeneralSheaf,true,5,6,last,4,5,cohens_d_test,0.73242074
minesweeper,GeneralSheaf,true,5,6,last,5,5,cohens_d_test,0.67840046
minesweeper,GeneralSheaf,true,5,6,last,6,5,cohens_d_test,0.78857976
minesweeper,GeneralSheaf,true,5,6,last,0,6,degree,-0.03636979558496833
minesweeper,GeneralSheaf,true,5,6,last,1,6,degree,0.04464051959240227
minesweeper,GeneralSheaf,true,5,6,last,2,6,degree,0.04836916456684725
minesweeper,GeneralSheaf,true,5,6,last,3,6,degree,0.05618331193673006
minesweeper,GeneralSheaf,true,5,6,last,4,6,degree,0.0570513112554836
minesweeper,GeneralSheaf,true,5,6,last,5,6,degree,0.05364676589229334
minesweeper,GeneralSheaf,true,5,6,last,6,6,degree,0.05106093957699691
minesweeper,GeneralSheaf,true,5,6,last,0,6,betweenness,0.003437892765368675
minesweeper,GeneralSheaf,true,5,6,last,1,6,betweenness,0.05525361125069101
minesweeper,GeneralSheaf,true,5,6,last,2,6,betweenness,0.06332513020753101
minesweeper,GeneralSheaf,true,5,6,last,3,6,betweenness,0.07562700995767332
minesweeper,GeneralSheaf,true,5,6,last,4,6,betweenness,0.08419053661769395
minesweeper,GeneralSheaf,true,5,6,last,5,6,betweenness,0.08423588166513861
minesweeper,GeneralSheaf,true,5,6,last,6,6,betweenness,0.08336462871889751
minesweeper,GeneralSheaf,true,5,6,last,0,6,confidence,0.05924049607002989
minesweeper,GeneralSheaf,true,5,6,last,1,6,confidence,0.5609811640057804
minesweeper,GeneralSheaf,true,5,6,last,2,6,confidence,0.5463278335178018
minesweeper,GeneralSheaf,true,5,6,last,3,6,confidence,0.6740463014899409
minesweeper,GeneralSheaf,true,5,6,last,4,6,confidence,0.7288444680903647
minesweeper,GeneralSheaf,true,5,6,last,5,6,confidence,0.7349567243968433
minesweeper,GeneralSheaf,true,5,6,last,6,6,confidence,0.7838351465272841
minesweeper,GeneralSheaf,true,5,6,last,0,6,saliency,-0.090082961776126
minesweeper,GeneralSheaf,true,5,6,last,1,6,saliency,0.01078854571801492
minesweeper,GeneralSheaf,true,5,6,last,2,6,saliency,0.003253898714568272
minesweeper,GeneralSheaf,true,5,6,last,3,6,saliency,-0.12691284958741292
minesweeper,GeneralSheaf,true,5,6,last,4,6,saliency,-0.18113202252258057
minesweeper,GeneralSheaf,true,5,6,last,5,6,saliency,-0.18779601870108695
minesweeper,GeneralSheaf,true,5,6,last,6,6,saliency,-0.20545296028099502
minesweeper,GeneralSheaf,true,5,6,last,0,6,cohens_d_train,0.2275924
minesweeper,GeneralSheaf,true,5,6,last,1,6,cohens_d_train,0.56219906
minesweeper,GeneralSheaf,true,5,6,last,2,6,cohens_d_train,0.5803815
minesweeper,GeneralSheaf,true,5,6,last,3,6,cohens_d_train,0.78290915
minesweeper,GeneralSheaf,true,5,6,last,4,6,cohens_d_train,0.865034
minesweeper,GeneralSheaf,true,5,6,last,5,6,cohens_d_train,0.871567
minesweeper,GeneralSheaf,true,5,6,last,6,6,cohens_d_train,0.9346921
minesweeper,GeneralSheaf,true,5,6,last,0,6,cohens_d_test,0.24482626
minesweeper,GeneralSheaf,true,5,6,last,1,6,cohens_d_test,0.6062003
minesweeper,GeneralSheaf,true,5,6,last,2,6,cohens_d_test,0.6116383
minesweeper,GeneralSheaf,true,5,6,last,3,6,cohens_d_test,0.7928681
minesweeper,GeneralSheaf,true,5,6,last,4,6,cohens_d_test,0.86120504
minesweeper,GeneralSheaf,true,5,6,last,5,6,cohens_d_test,0.8850528
minesweeper,GeneralSheaf,true,5,6,last,6,6,cohens_d_test,0.951145
minesweeper,GeneralSheaf,true,5,6,last,0,7,degree,-0.019065601362651768
minesweeper,GeneralSheaf,true,5,6,last,1,7,degree,0.04260731292408238
minesweeper,GeneralSheaf,true,5,6,last,2,7,degree,0.06704330026371157
minesweeper,GeneralSheaf,true,5,6,last,3,7,degree,0.05607308011381946
minesweeper,GeneralSheaf,true,5,6,last,4,7,degree,0.05132823434804954
minesweeper,GeneralSheaf,true,5,6,last,5,7,degree,0.05583452422879693
minesweeper,GeneralSheaf,true,5,6,last,6,7,degree,0.07001405709625944
minesweeper,GeneralSheaf,true,5,6,last,0,7,betweenness,0.01380324853679135
minesweeper,GeneralSheaf,true,5,6,last,1,7,betweenness,0.05100249065016702
minesweeper,GeneralSheaf,true,5,6,last,2,7,betweenness,0.07297582867260435
minesweeper,GeneralSheaf,true,5,6,last,3,7,betweenness,0.07445017685118198
minesweeper,GeneralSheaf,true,5,6,last,4,7,betweenness,0.08153921880930608
minesweeper,GeneralSheaf,true,5,6,last,5,7,betweenness,0.08650653589669864
minesweeper,GeneralSheaf,true,5,6,last,6,7,betweenness,0.09537094125314277
minesweeper,GeneralSheaf,true,5,6,last,0,7,confidence,0.07566924377926865
minesweeper,GeneralSheaf,true,5,6,last,1,7,confidence,0.619602136598097
minesweeper,GeneralSheaf,true,5,6,last,2,7,confidence,0.6351924461595517
minesweeper,GeneralSheaf,true,5,6,last,3,7,confidence,0.6246973944282502
minesweeper,GeneralSheaf,true,5,6,last,4,7,confidence,0.7165252305512534
minesweeper,GeneralSheaf,true,5,6,last,5,7,confidence,0.6787438097103141
minesweeper,GeneralSheaf,true,5,6,last,6,7,confidence,0.7052175888168404
minesweeper,GeneralSheaf,true,5,6,last,0,7,saliency,0.28418430242201315
minesweeper,GeneralSheaf,true,5,6,last,1,7,saliency,-0.10542901985387164
minesweeper,GeneralSheaf,true,5,6,last,2,7,saliency,-0.1294940378104943
minesweeper,GeneralSheaf,true,5,6,last,3,7,saliency,-0.04525199809492724
minesweeper,GeneralSheaf,true,5,6,last,4,7,saliency,-0.11583562782878883
minesweeper,GeneralSheaf,true,5,6,last,5,7,saliency,-0.07778615604502835
minesweeper,GeneralSheaf,true,5,6,last,6,7,saliency,-0.06702430504084628
minesweeper,GeneralSheaf,true,5,6,last,0,7,cohens_d_train,0.25532433
minesweeper,GeneralSheaf,true,5,6,last,1,7,cohens_d_train,0.58677965
minesweeper,GeneralSheaf,true,5,6,last,2,7,cohens_d_train,0.6386882
minesweeper,GeneralSheaf,true,5,6,last,3,7,cohens_d_train,0.630603
minesweeper,GeneralSheaf,true,5,6,last,4,7,cohens_d_train,0.83150494
minesweeper,GeneralSheaf,true,5,6,last,5,7,cohens_d_train,0.8150472
minesweeper,GeneralSheaf,true,5,6,last,6,7,cohens_d_train,0.9137963
minesweeper,GeneralSheaf,true,5,6,last,0,7,cohens_d_test,0.22025937
minesweeper,GeneralSheaf,true,5,6,last,1,7,cohens_d_test,0.4891601
minesweeper,GeneralSheaf,true,5,6,last,2,7,cohens_d_test,0.511761
minesweeper,GeneralSheaf,true,5,6,last,3,7,cohens_d_test,0.52929294
minesweeper,GeneralSheaf,true,5,6,last,4,7,cohens_d_test,0.721926
minesweeper,GeneralSheaf,true,5,6,last,5,7,cohens_d_test,0.717324
minesweeper,GeneralSheaf,true,5,6,last,6,7,cohens_d_test,0.805038
minesweeper,GeneralSheaf,true,5,6,last,0,8,degree,-0.019065601362651768
minesweeper,GeneralSheaf,true,5,6,last,1,8,degree,0.03357036575732934
minesweeper,GeneralSheaf,true,5,6,last,2,8,degree,0.03951909811532573
minesweeper,GeneralSheaf,true,5,6,last,3,8,degree,0.04829953826456623
minesweeper,GeneralSheaf,true,5,6,last,4,8,degree,0.047228804432740634
minesweeper,GeneralSheaf,true,5,6,last,5,8,degree,0.05637482141002004
minesweeper,GeneralSheaf,true,5,6,last,6,8,degree,0.06314447075810849
minesweeper,GeneralSheaf,true,5,6,last,0,8,betweenness,0.01380324853679135
minesweeper,GeneralSheaf,true,5,6,last,1,8,betweenness,0.04688096643277867
minesweeper,GeneralSheaf,true,5,6,last,2,8,betweenness,0.05597180160956509
minesweeper,GeneralSheaf,true,5,6,last,3,8,betweenness,0.068415303710616
minesweeper,GeneralSheaf,true,5,6,last,4,8,betweenness,0.07472027247589266
minesweeper,GeneralSheaf,true,5,6,last,5,8,betweenness,0.07839420424323461
minesweeper,GeneralSheaf,true,5,6,last,6,8,betweenness,0.08229132360962885
minesweeper,GeneralSheaf,true,5,6,last,0,8,confidence,0.039248694790822714
minesweeper,GeneralSheaf,true,5,6,last,1,8,confidence,0.5793193775823352
minesweeper,GeneralSheaf,true,5,6,last,2,8,confidence,0.623070954463
minesweeper,GeneralSheaf,true,5,6,last,3,8,confidence,0.5592591581401244
minesweeper,GeneralSheaf,true,5,6,last,4,8,confidence,0.6356947486610512
minesweeper,GeneralSheaf,true,5,6,last,5,8,confidence,0.7210308934166386
minesweeper,GeneralSheaf,true,5,6,last,6,8,confidence,0.7334257841110453
minesweeper,GeneralSheaf,true,5,6,last,0,8,saliency,0.17202136892883343
minesweeper,GeneralSheaf,true,5,6,last,1,8,saliency,-0.10766435057290445
minesweeper,GeneralSheaf,true,5,6,last,2,8,saliency,-0.13145716558414916
minesweeper,GeneralSheaf,true,5,6,last,3,8,saliency,-0.10150136049253611
minesweeper,GeneralSheaf,true,5,6,last,4,8,saliency,-0.1475295443415084
minesweeper,GeneralSheaf,true,5,6,last,5,8,saliency,-0.13806243651952368
minesweeper,GeneralSheaf,true,5,6,last,6,8,saliency,-0.12169420633240238
minesweeper,GeneralSheaf,true,5,6,last,0,8,cohens_d_train,0.2646009
minesweeper,GeneralSheaf,true,5,6,last,1,8,cohens_d_train,0.58056426
minesweeper,GeneralSheaf,true,5,6,last,2,8,cohens_d_train,0.719505
minesweeper,GeneralSheaf,true,5,6,last,3,8,cohens_d_train,0.71060395
minesweeper,GeneralSheaf,true,5,6,last,4,8,cohens_d_train,0.82246304
minesweeper,GeneralSheaf,true,5,6,last,5,8,cohens_d_train,0.9723055
minesweeper,GeneralSheaf,true,5,6,last,6,8,cohens_d_train,0.944556
minesweeper,GeneralSheaf,true,5,6,last,0,8,cohens_d_test,0.2515644
minesweeper,GeneralSheaf,true,5,6,last,1,8,cohens_d_test,0.591066
minesweeper,GeneralSheaf,true,5,6,last,2,8,cohens_d_test,0.7213136
minesweeper,GeneralSheaf,true,5,6,last,3,8,cohens_d_test,0.6720819
minesweeper,GeneralSheaf,true,5,6,last,4,8,cohens_d_test,0.76713836
minesweeper,GeneralSheaf,true,5,6,last,5,8,cohens_d_test,0.95166725
minesweeper,GeneralSheaf,true,5,6,last,6,8,cohens_d_test,0.93276376
minesweeper,GeneralSheaf,true,5,6,last,0,9,degree,-0.019065601362651768
minesweeper,GeneralSheaf,true,5,6,last,1,9,degree,0.043690721885975906
minesweeper,GeneralSheaf,true,5,6,last,2,9,degree,0.058630440275827464
minesweeper,GeneralSheaf,true,5,6,last,3,9,degree,0.06411764757837156
minesweeper,GeneralSheaf,true,5,6,last,4,9,degree,0.052463471737809804
minesweeper,GeneralSheaf,true,5,6,last,5,9,degree,0.053806071759810295
minesweeper,GeneralSheaf,true,5,6,last,6,9,degree,0.05789050720905107
minesweeper,GeneralSheaf,true,5,6,last,0,9,betweenness,0.01380324853679135
minesweeper,GeneralSheaf,true,5,6,last,1,9,betweenness,0.04712732293711119
minesweeper,GeneralSheaf,true,5,6,last,2,9,betweenness,0.06164998516908915
minesweeper,GeneralSheaf,true,5,6,last,3,9,betweenness,0.07894812783656026
minesweeper,GeneralSheaf,true,5,6,last,4,9,betweenness,0.0759350223963117
minesweeper,GeneralSheaf,true,5,6,last,5,9,betweenness,0.079054386475627
minesweeper,GeneralSheaf,true,5,6,last,6,9,betweenness,0.0833127284658766
minesweeper,GeneralSheaf,true,5,6,last,0,9,confidence,0.07865851732627815
minesweeper,GeneralSheaf,true,5,6,last,1,9,confidence,0.4529122888445138
minesweeper,GeneralSheaf,true,5,6,last,2,9,confidence,0.5637128058635181
minesweeper,GeneralSheaf,true,5,6,last,3,9,confidence,0.47809262251455503
minesweeper,GeneralSheaf,true,5,6,last,4,9,confidence,0.6844919035864104
minesweeper,GeneralSheaf,true,5,6,last,5,9,confidence,0.721516677493552
minesweeper,GeneralSheaf,true,5,6,last,6,9,confidence,0.7585345231330128
minesweeper,GeneralSheaf,true,5,6,last,0,9,saliency,0.2283534070860259
minesweeper,GeneralSheaf,true,5,6,last,1,9,saliency,0.058630792709363284
minesweeper,GeneralSheaf,true,5,6,last,2,9,saliency,-0.0014762565747935671
minesweeper,GeneralSheaf,true,5,6,last,3,9,saliency,0.056527162508289104
minesweeper,GeneralSheaf,true,5,6,last,4,9,saliency,-0.1324141625285251
minesweeper,GeneralSheaf,true,5,6,last,5,9,saliency,-0.11953325139948409
minesweeper,GeneralSheaf,true,5,6,last,6,9,saliency,-0.134222032571831
minesweeper,GeneralSheaf,true,5,6,last,0,9,cohens_d_train,0.24220316
minesweeper,GeneralSheaf,true,5,6,last,1,9,cohens_d_train,0.5086793
minesweeper,GeneralSheaf,true,5,6,last,2,9,cohens_d_train,0.582691
minesweeper,GeneralSheaf,true,5,6,last,3,9,cohens_d_train,0.5856142
minesweeper,GeneralSheaf,true,5,6,last,4,9,cohens_d_train,0.81455207
minesweeper,GeneralSheaf,true,5,6,last,5,9,cohens_d_train,0.90253025
minesweeper,GeneralSheaf,true,5,6,last,6,9,cohens_d_train,0.93559235
minesweeper,GeneralSheaf,true,5,6,last,0,9,cohens_d_test,0.20471515
minesweeper,GeneralSheaf,true,5,6,last,1,9,cohens_d_test,0.46097925
minesweeper,GeneralSheaf,true,5,6,last,2,9,cohens_d_test,0.550062
minesweeper,GeneralSheaf,true,5,6,last,3,9,cohens_d_test,0.53674436
minesweeper,GeneralSheaf,true,5,6,last,4,9,cohens_d_test,0.7796285
minesweeper,GeneralSheaf,true,5,6,last,5,9,cohens_d_test,0.86179256
minesweeper,GeneralSheaf,true,5,6,last,6,9,cohens_d_test,0.90293586
