dataset,model,normalised,d,layers,checkpoint,layer,fold,observable,value
pubmed,GeneralSheaf,true,3,4,epoch-0,0,0,degree,0.0008070959079475128
pubmed,GeneralSheaf,true,3,4,epoch-0,1,0,degree,0.00020116241167590738
pubmed,GeneralSheaf,true,3,4,epoch-0,2,0,degree,-0.00029573172409191753
pubmed,GeneralSheaf,true,3,4,epoch-0,3,0,degree,5.701765420217346e-05
pubmed,GeneralSheaf,true,3,4,epoch-0,4,0,degree,-0.0008222464008939368
pubmed,GeneralSheaf,true,3,4,epoch-0,0,0,betweenness,0.005673675158797576
pubmed,GeneralSheaf,true,3,4,epoch-0,1,0,betweenness,0.005092336294940057
pubmed,GeneralSheaf,true,3,4,epoch-0,2,0,betweenness,0.004605539941210785
pubmed,GeneralSheaf,true,3,4,epoch-0,3,0,betweenness,0.004936925345363403
pubmed,GeneralSheaf,true,3,4,epoch-0,4,0,betweenness,0.004114572764487026
pubmed,GeneralSheaf,true,3,4,epoch-0,0,0,confidence,0.057363464131354576
pubmed,GeneralSheaf,true,3,4,epoch-0,1,0,confidence,0.057674527041255724
pubmed,GeneralSheaf,true,3,4,epoch-0,2,0,confidence,0.057098902148812726
pubmed,GeneralSheaf,true,3,4,epoch-0,3,0,confidence,0.0570457905622104
pubmed,GeneralSheaf,true,3,4,epoch-0,4,0,confidence,0.05724282675491597
pubmed,GeneralSheaf,true,3,4,epoch-0,0,0,saliency,-0.07021386645106137
pubmed,GeneralSheaf,true,3,4,epoch-0,1,0,saliency,-0.07017780098434202
pubmed,GeneralSheaf,true,3,4,epoch-0,2,0,saliency,-0.07026371227743324
pubmed,GeneralSheaf,true,3,4,epoch-0,3,0,saliency,-0.07032503456405598
pubmed,GeneralSheaf,true,3,4,epoch-0,4,0,saliency,-0.07035321605588815
pubmed,GeneralSheaf,true,3,4,epoch-0,0,0,cohens_d_train,0.22484265
pubmed,GeneralSheaf,true,3,4,epoch-0,1,0,cohens_d_train,0.22520265
pubmed,GeneralSheaf,true,3,4,epoch-0,2,0,cohens_d_train,0.2252691
pubmed,GeneralSheaf,true,3,4,epoch-0,3,0,cohens_d_train,0.22526887
pubmed,GeneralSheaf,true,3,4,epoch-0,4,0,cohens_d_train,0.22550587
pubmed,GeneralSheaf,true,3,4,epoch-0,0,0,cohens_d_test,0.23343499
pubmed,GeneralSheaf,true,3,4,epoch-0,1,0,cohens_d_test,0.23344935
pubmed,GeneralSheaf,true,3,4,epoch-0,2,0,cohens_d_test,0.23335716
pubmed,GeneralSheaf,true,3,4,epoch-0,3,0,cohens_d_test,0.2331303
pubmed,GeneralSheaf,true,3,4,epoch-0,4,0,cohens_d_test,0.23317948
pubmed,GeneralSheaf,true,3,4,epoch-0,0,1,degree,-0.03998099092195304
pubmed,GeneralSheaf,true,3,4,epoch-0,1,1,degree,-0.0394194615124695
pubmed,GeneralSheaf,true,3,4,epoch-0,2,1,degree,-0.0388619813301867
pubmed,GeneralSheaf,true,3,4,epoch-0,3,1,degree,-0.038644862207693004
pubmed,GeneralSheaf,true,3,4,epoch-0,4,1,degree,-0.039949619363365975
pubmed,GeneralSheaf,true,3,4,epoch-0,0,1,betweenness,-0.02028495004457883
pubmed,GeneralSheaf,true,3,4,epoch-0,1,1,betweenness,-0.019762568114820266
pubmed,GeneralSheaf,true,3,4,epoch-0,2,1,betweenness,-0.019173592978975026
pubmed,GeneralSheaf,true,3,4,epoch-0,3,1,betweenness,-0.018994858215861506
pubmed,GeneralSheaf,true,3,4,epoch-0,4,1,betweenness,-0.02016671233409173
pubmed,GeneralSheaf,true,3,4,epoch-0,0,1,confidence,-0.15359982878747547
pubmed,GeneralSheaf,true,3,4,epoch-0,1,1,confidence,-0.1540756361508824
pubmed,GeneralSheaf,true,3,4,epoch-0,2,1,confidence,-0.15647550668606844
pubmed,GeneralSheaf,true,3,4,epoch-0,3,1,confidence,-0.1565258693225613
pubmed,GeneralSheaf,true,3,4,epoch-0,4,1,confidence,-0.1569570269236097
pubmed,GeneralSheaf,true,3,4,epoch-0,0,1,saliency,0.041494154658755486
pubmed,GeneralSheaf,true,3,4,epoch-0,1,1,saliency,0.04145417275599686
pubmed,GeneralSheaf,true,3,4,epoch-0,2,1,saliency,0.041264404991714805
pubmed,GeneralSheaf,true,3,4,epoch-0,3,1,saliency,0.041359977206117865
pubmed,GeneralSheaf,true,3,4,epoch-0,4,1,saliency,0.041125636995512874
pubmed,GeneralSheaf,true,3,4,epoch-0,0,1,cohens_d_train,0.24053621
pubmed,GeneralSheaf,true,3,4,epoch-0,1,1,cohens_d_train,0.24090444
pubmed,GeneralSheaf,true,3,4,epoch-0,2,1,cohens_d_train,0.24102564
pubmed,GeneralSheaf,true,3,4,epoch-0,3,1,cohens_d_train,0.24077317
pubmed,GeneralSheaf,true,3,4,epoch-0,4,1,cohens_d_train,0.24083936
pubmed,GeneralSheaf,true,3,4,epoch-0,0,1,cohens_d_test,0.17910838
pubmed,GeneralSheaf,true,3,4,epoch-0,1,1,cohens_d_test,0.17920198
pubmed,GeneralSheaf,true,3,4,epoch-0,2,1,cohens_d_test,0.17979401
pubmed,GeneralSheaf,true,3,4,epoch-0,3,1,cohens_d_test,0.17986138
pubmed,GeneralSheaf,true,3,4,epoch-0,4,1,cohens_d_test,0.17979322
pubmed,GeneralSheaf,true,3,4,epoch-0,0,2,degree,-0.004568302090072293
pubmed,GeneralSheaf,true,3,4,epoch-0,1,2,degree,-0.004887921453918026
pubmed,GeneralSheaf,true,3,4,epoch-0,2,2,degree,-0.004823313607169023
pubmed,GeneralSheaf,true,3,4,epoch-0,3,2,degree,-0.004835884064436518
pubmed,GeneralSheaf,true,3,4,epoch-0,4,2,degree,-0.0045922438735931685
pubmed,GeneralSheaf,true,3,4,epoch-0,0,2,betweenness,0.006637003124451973
pubmed,GeneralSheaf,true,3,4,epoch-0,1,2,betweenness,0.006326638147908083
pubmed,GeneralSheaf,true,3,4,epoch-0,2,2,betweenness,0.006357703741367995
pubmed,GeneralSheaf,true,3,4,epoch-0,3,2,betweenness,0.0063445164002768496
pubmed,GeneralSheaf,true,3,4,epoch-0,4,2,betweenness,0.006598620716500175
pubmed,GeneralSheaf,true,3,4,epoch-0,0,2,confidence,-0.13063864366984504
pubmed,GeneralSheaf,true,3,4,epoch-0,1,2,confidence,-0.13022819976477182
pubmed,GeneralSheaf,true,3,4,epoch-0,2,2,confidence,-0.12987107274293294
pubmed,GeneralSheaf,true,3,4,epoch-0,3,2,confidence,-0.1298812940801961
pubmed,GeneralSheaf,true,3,4,epoch-0,4,2,confidence,-0.12899852594193276
pubmed,GeneralSheaf,true,3,4,epoch-0,0,2,saliency,-0.0027598527836325162
pubmed,GeneralSheaf,true,3,4,epoch-0,1,2,saliency,-0.002752376303866503
pubmed,GeneralSheaf,true,3,4,epoch-0,2,2,saliency,-0.0027935976069269203
pubmed,GeneralSheaf,true,3,4,epoch-0,3,2,saliency,-0.0027930235305872117
pubmed,GeneralSheaf,true,3,4,epoch-0,4,2,saliency,-0.0028017720027200817
pubmed,GeneralSheaf,true,3,4,epoch-0,0,2,cohens_d_train,0.045321476
pubmed,GeneralSheaf,true,3,4,epoch-0,1,2,cohens_d_train,0.04530894
pubmed,GeneralSheaf,true,3,4,epoch-0,2,2,cohens_d_train,0.04561592
pubmed,GeneralSheaf,true,3,4,epoch-0,3,2,cohens_d_train,0.04564497
pubmed,GeneralSheaf,true,3,4,epoch-0,4,2,cohens_d_train,0.04541502
pubmed,GeneralSheaf,true,3,4,epoch-0,0,2,cohens_d_test,0.088802695
pubmed,GeneralSheaf,true,3,4,epoch-0,1,2,cohens_d_test,0.08877057
pubmed,GeneralSheaf,true,3,4,epoch-0,2,2,cohens_d_test,0.088799216
pubmed,GeneralSheaf,true,3,4,epoch-0,3,2,cohens_d_test,0.08879403
pubmed,GeneralSheaf,true,3,4,epoch-0,4,2,cohens_d_test,0.0885971
pubmed,GeneralSheaf,true,3,4,epoch-0,0,3,degree,-0.04300630399795831
pubmed,GeneralSheaf,true,3,4,epoch-0,1,3,degree,-0.043328296018713665
pubmed,GeneralSheaf,true,3,4,epoch-0,2,3,degree,-0.043302373191268305
pubmed,GeneralSheaf,true,3,4,epoch-0,3,3,degree,-0.0425908775675644
pubmed,GeneralSheaf,true,3,4,epoch-0,4,3,degree,-0.04364348030208747
pubmed,GeneralSheaf,true,3,4,epoch-0,0,3,betweenness,-0.032563757291862366
pubmed,GeneralSheaf,true,3,4,epoch-0,1,3,betweenness,-0.03286338366414121
pubmed,GeneralSheaf,true,3,4,epoch-0,2,3,betweenness,-0.032837766686292055
pubmed,GeneralSheaf,true,3,4,epoch-0,3,3,betweenness,-0.032163743590901274
pubmed,GeneralSheaf,true,3,4,epoch-0,4,3,betweenness,-0.0332877328360558
pubmed,GeneralSheaf,true,3,4,epoch-0,0,3,confidence,-0.05785632218420281
pubmed,GeneralSheaf,true,3,4,epoch-0,1,3,confidence,-0.057773874128117214
pubmed,GeneralSheaf,true,3,4,epoch-0,2,3,confidence,-0.057566335943005566
pubmed,GeneralSheaf,true,3,4,epoch-0,3,3,confidence,-0.05692604228458581
pubmed,GeneralSheaf,true,3,4,epoch-0,4,3,confidence,-0.05820374803115518
pubmed,GeneralSheaf,true,3,4,epoch-0,0,3,saliency,-0.027275706463838423
pubmed,GeneralSheaf,true,3,4,epoch-0,1,3,saliency,-0.027425866811678766
pubmed,GeneralSheaf,true,3,4,epoch-0,2,3,saliency,-0.02726610810971642
pubmed,GeneralSheaf,true,3,4,epoch-0,3,3,saliency,-0.02731948431726785
pubmed,GeneralSheaf,true,3,4,epoch-0,4,3,saliency,-0.02773657132918695
pubmed,GeneralSheaf,true,3,4,epoch-0,0,3,cohens_d_train,0.054676756
pubmed,GeneralSheaf,true,3,4,epoch-0,1,3,cohens_d_train,0.054527823
pubmed,GeneralSheaf,true,3,4,epoch-0,2,3,cohens_d_train,0.054713048
pubmed,GeneralSheaf,true,3,4,epoch-0,3,3,cohens_d_train,0.054023735
pubmed,GeneralSheaf,true,3,4,epoch-0,4,3,cohens_d_train,0.053614777
pubmed,GeneralSheaf,true,3,4,epoch-0,0,3,cohens_d_test,0.10206957
pubmed,GeneralSheaf,true,3,4,epoch-0,1,3,cohens_d_test,0.1017683
pubmed,GeneralSheaf,true,3,4,epoch-0,2,3,cohens_d_test,0.10178229
pubmed,GeneralSheaf,true,3,4,epoch-0,3,3,cohens_d_test,0.10195091
pubmed,GeneralSheaf,true,3,4,epoch-0,4,3,cohens_d_test,0.10111629
pubmed,GeneralSheaf,true,3,4,epoch-0,0,4,degree,-0.015982636719843204
pubmed,GeneralSheaf,true,3,4,epoch-0,1,4,degree,-0.015318708318027134
pubmed,GeneralSheaf,true,3,4,epoch-0,2,4,degree,-0.01574250647407564
pubmed,GeneralSheaf,true,3,4,epoch-0,3,4,degree,-0.01583935729438322
pubmed,GeneralSheaf,true,3,4,epoch-0,4,4,degree,-0.0160950170013478
pubmed,GeneralSheaf,true,3,4,epoch-0,0,4,betweenness,-0.017838065441873757
pubmed,GeneralSheaf,true,3,4,epoch-0,1,4,betweenness,-0.017232455163885
pubmed,GeneralSheaf,true,3,4,epoch-0,2,4,betweenness,-0.01762896135996415
pubmed,GeneralSheaf,true,3,4,epoch-0,3,4,betweenness,-0.01772025146948723
pubmed,GeneralSheaf,true,3,4,epoch-0,4,4,betweenness,-0.017978705812577957
pubmed,GeneralSheaf,true,3,4,epoch-0,0,4,confidence,-0.2689578483875435
pubmed,GeneralSheaf,true,3,4,epoch-0,1,4,confidence,-0.2688863438502323
pubmed,GeneralSheaf,true,3,4,epoch-0,2,4,confidence,-0.26995706178617596
pubmed,GeneralSheaf,true,3,4,epoch-0,3,4,confidence,-0.2701938298082859
pubmed,GeneralSheaf,true,3,4,epoch-0,4,4,confidence,-0.2701108862842634
pubmed,GeneralSheaf,true,3,4,epoch-0,0,4,saliency,-0.03742175791577998
pubmed,GeneralSheaf,true,3,4,epoch-0,1,4,saliency,-0.03740935880463243
pubmed,GeneralSheaf,true,3,4,epoch-0,2,4,saliency,-0.03748291713684774
pubmed,GeneralSheaf,true,3,4,epoch-0,3,4,saliency,-0.037526955675267946
pubmed,GeneralSheaf,true,3,4,epoch-0,4,4,saliency,-0.037275622663659184
pubmed,GeneralSheaf,true,3,4,epoch-0,0,4,cohens_d_train,0.24488051
pubmed,GeneralSheaf,true,3,4,epoch-0,1,4,cohens_d_train,0.2448307
pubmed,GeneralSheaf,true,3,4,epoch-0,2,4,cohens_d_train,0.24459766
pubmed,GeneralSheaf,true,3,4,epoch-0,3,4,cohens_d_train,0.24484952
pubmed,GeneralSheaf,true,3,4,epoch-0,4,4,cohens_d_train,0.24483435
pubmed,GeneralSheaf,true,3,4,epoch-0,0,4,cohens_d_test,0.25326076
pubmed,GeneralSheaf,true,3,4,epoch-0,1,4,cohens_d_test,0.25402868
pubmed,GeneralSheaf,true,3,4,epoch-0,2,4,cohens_d_test,0.25406742
pubmed,GeneralSheaf,true,3,4,epoch-0,3,4,cohens_d_test,0.25396544
pubmed,GeneralSheaf,true,3,4,epoch-0,4,4,cohens_d_test,0.25434718
pubmed,GeneralSheaf,true,3,4,epoch-0,0,5,degree,-0.026209099679157848
pubmed,GeneralSheaf,true,3,4,epoch-0,1,5,degree,-0.026456707374691947
pubmed,GeneralSheaf,true,3,4,epoch-0,2,5,degree,-0.025853745316167402
pubmed,GeneralSheaf,true,3,4,epoch-0,3,5,degree,-0.025834219074054452
pubmed,GeneralSheaf,true,3,4,epoch-0,4,5,degree,-0.025520911788831216
pubmed,GeneralSheaf,true,3,4,epoch-0,0,5,betweenness,-0.015776891827502432
pubmed,GeneralSheaf,true,3,4,epoch-0,1,5,betweenness,-0.016010268302108586
pubmed,GeneralSheaf,true,3,4,epoch-0,2,5,betweenness,-0.015426715080355544
pubmed,GeneralSheaf,true,3,4,epoch-0,3,5,betweenness,-0.015399469530814319
pubmed,GeneralSheaf,true,3,4,epoch-0,4,5,betweenness,-0.015095257265702627
pubmed,GeneralSheaf,true,3,4,epoch-0,0,5,confidence,0.22942433895024195
pubmed,GeneralSheaf,true,3,4,epoch-0,1,5,confidence,0.22944598098812566
pubmed,GeneralSheaf,true,3,4,epoch-0,2,5,confidence,0.2293124637527681
pubmed,GeneralSheaf,true,3,4,epoch-0,3,5,confidence,0.22992891905988042
pubmed,GeneralSheaf,true,3,4,epoch-0,4,5,confidence,0.22972968351091783
pubmed,GeneralSheaf,true,3,4,epoch-0,0,5,saliency,-0.07356636545216534
pubmed,GeneralSheaf,true,3,4,epoch-0,1,5,saliency,-0.07364505431386928
pubmed,GeneralSheaf,true,3,4,epoch-0,2,5,saliency,-0.07359572277767974
pubmed,GeneralSheaf,true,3,4,epoch-0,3,5,saliency,-0.07354699981867033
pubmed,GeneralSheaf,true,3,4,epoch-0,4,5,saliency,-0.07353509079098243
pubmed,GeneralSheaf,true,3,4,epoch-0,0,5,cohens_d_train,0.025417538
pubmed,GeneralSheaf,true,3,4,epoch-0,1,5,cohens_d_train,0.025368523
pubmed,GeneralSheaf,true,3,4,epoch-0,2,5,cohens_d_train,0.025243307
pubmed,GeneralSheaf,true,3,4,epoch-0,3,5,cohens_d_train,0.024783328
pubmed,GeneralSheaf,true,3,4,epoch-0,4,5,cohens_d_train,0.024289498
pubmed,GeneralSheaf,true,3,4,epoch-0,0,5,cohens_d_test,0.0029334878
pubmed,GeneralSheaf,true,3,4,epoch-0,1,5,cohens_d_test,0.0028206778
pubmed,GeneralSheaf,true,3,4,epoch-0,2,5,cohens_d_test,0.0027170393
pubmed,GeneralSheaf,true,3,4,epoch-0,3,5,cohens_d_test,0.0022613094
pubmed,GeneralSheaf,true,3,4,epoch-0,4,5,cohens_d_test,0.002379837
pubmed,GeneralSheaf,true,3,4,epoch-0,0,6,degree,0.010797268125449651
pubmed,GeneralSheaf,true,3,4,epoch-0,1,6,degree,0.010531671416804497
pubmed,GeneralSheaf,true,3,4,epoch-0,2,6,degree,0.01010395431830556
pubmed,GeneralSheaf,true,3,4,epoch-0,3,6,degree,0.009684876308123131
pubmed,GeneralSheaf,true,3,4,epoch-0,4,6,degree,0.010398535471164217
pubmed,GeneralSheaf,true,3,4,epoch-0,0,6,betweenness,0.0014879224651609432
pubmed,GeneralSheaf,true,3,4,epoch-0,1,6,betweenness,0.001240002093397392
pubmed,GeneralSheaf,true,3,4,epoch-0,2,6,betweenness,0.0006258544630448966
pubmed,GeneralSheaf,true,3,4,epoch-0,3,6,betweenness,0.00022150583002059543
pubmed,GeneralSheaf,true,3,4,epoch-0,4,6,betweenness,0.0009183211407938046
pubmed,GeneralSheaf,true,3,4,epoch-0,0,6,confidence,-0.10272808139597617
pubmed,GeneralSheaf,true,3,4,epoch-0,1,6,confidence,-0.10306549750585133
pubmed,GeneralSheaf,true,3,4,epoch-0,2,6,confidence,-0.10537697697036204
pubmed,GeneralSheaf,true,3,4,epoch-0,3,6,confidence,-0.1050237490027732
pubmed,GeneralSheaf,true,3,4,epoch-0,4,6,confidence,-0.10499419061898574
pubmed,GeneralSheaf,true,3,4,epoch-0,0,6,saliency,0.05625999696282864
pubmed,GeneralSheaf,true,3,4,epoch-0,1,6,saliency,0.05608481168995712
pubmed,GeneralSheaf,true,3,4,epoch-0,2,6,saliency,0.0559614570913982
pubmed,GeneralSheaf,true,3,4,epoch-0,3,6,saliency,0.0562022043829905
pubmed,GeneralSheaf,true,3,4,epoch-0,4,6,saliency,0.05620612778556488
pubmed,GeneralSheaf,true,3,4,epoch-0,0,6,cohens_d_train,0.12993251
pubmed,GeneralSheaf,true,3,4,epoch-0,1,6,cohens_d_train,0.1299796
pubmed,GeneralSheaf,true,3,4,epoch-0,2,6,cohens_d_train,0.12923986
pubmed,GeneralSheaf,true,3,4,epoch-0,3,6,cohens_d_train,0.12898345
pubmed,GeneralSheaf,true,3,4,epoch-0,4,6,cohens_d_train,0.12902321
pubmed,GeneralSheaf,true,3,4,epoch-0,0,6,cohens_d_test,0.13740426
pubmed,GeneralSheaf,true,3,4,epoch-0,1,6,cohens_d_test,0.13748612
pubmed,GeneralSheaf,true,3,4,epoch-0,2,6,cohens_d_test,0.13794546
pubmed,GeneralSheaf,true,3,4,epoch-0,3,6,cohens_d_test,0.1375235
pubmed,GeneralSheaf,true,3,4,epoch-0,4,6,cohens_d_test,0.13766006
pubmed,GeneralSheaf,true,3,4,epoch-0,0,7,degree,0.03311777784646377
pubmed,GeneralSheaf,true,3,4,epoch-0,1,7,degree,0.03380888860237562
pubmed,GeneralSheaf,true,3,4,epoch-0,2,7,degree,0.03401600218404212
pubmed,GeneralSheaf,true,3,4,epoch-0,3,7,degree,0.033994353102868156
pubmed,GeneralSheaf,true,3,4,epoch-0,4,7,degree,0.033343455296297994
pubmed,GeneralSheaf,true,3,4,epoch-0,0,7,betweenness,0.012623945445856244
pubmed,GeneralSheaf,true,3,4,epoch-0,1,7,betweenness,0.013250721067799133
pubmed,GeneralSheaf,true,3,4,epoch-0,2,7,betweenness,0.013436268319973294
pubmed,GeneralSheaf,true,3,4,epoch-0,3,7,betweenness,0.01342806745440866
pubmed,GeneralSheaf,true,3,4,epoch-0,4,7,betweenness,0.012834775320981404
pubmed,GeneralSheaf,true,3,4,epoch-0,0,7,confidence,-0.10424903919035933
pubmed,GeneralSheaf,true,3,4,epoch-0,1,7,confidence,-0.10448560719150043
pubmed,GeneralSheaf,true,3,4,epoch-0,2,7,confidence,-0.10437865171884318
pubmed,GeneralSheaf,true,3,4,epoch-0,3,7,confidence,-0.10420887676610706
pubmed,GeneralSheaf,true,3,4,epoch-0,4,7,confidence,-0.10418332176022346
pubmed,GeneralSheaf,true,3,4,epoch-0,0,7,saliency,-0.26257641859887965
pubmed,GeneralSheaf,true,3,4,epoch-0,1,7,saliency,-0.26267521315923975
pubmed,GeneralSheaf,true,3,4,epoch-0,2,7,saliency,-0.26269139592683305
pubmed,GeneralSheaf,true,3,4,epoch-0,3,7,saliency,-0.262604809398568
pubmed,GeneralSheaf,true,3,4,epoch-0,4,7,saliency,-0.2625585424568009
pubmed,GeneralSheaf,true,3,4,epoch-0,0,7,cohens_d_train,0.2915172
pubmed,GeneralSheaf,true,3,4,epoch-0,1,7,cohens_d_train,0.29177183
pubmed,GeneralSheaf,true,3,4,epoch-0,2,7,cohens_d_train,0.29190344
pubmed,GeneralSheaf,true,3,4,epoch-0,3,7,cohens_d_train,0.29179
pubmed,GeneralSheaf,true,3,4,epoch-0,4,7,cohens_d_train,0.29169208
pubmed,GeneralSheaf,true,3,4,epoch-0,0,7,cohens_d_test,0.25089768
pubmed,GeneralSheaf,true,3,4,epoch-0,1,7,cohens_d_test,0.25078538
pubmed,GeneralSheaf,true,3,4,epoch-0,2,7,cohens_d_test,0.25089443
pubmed,GeneralSheaf,true,3,4,epoch-0,3,7,cohens_d_test,0.25099424
pubmed,GeneralSheaf,true,3,4,epoch-0,4,7,cohens_d_test,0.25115064
pubmed,GeneralSheaf,true,3,4,epoch-0,0,8,degree,-0.07386008120060134
pubmed,GeneralSheaf,true,3,4,epoch-0,1,8,degree,-0.07435650017441296
pubmed,GeneralSheaf,true,3,4,epoch-0,2,8,degree,-0.07378021819753576
pubmed,GeneralSheaf,true,3,4,epoch-0,3,8,degree,-0.07437135600843138
pubmed,GeneralSheaf,true,3,4,epoch-0,4,8,degree,-0.07436198629685217
pubmed,GeneralSheaf,true,3,4,epoch-0,0,8,betweenness,-0.04382626982270363
pubmed,GeneralSheaf,true,3,4,epoch-0,1,8,betweenness,-0.044248632273203345
pubmed,GeneralSheaf,true,3,4,epoch-0,2,8,betweenness,-0.043699938552964765
pubmed,GeneralSheaf,true,3,4,epoch-0,3,8,betweenness,-0.04418872101886543
pubmed,GeneralSheaf,true,3,4,epoch-0,4,8,betweenness,-0.04422471826383644
pubmed,GeneralSheaf,true,3,4,epoch-0,0,8,confidence,-0.1790559153802
pubmed,GeneralSheaf,true,3,4,epoch-0,1,8,confidence,-0.17847188449519052
pubmed,GeneralSheaf,true,3,4,epoch-0,2,8,confidence,-0.17847948163251262
pubmed,GeneralSheaf,true,3,4,epoch-0,3,8,confidence,-0.1790119027302573
pubmed,GeneralSheaf,true,3,4,epoch-0,4,8,confidence,-0.17973764487562874
pubmed,GeneralSheaf,true,3,4,epoch-0,0,8,saliency,-0.03650367103790077
pubmed,GeneralSheaf,true,3,4,epoch-0,1,8,saliency,-0.03656420481501655
pubmed,GeneralSheaf,true,3,4,epoch-0,2,8,saliency,-0.03698443499209535
pubmed,GeneralSheaf,true,3,4,epoch-0,3,8,saliency,-0.03695015530960275
pubmed,GeneralSheaf,true,3,4,epoch-0,4,8,saliency,-0.03675482202058107
pubmed,GeneralSheaf,true,3,4,epoch-0,0,8,cohens_d_train,0.033917468
pubmed,GeneralSheaf,true,3,4,epoch-0,1,8,cohens_d_train,0.03411643
pubmed,GeneralSheaf,true,3,4,epoch-0,2,8,cohens_d_train,0.034156013
pubmed,GeneralSheaf,true,3,4,epoch-0,3,8,cohens_d_train,0.03409715
pubmed,GeneralSheaf,true,3,4,epoch-0,4,8,cohens_d_train,0.034135725
pubmed,GeneralSheaf,true,3,4,epoch-0,0,8,cohens_d_test,0.033759326
pubmed,GeneralSheaf,true,3,4,epoch-0,1,8,cohens_d_test,0.034561083
pubmed,GeneralSheaf,true,3,4,epoch-0,2,8,cohens_d_test,0.0340628
pubmed,GeneralSheaf,true,3,4,epoch-0,3,8,cohens_d_test,0.033945084
pubmed,GeneralSheaf,true,3,4,epoch-0,4,8,cohens_d_test,0.033667095
pubmed,GeneralSheaf,true,3,4,epoch-0,0,9,degree,0.018246523377388014
pubmed,GeneralSheaf,true,3,4,epoch-0,1,9,degree,0.018273116513917224
pubmed,GeneralSheaf,true,3,4,epoch-0,2,9,degree,0.018052869571778152
pubmed,GeneralSheaf,true,3,4,epoch-0,3,9,degree,0.017982404112477347
pubmed,GeneralSheaf,true,3,4,epoch-0,4,9,degree,0.01681131419768005
pubmed,GeneralSheaf,true,3,4,epoch-0,0,9,betweenness,0.0031779361926906648
pubmed,GeneralSheaf,true,3,4,epoch-0,1,9,betweenness,0.003233538845799054
pubmed,GeneralSheaf,true,3,4,epoch-0,2,9,betweenness,0.0030209154552669087
pubmed,GeneralSheaf,true,3,4,epoch-0,3,9,betweenness,0.0029662210207970197
pubmed,GeneralSheaf,true,3,4,epoch-0,4,9,betweenness,0.0018715004208324719
pubmed,GeneralSheaf,true,3,4,epoch-0,0,9,confidence,-0.20029885985339915
pubmed,GeneralSheaf,true,3,4,epoch-0,1,9,confidence,-0.199339211617486
pubmed,GeneralSheaf,true,3,4,epoch-0,2,9,confidence,-0.19936738942009927
pubmed,GeneralSheaf,true,3,4,epoch-0,3,9,confidence,-0.19913542409771257
pubmed,GeneralSheaf,true,3,4,epoch-0,4,9,confidence,-0.19972601714755553
pubmed,GeneralSheaf,true,3,4,epoch-0,0,9,saliency,-0.13257885423401927
pubmed,GeneralSheaf,true,3,4,epoch-0,1,9,saliency,-0.1330348875625653
pubmed,GeneralSheaf,true,3,4,epoch-0,2,9,saliency,-0.13301612037485885
pubmed,GeneralSheaf,true,3,4,epoch-0,3,9,saliency,-0.1330049647315698
pubmed,GeneralSheaf,true,3,4,epoch-0,4,9,saliency,-0.13303212048493973
pubmed,GeneralSheaf,true,3,4,epoch-0,0,9,cohens_d_train,0.16019645
pubmed,GeneralSheaf,true,3,4,epoch-0,1,9,cohens_d_train,0.16034928
pubmed,GeneralSheaf,true,3,4,epoch-0,2,9,cohens_d_train,0.16039112
pubmed,GeneralSheaf,true,3,4,epoch-0,3,9,cohens_d_train,0.16023111
pubmed,GeneralSheaf,true,3,4,epoch-0,4,9,cohens_d_train,0.15995768
pubmed,GeneralSheaf,true,3,4,epoch-0,0,9,cohens_d_test,0.20191176
pubmed,GeneralSheaf,true,3,4,epoch-0,1,9,cohens_d_test,0.20174082
pubmed,GeneralSheaf,true,3,4,epoch-0,2,9,cohens_d_test,0.20173743
pubmed,GeneralSheaf,true,3,4,epoch-0,3,9,cohens_d_test,0.20183107
pubmed,GeneralSheaf,true,3,4,epoch-0,4,9,cohens_d_test,0.20200142
pubmed,GeneralSheaf,true,3,4,epoch-1,0,0,degree,0.046360319122107224
pubmed,GeneralSheaf,true,3,4,epoch-1,1,0,degree,0.0461306382454447
pubmed,GeneralSheaf,true,3,4,epoch-1,2,0,degree,0.04614006989660172
pubmed,GeneralSheaf,true,3,4,epoch-1,3,0,degree,0.046316424042106875
pubmed,GeneralSheaf,true,3,4,epoch-1,4,0,degree,0.04602670186658727
pubmed,GeneralSheaf,true,3,4,epoch-1,0,0,betweenness,0.017475554193909105
pubmed,GeneralSheaf,true,3,4,epoch-1,1,0,betweenness,0.017244224031874648
pubmed,GeneralSheaf,true,3,4,epoch-1,2,0,betweenness,0.017238896044148033
pubmed,GeneralSheaf,true,3,4,epoch-1,3,0,betweenness,0.01740888428203071
pubmed,GeneralSheaf,true,3,4,epoch-1,4,0,betweenness,0.017139307784871678
pubmed,GeneralSheaf,true,3,4,epoch-1,0,0,confidence,0.4522681338536864
pubmed,GeneralSheaf,true,3,4,epoch-1,1,0,confidence,0.45220343247868094
pubmed,GeneralSheaf,true,3,4,epoch-1,2,0,confidence,0.45192585218173714
pubmed,GeneralSheaf,true,3,4,epoch-1,3,0,confidence,0.45189166328543445
pubmed,GeneralSheaf,true,3,4,epoch-1,4,0,confidence,0.4520658684905679
pubmed,GeneralSheaf,true,3,4,epoch-1,0,0,saliency,-0.531004846563296
pubmed,GeneralSheaf,true,3,4,epoch-1,1,0,saliency,-0.5309494010726463
pubmed,GeneralSheaf,true,3,4,epoch-1,2,0,saliency,-0.5310028954459572
pubmed,GeneralSheaf,true,3,4,epoch-1,3,0,saliency,-0.5310123269455742
pubmed,GeneralSheaf,true,3,4,epoch-1,4,0,saliency,-0.5310612941597403
pubmed,GeneralSheaf,true,3,4,epoch-1,0,0,cohens_d_train,0.40746722
pubmed,GeneralSheaf,true,3,4,epoch-1,1,0,cohens_d_train,0.40753385
pubmed,GeneralSheaf,true,3,4,epoch-1,2,0,cohens_d_train,0.40749234
pubmed,GeneralSheaf,true,3,4,epoch-1,3,0,cohens_d_train,0.40749088
pubmed,GeneralSheaf,true,3,4,epoch-1,4,0,cohens_d_train,0.40759075
pubmed,GeneralSheaf,true,3,4,epoch-1,0,0,cohens_d_test,0.44604978
pubmed,GeneralSheaf,true,3,4,epoch-1,1,0,cohens_d_test,0.4460946
pubmed,GeneralSheaf,true,3,4,epoch-1,2,0,cohens_d_test,0.44631287
pubmed,GeneralSheaf,true,3,4,epoch-1,3,0,cohens_d_test,0.44629773
pubmed,GeneralSheaf,true,3,4,epoch-1,4,0,cohens_d_test,0.4463707
pubmed,GeneralSheaf,true,3,4,epoch-1,0,1,degree,-0.023503248318743154
pubmed,GeneralSheaf,true,3,4,epoch-1,1,1,degree,-0.023235856591589655
pubmed,GeneralSheaf,true,3,4,epoch-1,2,1,degree,-0.02264703311043528
pubmed,GeneralSheaf,true,3,4,epoch-1,3,1,degree,-0.02263189505119635
pubmed,GeneralSheaf,true,3,4,epoch-1,4,1,degree,-0.02328082304680762
pubmed,GeneralSheaf,true,3,4,epoch-1,0,1,betweenness,-0.024840012169036058
pubmed,GeneralSheaf,true,3,4,epoch-1,1,1,betweenness,-0.024583256860380435
pubmed,GeneralSheaf,true,3,4,epoch-1,2,1,betweenness,-0.02400765484645663
pubmed,GeneralSheaf,true,3,4,epoch-1,3,1,betweenness,-0.02401395251923932
pubmed,GeneralSheaf,true,3,4,epoch-1,4,1,betweenness,-0.024593365425530853
pubmed,GeneralSheaf,true,3,4,epoch-1,0,1,confidence,-0.9226814733899383
pubmed,GeneralSheaf,true,3,4,epoch-1,1,1,confidence,-0.9227781884985256
pubmed,GeneralSheaf,true,3,4,epoch-1,2,1,confidence,-0.9231005398962951
pubmed,GeneralSheaf,true,3,4,epoch-1,3,1,confidence,-0.923101689997144
pubmed,GeneralSheaf,true,3,4,epoch-1,4,1,confidence,-0.923155466106298
pubmed,GeneralSheaf,true,3,4,epoch-1,0,1,saliency,-0.5496127079370758
pubmed,GeneralSheaf,true,3,4,epoch-1,1,1,saliency,-0.5495088832056189
pubmed,GeneralSheaf,true,3,4,epoch-1,2,1,saliency,-0.5493039180622676
pubmed,GeneralSheaf,true,3,4,epoch-1,3,1,saliency,-0.5493364092301142
pubmed,GeneralSheaf,true,3,4,epoch-1,4,1,saliency,-0.5493192525469185
pubmed,GeneralSheaf,true,3,4,epoch-1,0,1,cohens_d_train,2.1607056
pubmed,GeneralSheaf,true,3,4,epoch-1,1,1,cohens_d_train,2.1598926
pubmed,GeneralSheaf,true,3,4,epoch-1,2,1,cohens_d_train,2.1579208
pubmed,GeneralSheaf,true,3,4,epoch-1,3,1,cohens_d_train,2.1581519
pubmed,GeneralSheaf,true,3,4,epoch-1,4,1,cohens_d_train,2.158547
pubmed,GeneralSheaf,true,3,4,epoch-1,0,1,cohens_d_test,2.1444192
pubmed,GeneralSheaf,true,3,4,epoch-1,1,1,cohens_d_test,2.1427112
pubmed,GeneralSheaf,true,3,4,epoch-1,2,1,cohens_d_test,2.1411288
pubmed,GeneralSheaf,true,3,4,epoch-1,3,1,cohens_d_test,2.14169
pubmed,GeneralSheaf,true,3,4,epoch-1,4,1,cohens_d_test,2.1416774
pubmed,GeneralSheaf,true,3,4,epoch-1,0,2,degree,0.08408972816559938
pubmed,GeneralSheaf,true,3,4,epoch-1,1,2,degree,0.08403119130348971
pubmed,GeneralSheaf,true,3,4,epoch-1,2,2,degree,0.08403605267352866
pubmed,GeneralSheaf,true,3,4,epoch-1,3,2,degree,0.0843917094961486
pubmed,GeneralSheaf,true,3,4,epoch-1,4,2,degree,0.08424034323443497
pubmed,GeneralSheaf,true,3,4,epoch-1,0,2,betweenness,0.04707745878702132
pubmed,GeneralSheaf,true,3,4,epoch-1,1,2,betweenness,0.047001377530809234
pubmed,GeneralSheaf,true,3,4,epoch-1,2,2,betweenness,0.04700106935941901
pubmed,GeneralSheaf,true,3,4,epoch-1,3,2,betweenness,0.04733225851076207
pubmed,GeneralSheaf,true,3,4,epoch-1,4,2,betweenness,0.04716661498924663
pubmed,GeneralSheaf,true,3,4,epoch-1,0,2,confidence,-0.36509181722537015
pubmed,GeneralSheaf,true,3,4,epoch-1,1,2,confidence,-0.36473200265115985
pubmed,GeneralSheaf,true,3,4,epoch-1,2,2,confidence,-0.36479497467237765
pubmed,GeneralSheaf,true,3,4,epoch-1,3,2,confidence,-0.3648112674049096
pubmed,GeneralSheaf,true,3,4,epoch-1,4,2,confidence,-0.36455816609299246
pubmed,GeneralSheaf,true,3,4,epoch-1,0,2,saliency,0.0022903935573908175
pubmed,GeneralSheaf,true,3,4,epoch-1,1,2,saliency,0.0021945514823435183
pubmed,GeneralSheaf,true,3,4,epoch-1,2,2,saliency,0.0022286967645662554
pubmed,GeneralSheaf,true,3,4,epoch-1,3,2,saliency,0.0021772381708602185
pubmed,GeneralSheaf,true,3,4,epoch-1,4,2,saliency,0.0021556357149618783
pubmed,GeneralSheaf,true,3,4,epoch-1,0,2,cohens_d_train,0.06297455
pubmed,GeneralSheaf,true,3,4,epoch-1,1,2,cohens_d_train,0.063520916
pubmed,GeneralSheaf,true,3,4,epoch-1,2,2,cohens_d_train,0.063655436
pubmed,GeneralSheaf,true,3,4,epoch-1,3,2,cohens_d_train,0.06353225
pubmed,GeneralSheaf,true,3,4,epoch-1,4,2,cohens_d_train,0.063800186
pubmed,GeneralSheaf,true,3,4,epoch-1,0,2,cohens_d_test,0.09960741
pubmed,GeneralSheaf,true,3,4,epoch-1,1,2,cohens_d_test,0.10007837
pubmed,GeneralSheaf,true,3,4,epoch-1,2,2,cohens_d_test,0.10013164
pubmed,GeneralSheaf,true,3,4,epoch-1,3,2,cohens_d_test,0.10008812
pubmed,GeneralSheaf,true,3,4,epoch-1,4,2,cohens_d_test,0.10012583
pubmed,GeneralSheaf,true,3,4,epoch-1,0,3,degree,-0.02102206315970358
pubmed,GeneralSheaf,true,3,4,epoch-1,1,3,degree,-0.021230793996133257
pubmed,GeneralSheaf,true,3,4,epoch-1,2,3,degree,-0.021546801158565523
pubmed,GeneralSheaf,true,3,4,epoch-1,3,3,degree,-0.02139828215626385
pubmed,GeneralSheaf,true,3,4,epoch-1,4,3,degree,-0.021621376948884028
pubmed,GeneralSheaf,true,3,4,epoch-1,0,3,betweenness,-0.020083408379957146
pubmed,GeneralSheaf,true,3,4,epoch-1,1,3,betweenness,-0.020270038108832353
pubmed,GeneralSheaf,true,3,4,epoch-1,2,3,betweenness,-0.02056926049208626
pubmed,GeneralSheaf,true,3,4,epoch-1,3,3,betweenness,-0.020427581820254198
pubmed,GeneralSheaf,true,3,4,epoch-1,4,3,betweenness,-0.020686590173460813
pubmed,GeneralSheaf,true,3,4,epoch-1,0,3,confidence,0.6941022141445836
pubmed,GeneralSheaf,true,3,4,epoch-1,1,3,confidence,0.694323310452097
pubmed,GeneralSheaf,true,3,4,epoch-1,2,3,confidence,0.6944180640188582
pubmed,GeneralSheaf,true,3,4,epoch-1,3,3,confidence,0.6945300353061082
pubmed,GeneralSheaf,true,3,4,epoch-1,4,3,confidence,0.6939026856829901
pubmed,GeneralSheaf,true,3,4,epoch-1,0,3,saliency,-0.3689130231678605
pubmed,GeneralSheaf,true,3,4,epoch-1,1,3,saliency,-0.3688086309693695
pubmed,GeneralSheaf,true,3,4,epoch-1,2,3,saliency,-0.368700661229948
pubmed,GeneralSheaf,true,3,4,epoch-1,3,3,saliency,-0.36861007916676175
pubmed,GeneralSheaf,true,3,4,epoch-1,4,3,saliency,-0.3687731460559923
pubmed,GeneralSheaf,true,3,4,epoch-1,0,3,cohens_d_train,0.70034117
pubmed,GeneralSheaf,true,3,4,epoch-1,1,3,cohens_d_train,0.7003063
pubmed,GeneralSheaf,true,3,4,epoch-1,2,3,cohens_d_train,0.70056105
pubmed,GeneralSheaf,true,3,4,epoch-1,3,3,cohens_d_train,0.7003402
pubmed,GeneralSheaf,true,3,4,epoch-1,4,3,cohens_d_train,0.70040435
pubmed,GeneralSheaf,true,3,4,epoch-1,0,3,cohens_d_test,0.72482765
pubmed,GeneralSheaf,true,3,4,epoch-1,1,3,cohens_d_test,0.72472006
pubmed,GeneralSheaf,true,3,4,epoch-1,2,3,cohens_d_test,0.72505957
pubmed,GeneralSheaf,true,3,4,epoch-1,3,3,cohens_d_test,0.7249803
pubmed,GeneralSheaf,true,3,4,epoch-1,4,3,cohens_d_test,0.7249614
pubmed,GeneralSheaf,true,3,4,epoch-1,0,4,degree,0.015429632842807803
pubmed,GeneralSheaf,true,3,4,epoch-1,1,4,degree,0.015595359819372826
pubmed,GeneralSheaf,true,3,4,epoch-1,2,4,degree,0.015567681782129358
pubmed,GeneralSheaf,true,3,4,epoch-1,3,4,degree,0.015628252105708854
pubmed,GeneralSheaf,true,3,4,epoch-1,4,4,degree,0.015699627361495477
pubmed,GeneralSheaf,true,3,4,epoch-1,0,4,betweenness,-0.0007803169981292366
pubmed,GeneralSheaf,true,3,4,epoch-1,1,4,betweenness,-0.000625466211330944
pubmed,GeneralSheaf,true,3,4,epoch-1,2,4,betweenness,-0.0006676722797486613
pubmed,GeneralSheaf,true,3,4,epoch-1,3,4,betweenness,-0.0005964561480795992
pubmed,GeneralSheaf,true,3,4,epoch-1,4,4,betweenness,-0.000535550566077989
pubmed,GeneralSheaf,true,3,4,epoch-1,0,4,confidence,0.4664619794865243
pubmed,GeneralSheaf,true,3,4,epoch-1,1,4,confidence,0.4667058792340158
pubmed,GeneralSheaf,true,3,4,epoch-1,2,4,confidence,0.46740521791118605
pubmed,GeneralSheaf,true,3,4,epoch-1,3,4,confidence,0.46732599354805093
pubmed,GeneralSheaf,true,3,4,epoch-1,4,4,confidence,0.4674862192972742
pubmed,GeneralSheaf,true,3,4,epoch-1,0,4,saliency,-0.5371420171083351
pubmed,GeneralSheaf,true,3,4,epoch-1,1,4,saliency,-0.5370787911204954
pubmed,GeneralSheaf,true,3,4,epoch-1,2,4,saliency,-0.5367967172966434
pubmed,GeneralSheaf,true,3,4,epoch-1,3,4,saliency,-0.5367223709330233
pubmed,GeneralSheaf,true,3,4,epoch-1,4,4,saliency,-0.5366526548516752
pubmed,GeneralSheaf,true,3,4,epoch-1,0,4,cohens_d_train,0.010692592
pubmed,GeneralSheaf,true,3,4,epoch-1,1,4,cohens_d_train,0.01074064
pubmed,GeneralSheaf,true,3,4,epoch-1,2,4,cohens_d_train,0.010859021
pubmed,GeneralSheaf,true,3,4,epoch-1,3,4,cohens_d_train,0.010812863
pubmed,GeneralSheaf,true,3,4,epoch-1,4,4,cohens_d_train,0.010813316
pubmed,GeneralSheaf,true,3,4,epoch-1,0,4,cohens_d_test,0.008215459
pubmed,GeneralSheaf,true,3,4,epoch-1,1,4,cohens_d_test,0.007943105
pubmed,GeneralSheaf,true,3,4,epoch-1,2,4,cohens_d_test,0.00803337
pubmed,GeneralSheaf,true,3,4,epoch-1,3,4,cohens_d_test,0.007997249
pubmed,GeneralSheaf,true,3,4,epoch-1,4,4,cohens_d_test,0.007955655
pubmed,GeneralSheaf,true,3,4,epoch-1,0,5,degree,0.03469282930920714
pubmed,GeneralSheaf,true,3,4,epoch-1,1,5,degree,0.03421032669697095
pubmed,GeneralSheaf,true,3,4,epoch-1,2,5,degree,0.033944161035579935
pubmed,GeneralSheaf,true,3,4,epoch-1,3,5,degree,0.033597055737800335
pubmed,GeneralSheaf,true,3,4,epoch-1,4,5,degree,0.03309443213279251
pubmed,GeneralSheaf,true,3,4,epoch-1,0,5,betweenness,0.0010523166332287734
pubmed,GeneralSheaf,true,3,4,epoch-1,1,5,betweenness,0.0008058570146293042
pubmed,GeneralSheaf,true,3,4,epoch-1,2,5,betweenness,0.000779420667695949
pubmed,GeneralSheaf,true,3,4,epoch-1,3,5,betweenness,0.0006711695191360784
pubmed,GeneralSheaf,true,3,4,epoch-1,4,5,betweenness,0.00044767130077447614
pubmed,GeneralSheaf,true,3,4,epoch-1,0,5,confidence,0.5924403789687516
pubmed,GeneralSheaf,true,3,4,epoch-1,1,5,confidence,0.589791645217435
pubmed,GeneralSheaf,true,3,4,epoch-1,2,5,confidence,0.5870548004911432
pubmed,GeneralSheaf,true,3,4,epoch-1,3,5,confidence,0.5843413938386199
pubmed,GeneralSheaf,true,3,4,epoch-1,4,5,confidence,0.5809584005189226
pubmed,GeneralSheaf,true,3,4,epoch-1,0,5,saliency,-0.39712592731423857
pubmed,GeneralSheaf,true,3,4,epoch-1,1,5,saliency,-0.39876968384753775
pubmed,GeneralSheaf,true,3,4,epoch-1,2,5,saliency,-0.4003314478740733
pubmed,GeneralSheaf,true,3,4,epoch-1,3,5,saliency,-0.4018927080723709
pubmed,GeneralSheaf,true,3,4,epoch-1,4,5,saliency,-0.403542558836151
pubmed,GeneralSheaf,true,3,4,epoch-1,0,5,cohens_d_train,0.75955683
pubmed,GeneralSheaf,true,3,4,epoch-1,1,5,cohens_d_train,0.7584479
pubmed,GeneralSheaf,true,3,4,epoch-1,2,5,cohens_d_train,0.75733423
pubmed,GeneralSheaf,true,3,4,epoch-1,3,5,cohens_d_train,0.7559887
pubmed,GeneralSheaf,true,3,4,epoch-1,4,5,cohens_d_train,0.7545189
pubmed,GeneralSheaf,true,3,4,epoch-1,0,5,cohens_d_test,0.7581105
pubmed,GeneralSheaf,true,3,4,epoch-1,1,5,cohens_d_test,0.75718653
pubmed,GeneralSheaf,true,3,4,epoch-1,2,5,cohens_d_test,0.75624996
pubmed,GeneralSheaf,true,3,4,epoch-1,3,5,cohens_d_test,0.755198
pubmed,GeneralSheaf,true,3,4,epoch-1,4,5,cohens_d_test,0.75379634
pubmed,GeneralSheaf,true,3,4,epoch-1,0,6,degree,0.03458938391758599
pubmed,GeneralSheaf,true,3,4,epoch-1,1,6,degree,0.034851020992737174
pubmed,GeneralSheaf,true,3,4,epoch-1,2,6,degree,0.03512171445071295
pubmed,GeneralSheaf,true,3,4,epoch-1,3,6,degree,0.03505875423906417
pubmed,GeneralSheaf,true,3,4,epoch-1,4,6,degree,0.03567004092863726
pubmed,GeneralSheaf,true,3,4,epoch-1,0,6,betweenness,0.012778159285005636
pubmed,GeneralSheaf,true,3,4,epoch-1,1,6,betweenness,0.013013483800611327
pubmed,GeneralSheaf,true,3,4,epoch-1,2,6,betweenness,0.013193340720356469
pubmed,GeneralSheaf,true,3,4,epoch-1,3,6,betweenness,0.013117184855546898
pubmed,GeneralSheaf,true,3,4,epoch-1,4,6,betweenness,0.01369828509552747
pubmed,GeneralSheaf,true,3,4,epoch-1,0,6,confidence,0.5320155517818159
pubmed,GeneralSheaf,true,3,4,epoch-1,1,6,confidence,0.5337591621210426
pubmed,GeneralSheaf,true,3,4,epoch-1,2,6,confidence,0.5360273259980839
pubmed,GeneralSheaf,true,3,4,epoch-1,3,6,confidence,0.5378770935005669
pubmed,GeneralSheaf,true,3,4,epoch-1,4,6,confidence,0.5388359140094571
pubmed,GeneralSheaf,true,3,4,epoch-1,0,6,saliency,-0.5547767922737997
pubmed,GeneralSheaf,true,3,4,epoch-1,1,6,saliency,-0.55496576276282
pubmed,GeneralSheaf,true,3,4,epoch-1,2,6,saliency,-0.5547976266182124
pubmed,GeneralSheaf,true,3,4,epoch-1,3,6,saliency,-0.5548459894980162
pubmed,GeneralSheaf,true,3,4,epoch-1,4,6,saliency,-0.5549621451836262
pubmed,GeneralSheaf,true,3,4,epoch-1,0,6,cohens_d_train,0.6035214
pubmed,GeneralSheaf,true,3,4,epoch-1,1,6,cohens_d_train,0.60518986
pubmed,GeneralSheaf,true,3,4,epoch-1,2,6,cohens_d_train,0.6064308
pubmed,GeneralSheaf,true,3,4,epoch-1,3,6,cohens_d_train,0.608155
pubmed,GeneralSheaf,true,3,4,epoch-1,4,6,cohens_d_train,0.6094939
pubmed,GeneralSheaf,true,3,4,epoch-1,0,6,cohens_d_test,0.59441656
pubmed,GeneralSheaf,true,3,4,epoch-1,1,6,cohens_d_test,0.59580463
pubmed,GeneralSheaf,true,3,4,epoch-1,2,6,cohens_d_test,0.5969622
pubmed,GeneralSheaf,true,3,4,epoch-1,3,6,cohens_d_test,0.5983547
pubmed,GeneralSheaf,true,3,4,epoch-1,4,6,cohens_d_test,0.5996714
pubmed,GeneralSheaf,true,3,4,epoch-1,0,7,degree,-0.01658533562020042
pubmed,GeneralSheaf,true,3,4,epoch-1,1,7,degree,-0.016711653761175567
pubmed,GeneralSheaf,true,3,4,epoch-1,2,7,degree,-0.016858317020297317
pubmed,GeneralSheaf,true,3,4,epoch-1,3,7,degree,-0.017060448037336494
pubmed,GeneralSheaf,true,3,4,epoch-1,4,7,degree,-0.017776365362082637
pubmed,GeneralSheaf,true,3,4,epoch-1,0,7,betweenness,-0.016220109561268178
pubmed,GeneralSheaf,true,3,4,epoch-1,1,7,betweenness,-0.016241457611110795
pubmed,GeneralSheaf,true,3,4,epoch-1,2,7,betweenness,-0.016255970086742923
pubmed,GeneralSheaf,true,3,4,epoch-1,3,7,betweenness,-0.016324124072001824
pubmed,GeneralSheaf,true,3,4,epoch-1,4,7,betweenness,-0.01687810969805514
pubmed,GeneralSheaf,true,3,4,epoch-1,0,7,confidence,0.01737128052814607
pubmed,GeneralSheaf,true,3,4,epoch-1,1,7,confidence,0.016132244177467694
pubmed,GeneralSheaf,true,3,4,epoch-1,2,7,confidence,0.015149948800048161
pubmed,GeneralSheaf,true,3,4,epoch-1,3,7,confidence,0.014335749434810518
pubmed,GeneralSheaf,true,3,4,epoch-1,4,7,confidence,0.013464534500382073
pubmed,GeneralSheaf,true,3,4,epoch-1,0,7,saliency,0.14625542720122325
pubmed,GeneralSheaf,true,3,4,epoch-1,1,7,saliency,0.14704998965822122
pubmed,GeneralSheaf,true,3,4,epoch-1,2,7,saliency,0.14790616024639777
pubmed,GeneralSheaf,true,3,4,epoch-1,3,7,saliency,0.14864692085770057
pubmed,GeneralSheaf,true,3,4,epoch-1,4,7,saliency,0.14945306707238812
pubmed,GeneralSheaf,true,3,4,epoch-1,0,7,cohens_d_train,0.15133862
pubmed,GeneralSheaf,true,3,4,epoch-1,1,7,cohens_d_train,0.15136388
pubmed,GeneralSheaf,true,3,4,epoch-1,2,7,cohens_d_train,0.15125997
pubmed,GeneralSheaf,true,3,4,epoch-1,3,7,cohens_d_train,0.15107858
pubmed,GeneralSheaf,true,3,4,epoch-1,4,7,cohens_d_train,0.15085493
pubmed,GeneralSheaf,true,3,4,epoch-1,0,7,cohens_d_test,0.14642595
pubmed,GeneralSheaf,true,3,4,epoch-1,1,7,cohens_d_test,0.14589946
pubmed,GeneralSheaf,true,3,4,epoch-1,2,7,cohens_d_test,0.14542185
pubmed,GeneralSheaf,true,3,4,epoch-1,3,7,cohens_d_test,0.14514695
pubmed,GeneralSheaf,true,3,4,epoch-1,4,7,cohens_d_test,0.14471862
pubmed,GeneralSheaf,true,3,4,epoch-1,0,8,degree,-0.025806038395538147
pubmed,GeneralSheaf,true,3,4,epoch-1,1,8,degree,-0.025653509761453554
pubmed,GeneralSheaf,true,3,4,epoch-1,2,8,degree,-0.025141246165968904
pubmed,GeneralSheaf,true,3,4,epoch-1,3,8,degree,-0.025266141976597246
pubmed,GeneralSheaf,true,3,4,epoch-1,4,8,degree,-0.02506093355579845
pubmed,GeneralSheaf,true,3,4,epoch-1,0,8,betweenness,-0.0251867810540027
pubmed,GeneralSheaf,true,3,4,epoch-1,1,8,betweenness,-0.025260858479185546
pubmed,GeneralSheaf,true,3,4,epoch-1,2,8,betweenness,-0.024980660078955642
pubmed,GeneralSheaf,true,3,4,epoch-1,3,8,betweenness,-0.025316471712374524
pubmed,GeneralSheaf,true,3,4,epoch-1,4,8,betweenness,-0.02535057097255002
pubmed,GeneralSheaf,true,3,4,epoch-1,0,8,confidence,0.42099821401907944
pubmed,GeneralSheaf,true,3,4,epoch-1,1,8,confidence,0.4241705498066013
pubmed,GeneralSheaf,true,3,4,epoch-1,2,8,confidence,0.4266399992773736
pubmed,GeneralSheaf,true,3,4,epoch-1,3,8,confidence,0.4290877622451835
pubmed,GeneralSheaf,true,3,4,epoch-1,4,8,confidence,0.4312012713544855
pubmed,GeneralSheaf,true,3,4,epoch-1,0,8,saliency,-0.5687751857110549
pubmed,GeneralSheaf,true,3,4,epoch-1,1,8,saliency,-0.5681902734581402
pubmed,GeneralSheaf,true,3,4,epoch-1,2,8,saliency,-0.5676631695939588
pubmed,GeneralSheaf,true,3,4,epoch-1,3,8,saliency,-0.5668943894251105
pubmed,GeneralSheaf,true,3,4,epoch-1,4,8,saliency,-0.5660217465772045
pubmed,GeneralSheaf,true,3,4,epoch-1,0,8,cohens_d_train,0.4055133
pubmed,GeneralSheaf,true,3,4,epoch-1,1,8,cohens_d_train,0.4102061
pubmed,GeneralSheaf,true,3,4,epoch-1,2,8,cohens_d_train,0.41431963
pubmed,GeneralSheaf,true,3,4,epoch-1,3,8,cohens_d_train,0.41841957
pubmed,GeneralSheaf,true,3,4,epoch-1,4,8,cohens_d_train,0.42214763
pubmed,GeneralSheaf,true,3,4,epoch-1,0,8,cohens_d_test,0.377861
pubmed,GeneralSheaf,true,3,4,epoch-1,1,8,cohens_d_test,0.38234574
pubmed,GeneralSheaf,true,3,4,epoch-1,2,8,cohens_d_test,0.38709524
pubmed,GeneralSheaf,true,3,4,epoch-1,3,8,cohens_d_test,0.39144534
pubmed,GeneralSheaf,true,3,4,epoch-1,4,8,cohens_d_test,0.39564136
pubmed,GeneralSheaf,true,3,4,epoch-1,0,9,degree,-0.04813003500413417
pubmed,GeneralSheaf,true,3,4,epoch-1,1,9,degree,-0.04780630824273262
pubmed,GeneralSheaf,true,3,4,epoch-1,2,9,degree,-0.04766123187125941
pubmed,GeneralSheaf,true,3,4,epoch-1,3,9,degree,-0.04723413509086838
pubmed,GeneralSheaf,true,3,4,epoch-1,4,9,degree,-0.04709203158092075
pubmed,GeneralSheaf,true,3,4,epoch-1,0,9,betweenness,-0.03146213040469953
pubmed,GeneralSheaf,true,3,4,epoch-1,1,9,betweenness,-0.03144205731153213
pubmed,GeneralSheaf,true,3,4,epoch-1,2,9,betweenness,-0.03160389170927045
pubmed,GeneralSheaf,true,3,4,epoch-1,3,9,betweenness,-0.03150463059308352
pubmed,GeneralSheaf,true,3,4,epoch-1,4,9,betweenness,-0.03167621521660394
pubmed,GeneralSheaf,true,3,4,epoch-1,0,9,confidence,-0.2076644446225659
pubmed,GeneralSheaf,true,3,4,epoch-1,1,9,confidence,-0.20182580503531702
pubmed,GeneralSheaf,true,3,4,epoch-1,2,9,confidence,-0.1965192919015176
pubmed,GeneralSheaf,true,3,4,epoch-1,3,9,confidence,-0.1910648477497566
pubmed,GeneralSheaf,true,3,4,epoch-1,4,9,confidence,-0.18585816794156038
pubmed,GeneralSheaf,true,3,4,epoch-1,0,9,saliency,0.281836276960404
pubmed,GeneralSheaf,true,3,4,epoch-1,1,9,saliency,0.27909192160120766
pubmed,GeneralSheaf,true,3,4,epoch-1,2,9,saliency,0.276579815446006
pubmed,GeneralSheaf,true,3,4,epoch-1,3,9,saliency,0.2738963953472373
pubmed,GeneralSheaf,true,3,4,epoch-1,4,9,saliency,0.2711525289324041
pubmed,GeneralSheaf,true,3,4,epoch-1,0,9,cohens_d_train,0.2256065
pubmed,GeneralSheaf,true,3,4,epoch-1,1,9,cohens_d_train,0.21817283
pubmed,GeneralSheaf,true,3,4,epoch-1,2,9,cohens_d_train,0.21111463
pubmed,GeneralSheaf,true,3,4,epoch-1,3,9,cohens_d_train,0.20385334
pubmed,GeneralSheaf,true,3,4,epoch-1,4,9,cohens_d_train,0.19666357
pubmed,GeneralSheaf,true,3,4,epoch-1,0,9,cohens_d_test,0.22677062
pubmed,GeneralSheaf,true,3,4,epoch-1,1,9,cohens_d_test,0.21876237
pubmed,GeneralSheaf,true,3,4,epoch-1,2,9,cohens_d_test,0.21108377
pubmed,GeneralSheaf,true,3,4,epoch-1,3,9,cohens_d_test,0.2031745
pubmed,GeneralSheaf,true,3,4,epoch-1,4,9,cohens_d_test,0.19517954
pubmed,GeneralSheaf,true,3,4,epoch-5,0,0,degree,0.04305702162028543
pubmed,GeneralSheaf,true,3,4,epoch-5,1,0,degree,0.04311971247756488
pubmed,GeneralSheaf,true,3,4,epoch-5,2,0,degree,0.04316410376347464
pubmed,GeneralSheaf,true,3,4,epoch-5,3,0,degree,0.04335232299763193
pubmed,GeneralSheaf,true,3,4,epoch-5,4,0,degree,0.04351857211585438
pubmed,GeneralSheaf,true,3,4,epoch-5,0,0,betweenness,0.014176214095230885
pubmed,GeneralSheaf,true,3,4,epoch-5,1,0,betweenness,0.01425019382612173
pubmed,GeneralSheaf,true,3,4,epoch-5,2,0,betweenness,0.014276451024588119
pubmed,GeneralSheaf,true,3,4,epoch-5,3,0,betweenness,0.014466285138021104
pubmed,GeneralSheaf,true,3,4,epoch-5,4,0,betweenness,0.01462188366390311
pubmed,GeneralSheaf,true,3,4,epoch-5,0,0,confidence,0.7301655347194699
pubmed,GeneralSheaf,true,3,4,epoch-5,1,0,confidence,0.730051142070656
pubmed,GeneralSheaf,true,3,4,epoch-5,2,0,confidence,0.7300634103815862
pubmed,GeneralSheaf,true,3,4,epoch-5,3,0,confidence,0.7299754369536382
pubmed,GeneralSheaf,true,3,4,epoch-5,4,0,confidence,0.7300014023870827
pubmed,GeneralSheaf,true,3,4,epoch-5,0,0,saliency,-0.6330909248476246
pubmed,GeneralSheaf,true,3,4,epoch-5,1,0,saliency,-0.6330654134413739
pubmed,GeneralSheaf,true,3,4,epoch-5,2,0,saliency,-0.632932013629175
pubmed,GeneralSheaf,true,3,4,epoch-5,3,0,saliency,-0.6328589566510545
pubmed,GeneralSheaf,true,3,4,epoch-5,4,0,saliency,-0.6328254846055665
pubmed,GeneralSheaf,true,3,4,epoch-5,0,0,cohens_d_train,1.2625037
pubmed,GeneralSheaf,true,3,4,epoch-5,1,0,cohens_d_train,1.2625475
pubmed,GeneralSheaf,true,3,4,epoch-5,2,0,cohens_d_train,1.2624061
pubmed,GeneralSheaf,true,3,4,epoch-5,3,0,cohens_d_train,1.2622815
pubmed,GeneralSheaf,true,3,4,epoch-5,4,0,cohens_d_train,1.2623565
pubmed,GeneralSheaf,true,3,4,epoch-5,0,0,cohens_d_test,1.279485
pubmed,GeneralSheaf,true,3,4,epoch-5,1,0,cohens_d_test,1.2794348
pubmed,GeneralSheaf,true,3,4,epoch-5,2,0,cohens_d_test,1.2794784
pubmed,GeneralSheaf,true,3,4,epoch-5,3,0,cohens_d_test,1.2794012
pubmed,GeneralSheaf,true,3,4,epoch-5,4,0,cohens_d_test,1.2795378
pubmed,GeneralSheaf,true,3,4,epoch-5,0,1,degree,0.021136552442018338
pubmed,GeneralSheaf,true,3,4,epoch-5,1,1,degree,0.02126838622945005
pubmed,GeneralSheaf,true,3,4,epoch-5,2,1,degree,0.021538721149578444
pubmed,GeneralSheaf,true,3,4,epoch-5,3,1,degree,0.022095061037742836
pubmed,GeneralSheaf,true,3,4,epoch-5,4,1,degree,0.02296930431666259
pubmed,GeneralSheaf,true,3,4,epoch-5,0,1,betweenness,0.0015322605057807
pubmed,GeneralSheaf,true,3,4,epoch-5,1,1,betweenness,0.0016613849255632334
pubmed,GeneralSheaf,true,3,4,epoch-5,2,1,betweenness,0.0018805052360030175
pubmed,GeneralSheaf,true,3,4,epoch-5,3,1,betweenness,0.002407259844977203
pubmed,GeneralSheaf,true,3,4,epoch-5,4,1,betweenness,0.0032983157059600404
pubmed,GeneralSheaf,true,3,4,epoch-5,0,1,confidence,0.6378315550193043
pubmed,GeneralSheaf,true,3,4,epoch-5,1,1,confidence,0.637787624091632
pubmed,GeneralSheaf,true,3,4,epoch-5,2,1,confidence,0.6380956110846911
pubmed,GeneralSheaf,true,3,4,epoch-5,3,1,confidence,0.6382980618908322
pubmed,GeneralSheaf,true,3,4,epoch-5,4,1,confidence,0.638123721663991
pubmed,GeneralSheaf,true,3,4,epoch-5,0,1,saliency,-0.6166135296212499
pubmed,GeneralSheaf,true,3,4,epoch-5,1,1,saliency,-0.6165185657818106
pubmed,GeneralSheaf,true,3,4,epoch-5,2,1,saliency,-0.6163077262076228
pubmed,GeneralSheaf,true,3,4,epoch-5,3,1,saliency,-0.616299204344665
pubmed,GeneralSheaf,true,3,4,epoch-5,4,1,saliency,-0.6164686262508516
pubmed,GeneralSheaf,true,3,4,epoch-5,0,1,cohens_d_train,0.95923555
pubmed,GeneralSheaf,true,3,4,epoch-5,1,1,cohens_d_train,0.95885056
pubmed,GeneralSheaf,true,3,4,epoch-5,2,1,cohens_d_train,0.9582582
pubmed,GeneralSheaf,true,3,4,epoch-5,3,1,cohens_d_train,0.9585614
pubmed,GeneralSheaf,true,3,4,epoch-5,4,1,cohens_d_train,0.9590349
pubmed,GeneralSheaf,true,3,4,epoch-5,0,1,cohens_d_test,0.98859304
pubmed,GeneralSheaf,true,3,4,epoch-5,1,1,cohens_d_test,0.98814744
pubmed,GeneralSheaf,true,3,4,epoch-5,2,1,cohens_d_test,0.98737913
pubmed,GeneralSheaf,true,3,4,epoch-5,3,1,cohens_d_test,0.987748
pubmed,GeneralSheaf,true,3,4,epoch-5,4,1,cohens_d_test,0.9884932
pubmed,GeneralSheaf,true,3,4,epoch-5,0,2,degree,0.07600949418102254
pubmed,GeneralSheaf,true,3,4,epoch-5,1,2,degree,0.07588515319702467
pubmed,GeneralSheaf,true,3,4,epoch-5,2,2,degree,0.07588069172033438
pubmed,GeneralSheaf,true,3,4,epoch-5,3,2,degree,0.07601658791442718
pubmed,GeneralSheaf,true,3,4,epoch-5,4,2,degree,0.07595361473974271
pubmed,GeneralSheaf,true,3,4,epoch-5,0,2,betweenness,0.03281016663652175
pubmed,GeneralSheaf,true,3,4,epoch-5,1,2,betweenness,0.03270602650196461
pubmed,GeneralSheaf,true,3,4,epoch-5,2,2,betweenness,0.03270176547353458
pubmed,GeneralSheaf,true,3,4,epoch-5,3,2,betweenness,0.0328532937492246
pubmed,GeneralSheaf,true,3,4,epoch-5,4,2,betweenness,0.03279883102397412
pubmed,GeneralSheaf,true,3,4,epoch-5,0,2,confidence,0.7436666452332522
pubmed,GeneralSheaf,true,3,4,epoch-5,1,2,confidence,0.7435689848129349
pubmed,GeneralSheaf,true,3,4,epoch-5,2,2,confidence,0.743522196017154
pubmed,GeneralSheaf,true,3,4,epoch-5,3,2,confidence,0.743481724280674
pubmed,GeneralSheaf,true,3,4,epoch-5,4,2,confidence,0.7434647258586347
pubmed,GeneralSheaf,true,3,4,epoch-5,0,2,saliency,-0.38491625238178984
pubmed,GeneralSheaf,true,3,4,epoch-5,1,2,saliency,-0.3849303683275719
pubmed,GeneralSheaf,true,3,4,epoch-5,2,2,saliency,-0.38495151698756663
pubmed,GeneralSheaf,true,3,4,epoch-5,3,2,saliency,-0.3849495274284154
pubmed,GeneralSheaf,true,3,4,epoch-5,4,2,saliency,-0.38495075841684445
pubmed,GeneralSheaf,true,3,4,epoch-5,0,2,cohens_d_train,0.90455455
pubmed,GeneralSheaf,true,3,4,epoch-5,1,2,cohens_d_train,0.9043361
pubmed,GeneralSheaf,true,3,4,epoch-5,2,2,cohens_d_train,0.90441424
pubmed,GeneralSheaf,true,3,4,epoch-5,3,2,cohens_d_train,0.90419924
pubmed,GeneralSheaf,true,3,4,epoch-5,4,2,cohens_d_train,0.90411544
pubmed,GeneralSheaf,true,3,4,epoch-5,0,2,cohens_d_test,0.8805102
pubmed,GeneralSheaf,true,3,4,epoch-5,1,2,cohens_d_test,0.88034594
pubmed,GeneralSheaf,true,3,4,epoch-5,2,2,cohens_d_test,0.8804361
pubmed,GeneralSheaf,true,3,4,epoch-5,3,2,cohens_d_test,0.8801937
pubmed,GeneralSheaf,true,3,4,epoch-5,4,2,cohens_d_test,0.8801124
pubmed,GeneralSheaf,true,3,4,epoch-5,0,3,degree,0.017908329949195386
pubmed,GeneralSheaf,true,3,4,epoch-5,1,3,degree,0.01807293642519379
pubmed,GeneralSheaf,true,3,4,epoch-5,2,3,degree,0.01815832223053588
pubmed,GeneralSheaf,true,3,4,epoch-5,3,3,degree,0.0178863382395648
pubmed,GeneralSheaf,true,3,4,epoch-5,4,3,degree,0.017870718334267892
pubmed,GeneralSheaf,true,3,4,epoch-5,0,3,betweenness,0.0036520562134308783
pubmed,GeneralSheaf,true,3,4,epoch-5,1,3,betweenness,0.003827954556263566
pubmed,GeneralSheaf,true,3,4,epoch-5,2,3,betweenness,0.003920272556784215
pubmed,GeneralSheaf,true,3,4,epoch-5,3,3,betweenness,0.0036695740100397417
pubmed,GeneralSheaf,true,3,4,epoch-5,4,3,betweenness,0.003654742540640973
pubmed,GeneralSheaf,true,3,4,epoch-5,0,3,confidence,0.7868212761729498
pubmed,GeneralSheaf,true,3,4,epoch-5,1,3,confidence,0.78686096833917
pubmed,GeneralSheaf,true,3,4,epoch-5,2,3,confidence,0.7869129998597573
pubmed,GeneralSheaf,true,3,4,epoch-5,3,3,confidence,0.7872238748843793
pubmed,GeneralSheaf,true,3,4,epoch-5,4,3,confidence,0.7871548953783206
pubmed,GeneralSheaf,true,3,4,epoch-5,0,3,saliency,-0.43081242611642057
pubmed,GeneralSheaf,true,3,4,epoch-5,1,3,saliency,-0.43072024116531926
pubmed,GeneralSheaf,true,3,4,epoch-5,2,3,saliency,-0.4307364345070531
pubmed,GeneralSheaf,true,3,4,epoch-5,3,3,saliency,-0.4305527659225645
pubmed,GeneralSheaf,true,3,4,epoch-5,4,3,saliency,-0.43057724257591495
pubmed,GeneralSheaf,true,3,4,epoch-5,0,3,cohens_d_train,0.64952993
pubmed,GeneralSheaf,true,3,4,epoch-5,1,3,cohens_d_train,0.6491028
pubmed,GeneralSheaf,true,3,4,epoch-5,2,3,cohens_d_train,0.64952767
pubmed,GeneralSheaf,true,3,4,epoch-5,3,3,cohens_d_train,0.6490037
pubmed,GeneralSheaf,true,3,4,epoch-5,4,3,cohens_d_train,0.649243
pubmed,GeneralSheaf,true,3,4,epoch-5,0,3,cohens_d_test,0.6763995
pubmed,GeneralSheaf,true,3,4,epoch-5,1,3,cohens_d_test,0.67595214
pubmed,GeneralSheaf,true,3,4,epoch-5,2,3,cohens_d_test,0.6763499
pubmed,GeneralSheaf,true,3,4,epoch-5,3,3,cohens_d_test,0.6757561
pubmed,GeneralSheaf,true,3,4,epoch-5,4,3,cohens_d_test,0.6760208
pubmed,GeneralSheaf,true,3,4,epoch-5,0,4,degree,0.02339050481941155
pubmed,GeneralSheaf,true,3,4,epoch-5,1,4,degree,0.023834436259814906
pubmed,GeneralSheaf,true,3,4,epoch-5,2,4,degree,0.025053173426458915
pubmed,GeneralSheaf,true,3,4,epoch-5,3,4,degree,0.02540856568034537
pubmed,GeneralSheaf,true,3,4,epoch-5,4,4,degree,0.025648033657125854
pubmed,GeneralSheaf,true,3,4,epoch-5,0,4,betweenness,0.0036180706015986885
pubmed,GeneralSheaf,true,3,4,epoch-5,1,4,betweenness,0.004066849887613131
pubmed,GeneralSheaf,true,3,4,epoch-5,2,4,betweenness,0.005255819387837349
pubmed,GeneralSheaf,true,3,4,epoch-5,3,4,betweenness,0.005606696562924797
pubmed,GeneralSheaf,true,3,4,epoch-5,4,4,betweenness,0.005844661380376799
pubmed,GeneralSheaf,true,3,4,epoch-5,0,4,confidence,0.5785740323657748
pubmed,GeneralSheaf,true,3,4,epoch-5,1,4,confidence,0.578785473501823
pubmed,GeneralSheaf,true,3,4,epoch-5,2,4,confidence,0.5792416633090554
pubmed,GeneralSheaf,true,3,4,epoch-5,3,4,confidence,0.579207568595721
pubmed,GeneralSheaf,true,3,4,epoch-5,4,4,confidence,0.5793173226418455
pubmed,GeneralSheaf,true,3,4,epoch-5,0,4,saliency,-0.714143680282305
pubmed,GeneralSheaf,true,3,4,epoch-5,1,4,saliency,-0.7140440489374514
pubmed,GeneralSheaf,true,3,4,epoch-5,2,4,saliency,-0.7138178561501454
pubmed,GeneralSheaf,true,3,4,epoch-5,3,4,saliency,-0.7137955799497528
pubmed,GeneralSheaf,true,3,4,epoch-5,4,4,saliency,-0.7137296593835796
pubmed,GeneralSheaf,true,3,4,epoch-5,0,4,cohens_d_train,0.70302564
pubmed,GeneralSheaf,true,3,4,epoch-5,1,4,cohens_d_train,0.7030049
pubmed,GeneralSheaf,true,3,4,epoch-5,2,4,cohens_d_train,0.7029348
pubmed,GeneralSheaf,true,3,4,epoch-5,3,4,cohens_d_train,0.7031543
pubmed,GeneralSheaf,true,3,4,epoch-5,4,4,cohens_d_train,0.7031707
pubmed,GeneralSheaf,true,3,4,epoch-5,0,4,cohens_d_test,0.66108286
pubmed,GeneralSheaf,true,3,4,epoch-5,1,4,cohens_d_test,0.6609874
pubmed,GeneralSheaf,true,3,4,epoch-5,2,4,cohens_d_test,0.6608852
pubmed,GeneralSheaf,true,3,4,epoch-5,3,4,cohens_d_test,0.6611504
pubmed,GeneralSheaf,true,3,4,epoch-5,4,4,cohens_d_test,0.6611741
pubmed,GeneralSheaf,true,3,4,epoch-5,0,5,degree,0.03331565502997703
pubmed,GeneralSheaf,true,3,4,epoch-5,1,5,degree,0.03282410871960806
pubmed,GeneralSheaf,true,3,4,epoch-5,2,5,degree,0.03245319218806468
pubmed,GeneralSheaf,true,3,4,epoch-5,3,5,degree,0.03206769686087941
pubmed,GeneralSheaf,true,3,4,epoch-5,4,5,degree,0.03172047402609573
pubmed,GeneralSheaf,true,3,4,epoch-5,0,5,betweenness,0.008379364158515104
pubmed,GeneralSheaf,true,3,4,epoch-5,1,5,betweenness,0.008156622924152255
pubmed,GeneralSheaf,true,3,4,epoch-5,2,5,betweenness,0.008050010395630027
pubmed,GeneralSheaf,true,3,4,epoch-5,3,5,betweenness,0.007943369122448581
pubmed,GeneralSheaf,true,3,4,epoch-5,4,5,betweenness,0.007880789274515528
pubmed,GeneralSheaf,true,3,4,epoch-5,0,5,confidence,0.6021050725751964
pubmed,GeneralSheaf,true,3,4,epoch-5,1,5,confidence,0.6003576589770621
pubmed,GeneralSheaf,true,3,4,epoch-5,2,5,confidence,0.5986368989457456
pubmed,GeneralSheaf,true,3,4,epoch-5,3,5,confidence,0.5967890742924643
pubmed,GeneralSheaf,true,3,4,epoch-5,4,5,confidence,0.5949156269243877
pubmed,GeneralSheaf,true,3,4,epoch-5,0,5,saliency,-0.6081103639634701
pubmed,GeneralSheaf,true,3,4,epoch-5,1,5,saliency,-0.608515742810166
pubmed,GeneralSheaf,true,3,4,epoch-5,2,5,saliency,-0.6089489695862245
pubmed,GeneralSheaf,true,3,4,epoch-5,3,5,saliency,-0.6093250547210941
pubmed,GeneralSheaf,true,3,4,epoch-5,4,5,saliency,-0.6097029450041108
pubmed,GeneralSheaf,true,3,4,epoch-5,0,5,cohens_d_train,1.264897
pubmed,GeneralSheaf,true,3,4,epoch-5,1,5,cohens_d_train,1.2639244
pubmed,GeneralSheaf,true,3,4,epoch-5,2,5,cohens_d_train,1.2630935
pubmed,GeneralSheaf,true,3,4,epoch-5,3,5,cohens_d_train,1.2621504
pubmed,GeneralSheaf,true,3,4,epoch-5,4,5,cohens_d_train,1.2609676
pubmed,GeneralSheaf,true,3,4,epoch-5,0,5,cohens_d_test,1.2348723
pubmed,GeneralSheaf,true,3,4,epoch-5,1,5,cohens_d_test,1.2340238
pubmed,GeneralSheaf,true,3,4,epoch-5,2,5,cohens_d_test,1.2333634
pubmed,GeneralSheaf,true,3,4,epoch-5,3,5,cohens_d_test,1.2325976
pubmed,GeneralSheaf,true,3,4,epoch-5,4,5,cohens_d_test,1.2315693
pubmed,GeneralSheaf,true,3,4,epoch-5,0,6,degree,0.03371222538511001
pubmed,GeneralSheaf,true,3,4,epoch-5,1,6,degree,0.033779039695734515
pubmed,GeneralSheaf,true,3,4,epoch-5,2,6,degree,0.034167186030117265
pubmed,GeneralSheaf,true,3,4,epoch-5,3,6,degree,0.03454639469275533
pubmed,GeneralSheaf,true,3,4,epoch-5,4,6,degree,0.03484439358591963
pubmed,GeneralSheaf,true,3,4,epoch-5,0,6,betweenness,0.010724482294674355
pubmed,GeneralSheaf,true,3,4,epoch-5,1,6,betweenness,0.010748283281361152
pubmed,GeneralSheaf,true,3,4,epoch-5,2,6,betweenness,0.011002485104942148
pubmed,GeneralSheaf,true,3,4,epoch-5,3,6,betweenness,0.011331650299795817
pubmed,GeneralSheaf,true,3,4,epoch-5,4,6,betweenness,0.01156804571987853
pubmed,GeneralSheaf,true,3,4,epoch-5,0,6,confidence,0.6178694154432737
pubmed,GeneralSheaf,true,3,4,epoch-5,1,6,confidence,0.6180725068741786
pubmed,GeneralSheaf,true,3,4,epoch-5,2,6,confidence,0.619395459199817
pubmed,GeneralSheaf,true,3,4,epoch-5,3,6,confidence,0.6196825212763025
pubmed,GeneralSheaf,true,3,4,epoch-5,4,6,confidence,0.6200945043298013
pubmed,GeneralSheaf,true,3,4,epoch-5,0,6,saliency,-0.759687497272968
pubmed,GeneralSheaf,true,3,4,epoch-5,1,6,saliency,-0.7595235362657112
pubmed,GeneralSheaf,true,3,4,epoch-5,2,6,saliency,-0.7591439059210076
pubmed,GeneralSheaf,true,3,4,epoch-5,3,6,saliency,-0.7591424012232917
pubmed,GeneralSheaf,true,3,4,epoch-5,4,6,saliency,-0.759075265256228
pubmed,GeneralSheaf,true,3,4,epoch-5,0,6,cohens_d_train,1.0595045
pubmed,GeneralSheaf,true,3,4,epoch-5,1,6,cohens_d_train,1.0591167
pubmed,GeneralSheaf,true,3,4,epoch-5,2,6,cohens_d_train,1.0580409
pubmed,GeneralSheaf,true,3,4,epoch-5,3,6,cohens_d_train,1.0586056
pubmed,GeneralSheaf,true,3,4,epoch-5,4,6,cohens_d_train,1.0583277
pubmed,GeneralSheaf,true,3,4,epoch-5,0,6,cohens_d_test,1.0268434
pubmed,GeneralSheaf,true,3,4,epoch-5,1,6,cohens_d_test,1.0264903
pubmed,GeneralSheaf,true,3,4,epoch-5,2,6,cohens_d_test,1.0249512
pubmed,GeneralSheaf,true,3,4,epoch-5,3,6,cohens_d_test,1.0251206
pubmed,GeneralSheaf,true,3,4,epoch-5,4,6,cohens_d_test,1.0248941
pubmed,GeneralSheaf,true,3,4,epoch-5,0,7,degree,-0.016690470052213833
pubmed,GeneralSheaf,true,3,4,epoch-5,1,7,degree,-0.01765533045168988
pubmed,GeneralSheaf,true,3,4,epoch-5,2,7,degree,-0.017345914764520957
pubmed,GeneralSheaf,true,3,4,epoch-5,3,7,degree,-0.016928504445246326
pubmed,GeneralSheaf,true,3,4,epoch-5,4,7,degree,-0.016598056703679677
pubmed,GeneralSheaf,true,3,4,epoch-5,0,7,betweenness,-0.013603381719932098
pubmed,GeneralSheaf,true,3,4,epoch-5,1,7,betweenness,-0.01470072104648025
pubmed,GeneralSheaf,true,3,4,epoch-5,2,7,betweenness,-0.014507333015937525
pubmed,GeneralSheaf,true,3,4,epoch-5,3,7,betweenness,-0.014195399638136241
pubmed,GeneralSheaf,true,3,4,epoch-5,4,7,betweenness,-0.013958588742989414
pubmed,GeneralSheaf,true,3,4,epoch-5,0,7,confidence,0.637437288307349
pubmed,GeneralSheaf,true,3,4,epoch-5,1,7,confidence,0.6372866189809345
pubmed,GeneralSheaf,true,3,4,epoch-5,2,7,confidence,0.637551561346046
pubmed,GeneralSheaf,true,3,4,epoch-5,3,7,confidence,0.6375434449590555
pubmed,GeneralSheaf,true,3,4,epoch-5,4,7,confidence,0.6376967535856439
pubmed,GeneralSheaf,true,3,4,epoch-5,0,7,saliency,-0.26817945753343914
pubmed,GeneralSheaf,true,3,4,epoch-5,1,7,saliency,-0.2691305903786376
pubmed,GeneralSheaf,true,3,4,epoch-5,2,7,saliency,-0.27013908603752235
pubmed,GeneralSheaf,true,3,4,epoch-5,3,7,saliency,-0.2710652547261762
pubmed,GeneralSheaf,true,3,4,epoch-5,4,7,saliency,-0.2720258288309503
pubmed,GeneralSheaf,true,3,4,epoch-5,0,7,cohens_d_train,0.83683205
pubmed,GeneralSheaf,true,3,4,epoch-5,1,7,cohens_d_train,0.8357281
pubmed,GeneralSheaf,true,3,4,epoch-5,2,7,cohens_d_train,0.83686584
pubmed,GeneralSheaf,true,3,4,epoch-5,3,7,cohens_d_train,0.83714926
pubmed,GeneralSheaf,true,3,4,epoch-5,4,7,cohens_d_train,0.83863556
pubmed,GeneralSheaf,true,3,4,epoch-5,0,7,cohens_d_test,0.8936868
pubmed,GeneralSheaf,true,3,4,epoch-5,1,7,cohens_d_test,0.8923358
pubmed,GeneralSheaf,true,3,4,epoch-5,2,7,cohens_d_test,0.8935041
pubmed,GeneralSheaf,true,3,4,epoch-5,3,7,cohens_d_test,0.8938247
pubmed,GeneralSheaf,true,3,4,epoch-5,4,7,cohens_d_test,0.8955271
pubmed,GeneralSheaf,true,3,4,epoch-5,0,8,degree,0.027430816839060727
pubmed,GeneralSheaf,true,3,4,epoch-5,1,8,degree,0.027478137914074822
pubmed,GeneralSheaf,true,3,4,epoch-5,2,8,degree,0.027608360449799158
pubmed,GeneralSheaf,true,3,4,epoch-5,3,8,degree,0.027509621261876945
pubmed,GeneralSheaf,true,3,4,epoch-5,4,8,degree,0.027536973987369116
pubmed,GeneralSheaf,true,3,4,epoch-5,0,8,betweenness,0.00690932770064214
pubmed,GeneralSheaf,true,3,4,epoch-5,1,8,betweenness,0.006985117210248675
pubmed,GeneralSheaf,true,3,4,epoch-5,2,8,betweenness,0.007147818149617568
pubmed,GeneralSheaf,true,3,4,epoch-5,3,8,betweenness,0.0070813081728132755
pubmed,GeneralSheaf,true,3,4,epoch-5,4,8,betweenness,0.007140250790735436
pubmed,GeneralSheaf,true,3,4,epoch-5,0,8,confidence,0.6246150634601931
pubmed,GeneralSheaf,true,3,4,epoch-5,1,8,confidence,0.6241609853744138
pubmed,GeneralSheaf,true,3,4,epoch-5,2,8,confidence,0.6237652242360451
pubmed,GeneralSheaf,true,3,4,epoch-5,3,8,confidence,0.623288742419063
pubmed,GeneralSheaf,true,3,4,epoch-5,4,8,confidence,0.622863727967125
pubmed,GeneralSheaf,true,3,4,epoch-5,0,8,saliency,-0.6452964529098125
pubmed,GeneralSheaf,true,3,4,epoch-5,1,8,saliency,-0.6454560411704774
pubmed,GeneralSheaf,true,3,4,epoch-5,2,8,saliency,-0.6455422666467258
pubmed,GeneralSheaf,true,3,4,epoch-5,3,8,saliency,-0.6456814816644552
pubmed,GeneralSheaf,true,3,4,epoch-5,4,8,saliency,-0.6457324402083878
pubmed,GeneralSheaf,true,3,4,epoch-5,0,8,cohens_d_train,0.96122015
pubmed,GeneralSheaf,true,3,4,epoch-5,1,8,cohens_d_train,0.9610243
pubmed,GeneralSheaf,true,3,4,epoch-5,2,8,cohens_d_train,0.9605966
pubmed,GeneralSheaf,true,3,4,epoch-5,3,8,cohens_d_train,0.960373
pubmed,GeneralSheaf,true,3,4,epoch-5,4,8,cohens_d_train,0.959907
pubmed,GeneralSheaf,true,3,4,epoch-5,0,8,cohens_d_test,0.93599033
pubmed,GeneralSheaf,true,3,4,epoch-5,1,8,cohens_d_test,0.93580085
pubmed,GeneralSheaf,true,3,4,epoch-5,2,8,cohens_d_test,0.93533397
pubmed,GeneralSheaf,true,3,4,epoch-5,3,8,cohens_d_test,0.9351255
pubmed,GeneralSheaf,true,3,4,epoch-5,4,8,cohens_d_test,0.9346525
pubmed,GeneralSheaf,true,3,4,epoch-5,0,9,degree,-0.022156927261289167
pubmed,GeneralSheaf,true,3,4,epoch-5,1,9,degree,-0.021912542553721503
pubmed,GeneralSheaf,true,3,4,epoch-5,2,9,degree,-0.021737546271676362
pubmed,GeneralSheaf,true,3,4,epoch-5,3,9,degree,-0.0213721360947789
pubmed,GeneralSheaf,true,3,4,epoch-5,4,9,degree,-0.021018375734852858
pubmed,GeneralSheaf,true,3,4,epoch-5,0,9,betweenness,-0.015812661328664046
pubmed,GeneralSheaf,true,3,4,epoch-5,1,9,betweenness,-0.015687492789602586
pubmed,GeneralSheaf,true,3,4,epoch-5,2,9,betweenness,-0.015623319074138456
pubmed,GeneralSheaf,true,3,4,epoch-5,3,9,betweenness,-0.015376417643588996
pubmed,GeneralSheaf,true,3,4,epoch-5,4,9,betweenness,-0.015133308341389526
pubmed,GeneralSheaf,true,3,4,epoch-5,0,9,confidence,0.34452518004567356
pubmed,GeneralSheaf,true,3,4,epoch-5,1,9,confidence,0.3455840180816131
pubmed,GeneralSheaf,true,3,4,epoch-5,2,9,confidence,0.3466440142288072
pubmed,GeneralSheaf,true,3,4,epoch-5,3,9,confidence,0.3477891106498219
pubmed,GeneralSheaf,true,3,4,epoch-5,4,9,confidence,0.3487929860765525
pubmed,GeneralSheaf,true,3,4,epoch-5,0,9,saliency,-0.2558650897387858
pubmed,GeneralSheaf,true,3,4,epoch-5,1,9,saliency,-0.25690705001690006
pubmed,GeneralSheaf,true,3,4,epoch-5,2,9,saliency,-0.2579224265868358
pubmed,GeneralSheaf,true,3,4,epoch-5,3,9,saliency,-0.25899421708111603
pubmed,GeneralSheaf,true,3,4,epoch-5,4,9,saliency,-0.2599984344838968
pubmed,GeneralSheaf,true,3,4,epoch-5,0,9,cohens_d_train,1.0424948
pubmed,GeneralSheaf,true,3,4,epoch-5,1,9,cohens_d_train,1.0437536
pubmed,GeneralSheaf,true,3,4,epoch-5,2,9,cohens_d_train,1.0451865
pubmed,GeneralSheaf,true,3,4,epoch-5,3,9,cohens_d_train,1.0467539
pubmed,GeneralSheaf,true,3,4,epoch-5,4,9,cohens_d_train,1.048119
pubmed,GeneralSheaf,true,3,4,epoch-5,0,9,cohens_d_test,1.0273165
pubmed,GeneralSheaf,true,3,4,epoch-5,1,9,cohens_d_test,1.0286225
pubmed,GeneralSheaf,true,3,4,epoch-5,2,9,cohens_d_test,1.0302242
pubmed,GeneralSheaf,true,3,4,epoch-5,3,9,cohens_d_test,1.0319414
pubmed,GeneralSheaf,true,3,4,epoch-5,4,9,cohens_d_test,1.033518
pubmed,GeneralSheaf,true,3,4,epoch-15,0,0,degree,0.11888047153968327
pubmed,GeneralSheaf,true,3,4,epoch-15,1,0,degree,0.11901964719467337
pubmed,GeneralSheaf,true,3,4,epoch-15,2,0,degree,0.12170192808179654
pubmed,GeneralSheaf,true,3,4,epoch-15,3,0,degree,0.1459500007129087
pubmed,GeneralSheaf,true,3,4,epoch-15,4,0,degree,0.20162798727604198
pubmed,GeneralSheaf,true,3,4,epoch-15,0,0,betweenness,0.06339258635117494
pubmed,GeneralSheaf,true,3,4,epoch-15,1,0,betweenness,0.0634996420827083
pubmed,GeneralSheaf,true,3,4,epoch-15,2,0,betweenness,0.06595456564241454
pubmed,GeneralSheaf,true,3,4,epoch-15,3,0,betweenness,0.08921125093893119
pubmed,GeneralSheaf,true,3,4,epoch-15,4,0,betweenness,0.14229066606619878
pubmed,GeneralSheaf,true,3,4,epoch-15,0,0,confidence,0.8231523487346152
pubmed,GeneralSheaf,true,3,4,epoch-15,1,0,confidence,0.8238499136406875
pubmed,GeneralSheaf,true,3,4,epoch-15,2,0,confidence,0.8243247019393382
pubmed,GeneralSheaf,true,3,4,epoch-15,3,0,confidence,0.8258867095320302
pubmed,GeneralSheaf,true,3,4,epoch-15,4,0,confidence,0.8143261552841741
pubmed,GeneralSheaf,true,3,4,epoch-15,0,0,saliency,-0.46946416411311226
pubmed,GeneralSheaf,true,3,4,epoch-15,1,0,saliency,-0.4636867660209665
pubmed,GeneralSheaf,true,3,4,epoch-15,2,0,saliency,-0.44641216313672816
pubmed,GeneralSheaf,true,3,4,epoch-15,3,0,saliency,-0.4284660121564967
pubmed,GeneralSheaf,true,3,4,epoch-15,4,0,saliency,-0.39206162266039923
pubmed,GeneralSheaf,true,3,4,epoch-15,0,0,cohens_d_train,0.52946794
pubmed,GeneralSheaf,true,3,4,epoch-15,1,0,cohens_d_train,0.5286113
pubmed,GeneralSheaf,true,3,4,epoch-15,2,0,cohens_d_train,0.5223739
pubmed,GeneralSheaf,true,3,4,epoch-15,3,0,cohens_d_train,0.5074572
pubmed,GeneralSheaf,true,3,4,epoch-15,4,0,cohens_d_train,0.43528694
pubmed,GeneralSheaf,true,3,4,epoch-15,0,0,cohens_d_test,0.48888314
pubmed,GeneralSheaf,true,3,4,epoch-15,1,0,cohens_d_test,0.48721892
pubmed,GeneralSheaf,true,3,4,epoch-15,2,0,cohens_d_test,0.48401314
pubmed,GeneralSheaf,true,3,4,epoch-15,3,0,cohens_d_test,0.47440398
pubmed,GeneralSheaf,true,3,4,epoch-15,4,0,cohens_d_test,0.4131956
pubmed,GeneralSheaf,true,3,4,epoch-15,0,1,degree,0.08786225406828597
pubmed,GeneralSheaf,true,3,4,epoch-15,1,1,degree,0.10869858266358559
pubmed,GeneralSheaf,true,3,4,epoch-15,2,1,degree,0.15790744343586777
pubmed,GeneralSheaf,true,3,4,epoch-15,3,1,degree,0.17369771883974697
pubmed,GeneralSheaf,true,3,4,epoch-15,4,1,degree,0.18369124436711606
pubmed,GeneralSheaf,true,3,4,epoch-15,0,1,betweenness,0.04279222941418248
pubmed,GeneralSheaf,true,3,4,epoch-15,1,1,betweenness,0.06301500473029562
pubmed,GeneralSheaf,true,3,4,epoch-15,2,1,betweenness,0.10973613151581174
pubmed,GeneralSheaf,true,3,4,epoch-15,3,1,betweenness,0.12528415842270324
pubmed,GeneralSheaf,true,3,4,epoch-15,4,1,betweenness,0.13566487782377598
pubmed,GeneralSheaf,true,3,4,epoch-15,0,1,confidence,0.7780720860318089
pubmed,GeneralSheaf,true,3,4,epoch-15,1,1,confidence,0.7808821478589085
pubmed,GeneralSheaf,true,3,4,epoch-15,2,1,confidence,0.7858051524055957
pubmed,GeneralSheaf,true,3,4,epoch-15,3,1,confidence,0.7903859448619747
pubmed,GeneralSheaf,true,3,4,epoch-15,4,1,confidence,0.7920490574359995
pubmed,GeneralSheaf,true,3,4,epoch-15,0,1,saliency,-0.5988130045116252
pubmed,GeneralSheaf,true,3,4,epoch-15,1,1,saliency,-0.5890455494247154
pubmed,GeneralSheaf,true,3,4,epoch-15,2,1,saliency,-0.5708219345511653
pubmed,GeneralSheaf,true,3,4,epoch-15,3,1,saliency,-0.5708351642985245
pubmed,GeneralSheaf,true,3,4,epoch-15,4,1,saliency,-0.5707784854493348
pubmed,GeneralSheaf,true,3,4,epoch-15,0,1,cohens_d_train,0.4616953
pubmed,GeneralSheaf,true,3,4,epoch-15,1,1,cohens_d_train,0.45881307
pubmed,GeneralSheaf,true,3,4,epoch-15,2,1,cohens_d_train,0.4395428
pubmed,GeneralSheaf,true,3,4,epoch-15,3,1,cohens_d_train,0.42676944
pubmed,GeneralSheaf,true,3,4,epoch-15,4,1,cohens_d_train,0.40455812
pubmed,GeneralSheaf,true,3,4,epoch-15,0,1,cohens_d_test,0.53802454
pubmed,GeneralSheaf,true,3,4,epoch-15,1,1,cohens_d_test,0.5394614
pubmed,GeneralSheaf,true,3,4,epoch-15,2,1,cohens_d_test,0.5336889
pubmed,GeneralSheaf,true,3,4,epoch-15,3,1,cohens_d_test,0.5342741
pubmed,GeneralSheaf,true,3,4,epoch-15,4,1,cohens_d_test,0.53067136
pubmed,GeneralSheaf,true,3,4,epoch-15,0,2,degree,0.1321664466675786
pubmed,GeneralSheaf,true,3,4,epoch-15,1,2,degree,0.13342399978092842
pubmed,GeneralSheaf,true,3,4,epoch-15,2,2,degree,0.1377743359179295
pubmed,GeneralSheaf,true,3,4,epoch-15,3,2,degree,0.16565352161607264
pubmed,GeneralSheaf,true,3,4,epoch-15,4,2,degree,0.16967988901028852
pubmed,GeneralSheaf,true,3,4,epoch-15,0,2,betweenness,0.07524538108162444
pubmed,GeneralSheaf,true,3,4,epoch-15,1,2,betweenness,0.07655931062349512
pubmed,GeneralSheaf,true,3,4,epoch-15,2,2,betweenness,0.08073205540827308
pubmed,GeneralSheaf,true,3,4,epoch-15,3,2,betweenness,0.10699651592876053
pubmed,GeneralSheaf,true,3,4,epoch-15,4,2,betweenness,0.11071261220699846
pubmed,GeneralSheaf,true,3,4,epoch-15,0,2,confidence,0.80178250482053
pubmed,GeneralSheaf,true,3,4,epoch-15,1,2,confidence,0.8007838327321996
pubmed,GeneralSheaf,true,3,4,epoch-15,2,2,confidence,0.8022087693161409
pubmed,GeneralSheaf,true,3,4,epoch-15,3,2,confidence,0.8049023925156138
pubmed,GeneralSheaf,true,3,4,epoch-15,4,2,confidence,0.8056861500240092
pubmed,GeneralSheaf,true,3,4,epoch-15,0,2,saliency,-0.5113185018844159
pubmed,GeneralSheaf,true,3,4,epoch-15,1,2,saliency,-0.508287527759291
pubmed,GeneralSheaf,true,3,4,epoch-15,2,2,saliency,-0.5096211115204314
pubmed,GeneralSheaf,true,3,4,epoch-15,3,2,saliency,-0.5085847490131806
pubmed,GeneralSheaf,true,3,4,epoch-15,4,2,saliency,-0.5090901247987785
pubmed,GeneralSheaf,true,3,4,epoch-15,0,2,cohens_d_train,0.5674253
pubmed,GeneralSheaf,true,3,4,epoch-15,1,2,cohens_d_train,0.5650305
pubmed,GeneralSheaf,true,3,4,epoch-15,2,2,cohens_d_train,0.56622356
pubmed,GeneralSheaf,true,3,4,epoch-15,3,2,cohens_d_train,0.56105137
pubmed,GeneralSheaf,true,3,4,epoch-15,4,2,cohens_d_train,0.5618169
pubmed,GeneralSheaf,true,3,4,epoch-15,0,2,cohens_d_test,0.62544656
pubmed,GeneralSheaf,true,3,4,epoch-15,1,2,cohens_d_test,0.6227989
pubmed,GeneralSheaf,true,3,4,epoch-15,2,2,cohens_d_test,0.6225222
pubmed,GeneralSheaf,true,3,4,epoch-15,3,2,cohens_d_test,0.6119395
pubmed,GeneralSheaf,true,3,4,epoch-15,4,2,cohens_d_test,0.6115337
pubmed,GeneralSheaf,true,3,4,epoch-15,0,3,degree,0.1219666203348786
pubmed,GeneralSheaf,true,3,4,epoch-15,1,3,degree,0.12023440899042276
pubmed,GeneralSheaf,true,3,4,epoch-15,2,3,degree,0.12329254412825129
pubmed,GeneralSheaf,true,3,4,epoch-15,3,3,degree,0.12725340896448387
pubmed,GeneralSheaf,true,3,4,epoch-15,4,3,degree,0.12915360189933967
pubmed,GeneralSheaf,true,3,4,epoch-15,0,3,betweenness,0.06457426702029422
pubmed,GeneralSheaf,true,3,4,epoch-15,1,3,betweenness,0.06308113743603375
pubmed,GeneralSheaf,true,3,4,epoch-15,2,3,betweenness,0.06598551105503771
pubmed,GeneralSheaf,true,3,4,epoch-15,3,3,betweenness,0.06985279470572905
pubmed,GeneralSheaf,true,3,4,epoch-15,4,3,betweenness,0.07162717925594422
pubmed,GeneralSheaf,true,3,4,epoch-15,0,3,confidence,0.8288484097888871
pubmed,GeneralSheaf,true,3,4,epoch-15,1,3,confidence,0.8271717048370265
pubmed,GeneralSheaf,true,3,4,epoch-15,2,3,confidence,0.8280044234254668
pubmed,GeneralSheaf,true,3,4,epoch-15,3,3,confidence,0.8280981977130982
pubmed,GeneralSheaf,true,3,4,epoch-15,4,3,confidence,0.827706256842568
pubmed,GeneralSheaf,true,3,4,epoch-15,0,3,saliency,-0.5846043830201479
pubmed,GeneralSheaf,true,3,4,epoch-15,1,3,saliency,-0.5813922970173834
pubmed,GeneralSheaf,true,3,4,epoch-15,2,3,saliency,-0.581947707620937
pubmed,GeneralSheaf,true,3,4,epoch-15,3,3,saliency,-0.581819519613721
pubmed,GeneralSheaf,true,3,4,epoch-15,4,3,saliency,-0.581907880028563
pubmed,GeneralSheaf,true,3,4,epoch-15,0,3,cohens_d_train,0.5661001
pubmed,GeneralSheaf,true,3,4,epoch-15,1,3,cohens_d_train,0.558397
pubmed,GeneralSheaf,true,3,4,epoch-15,2,3,cohens_d_train,0.55990905
pubmed,GeneralSheaf,true,3,4,epoch-15,3,3,cohens_d_train,0.5602388
pubmed,GeneralSheaf,true,3,4,epoch-15,4,3,cohens_d_train,0.5597485
pubmed,GeneralSheaf,true,3,4,epoch-15,0,3,cohens_d_test,0.5496227
pubmed,GeneralSheaf,true,3,4,epoch-15,1,3,cohens_d_test,0.5414629
pubmed,GeneralSheaf,true,3,4,epoch-15,2,3,cohens_d_test,0.5424007
pubmed,GeneralSheaf,true,3,4,epoch-15,3,3,cohens_d_test,0.5426532
pubmed,GeneralSheaf,true,3,4,epoch-15,4,3,cohens_d_test,0.541923
pubmed,GeneralSheaf,true,3,4,epoch-15,0,4,degree,0.050417823000329744
pubmed,GeneralSheaf,true,3,4,epoch-15,1,4,degree,0.041366621057658
pubmed,GeneralSheaf,true,3,4,epoch-15,2,4,degree,0.0917713736760856
pubmed,GeneralSheaf,true,3,4,epoch-15,3,4,degree,0.13906528465667656
pubmed,GeneralSheaf,true,3,4,epoch-15,4,4,degree,0.17506649402920027
pubmed,GeneralSheaf,true,3,4,epoch-15,0,4,betweenness,0.02267557054984938
pubmed,GeneralSheaf,true,3,4,epoch-15,1,4,betweenness,0.013956524991508082
pubmed,GeneralSheaf,true,3,4,epoch-15,2,4,betweenness,0.0613816459340169
pubmed,GeneralSheaf,true,3,4,epoch-15,3,4,betweenness,0.10428070778033714
pubmed,GeneralSheaf,true,3,4,epoch-15,4,4,betweenness,0.13890449887605144
pubmed,GeneralSheaf,true,3,4,epoch-15,0,4,confidence,0.7584626798870119
pubmed,GeneralSheaf,true,3,4,epoch-15,1,4,confidence,0.7546553252354808
pubmed,GeneralSheaf,true,3,4,epoch-15,2,4,confidence,0.7686678272872857
pubmed,GeneralSheaf,true,3,4,epoch-15,3,4,confidence,0.783930333621957
pubmed,GeneralSheaf,true,3,4,epoch-15,4,4,confidence,0.7879511514836118
pubmed,GeneralSheaf,true,3,4,epoch-15,0,4,saliency,-0.45289796088009154
pubmed,GeneralSheaf,true,3,4,epoch-15,1,4,saliency,-0.4417386044489504
pubmed,GeneralSheaf,true,3,4,epoch-15,2,4,saliency,-0.4136703848510959
pubmed,GeneralSheaf,true,3,4,epoch-15,3,4,saliency,-0.38766585661824116
pubmed,GeneralSheaf,true,3,4,epoch-15,4,4,saliency,-0.35449763287472147
pubmed,GeneralSheaf,true,3,4,epoch-15,0,4,cohens_d_train,0.5043653
pubmed,GeneralSheaf,true,3,4,epoch-15,1,4,cohens_d_train,0.49812642
pubmed,GeneralSheaf,true,3,4,epoch-15,2,4,cohens_d_train,0.4979666
pubmed,GeneralSheaf,true,3,4,epoch-15,3,4,cohens_d_train,0.45953393
pubmed,GeneralSheaf,true,3,4,epoch-15,4,4,cohens_d_train,0.42338157
pubmed,GeneralSheaf,true,3,4,epoch-15,0,4,cohens_d_test,0.5555174
pubmed,GeneralSheaf,true,3,4,epoch-15,1,4,cohens_d_test,0.5462461
pubmed,GeneralSheaf,true,3,4,epoch-15,2,4,cohens_d_test,0.54596525
pubmed,GeneralSheaf,true,3,4,epoch-15,3,4,cohens_d_test,0.5226557
pubmed,GeneralSheaf,true,3,4,epoch-15,4,4,cohens_d_test,0.48673683
pubmed,GeneralSheaf,true,3,4,epoch-15,0,5,degree,0.10990927797371064
pubmed,GeneralSheaf,true,3,4,epoch-15,1,5,degree,0.1340740559102715
pubmed,GeneralSheaf,true,3,4,epoch-15,2,5,degree,0.17322413046148138
pubmed,GeneralSheaf,true,3,4,epoch-15,3,5,degree,0.1864285270260196
pubmed,GeneralSheaf,true,3,4,epoch-15,4,5,degree,0.2094618385384523
pubmed,GeneralSheaf,true,3,4,epoch-15,0,5,betweenness,0.05825479315673995
pubmed,GeneralSheaf,true,3,4,epoch-15,1,5,betweenness,0.08088279735780987
pubmed,GeneralSheaf,true,3,4,epoch-15,2,5,betweenness,0.11729570297148416
pubmed,GeneralSheaf,true,3,4,epoch-15,3,5,betweenness,0.12955170226923482
pubmed,GeneralSheaf,true,3,4,epoch-15,4,5,betweenness,0.1513418236864454
pubmed,GeneralSheaf,true,3,4,epoch-15,0,5,confidence,0.823543722134572
pubmed,GeneralSheaf,true,3,4,epoch-15,1,5,confidence,0.829753850532365
pubmed,GeneralSheaf,true,3,4,epoch-15,2,5,confidence,0.8365738248365735
pubmed,GeneralSheaf,true,3,4,epoch-15,3,5,confidence,0.8385748764334062
pubmed,GeneralSheaf,true,3,4,epoch-15,4,5,confidence,0.8437008986631369
pubmed,GeneralSheaf,true,3,4,epoch-15,0,5,saliency,-0.5056818521651859
pubmed,GeneralSheaf,true,3,4,epoch-15,1,5,saliency,-0.4976499688853749
pubmed,GeneralSheaf,true,3,4,epoch-15,2,5,saliency,-0.4912589916971647
pubmed,GeneralSheaf,true,3,4,epoch-15,3,5,saliency,-0.489568890359881
pubmed,GeneralSheaf,true,3,4,epoch-15,4,5,saliency,-0.48980866153466585
pubmed,GeneralSheaf,true,3,4,epoch-15,0,5,cohens_d_train,0.5853054
pubmed,GeneralSheaf,true,3,4,epoch-15,1,5,cohens_d_train,0.58105767
pubmed,GeneralSheaf,true,3,4,epoch-15,2,5,cohens_d_train,0.5664162
pubmed,GeneralSheaf,true,3,4,epoch-15,3,5,cohens_d_train,0.55457807
pubmed,GeneralSheaf,true,3,4,epoch-15,4,5,cohens_d_train,0.5133986
pubmed,GeneralSheaf,true,3,4,epoch-15,0,5,cohens_d_test,0.5376132
pubmed,GeneralSheaf,true,3,4,epoch-15,1,5,cohens_d_test,0.5310022
pubmed,GeneralSheaf,true,3,4,epoch-15,2,5,cohens_d_test,0.51583713
pubmed,GeneralSheaf,true,3,4,epoch-15,3,5,cohens_d_test,0.50034744
pubmed,GeneralSheaf,true,3,4,epoch-15,4,5,cohens_d_test,0.472899
pubmed,GeneralSheaf,true,3,4,epoch-15,0,6,degree,0.0969985588429068
pubmed,GeneralSheaf,true,3,4,epoch-15,1,6,degree,0.08147770096322683
pubmed,GeneralSheaf,true,3,4,epoch-15,2,6,degree,0.08466631384120651
pubmed,GeneralSheaf,true,3,4,epoch-15,3,6,degree,0.147643031153145
pubmed,GeneralSheaf,true,3,4,epoch-15,4,6,degree,0.22118778154723226
pubmed,GeneralSheaf,true,3,4,epoch-15,0,6,betweenness,0.04907055075165721
pubmed,GeneralSheaf,true,3,4,epoch-15,1,6,betweenness,0.03422119776552607
pubmed,GeneralSheaf,true,3,4,epoch-15,2,6,betweenness,0.03598798671825309
pubmed,GeneralSheaf,true,3,4,epoch-15,3,6,betweenness,0.09407451123099782
pubmed,GeneralSheaf,true,3,4,epoch-15,4,6,betweenness,0.16487506088569695
pubmed,GeneralSheaf,true,3,4,epoch-15,0,6,confidence,0.8250240977381152
pubmed,GeneralSheaf,true,3,4,epoch-15,1,6,confidence,0.8220028301397592
pubmed,GeneralSheaf,true,3,4,epoch-15,2,6,confidence,0.8384277345066204
pubmed,GeneralSheaf,true,3,4,epoch-15,3,6,confidence,0.8600237965154087
pubmed,GeneralSheaf,true,3,4,epoch-15,4,6,confidence,0.8555435162507725
pubmed,GeneralSheaf,true,3,4,epoch-15,0,6,saliency,-0.28785573358220135
pubmed,GeneralSheaf,true,3,4,epoch-15,1,6,saliency,-0.26851802875228487
pubmed,GeneralSheaf,true,3,4,epoch-15,2,6,saliency,-0.2246529587789258
pubmed,GeneralSheaf,true,3,4,epoch-15,3,6,saliency,-0.21304188284684328
pubmed,GeneralSheaf,true,3,4,epoch-15,4,6,saliency,-0.16897024736339547
pubmed,GeneralSheaf,true,3,4,epoch-15,0,6,cohens_d_train,0.52755713
pubmed,GeneralSheaf,true,3,4,epoch-15,1,6,cohens_d_train,0.5196071
pubmed,GeneralSheaf,true,3,4,epoch-15,2,6,cohens_d_train,0.5144155
pubmed,GeneralSheaf,true,3,4,epoch-15,3,6,cohens_d_train,0.47928157
pubmed,GeneralSheaf,true,3,4,epoch-15,4,6,cohens_d_train,0.39447713
pubmed,GeneralSheaf,true,3,4,epoch-15,0,6,cohens_d_test,0.4784415
pubmed,GeneralSheaf,true,3,4,epoch-15,1,6,cohens_d_test,0.4670647
pubmed,GeneralSheaf,true,3,4,epoch-15,2,6,cohens_d_test,0.4605905
pubmed,GeneralSheaf,true,3,4,epoch-15,3,6,cohens_d_test,0.43514514
pubmed,GeneralSheaf,true,3,4,epoch-15,4,6,cohens_d_test,0.3564025
pubmed,GeneralSheaf,true,3,4,epoch-15,0,7,degree,0.08666383545383056
pubmed,GeneralSheaf,true,3,4,epoch-15,1,7,degree,0.0310859099241912
pubmed,GeneralSheaf,true,3,4,epoch-15,2,7,degree,0.11482953666209798
pubmed,GeneralSheaf,true,3,4,epoch-15,3,7,degree,0.12129734402266484
pubmed,GeneralSheaf,true,3,4,epoch-15,4,7,degree,0.12393240496500389
pubmed,GeneralSheaf,true,3,4,epoch-15,0,7,betweenness,0.046695844665127544
pubmed,GeneralSheaf,true,3,4,epoch-15,1,7,betweenness,-0.0029540317047236854
pubmed,GeneralSheaf,true,3,4,epoch-15,2,7,betweenness,0.08219026183455563
pubmed,GeneralSheaf,true,3,4,epoch-15,3,7,betweenness,0.09169664458646475
pubmed,GeneralSheaf,true,3,4,epoch-15,4,7,betweenness,0.09455944820231069
pubmed,GeneralSheaf,true,3,4,epoch-15,0,7,confidence,0.8265817297214861
pubmed,GeneralSheaf,true,3,4,epoch-15,1,7,confidence,0.8242373110228989
pubmed,GeneralSheaf,true,3,4,epoch-15,2,7,confidence,0.8304143072825307
pubmed,GeneralSheaf,true,3,4,epoch-15,3,7,confidence,0.8235719060831237
pubmed,GeneralSheaf,true,3,4,epoch-15,4,7,confidence,0.8256052942924023
pubmed,GeneralSheaf,true,3,4,epoch-15,0,7,saliency,-0.1930657205794786
pubmed,GeneralSheaf,true,3,4,epoch-15,1,7,saliency,-0.11151934435870672
pubmed,GeneralSheaf,true,3,4,epoch-15,2,7,saliency,-0.07327837860018757
pubmed,GeneralSheaf,true,3,4,epoch-15,3,7,saliency,-0.03383061296474624
pubmed,GeneralSheaf,true,3,4,epoch-15,4,7,saliency,-0.031291199209023304
pubmed,GeneralSheaf,true,3,4,epoch-15,0,7,cohens_d_train,0.5877335
pubmed,GeneralSheaf,true,3,4,epoch-15,1,7,cohens_d_train,0.53817666
pubmed,GeneralSheaf,true,3,4,epoch-15,2,7,cohens_d_train,0.47030023
pubmed,GeneralSheaf,true,3,4,epoch-15,3,7,cohens_d_train,0.42501158
pubmed,GeneralSheaf,true,3,4,epoch-15,4,7,cohens_d_train,0.43833283
pubmed,GeneralSheaf,true,3,4,epoch-15,0,7,cohens_d_test,0.60045004
pubmed,GeneralSheaf,true,3,4,epoch-15,1,7,cohens_d_test,0.5487255
pubmed,GeneralSheaf,true,3,4,epoch-15,2,7,cohens_d_test,0.47911355
pubmed,GeneralSheaf,true,3,4,epoch-15,3,7,cohens_d_test,0.4315812
pubmed,GeneralSheaf,true,3,4,epoch-15,4,7,cohens_d_test,0.4445078
pubmed,GeneralSheaf,true,3,4,epoch-15,0,8,degree,0.11423628864026686
pubmed,GeneralSheaf,true,3,4,epoch-15,1,8,degree,0.12232824394427197
pubmed,GeneralSheaf,true,3,4,epoch-15,2,8,degree,0.13603395150768177
pubmed,GeneralSheaf,true,3,4,epoch-15,3,8,degree,0.1504576643312303
pubmed,GeneralSheaf,true,3,4,epoch-15,4,8,degree,0.15715926655869733
pubmed,GeneralSheaf,true,3,4,epoch-15,0,8,betweenness,0.06656576160972053
pubmed,GeneralSheaf,true,3,4,epoch-15,1,8,betweenness,0.07444021567310312
pubmed,GeneralSheaf,true,3,4,epoch-15,2,8,betweenness,0.08759559364566182
pubmed,GeneralSheaf,true,3,4,epoch-15,3,8,betweenness,0.10100020513675839
pubmed,GeneralSheaf,true,3,4,epoch-15,4,8,betweenness,0.10735987151886123
pubmed,GeneralSheaf,true,3,4,epoch-15,0,8,confidence,0.8320166781124044
pubmed,GeneralSheaf,true,3,4,epoch-15,1,8,confidence,0.8330970404373857
pubmed,GeneralSheaf,true,3,4,epoch-15,2,8,confidence,0.834320896043936
pubmed,GeneralSheaf,true,3,4,epoch-15,3,8,confidence,0.8372333022523725
pubmed,GeneralSheaf,true,3,4,epoch-15,4,8,confidence,0.8386285446943086
pubmed,GeneralSheaf,true,3,4,epoch-15,0,8,saliency,-0.5068063305963219
pubmed,GeneralSheaf,true,3,4,epoch-15,1,8,saliency,-0.5080697889610519
pubmed,GeneralSheaf,true,3,4,epoch-15,2,8,saliency,-0.50742513275686
pubmed,GeneralSheaf,true,3,4,epoch-15,3,8,saliency,-0.5093520394681612
pubmed,GeneralSheaf,true,3,4,epoch-15,4,8,saliency,-0.5104783155394316
pubmed,GeneralSheaf,true,3,4,epoch-15,0,8,cohens_d_train,0.55596334
pubmed,GeneralSheaf,true,3,4,epoch-15,1,8,cohens_d_train,0.55379707
pubmed,GeneralSheaf,true,3,4,epoch-15,2,8,cohens_d_train,0.55096525
pubmed,GeneralSheaf,true,3,4,epoch-15,3,8,cohens_d_train,0.5484727
pubmed,GeneralSheaf,true,3,4,epoch-15,4,8,cohens_d_train,0.5471045
pubmed,GeneralSheaf,true,3,4,epoch-15,0,8,cohens_d_test,0.514502
pubmed,GeneralSheaf,true,3,4,epoch-15,1,8,cohens_d_test,0.51232433
pubmed,GeneralSheaf,true,3,4,epoch-15,2,8,cohens_d_test,0.51000315
pubmed,GeneralSheaf,true,3,4,epoch-15,3,8,cohens_d_test,0.5092809
pubmed,GeneralSheaf,true,3,4,epoch-15,4,8,cohens_d_test,0.50897044
pubmed,GeneralSheaf,true,3,4,epoch-15,0,9,degree,0.07499410858521942
pubmed,GeneralSheaf,true,3,4,epoch-15,1,9,degree,0.052398183555308245
pubmed,GeneralSheaf,true,3,4,epoch-15,2,9,degree,0.052130715333769256
pubmed,GeneralSheaf,true,3,4,epoch-15,3,9,degree,0.09316977108809933
pubmed,GeneralSheaf,true,3,4,epoch-15,4,9,degree,0.1106347291050838
pubmed,GeneralSheaf,true,3,4,epoch-15,0,9,betweenness,0.03957966792248022
pubmed,GeneralSheaf,true,3,4,epoch-15,1,9,betweenness,0.019141857614018692
pubmed,GeneralSheaf,true,3,4,epoch-15,2,9,betweenness,0.019381229287288783
pubmed,GeneralSheaf,true,3,4,epoch-15,3,9,betweenness,0.06052135696279408
pubmed,GeneralSheaf,true,3,4,epoch-15,4,9,betweenness,0.07941292097823424
pubmed,GeneralSheaf,true,3,4,epoch-15,0,9,confidence,0.7852480982825093
pubmed,GeneralSheaf,true,3,4,epoch-15,1,9,confidence,0.7788568957225616
pubmed,GeneralSheaf,true,3,4,epoch-15,2,9,confidence,0.7839929917213727
pubmed,GeneralSheaf,true,3,4,epoch-15,3,9,confidence,0.7873261464586918
pubmed,GeneralSheaf,true,3,4,epoch-15,4,9,confidence,0.7875264983681985
pubmed,GeneralSheaf,true,3,4,epoch-15,0,9,saliency,-0.2588247350709724
pubmed,GeneralSheaf,true,3,4,epoch-15,1,9,saliency,-0.23399005523030267
pubmed,GeneralSheaf,true,3,4,epoch-15,2,9,saliency,-0.22230186269857824
pubmed,GeneralSheaf,true,3,4,epoch-15,3,9,saliency,-0.19130273899863068
pubmed,GeneralSheaf,true,3,4,epoch-15,4,9,saliency,-0.1544589488717657
pubmed,GeneralSheaf,true,3,4,epoch-15,0,9,cohens_d_train,0.61092615
pubmed,GeneralSheaf,true,3,4,epoch-15,1,9,cohens_d_train,0.5849365
pubmed,GeneralSheaf,true,3,4,epoch-15,2,9,cohens_d_train,0.5810553
pubmed,GeneralSheaf,true,3,4,epoch-15,3,9,cohens_d_train,0.55090535
pubmed,GeneralSheaf,true,3,4,epoch-15,4,9,cohens_d_train,0.50214386
pubmed,GeneralSheaf,true,3,4,epoch-15,0,9,cohens_d_test,0.56274486
pubmed,GeneralSheaf,true,3,4,epoch-15,1,9,cohens_d_test,0.54374576
pubmed,GeneralSheaf,true,3,4,epoch-15,2,9,cohens_d_test,0.54434615
pubmed,GeneralSheaf,true,3,4,epoch-15,3,9,cohens_d_test,0.53590196
pubmed,GeneralSheaf,true,3,4,epoch-15,4,9,cohens_d_test,0.50415456
pubmed,GeneralSheaf,true,3,4,epoch-50,0,0,degree,0.009731128394128824
pubmed,GeneralSheaf,true,3,4,epoch-50,1,0,degree,-0.04212407598685616
pubmed,GeneralSheaf,true,3,4,epoch-50,2,0,degree,0.06507508386639886
pubmed,GeneralSheaf,true,3,4,epoch-50,3,0,degree,0.2943085073978168
pubmed,GeneralSheaf,true,3,4,epoch-50,4,0,degree,0.36848042735361863
pubmed,GeneralSheaf,true,3,4,epoch-50,0,0,betweenness,-0.011736499923199828
pubmed,GeneralSheaf,true,3,4,epoch-50,1,0,betweenness,-0.0626665986200248
pubmed,GeneralSheaf,true,3,4,epoch-50,2,0,betweenness,0.040329127573131236
pubmed,GeneralSheaf,true,3,4,epoch-50,3,0,betweenness,0.25539762517249576
pubmed,GeneralSheaf,true,3,4,epoch-50,4,0,betweenness,0.3197328955270163
pubmed,GeneralSheaf,true,3,4,epoch-50,0,0,confidence,0.5674374106649119
pubmed,GeneralSheaf,true,3,4,epoch-50,1,0,confidence,0.637453007243434
pubmed,GeneralSheaf,true,3,4,epoch-50,2,0,confidence,0.6968273915401889
pubmed,GeneralSheaf,true,3,4,epoch-50,3,0,confidence,0.7443797045981846
pubmed,GeneralSheaf,true,3,4,epoch-50,4,0,confidence,0.7266047928282264
pubmed,GeneralSheaf,true,3,4,epoch-50,0,0,saliency,-0.44394734927987595
pubmed,GeneralSheaf,true,3,4,epoch-50,1,0,saliency,-0.48876551785794375
pubmed,GeneralSheaf,true,3,4,epoch-50,2,0,saliency,-0.4660671179708271
pubmed,GeneralSheaf,true,3,4,epoch-50,3,0,saliency,-0.4398668935525276
pubmed,GeneralSheaf,true,3,4,epoch-50,4,0,saliency,-0.42586543715030384
pubmed,GeneralSheaf,true,3,4,epoch-50,0,0,cohens_d_train,0.562162
pubmed,GeneralSheaf,true,3,4,epoch-50,1,0,cohens_d_train,0.61732703
pubmed,GeneralSheaf,true,3,4,epoch-50,2,0,cohens_d_train,0.5794731
pubmed,GeneralSheaf,true,3,4,epoch-50,3,0,cohens_d_train,0.5471576
pubmed,GeneralSheaf,true,3,4,epoch-50,4,0,cohens_d_train,0.51045084
pubmed,GeneralSheaf,true,3,4,epoch-50,0,0,cohens_d_test,0.54270613
pubmed,GeneralSheaf,true,3,4,epoch-50,1,0,cohens_d_test,0.58593535
pubmed,GeneralSheaf,true,3,4,epoch-50,2,0,cohens_d_test,0.48175392
pubmed,GeneralSheaf,true,3,4,epoch-50,3,0,cohens_d_test,0.40898675
pubmed,GeneralSheaf,true,3,4,epoch-50,4,0,cohens_d_test,0.38275707
pubmed,GeneralSheaf,true,3,4,epoch-50,0,1,degree,0.014563395941150723
pubmed,GeneralSheaf,true,3,4,epoch-50,1,1,degree,0.213115413251889
pubmed,GeneralSheaf,true,3,4,epoch-50,2,1,degree,0.4119977311680437
pubmed,GeneralSheaf,true,3,4,epoch-50,3,1,degree,0.4472421794761118
pubmed,GeneralSheaf,true,3,4,epoch-50,4,1,degree,0.5155987930921262
pubmed,GeneralSheaf,true,3,4,epoch-50,0,1,betweenness,-0.0021515240435974535
pubmed,GeneralSheaf,true,3,4,epoch-50,1,1,betweenness,0.19122048369492045
pubmed,GeneralSheaf,true,3,4,epoch-50,2,1,betweenness,0.37810962244183866
pubmed,GeneralSheaf,true,3,4,epoch-50,3,1,betweenness,0.40995486120362523
pubmed,GeneralSheaf,true,3,4,epoch-50,4,1,betweenness,0.4711109858605767
pubmed,GeneralSheaf,true,3,4,epoch-50,0,1,confidence,0.551981362003101
pubmed,GeneralSheaf,true,3,4,epoch-50,1,1,confidence,0.5603744051489955
pubmed,GeneralSheaf,true,3,4,epoch-50,2,1,confidence,0.6743976289989466
pubmed,GeneralSheaf,true,3,4,epoch-50,3,1,confidence,0.7495573331851063
pubmed,GeneralSheaf,true,3,4,epoch-50,4,1,confidence,0.7227321206050139
pubmed,GeneralSheaf,true,3,4,epoch-50,0,1,saliency,-0.3289264910097601
pubmed,GeneralSheaf,true,3,4,epoch-50,1,1,saliency,-0.2766776966803473
pubmed,GeneralSheaf,true,3,4,epoch-50,2,1,saliency,-0.35259221834698823
pubmed,GeneralSheaf,true,3,4,epoch-50,3,1,saliency,-0.44321499908967993
pubmed,GeneralSheaf,true,3,4,epoch-50,4,1,saliency,-0.442705177933436
pubmed,GeneralSheaf,true,3,4,epoch-50,0,1,cohens_d_train,0.53559333
pubmed,GeneralSheaf,true,3,4,epoch-50,1,1,cohens_d_train,0.4558376
pubmed,GeneralSheaf,true,3,4,epoch-50,2,1,cohens_d_train,0.45950255
pubmed,GeneralSheaf,true,3,4,epoch-50,3,1,cohens_d_train,0.48344266
pubmed,GeneralSheaf,true,3,4,epoch-50,4,1,cohens_d_train,0.45678827
pubmed,GeneralSheaf,true,3,4,epoch-50,0,1,cohens_d_test,0.536363
pubmed,GeneralSheaf,true,3,4,epoch-50,1,1,cohens_d_test,0.493498
pubmed,GeneralSheaf,true,3,4,epoch-50,2,1,cohens_d_test,0.4873356
pubmed,GeneralSheaf,true,3,4,epoch-50,3,1,cohens_d_test,0.5137789
pubmed,GeneralSheaf,true,3,4,epoch-50,4,1,cohens_d_test,0.4851056
pubmed,GeneralSheaf,true,3,4,epoch-50,0,2,degree,0.01088011031711915
pubmed,GeneralSheaf,true,3,4,epoch-50,1,2,degree,0.10157557892022484
pubmed,GeneralSheaf,true,3,4,epoch-50,2,2,degree,0.28689530092573795
pubmed,GeneralSheaf,true,3,4,epoch-50,3,2,degree,0.5481144601257306
pubmed,GeneralSheaf,true,3,4,epoch-50,4,2,degree,0.4855696115239145
pubmed,GeneralSheaf,true,3,4,epoch-50,0,2,betweenness,-0.00806883815450093
pubmed,GeneralSheaf,true,3,4,epoch-50,1,2,betweenness,0.07721891019493343
pubmed,GeneralSheaf,true,3,4,epoch-50,2,2,betweenness,0.2466970372429961
pubmed,GeneralSheaf,true,3,4,epoch-50,3,2,betweenness,0.49265473593743125
pubmed,GeneralSheaf,true,3,4,epoch-50,4,2,betweenness,0.42058882413647314
pubmed,GeneralSheaf,true,3,4,epoch-50,0,2,confidence,0.5441550492753968
pubmed,GeneralSheaf,true,3,4,epoch-50,1,2,confidence,0.5543587383177876
pubmed,GeneralSheaf,true,3,4,epoch-50,2,2,confidence,0.5972508810114056
pubmed,GeneralSheaf,true,3,4,epoch-50,3,2,confidence,0.7273939108709936
pubmed,GeneralSheaf,true,3,4,epoch-50,4,2,confidence,0.7820455761507976
pubmed,GeneralSheaf,true,3,4,epoch-50,0,2,saliency,-0.36562960423345253
pubmed,GeneralSheaf,true,3,4,epoch-50,1,2,saliency,-0.34633274147332394
pubmed,GeneralSheaf,true,3,4,epoch-50,2,2,saliency,-0.3558948495975446
pubmed,GeneralSheaf,true,3,4,epoch-50,3,2,saliency,-0.41306839715574234
pubmed,GeneralSheaf,true,3,4,epoch-50,4,2,saliency,-0.48288573282127695
pubmed,GeneralSheaf,true,3,4,epoch-50,0,2,cohens_d_train,0.47503188
pubmed,GeneralSheaf,true,3,4,epoch-50,1,2,cohens_d_train,0.4941653
pubmed,GeneralSheaf,true,3,4,epoch-50,2,2,cohens_d_train,0.3774905
pubmed,GeneralSheaf,true,3,4,epoch-50,3,2,cohens_d_train,0.3289235
pubmed,GeneralSheaf,true,3,4,epoch-50,4,2,cohens_d_train,0.42014727
pubmed,GeneralSheaf,true,3,4,epoch-50,0,2,cohens_d_test,0.48344955
pubmed,GeneralSheaf,true,3,4,epoch-50,1,2,cohens_d_test,0.4721999
pubmed,GeneralSheaf,true,3,4,epoch-50,2,2,cohens_d_test,0.30712444
pubmed,GeneralSheaf,true,3,4,epoch-50,3,2,cohens_d_test,0.23507072
pubmed,GeneralSheaf,true,3,4,epoch-50,4,2,cohens_d_test,0.33242914
pubmed,GeneralSheaf,true,3,4,epoch-50,0,3,degree,0.01695604274649184
pubmed,GeneralSheaf,true,3,4,epoch-50,1,3,degree,0.07482146780852442
pubmed,GeneralSheaf,true,3,4,epoch-50,2,3,degree,0.34401323436765163
pubmed,GeneralSheaf,true,3,4,epoch-50,3,3,degree,0.5029746567565213
pubmed,GeneralSheaf,true,3,4,epoch-50,4,3,degree,0.5422129535418603
pubmed,GeneralSheaf,true,3,4,epoch-50,0,3,betweenness,-0.004388998163049024
pubmed,GeneralSheaf,true,3,4,epoch-50,1,3,betweenness,0.0493842982974609
pubmed,GeneralSheaf,true,3,4,epoch-50,2,3,betweenness,0.2994863656713223
pubmed,GeneralSheaf,true,3,4,epoch-50,3,3,betweenness,0.4463911624394732
pubmed,GeneralSheaf,true,3,4,epoch-50,4,3,betweenness,0.4817827524580733
pubmed,GeneralSheaf,true,3,4,epoch-50,0,3,confidence,0.508766369457595
pubmed,GeneralSheaf,true,3,4,epoch-50,1,3,confidence,0.536734680083384
pubmed,GeneralSheaf,true,3,4,epoch-50,2,3,confidence,0.6099338805938712
pubmed,GeneralSheaf,true,3,4,epoch-50,3,3,confidence,0.6823886437009244
pubmed,GeneralSheaf,true,3,4,epoch-50,4,3,confidence,0.742140891217648
pubmed,GeneralSheaf,true,3,4,epoch-50,0,3,saliency,-0.24542582994466763
pubmed,GeneralSheaf,true,3,4,epoch-50,1,3,saliency,-0.24123380154876628
pubmed,GeneralSheaf,true,3,4,epoch-50,2,3,saliency,-0.20522843957894274
pubmed,GeneralSheaf,true,3,4,epoch-50,3,3,saliency,-0.27120696338764133
pubmed,GeneralSheaf,true,3,4,epoch-50,4,3,saliency,-0.34955609898566303
pubmed,GeneralSheaf,true,3,4,epoch-50,0,3,cohens_d_train,0.51661104
pubmed,GeneralSheaf,true,3,4,epoch-50,1,3,cohens_d_train,0.52322125
pubmed,GeneralSheaf,true,3,4,epoch-50,2,3,cohens_d_train,0.4335106
pubmed,GeneralSheaf,true,3,4,epoch-50,3,3,cohens_d_train,0.37842697
pubmed,GeneralSheaf,true,3,4,epoch-50,4,3,cohens_d_train,0.39728984
pubmed,GeneralSheaf,true,3,4,epoch-50,0,3,cohens_d_test,0.55636966
pubmed,GeneralSheaf,true,3,4,epoch-50,1,3,cohens_d_test,0.55098146
pubmed,GeneralSheaf,true,3,4,epoch-50,2,3,cohens_d_test,0.4469042
pubmed,GeneralSheaf,true,3,4,epoch-50,3,3,cohens_d_test,0.39102653
pubmed,GeneralSheaf,true,3,4,epoch-50,4,3,cohens_d_test,0.39670604
pubmed,GeneralSheaf,true,3,4,epoch-50,0,4,degree,0.00036984284676809054
pubmed,GeneralSheaf,true,3,4,epoch-50,1,4,degree,0.011269402395085554
pubmed,GeneralSheaf,true,3,4,epoch-50,2,4,degree,0.31210083179455694
pubmed,GeneralSheaf,true,3,4,epoch-50,3,4,degree,0.436776029902622
pubmed,GeneralSheaf,true,3,4,epoch-50,4,4,degree,0.44256395483836375
pubmed,GeneralSheaf,true,3,4,epoch-50,0,4,betweenness,-0.011366788704712206
pubmed,GeneralSheaf,true,3,4,epoch-50,1,4,betweenness,-2.791983320906244e-05
pubmed,GeneralSheaf,true,3,4,epoch-50,2,4,betweenness,0.28502422208695927
pubmed,GeneralSheaf,true,3,4,epoch-50,3,4,betweenness,0.4014003986660046
pubmed,GeneralSheaf,true,3,4,epoch-50,4,4,betweenness,0.4038514062593377
pubmed,GeneralSheaf,true,3,4,epoch-50,0,4,confidence,0.5941178705942866
pubmed,GeneralSheaf,true,3,4,epoch-50,1,4,confidence,0.6035888525254948
pubmed,GeneralSheaf,true,3,4,epoch-50,2,4,confidence,0.6928019787829313
pubmed,GeneralSheaf,true,3,4,epoch-50,3,4,confidence,0.7367989087171543
pubmed,GeneralSheaf,true,3,4,epoch-50,4,4,confidence,0.7909493818700415
pubmed,GeneralSheaf,true,3,4,epoch-50,0,4,saliency,-0.3300986502580622
pubmed,GeneralSheaf,true,3,4,epoch-50,1,4,saliency,-0.32417713520765434
pubmed,GeneralSheaf,true,3,4,epoch-50,2,4,saliency,-0.32598744777052
pubmed,GeneralSheaf,true,3,4,epoch-50,3,4,saliency,-0.37500415184915437
pubmed,GeneralSheaf,true,3,4,epoch-50,4,4,saliency,-0.44442816195443513
pubmed,GeneralSheaf,true,3,4,epoch-50,0,4,cohens_d_train,0.56431836
pubmed,GeneralSheaf,true,3,4,epoch-50,1,4,cohens_d_train,0.54700196
pubmed,GeneralSheaf,true,3,4,epoch-50,2,4,cohens_d_train,0.5077254
pubmed,GeneralSheaf,true,3,4,epoch-50,3,4,cohens_d_train,0.45239854
pubmed,GeneralSheaf,true,3,4,epoch-50,4,4,cohens_d_train,0.508059
pubmed,GeneralSheaf,true,3,4,epoch-50,0,4,cohens_d_test,0.5384759
pubmed,GeneralSheaf,true,3,4,epoch-50,1,4,cohens_d_test,0.51993394
pubmed,GeneralSheaf,true,3,4,epoch-50,2,4,cohens_d_test,0.4977865
pubmed,GeneralSheaf,true,3,4,epoch-50,3,4,cohens_d_test,0.4250805
pubmed,GeneralSheaf,true,3,4,epoch-50,4,4,cohens_d_test,0.47574222
pubmed,GeneralSheaf,true,3,4,epoch-50,0,5,degree,-0.03408873424041893
pubmed,GeneralSheaf,true,3,4,epoch-50,1,5,degree,0.05622911000343622
pubmed,GeneralSheaf,true,3,4,epoch-50,2,5,degree,0.33583067458673954
pubmed,GeneralSheaf,true,3,4,epoch-50,3,5,degree,0.4525053862413225
pubmed,GeneralSheaf,true,3,4,epoch-50,4,5,degree,0.5297876544831505
pubmed,GeneralSheaf,true,3,4,epoch-50,0,5,betweenness,-0.029514131701463997
pubmed,GeneralSheaf,true,3,4,epoch-50,1,5,betweenness,0.05311537347995413
pubmed,GeneralSheaf,true,3,4,epoch-50,2,5,betweenness,0.3099104048732781
pubmed,GeneralSheaf,true,3,4,epoch-50,3,5,betweenness,0.4109120215505886
pubmed,GeneralSheaf,true,3,4,epoch-50,4,5,betweenness,0.4704673258666469
pubmed,GeneralSheaf,true,3,4,epoch-50,0,5,confidence,0.5498091962998136
pubmed,GeneralSheaf,true,3,4,epoch-50,1,5,confidence,0.5910714221990623
pubmed,GeneralSheaf,true,3,4,epoch-50,2,5,confidence,0.6505240707493446
pubmed,GeneralSheaf,true,3,4,epoch-50,3,5,confidence,0.7046877451812147
pubmed,GeneralSheaf,true,3,4,epoch-50,4,5,confidence,0.692535488845281
pubmed,GeneralSheaf,true,3,4,epoch-50,0,5,saliency,-0.27734029930249593
pubmed,GeneralSheaf,true,3,4,epoch-50,1,5,saliency,-0.2663096920575075
pubmed,GeneralSheaf,true,3,4,epoch-50,2,5,saliency,-0.23107974894885708
pubmed,GeneralSheaf,true,3,4,epoch-50,3,5,saliency,-0.26697253463004245
pubmed,GeneralSheaf,true,3,4,epoch-50,4,5,saliency,-0.2716526889645796
pubmed,GeneralSheaf,true,3,4,epoch-50,0,5,cohens_d_train,0.606111
pubmed,GeneralSheaf,true,3,4,epoch-50,1,5,cohens_d_train,0.60818416
pubmed,GeneralSheaf,true,3,4,epoch-50,2,5,cohens_d_train,0.4741859
pubmed,GeneralSheaf,true,3,4,epoch-50,3,5,cohens_d_train,0.4008256
pubmed,GeneralSheaf,true,3,4,epoch-50,4,5,cohens_d_train,0.3465879
pubmed,GeneralSheaf,true,3,4,epoch-50,0,5,cohens_d_test,0.50536
pubmed,GeneralSheaf,true,3,4,epoch-50,1,5,cohens_d_test,0.49543306
pubmed,GeneralSheaf,true,3,4,epoch-50,2,5,cohens_d_test,0.3480027
pubmed,GeneralSheaf,true,3,4,epoch-50,3,5,cohens_d_test,0.2903256
pubmed,GeneralSheaf,true,3,4,epoch-50,4,5,cohens_d_test,0.28046927
pubmed,GeneralSheaf,true,3,4,epoch-50,0,6,degree,0.010222840829976014
pubmed,GeneralSheaf,true,3,4,epoch-50,1,6,degree,0.015239330873929664
pubmed,GeneralSheaf,true,3,4,epoch-50,2,6,degree,0.16952666336360525
pubmed,GeneralSheaf,true,3,4,epoch-50,3,6,degree,0.37446205579178193
pubmed,GeneralSheaf,true,3,4,epoch-50,4,6,degree,0.48969339681053303
pubmed,GeneralSheaf,true,3,4,epoch-50,0,6,betweenness,-0.01059732972666033
pubmed,GeneralSheaf,true,3,4,epoch-50,1,6,betweenness,-0.004967001441556641
pubmed,GeneralSheaf,true,3,4,epoch-50,2,6,betweenness,0.13973731869661324
pubmed,GeneralSheaf,true,3,4,epoch-50,3,6,betweenness,0.3314912850853181
pubmed,GeneralSheaf,true,3,4,epoch-50,4,6,betweenness,0.4387546582562255
pubmed,GeneralSheaf,true,3,4,epoch-50,0,6,confidence,0.577654768986114
pubmed,GeneralSheaf,true,3,4,epoch-50,1,6,confidence,0.5994313842513661
pubmed,GeneralSheaf,true,3,4,epoch-50,2,6,confidence,0.6954386657305706
pubmed,GeneralSheaf,true,3,4,epoch-50,3,6,confidence,0.7634193380741847
pubmed,GeneralSheaf,true,3,4,epoch-50,4,6,confidence,0.781565723025396
pubmed,GeneralSheaf,true,3,4,epoch-50,0,6,saliency,-0.35296428026311805
pubmed,GeneralSheaf,true,3,4,epoch-50,1,6,saliency,-0.34748251240460176
pubmed,GeneralSheaf,true,3,4,epoch-50,2,6,saliency,-0.3807376559507266
pubmed,GeneralSheaf,true,3,4,epoch-50,3,6,saliency,-0.3992402799682048
pubmed,GeneralSheaf,true,3,4,epoch-50,4,6,saliency,-0.41643874994222346
pubmed,GeneralSheaf,true,3,4,epoch-50,0,6,cohens_d_train,0.6576885
pubmed,GeneralSheaf,true,3,4,epoch-50,1,6,cohens_d_train,0.66292435
pubmed,GeneralSheaf,true,3,4,epoch-50,2,6,cohens_d_train,0.5934123
pubmed,GeneralSheaf,true,3,4,epoch-50,3,6,cohens_d_train,0.56674874
pubmed,GeneralSheaf,true,3,4,epoch-50,4,6,cohens_d_train,0.5636482
pubmed,GeneralSheaf,true,3,4,epoch-50,0,6,cohens_d_test,0.49313673
pubmed,GeneralSheaf,true,3,4,epoch-50,1,6,cohens_d_test,0.47654235
pubmed,GeneralSheaf,true,3,4,epoch-50,2,6,cohens_d_test,0.41945443
pubmed,GeneralSheaf,true,3,4,epoch-50,3,6,cohens_d_test,0.38970548
pubmed,GeneralSheaf,true,3,4,epoch-50,4,6,cohens_d_test,0.38781327
pubmed,GeneralSheaf,true,3,4,epoch-50,0,7,degree,-0.011952336634384468
pubmed,GeneralSheaf,true,3,4,epoch-50,1,7,degree,-0.04351624977677494
pubmed,GeneralSheaf,true,3,4,epoch-50,2,7,degree,0.30716594129762526
pubmed,GeneralSheaf,true,3,4,epoch-50,3,7,degree,0.39941627722277695
pubmed,GeneralSheaf,true,3,4,epoch-50,4,7,degree,0.39587548142830403
pubmed,GeneralSheaf,true,3,4,epoch-50,0,7,betweenness,-0.021980489806462326
pubmed,GeneralSheaf,true,3,4,epoch-50,1,7,betweenness,-0.04837415631596916
pubmed,GeneralSheaf,true,3,4,epoch-50,2,7,betweenness,0.28435710086663823
pubmed,GeneralSheaf,true,3,4,epoch-50,3,7,betweenness,0.36978815067267395
pubmed,GeneralSheaf,true,3,4,epoch-50,4,7,betweenness,0.36088562655672
pubmed,GeneralSheaf,true,3,4,epoch-50,0,7,confidence,0.5861963986580424
pubmed,GeneralSheaf,true,3,4,epoch-50,1,7,confidence,0.5938029635740172
pubmed,GeneralSheaf,true,3,4,epoch-50,2,7,confidence,0.6593364081561889
pubmed,GeneralSheaf,true,3,4,epoch-50,3,7,confidence,0.6942694283164114
pubmed,GeneralSheaf,true,3,4,epoch-50,4,7,confidence,0.7314883999682512
pubmed,GeneralSheaf,true,3,4,epoch-50,0,7,saliency,-0.35765501235909963
pubmed,GeneralSheaf,true,3,4,epoch-50,1,7,saliency,-0.3658001030465638
pubmed,GeneralSheaf,true,3,4,epoch-50,2,7,saliency,-0.3542589342652454
pubmed,GeneralSheaf,true,3,4,epoch-50,3,7,saliency,-0.3846040502357435
pubmed,GeneralSheaf,true,3,4,epoch-50,4,7,saliency,-0.4284614258025522
pubmed,GeneralSheaf,true,3,4,epoch-50,0,7,cohens_d_train,0.55335796
pubmed,GeneralSheaf,true,3,4,epoch-50,1,7,cohens_d_train,0.52548885
pubmed,GeneralSheaf,true,3,4,epoch-50,2,7,cohens_d_train,0.5187083
pubmed,GeneralSheaf,true,3,4,epoch-50,3,7,cohens_d_train,0.48650998
pubmed,GeneralSheaf,true,3,4,epoch-50,4,7,cohens_d_train,0.5382325
pubmed,GeneralSheaf,true,3,4,epoch-50,0,7,cohens_d_test,0.53043926
pubmed,GeneralSheaf,true,3,4,epoch-50,1,7,cohens_d_test,0.48173434
pubmed,GeneralSheaf,true,3,4,epoch-50,2,7,cohens_d_test,0.47880128
pubmed,GeneralSheaf,true,3,4,epoch-50,3,7,cohens_d_test,0.4603546
pubmed,GeneralSheaf,true,3,4,epoch-50,4,7,cohens_d_test,0.5185428
pubmed,GeneralSheaf,true,3,4,epoch-50,0,8,degree,0.0003511181540800108
pubmed,GeneralSheaf,true,3,4,epoch-50,1,8,degree,0.08766043037120969
pubmed,GeneralSheaf,true,3,4,epoch-50,2,8,degree,0.3785804678647576
pubmed,GeneralSheaf,true,3,4,epoch-50,3,8,degree,0.5917001988239683
pubmed,GeneralSheaf,true,3,4,epoch-50,4,8,degree,0.5965380713953322
pubmed,GeneralSheaf,true,3,4,epoch-50,0,8,betweenness,-0.011964277220506919
pubmed,GeneralSheaf,true,3,4,epoch-50,1,8,betweenness,0.06723277293143881
pubmed,GeneralSheaf,true,3,4,epoch-50,2,8,betweenness,0.3437206355024921
pubmed,GeneralSheaf,true,3,4,epoch-50,3,8,betweenness,0.5357230160228523
pubmed,GeneralSheaf,true,3,4,epoch-50,4,8,betweenness,0.5353002057614505
pubmed,GeneralSheaf,true,3,4,epoch-50,0,8,confidence,0.5418805970350739
pubmed,GeneralSheaf,true,3,4,epoch-50,1,8,confidence,0.5614948041477166
pubmed,GeneralSheaf,true,3,4,epoch-50,2,8,confidence,0.5815339845667988
pubmed,GeneralSheaf,true,3,4,epoch-50,3,8,confidence,0.6174225939511697
pubmed,GeneralSheaf,true,3,4,epoch-50,4,8,confidence,0.6467627592724435
pubmed,GeneralSheaf,true,3,4,epoch-50,0,8,saliency,-0.2498189525193057
pubmed,GeneralSheaf,true,3,4,epoch-50,1,8,saliency,-0.2372186501715653
pubmed,GeneralSheaf,true,3,4,epoch-50,2,8,saliency,-0.15043511490173114
pubmed,GeneralSheaf,true,3,4,epoch-50,3,8,saliency,-0.16987742566185934
pubmed,GeneralSheaf,true,3,4,epoch-50,4,8,saliency,-0.21449567823591767
pubmed,GeneralSheaf,true,3,4,epoch-50,0,8,cohens_d_train,0.4969681
pubmed,GeneralSheaf,true,3,4,epoch-50,1,8,cohens_d_train,0.47451943
pubmed,GeneralSheaf,true,3,4,epoch-50,2,8,cohens_d_train,0.37363473
pubmed,GeneralSheaf,true,3,4,epoch-50,3,8,cohens_d_train,0.2608253
pubmed,GeneralSheaf,true,3,4,epoch-50,4,8,cohens_d_train,0.3130794
pubmed,GeneralSheaf,true,3,4,epoch-50,0,8,cohens_d_test,0.5340292
pubmed,GeneralSheaf,true,3,4,epoch-50,1,8,cohens_d_test,0.5269823
pubmed,GeneralSheaf,true,3,4,epoch-50,2,8,cohens_d_test,0.4540373
pubmed,GeneralSheaf,true,3,4,epoch-50,3,8,cohens_d_test,0.3313279
pubmed,GeneralSheaf,true,3,4,epoch-50,4,8,cohens_d_test,0.37557897
pubmed,GeneralSheaf,true,3,4,epoch-50,0,9,degree,-0.009615250272531548
pubmed,GeneralSheaf,true,3,4,epoch-50,1,9,degree,-0.033015204573309954
pubmed,GeneralSheaf,true,3,4,epoch-50,2,9,degree,0.08434835119637119
pubmed,GeneralSheaf,true,3,4,epoch-50,3,9,degree,0.4509211353959629
pubmed,GeneralSheaf,true,3,4,epoch-50,4,9,degree,0.575389031872266
pubmed,GeneralSheaf,true,3,4,epoch-50,0,9,betweenness,-0.019432138782997377
pubmed,GeneralSheaf,true,3,4,epoch-50,1,9,betweenness,-0.0409354556881115
pubmed,GeneralSheaf,true,3,4,epoch-50,2,9,betweenness,0.06921580556650594
pubmed,GeneralSheaf,true,3,4,epoch-50,3,9,betweenness,0.40783812907489414
pubmed,GeneralSheaf,true,3,4,epoch-50,4,9,betweenness,0.5138878957554572
pubmed,GeneralSheaf,true,3,4,epoch-50,0,9,confidence,0.5704318862212089
pubmed,GeneralSheaf,true,3,4,epoch-50,1,9,confidence,0.5778867298827515
pubmed,GeneralSheaf,true,3,4,epoch-50,2,9,confidence,0.6593424121923844
pubmed,GeneralSheaf,true,3,4,epoch-50,3,9,confidence,0.755723197187957
pubmed,GeneralSheaf,true,3,4,epoch-50,4,9,confidence,0.7758347339223728
pubmed,GeneralSheaf,true,3,4,epoch-50,0,9,saliency,-0.32174326734504644
pubmed,GeneralSheaf,true,3,4,epoch-50,1,9,saliency,-0.32862055346927094
pubmed,GeneralSheaf,true,3,4,epoch-50,2,9,saliency,-0.3535141390568848
pubmed,GeneralSheaf,true,3,4,epoch-50,3,9,saliency,-0.3454355995776738
pubmed,GeneralSheaf,true,3,4,epoch-50,4,9,saliency,-0.3850814322629177
pubmed,GeneralSheaf,true,3,4,epoch-50,0,9,cohens_d_train,0.5991004
pubmed,GeneralSheaf,true,3,4,epoch-50,1,9,cohens_d_train,0.583
pubmed,GeneralSheaf,true,3,4,epoch-50,2,9,cohens_d_train,0.61270297
pubmed,GeneralSheaf,true,3,4,epoch-50,3,9,cohens_d_train,0.5625135
pubmed,GeneralSheaf,true,3,4,epoch-50,4,9,cohens_d_train,0.5028305
pubmed,GeneralSheaf,true,3,4,epoch-50,0,9,cohens_d_test,0.52511036
pubmed,GeneralSheaf,true,3,4,epoch-50,1,9,cohens_d_test,0.51736724
pubmed,GeneralSheaf,true,3,4,epoch-50,2,9,cohens_d_test,0.54472953
pubmed,GeneralSheaf,true,3,4,epoch-50,3,9,cohens_d_test,0.4746273
pubmed,GeneralSheaf,true,3,4,epoch-50,4,9,cohens_d_test,0.4277643
pubmed,GeneralSheaf,true,3,4,epoch-200,0,0,degree,0.025119042369559957
pubmed,GeneralSheaf,true,3,4,epoch-200,1,0,degree,-0.046887087234268335
pubmed,GeneralSheaf,true,3,4,epoch-200,2,0,degree,0.13154141159497293
pubmed,GeneralSheaf,true,3,4,epoch-200,3,0,degree,0.45839522061391935
pubmed,GeneralSheaf,true,3,4,epoch-200,4,0,degree,0.5246233619720957
pubmed,GeneralSheaf,true,3,4,epoch-200,0,0,betweenness,-0.001840668544808567
pubmed,GeneralSheaf,true,3,4,epoch-200,1,0,betweenness,-0.07351068705511274
pubmed,GeneralSheaf,true,3,4,epoch-200,2,0,betweenness,0.0971127942217315
pubmed,GeneralSheaf,true,3,4,epoch-200,3,0,betweenness,0.4064056784771627
pubmed,GeneralSheaf,true,3,4,epoch-200,4,0,betweenness,0.46334053510850887
pubmed,GeneralSheaf,true,3,4,epoch-200,0,0,confidence,0.47992204368999386
pubmed,GeneralSheaf,true,3,4,epoch-200,1,0,confidence,0.47587820087356264
pubmed,GeneralSheaf,true,3,4,epoch-200,2,0,confidence,0.5323876951972931
pubmed,GeneralSheaf,true,3,4,epoch-200,3,0,confidence,0.6357228717835076
pubmed,GeneralSheaf,true,3,4,epoch-200,4,0,confidence,0.6782301301453361
pubmed,GeneralSheaf,true,3,4,epoch-200,0,0,saliency,-0.3228053204371951
pubmed,GeneralSheaf,true,3,4,epoch-200,1,0,saliency,-0.34875383939768817
pubmed,GeneralSheaf,true,3,4,epoch-200,2,0,saliency,-0.29836679304959557
pubmed,GeneralSheaf,true,3,4,epoch-200,3,0,saliency,-0.25565730473020665
pubmed,GeneralSheaf,true,3,4,epoch-200,4,0,saliency,-0.2845768966165874
pubmed,GeneralSheaf,true,3,4,epoch-200,0,0,cohens_d_train,0.6125816
pubmed,GeneralSheaf,true,3,4,epoch-200,1,0,cohens_d_train,0.60808927
pubmed,GeneralSheaf,true,3,4,epoch-200,2,0,cohens_d_train,0.61111224
pubmed,GeneralSheaf,true,3,4,epoch-200,3,0,cohens_d_train,0.62570244
pubmed,GeneralSheaf,true,3,4,epoch-200,4,0,cohens_d_train,0.6597862
pubmed,GeneralSheaf,true,3,4,epoch-200,0,0,cohens_d_test,0.50946116
pubmed,GeneralSheaf,true,3,4,epoch-200,1,0,cohens_d_test,0.5282282
pubmed,GeneralSheaf,true,3,4,epoch-200,2,0,cohens_d_test,0.45290387
pubmed,GeneralSheaf,true,3,4,epoch-200,3,0,cohens_d_test,0.37146142
pubmed,GeneralSheaf,true,3,4,epoch-200,4,0,cohens_d_test,0.3982875
pubmed,GeneralSheaf,true,3,4,epoch-200,0,1,degree,0.005250993123921858
pubmed,GeneralSheaf,true,3,4,epoch-200,1,1,degree,0.17225057055382328
pubmed,GeneralSheaf,true,3,4,epoch-200,2,1,degree,0.4680480611582627
pubmed,GeneralSheaf,true,3,4,epoch-200,3,1,degree,0.5004333193094439
pubmed,GeneralSheaf,true,3,4,epoch-200,4,1,degree,0.5718031040689642
pubmed,GeneralSheaf,true,3,4,epoch-200,0,1,betweenness,-0.008835111326435064
pubmed,GeneralSheaf,true,3,4,epoch-200,1,1,betweenness,0.1505872174895088
pubmed,GeneralSheaf,true,3,4,epoch-200,2,1,betweenness,0.42537677526703155
pubmed,GeneralSheaf,true,3,4,epoch-200,3,1,betweenness,0.4574334258584164
pubmed,GeneralSheaf,true,3,4,epoch-200,4,1,betweenness,0.5181980476877318
pubmed,GeneralSheaf,true,3,4,epoch-200,0,1,confidence,0.4278031244646294
pubmed,GeneralSheaf,true,3,4,epoch-200,1,1,confidence,0.4606488160311198
pubmed,GeneralSheaf,true,3,4,epoch-200,2,1,confidence,0.5625090465034861
pubmed,GeneralSheaf,true,3,4,epoch-200,3,1,confidence,0.6479495439471785
pubmed,GeneralSheaf,true,3,4,epoch-200,4,1,confidence,0.6262674510819771
pubmed,GeneralSheaf,true,3,4,epoch-200,0,1,saliency,-0.184123340889956
pubmed,GeneralSheaf,true,3,4,epoch-200,1,1,saliency,-0.12350808027423871
pubmed,GeneralSheaf,true,3,4,epoch-200,2,1,saliency,-0.08373403253307465
pubmed,GeneralSheaf,true,3,4,epoch-200,3,1,saliency,-0.14972704382541768
pubmed,GeneralSheaf,true,3,4,epoch-200,4,1,saliency,-0.16166545796530662
pubmed,GeneralSheaf,true,3,4,epoch-200,0,1,cohens_d_train,0.37961605
pubmed,GeneralSheaf,true,3,4,epoch-200,1,1,cohens_d_train,0.38024932
pubmed,GeneralSheaf,true,3,4,epoch-200,2,1,cohens_d_train,0.38124272
pubmed,GeneralSheaf,true,3,4,epoch-200,3,1,cohens_d_train,0.41654295
pubmed,GeneralSheaf,true,3,4,epoch-200,4,1,cohens_d_train,0.42016
pubmed,GeneralSheaf,true,3,4,epoch-200,0,1,cohens_d_test,0.41225055
pubmed,GeneralSheaf,true,3,4,epoch-200,1,1,cohens_d_test,0.40198702
pubmed,GeneralSheaf,true,3,4,epoch-200,2,1,cohens_d_test,0.37780747
pubmed,GeneralSheaf,true,3,4,epoch-200,3,1,cohens_d_test,0.38596764
pubmed,GeneralSheaf,true,3,4,epoch-200,4,1,cohens_d_test,0.3452874
pubmed,GeneralSheaf,true,3,4,epoch-200,0,2,degree,0.0022470517759456033
pubmed,GeneralSheaf,true,3,4,epoch-200,1,2,degree,0.027300220234638774
pubmed,GeneralSheaf,true,3,4,epoch-200,2,2,degree,0.11086370542864434
pubmed,GeneralSheaf,true,3,4,epoch-200,3,2,degree,0.41147929595153393
pubmed,GeneralSheaf,true,3,4,epoch-200,4,2,degree,0.4334921852622272
pubmed,GeneralSheaf,true,3,4,epoch-200,0,2,betweenness,-0.014024160221906484
pubmed,GeneralSheaf,true,3,4,epoch-200,1,2,betweenness,0.012252812881841787
pubmed,GeneralSheaf,true,3,4,epoch-200,2,2,betweenness,0.08812796815129759
pubmed,GeneralSheaf,true,3,4,epoch-200,3,2,betweenness,0.3637650228308301
pubmed,GeneralSheaf,true,3,4,epoch-200,4,2,betweenness,0.3782441381472762
pubmed,GeneralSheaf,true,3,4,epoch-200,0,2,confidence,0.4196630539603008
pubmed,GeneralSheaf,true,3,4,epoch-200,1,2,confidence,0.4026947796916497
pubmed,GeneralSheaf,true,3,4,epoch-200,2,2,confidence,0.4233884004157135
pubmed,GeneralSheaf,true,3,4,epoch-200,3,2,confidence,0.5358993512342517
pubmed,GeneralSheaf,true,3,4,epoch-200,4,2,confidence,0.6317950366926341
pubmed,GeneralSheaf,true,3,4,epoch-200,0,2,saliency,-0.30206507441247404
pubmed,GeneralSheaf,true,3,4,epoch-200,1,2,saliency,-0.26715625462417725
pubmed,GeneralSheaf,true,3,4,epoch-200,2,2,saliency,-0.237386860921154
pubmed,GeneralSheaf,true,3,4,epoch-200,3,2,saliency,-0.20533791398875095
pubmed,GeneralSheaf,true,3,4,epoch-200,4,2,saliency,-0.28523954387411915
pubmed,GeneralSheaf,true,3,4,epoch-200,0,2,cohens_d_train,0.42948604
pubmed,GeneralSheaf,true,3,4,epoch-200,1,2,cohens_d_train,0.45646667
pubmed,GeneralSheaf,true,3,4,epoch-200,2,2,cohens_d_train,0.44518787
pubmed,GeneralSheaf,true,3,4,epoch-200,3,2,cohens_d_train,0.31456137
pubmed,GeneralSheaf,true,3,4,epoch-200,4,2,cohens_d_train,0.36444592
pubmed,GeneralSheaf,true,3,4,epoch-200,0,2,cohens_d_test,0.4236699
pubmed,GeneralSheaf,true,3,4,epoch-200,1,2,cohens_d_test,0.42175195
pubmed,GeneralSheaf,true,3,4,epoch-200,2,2,cohens_d_test,0.35090804
pubmed,GeneralSheaf,true,3,4,epoch-200,3,2,cohens_d_test,0.13871907
pubmed,GeneralSheaf,true,3,4,epoch-200,4,2,cohens_d_test,0.18034844
pubmed,GeneralSheaf,true,3,4,epoch-200,0,3,degree,0.018525565631707444
pubmed,GeneralSheaf,true,3,4,epoch-200,1,3,degree,0.0457939774735286
pubmed,GeneralSheaf,true,3,4,epoch-200,2,3,degree,0.27512064231438565
pubmed,GeneralSheaf,true,3,4,epoch-200,3,3,degree,0.513371182657071
pubmed,GeneralSheaf,true,3,4,epoch-200,4,3,degree,0.6136215607900626
pubmed,GeneralSheaf,true,3,4,epoch-200,0,3,betweenness,-0.006620499919522319
pubmed,GeneralSheaf,true,3,4,epoch-200,1,3,betweenness,0.018303092474415156
pubmed,GeneralSheaf,true,3,4,epoch-200,2,3,betweenness,0.2309780871402879
pubmed,GeneralSheaf,true,3,4,epoch-200,3,3,betweenness,0.4540079326940946
pubmed,GeneralSheaf,true,3,4,epoch-200,4,3,betweenness,0.5453311687840738
pubmed,GeneralSheaf,true,3,4,epoch-200,0,3,confidence,0.4432747712460758
pubmed,GeneralSheaf,true,3,4,epoch-200,1,3,confidence,0.45770946041127936
pubmed,GeneralSheaf,true,3,4,epoch-200,2,3,confidence,0.5270797332858694
pubmed,GeneralSheaf,true,3,4,epoch-200,3,3,confidence,0.6125918298032975
pubmed,GeneralSheaf,true,3,4,epoch-200,4,3,confidence,0.6837507851329764
pubmed,GeneralSheaf,true,3,4,epoch-200,0,3,saliency,-0.2196536524683798
pubmed,GeneralSheaf,true,3,4,epoch-200,1,3,saliency,-0.21444531884502796
pubmed,GeneralSheaf,true,3,4,epoch-200,2,3,saliency,-0.1416983387001198
pubmed,GeneralSheaf,true,3,4,epoch-200,3,3,saliency,-0.1361854970866441
pubmed,GeneralSheaf,true,3,4,epoch-200,4,3,saliency,-0.2084833661410142
pubmed,GeneralSheaf,true,3,4,epoch-200,0,3,cohens_d_train,0.4646296
pubmed,GeneralSheaf,true,3,4,epoch-200,1,3,cohens_d_train,0.48215604
pubmed,GeneralSheaf,true,3,4,epoch-200,2,3,cohens_d_train,0.5279685
pubmed,GeneralSheaf,true,3,4,epoch-200,3,3,cohens_d_train,0.5275745
pubmed,GeneralSheaf,true,3,4,epoch-200,4,3,cohens_d_train,0.59905267
pubmed,GeneralSheaf,true,3,4,epoch-200,0,3,cohens_d_test,0.42427123
pubmed,GeneralSheaf,true,3,4,epoch-200,1,3,cohens_d_test,0.42480093
pubmed,GeneralSheaf,true,3,4,epoch-200,2,3,cohens_d_test,0.39557052
pubmed,GeneralSheaf,true,3,4,epoch-200,3,3,cohens_d_test,0.32644516
pubmed,GeneralSheaf,true,3,4,epoch-200,4,3,cohens_d_test,0.35190788
pubmed,GeneralSheaf,true,3,4,epoch-200,0,4,degree,0.02257105838950118
pubmed,GeneralSheaf,true,3,4,epoch-200,1,4,degree,0.08665222244737046
pubmed,GeneralSheaf,true,3,4,epoch-200,2,4,degree,0.3790316102325771
pubmed,GeneralSheaf,true,3,4,epoch-200,3,4,degree,0.5209754072357984
pubmed,GeneralSheaf,true,3,4,epoch-200,4,4,degree,0.5104323316461384
pubmed,GeneralSheaf,true,3,4,epoch-200,0,4,betweenness,-0.0022695986607560717
pubmed,GeneralSheaf,true,3,4,epoch-200,1,4,betweenness,0.058894192076984236
pubmed,GeneralSheaf,true,3,4,epoch-200,2,4,betweenness,0.3345617776347204
pubmed,GeneralSheaf,true,3,4,epoch-200,3,4,betweenness,0.46932725976952433
pubmed,GeneralSheaf,true,3,4,epoch-200,4,4,betweenness,0.46062961455413526
pubmed,GeneralSheaf,true,3,4,epoch-200,0,4,confidence,0.4523836523056666
pubmed,GeneralSheaf,true,3,4,epoch-200,1,4,confidence,0.4842884065809709
pubmed,GeneralSheaf,true,3,4,epoch-200,2,4,confidence,0.582362018248367
pubmed,GeneralSheaf,true,3,4,epoch-200,3,4,confidence,0.6641717718347905
pubmed,GeneralSheaf,true,3,4,epoch-200,4,4,confidence,0.7138396567789834
pubmed,GeneralSheaf,true,3,4,epoch-200,0,4,saliency,-0.24717422763285216
pubmed,GeneralSheaf,true,3,4,epoch-200,1,4,saliency,-0.2247799456507387
pubmed,GeneralSheaf,true,3,4,epoch-200,2,4,saliency,-0.15630875088567076
pubmed,GeneralSheaf,true,3,4,epoch-200,3,4,saliency,-0.1872231466451704
pubmed,GeneralSheaf,true,3,4,epoch-200,4,4,saliency,-0.2532625192808016
pubmed,GeneralSheaf,true,3,4,epoch-200,0,4,cohens_d_train,0.48615766
pubmed,GeneralSheaf,true,3,4,epoch-200,1,4,cohens_d_train,0.5097723
pubmed,GeneralSheaf,true,3,4,epoch-200,2,4,cohens_d_train,0.5292383
pubmed,GeneralSheaf,true,3,4,epoch-200,3,4,cohens_d_train,0.5004404
pubmed,GeneralSheaf,true,3,4,epoch-200,4,4,cohens_d_train,0.5929338
pubmed,GeneralSheaf,true,3,4,epoch-200,0,4,cohens_d_test,0.4381417
pubmed,GeneralSheaf,true,3,4,epoch-200,1,4,cohens_d_test,0.44127333
pubmed,GeneralSheaf,true,3,4,epoch-200,2,4,cohens_d_test,0.43831283
pubmed,GeneralSheaf,true,3,4,epoch-200,3,4,cohens_d_test,0.39171565
pubmed,GeneralSheaf,true,3,4,epoch-200,4,4,cohens_d_test,0.4197094
pubmed,GeneralSheaf,true,3,4,epoch-200,0,5,degree,-0.01207131427067267
pubmed,GeneralSheaf,true,3,4,epoch-200,1,5,degree,0.025975609973755375
pubmed,GeneralSheaf,true,3,4,epoch-200,2,5,degree,0.211446126217302
pubmed,GeneralSheaf,true,3,4,epoch-200,3,5,degree,0.38310725300351717
pubmed,GeneralSheaf,true,3,4,epoch-200,4,5,degree,0.5114378658403342
pubmed,GeneralSheaf,true,3,4,epoch-200,0,5,betweenness,-0.017204415096254665
pubmed,GeneralSheaf,true,3,4,epoch-200,1,5,betweenness,0.015906845712069902
pubmed,GeneralSheaf,true,3,4,epoch-200,2,5,betweenness,0.18485162415057527
pubmed,GeneralSheaf,true,3,4,epoch-200,3,5,betweenness,0.33352691961311837
pubmed,GeneralSheaf,true,3,4,epoch-200,4,5,betweenness,0.4438411869321831
pubmed,GeneralSheaf,true,3,4,epoch-200,0,5,confidence,0.40682883289066835
pubmed,GeneralSheaf,true,3,4,epoch-200,1,5,confidence,0.4248106604335872
pubmed,GeneralSheaf,true,3,4,epoch-200,2,5,confidence,0.4703572218590603
pubmed,GeneralSheaf,true,3,4,epoch-200,3,5,confidence,0.5747937206900928
pubmed,GeneralSheaf,true,3,4,epoch-200,4,5,confidence,0.6238608575155727
pubmed,GeneralSheaf,true,3,4,epoch-200,0,5,saliency,-0.2935928505417301
pubmed,GeneralSheaf,true,3,4,epoch-200,1,5,saliency,-0.28371472254771096
pubmed,GeneralSheaf,true,3,4,epoch-200,2,5,saliency,-0.2173089307144105
pubmed,GeneralSheaf,true,3,4,epoch-200,3,5,saliency,-0.22741471110805742
pubmed,GeneralSheaf,true,3,4,epoch-200,4,5,saliency,-0.2258204194809867
pubmed,GeneralSheaf,true,3,4,epoch-200,0,5,cohens_d_train,0.4239501
pubmed,GeneralSheaf,true,3,4,epoch-200,1,5,cohens_d_train,0.43364164
pubmed,GeneralSheaf,true,3,4,epoch-200,2,5,cohens_d_train,0.43868026
pubmed,GeneralSheaf,true,3,4,epoch-200,3,5,cohens_d_train,0.4273431
pubmed,GeneralSheaf,true,3,4,epoch-200,4,5,cohens_d_train,0.41100046
pubmed,GeneralSheaf,true,3,4,epoch-200,0,5,cohens_d_test,0.38671526
pubmed,GeneralSheaf,true,3,4,epoch-200,1,5,cohens_d_test,0.38569894
pubmed,GeneralSheaf,true,3,4,epoch-200,2,5,cohens_d_test,0.31931412
pubmed,GeneralSheaf,true,3,4,epoch-200,3,5,cohens_d_test,0.23852468
pubmed,GeneralSheaf,true,3,4,epoch-200,4,5,cohens_d_test,0.18082002
pubmed,GeneralSheaf,true,3,4,epoch-200,0,6,degree,0.027088859323380995
pubmed,GeneralSheaf,true,3,4,epoch-200,1,6,degree,0.08058366669463747
pubmed,GeneralSheaf,true,3,4,epoch-200,2,6,degree,0.229927336477875
pubmed,GeneralSheaf,true,3,4,epoch-200,3,6,degree,0.4329809552981283
pubmed,GeneralSheaf,true,3,4,epoch-200,4,6,degree,0.519435483299983
pubmed,GeneralSheaf,true,3,4,epoch-200,0,6,betweenness,0.0011791850320204322
pubmed,GeneralSheaf,true,3,4,epoch-200,1,6,betweenness,0.05420491523908838
pubmed,GeneralSheaf,true,3,4,epoch-200,2,6,betweenness,0.1966544719315459
pubmed,GeneralSheaf,true,3,4,epoch-200,3,6,betweenness,0.3832468574150342
pubmed,GeneralSheaf,true,3,4,epoch-200,4,6,betweenness,0.462152740454268
pubmed,GeneralSheaf,true,3,4,epoch-200,0,6,confidence,0.48695238418077424
pubmed,GeneralSheaf,true,3,4,epoch-200,1,6,confidence,0.5150185771240869
pubmed,GeneralSheaf,true,3,4,epoch-200,2,6,confidence,0.5684218946385091
pubmed,GeneralSheaf,true,3,4,epoch-200,3,6,confidence,0.6411485630274
pubmed,GeneralSheaf,true,3,4,epoch-200,4,6,confidence,0.6684534416650294
pubmed,GeneralSheaf,true,3,4,epoch-200,0,6,saliency,nan
pubmed,GeneralSheaf,true,3,4,epoch-200,1,6,saliency,nan
pubmed,GeneralSheaf,true,3,4,epoch-200,2,6,saliency,nan
pubmed,GeneralSheaf,true,3,4,epoch-200,3,6,saliency,nan
pubmed,GeneralSheaf,true,3,4,epoch-200,4,6,saliency,nan
pubmed,GeneralSheaf,true,3,4,epoch-200,0,6,cohens_d_train,0.4756564
pubmed,GeneralSheaf,true,3,4,epoch-200,1,6,cohens_d_train,0.5300184
pubmed,GeneralSheaf,true,3,4,epoch-200,2,6,cohens_d_train,0.5339036
pubmed,GeneralSheaf,true,3,4,epoch-200,3,6,cohens_d_train,0.5418726
pubmed,GeneralSheaf,true,3,4,epoch-200,4,6,cohens_d_train,0.54340214
pubmed,GeneralSheaf,true,3,4,epoch-200,0,6,cohens_d_test,0.40810534
pubmed,GeneralSheaf,true,3,4,epoch-200,1,6,cohens_d_test,0.40716788
pubmed,GeneralSheaf,true,3,4,epoch-200,2,6,cohens_d_test,0.3682291
pubmed,GeneralSheaf,true,3,4,epoch-200,3,6,cohens_d_test,0.3329684
pubmed,GeneralSheaf,true,3,4,epoch-200,4,6,cohens_d_test,0.31869912
pubmed,GeneralSheaf,true,3,4,epoch-200,0,7,degree,-0.006852712392584528
pubmed,GeneralSheaf,true,3,4,epoch-200,1,7,degree,0.0872060509096432
pubmed,GeneralSheaf,true,3,4,epoch-200,2,7,degree,0.3594563732908064
pubmed,GeneralSheaf,true,3,4,epoch-200,3,7,degree,0.47513775295076727
pubmed,GeneralSheaf,true,3,4,epoch-200,4,7,degree,0.4570227868330399
pubmed,GeneralSheaf,true,3,4,epoch-200,0,7,betweenness,-0.021694142469838855
pubmed,GeneralSheaf,true,3,4,epoch-200,1,7,betweenness,0.07523032714831929
pubmed,GeneralSheaf,true,3,4,epoch-200,2,7,betweenness,0.3338559944271407
pubmed,GeneralSheaf,true,3,4,epoch-200,3,7,betweenness,0.44082164496364845
pubmed,GeneralSheaf,true,3,4,epoch-200,4,7,betweenness,0.4189250068069039
pubmed,GeneralSheaf,true,3,4,epoch-200,0,7,confidence,0.5079569735176569
pubmed,GeneralSheaf,true,3,4,epoch-200,1,7,confidence,0.5270508138081437
pubmed,GeneralSheaf,true,3,4,epoch-200,2,7,confidence,0.5863698819578388
pubmed,GeneralSheaf,true,3,4,epoch-200,3,7,confidence,0.6552511180498088
pubmed,GeneralSheaf,true,3,4,epoch-200,4,7,confidence,0.6895251465674895
pubmed,GeneralSheaf,true,3,4,epoch-200,0,7,saliency,-0.30091807935254317
pubmed,GeneralSheaf,true,3,4,epoch-200,1,7,saliency,-0.25899424541430727
pubmed,GeneralSheaf,true,3,4,epoch-200,2,7,saliency,-0.2001525568006169
pubmed,GeneralSheaf,true,3,4,epoch-200,3,7,saliency,-0.23173503752888475
pubmed,GeneralSheaf,true,3,4,epoch-200,4,7,saliency,-0.27611339717384986
pubmed,GeneralSheaf,true,3,4,epoch-200,0,7,cohens_d_train,0.5602798
pubmed,GeneralSheaf,true,3,4,epoch-200,1,7,cohens_d_train,0.5350886
pubmed,GeneralSheaf,true,3,4,epoch-200,2,7,cohens_d_train,0.5379239
pubmed,GeneralSheaf,true,3,4,epoch-200,3,7,cohens_d_train,0.5667967
pubmed,GeneralSheaf,true,3,4,epoch-200,4,7,cohens_d_train,0.6079248
pubmed,GeneralSheaf,true,3,4,epoch-200,0,7,cohens_d_test,0.5030259
pubmed,GeneralSheaf,true,3,4,epoch-200,1,7,cohens_d_test,0.4029771
pubmed,GeneralSheaf,true,3,4,epoch-200,2,7,cohens_d_test,0.36226043
pubmed,GeneralSheaf,true,3,4,epoch-200,3,7,cohens_d_test,0.3745281
pubmed,GeneralSheaf,true,3,4,epoch-200,4,7,cohens_d_test,0.4296354
pubmed,GeneralSheaf,true,3,4,epoch-200,0,8,degree,-0.0057165703654835105
pubmed,GeneralSheaf,true,3,4,epoch-200,1,8,degree,-0.0017278139942193138
pubmed,GeneralSheaf,true,3,4,epoch-200,2,8,degree,0.23943479447443175
pubmed,GeneralSheaf,true,3,4,epoch-200,3,8,degree,0.5188609969604475
pubmed,GeneralSheaf,true,3,4,epoch-200,4,8,degree,0.6029753111614493
pubmed,GeneralSheaf,true,3,4,epoch-200,0,8,betweenness,-0.017645505233092464
pubmed,GeneralSheaf,true,3,4,epoch-200,1,8,betweenness,-0.014213107504287793
pubmed,GeneralSheaf,true,3,4,epoch-200,2,8,betweenness,0.208828164159702
pubmed,GeneralSheaf,true,3,4,epoch-200,3,8,betweenness,0.4681470212278558
pubmed,GeneralSheaf,true,3,4,epoch-200,4,8,betweenness,0.542118081472534
pubmed,GeneralSheaf,true,3,4,epoch-200,0,8,confidence,0.4918681948558813
pubmed,GeneralSheaf,true,3,4,epoch-200,1,8,confidence,0.49392739696023474
pubmed,GeneralSheaf,true,3,4,epoch-200,2,8,confidence,0.5511392595050406
pubmed,GeneralSheaf,true,3,4,epoch-200,3,8,confidence,0.6076613442020851
pubmed,GeneralSheaf,true,3,4,epoch-200,4,8,confidence,0.6420003174271317
pubmed,GeneralSheaf,true,3,4,epoch-200,0,8,saliency,-0.29470649043464137
pubmed,GeneralSheaf,true,3,4,epoch-200,1,8,saliency,-0.294188494205986
pubmed,GeneralSheaf,true,3,4,epoch-200,2,8,saliency,-0.21127751622119653
pubmed,GeneralSheaf,true,3,4,epoch-200,3,8,saliency,-0.16398743773055735
pubmed,GeneralSheaf,true,3,4,epoch-200,4,8,saliency,-0.18499295578324357
pubmed,GeneralSheaf,true,3,4,epoch-200,0,8,cohens_d_train,0.45305398
pubmed,GeneralSheaf,true,3,4,epoch-200,1,8,cohens_d_train,0.45399064
pubmed,GeneralSheaf,true,3,4,epoch-200,2,8,cohens_d_train,0.47006407
pubmed,GeneralSheaf,true,3,4,epoch-200,3,8,cohens_d_train,0.37215856
pubmed,GeneralSheaf,true,3,4,epoch-200,4,8,cohens_d_train,0.37011948
pubmed,GeneralSheaf,true,3,4,epoch-200,0,8,cohens_d_test,0.5133193
pubmed,GeneralSheaf,true,3,4,epoch-200,1,8,cohens_d_test,0.5127559
pubmed,GeneralSheaf,true,3,4,epoch-200,2,8,cohens_d_test,0.46032068
pubmed,GeneralSheaf,true,3,4,epoch-200,3,8,cohens_d_test,0.3079474
pubmed,GeneralSheaf,true,3,4,epoch-200,4,8,cohens_d_test,0.2943786
pubmed,GeneralSheaf,true,3,4,epoch-200,0,9,degree,0.012373596794697149
pubmed,GeneralSheaf,true,3,4,epoch-200,1,9,degree,0.06845851386471585
pubmed,GeneralSheaf,true,3,4,epoch-200,2,9,degree,0.1575591379757209
pubmed,GeneralSheaf,true,3,4,epoch-200,3,9,degree,0.4823115748179232
pubmed,GeneralSheaf,true,3,4,epoch-200,4,9,degree,0.6237373519748984
pubmed,GeneralSheaf,true,3,4,epoch-200,0,9,betweenness,-0.006590781340878552
pubmed,GeneralSheaf,true,3,4,epoch-200,1,9,betweenness,0.0472281993089074
pubmed,GeneralSheaf,true,3,4,epoch-200,2,9,betweenness,0.12984724120850813
pubmed,GeneralSheaf,true,3,4,epoch-200,3,9,betweenness,0.43566975438377803
pubmed,GeneralSheaf,true,3,4,epoch-200,4,9,betweenness,0.5564867290641181
pubmed,GeneralSheaf,true,3,4,epoch-200,0,9,confidence,0.4635549174704645
pubmed,GeneralSheaf,true,3,4,epoch-200,1,9,confidence,0.49471997628732217
pubmed,GeneralSheaf,true,3,4,epoch-200,2,9,confidence,0.5435132289987944
pubmed,GeneralSheaf,true,3,4,epoch-200,3,9,confidence,0.6377695713993004
pubmed,GeneralSheaf,true,3,4,epoch-200,4,9,confidence,0.6822575284370884
pubmed,GeneralSheaf,true,3,4,epoch-200,0,9,saliency,-0.2606991711733208
pubmed,GeneralSheaf,true,3,4,epoch-200,1,9,saliency,-0.2480366063772009
pubmed,GeneralSheaf,true,3,4,epoch-200,2,9,saliency,-0.24359923939096864
pubmed,GeneralSheaf,true,3,4,epoch-200,3,9,saliency,-0.19902382341641053
pubmed,GeneralSheaf,true,3,4,epoch-200,4,9,saliency,-0.2449334159106003
pubmed,GeneralSheaf,true,3,4,epoch-200,0,9,cohens_d_train,0.5363187
pubmed,GeneralSheaf,true,3,4,epoch-200,1,9,cohens_d_train,0.5611749
pubmed,GeneralSheaf,true,3,4,epoch-200,2,9,cohens_d_train,0.59542024
pubmed,GeneralSheaf,true,3,4,epoch-200,3,9,cohens_d_train,0.61003006
pubmed,GeneralSheaf,true,3,4,epoch-200,4,9,cohens_d_train,0.6469348
pubmed,GeneralSheaf,true,3,4,epoch-200,0,9,cohens_d_test,0.3909985
pubmed,GeneralSheaf,true,3,4,epoch-200,1,9,cohens_d_test,0.40495688
pubmed,GeneralSheaf,true,3,4,epoch-200,2,9,cohens_d_test,0.4031828
pubmed,GeneralSheaf,true,3,4,epoch-200,3,9,cohens_d_test,0.27909347
pubmed,GeneralSheaf,true,3,4,epoch-200,4,9,cohens_d_test,0.22809616
pubmed,GeneralSheaf,true,3,4,best-epoch,0,0,degree,0.006703045443070444
pubmed,GeneralSheaf,true,3,4,best-epoch,1,0,degree,-0.10069079249152929
pubmed,GeneralSheaf,true,3,4,best-epoch,2,0,degree,0.051241170430843065
pubmed,GeneralSheaf,true,3,4,best-epoch,3,0,degree,0.36597701577494973
pubmed,GeneralSheaf,true,3,4,best-epoch,4,0,degree,0.4379613083476095
pubmed,GeneralSheaf,true,3,4,best-epoch,0,0,betweenness,-0.010607664575307705
pubmed,GeneralSheaf,true,3,4,best-epoch,1,0,betweenness,-0.11538692678422909
pubmed,GeneralSheaf,true,3,4,best-epoch,2,0,betweenness,0.03189503232189968
pubmed,GeneralSheaf,true,3,4,best-epoch,3,0,betweenness,0.328082050857997
pubmed,GeneralSheaf,true,3,4,best-epoch,4,0,betweenness,0.3877940696476049
pubmed,GeneralSheaf,true,3,4,best-epoch,0,0,confidence,0.5067987055787044
pubmed,GeneralSheaf,true,3,4,best-epoch,1,0,confidence,0.5226137723614345
pubmed,GeneralSheaf,true,3,4,best-epoch,2,0,confidence,0.5815578236133154
pubmed,GeneralSheaf,true,3,4,best-epoch,3,0,confidence,0.6676714804343403
pubmed,GeneralSheaf,true,3,4,best-epoch,4,0,confidence,0.6710499899862867
pubmed,GeneralSheaf,true,3,4,best-epoch,0,0,saliency,-0.3812197150803584
pubmed,GeneralSheaf,true,3,4,best-epoch,1,0,saliency,-0.42050856567151373
pubmed,GeneralSheaf,true,3,4,best-epoch,2,0,saliency,-0.3743194493006219
pubmed,GeneralSheaf,true,3,4,best-epoch,3,0,saliency,-0.34082678219499357
pubmed,GeneralSheaf,true,3,4,best-epoch,4,0,saliency,-0.34222912901146507
pubmed,GeneralSheaf,true,3,4,best-epoch,0,0,cohens_d_train,0.5967032
pubmed,GeneralSheaf,true,3,4,best-epoch,1,0,cohens_d_train,0.64711255
pubmed,GeneralSheaf,true,3,4,best-epoch,2,0,cohens_d_train,0.6161307
pubmed,GeneralSheaf,true,3,4,best-epoch,3,0,cohens_d_train,0.5724947
pubmed,GeneralSheaf,true,3,4,best-epoch,4,0,cohens_d_train,0.5717034
pubmed,GeneralSheaf,true,3,4,best-epoch,0,0,cohens_d_test,0.54297525
pubmed,GeneralSheaf,true,3,4,best-epoch,1,0,cohens_d_test,0.57820064
pubmed,GeneralSheaf,true,3,4,best-epoch,2,0,cohens_d_test,0.4898131
pubmed,GeneralSheaf,true,3,4,best-epoch,3,0,cohens_d_test,0.4326977
pubmed,GeneralSheaf,true,3,4,best-epoch,4,0,cohens_d_test,0.43753758
pubmed,GeneralSheaf,true,3,4,best-epoch,0,1,degree,0.019378511911270414
pubmed,GeneralSheaf,true,3,4,best-epoch,1,1,degree,0.18752516710798187
pubmed,GeneralSheaf,true,3,4,best-epoch,2,1,degree,0.4565074455202801
pubmed,GeneralSheaf,true,3,4,best-epoch,3,1,degree,0.4895283606264292
pubmed,GeneralSheaf,true,3,4,best-epoch,4,1,degree,0.5617103329281861
pubmed,GeneralSheaf,true,3,4,best-epoch,0,1,betweenness,0.0004965402073191116
pubmed,GeneralSheaf,true,3,4,best-epoch,1,1,betweenness,0.1620888338706105
pubmed,GeneralSheaf,true,3,4,best-epoch,2,1,betweenness,0.4109545729583664
pubmed,GeneralSheaf,true,3,4,best-epoch,3,1,betweenness,0.44215727636128577
pubmed,GeneralSheaf,true,3,4,best-epoch,4,1,betweenness,0.5045933500484767
pubmed,GeneralSheaf,true,3,4,best-epoch,0,1,confidence,0.47555838327504624
pubmed,GeneralSheaf,true,3,4,best-epoch,1,1,confidence,0.5016989893136707
pubmed,GeneralSheaf,true,3,4,best-epoch,2,1,confidence,0.5947971837846114
pubmed,GeneralSheaf,true,3,4,best-epoch,3,1,confidence,0.6521219884728982
pubmed,GeneralSheaf,true,3,4,best-epoch,4,1,confidence,0.6255454337398081
pubmed,GeneralSheaf,true,3,4,best-epoch,0,1,saliency,-0.27200561107639665
pubmed,GeneralSheaf,true,3,4,best-epoch,1,1,saliency,-0.21625380957520213
pubmed,GeneralSheaf,true,3,4,best-epoch,2,1,saliency,-0.24516677720015492
pubmed,GeneralSheaf,true,3,4,best-epoch,3,1,saliency,-0.30380180461669565
pubmed,GeneralSheaf,true,3,4,best-epoch,4,1,saliency,-0.3095069814770495
pubmed,GeneralSheaf,true,3,4,best-epoch,0,1,cohens_d_train,0.41968647
pubmed,GeneralSheaf,true,3,4,best-epoch,1,1,cohens_d_train,0.4394144
pubmed,GeneralSheaf,true,3,4,best-epoch,2,1,cohens_d_train,0.45516515
pubmed,GeneralSheaf,true,3,4,best-epoch,3,1,cohens_d_train,0.50958854
pubmed,GeneralSheaf,true,3,4,best-epoch,4,1,cohens_d_train,0.48931804
pubmed,GeneralSheaf,true,3,4,best-epoch,0,1,cohens_d_test,0.44090676
pubmed,GeneralSheaf,true,3,4,best-epoch,1,1,cohens_d_test,0.41862184
pubmed,GeneralSheaf,true,3,4,best-epoch,2,1,cohens_d_test,0.4214142
pubmed,GeneralSheaf,true,3,4,best-epoch,3,1,cohens_d_test,0.4426821
pubmed,GeneralSheaf,true,3,4,best-epoch,4,1,cohens_d_test,0.408411
pubmed,GeneralSheaf,true,3,4,best-epoch,0,2,degree,0.01023071861374303
pubmed,GeneralSheaf,true,3,4,best-epoch,1,2,degree,0.10796937731539717
pubmed,GeneralSheaf,true,3,4,best-epoch,2,2,degree,0.2961304257610568
pubmed,GeneralSheaf,true,3,4,best-epoch,3,2,degree,0.5649315840855906
pubmed,GeneralSheaf,true,3,4,best-epoch,4,2,degree,0.5043143685556641
pubmed,GeneralSheaf,true,3,4,best-epoch,0,2,betweenness,-0.006589308899128879
pubmed,GeneralSheaf,true,3,4,best-epoch,1,2,betweenness,0.08574713173003112
pubmed,GeneralSheaf,true,3,4,best-epoch,2,2,betweenness,0.25836934170219544
pubmed,GeneralSheaf,true,3,4,best-epoch,3,2,betweenness,0.5115787719672487
pubmed,GeneralSheaf,true,3,4,best-epoch,4,2,betweenness,0.4396230686938311
pubmed,GeneralSheaf,true,3,4,best-epoch,0,2,confidence,0.5357757055084582
pubmed,GeneralSheaf,true,3,4,best-epoch,1,2,confidence,0.5463373990401661
pubmed,GeneralSheaf,true,3,4,best-epoch,2,2,confidence,0.5809540408390589
pubmed,GeneralSheaf,true,3,4,best-epoch,3,2,confidence,0.7233703194980914
pubmed,GeneralSheaf,true,3,4,best-epoch,4,2,confidence,0.7840859667928446
pubmed,GeneralSheaf,true,3,4,best-epoch,0,2,saliency,-0.33514585494597987
pubmed,GeneralSheaf,true,3,4,best-epoch,1,2,saliency,-0.311424671322409
pubmed,GeneralSheaf,true,3,4,best-epoch,2,2,saliency,-0.31094648166346495
pubmed,GeneralSheaf,true,3,4,best-epoch,3,2,saliency,-0.4062709383415411
pubmed,GeneralSheaf,true,3,4,best-epoch,4,2,saliency,-0.47485069182899436
pubmed,GeneralSheaf,true,3,4,best-epoch,0,2,cohens_d_train,0.4996566
pubmed,GeneralSheaf,true,3,4,best-epoch,1,2,cohens_d_train,0.51414704
pubmed,GeneralSheaf,true,3,4,best-epoch,2,2,cohens_d_train,0.40917975
pubmed,GeneralSheaf,true,3,4,best-epoch,3,2,cohens_d_train,0.3571273
pubmed,GeneralSheaf,true,3,4,best-epoch,4,2,cohens_d_train,0.4559696
pubmed,GeneralSheaf,true,3,4,best-epoch,0,2,cohens_d_test,0.5008547
pubmed,GeneralSheaf,true,3,4,best-epoch,1,2,cohens_d_test,0.47664687
pubmed,GeneralSheaf,true,3,4,best-epoch,2,2,cohens_d_test,0.32328525
pubmed,GeneralSheaf,true,3,4,best-epoch,3,2,cohens_d_test,0.25991026
pubmed,GeneralSheaf,true,3,4,best-epoch,4,2,cohens_d_test,0.36217487
pubmed,GeneralSheaf,true,3,4,best-epoch,0,3,degree,0.008931849438322535
pubmed,GeneralSheaf,true,3,4,best-epoch,1,3,degree,0.04488446564285313
pubmed,GeneralSheaf,true,3,4,best-epoch,2,3,degree,0.3479075275138586
pubmed,GeneralSheaf,true,3,4,best-epoch,3,3,degree,0.5277365100114791
pubmed,GeneralSheaf,true,3,4,best-epoch,4,3,degree,0.5889885929442482
pubmed,GeneralSheaf,true,3,4,best-epoch,0,3,betweenness,-0.009352214447870225
pubmed,GeneralSheaf,true,3,4,best-epoch,1,3,betweenness,0.023872060084861094
pubmed,GeneralSheaf,true,3,4,best-epoch,2,3,betweenness,0.3048552476421764
pubmed,GeneralSheaf,true,3,4,best-epoch,3,3,betweenness,0.4700321031927707
pubmed,GeneralSheaf,true,3,4,best-epoch,4,3,betweenness,0.5249953972340782
pubmed,GeneralSheaf,true,3,4,best-epoch,0,3,confidence,0.47505490214644397
pubmed,GeneralSheaf,true,3,4,best-epoch,1,3,confidence,0.4915905366309291
pubmed,GeneralSheaf,true,3,4,best-epoch,2,3,confidence,0.5628205296201105
pubmed,GeneralSheaf,true,3,4,best-epoch,3,3,confidence,0.6509144157995203
pubmed,GeneralSheaf,true,3,4,best-epoch,4,3,confidence,0.7059284235518738
pubmed,GeneralSheaf,true,3,4,best-epoch,0,3,saliency,-0.23524023574790376
pubmed,GeneralSheaf,true,3,4,best-epoch,1,3,saliency,-0.23002922368096904
pubmed,GeneralSheaf,true,3,4,best-epoch,2,3,saliency,-0.15916482754888667
pubmed,GeneralSheaf,true,3,4,best-epoch,3,3,saliency,-0.2182787109872078
pubmed,GeneralSheaf,true,3,4,best-epoch,4,3,saliency,-0.2966254723518579
pubmed,GeneralSheaf,true,3,4,best-epoch,0,3,cohens_d_train,0.49993205
pubmed,GeneralSheaf,true,3,4,best-epoch,1,3,cohens_d_train,0.5088289
pubmed,GeneralSheaf,true,3,4,best-epoch,2,3,cohens_d_train,0.48396567
pubmed,GeneralSheaf,true,3,4,best-epoch,3,3,cohens_d_train,0.46513155
pubmed,GeneralSheaf,true,3,4,best-epoch,4,3,cohens_d_train,0.49655354
pubmed,GeneralSheaf,true,3,4,best-epoch,0,3,cohens_d_test,0.5094607
pubmed,GeneralSheaf,true,3,4,best-epoch,1,3,cohens_d_test,0.5067805
pubmed,GeneralSheaf,true,3,4,best-epoch,2,3,cohens_d_test,0.43440565
pubmed,GeneralSheaf,true,3,4,best-epoch,3,3,cohens_d_test,0.39157015
pubmed,GeneralSheaf,true,3,4,best-epoch,4,3,cohens_d_test,0.41912794
pubmed,GeneralSheaf,true,3,4,best-epoch,0,4,degree,0.008090422637508414
pubmed,GeneralSheaf,true,3,4,best-epoch,1,4,degree,0.05287802735086952
pubmed,GeneralSheaf,true,3,4,best-epoch,2,4,degree,0.3627197391096762
pubmed,GeneralSheaf,true,3,4,best-epoch,3,4,degree,0.481162453531876
pubmed,GeneralSheaf,true,3,4,best-epoch,4,4,degree,0.47753325078376924
pubmed,GeneralSheaf,true,3,4,best-epoch,0,4,betweenness,-0.01326039025734366
pubmed,GeneralSheaf,true,3,4,best-epoch,1,4,betweenness,0.03039692629873321
pubmed,GeneralSheaf,true,3,4,best-epoch,2,4,betweenness,0.3261519844186495
pubmed,GeneralSheaf,true,3,4,best-epoch,3,4,betweenness,0.4382353094899635
pubmed,GeneralSheaf,true,3,4,best-epoch,4,4,betweenness,0.43357313147060955
pubmed,GeneralSheaf,true,3,4,best-epoch,0,4,confidence,0.535870461725745
pubmed,GeneralSheaf,true,3,4,best-epoch,1,4,confidence,0.5597262729269031
pubmed,GeneralSheaf,true,3,4,best-epoch,2,4,confidence,0.629635876438414
pubmed,GeneralSheaf,true,3,4,best-epoch,3,4,confidence,0.6811050900255871
pubmed,GeneralSheaf,true,3,4,best-epoch,4,4,confidence,0.7452561478370893
pubmed,GeneralSheaf,true,3,4,best-epoch,0,4,saliency,-0.31512426259017706
pubmed,GeneralSheaf,true,3,4,best-epoch,1,4,saliency,-0.30243966049144494
pubmed,GeneralSheaf,true,3,4,best-epoch,2,4,saliency,-0.27940682918228366
pubmed,GeneralSheaf,true,3,4,best-epoch,3,4,saliency,-0.3302112068865186
pubmed,GeneralSheaf,true,3,4,best-epoch,4,4,saliency,-0.3990918994034122
pubmed,GeneralSheaf,true,3,4,best-epoch,0,4,cohens_d_train,0.54918814
pubmed,GeneralSheaf,true,3,4,best-epoch,1,4,cohens_d_train,0.5632143
pubmed,GeneralSheaf,true,3,4,best-epoch,2,4,cohens_d_train,0.52222127
pubmed,GeneralSheaf,true,3,4,best-epoch,3,4,cohens_d_train,0.47700304
pubmed,GeneralSheaf,true,3,4,best-epoch,4,4,cohens_d_train,0.5578705
pubmed,GeneralSheaf,true,3,4,best-epoch,0,4,cohens_d_test,0.48766568
pubmed,GeneralSheaf,true,3,4,best-epoch,1,4,cohens_d_test,0.47214445
pubmed,GeneralSheaf,true,3,4,best-epoch,2,4,cohens_d_test,0.46272337
pubmed,GeneralSheaf,true,3,4,best-epoch,3,4,cohens_d_test,0.42426464
pubmed,GeneralSheaf,true,3,4,best-epoch,4,4,cohens_d_test,0.475037
pubmed,GeneralSheaf,true,3,4,best-epoch,0,5,degree,0.0024796177921574338
pubmed,GeneralSheaf,true,3,4,best-epoch,1,5,degree,0.05104353048475872
pubmed,GeneralSheaf,true,3,4,best-epoch,2,5,degree,0.21387366564375102
pubmed,GeneralSheaf,true,3,4,best-epoch,3,5,degree,0.43076361244560557
pubmed,GeneralSheaf,true,3,4,best-epoch,4,5,degree,0.5555001298046716
pubmed,GeneralSheaf,true,3,4,best-epoch,0,5,betweenness,-0.00757444379597331
pubmed,GeneralSheaf,true,3,4,best-epoch,1,5,betweenness,0.0354732468797063
pubmed,GeneralSheaf,true,3,4,best-epoch,2,5,betweenness,0.18377095438880114
pubmed,GeneralSheaf,true,3,4,best-epoch,3,5,betweenness,0.3796959418914682
pubmed,GeneralSheaf,true,3,4,best-epoch,4,5,betweenness,0.48651418979329586
pubmed,GeneralSheaf,true,3,4,best-epoch,0,5,confidence,0.3809954489025179
pubmed,GeneralSheaf,true,3,4,best-epoch,1,5,confidence,0.4030690596509649
pubmed,GeneralSheaf,true,3,4,best-epoch,2,5,confidence,0.4534120000610139
pubmed,GeneralSheaf,true,3,4,best-epoch,3,5,confidence,0.5657097688212861
pubmed,GeneralSheaf,true,3,4,best-epoch,4,5,confidence,0.6439442002179829
pubmed,GeneralSheaf,true,3,4,best-epoch,0,5,saliency,-0.2697350884488908
pubmed,GeneralSheaf,true,3,4,best-epoch,1,5,saliency,-0.25387255671698317
pubmed,GeneralSheaf,true,3,4,best-epoch,2,5,saliency,-0.19929596575527456
pubmed,GeneralSheaf,true,3,4,best-epoch,3,5,saliency,-0.19798598510807003
pubmed,GeneralSheaf,true,3,4,best-epoch,4,5,saliency,-0.23970532328132935
pubmed,GeneralSheaf,true,3,4,best-epoch,0,5,cohens_d_train,0.39172876
pubmed,GeneralSheaf,true,3,4,best-epoch,1,5,cohens_d_train,0.40677312
pubmed,GeneralSheaf,true,3,4,best-epoch,2,5,cohens_d_train,0.4365972
pubmed,GeneralSheaf,true,3,4,best-epoch,3,5,cohens_d_train,0.42777118
pubmed,GeneralSheaf,true,3,4,best-epoch,4,5,cohens_d_train,0.4454174
pubmed,GeneralSheaf,true,3,4,best-epoch,0,5,cohens_d_test,0.33856916
pubmed,GeneralSheaf,true,3,4,best-epoch,1,5,cohens_d_test,0.3372777
pubmed,GeneralSheaf,true,3,4,best-epoch,2,5,cohens_d_test,0.28741044
pubmed,GeneralSheaf,true,3,4,best-epoch,3,5,cohens_d_test,0.21646008
pubmed,GeneralSheaf,true,3,4,best-epoch,4,5,cohens_d_test,0.20420898
pubmed,GeneralSheaf,true,3,4,best-epoch,0,6,degree,0.013708288292200803
pubmed,GeneralSheaf,true,3,4,best-epoch,1,6,degree,0.04766808724570838
pubmed,GeneralSheaf,true,3,4,best-epoch,2,6,degree,0.22028138149960347
pubmed,GeneralSheaf,true,3,4,best-epoch,3,6,degree,0.4183544907991069
pubmed,GeneralSheaf,true,3,4,best-epoch,4,6,degree,0.4956187927696273
pubmed,GeneralSheaf,true,3,4,best-epoch,0,6,betweenness,-0.007284223640890127
pubmed,GeneralSheaf,true,3,4,best-epoch,1,6,betweenness,0.02734555764698064
pubmed,GeneralSheaf,true,3,4,best-epoch,2,6,betweenness,0.19158411959796737
pubmed,GeneralSheaf,true,3,4,best-epoch,3,6,betweenness,0.3759446627007627
pubmed,GeneralSheaf,true,3,4,best-epoch,4,6,betweenness,0.45117790475811115
pubmed,GeneralSheaf,true,3,4,best-epoch,0,6,confidence,0.5380121809036332
pubmed,GeneralSheaf,true,3,4,best-epoch,1,6,confidence,0.5709001812829226
pubmed,GeneralSheaf,true,3,4,best-epoch,2,6,confidence,0.6402306422435836
pubmed,GeneralSheaf,true,3,4,best-epoch,3,6,confidence,0.7029345320927383
pubmed,GeneralSheaf,true,3,4,best-epoch,4,6,confidence,0.7189762287807432
pubmed,GeneralSheaf,true,3,4,best-epoch,0,6,saliency,-0.3296455269015576
pubmed,GeneralSheaf,true,3,4,best-epoch,1,6,saliency,-0.33008892415221963
pubmed,GeneralSheaf,true,3,4,best-epoch,2,6,saliency,-0.31443334742477363
pubmed,GeneralSheaf,true,3,4,best-epoch,3,6,saliency,-0.3251603706499628
pubmed,GeneralSheaf,true,3,4,best-epoch,4,6,saliency,-0.35518408665532664
pubmed,GeneralSheaf,true,3,4,best-epoch,0,6,cohens_d_train,0.5814231
pubmed,GeneralSheaf,true,3,4,best-epoch,1,6,cohens_d_train,0.5993266
pubmed,GeneralSheaf,true,3,4,best-epoch,2,6,cohens_d_train,0.58195525
pubmed,GeneralSheaf,true,3,4,best-epoch,3,6,cohens_d_train,0.59135413
pubmed,GeneralSheaf,true,3,4,best-epoch,4,6,cohens_d_train,0.58638185
pubmed,GeneralSheaf,true,3,4,best-epoch,0,6,cohens_d_test,0.4552857
pubmed,GeneralSheaf,true,3,4,best-epoch,1,6,cohens_d_test,0.43617868
pubmed,GeneralSheaf,true,3,4,best-epoch,2,6,cohens_d_test,0.38712916
pubmed,GeneralSheaf,true,3,4,best-epoch,3,6,cohens_d_test,0.38863617
pubmed,GeneralSheaf,true,3,4,best-epoch,4,6,cohens_d_test,0.36988828
pubmed,GeneralSheaf,true,3,4,best-epoch,0,7,degree,-0.011290159042475684
pubmed,GeneralSheaf,true,3,4,best-epoch,1,7,degree,-0.016148508807129945
pubmed,GeneralSheaf,true,3,4,best-epoch,2,7,degree,0.3483924326086968
pubmed,GeneralSheaf,true,3,4,best-epoch,3,7,degree,0.44931160088083877
pubmed,GeneralSheaf,true,3,4,best-epoch,4,7,degree,0.4296587072970755
pubmed,GeneralSheaf,true,3,4,best-epoch,0,7,betweenness,-0.02184988276991763
pubmed,GeneralSheaf,true,3,4,best-epoch,1,7,betweenness,-0.021768647699204884
pubmed,GeneralSheaf,true,3,4,best-epoch,2,7,betweenness,0.32190344368613755
pubmed,GeneralSheaf,true,3,4,best-epoch,3,7,betweenness,0.41242620137990593
pubmed,GeneralSheaf,true,3,4,best-epoch,4,7,betweenness,0.3892981356854147
pubmed,GeneralSheaf,true,3,4,best-epoch,0,7,confidence,0.5664040270173972
pubmed,GeneralSheaf,true,3,4,best-epoch,1,7,confidence,0.5662215424134329
pubmed,GeneralSheaf,true,3,4,best-epoch,2,7,confidence,0.6197842544702176
pubmed,GeneralSheaf,true,3,4,best-epoch,3,7,confidence,0.6777192065683009
pubmed,GeneralSheaf,true,3,4,best-epoch,4,7,confidence,0.7170279647226623
pubmed,GeneralSheaf,true,3,4,best-epoch,0,7,saliency,-0.3472584242458167
pubmed,GeneralSheaf,true,3,4,best-epoch,1,7,saliency,-0.33701848144529317
pubmed,GeneralSheaf,true,3,4,best-epoch,2,7,saliency,-0.31236227823916507
pubmed,GeneralSheaf,true,3,4,best-epoch,3,7,saliency,-0.3659398221766497
pubmed,GeneralSheaf,true,3,4,best-epoch,4,7,saliency,-0.4117585061474388
pubmed,GeneralSheaf,true,3,4,best-epoch,0,7,cohens_d_train,0.57400024
pubmed,GeneralSheaf,true,3,4,best-epoch,1,7,cohens_d_train,0.58115387
pubmed,GeneralSheaf,true,3,4,best-epoch,2,7,cohens_d_train,0.54591584
pubmed,GeneralSheaf,true,3,4,best-epoch,3,7,cohens_d_train,0.5319315
pubmed,GeneralSheaf,true,3,4,best-epoch,4,7,cohens_d_train,0.59341043
pubmed,GeneralSheaf,true,3,4,best-epoch,0,7,cohens_d_test,0.52906156
pubmed,GeneralSheaf,true,3,4,best-epoch,1,7,cohens_d_test,0.47433636
pubmed,GeneralSheaf,true,3,4,best-epoch,2,7,cohens_d_test,0.46219012
pubmed,GeneralSheaf,true,3,4,best-epoch,3,7,cohens_d_test,0.47360018
pubmed,GeneralSheaf,true,3,4,best-epoch,4,7,cohens_d_test,0.53771013
pubmed,GeneralSheaf,true,3,4,best-epoch,0,8,degree,-0.025844637508431897
pubmed,GeneralSheaf,true,3,4,best-epoch,1,8,degree,0.008627136402839018
pubmed,GeneralSheaf,true,3,4,best-epoch,2,8,degree,0.32366572092555623
pubmed,GeneralSheaf,true,3,4,best-epoch,3,8,degree,0.5948993071897045
pubmed,GeneralSheaf,true,3,4,best-epoch,4,8,degree,0.601560831620839
pubmed,GeneralSheaf,true,3,4,best-epoch,0,8,betweenness,-0.02836078775813286
pubmed,GeneralSheaf,true,3,4,best-epoch,1,8,betweenness,0.0028057151266189777
pubmed,GeneralSheaf,true,3,4,best-epoch,2,8,betweenness,0.2983399623004519
pubmed,GeneralSheaf,true,3,4,best-epoch,3,8,betweenness,0.5443327005541595
pubmed,GeneralSheaf,true,3,4,best-epoch,4,8,betweenness,0.5449065341487923
pubmed,GeneralSheaf,true,3,4,best-epoch,0,8,confidence,0.5098976368766491
pubmed,GeneralSheaf,true,3,4,best-epoch,1,8,confidence,0.5205784567728996
pubmed,GeneralSheaf,true,3,4,best-epoch,2,8,confidence,0.564257373663635
pubmed,GeneralSheaf,true,3,4,best-epoch,3,8,confidence,0.6123389033233442
pubmed,GeneralSheaf,true,3,4,best-epoch,4,8,confidence,0.647499814269055
pubmed,GeneralSheaf,true,3,4,best-epoch,0,8,saliency,-0.2593337534478998
pubmed,GeneralSheaf,true,3,4,best-epoch,1,8,saliency,-0.25550603892879664
pubmed,GeneralSheaf,true,3,4,best-epoch,2,8,saliency,-0.17867116847590683
pubmed,GeneralSheaf,true,3,4,best-epoch,3,8,saliency,-0.19282318376194016
pubmed,GeneralSheaf,true,3,4,best-epoch,4,8,saliency,-0.23989456379358307
pubmed,GeneralSheaf,true,3,4,best-epoch,0,8,cohens_d_train,0.49674293
pubmed,GeneralSheaf,true,3,4,best-epoch,1,8,cohens_d_train,0.48641628
pubmed,GeneralSheaf,true,3,4,best-epoch,2,8,cohens_d_train,0.3880516
pubmed,GeneralSheaf,true,3,4,best-epoch,3,8,cohens_d_train,0.26364952
pubmed,GeneralSheaf,true,3,4,best-epoch,4,8,cohens_d_train,0.33289245
pubmed,GeneralSheaf,true,3,4,best-epoch,0,8,cohens_d_test,0.5539996
pubmed,GeneralSheaf,true,3,4,best-epoch,1,8,cohens_d_test,0.5499631
pubmed,GeneralSheaf,true,3,4,best-epoch,2,8,cohens_d_test,0.4825575
pubmed,GeneralSheaf,true,3,4,best-epoch,3,8,cohens_d_test,0.3507959
pubmed,GeneralSheaf,true,3,4,best-epoch,4,8,cohens_d_test,0.40152922
pubmed,GeneralSheaf,true,3,4,best-epoch,0,9,degree,-0.0037951548978553246
pubmed,GeneralSheaf,true,3,4,best-epoch,1,9,degree,0.019828640753217462
pubmed,GeneralSheaf,true,3,4,best-epoch,2,9,degree,0.14027156667646212
pubmed,GeneralSheaf,true,3,4,best-epoch,3,9,degree,0.48000391232202944
pubmed,GeneralSheaf,true,3,4,best-epoch,4,9,degree,0.6132656929426419
pubmed,GeneralSheaf,true,3,4,best-epoch,0,9,betweenness,-0.01769662742393799
pubmed,GeneralSheaf,true,3,4,best-epoch,1,9,betweenness,0.0062122843702092515
pubmed,GeneralSheaf,true,3,4,best-epoch,2,9,betweenness,0.11895383725880318
pubmed,GeneralSheaf,true,3,4,best-epoch,3,9,betweenness,0.4353325039139307
pubmed,GeneralSheaf,true,3,4,best-epoch,4,9,betweenness,0.5483257123419656
pubmed,GeneralSheaf,true,3,4,best-epoch,0,9,confidence,0.49975385491366237
pubmed,GeneralSheaf,true,3,4,best-epoch,1,9,confidence,0.515528636208731
pubmed,GeneralSheaf,true,3,4,best-epoch,2,9,confidence,0.5864366588241765
pubmed,GeneralSheaf,true,3,4,best-epoch,3,9,confidence,0.6806699593154618
pubmed,GeneralSheaf,true,3,4,best-epoch,4,9,confidence,0.7106543600309365
pubmed,GeneralSheaf,true,3,4,best-epoch,0,9,saliency,-0.29369706795918726
pubmed,GeneralSheaf,true,3,4,best-epoch,1,9,saliency,-0.28199383444854464
pubmed,GeneralSheaf,true,3,4,best-epoch,2,9,saliency,-0.2907461087527803
pubmed,GeneralSheaf,true,3,4,best-epoch,3,9,saliency,-0.2747450088165826
pubmed,GeneralSheaf,true,3,4,best-epoch,4,9,saliency,-0.3218256179211058
pubmed,GeneralSheaf,true,3,4,best-epoch,0,9,cohens_d_train,0.58012944
pubmed,GeneralSheaf,true,3,4,best-epoch,1,9,cohens_d_train,0.5830032
pubmed,GeneralSheaf,true,3,4,best-epoch,2,9,cohens_d_train,0.60985404
pubmed,GeneralSheaf,true,3,4,best-epoch,3,9,cohens_d_train,0.5706457
pubmed,GeneralSheaf,true,3,4,best-epoch,4,9,cohens_d_train,0.554702
pubmed,GeneralSheaf,true,3,4,best-epoch,0,9,cohens_d_test,0.4357559
pubmed,GeneralSheaf,true,3,4,best-epoch,1,9,cohens_d_test,0.43105832
pubmed,GeneralSheaf,true,3,4,best-epoch,2,9,cohens_d_test,0.43970284
pubmed,GeneralSheaf,true,3,4,best-epoch,3,9,cohens_d_test,0.35414326
pubmed,GeneralSheaf,true,3,4,best-epoch,4,9,cohens_d_test,0.32436222
pubmed,GeneralSheaf,true,3,4,last,0,0,degree,0.032455666361097465
pubmed,GeneralSheaf,true,3,4,last,1,0,degree,-0.046062682020241746
pubmed,GeneralSheaf,true,3,4,last,2,0,degree,0.12592899590070575
pubmed,GeneralSheaf,true,3,4,last,3,0,degree,0.4730471778583888
pubmed,GeneralSheaf,true,3,4,last,4,0,degree,0.555227900798755
pubmed,GeneralSheaf,true,3,4,last,0,0,betweenness,0.0007895323877876728
pubmed,GeneralSheaf,true,3,4,last,1,0,betweenness,-0.07785643545834367
pubmed,GeneralSheaf,true,3,4,last,2,0,betweenness,0.08458845090878235
pubmed,GeneralSheaf,true,3,4,last,3,0,betweenness,0.4135434722247243
pubmed,GeneralSheaf,true,3,4,last,4,0,betweenness,0.4872036572406474
pubmed,GeneralSheaf,true,3,4,last,0,0,confidence,0.4791567420609949
pubmed,GeneralSheaf,true,3,4,last,1,0,confidence,0.4686350882093893
pubmed,GeneralSheaf,true,3,4,last,2,0,confidence,0.523158862211897
pubmed,GeneralSheaf,true,3,4,last,3,0,confidence,0.6400634924663315
pubmed,GeneralSheaf,true,3,4,last,4,0,confidence,0.7124178710848095
pubmed,GeneralSheaf,true,3,4,last,0,0,saliency,-0.31200731190337644
pubmed,GeneralSheaf,true,3,4,last,1,0,saliency,-0.33635396119962985
pubmed,GeneralSheaf,true,3,4,last,2,0,saliency,-0.2768052168248701
pubmed,GeneralSheaf,true,3,4,last,3,0,saliency,-0.20509035164128342
pubmed,GeneralSheaf,true,3,4,last,4,0,saliency,-0.24059998415581804
pubmed,GeneralSheaf,true,3,4,last,0,0,cohens_d_train,0.5172476
pubmed,GeneralSheaf,true,3,4,last,1,0,cohens_d_train,0.49070674
pubmed,GeneralSheaf,true,3,4,last,2,0,cohens_d_train,0.50690895
pubmed,GeneralSheaf,true,3,4,last,3,0,cohens_d_train,0.56837803
pubmed,GeneralSheaf,true,3,4,last,4,0,cohens_d_train,0.6460823
pubmed,GeneralSheaf,true,3,4,last,0,0,cohens_d_test,0.4990938
pubmed,GeneralSheaf,true,3,4,last,1,0,cohens_d_test,0.517439
pubmed,GeneralSheaf,true,3,4,last,2,0,cohens_d_test,0.4413374
pubmed,GeneralSheaf,true,3,4,last,3,0,cohens_d_test,0.3575209
pubmed,GeneralSheaf,true,3,4,last,4,0,cohens_d_test,0.40469238
pubmed,GeneralSheaf,true,3,4,last,0,1,degree,0.004485100683866075
pubmed,GeneralSheaf,true,3,4,last,1,1,degree,0.11939428763131588
pubmed,GeneralSheaf,true,3,4,last,2,1,degree,0.44703079565072473
pubmed,GeneralSheaf,true,3,4,last,3,1,degree,0.4937485457628279
pubmed,GeneralSheaf,true,3,4,last,4,1,degree,0.5846799943177733
pubmed,GeneralSheaf,true,3,4,last,0,1,betweenness,-0.009282515097949333
pubmed,GeneralSheaf,true,3,4,last,1,1,betweenness,0.09998298975842099
pubmed,GeneralSheaf,true,3,4,last,2,1,betweenness,0.40323727744812515
pubmed,GeneralSheaf,true,3,4,last,3,1,betweenness,0.4494868609748625
pubmed,GeneralSheaf,true,3,4,last,4,1,betweenness,0.5295235691753881
pubmed,GeneralSheaf,true,3,4,last,0,1,confidence,0.4184223889643698
pubmed,GeneralSheaf,true,3,4,last,1,1,confidence,0.4517573538391518
pubmed,GeneralSheaf,true,3,4,last,2,1,confidence,0.5573204711916969
pubmed,GeneralSheaf,true,3,4,last,3,1,confidence,0.6185116085190507
pubmed,GeneralSheaf,true,3,4,last,4,1,confidence,0.6116543098753737
pubmed,GeneralSheaf,true,3,4,last,0,1,saliency,-0.1940824160157182
pubmed,GeneralSheaf,true,3,4,last,1,1,saliency,-0.14870840676184174
pubmed,GeneralSheaf,true,3,4,last,2,1,saliency,-0.08828881067325753
pubmed,GeneralSheaf,true,3,4,last,3,1,saliency,-0.14111350767016173
pubmed,GeneralSheaf,true,3,4,last,4,1,saliency,-0.15601269906108545
pubmed,GeneralSheaf,true,3,4,last,0,1,cohens_d_train,0.3807487
pubmed,GeneralSheaf,true,3,4,last,1,1,cohens_d_train,0.42447495
pubmed,GeneralSheaf,true,3,4,last,2,1,cohens_d_train,0.46169078
pubmed,GeneralSheaf,true,3,4,last,3,1,cohens_d_train,0.48355192
pubmed,GeneralSheaf,true,3,4,last,4,1,cohens_d_train,0.49951896
pubmed,GeneralSheaf,true,3,4,last,0,1,cohens_d_test,0.43636957
pubmed,GeneralSheaf,true,3,4,last,1,1,cohens_d_test,0.43724182
pubmed,GeneralSheaf,true,3,4,last,2,1,cohens_d_test,0.35323855
pubmed,GeneralSheaf,true,3,4,last,3,1,cohens_d_test,0.3431541
pubmed,GeneralSheaf,true,3,4,last,4,1,cohens_d_test,0.30535796
pubmed,GeneralSheaf,true,3,4,last,0,2,degree,0.009220353174912533
pubmed,GeneralSheaf,true,3,4,last,1,2,degree,0.031827094586991136
pubmed,GeneralSheaf,true,3,4,last,2,2,degree,0.12405693712125229
pubmed,GeneralSheaf,true,3,4,last,3,2,degree,0.411778501567553
pubmed,GeneralSheaf,true,3,4,last,4,2,degree,0.45811701048721126
pubmed,GeneralSheaf,true,3,4,last,0,2,betweenness,-0.00789414664378713
pubmed,GeneralSheaf,true,3,4,last,1,2,betweenness,0.016002224619539263
pubmed,GeneralSheaf,true,3,4,last,2,2,betweenness,0.10006171316735646
pubmed,GeneralSheaf,true,3,4,last,3,2,betweenness,0.3663380140667305
pubmed,GeneralSheaf,true,3,4,last,4,2,betweenness,0.40198557270635915
pubmed,GeneralSheaf,true,3,4,last,0,2,confidence,0.43198981232833006
pubmed,GeneralSheaf,true,3,4,last,1,2,confidence,0.41970263346461656
pubmed,GeneralSheaf,true,3,4,last,2,2,confidence,0.43869619937227833
pubmed,GeneralSheaf,true,3,4,last,3,2,confidence,0.5327476116931584
pubmed,GeneralSheaf,true,3,4,last,4,2,confidence,0.6303871299820898
pubmed,GeneralSheaf,true,3,4,last,0,2,saliency,-0.3043733982714689
pubmed,GeneralSheaf,true,3,4,last,1,2,saliency,-0.27237250804139124
pubmed,GeneralSheaf,true,3,4,last,2,2,saliency,-0.2351283565390178
pubmed,GeneralSheaf,true,3,4,last,3,2,saliency,-0.20025040018105
pubmed,GeneralSheaf,true,3,4,last,4,2,saliency,-0.2708432662089397
pubmed,GeneralSheaf,true,3,4,last,0,2,cohens_d_train,0.34609225
pubmed,GeneralSheaf,true,3,4,last,1,2,cohens_d_train,0.36070246
pubmed,GeneralSheaf,true,3,4,last,2,2,cohens_d_train,0.36308685
pubmed,GeneralSheaf,true,3,4,last,3,2,cohens_d_train,0.29167306
pubmed,GeneralSheaf,true,3,4,last,4,2,cohens_d_train,0.35014394
pubmed,GeneralSheaf,true,3,4,last,0,2,cohens_d_test,0.32121098
pubmed,GeneralSheaf,true,3,4,last,1,2,cohens_d_test,0.30501962
pubmed,GeneralSheaf,true,3,4,last,2,2,cohens_d_test,0.26019678
pubmed,GeneralSheaf,true,3,4,last,3,2,cohens_d_test,0.10848475
pubmed,GeneralSheaf,true,3,4,last,4,2,cohens_d_test,0.13346076
pubmed,GeneralSheaf,true,3,4,last,0,3,degree,0.01631090322175209
pubmed,GeneralSheaf,true,3,4,last,1,3,degree,0.04080581512886108
pubmed,GeneralSheaf,true,3,4,last,2,3,degree,0.2292878519002951
pubmed,GeneralSheaf,true,3,4,last,3,3,degree,0.4985997760111702
pubmed,GeneralSheaf,true,3,4,last,4,3,degree,0.6328841136482823
pubmed,GeneralSheaf,true,3,4,last,0,3,betweenness,-0.006022255947185419
pubmed,GeneralSheaf,true,3,4,last,1,3,betweenness,0.016521485634150776
pubmed,GeneralSheaf,true,3,4,last,2,3,betweenness,0.191223108252317
pubmed,GeneralSheaf,true,3,4,last,3,3,betweenness,0.4447343021110922
pubmed,GeneralSheaf,true,3,4,last,4,3,betweenness,0.5662833438834068
pubmed,GeneralSheaf,true,3,4,last,0,3,confidence,0.4311485025373811
pubmed,GeneralSheaf,true,3,4,last,1,3,confidence,0.44338246086779853
pubmed,GeneralSheaf,true,3,4,last,2,3,confidence,0.5026165192459019
pubmed,GeneralSheaf,true,3,4,last,3,3,confidence,0.5795241806281125
pubmed,GeneralSheaf,true,3,4,last,4,3,confidence,0.6504350293984019
pubmed,GeneralSheaf,true,3,4,last,0,3,saliency,-0.2217043327669189
pubmed,GeneralSheaf,true,3,4,last,1,3,saliency,-0.21568591787990773
pubmed,GeneralSheaf,true,3,4,last,2,3,saliency,-0.15275473999607633
pubmed,GeneralSheaf,true,3,4,last,3,3,saliency,-0.1083938062575853
pubmed,GeneralSheaf,true,3,4,last,4,3,saliency,-0.16935704733429532
pubmed,GeneralSheaf,true,3,4,last,0,3,cohens_d_train,0.50455743
pubmed,GeneralSheaf,true,3,4,last,1,3,cohens_d_train,0.5175927
pubmed,GeneralSheaf,true,3,4,last,2,3,cohens_d_train,0.5684448
pubmed,GeneralSheaf,true,3,4,last,3,3,cohens_d_train,0.5611567
pubmed,GeneralSheaf,true,3,4,last,4,3,cohens_d_train,0.6104733
pubmed,GeneralSheaf,true,3,4,last,0,3,cohens_d_test,0.4310495
pubmed,GeneralSheaf,true,3,4,last,1,3,cohens_d_test,0.43086636
pubmed,GeneralSheaf,true,3,4,last,2,3,cohens_d_test,0.41585636
pubmed,GeneralSheaf,true,3,4,last,3,3,cohens_d_test,0.3316402
pubmed,GeneralSheaf,true,3,4,last,4,3,cohens_d_test,0.32351053
pubmed,GeneralSheaf,true,3,4,last,0,4,degree,0.024610043656648404
pubmed,GeneralSheaf,true,3,4,last,1,4,degree,0.09253919669947896
pubmed,GeneralSheaf,true,3,4,last,2,4,degree,0.36942552745303925
pubmed,GeneralSheaf,true,3,4,last,3,4,degree,0.5368630331599454
pubmed,GeneralSheaf,true,3,4,last,4,4,degree,0.5349210961647443
pubmed,GeneralSheaf,true,3,4,last,0,4,betweenness,-0.001766315104492674
pubmed,GeneralSheaf,true,3,4,last,1,4,betweenness,0.0626135437072056
pubmed,GeneralSheaf,true,3,4,last,2,4,betweenness,0.3218155497693429
pubmed,GeneralSheaf,true,3,4,last,3,4,betweenness,0.48045227752796615
pubmed,GeneralSheaf,true,3,4,last,4,4,betweenness,0.4781124096056773
pubmed,GeneralSheaf,true,3,4,last,0,4,confidence,0.4669042274116485
pubmed,GeneralSheaf,true,3,4,last,1,4,confidence,0.49684349961200963
pubmed,GeneralSheaf,true,3,4,last,2,4,confidence,0.5752601829995259
pubmed,GeneralSheaf,true,3,4,last,3,4,confidence,0.6447637349732219
pubmed,GeneralSheaf,true,3,4,last,4,4,confidence,0.6914044169249801
pubmed,GeneralSheaf,true,3,4,last,0,4,saliency,-0.25364760268050734
pubmed,GeneralSheaf,true,3,4,last,1,4,saliency,-0.22780189366221945
pubmed,GeneralSheaf,true,3,4,last,2,4,saliency,-0.15099315053014484
pubmed,GeneralSheaf,true,3,4,last,3,4,saliency,-0.16236328026193572
pubmed,GeneralSheaf,true,3,4,last,4,4,saliency,-0.21290009200958573
pubmed,GeneralSheaf,true,3,4,last,0,4,cohens_d_train,0.4939685
pubmed,GeneralSheaf,true,3,4,last,1,4,cohens_d_train,0.5308818
pubmed,GeneralSheaf,true,3,4,last,2,4,cohens_d_train,0.543388
pubmed,GeneralSheaf,true,3,4,last,3,4,cohens_d_train,0.5080268
pubmed,GeneralSheaf,true,3,4,last,4,4,cohens_d_train,0.5941866
pubmed,GeneralSheaf,true,3,4,last,0,4,cohens_d_test,0.44866168
pubmed,GeneralSheaf,true,3,4,last,1,4,cohens_d_test,0.46031982
pubmed,GeneralSheaf,true,3,4,last,2,4,cohens_d_test,0.44423568
pubmed,GeneralSheaf,true,3,4,last,3,4,cohens_d_test,0.39593223
pubmed,GeneralSheaf,true,3,4,last,4,4,cohens_d_test,0.43343475
pubmed,GeneralSheaf,true,3,4,last,0,5,degree,-0.006502345027942882
pubmed,GeneralSheaf,true,3,4,last,1,5,degree,0.045552522572517816
pubmed,GeneralSheaf,true,3,4,last,2,5,degree,0.19499149782901767
pubmed,GeneralSheaf,true,3,4,last,3,5,degree,0.4381705289377013
pubmed,GeneralSheaf,true,3,4,last,4,5,degree,0.580082605888404
pubmed,GeneralSheaf,true,3,4,last,0,5,betweenness,-0.01610777650393187
pubmed,GeneralSheaf,true,3,4,last,1,5,betweenness,0.030323933571129977
pubmed,GeneralSheaf,true,3,4,last,2,5,betweenness,0.16671105494641525
pubmed,GeneralSheaf,true,3,4,last,3,5,betweenness,0.3851272515375242
pubmed,GeneralSheaf,true,3,4,last,4,5,betweenness,0.5087295175131231
pubmed,GeneralSheaf,true,3,4,last,0,5,confidence,0.35929769860830924
pubmed,GeneralSheaf,true,3,4,last,1,5,confidence,0.38245362238690733
pubmed,GeneralSheaf,true,3,4,last,2,5,confidence,0.43103016620046464
pubmed,GeneralSheaf,true,3,4,last,3,5,confidence,0.5424896427987422
pubmed,GeneralSheaf,true,3,4,last,4,5,confidence,0.6190079268537823
pubmed,GeneralSheaf,true,3,4,last,0,5,saliency,-0.24358639211017247
pubmed,GeneralSheaf,true,3,4,last,1,5,saliency,-0.22349548588223817
pubmed,GeneralSheaf,true,3,4,last,2,5,saliency,-0.16751019378075988
pubmed,GeneralSheaf,true,3,4,last,3,5,saliency,-0.14205527511026542
pubmed,GeneralSheaf,true,3,4,last,4,5,saliency,-0.17456465397198603
pubmed,GeneralSheaf,true,3,4,last,0,5,cohens_d_train,0.3917044
pubmed,GeneralSheaf,true,3,4,last,1,5,cohens_d_train,0.4137972
pubmed,GeneralSheaf,true,3,4,last,2,5,cohens_d_train,0.44517198
pubmed,GeneralSheaf,true,3,4,last,3,5,cohens_d_train,0.4494369
pubmed,GeneralSheaf,true,3,4,last,4,5,cohens_d_train,0.49547395
pubmed,GeneralSheaf,true,3,4,last,0,5,cohens_d_test,0.35525107
pubmed,GeneralSheaf,true,3,4,last,1,5,cohens_d_test,0.34007818
pubmed,GeneralSheaf,true,3,4,last,2,5,cohens_d_test,0.2718826
pubmed,GeneralSheaf,true,3,4,last,3,5,cohens_d_test,0.16088383
pubmed,GeneralSheaf,true,3,4,last,4,5,cohens_d_test,0.1637678
pubmed,GeneralSheaf,true,3,4,last,0,6,degree,0.017778093720348033
pubmed,GeneralSheaf,true,3,4,last,1,6,degree,0.07326262760727247
pubmed,GeneralSheaf,true,3,4,last,2,6,degree,0.20795561621279884
pubmed,GeneralSheaf,true,3,4,last,3,6,degree,0.4309921199193315
pubmed,GeneralSheaf,true,3,4,last,4,6,degree,0.5439002805859526
pubmed,GeneralSheaf,true,3,4,last,0,6,betweenness,-0.002679620221619404
pubmed,GeneralSheaf,true,3,4,last,1,6,betweenness,0.05293436142480632
pubmed,GeneralSheaf,true,3,4,last,2,6,betweenness,0.18126577957162132
pubmed,GeneralSheaf,true,3,4,last,3,6,betweenness,0.3849889720405588
pubmed,GeneralSheaf,true,3,4,last,4,6,betweenness,0.48622825044253015
pubmed,GeneralSheaf,true,3,4,last,0,6,confidence,0.47010792992470646
pubmed,GeneralSheaf,true,3,4,last,1,6,confidence,0.5113849913871945
pubmed,GeneralSheaf,true,3,4,last,2,6,confidence,0.562379790224925
pubmed,GeneralSheaf,true,3,4,last,3,6,confidence,0.6459300073590111
pubmed,GeneralSheaf,true,3,4,last,4,6,confidence,0.6806958923371353
pubmed,GeneralSheaf,true,3,4,last,0,6,saliency,-0.2413532886115617
pubmed,GeneralSheaf,true,3,4,last,1,6,saliency,-0.23152983123735685
pubmed,GeneralSheaf,true,3,4,last,2,6,saliency,-0.20630354218941116
pubmed,GeneralSheaf,true,3,4,last,3,6,saliency,-0.19634247982081773
pubmed,GeneralSheaf,true,3,4,last,4,6,saliency,-0.22607918405771144
pubmed,GeneralSheaf,true,3,4,last,0,6,cohens_d_train,0.47369647
pubmed,GeneralSheaf,true,3,4,last,1,6,cohens_d_train,0.504805
pubmed,GeneralSheaf,true,3,4,last,2,6,cohens_d_train,0.5091071
pubmed,GeneralSheaf,true,3,4,last,3,6,cohens_d_train,0.57408196
pubmed,GeneralSheaf,true,3,4,last,4,6,cohens_d_train,0.62666684
pubmed,GeneralSheaf,true,3,4,last,0,6,cohens_d_test,0.39316627
pubmed,GeneralSheaf,true,3,4,last,1,6,cohens_d_test,0.38934734
pubmed,GeneralSheaf,true,3,4,last,2,6,cohens_d_test,0.3598635
pubmed,GeneralSheaf,true,3,4,last,3,6,cohens_d_test,0.35023427
pubmed,GeneralSheaf,true,3,4,last,4,6,cohens_d_test,0.3494968
pubmed,GeneralSheaf,true,3,4,last,0,7,degree,0.012955369876400863
pubmed,GeneralSheaf,true,3,4,last,1,7,degree,0.1305720525741687
pubmed,GeneralSheaf,true,3,4,last,2,7,degree,0.38453964252452516
pubmed,GeneralSheaf,true,3,4,last,3,7,degree,0.5119720153377201
pubmed,GeneralSheaf,true,3,4,last,4,7,degree,0.49588578318579296
pubmed,GeneralSheaf,true,3,4,last,0,7,betweenness,-0.011144088149111104
pubmed,GeneralSheaf,true,3,4,last,1,7,betweenness,0.10926962262241129
pubmed,GeneralSheaf,true,3,4,last,2,7,betweenness,0.35280395371510176
pubmed,GeneralSheaf,true,3,4,last,3,7,betweenness,0.4718691232418262
pubmed,GeneralSheaf,true,3,4,last,4,7,betweenness,0.4516212430539217
pubmed,GeneralSheaf,true,3,4,last,0,7,confidence,0.47322649723220633
pubmed,GeneralSheaf,true,3,4,last,1,7,confidence,0.506457835029232
pubmed,GeneralSheaf,true,3,4,last,2,7,confidence,0.5763336413375817
pubmed,GeneralSheaf,true,3,4,last,3,7,confidence,0.6516556832107815
pubmed,GeneralSheaf,true,3,4,last,4,7,confidence,0.6787773305071271
pubmed,GeneralSheaf,true,3,4,last,0,7,saliency,-0.31231367747128086
pubmed,GeneralSheaf,true,3,4,last,1,7,saliency,-0.25832729074815836
pubmed,GeneralSheaf,true,3,4,last,2,7,saliency,-0.20730632167038632
pubmed,GeneralSheaf,true,3,4,last,3,7,saliency,-0.23961182098462885
pubmed,GeneralSheaf,true,3,4,last,4,7,saliency,-0.2796736316372073
pubmed,GeneralSheaf,true,3,4,last,0,7,cohens_d_train,0.564921
pubmed,GeneralSheaf,true,3,4,last,1,7,cohens_d_train,0.5695539
pubmed,GeneralSheaf,true,3,4,last,2,7,cohens_d_train,0.56345403
pubmed,GeneralSheaf,true,3,4,last,3,7,cohens_d_train,0.58844966
pubmed,GeneralSheaf,true,3,4,last,4,7,cohens_d_train,0.6314141
pubmed,GeneralSheaf,true,3,4,last,0,7,cohens_d_test,0.5095586
pubmed,GeneralSheaf,true,3,4,last,1,7,cohens_d_test,0.4176007
pubmed,GeneralSheaf,true,3,4,last,2,7,cohens_d_test,0.35509834
pubmed,GeneralSheaf,true,3,4,last,3,7,cohens_d_test,0.35621408
pubmed,GeneralSheaf,true,3,4,last,4,7,cohens_d_test,0.40220144
pubmed,GeneralSheaf,true,3,4,last,0,8,degree,-0.00420508499668748
pubmed,GeneralSheaf,true,3,4,last,1,8,degree,-0.0037868139100263615
pubmed,GeneralSheaf,true,3,4,last,2,8,degree,0.2083352257158553
pubmed,GeneralSheaf,true,3,4,last,3,8,degree,0.4737908543729445
pubmed,GeneralSheaf,true,3,4,last,4,8,degree,0.5973770845770192
pubmed,GeneralSheaf,true,3,4,last,0,8,betweenness,-0.01527382209924593
pubmed,GeneralSheaf,true,3,4,last,1,8,betweenness,-0.01499723040099906
pubmed,GeneralSheaf,true,3,4,last,2,8,betweenness,0.18183852900398106
pubmed,GeneralSheaf,true,3,4,last,3,8,betweenness,0.42789756314953303
pubmed,GeneralSheaf,true,3,4,last,4,8,betweenness,0.5362192382952283
pubmed,GeneralSheaf,true,3,4,last,0,8,confidence,0.47986619488770654
pubmed,GeneralSheaf,true,3,4,last,1,8,confidence,0.4802289716722648
pubmed,GeneralSheaf,true,3,4,last,2,8,confidence,0.5330422625435778
pubmed,GeneralSheaf,true,3,4,last,3,8,confidence,0.5821068108812875
pubmed,GeneralSheaf,true,3,4,last,4,8,confidence,0.6194682032243127
pubmed,GeneralSheaf,true,3,4,last,0,8,saliency,-0.2945581611294601
pubmed,GeneralSheaf,true,3,4,last,1,8,saliency,-0.2947023847956728
pubmed,GeneralSheaf,true,3,4,last,2,8,saliency,-0.22377379547518822
pubmed,GeneralSheaf,true,3,4,last,3,8,saliency,-0.1702409405134181
pubmed,GeneralSheaf,true,3,4,last,4,8,saliency,-0.19425728053783642
pubmed,GeneralSheaf,true,3,4,last,0,8,cohens_d_train,0.3939405
pubmed,GeneralSheaf,true,3,4,last,1,8,cohens_d_train,0.39340034
pubmed,GeneralSheaf,true,3,4,last,2,8,cohens_d_train,0.43252483
pubmed,GeneralSheaf,true,3,4,last,3,8,cohens_d_train,0.39790165
pubmed,GeneralSheaf,true,3,4,last,4,8,cohens_d_train,0.3898836
pubmed,GeneralSheaf,true,3,4,last,0,8,cohens_d_test,0.44423735
pubmed,GeneralSheaf,true,3,4,last,1,8,cohens_d_test,0.44375226
pubmed,GeneralSheaf,true,3,4,last,2,8,cohens_d_test,0.41022223
pubmed,GeneralSheaf,true,3,4,last,3,8,cohens_d_test,0.27700686
pubmed,GeneralSheaf,true,3,4,last,4,8,cohens_d_test,0.24090666
pubmed,GeneralSheaf,true,3,4,last,0,9,degree,0.007901890228128174
pubmed,GeneralSheaf,true,3,4,last,1,9,degree,0.0700759755232492
pubmed,GeneralSheaf,true,3,4,last,2,9,degree,0.15502081512086535
pubmed,GeneralSheaf,true,3,4,last,3,9,degree,0.47090500614257236
pubmed,GeneralSheaf,true,3,4,last,4,9,degree,0.6342185286863804
pubmed,GeneralSheaf,true,3,4,last,0,9,betweenness,-0.009857037072766972
pubmed,GeneralSheaf,true,3,4,last,1,9,betweenness,0.05053234772019315
pubmed,GeneralSheaf,true,3,4,last,2,9,betweenness,0.12900161428124177
pubmed,GeneralSheaf,true,3,4,last,3,9,betweenness,0.4269523473299098
pubmed,GeneralSheaf,true,3,4,last,4,9,betweenness,0.5672849018795312
pubmed,GeneralSheaf,true,3,4,last,0,9,confidence,0.45404966708271294
pubmed,GeneralSheaf,true,3,4,last,1,9,confidence,0.4887280328757567
pubmed,GeneralSheaf,true,3,4,last,2,9,confidence,0.5361449230389276
pubmed,GeneralSheaf,true,3,4,last,3,9,confidence,0.6136804535933836
pubmed,GeneralSheaf,true,3,4,last,4,9,confidence,0.6746642105402405
pubmed,GeneralSheaf,true,3,4,last,0,9,saliency,-0.2404045422438218
pubmed,GeneralSheaf,true,3,4,last,1,9,saliency,-0.22461293513767075
pubmed,GeneralSheaf,true,3,4,last,2,9,saliency,-0.21592527431232986
pubmed,GeneralSheaf,true,3,4,last,3,9,saliency,-0.1555707676745157
pubmed,GeneralSheaf,true,3,4,last,4,9,saliency,-0.198621383636982
pubmed,GeneralSheaf,true,3,4,last,0,9,cohens_d_train,0.4607355
pubmed,GeneralSheaf,true,3,4,last,1,9,cohens_d_train,0.4761443
pubmed,GeneralSheaf,true,3,4,last,2,9,cohens_d_train,0.5130547
pubmed,GeneralSheaf,true,3,4,last,3,9,cohens_d_train,0.5410558
pubmed,GeneralSheaf,true,3,4,last,4,9,cohens_d_train,0.59763414
pubmed,GeneralSheaf,true,3,4,last,0,9,cohens_d_test,0.42899215
pubmed,GeneralSheaf,true,3,4,last,1,9,cohens_d_test,0.43946874
pubmed,GeneralSheaf,true,3,4,last,2,9,cohens_d_test,0.43667287
pubmed,GeneralSheaf,true,3,4,last,3,9,cohens_d_test,0.3475805
pubmed,GeneralSheaf,true,3,4,last,4,9,cohens_d_test,0.31527087
