dataset,model,normalised,d,layers,checkpoint,layer,fold,observable,value
questions,GeneralSheaf,true,5,4,epoch-0,0,0,degree,-0.1726565013608099
questions,GeneralSheaf,true,5,4,epoch-0,1,0,degree,-0.16561922880267424
questions,GeneralSheaf,true,5,4,epoch-0,2,0,degree,-0.1529077483924063
questions,GeneralSheaf,true,5,4,epoch-0,3,0,degree,-0.1476958034514478
questions,GeneralSheaf,true,5,4,epoch-0,4,0,degree,-0.14729843356713082
questions,GeneralSheaf,true,5,4,epoch-0,0,0,betweenness,-0.1609528946513294
questions,GeneralSheaf,true,5,4,epoch-0,1,0,betweenness,-0.1538135925392266
questions,GeneralSheaf,true,5,4,epoch-0,2,0,betweenness,-0.1414520362895434
questions,GeneralSheaf,true,5,4,epoch-0,3,0,betweenness,-0.1364070513402282
questions,GeneralSheaf,true,5,4,epoch-0,4,0,betweenness,-0.1359489225442114
questions,GeneralSheaf,true,5,4,epoch-0,0,0,confidence,0.03686837448767869
questions,GeneralSheaf,true,5,4,epoch-0,1,0,confidence,0.03972495752674571
questions,GeneralSheaf,true,5,4,epoch-0,2,0,confidence,0.0388643818548181
questions,GeneralSheaf,true,5,4,epoch-0,3,0,confidence,0.03579915186280632
questions,GeneralSheaf,true,5,4,epoch-0,4,0,confidence,0.03666444475024191
questions,GeneralSheaf,true,5,4,epoch-0,0,0,saliency,-0.1755657679145616
questions,GeneralSheaf,true,5,4,epoch-0,1,0,saliency,-0.1760616672790591
questions,GeneralSheaf,true,5,4,epoch-0,2,0,saliency,-0.17067868130510294
questions,GeneralSheaf,true,5,4,epoch-0,3,0,saliency,-0.1672142977513609
questions,GeneralSheaf,true,5,4,epoch-0,4,0,saliency,-0.1641456836491383
questions,GeneralSheaf,true,5,4,epoch-0,0,0,cohens_d_train,1.0515814
questions,GeneralSheaf,true,5,4,epoch-0,1,0,cohens_d_train,1.051734
questions,GeneralSheaf,true,5,4,epoch-0,2,0,cohens_d_train,1.0599228
questions,GeneralSheaf,true,5,4,epoch-0,3,0,cohens_d_train,1.0638282
questions,GeneralSheaf,true,5,4,epoch-0,4,0,cohens_d_train,1.0613635
questions,GeneralSheaf,true,5,4,epoch-0,0,0,cohens_d_test,0.9576346
questions,GeneralSheaf,true,5,4,epoch-0,1,0,cohens_d_test,0.95982736
questions,GeneralSheaf,true,5,4,epoch-0,2,0,cohens_d_test,0.97088885
questions,GeneralSheaf,true,5,4,epoch-0,3,0,cohens_d_test,0.9831795
questions,GeneralSheaf,true,5,4,epoch-0,4,0,cohens_d_test,0.9843084
questions,GeneralSheaf,true,5,4,epoch-0,0,1,degree,-0.16052807166544078
questions,GeneralSheaf,true,5,4,epoch-0,1,1,degree,-0.15500950287862308
questions,GeneralSheaf,true,5,4,epoch-0,2,1,degree,-0.14465225230516374
questions,GeneralSheaf,true,5,4,epoch-0,3,1,degree,-0.12577169760565754
questions,GeneralSheaf,true,5,4,epoch-0,4,1,degree,-0.11945376859399637
questions,GeneralSheaf,true,5,4,epoch-0,0,1,betweenness,-0.1475849551825231
questions,GeneralSheaf,true,5,4,epoch-0,1,1,betweenness,-0.14154578930181794
questions,GeneralSheaf,true,5,4,epoch-0,2,1,betweenness,-0.13153357149121714
questions,GeneralSheaf,true,5,4,epoch-0,3,1,betweenness,-0.11361763409734187
questions,GeneralSheaf,true,5,4,epoch-0,4,1,betweenness,-0.10704773550260806
questions,GeneralSheaf,true,5,4,epoch-0,0,1,confidence,0.5379523442576577
questions,GeneralSheaf,true,5,4,epoch-0,1,1,confidence,0.535888358009948
questions,GeneralSheaf,true,5,4,epoch-0,2,1,confidence,0.5336954036036732
questions,GeneralSheaf,true,5,4,epoch-0,3,1,confidence,0.5329001047383705
questions,GeneralSheaf,true,5,4,epoch-0,4,1,confidence,0.5286813620356761
questions,GeneralSheaf,true,5,4,epoch-0,0,1,saliency,-0.5880967190885452
questions,GeneralSheaf,true,5,4,epoch-0,1,1,saliency,-0.5824917562932228
questions,GeneralSheaf,true,5,4,epoch-0,2,1,saliency,-0.5748210178435691
questions,GeneralSheaf,true,5,4,epoch-0,3,1,saliency,-0.5660333511022999
questions,GeneralSheaf,true,5,4,epoch-0,4,1,saliency,-0.5592973744145394
questions,GeneralSheaf,true,5,4,epoch-0,0,1,cohens_d_train,0.42688555
questions,GeneralSheaf,true,5,4,epoch-0,1,1,cohens_d_train,0.44328052
questions,GeneralSheaf,true,5,4,epoch-0,2,1,cohens_d_train,0.46741313
questions,GeneralSheaf,true,5,4,epoch-0,3,1,cohens_d_train,0.49677792
questions,GeneralSheaf,true,5,4,epoch-0,4,1,cohens_d_train,0.51952595
questions,GeneralSheaf,true,5,4,epoch-0,0,1,cohens_d_test,0.53136724
questions,GeneralSheaf,true,5,4,epoch-0,1,1,cohens_d_test,0.5438051
questions,GeneralSheaf,true,5,4,epoch-0,2,1,cohens_d_test,0.5647973
questions,GeneralSheaf,true,5,4,epoch-0,3,1,cohens_d_test,0.59053373
questions,GeneralSheaf,true,5,4,epoch-0,4,1,cohens_d_test,0.6132741
questions,GeneralSheaf,true,5,4,epoch-0,0,2,degree,-0.13810514973808136
questions,GeneralSheaf,true,5,4,epoch-0,1,2,degree,-0.12470586537663055
questions,GeneralSheaf,true,5,4,epoch-0,2,2,degree,-0.11411462077482216
questions,GeneralSheaf,true,5,4,epoch-0,3,2,degree,-0.10396931879196489
questions,GeneralSheaf,true,5,4,epoch-0,4,2,degree,-0.08741556028319795
questions,GeneralSheaf,true,5,4,epoch-0,0,2,betweenness,-0.12798826441064617
questions,GeneralSheaf,true,5,4,epoch-0,1,2,betweenness,-0.11509788868981649
questions,GeneralSheaf,true,5,4,epoch-0,2,2,betweenness,-0.10473938057599713
questions,GeneralSheaf,true,5,4,epoch-0,3,2,betweenness,-0.09499815629353174
questions,GeneralSheaf,true,5,4,epoch-0,4,2,betweenness,-0.07896617063003956
questions,GeneralSheaf,true,5,4,epoch-0,0,2,confidence,0.17930890657568993
questions,GeneralSheaf,true,5,4,epoch-0,1,2,confidence,0.18139742234512093
questions,GeneralSheaf,true,5,4,epoch-0,2,2,confidence,0.18441137695797266
questions,GeneralSheaf,true,5,4,epoch-0,3,2,confidence,0.18640165569530798
questions,GeneralSheaf,true,5,4,epoch-0,4,2,confidence,0.188887283404709
questions,GeneralSheaf,true,5,4,epoch-0,0,2,saliency,-0.03237433054395294
questions,GeneralSheaf,true,5,4,epoch-0,1,2,saliency,-0.025284943225528225
questions,GeneralSheaf,true,5,4,epoch-0,2,2,saliency,-0.014458058998688175
questions,GeneralSheaf,true,5,4,epoch-0,3,2,saliency,-0.006088377282513483
questions,GeneralSheaf,true,5,4,epoch-0,4,2,saliency,0.006408247699541669
questions,GeneralSheaf,true,5,4,epoch-0,0,2,cohens_d_train,0.14919302
questions,GeneralSheaf,true,5,4,epoch-0,1,2,cohens_d_train,0.14903052
questions,GeneralSheaf,true,5,4,epoch-0,2,2,cohens_d_train,0.14330465
questions,GeneralSheaf,true,5,4,epoch-0,3,2,cohens_d_train,0.14042121
questions,GeneralSheaf,true,5,4,epoch-0,4,2,cohens_d_train,0.13694121
questions,GeneralSheaf,true,5,4,epoch-0,0,2,cohens_d_test,0.093468204
questions,GeneralSheaf,true,5,4,epoch-0,1,2,cohens_d_test,0.09292757
questions,GeneralSheaf,true,5,4,epoch-0,2,2,cohens_d_test,0.086673744
questions,GeneralSheaf,true,5,4,epoch-0,3,2,cohens_d_test,0.084752314
questions,GeneralSheaf,true,5,4,epoch-0,4,2,cohens_d_test,0.0823978
questions,GeneralSheaf,true,5,4,epoch-0,0,3,degree,-0.17936244937135398
questions,GeneralSheaf,true,5,4,epoch-0,1,3,degree,-0.1648174395677117
questions,GeneralSheaf,true,5,4,epoch-0,2,3,degree,-0.15745185686337332
questions,GeneralSheaf,true,5,4,epoch-0,3,3,degree,-0.1593622715632315
questions,GeneralSheaf,true,5,4,epoch-0,4,3,degree,-0.15619134470967788
questions,GeneralSheaf,true,5,4,epoch-0,0,3,betweenness,-0.1668718772193158
questions,GeneralSheaf,true,5,4,epoch-0,1,3,betweenness,-0.15281311703424236
questions,GeneralSheaf,true,5,4,epoch-0,2,3,betweenness,-0.1454097587897643
questions,GeneralSheaf,true,5,4,epoch-0,3,3,betweenness,-0.1472356761196691
questions,GeneralSheaf,true,5,4,epoch-0,4,3,betweenness,-0.1439117165493244
questions,GeneralSheaf,true,5,4,epoch-0,0,3,confidence,-0.35079217704968046
questions,GeneralSheaf,true,5,4,epoch-0,1,3,confidence,-0.34865897334620366
questions,GeneralSheaf,true,5,4,epoch-0,2,3,confidence,-0.34848930389122496
questions,GeneralSheaf,true,5,4,epoch-0,3,3,confidence,-0.3487659541775689
questions,GeneralSheaf,true,5,4,epoch-0,4,3,confidence,-0.34845593471711206
questions,GeneralSheaf,true,5,4,epoch-0,0,3,saliency,-0.44218745776332163
questions,GeneralSheaf,true,5,4,epoch-0,1,3,saliency,-0.43780409466715564
questions,GeneralSheaf,true,5,4,epoch-0,2,3,saliency,-0.43323718965956487
questions,GeneralSheaf,true,5,4,epoch-0,3,3,saliency,-0.4326234723253949
questions,GeneralSheaf,true,5,4,epoch-0,4,3,saliency,-0.4263766639590474
questions,GeneralSheaf,true,5,4,epoch-0,0,3,cohens_d_train,0.82394654
questions,GeneralSheaf,true,5,4,epoch-0,1,3,cohens_d_train,0.83345526
questions,GeneralSheaf,true,5,4,epoch-0,2,3,cohens_d_train,0.84472895
questions,GeneralSheaf,true,5,4,epoch-0,3,3,cohens_d_train,0.8533456
questions,GeneralSheaf,true,5,4,epoch-0,4,3,cohens_d_train,0.8598547
questions,GeneralSheaf,true,5,4,epoch-0,0,3,cohens_d_test,1.009183
questions,GeneralSheaf,true,5,4,epoch-0,1,3,cohens_d_test,1.0245067
questions,GeneralSheaf,true,5,4,epoch-0,2,3,cohens_d_test,1.038981
questions,GeneralSheaf,true,5,4,epoch-0,3,3,cohens_d_test,1.0514517
questions,GeneralSheaf,true,5,4,epoch-0,4,3,cohens_d_test,1.0691668
questions,GeneralSheaf,true,5,4,epoch-0,0,4,degree,-0.1816462762304976
questions,GeneralSheaf,true,5,4,epoch-0,1,4,degree,-0.1693301179818243
questions,GeneralSheaf,true,5,4,epoch-0,2,4,degree,-0.15635244819512353
questions,GeneralSheaf,true,5,4,epoch-0,3,4,degree,-0.1539918925893683
questions,GeneralSheaf,true,5,4,epoch-0,4,4,degree,-0.14457448667744655
questions,GeneralSheaf,true,5,4,epoch-0,0,4,betweenness,-0.16935524710316519
questions,GeneralSheaf,true,5,4,epoch-0,1,4,betweenness,-0.15712458433599133
questions,GeneralSheaf,true,5,4,epoch-0,2,4,betweenness,-0.14425026617168582
questions,GeneralSheaf,true,5,4,epoch-0,3,4,betweenness,-0.14195773069864953
questions,GeneralSheaf,true,5,4,epoch-0,4,4,betweenness,-0.13297448282122054
questions,GeneralSheaf,true,5,4,epoch-0,0,4,confidence,0.19213409725120212
questions,GeneralSheaf,true,5,4,epoch-0,1,4,confidence,0.18952486875522118
questions,GeneralSheaf,true,5,4,epoch-0,2,4,confidence,0.18870784907251165
questions,GeneralSheaf,true,5,4,epoch-0,3,4,confidence,0.1875898586918077
questions,GeneralSheaf,true,5,4,epoch-0,4,4,confidence,0.1817445563631246
questions,GeneralSheaf,true,5,4,epoch-0,0,4,saliency,0.12285727271152362
questions,GeneralSheaf,true,5,4,epoch-0,1,4,saliency,0.1303099502134339
questions,GeneralSheaf,true,5,4,epoch-0,2,4,saliency,0.1370898571547075
questions,GeneralSheaf,true,5,4,epoch-0,3,4,saliency,0.1361084250754553
questions,GeneralSheaf,true,5,4,epoch-0,4,4,saliency,0.144189042714535
questions,GeneralSheaf,true,5,4,epoch-0,0,4,cohens_d_train,0.92152816
questions,GeneralSheaf,true,5,4,epoch-0,1,4,cohens_d_train,0.93840915
questions,GeneralSheaf,true,5,4,epoch-0,2,4,cohens_d_train,0.9556865
questions,GeneralSheaf,true,5,4,epoch-0,3,4,cohens_d_train,0.97270703
questions,GeneralSheaf,true,5,4,epoch-0,4,4,cohens_d_train,0.9996977
questions,GeneralSheaf,true,5,4,epoch-0,0,4,cohens_d_test,1.0493516
questions,GeneralSheaf,true,5,4,epoch-0,1,4,cohens_d_test,1.0649661
questions,GeneralSheaf,true,5,4,epoch-0,2,4,cohens_d_test,1.0772562
questions,GeneralSheaf,true,5,4,epoch-0,3,4,cohens_d_test,1.0898079
questions,GeneralSheaf,true,5,4,epoch-0,4,4,cohens_d_test,1.1123286
questions,GeneralSheaf,true,5,4,epoch-0,0,5,degree,-0.1862959380917162
questions,GeneralSheaf,true,5,4,epoch-0,1,5,degree,-0.19337000893877057
questions,GeneralSheaf,true,5,4,epoch-0,2,5,degree,-0.1820996078014057
questions,GeneralSheaf,true,5,4,epoch-0,3,5,degree,-0.1904815354331239
questions,GeneralSheaf,true,5,4,epoch-0,4,5,degree,-0.17782181101437322
questions,GeneralSheaf,true,5,4,epoch-0,0,5,betweenness,-0.1754697561977717
questions,GeneralSheaf,true,5,4,epoch-0,1,5,betweenness,-0.1825433436330143
questions,GeneralSheaf,true,5,4,epoch-0,2,5,betweenness,-0.17138269332578077
questions,GeneralSheaf,true,5,4,epoch-0,3,5,betweenness,-0.17928366003608806
questions,GeneralSheaf,true,5,4,epoch-0,4,5,betweenness,-0.16720781070724963
questions,GeneralSheaf,true,5,4,epoch-0,0,5,confidence,0.2650800939897958
questions,GeneralSheaf,true,5,4,epoch-0,1,5,confidence,0.26347356450029036
questions,GeneralSheaf,true,5,4,epoch-0,2,5,confidence,0.26346513147270456
questions,GeneralSheaf,true,5,4,epoch-0,3,5,confidence,0.2632621424074645
questions,GeneralSheaf,true,5,4,epoch-0,4,5,confidence,0.26149637033673706
questions,GeneralSheaf,true,5,4,epoch-0,0,5,saliency,-0.09760062388186114
questions,GeneralSheaf,true,5,4,epoch-0,1,5,saliency,-0.09558522784121434
questions,GeneralSheaf,true,5,4,epoch-0,2,5,saliency,-0.09459055244030784
questions,GeneralSheaf,true,5,4,epoch-0,3,5,saliency,-0.09540732201873124
questions,GeneralSheaf,true,5,4,epoch-0,4,5,saliency,-0.0897114656021679
questions,GeneralSheaf,true,5,4,epoch-0,0,5,cohens_d_train,0.27046993
questions,GeneralSheaf,true,5,4,epoch-0,1,5,cohens_d_train,0.27259943
questions,GeneralSheaf,true,5,4,epoch-0,2,5,cohens_d_train,0.277619
questions,GeneralSheaf,true,5,4,epoch-0,3,5,cohens_d_train,0.27754414
questions,GeneralSheaf,true,5,4,epoch-0,4,5,cohens_d_train,0.27857995
questions,GeneralSheaf,true,5,4,epoch-0,0,5,cohens_d_test,0.29151857
questions,GeneralSheaf,true,5,4,epoch-0,1,5,cohens_d_test,0.29391766
questions,GeneralSheaf,true,5,4,epoch-0,2,5,cohens_d_test,0.30033863
questions,GeneralSheaf,true,5,4,epoch-0,3,5,cohens_d_test,0.30165187
questions,GeneralSheaf,true,5,4,epoch-0,4,5,cohens_d_test,0.30714148
questions,GeneralSheaf,true,5,4,epoch-0,0,6,degree,-0.17152444808091263
questions,GeneralSheaf,true,5,4,epoch-0,1,6,degree,-0.15784253658031275
questions,GeneralSheaf,true,5,4,epoch-0,2,6,degree,-0.152762517754421
questions,GeneralSheaf,true,5,4,epoch-0,3,6,degree,-0.1579375603981452
questions,GeneralSheaf,true,5,4,epoch-0,4,6,degree,-0.14338376216294324
questions,GeneralSheaf,true,5,4,epoch-0,0,6,betweenness,-0.1594028204441958
questions,GeneralSheaf,true,5,4,epoch-0,1,6,betweenness,-0.14581713590332773
questions,GeneralSheaf,true,5,4,epoch-0,2,6,betweenness,-0.14085654058570518
questions,GeneralSheaf,true,5,4,epoch-0,3,6,betweenness,-0.14579076048381798
questions,GeneralSheaf,true,5,4,epoch-0,4,6,betweenness,-0.13167620187074563
questions,GeneralSheaf,true,5,4,epoch-0,0,6,confidence,0.1206251232203522
questions,GeneralSheaf,true,5,4,epoch-0,1,6,confidence,0.11948338255283661
questions,GeneralSheaf,true,5,4,epoch-0,2,6,confidence,0.11956533593478501
questions,GeneralSheaf,true,5,4,epoch-0,3,6,confidence,0.12178501303990656
questions,GeneralSheaf,true,5,4,epoch-0,4,6,confidence,0.12067848619132998
questions,GeneralSheaf,true,5,4,epoch-0,0,6,saliency,nan
questions,GeneralSheaf,true,5,4,epoch-0,1,6,saliency,nan
questions,GeneralSheaf,true,5,4,epoch-0,2,6,saliency,nan
questions,GeneralSheaf,true,5,4,epoch-0,3,6,saliency,nan
questions,GeneralSheaf,true,5,4,epoch-0,4,6,saliency,nan
questions,GeneralSheaf,true,5,4,epoch-0,0,6,cohens_d_train,0.1102616
questions,GeneralSheaf,true,5,4,epoch-0,1,6,cohens_d_train,0.1183293
questions,GeneralSheaf,true,5,4,epoch-0,2,6,cohens_d_train,0.12500516
questions,GeneralSheaf,true,5,4,epoch-0,3,6,cohens_d_train,0.121034704
questions,GeneralSheaf,true,5,4,epoch-0,4,6,cohens_d_train,0.13597582
questions,GeneralSheaf,true,5,4,epoch-0,0,6,cohens_d_test,0.16425976
questions,GeneralSheaf,true,5,4,epoch-0,1,6,cohens_d_test,0.17234981
questions,GeneralSheaf,true,5,4,epoch-0,2,6,cohens_d_test,0.17709534
questions,GeneralSheaf,true,5,4,epoch-0,3,6,cohens_d_test,0.17146446
questions,GeneralSheaf,true,5,4,epoch-0,4,6,cohens_d_test,0.18603778
questions,GeneralSheaf,true,5,4,epoch-0,0,7,degree,-0.16500565016167004
questions,GeneralSheaf,true,5,4,epoch-0,1,7,degree,-0.16501849945274505
questions,GeneralSheaf,true,5,4,epoch-0,2,7,degree,-0.1479324708724399
questions,GeneralSheaf,true,5,4,epoch-0,3,7,degree,-0.14896211195889228
questions,GeneralSheaf,true,5,4,epoch-0,4,7,degree,-0.13882424971319307
questions,GeneralSheaf,true,5,4,epoch-0,0,7,betweenness,-0.15510816831949042
questions,GeneralSheaf,true,5,4,epoch-0,1,7,betweenness,-0.15518765338238044
questions,GeneralSheaf,true,5,4,epoch-0,2,7,betweenness,-0.138553717370069
questions,GeneralSheaf,true,5,4,epoch-0,3,7,betweenness,-0.1394159502787372
questions,GeneralSheaf,true,5,4,epoch-0,4,7,betweenness,-0.12958099503546675
questions,GeneralSheaf,true,5,4,epoch-0,0,7,confidence,0.1756130520467298
questions,GeneralSheaf,true,5,4,epoch-0,1,7,confidence,0.17530563787399037
questions,GeneralSheaf,true,5,4,epoch-0,2,7,confidence,0.17154465461729174
questions,GeneralSheaf,true,5,4,epoch-0,3,7,confidence,0.1696570580412448
questions,GeneralSheaf,true,5,4,epoch-0,4,7,confidence,0.16770389541642627
questions,GeneralSheaf,true,5,4,epoch-0,0,7,saliency,-0.34832225848932513
questions,GeneralSheaf,true,5,4,epoch-0,1,7,saliency,-0.33975631777488036
questions,GeneralSheaf,true,5,4,epoch-0,2,7,saliency,-0.3396155289945416
questions,GeneralSheaf,true,5,4,epoch-0,3,7,saliency,-0.3367334729308484
questions,GeneralSheaf,true,5,4,epoch-0,4,7,saliency,-0.330689010560796
questions,GeneralSheaf,true,5,4,epoch-0,0,7,cohens_d_train,0.54985285
questions,GeneralSheaf,true,5,4,epoch-0,1,7,cohens_d_train,0.56558543
questions,GeneralSheaf,true,5,4,epoch-0,2,7,cohens_d_train,0.5846677
questions,GeneralSheaf,true,5,4,epoch-0,3,7,cohens_d_train,0.60377777
questions,GeneralSheaf,true,5,4,epoch-0,4,7,cohens_d_train,0.62582934
questions,GeneralSheaf,true,5,4,epoch-0,0,7,cohens_d_test,0.5836377
questions,GeneralSheaf,true,5,4,epoch-0,1,7,cohens_d_test,0.60381794
questions,GeneralSheaf,true,5,4,epoch-0,2,7,cohens_d_test,0.6264877
questions,GeneralSheaf,true,5,4,epoch-0,3,7,cohens_d_test,0.64719564
questions,GeneralSheaf,true,5,4,epoch-0,4,7,cohens_d_test,0.6743178
questions,GeneralSheaf,true,5,4,epoch-0,0,8,degree,-0.179371255054238
questions,GeneralSheaf,true,5,4,epoch-0,1,8,degree,-0.16459080360976133
questions,GeneralSheaf,true,5,4,epoch-0,2,8,degree,-0.17297338675381013
questions,GeneralSheaf,true,5,4,epoch-0,3,8,degree,-0.16113880829525565
questions,GeneralSheaf,true,5,4,epoch-0,4,8,degree,-0.16124387048206917
questions,GeneralSheaf,true,5,4,epoch-0,0,8,betweenness,-0.16829072886078106
questions,GeneralSheaf,true,5,4,epoch-0,1,8,betweenness,-0.1537916733756384
questions,GeneralSheaf,true,5,4,epoch-0,2,8,betweenness,-0.16181871187079877
questions,GeneralSheaf,true,5,4,epoch-0,3,8,betweenness,-0.1505425304817868
questions,GeneralSheaf,true,5,4,epoch-0,4,8,betweenness,-0.15038644141257923
questions,GeneralSheaf,true,5,4,epoch-0,0,8,confidence,0.032918357570389155
questions,GeneralSheaf,true,5,4,epoch-0,1,8,confidence,0.03442468444380187
questions,GeneralSheaf,true,5,4,epoch-0,2,8,confidence,0.03299131720258266
questions,GeneralSheaf,true,5,4,epoch-0,3,8,confidence,0.03500552725108172
questions,GeneralSheaf,true,5,4,epoch-0,4,8,confidence,0.03622179168290298
questions,GeneralSheaf,true,5,4,epoch-0,0,8,saliency,-0.12120459947460692
questions,GeneralSheaf,true,5,4,epoch-0,1,8,saliency,-0.11419235475737492
questions,GeneralSheaf,true,5,4,epoch-0,2,8,saliency,-0.11445397334781779
questions,GeneralSheaf,true,5,4,epoch-0,3,8,saliency,-0.108844749418018
questions,GeneralSheaf,true,5,4,epoch-0,4,8,saliency,-0.10468130614589374
questions,GeneralSheaf,true,5,4,epoch-0,0,8,cohens_d_train,0.15312858
questions,GeneralSheaf,true,5,4,epoch-0,1,8,cohens_d_train,0.14911588
questions,GeneralSheaf,true,5,4,epoch-0,2,8,cohens_d_train,0.14623119
questions,GeneralSheaf,true,5,4,epoch-0,3,8,cohens_d_train,0.14330047
questions,GeneralSheaf,true,5,4,epoch-0,4,8,cohens_d_train,0.14114442
questions,GeneralSheaf,true,5,4,epoch-0,0,8,cohens_d_test,0.19410218
questions,GeneralSheaf,true,5,4,epoch-0,1,8,cohens_d_test,0.19133955
questions,GeneralSheaf,true,5,4,epoch-0,2,8,cohens_d_test,0.18831216
questions,GeneralSheaf,true,5,4,epoch-0,3,8,cohens_d_test,0.18533339
questions,GeneralSheaf,true,5,4,epoch-0,4,8,cohens_d_test,0.18506247
questions,GeneralSheaf,true,5,4,epoch-0,0,9,degree,-0.16676030042260082
questions,GeneralSheaf,true,5,4,epoch-0,1,9,degree,-0.17059006821495454
questions,GeneralSheaf,true,5,4,epoch-0,2,9,degree,-0.16495092624269847
questions,GeneralSheaf,true,5,4,epoch-0,3,9,degree,-0.1609111235126359
questions,GeneralSheaf,true,5,4,epoch-0,4,9,degree,-0.16263788273696705
questions,GeneralSheaf,true,5,4,epoch-0,0,9,betweenness,-0.15282562902069677
questions,GeneralSheaf,true,5,4,epoch-0,1,9,betweenness,-0.15626885482759778
questions,GeneralSheaf,true,5,4,epoch-0,2,9,betweenness,-0.1504653177240773
questions,GeneralSheaf,true,5,4,epoch-0,3,9,betweenness,-0.14646949124092562
questions,GeneralSheaf,true,5,4,epoch-0,4,9,betweenness,-0.1481913423350705
questions,GeneralSheaf,true,5,4,epoch-0,0,9,confidence,-0.3118305803460926
questions,GeneralSheaf,true,5,4,epoch-0,1,9,confidence,-0.30928111156456517
questions,GeneralSheaf,true,5,4,epoch-0,2,9,confidence,-0.3058910368952704
questions,GeneralSheaf,true,5,4,epoch-0,3,9,confidence,-0.3020436622201229
questions,GeneralSheaf,true,5,4,epoch-0,4,9,confidence,-0.3028244116457454
questions,GeneralSheaf,true,5,4,epoch-0,0,9,saliency,-0.41639512248022537
questions,GeneralSheaf,true,5,4,epoch-0,1,9,saliency,-0.4126749105196378
questions,GeneralSheaf,true,5,4,epoch-0,2,9,saliency,-0.4073844246774319
questions,GeneralSheaf,true,5,4,epoch-0,3,9,saliency,-0.40297013265442794
questions,GeneralSheaf,true,5,4,epoch-0,4,9,saliency,-0.40256544356471735
questions,GeneralSheaf,true,5,4,epoch-0,0,9,cohens_d_train,0.16201343
questions,GeneralSheaf,true,5,4,epoch-0,1,9,cohens_d_train,0.16644189
questions,GeneralSheaf,true,5,4,epoch-0,2,9,cohens_d_train,0.17420712
questions,GeneralSheaf,true,5,4,epoch-0,3,9,cohens_d_train,0.18303543
questions,GeneralSheaf,true,5,4,epoch-0,4,9,cohens_d_train,0.18497802
questions,GeneralSheaf,true,5,4,epoch-0,0,9,cohens_d_test,0.34195074
questions,GeneralSheaf,true,5,4,epoch-0,1,9,cohens_d_test,0.35074732
questions,GeneralSheaf,true,5,4,epoch-0,2,9,cohens_d_test,0.36185548
questions,GeneralSheaf,true,5,4,epoch-0,3,9,cohens_d_test,0.37375
questions,GeneralSheaf,true,5,4,epoch-0,4,9,cohens_d_test,0.37778017
questions,GeneralSheaf,true,5,4,epoch-1,0,0,degree,0.06715980751909671
questions,GeneralSheaf,true,5,4,epoch-1,1,0,degree,0.0777778096772551
questions,GeneralSheaf,true,5,4,epoch-1,2,0,degree,0.08274020594101024
questions,GeneralSheaf,true,5,4,epoch-1,3,0,degree,0.09035886482491325
questions,GeneralSheaf,true,5,4,epoch-1,4,0,degree,0.09488960084811181
questions,GeneralSheaf,true,5,4,epoch-1,0,0,betweenness,0.06769285027513934
questions,GeneralSheaf,true,5,4,epoch-1,1,0,betweenness,0.0783109437053472
questions,GeneralSheaf,true,5,4,epoch-1,2,0,betweenness,0.08318329859086991
questions,GeneralSheaf,true,5,4,epoch-1,3,0,betweenness,0.09010078792782625
questions,GeneralSheaf,true,5,4,epoch-1,4,0,betweenness,0.09444310542723054
questions,GeneralSheaf,true,5,4,epoch-1,0,0,confidence,0.928776855255678
questions,GeneralSheaf,true,5,4,epoch-1,1,0,confidence,0.9256123106386245
questions,GeneralSheaf,true,5,4,epoch-1,2,0,confidence,0.9234863701879968
questions,GeneralSheaf,true,5,4,epoch-1,3,0,confidence,0.9224247472652484
questions,GeneralSheaf,true,5,4,epoch-1,4,0,confidence,0.9202103855586017
questions,GeneralSheaf,true,5,4,epoch-1,0,0,saliency,-0.860632798027219
questions,GeneralSheaf,true,5,4,epoch-1,1,0,saliency,-0.8562453670549813
questions,GeneralSheaf,true,5,4,epoch-1,2,0,saliency,-0.8503188741013202
questions,GeneralSheaf,true,5,4,epoch-1,3,0,saliency,-0.8464810326686117
questions,GeneralSheaf,true,5,4,epoch-1,4,0,saliency,-0.8415204653032322
questions,GeneralSheaf,true,5,4,epoch-1,0,0,cohens_d_train,0.028999457
questions,GeneralSheaf,true,5,4,epoch-1,1,0,cohens_d_train,0.04295584
questions,GeneralSheaf,true,5,4,epoch-1,2,0,cohens_d_train,0.07181903
questions,GeneralSheaf,true,5,4,epoch-1,3,0,cohens_d_train,0.107191324
questions,GeneralSheaf,true,5,4,epoch-1,4,0,cohens_d_train,0.15322436
questions,GeneralSheaf,true,5,4,epoch-1,0,0,cohens_d_test,0.011444218
questions,GeneralSheaf,true,5,4,epoch-1,1,0,cohens_d_test,0.020991
questions,GeneralSheaf,true,5,4,epoch-1,2,0,cohens_d_test,0.04312073
questions,GeneralSheaf,true,5,4,epoch-1,3,0,cohens_d_test,0.07058505
questions,GeneralSheaf,true,5,4,epoch-1,4,0,cohens_d_test,0.09093342
questions,GeneralSheaf,true,5,4,epoch-1,0,1,degree,0.02544858396803533
questions,GeneralSheaf,true,5,4,epoch-1,1,1,degree,0.03776721994162502
questions,GeneralSheaf,true,5,4,epoch-1,2,1,degree,0.06731891740269853
questions,GeneralSheaf,true,5,4,epoch-1,3,1,degree,0.08917528917544543
questions,GeneralSheaf,true,5,4,epoch-1,4,1,degree,0.1327267230825648
questions,GeneralSheaf,true,5,4,epoch-1,0,1,betweenness,0.029783217657457943
questions,GeneralSheaf,true,5,4,epoch-1,1,1,betweenness,0.04179128458538948
questions,GeneralSheaf,true,5,4,epoch-1,2,1,betweenness,0.07020956638007254
questions,GeneralSheaf,true,5,4,epoch-1,3,1,betweenness,0.09040393894049287
questions,GeneralSheaf,true,5,4,epoch-1,4,1,betweenness,0.13098204242926753
questions,GeneralSheaf,true,5,4,epoch-1,0,1,confidence,0.8681854935422589
questions,GeneralSheaf,true,5,4,epoch-1,1,1,confidence,0.8729594634091474
questions,GeneralSheaf,true,5,4,epoch-1,2,1,confidence,0.8744995641780995
questions,GeneralSheaf,true,5,4,epoch-1,3,1,confidence,0.8775184457680224
questions,GeneralSheaf,true,5,4,epoch-1,4,1,confidence,0.8754189943412867
questions,GeneralSheaf,true,5,4,epoch-1,0,1,saliency,-0.7091186632835481
questions,GeneralSheaf,true,5,4,epoch-1,1,1,saliency,-0.6966138219326504
questions,GeneralSheaf,true,5,4,epoch-1,2,1,saliency,-0.6850850694173143
questions,GeneralSheaf,true,5,4,epoch-1,3,1,saliency,-0.6679630467039749
questions,GeneralSheaf,true,5,4,epoch-1,4,1,saliency,-0.627970648267245
questions,GeneralSheaf,true,5,4,epoch-1,0,1,cohens_d_train,0.08006977
questions,GeneralSheaf,true,5,4,epoch-1,1,1,cohens_d_train,0.04879018
questions,GeneralSheaf,true,5,4,epoch-1,2,1,cohens_d_train,0.0062895454
questions,GeneralSheaf,true,5,4,epoch-1,3,1,cohens_d_train,0.06766177
questions,GeneralSheaf,true,5,4,epoch-1,4,1,cohens_d_train,0.14470679
questions,GeneralSheaf,true,5,4,epoch-1,0,1,cohens_d_test,0.02033786
questions,GeneralSheaf,true,5,4,epoch-1,1,1,cohens_d_test,0.059161752
questions,GeneralSheaf,true,5,4,epoch-1,2,1,cohens_d_test,0.14286812
questions,GeneralSheaf,true,5,4,epoch-1,3,1,cohens_d_test,0.24212337
questions,GeneralSheaf,true,5,4,epoch-1,4,1,cohens_d_test,0.34700525
questions,GeneralSheaf,true,5,4,epoch-1,0,2,degree,0.09098273471253983
questions,GeneralSheaf,true,5,4,epoch-1,1,2,degree,0.10617565361678827
questions,GeneralSheaf,true,5,4,epoch-1,2,2,degree,0.11637718966648873
questions,GeneralSheaf,true,5,4,epoch-1,3,2,degree,0.11985288565675545
questions,GeneralSheaf,true,5,4,epoch-1,4,2,degree,0.13527262389249992
questions,GeneralSheaf,true,5,4,epoch-1,0,2,betweenness,0.09148835670865128
questions,GeneralSheaf,true,5,4,epoch-1,1,2,betweenness,0.10653090265685577
questions,GeneralSheaf,true,5,4,epoch-1,2,2,betweenness,0.11585397823419681
questions,GeneralSheaf,true,5,4,epoch-1,3,2,betweenness,0.11963965265613966
questions,GeneralSheaf,true,5,4,epoch-1,4,2,betweenness,0.13439577759607255
questions,GeneralSheaf,true,5,4,epoch-1,0,2,confidence,0.9297077523764341
questions,GeneralSheaf,true,5,4,epoch-1,1,2,confidence,0.931570987693763
questions,GeneralSheaf,true,5,4,epoch-1,2,2,confidence,0.9322409359702244
questions,GeneralSheaf,true,5,4,epoch-1,3,2,confidence,0.9293252787450632
questions,GeneralSheaf,true,5,4,epoch-1,4,2,confidence,0.9295404805421552
questions,GeneralSheaf,true,5,4,epoch-1,0,2,saliency,-0.8550551176589971
questions,GeneralSheaf,true,5,4,epoch-1,1,2,saliency,-0.8475812721462488
questions,GeneralSheaf,true,5,4,epoch-1,2,2,saliency,-0.8388782859906019
questions,GeneralSheaf,true,5,4,epoch-1,3,2,saliency,-0.8342615031107672
questions,GeneralSheaf,true,5,4,epoch-1,4,2,saliency,-0.8235434000004461
questions,GeneralSheaf,true,5,4,epoch-1,0,2,cohens_d_train,0.07224064
questions,GeneralSheaf,true,5,4,epoch-1,1,2,cohens_d_train,0.08638136
questions,GeneralSheaf,true,5,4,epoch-1,2,2,cohens_d_train,0.11356989
questions,GeneralSheaf,true,5,4,epoch-1,3,2,cohens_d_train,0.13236108
questions,GeneralSheaf,true,5,4,epoch-1,4,2,cohens_d_train,0.17230867
questions,GeneralSheaf,true,5,4,epoch-1,0,2,cohens_d_test,0.08489307
questions,GeneralSheaf,true,5,4,epoch-1,1,2,cohens_d_test,0.0939555
questions,GeneralSheaf,true,5,4,epoch-1,2,2,cohens_d_test,0.11399194
questions,GeneralSheaf,true,5,4,epoch-1,3,2,cohens_d_test,0.1262142
questions,GeneralSheaf,true,5,4,epoch-1,4,2,cohens_d_test,0.14971513
questions,GeneralSheaf,true,5,4,epoch-1,0,3,degree,0.10363753241452715
questions,GeneralSheaf,true,5,4,epoch-1,1,3,degree,0.11955610523788522
questions,GeneralSheaf,true,5,4,epoch-1,2,3,degree,0.12287519288833348
questions,GeneralSheaf,true,5,4,epoch-1,3,3,degree,0.13159249794855066
questions,GeneralSheaf,true,5,4,epoch-1,4,3,degree,0.1362012170545547
questions,GeneralSheaf,true,5,4,epoch-1,0,3,betweenness,0.10266989819427155
questions,GeneralSheaf,true,5,4,epoch-1,1,3,betweenness,0.11832581409587056
questions,GeneralSheaf,true,5,4,epoch-1,2,3,betweenness,0.12136315104182271
questions,GeneralSheaf,true,5,4,epoch-1,3,3,betweenness,0.1292287729193144
questions,GeneralSheaf,true,5,4,epoch-1,4,3,betweenness,0.13396393542815888
questions,GeneralSheaf,true,5,4,epoch-1,0,3,confidence,0.9614584336531189
questions,GeneralSheaf,true,5,4,epoch-1,1,3,confidence,0.9601377855471755
questions,GeneralSheaf,true,5,4,epoch-1,2,3,confidence,0.959118611166147
questions,GeneralSheaf,true,5,4,epoch-1,3,3,confidence,0.9584579375019038
questions,GeneralSheaf,true,5,4,epoch-1,4,3,confidence,0.9556138042512782
questions,GeneralSheaf,true,5,4,epoch-1,0,3,saliency,-0.8858152094069434
questions,GeneralSheaf,true,5,4,epoch-1,1,3,saliency,-0.8774483037759758
questions,GeneralSheaf,true,5,4,epoch-1,2,3,saliency,-0.8742880910006237
questions,GeneralSheaf,true,5,4,epoch-1,3,3,saliency,-0.8692198865987941
questions,GeneralSheaf,true,5,4,epoch-1,4,3,saliency,-0.8647136766453644
questions,GeneralSheaf,true,5,4,epoch-1,0,3,cohens_d_train,0.018257733
questions,GeneralSheaf,true,5,4,epoch-1,1,3,cohens_d_train,0.028712993
questions,GeneralSheaf,true,5,4,epoch-1,2,3,cohens_d_train,0.040865015
questions,GeneralSheaf,true,5,4,epoch-1,3,3,cohens_d_train,0.06608672
questions,GeneralSheaf,true,5,4,epoch-1,4,3,cohens_d_train,0.10318029
questions,GeneralSheaf,true,5,4,epoch-1,0,3,cohens_d_test,0.051771034
questions,GeneralSheaf,true,5,4,epoch-1,1,3,cohens_d_test,0.035689056
questions,GeneralSheaf,true,5,4,epoch-1,2,3,cohens_d_test,0.02155439
questions,GeneralSheaf,true,5,4,epoch-1,3,3,cohens_d_test,0.0072745145
questions,GeneralSheaf,true,5,4,epoch-1,4,3,cohens_d_test,0.051425714
questions,GeneralSheaf,true,5,4,epoch-1,0,4,degree,0.08281315859693716
questions,GeneralSheaf,true,5,4,epoch-1,1,4,degree,0.09342908162325021
questions,GeneralSheaf,true,5,4,epoch-1,2,4,degree,0.12233447614184761
questions,GeneralSheaf,true,5,4,epoch-1,3,4,degree,0.13751891030949587
questions,GeneralSheaf,true,5,4,epoch-1,4,4,degree,0.15795143365179326
questions,GeneralSheaf,true,5,4,epoch-1,0,4,betweenness,0.0832607611558824
questions,GeneralSheaf,true,5,4,epoch-1,1,4,betweenness,0.09330622007839061
questions,GeneralSheaf,true,5,4,epoch-1,2,4,betweenness,0.12154273498094975
questions,GeneralSheaf,true,5,4,epoch-1,3,4,betweenness,0.13633058270236598
questions,GeneralSheaf,true,5,4,epoch-1,4,4,betweenness,0.15516301348240152
questions,GeneralSheaf,true,5,4,epoch-1,0,4,confidence,0.9410154090328253
questions,GeneralSheaf,true,5,4,epoch-1,1,4,confidence,0.9417881901907835
questions,GeneralSheaf,true,5,4,epoch-1,2,4,confidence,0.9442129496469899
questions,GeneralSheaf,true,5,4,epoch-1,3,4,confidence,0.9433186484663622
questions,GeneralSheaf,true,5,4,epoch-1,4,4,confidence,0.9420355381021805
questions,GeneralSheaf,true,5,4,epoch-1,0,4,saliency,-0.7949143317890336
questions,GeneralSheaf,true,5,4,epoch-1,1,4,saliency,-0.7839944914669403
questions,GeneralSheaf,true,5,4,epoch-1,2,4,saliency,-0.7782372369512007
questions,GeneralSheaf,true,5,4,epoch-1,3,4,saliency,-0.7689643939079555
questions,GeneralSheaf,true,5,4,epoch-1,4,4,saliency,-0.7521067356339304
questions,GeneralSheaf,true,5,4,epoch-1,0,4,cohens_d_train,0.047334608
questions,GeneralSheaf,true,5,4,epoch-1,1,4,cohens_d_train,0.067220524
questions,GeneralSheaf,true,5,4,epoch-1,2,4,cohens_d_train,0.093870014
questions,GeneralSheaf,true,5,4,epoch-1,3,4,cohens_d_train,0.13298216
questions,GeneralSheaf,true,5,4,epoch-1,4,4,cohens_d_train,0.18411574
questions,GeneralSheaf,true,5,4,epoch-1,0,4,cohens_d_test,0.014375473
questions,GeneralSheaf,true,5,4,epoch-1,1,4,cohens_d_test,0.011969282
questions,GeneralSheaf,true,5,4,epoch-1,2,4,cohens_d_test,0.048983295
questions,GeneralSheaf,true,5,4,epoch-1,3,4,cohens_d_test,0.10122785
questions,GeneralSheaf,true,5,4,epoch-1,4,4,cohens_d_test,0.17442125
questions,GeneralSheaf,true,5,4,epoch-1,0,5,degree,0.03066892374718251
questions,GeneralSheaf,true,5,4,epoch-1,1,5,degree,0.03475150598364798
questions,GeneralSheaf,true,5,4,epoch-1,2,5,degree,0.04343291839695479
questions,GeneralSheaf,true,5,4,epoch-1,3,5,degree,0.0637695207779308
questions,GeneralSheaf,true,5,4,epoch-1,4,5,degree,0.09663246121334455
questions,GeneralSheaf,true,5,4,epoch-1,0,5,betweenness,0.03334141362221293
questions,GeneralSheaf,true,5,4,epoch-1,1,5,betweenness,0.03743170224018919
questions,GeneralSheaf,true,5,4,epoch-1,2,5,betweenness,0.045621750801558995
questions,GeneralSheaf,true,5,4,epoch-1,3,5,betweenness,0.06474896739942194
questions,GeneralSheaf,true,5,4,epoch-1,4,5,betweenness,0.09519692323439222
questions,GeneralSheaf,true,5,4,epoch-1,0,5,confidence,0.8730526409467677
questions,GeneralSheaf,true,5,4,epoch-1,1,5,confidence,0.8784428655589474
questions,GeneralSheaf,true,5,4,epoch-1,2,5,confidence,0.8826452905314813
questions,GeneralSheaf,true,5,4,epoch-1,3,5,confidence,0.8900453130326245
questions,GeneralSheaf,true,5,4,epoch-1,4,5,confidence,0.8939316633250598
questions,GeneralSheaf,true,5,4,epoch-1,0,5,saliency,-0.7311483922873051
questions,GeneralSheaf,true,5,4,epoch-1,1,5,saliency,-0.7256663434567158
questions,GeneralSheaf,true,5,4,epoch-1,2,5,saliency,-0.7241479512866678
questions,GeneralSheaf,true,5,4,epoch-1,3,5,saliency,-0.7185879775289729
questions,GeneralSheaf,true,5,4,epoch-1,4,5,saliency,-0.6965197859128974
questions,GeneralSheaf,true,5,4,epoch-1,0,5,cohens_d_train,0.011958618
questions,GeneralSheaf,true,5,4,epoch-1,1,5,cohens_d_train,0.0014990699
questions,GeneralSheaf,true,5,4,epoch-1,2,5,cohens_d_train,0.01724044
questions,GeneralSheaf,true,5,4,epoch-1,3,5,cohens_d_train,0.050024748
questions,GeneralSheaf,true,5,4,epoch-1,4,5,cohens_d_train,0.10150429
questions,GeneralSheaf,true,5,4,epoch-1,0,5,cohens_d_test,0.00044127696
questions,GeneralSheaf,true,5,4,epoch-1,1,5,cohens_d_test,0.016505767
questions,GeneralSheaf,true,5,4,epoch-1,2,5,cohens_d_test,0.029012935
questions,GeneralSheaf,true,5,4,epoch-1,3,5,cohens_d_test,0.06494962
questions,GeneralSheaf,true,5,4,epoch-1,4,5,cohens_d_test,0.1265543
questions,GeneralSheaf,true,5,4,epoch-1,0,6,degree,0.0763067221663301
questions,GeneralSheaf,true,5,4,epoch-1,1,6,degree,0.07894527148844241
questions,GeneralSheaf,true,5,4,epoch-1,2,6,degree,0.09489519235758635
questions,GeneralSheaf,true,5,4,epoch-1,3,6,degree,0.10279021297173523
questions,GeneralSheaf,true,5,4,epoch-1,4,6,degree,0.13348798788658844
questions,GeneralSheaf,true,5,4,epoch-1,0,6,betweenness,0.07724225224193954
questions,GeneralSheaf,true,5,4,epoch-1,1,6,betweenness,0.08043179995053445
questions,GeneralSheaf,true,5,4,epoch-1,2,6,betweenness,0.09577198191874255
questions,GeneralSheaf,true,5,4,epoch-1,3,6,betweenness,0.10383188868923567
questions,GeneralSheaf,true,5,4,epoch-1,4,6,betweenness,0.1316354010513177
questions,GeneralSheaf,true,5,4,epoch-1,0,6,confidence,0.9348854161276868
questions,GeneralSheaf,true,5,4,epoch-1,1,6,confidence,0.9359931862237475
questions,GeneralSheaf,true,5,4,epoch-1,2,6,confidence,0.9354786094159424
questions,GeneralSheaf,true,5,4,epoch-1,3,6,confidence,0.9354249227985746
questions,GeneralSheaf,true,5,4,epoch-1,4,6,confidence,0.9376084074368911
questions,GeneralSheaf,true,5,4,epoch-1,0,6,saliency,-0.8486255061890943
questions,GeneralSheaf,true,5,4,epoch-1,1,6,saliency,-0.8436025790821278
questions,GeneralSheaf,true,5,4,epoch-1,2,6,saliency,-0.83694956651725
questions,GeneralSheaf,true,5,4,epoch-1,3,6,saliency,-0.8339038893961752
questions,GeneralSheaf,true,5,4,epoch-1,4,6,saliency,-0.813720864121956
questions,GeneralSheaf,true,5,4,epoch-1,0,6,cohens_d_train,0.042791985
questions,GeneralSheaf,true,5,4,epoch-1,1,6,cohens_d_train,0.0350801
questions,GeneralSheaf,true,5,4,epoch-1,2,6,cohens_d_train,0.014320638
questions,GeneralSheaf,true,5,4,epoch-1,3,6,cohens_d_train,0.0009605253
questions,GeneralSheaf,true,5,4,epoch-1,4,6,cohens_d_train,0.062232904
questions,GeneralSheaf,true,5,4,epoch-1,0,6,cohens_d_test,0.059528388
questions,GeneralSheaf,true,5,4,epoch-1,1,6,cohens_d_test,0.07022967
questions,GeneralSheaf,true,5,4,epoch-1,2,6,cohens_d_test,0.09300772
questions,GeneralSheaf,true,5,4,epoch-1,3,6,cohens_d_test,0.10473875
questions,GeneralSheaf,true,5,4,epoch-1,4,6,cohens_d_test,0.15726967
questions,GeneralSheaf,true,5,4,epoch-1,0,7,degree,0.06982607855785464
questions,GeneralSheaf,true,5,4,epoch-1,1,7,degree,0.08781185942861132
questions,GeneralSheaf,true,5,4,epoch-1,2,7,degree,0.11007884323460732
questions,GeneralSheaf,true,5,4,epoch-1,3,7,degree,0.12132425425770868
questions,GeneralSheaf,true,5,4,epoch-1,4,7,degree,0.1563073461409015
questions,GeneralSheaf,true,5,4,epoch-1,0,7,betweenness,0.07067634202153332
questions,GeneralSheaf,true,5,4,epoch-1,1,7,betweenness,0.08825517335979732
questions,GeneralSheaf,true,5,4,epoch-1,2,7,betweenness,0.11005709047706495
questions,GeneralSheaf,true,5,4,epoch-1,3,7,betweenness,0.12104997716471645
questions,GeneralSheaf,true,5,4,epoch-1,4,7,betweenness,0.1528827491839982
questions,GeneralSheaf,true,5,4,epoch-1,0,7,confidence,0.9187719193175422
questions,GeneralSheaf,true,5,4,epoch-1,1,7,confidence,0.9208706135614997
questions,GeneralSheaf,true,5,4,epoch-1,2,7,confidence,0.9233358476663363
questions,GeneralSheaf,true,5,4,epoch-1,3,7,confidence,0.9210805203898558
questions,GeneralSheaf,true,5,4,epoch-1,4,7,confidence,0.9214561827960257
questions,GeneralSheaf,true,5,4,epoch-1,0,7,saliency,-0.7764339922126472
questions,GeneralSheaf,true,5,4,epoch-1,1,7,saliency,-0.7663884364377936
questions,GeneralSheaf,true,5,4,epoch-1,2,7,saliency,-0.7574874177532318
questions,GeneralSheaf,true,5,4,epoch-1,3,7,saliency,-0.752258110370999
questions,GeneralSheaf,true,5,4,epoch-1,4,7,saliency,-0.7259367984383245
questions,GeneralSheaf,true,5,4,epoch-1,0,7,cohens_d_train,0.0009875755
questions,GeneralSheaf,true,5,4,epoch-1,1,7,cohens_d_train,0.030967994
questions,GeneralSheaf,true,5,4,epoch-1,2,7,cohens_d_train,0.0555439
questions,GeneralSheaf,true,5,4,epoch-1,3,7,cohens_d_train,0.091286644
questions,GeneralSheaf,true,5,4,epoch-1,4,7,cohens_d_train,0.16485117
questions,GeneralSheaf,true,5,4,epoch-1,0,7,cohens_d_test,0.06138995
questions,GeneralSheaf,true,5,4,epoch-1,1,7,cohens_d_test,0.023043739
questions,GeneralSheaf,true,5,4,epoch-1,2,7,cohens_d_test,0.0036991362
questions,GeneralSheaf,true,5,4,epoch-1,3,7,cohens_d_test,0.038808104
questions,GeneralSheaf,true,5,4,epoch-1,4,7,cohens_d_test,0.11358915
questions,GeneralSheaf,true,5,4,epoch-1,0,8,degree,0.0633278801241239
questions,GeneralSheaf,true,5,4,epoch-1,1,8,degree,0.0810917190417722
questions,GeneralSheaf,true,5,4,epoch-1,2,8,degree,0.08193550603562562
questions,GeneralSheaf,true,5,4,epoch-1,3,8,degree,0.08847768199874383
questions,GeneralSheaf,true,5,4,epoch-1,4,8,degree,0.0984995607496201
questions,GeneralSheaf,true,5,4,epoch-1,0,8,betweenness,0.06395114574685636
questions,GeneralSheaf,true,5,4,epoch-1,1,8,betweenness,0.08122787321055618
questions,GeneralSheaf,true,5,4,epoch-1,2,8,betweenness,0.08213908057854806
questions,GeneralSheaf,true,5,4,epoch-1,3,8,betweenness,0.08847617746345321
questions,GeneralSheaf,true,5,4,epoch-1,4,8,betweenness,0.09770077398594827
questions,GeneralSheaf,true,5,4,epoch-1,0,8,confidence,0.9165755614413237
questions,GeneralSheaf,true,5,4,epoch-1,1,8,confidence,0.9169896817007535
questions,GeneralSheaf,true,5,4,epoch-1,2,8,confidence,0.916327035360745
questions,GeneralSheaf,true,5,4,epoch-1,3,8,confidence,0.917072339953342
questions,GeneralSheaf,true,5,4,epoch-1,4,8,confidence,0.916886941842497
questions,GeneralSheaf,true,5,4,epoch-1,0,8,saliency,-0.8497399299199723
questions,GeneralSheaf,true,5,4,epoch-1,1,8,saliency,-0.8450108163472088
questions,GeneralSheaf,true,5,4,epoch-1,2,8,saliency,-0.8435662206748885
questions,GeneralSheaf,true,5,4,epoch-1,3,8,saliency,-0.8420073837471913
questions,GeneralSheaf,true,5,4,epoch-1,4,8,saliency,-0.8420947132397986
questions,GeneralSheaf,true,5,4,epoch-1,0,8,cohens_d_train,0.023647938
questions,GeneralSheaf,true,5,4,epoch-1,1,8,cohens_d_train,0.034848455
questions,GeneralSheaf,true,5,4,epoch-1,2,8,cohens_d_train,0.042810783
questions,GeneralSheaf,true,5,4,epoch-1,3,8,cohens_d_train,0.05416801
questions,GeneralSheaf,true,5,4,epoch-1,4,8,cohens_d_train,0.07431822
questions,GeneralSheaf,true,5,4,epoch-1,0,8,cohens_d_test,0.018755341
questions,GeneralSheaf,true,5,4,epoch-1,1,8,cohens_d_test,0.031849984
questions,GeneralSheaf,true,5,4,epoch-1,2,8,cohens_d_test,0.04209099
questions,GeneralSheaf,true,5,4,epoch-1,3,8,cohens_d_test,0.06024855
questions,GeneralSheaf,true,5,4,epoch-1,4,8,cohens_d_test,0.088260494
questions,GeneralSheaf,true,5,4,epoch-1,0,9,degree,0.09065321117686057
questions,GeneralSheaf,true,5,4,epoch-1,1,9,degree,0.0953963103055766
questions,GeneralSheaf,true,5,4,epoch-1,2,9,degree,0.09309151053613349
questions,GeneralSheaf,true,5,4,epoch-1,3,9,degree,0.09872488784820362
questions,GeneralSheaf,true,5,4,epoch-1,4,9,degree,0.10725510324285016
questions,GeneralSheaf,true,5,4,epoch-1,0,9,betweenness,0.09053168539339516
questions,GeneralSheaf,true,5,4,epoch-1,1,9,betweenness,0.09555673482094187
questions,GeneralSheaf,true,5,4,epoch-1,2,9,betweenness,0.09318377150986498
questions,GeneralSheaf,true,5,4,epoch-1,3,9,betweenness,0.09837712433675523
questions,GeneralSheaf,true,5,4,epoch-1,4,9,betweenness,0.10662671772894526
questions,GeneralSheaf,true,5,4,epoch-1,0,9,confidence,0.9536117542653202
questions,GeneralSheaf,true,5,4,epoch-1,1,9,confidence,0.953808689344103
questions,GeneralSheaf,true,5,4,epoch-1,2,9,confidence,0.9525021115006174
questions,GeneralSheaf,true,5,4,epoch-1,3,9,confidence,0.9520481968231813
questions,GeneralSheaf,true,5,4,epoch-1,4,9,confidence,0.9523800383485981
questions,GeneralSheaf,true,5,4,epoch-1,0,9,saliency,-0.8625156017851169
questions,GeneralSheaf,true,5,4,epoch-1,1,9,saliency,-0.8574312380412417
questions,GeneralSheaf,true,5,4,epoch-1,2,9,saliency,-0.8558819539323514
questions,GeneralSheaf,true,5,4,epoch-1,3,9,saliency,-0.8530679221965098
questions,GeneralSheaf,true,5,4,epoch-1,4,9,saliency,-0.8505127304784865
questions,GeneralSheaf,true,5,4,epoch-1,0,9,cohens_d_train,0.01780275
questions,GeneralSheaf,true,5,4,epoch-1,1,9,cohens_d_train,0.030592564
questions,GeneralSheaf,true,5,4,epoch-1,2,9,cohens_d_train,0.05024149
questions,GeneralSheaf,true,5,4,epoch-1,3,9,cohens_d_train,0.082642265
questions,GeneralSheaf,true,5,4,epoch-1,4,9,cohens_d_train,0.12010712
questions,GeneralSheaf,true,5,4,epoch-1,0,9,cohens_d_test,0.019104362
questions,GeneralSheaf,true,5,4,epoch-1,1,9,cohens_d_test,0.029478364
questions,GeneralSheaf,true,5,4,epoch-1,2,9,cohens_d_test,0.042897314
questions,GeneralSheaf,true,5,4,epoch-1,3,9,cohens_d_test,0.058379386
questions,GeneralSheaf,true,5,4,epoch-1,4,9,cohens_d_test,0.077002525
questions,GeneralSheaf,true,5,4,epoch-5,0,0,degree,0.11795383204677855
questions,GeneralSheaf,true,5,4,epoch-5,1,0,degree,0.143920978604462
questions,GeneralSheaf,true,5,4,epoch-5,2,0,degree,0.23072839948152654
questions,GeneralSheaf,true,5,4,epoch-5,3,0,degree,0.4042048477503939
questions,GeneralSheaf,true,5,4,epoch-5,4,0,degree,0.47264821687725267
questions,GeneralSheaf,true,5,4,epoch-5,0,0,betweenness,0.1149554305182861
questions,GeneralSheaf,true,5,4,epoch-5,1,0,betweenness,0.13569076484180562
questions,GeneralSheaf,true,5,4,epoch-5,2,0,betweenness,0.21155011264037676
questions,GeneralSheaf,true,5,4,epoch-5,3,0,betweenness,0.3754782971641527
questions,GeneralSheaf,true,5,4,epoch-5,4,0,betweenness,0.4374148305584421
questions,GeneralSheaf,true,5,4,epoch-5,0,0,confidence,0.7701014979798755
questions,GeneralSheaf,true,5,4,epoch-5,1,0,confidence,0.7647556631349326
questions,GeneralSheaf,true,5,4,epoch-5,2,0,confidence,0.8272375768284086
questions,GeneralSheaf,true,5,4,epoch-5,3,0,confidence,0.8553418996868076
questions,GeneralSheaf,true,5,4,epoch-5,4,0,confidence,0.8388319050428046
questions,GeneralSheaf,true,5,4,epoch-5,0,0,saliency,-0.34625285571519304
questions,GeneralSheaf,true,5,4,epoch-5,1,0,saliency,-0.3503329886215572
questions,GeneralSheaf,true,5,4,epoch-5,2,0,saliency,-0.3742645266684293
questions,GeneralSheaf,true,5,4,epoch-5,3,0,saliency,-0.3691175659533533
questions,GeneralSheaf,true,5,4,epoch-5,4,0,saliency,-0.3513030741685128
questions,GeneralSheaf,true,5,4,epoch-5,0,0,cohens_d_train,0.022209646
questions,GeneralSheaf,true,5,4,epoch-5,1,0,cohens_d_train,0.04763161
questions,GeneralSheaf,true,5,4,epoch-5,2,0,cohens_d_train,0.16133872
questions,GeneralSheaf,true,5,4,epoch-5,3,0,cohens_d_train,0.2798504
questions,GeneralSheaf,true,5,4,epoch-5,4,0,cohens_d_train,0.32482675
questions,GeneralSheaf,true,5,4,epoch-5,0,0,cohens_d_test,0.019488638
questions,GeneralSheaf,true,5,4,epoch-5,1,0,cohens_d_test,0.09558044
questions,GeneralSheaf,true,5,4,epoch-5,2,0,cohens_d_test,0.2317872
questions,GeneralSheaf,true,5,4,epoch-5,3,0,cohens_d_test,0.34300473
questions,GeneralSheaf,true,5,4,epoch-5,4,0,cohens_d_test,0.37988088
questions,GeneralSheaf,true,5,4,epoch-5,0,1,degree,0.12036359359360856
questions,GeneralSheaf,true,5,4,epoch-5,1,1,degree,0.16801162768962896
questions,GeneralSheaf,true,5,4,epoch-5,2,1,degree,0.2731049061797175
questions,GeneralSheaf,true,5,4,epoch-5,3,1,degree,0.4704757023460598
questions,GeneralSheaf,true,5,4,epoch-5,4,1,degree,0.51866293598015
questions,GeneralSheaf,true,5,4,epoch-5,0,1,betweenness,0.11741055806080637
questions,GeneralSheaf,true,5,4,epoch-5,1,1,betweenness,0.15853735927777785
questions,GeneralSheaf,true,5,4,epoch-5,2,1,betweenness,0.2523820254592128
questions,GeneralSheaf,true,5,4,epoch-5,3,1,betweenness,0.4443740424305664
questions,GeneralSheaf,true,5,4,epoch-5,4,1,betweenness,0.48378067343295356
questions,GeneralSheaf,true,5,4,epoch-5,0,1,confidence,0.8379682070725868
questions,GeneralSheaf,true,5,4,epoch-5,1,1,confidence,0.8052092359492863
questions,GeneralSheaf,true,5,4,epoch-5,2,1,confidence,0.8338161729090993
questions,GeneralSheaf,true,5,4,epoch-5,3,1,confidence,0.7954063645581299
questions,GeneralSheaf,true,5,4,epoch-5,4,1,confidence,0.757096474260713
questions,GeneralSheaf,true,5,4,epoch-5,0,1,saliency,-0.4708313774984089
questions,GeneralSheaf,true,5,4,epoch-5,1,1,saliency,-0.44147469077061796
questions,GeneralSheaf,true,5,4,epoch-5,2,1,saliency,-0.43549042668383353
questions,GeneralSheaf,true,5,4,epoch-5,3,1,saliency,-0.36405269601614415
questions,GeneralSheaf,true,5,4,epoch-5,4,1,saliency,-0.335735934729589
questions,GeneralSheaf,true,5,4,epoch-5,0,1,cohens_d_train,0.058643494
questions,GeneralSheaf,true,5,4,epoch-5,1,1,cohens_d_train,0.37162414
questions,GeneralSheaf,true,5,4,epoch-5,2,1,cohens_d_train,0.5835826
questions,GeneralSheaf,true,5,4,epoch-5,3,1,cohens_d_train,0.7328668
questions,GeneralSheaf,true,5,4,epoch-5,4,1,cohens_d_train,0.7913323
questions,GeneralSheaf,true,5,4,epoch-5,0,1,cohens_d_test,0.05140476
questions,GeneralSheaf,true,5,4,epoch-5,1,1,cohens_d_test,0.48365942
questions,GeneralSheaf,true,5,4,epoch-5,2,1,cohens_d_test,0.7496
questions,GeneralSheaf,true,5,4,epoch-5,3,1,cohens_d_test,0.9320728
questions,GeneralSheaf,true,5,4,epoch-5,4,1,cohens_d_test,1.0105829
questions,GeneralSheaf,true,5,4,epoch-5,0,2,degree,0.11966299920435451
questions,GeneralSheaf,true,5,4,epoch-5,1,2,degree,0.10528088512993469
questions,GeneralSheaf,true,5,4,epoch-5,2,2,degree,0.178846308880019
questions,GeneralSheaf,true,5,4,epoch-5,3,2,degree,0.3245040564261127
questions,GeneralSheaf,true,5,4,epoch-5,4,2,degree,0.3609888870933516
questions,GeneralSheaf,true,5,4,epoch-5,0,2,betweenness,0.11670749541523098
questions,GeneralSheaf,true,5,4,epoch-5,1,2,betweenness,0.0913677409873856
questions,GeneralSheaf,true,5,4,epoch-5,2,2,betweenness,0.1550046354174994
questions,GeneralSheaf,true,5,4,epoch-5,3,2,betweenness,0.29877429377528886
questions,GeneralSheaf,true,5,4,epoch-5,4,2,betweenness,0.3301019515159014
questions,GeneralSheaf,true,5,4,epoch-5,0,2,confidence,0.8677233220754136
questions,GeneralSheaf,true,5,4,epoch-5,1,2,confidence,0.918688877471078
questions,GeneralSheaf,true,5,4,epoch-5,2,2,confidence,0.9295640656820586
questions,GeneralSheaf,true,5,4,epoch-5,3,2,confidence,0.8984544536194539
questions,GeneralSheaf,true,5,4,epoch-5,4,2,confidence,0.8949184027425742
questions,GeneralSheaf,true,5,4,epoch-5,0,2,saliency,-0.5368820638134615
questions,GeneralSheaf,true,5,4,epoch-5,1,2,saliency,-0.5727190864900302
questions,GeneralSheaf,true,5,4,epoch-5,2,2,saliency,-0.5805488175218104
questions,GeneralSheaf,true,5,4,epoch-5,3,2,saliency,-0.5379733752057092
questions,GeneralSheaf,true,5,4,epoch-5,4,2,saliency,-0.536728387339834
questions,GeneralSheaf,true,5,4,epoch-5,0,2,cohens_d_train,0.050901122
questions,GeneralSheaf,true,5,4,epoch-5,1,2,cohens_d_train,0.0013146598
questions,GeneralSheaf,true,5,4,epoch-5,2,2,cohens_d_train,0.099481665
questions,GeneralSheaf,true,5,4,epoch-5,3,2,cohens_d_train,0.23209712
questions,GeneralSheaf,true,5,4,epoch-5,4,2,cohens_d_train,0.24501278
questions,GeneralSheaf,true,5,4,epoch-5,0,2,cohens_d_test,0.017272783
questions,GeneralSheaf,true,5,4,epoch-5,1,2,cohens_d_test,0.0056284014
questions,GeneralSheaf,true,5,4,epoch-5,2,2,cohens_d_test,0.0960046
questions,GeneralSheaf,true,5,4,epoch-5,3,2,cohens_d_test,0.22220622
questions,GeneralSheaf,true,5,4,epoch-5,4,2,cohens_d_test,0.225657
questions,GeneralSheaf,true,5,4,epoch-5,0,3,degree,0.12222830284657321
questions,GeneralSheaf,true,5,4,epoch-5,1,3,degree,0.1560716714340359
questions,GeneralSheaf,true,5,4,epoch-5,2,3,degree,0.24921136812430675
questions,GeneralSheaf,true,5,4,epoch-5,3,3,degree,0.32273272596814695
questions,GeneralSheaf,true,5,4,epoch-5,4,3,degree,0.41083275868063984
questions,GeneralSheaf,true,5,4,epoch-5,0,3,betweenness,0.11912644913316088
questions,GeneralSheaf,true,5,4,epoch-5,1,3,betweenness,0.1470454710912485
questions,GeneralSheaf,true,5,4,epoch-5,2,3,betweenness,0.22551806725233972
questions,GeneralSheaf,true,5,4,epoch-5,3,3,betweenness,0.2899404012312294
questions,GeneralSheaf,true,5,4,epoch-5,4,3,betweenness,0.37095796937144454
questions,GeneralSheaf,true,5,4,epoch-5,0,3,confidence,0.8378970367281622
questions,GeneralSheaf,true,5,4,epoch-5,1,3,confidence,0.8270276031652698
questions,GeneralSheaf,true,5,4,epoch-5,2,3,confidence,0.8828550513515515
questions,GeneralSheaf,true,5,4,epoch-5,3,3,confidence,0.8928504691878709
questions,GeneralSheaf,true,5,4,epoch-5,4,3,confidence,0.8852303520475859
questions,GeneralSheaf,true,5,4,epoch-5,0,3,saliency,-0.48840597707201433
questions,GeneralSheaf,true,5,4,epoch-5,1,3,saliency,-0.49334116421546953
questions,GeneralSheaf,true,5,4,epoch-5,2,3,saliency,-0.5340902635908895
questions,GeneralSheaf,true,5,4,epoch-5,3,3,saliency,-0.5353495067982704
questions,GeneralSheaf,true,5,4,epoch-5,4,3,saliency,-0.5105243492253011
questions,GeneralSheaf,true,5,4,epoch-5,0,3,cohens_d_train,0.022371126
questions,GeneralSheaf,true,5,4,epoch-5,1,3,cohens_d_train,0.20539464
questions,GeneralSheaf,true,5,4,epoch-5,2,3,cohens_d_train,0.32499292
questions,GeneralSheaf,true,5,4,epoch-5,3,3,cohens_d_train,0.36907828
questions,GeneralSheaf,true,5,4,epoch-5,4,3,cohens_d_train,0.45138854
questions,GeneralSheaf,true,5,4,epoch-5,0,3,cohens_d_test,0.05729919
questions,GeneralSheaf,true,5,4,epoch-5,1,3,cohens_d_test,0.2974842
questions,GeneralSheaf,true,5,4,epoch-5,2,3,cohens_d_test,0.44595823
questions,GeneralSheaf,true,5,4,epoch-5,3,3,cohens_d_test,0.47914225
questions,GeneralSheaf,true,5,4,epoch-5,4,3,cohens_d_test,0.5838107
questions,GeneralSheaf,true,5,4,epoch-5,0,4,degree,0.1203027373477325
questions,GeneralSheaf,true,5,4,epoch-5,1,4,degree,0.15924875420213275
questions,GeneralSheaf,true,5,4,epoch-5,2,4,degree,0.2835032974628618
questions,GeneralSheaf,true,5,4,epoch-5,3,4,degree,0.38856344016660027
questions,GeneralSheaf,true,5,4,epoch-5,4,4,degree,0.4905194774743302
questions,GeneralSheaf,true,5,4,epoch-5,0,4,betweenness,0.11728165260500928
questions,GeneralSheaf,true,5,4,epoch-5,1,4,betweenness,0.14704810321038883
questions,GeneralSheaf,true,5,4,epoch-5,2,4,betweenness,0.2605394356190179
questions,GeneralSheaf,true,5,4,epoch-5,3,4,betweenness,0.35965381505604893
questions,GeneralSheaf,true,5,4,epoch-5,4,4,betweenness,0.4534050999961233
questions,GeneralSheaf,true,5,4,epoch-5,0,4,confidence,0.881872909540666
questions,GeneralSheaf,true,5,4,epoch-5,1,4,confidence,0.9081075748832299
questions,GeneralSheaf,true,5,4,epoch-5,2,4,confidence,0.9405691169282276
questions,GeneralSheaf,true,5,4,epoch-5,3,4,confidence,0.9257406564409196
questions,GeneralSheaf,true,5,4,epoch-5,4,4,confidence,0.9045435773418262
questions,GeneralSheaf,true,5,4,epoch-5,0,4,saliency,-0.5151863221256052
questions,GeneralSheaf,true,5,4,epoch-5,1,4,saliency,-0.5320947916769099
questions,GeneralSheaf,true,5,4,epoch-5,2,4,saliency,-0.5283867618987522
questions,GeneralSheaf,true,5,4,epoch-5,3,4,saliency,-0.4970007764249956
questions,GeneralSheaf,true,5,4,epoch-5,4,4,saliency,-0.4593362670413019
questions,GeneralSheaf,true,5,4,epoch-5,0,4,cohens_d_train,0.017464075
questions,GeneralSheaf,true,5,4,epoch-5,1,4,cohens_d_train,0.07823759
questions,GeneralSheaf,true,5,4,epoch-5,2,4,cohens_d_train,0.19664682
questions,GeneralSheaf,true,5,4,epoch-5,3,4,cohens_d_train,0.26347595
questions,GeneralSheaf,true,5,4,epoch-5,4,4,cohens_d_train,0.3332064
questions,GeneralSheaf,true,5,4,epoch-5,0,4,cohens_d_test,0.057988875
questions,GeneralSheaf,true,5,4,epoch-5,1,4,cohens_d_test,0.024429528
questions,GeneralSheaf,true,5,4,epoch-5,2,4,cohens_d_test,0.13722359
questions,GeneralSheaf,true,5,4,epoch-5,3,4,cohens_d_test,0.21144646
questions,GeneralSheaf,true,5,4,epoch-5,4,4,cohens_d_test,0.29380858
questions,GeneralSheaf,true,5,4,epoch-5,0,5,degree,0.11994456828033129
questions,GeneralSheaf,true,5,4,epoch-5,1,5,degree,0.14556584381513546
questions,GeneralSheaf,true,5,4,epoch-5,2,5,degree,0.24582987709263496
questions,GeneralSheaf,true,5,4,epoch-5,3,5,degree,0.3881014444028003
questions,GeneralSheaf,true,5,4,epoch-5,4,5,degree,0.44300197426403326
questions,GeneralSheaf,true,5,4,epoch-5,0,5,betweenness,0.11681151537314889
questions,GeneralSheaf,true,5,4,epoch-5,1,5,betweenness,0.13843239624593343
questions,GeneralSheaf,true,5,4,epoch-5,2,5,betweenness,0.23038383671731236
questions,GeneralSheaf,true,5,4,epoch-5,3,5,betweenness,0.3644324688934652
questions,GeneralSheaf,true,5,4,epoch-5,4,5,betweenness,0.41216696966732536
questions,GeneralSheaf,true,5,4,epoch-5,0,5,confidence,0.8446582656423075
questions,GeneralSheaf,true,5,4,epoch-5,1,5,confidence,0.8377913899078628
questions,GeneralSheaf,true,5,4,epoch-5,2,5,confidence,0.851156246599825
questions,GeneralSheaf,true,5,4,epoch-5,3,5,confidence,0.8420982071606817
questions,GeneralSheaf,true,5,4,epoch-5,4,5,confidence,0.8181042843908884
questions,GeneralSheaf,true,5,4,epoch-5,0,5,saliency,-0.46026606440897405
questions,GeneralSheaf,true,5,4,epoch-5,1,5,saliency,-0.45641220529867554
questions,GeneralSheaf,true,5,4,epoch-5,2,5,saliency,-0.4597119061758922
questions,GeneralSheaf,true,5,4,epoch-5,3,5,saliency,-0.44272171699663615
questions,GeneralSheaf,true,5,4,epoch-5,4,5,saliency,-0.426296357818124
questions,GeneralSheaf,true,5,4,epoch-5,0,5,cohens_d_train,0.07329116
questions,GeneralSheaf,true,5,4,epoch-5,1,5,cohens_d_train,0.00065014936
questions,GeneralSheaf,true,5,4,epoch-5,2,5,cohens_d_train,0.1319076
questions,GeneralSheaf,true,5,4,epoch-5,3,5,cohens_d_train,0.22393839
questions,GeneralSheaf,true,5,4,epoch-5,4,5,cohens_d_train,0.25226182
questions,GeneralSheaf,true,5,4,epoch-5,0,5,cohens_d_test,0.024786865
questions,GeneralSheaf,true,5,4,epoch-5,1,5,cohens_d_test,0.07403182
questions,GeneralSheaf,true,5,4,epoch-5,2,5,cohens_d_test,0.22052655
questions,GeneralSheaf,true,5,4,epoch-5,3,5,cohens_d_test,0.30978164
questions,GeneralSheaf,true,5,4,epoch-5,4,5,cohens_d_test,0.3406063
questions,GeneralSheaf,true,5,4,epoch-5,0,6,degree,0.11944329931293204
questions,GeneralSheaf,true,5,4,epoch-5,1,6,degree,0.18499368768890923
questions,GeneralSheaf,true,5,4,epoch-5,2,6,degree,0.25618278976301395
questions,GeneralSheaf,true,5,4,epoch-5,3,6,degree,0.4044115756917023
questions,GeneralSheaf,true,5,4,epoch-5,4,6,degree,0.4194628016256446
questions,GeneralSheaf,true,5,4,epoch-5,0,6,betweenness,0.1164458968948894
questions,GeneralSheaf,true,5,4,epoch-5,1,6,betweenness,0.1817829126822935
questions,GeneralSheaf,true,5,4,epoch-5,2,6,betweenness,0.24261153867826893
questions,GeneralSheaf,true,5,4,epoch-5,3,6,betweenness,0.38273730959903735
questions,GeneralSheaf,true,5,4,epoch-5,4,6,betweenness,0.3877671812212036
questions,GeneralSheaf,true,5,4,epoch-5,0,6,confidence,0.8830946600176872
questions,GeneralSheaf,true,5,4,epoch-5,1,6,confidence,0.8465910024948432
questions,GeneralSheaf,true,5,4,epoch-5,2,6,confidence,0.8862273567463084
questions,GeneralSheaf,true,5,4,epoch-5,3,6,confidence,0.890623951056315
questions,GeneralSheaf,true,5,4,epoch-5,4,6,confidence,0.8932584205068583
questions,GeneralSheaf,true,5,4,epoch-5,0,6,saliency,-0.5793991323319335
questions,GeneralSheaf,true,5,4,epoch-5,1,6,saliency,-0.542978634321249
questions,GeneralSheaf,true,5,4,epoch-5,2,6,saliency,-0.5636974904433486
questions,GeneralSheaf,true,5,4,epoch-5,3,6,saliency,-0.5470510294302421
questions,GeneralSheaf,true,5,4,epoch-5,4,6,saliency,-0.5565087164422825
questions,GeneralSheaf,true,5,4,epoch-5,0,6,cohens_d_train,0.0993914
questions,GeneralSheaf,true,5,4,epoch-5,1,6,cohens_d_train,0.17449963
questions,GeneralSheaf,true,5,4,epoch-5,2,6,cohens_d_train,0.33670652
questions,GeneralSheaf,true,5,4,epoch-5,3,6,cohens_d_train,0.46137863
questions,GeneralSheaf,true,5,4,epoch-5,4,6,cohens_d_train,0.5171196
questions,GeneralSheaf,true,5,4,epoch-5,0,6,cohens_d_test,0.001575256
questions,GeneralSheaf,true,5,4,epoch-5,1,6,cohens_d_test,0.17267486
questions,GeneralSheaf,true,5,4,epoch-5,2,6,cohens_d_test,0.28899097
questions,GeneralSheaf,true,5,4,epoch-5,3,6,cohens_d_test,0.39281335
questions,GeneralSheaf,true,5,4,epoch-5,4,6,cohens_d_test,0.41521034
questions,GeneralSheaf,true,5,4,epoch-5,0,7,degree,0.12084274412170459
questions,GeneralSheaf,true,5,4,epoch-5,1,7,degree,0.18983972515472425
questions,GeneralSheaf,true,5,4,epoch-5,2,7,degree,0.3012675325936075
questions,GeneralSheaf,true,5,4,epoch-5,3,7,degree,0.40389536105135326
questions,GeneralSheaf,true,5,4,epoch-5,4,7,degree,0.4978296856019728
questions,GeneralSheaf,true,5,4,epoch-5,0,7,betweenness,0.1178502252509981
questions,GeneralSheaf,true,5,4,epoch-5,1,7,betweenness,0.17947696249517492
questions,GeneralSheaf,true,5,4,epoch-5,2,7,betweenness,0.28065139291464813
questions,GeneralSheaf,true,5,4,epoch-5,3,7,betweenness,0.37213403212007895
questions,GeneralSheaf,true,5,4,epoch-5,4,7,betweenness,0.46376243338343
questions,GeneralSheaf,true,5,4,epoch-5,0,7,confidence,0.8355924329893335
questions,GeneralSheaf,true,5,4,epoch-5,1,7,confidence,0.8379194039914343
questions,GeneralSheaf,true,5,4,epoch-5,2,7,confidence,0.8716464717256314
questions,GeneralSheaf,true,5,4,epoch-5,3,7,confidence,0.8864380097756193
questions,GeneralSheaf,true,5,4,epoch-5,4,7,confidence,0.8471828291808926
questions,GeneralSheaf,true,5,4,epoch-5,0,7,saliency,-0.4944167266978277
questions,GeneralSheaf,true,5,4,epoch-5,1,7,saliency,-0.48269830659490387
questions,GeneralSheaf,true,5,4,epoch-5,2,7,saliency,-0.5048129574083798
questions,GeneralSheaf,true,5,4,epoch-5,3,7,saliency,-0.5218295353200744
questions,GeneralSheaf,true,5,4,epoch-5,4,7,saliency,-0.4883351561281051
questions,GeneralSheaf,true,5,4,epoch-5,0,7,cohens_d_train,0.011146993
questions,GeneralSheaf,true,5,4,epoch-5,1,7,cohens_d_train,0.09897434
questions,GeneralSheaf,true,5,4,epoch-5,2,7,cohens_d_train,0.2475935
questions,GeneralSheaf,true,5,4,epoch-5,3,7,cohens_d_train,0.31995147
questions,GeneralSheaf,true,5,4,epoch-5,4,7,cohens_d_train,0.35969824
questions,GeneralSheaf,true,5,4,epoch-5,0,7,cohens_d_test,0.124558516
questions,GeneralSheaf,true,5,4,epoch-5,1,7,cohens_d_test,0.011384441
questions,GeneralSheaf,true,5,4,epoch-5,2,7,cohens_d_test,0.19238257
questions,GeneralSheaf,true,5,4,epoch-5,3,7,cohens_d_test,0.28412375
questions,GeneralSheaf,true,5,4,epoch-5,4,7,cohens_d_test,0.3420843
questions,GeneralSheaf,true,5,4,epoch-5,0,8,degree,0.1204696190194719
questions,GeneralSheaf,true,5,4,epoch-5,1,8,degree,0.15027083710568742
questions,GeneralSheaf,true,5,4,epoch-5,2,8,degree,0.27674850026534364
questions,GeneralSheaf,true,5,4,epoch-5,3,8,degree,0.3769577228450845
questions,GeneralSheaf,true,5,4,epoch-5,4,8,degree,0.4670365271020254
questions,GeneralSheaf,true,5,4,epoch-5,0,8,betweenness,0.11734079107152631
questions,GeneralSheaf,true,5,4,epoch-5,1,8,betweenness,0.13852225417923253
questions,GeneralSheaf,true,5,4,epoch-5,2,8,betweenness,0.2594931435317607
questions,GeneralSheaf,true,5,4,epoch-5,3,8,betweenness,0.3506030174232026
questions,GeneralSheaf,true,5,4,epoch-5,4,8,betweenness,0.43072994622899174
questions,GeneralSheaf,true,5,4,epoch-5,0,8,confidence,0.8080032460840713
questions,GeneralSheaf,true,5,4,epoch-5,1,8,confidence,0.8370963952241521
questions,GeneralSheaf,true,5,4,epoch-5,2,8,confidence,0.8647475021272509
questions,GeneralSheaf,true,5,4,epoch-5,3,8,confidence,0.8918659417614906
questions,GeneralSheaf,true,5,4,epoch-5,4,8,confidence,0.8871005988547822
questions,GeneralSheaf,true,5,4,epoch-5,0,8,saliency,-0.4417116413001397
questions,GeneralSheaf,true,5,4,epoch-5,1,8,saliency,-0.455761024107011
questions,GeneralSheaf,true,5,4,epoch-5,2,8,saliency,-0.4486206341261993
questions,GeneralSheaf,true,5,4,epoch-5,3,8,saliency,-0.45041162472046375
questions,GeneralSheaf,true,5,4,epoch-5,4,8,saliency,-0.42878477536284715
questions,GeneralSheaf,true,5,4,epoch-5,0,8,cohens_d_train,0.009368374
questions,GeneralSheaf,true,5,4,epoch-5,1,8,cohens_d_train,0.08826765
questions,GeneralSheaf,true,5,4,epoch-5,2,8,cohens_d_train,0.22538458
questions,GeneralSheaf,true,5,4,epoch-5,3,8,cohens_d_train,0.29950595
questions,GeneralSheaf,true,5,4,epoch-5,4,8,cohens_d_train,0.3509295
questions,GeneralSheaf,true,5,4,epoch-5,0,8,cohens_d_test,0.06037492
questions,GeneralSheaf,true,5,4,epoch-5,1,8,cohens_d_test,0.060288187
questions,GeneralSheaf,true,5,4,epoch-5,2,8,cohens_d_test,0.20188615
questions,GeneralSheaf,true,5,4,epoch-5,3,8,cohens_d_test,0.28992233
questions,GeneralSheaf,true,5,4,epoch-5,4,8,cohens_d_test,0.34088376
questions,GeneralSheaf,true,5,4,epoch-5,0,9,degree,0.11818952106855311
questions,GeneralSheaf,true,5,4,epoch-5,1,9,degree,0.15963682473889917
questions,GeneralSheaf,true,5,4,epoch-5,2,9,degree,0.25624318628469456
questions,GeneralSheaf,true,5,4,epoch-5,3,9,degree,0.39181444543001986
questions,GeneralSheaf,true,5,4,epoch-5,4,9,degree,0.48171922454738164
questions,GeneralSheaf,true,5,4,epoch-5,0,9,betweenness,0.115392365923861
questions,GeneralSheaf,true,5,4,epoch-5,1,9,betweenness,0.1511861915639387
questions,GeneralSheaf,true,5,4,epoch-5,2,9,betweenness,0.2429370838382021
questions,GeneralSheaf,true,5,4,epoch-5,3,9,betweenness,0.3698817246007929
questions,GeneralSheaf,true,5,4,epoch-5,4,9,betweenness,0.44860338826423235
questions,GeneralSheaf,true,5,4,epoch-5,0,9,confidence,0.8410118109612243
questions,GeneralSheaf,true,5,4,epoch-5,1,9,confidence,0.8653048324042923
questions,GeneralSheaf,true,5,4,epoch-5,2,9,confidence,0.8925477284443476
questions,GeneralSheaf,true,5,4,epoch-5,3,9,confidence,0.9368910453363544
questions,GeneralSheaf,true,5,4,epoch-5,4,9,confidence,0.9455444794807762
questions,GeneralSheaf,true,5,4,epoch-5,0,9,saliency,-0.4773921507055319
questions,GeneralSheaf,true,5,4,epoch-5,1,9,saliency,-0.4825366856277663
questions,GeneralSheaf,true,5,4,epoch-5,2,9,saliency,-0.4812121575383025
questions,GeneralSheaf,true,5,4,epoch-5,3,9,saliency,-0.4971881394275455
questions,GeneralSheaf,true,5,4,epoch-5,4,9,saliency,-0.4970247630094068
questions,GeneralSheaf,true,5,4,epoch-5,0,9,cohens_d_train,0.017351883
questions,GeneralSheaf,true,5,4,epoch-5,1,9,cohens_d_train,0.045971885
questions,GeneralSheaf,true,5,4,epoch-5,2,9,cohens_d_train,0.16205513
questions,GeneralSheaf,true,5,4,epoch-5,3,9,cohens_d_train,0.24832702
questions,GeneralSheaf,true,5,4,epoch-5,4,9,cohens_d_train,0.30577624
questions,GeneralSheaf,true,5,4,epoch-5,0,9,cohens_d_test,0.06263786
questions,GeneralSheaf,true,5,4,epoch-5,1,9,cohens_d_test,0.027933957
questions,GeneralSheaf,true,5,4,epoch-5,2,9,cohens_d_test,0.19001889
questions,GeneralSheaf,true,5,4,epoch-5,3,9,cohens_d_test,0.29606453
questions,GeneralSheaf,true,5,4,epoch-5,4,9,cohens_d_test,0.34895504
questions,GeneralSheaf,true,5,4,epoch-15,0,0,degree,0.11140312760395497
questions,GeneralSheaf,true,5,4,epoch-15,1,0,degree,0.14878621927259264
questions,GeneralSheaf,true,5,4,epoch-15,2,0,degree,0.1744717202069433
questions,GeneralSheaf,true,5,4,epoch-15,3,0,degree,0.26896616549798913
questions,GeneralSheaf,true,5,4,epoch-15,4,0,degree,0.3585083474389959
questions,GeneralSheaf,true,5,4,epoch-15,0,0,betweenness,0.10830380077561805
questions,GeneralSheaf,true,5,4,epoch-15,1,0,betweenness,0.14300012583444704
questions,GeneralSheaf,true,5,4,epoch-15,2,0,betweenness,0.16202412236723343
questions,GeneralSheaf,true,5,4,epoch-15,3,0,betweenness,0.2511624179093575
questions,GeneralSheaf,true,5,4,epoch-15,4,0,betweenness,0.33657093751129213
questions,GeneralSheaf,true,5,4,epoch-15,0,0,confidence,0.15743066673002956
questions,GeneralSheaf,true,5,4,epoch-15,1,0,confidence,0.1388697949706752
questions,GeneralSheaf,true,5,4,epoch-15,2,0,confidence,0.10088117428356198
questions,GeneralSheaf,true,5,4,epoch-15,3,0,confidence,0.025304985785846765
questions,GeneralSheaf,true,5,4,epoch-15,4,0,confidence,-0.034236053635572666
questions,GeneralSheaf,true,5,4,epoch-15,0,0,saliency,-0.2413156437166108
questions,GeneralSheaf,true,5,4,epoch-15,1,0,saliency,-0.21439238623215892
questions,GeneralSheaf,true,5,4,epoch-15,2,0,saliency,-0.19322617949592513
questions,GeneralSheaf,true,5,4,epoch-15,3,0,saliency,-0.12005633972619026
questions,GeneralSheaf,true,5,4,epoch-15,4,0,saliency,-0.04653663653255439
questions,GeneralSheaf,true,5,4,epoch-15,0,0,cohens_d_train,0.029421913
questions,GeneralSheaf,true,5,4,epoch-15,1,0,cohens_d_train,0.051039837
questions,GeneralSheaf,true,5,4,epoch-15,2,0,cohens_d_train,0.103321426
questions,GeneralSheaf,true,5,4,epoch-15,3,0,cohens_d_train,0.19729166
questions,GeneralSheaf,true,5,4,epoch-15,4,0,cohens_d_train,0.25703308
questions,GeneralSheaf,true,5,4,epoch-15,0,0,cohens_d_test,0.03427115
questions,GeneralSheaf,true,5,4,epoch-15,1,0,cohens_d_test,0.11842493
questions,GeneralSheaf,true,5,4,epoch-15,2,0,cohens_d_test,0.19529833
questions,GeneralSheaf,true,5,4,epoch-15,3,0,cohens_d_test,0.29289752
questions,GeneralSheaf,true,5,4,epoch-15,4,0,cohens_d_test,0.35774797
questions,GeneralSheaf,true,5,4,epoch-15,0,1,degree,0.11024228485681915
questions,GeneralSheaf,true,5,4,epoch-15,1,1,degree,0.1679769189293142
questions,GeneralSheaf,true,5,4,epoch-15,2,1,degree,0.19196553118415235
questions,GeneralSheaf,true,5,4,epoch-15,3,1,degree,0.2490051934793835
questions,GeneralSheaf,true,5,4,epoch-15,4,1,degree,0.2893135338091625
questions,GeneralSheaf,true,5,4,epoch-15,0,1,betweenness,0.10729415451043177
questions,GeneralSheaf,true,5,4,epoch-15,1,1,betweenness,0.1646501939803639
questions,GeneralSheaf,true,5,4,epoch-15,2,1,betweenness,0.17759927121131255
questions,GeneralSheaf,true,5,4,epoch-15,3,1,betweenness,0.23119315511214825
questions,GeneralSheaf,true,5,4,epoch-15,4,1,betweenness,0.26514206324988276
questions,GeneralSheaf,true,5,4,epoch-15,0,1,confidence,0.18989436318567862
questions,GeneralSheaf,true,5,4,epoch-15,1,1,confidence,0.19476489771392003
questions,GeneralSheaf,true,5,4,epoch-15,2,1,confidence,0.16128171616196718
questions,GeneralSheaf,true,5,4,epoch-15,3,1,confidence,0.1350251346447246
questions,GeneralSheaf,true,5,4,epoch-15,4,1,confidence,0.16163420025910885
questions,GeneralSheaf,true,5,4,epoch-15,0,1,saliency,-0.2702222643713983
questions,GeneralSheaf,true,5,4,epoch-15,1,1,saliency,-0.22724739176939296
questions,GeneralSheaf,true,5,4,epoch-15,2,1,saliency,-0.23632024677838445
questions,GeneralSheaf,true,5,4,epoch-15,3,1,saliency,-0.18974675640443506
questions,GeneralSheaf,true,5,4,epoch-15,4,1,saliency,-0.1824191948108941
questions,GeneralSheaf,true,5,4,epoch-15,0,1,cohens_d_train,0.07711452
questions,GeneralSheaf,true,5,4,epoch-15,1,1,cohens_d_train,0.04852764
questions,GeneralSheaf,true,5,4,epoch-15,2,1,cohens_d_train,0.09750488
questions,GeneralSheaf,true,5,4,epoch-15,3,1,cohens_d_train,0.15433459
questions,GeneralSheaf,true,5,4,epoch-15,4,1,cohens_d_train,0.16676177
questions,GeneralSheaf,true,5,4,epoch-15,0,1,cohens_d_test,0.04196327
questions,GeneralSheaf,true,5,4,epoch-15,1,1,cohens_d_test,0.19433801
questions,GeneralSheaf,true,5,4,epoch-15,2,1,cohens_d_test,0.2807811
questions,GeneralSheaf,true,5,4,epoch-15,3,1,cohens_d_test,0.36193022
questions,GeneralSheaf,true,5,4,epoch-15,4,1,cohens_d_test,0.39391842
questions,GeneralSheaf,true,5,4,epoch-15,0,2,degree,0.11241863694618949
questions,GeneralSheaf,true,5,4,epoch-15,1,2,degree,0.06966653609838801
questions,GeneralSheaf,true,5,4,epoch-15,2,2,degree,0.10371926279091061
questions,GeneralSheaf,true,5,4,epoch-15,3,2,degree,0.2446608601580807
questions,GeneralSheaf,true,5,4,epoch-15,4,2,degree,0.22862742242846015
questions,GeneralSheaf,true,5,4,epoch-15,0,2,betweenness,0.10946584757005372
questions,GeneralSheaf,true,5,4,epoch-15,1,2,betweenness,0.057499521449303176
questions,GeneralSheaf,true,5,4,epoch-15,2,2,betweenness,0.08459710146910511
questions,GeneralSheaf,true,5,4,epoch-15,3,2,betweenness,0.22808679673644094
questions,GeneralSheaf,true,5,4,epoch-15,4,2,betweenness,0.20232477793222478
questions,GeneralSheaf,true,5,4,epoch-15,0,2,confidence,0.2165339990075466
questions,GeneralSheaf,true,5,4,epoch-15,1,2,confidence,0.21817114229197146
questions,GeneralSheaf,true,5,4,epoch-15,2,2,confidence,0.15409512977167306
questions,GeneralSheaf,true,5,4,epoch-15,3,2,confidence,0.07379153070066423
questions,GeneralSheaf,true,5,4,epoch-15,4,2,confidence,0.06639955493371436
questions,GeneralSheaf,true,5,4,epoch-15,0,2,saliency,-0.27424631005467237
questions,GeneralSheaf,true,5,4,epoch-15,1,2,saliency,-0.30607347936931195
questions,GeneralSheaf,true,5,4,epoch-15,2,2,saliency,-0.25465922276251
questions,GeneralSheaf,true,5,4,epoch-15,3,2,saliency,-0.13785604691356654
questions,GeneralSheaf,true,5,4,epoch-15,4,2,saliency,-0.15898936525395851
questions,GeneralSheaf,true,5,4,epoch-15,0,2,cohens_d_train,0.09260171
questions,GeneralSheaf,true,5,4,epoch-15,1,2,cohens_d_train,0.03556387
questions,GeneralSheaf,true,5,4,epoch-15,2,2,cohens_d_train,0.06733967
questions,GeneralSheaf,true,5,4,epoch-15,3,2,cohens_d_train,0.1904509
questions,GeneralSheaf,true,5,4,epoch-15,4,2,cohens_d_train,0.17639431
questions,GeneralSheaf,true,5,4,epoch-15,0,2,cohens_d_test,0.052502606
questions,GeneralSheaf,true,5,4,epoch-15,1,2,cohens_d_test,0.046840813
questions,GeneralSheaf,true,5,4,epoch-15,2,2,cohens_d_test,0.041915115
questions,GeneralSheaf,true,5,4,epoch-15,3,2,cohens_d_test,0.16314441
questions,GeneralSheaf,true,5,4,epoch-15,4,2,cohens_d_test,0.13962087
questions,GeneralSheaf,true,5,4,epoch-15,0,3,degree,0.11545236185849735
questions,GeneralSheaf,true,5,4,epoch-15,1,3,degree,0.2154076400176669
questions,GeneralSheaf,true,5,4,epoch-15,2,3,degree,0.22550000844361337
questions,GeneralSheaf,true,5,4,epoch-15,3,3,degree,0.30701271379130024
questions,GeneralSheaf,true,5,4,epoch-15,4,3,degree,0.4120657341352181
questions,GeneralSheaf,true,5,4,epoch-15,0,3,betweenness,0.11242144663143706
questions,GeneralSheaf,true,5,4,epoch-15,1,3,betweenness,0.21112745141787104
questions,GeneralSheaf,true,5,4,epoch-15,2,3,betweenness,0.2136022068572397
questions,GeneralSheaf,true,5,4,epoch-15,3,3,betweenness,0.2845659669268201
questions,GeneralSheaf,true,5,4,epoch-15,4,3,betweenness,0.38724309300391696
questions,GeneralSheaf,true,5,4,epoch-15,0,3,confidence,0.20434044853913497
questions,GeneralSheaf,true,5,4,epoch-15,1,3,confidence,0.16797387081622073
questions,GeneralSheaf,true,5,4,epoch-15,2,3,confidence,0.1383615483866333
questions,GeneralSheaf,true,5,4,epoch-15,3,3,confidence,0.04908880529159986
questions,GeneralSheaf,true,5,4,epoch-15,4,3,confidence,0.02052176109424366
questions,GeneralSheaf,true,5,4,epoch-15,0,3,saliency,-0.27839113128200443
questions,GeneralSheaf,true,5,4,epoch-15,1,3,saliency,-0.2034055353673332
questions,GeneralSheaf,true,5,4,epoch-15,2,3,saliency,-0.19562141909059336
questions,GeneralSheaf,true,5,4,epoch-15,3,3,saliency,-0.1324945785847039
questions,GeneralSheaf,true,5,4,epoch-15,4,3,saliency,-0.07709787134984326
questions,GeneralSheaf,true,5,4,epoch-15,0,3,cohens_d_train,0.033039536
questions,GeneralSheaf,true,5,4,epoch-15,1,3,cohens_d_train,0.13315624
questions,GeneralSheaf,true,5,4,epoch-15,2,3,cohens_d_train,0.17076048
questions,GeneralSheaf,true,5,4,epoch-15,3,3,cohens_d_train,0.21345031
questions,GeneralSheaf,true,5,4,epoch-15,4,3,cohens_d_train,0.26679575
questions,GeneralSheaf,true,5,4,epoch-15,0,3,cohens_d_test,0.044926785
questions,GeneralSheaf,true,5,4,epoch-15,1,3,cohens_d_test,0.14895484
questions,GeneralSheaf,true,5,4,epoch-15,2,3,cohens_d_test,0.18621176
questions,GeneralSheaf,true,5,4,epoch-15,3,3,cohens_d_test,0.2195005
questions,GeneralSheaf,true,5,4,epoch-15,4,3,cohens_d_test,0.26734832
questions,GeneralSheaf,true,5,4,epoch-15,0,4,degree,0.11336642226916384
questions,GeneralSheaf,true,5,4,epoch-15,1,4,degree,0.14712105887017446
questions,GeneralSheaf,true,5,4,epoch-15,2,4,degree,0.23261720465559227
questions,GeneralSheaf,true,5,4,epoch-15,3,4,degree,0.15433107199235074
questions,GeneralSheaf,true,5,4,epoch-15,4,4,degree,0.22181800143042144
questions,GeneralSheaf,true,5,4,epoch-15,0,4,betweenness,0.1101114318186224
questions,GeneralSheaf,true,5,4,epoch-15,1,4,betweenness,0.13999955043226384
questions,GeneralSheaf,true,5,4,epoch-15,2,4,betweenness,0.219245109328524
questions,GeneralSheaf,true,5,4,epoch-15,3,4,betweenness,0.12595082063358204
questions,GeneralSheaf,true,5,4,epoch-15,4,4,betweenness,0.18431772938378857
questions,GeneralSheaf,true,5,4,epoch-15,0,4,confidence,0.41442030289329085
questions,GeneralSheaf,true,5,4,epoch-15,1,4,confidence,0.4004100062938436
questions,GeneralSheaf,true,5,4,epoch-15,2,4,confidence,0.3471888358477496
questions,GeneralSheaf,true,5,4,epoch-15,3,4,confidence,0.3011452413177482
questions,GeneralSheaf,true,5,4,epoch-15,4,4,confidence,0.220546175866482
questions,GeneralSheaf,true,5,4,epoch-15,0,4,saliency,-0.3845552978746799
questions,GeneralSheaf,true,5,4,epoch-15,1,4,saliency,-0.3524958975516088
questions,GeneralSheaf,true,5,4,epoch-15,2,4,saliency,-0.3095879047847523
questions,GeneralSheaf,true,5,4,epoch-15,3,4,saliency,-0.35015294503447636
questions,GeneralSheaf,true,5,4,epoch-15,4,4,saliency,-0.3055446066734606
questions,GeneralSheaf,true,5,4,epoch-15,0,4,cohens_d_train,0.021575682
questions,GeneralSheaf,true,5,4,epoch-15,1,4,cohens_d_train,0.083203465
questions,GeneralSheaf,true,5,4,epoch-15,2,4,cohens_d_train,0.18032688
questions,GeneralSheaf,true,5,4,epoch-15,3,4,cohens_d_train,0.16817072
questions,GeneralSheaf,true,5,4,epoch-15,4,4,cohens_d_train,0.20330973
questions,GeneralSheaf,true,5,4,epoch-15,0,4,cohens_d_test,0.06515469
questions,GeneralSheaf,true,5,4,epoch-15,1,4,cohens_d_test,0.035583448
questions,GeneralSheaf,true,5,4,epoch-15,2,4,cohens_d_test,0.1413275
questions,GeneralSheaf,true,5,4,epoch-15,3,4,cohens_d_test,0.13414313
questions,GeneralSheaf,true,5,4,epoch-15,4,4,cohens_d_test,0.17561558
questions,GeneralSheaf,true,5,4,epoch-15,0,5,degree,0.11242552018572545
questions,GeneralSheaf,true,5,4,epoch-15,1,5,degree,0.1649187063715621
questions,GeneralSheaf,true,5,4,epoch-15,2,5,degree,0.21025188699129335
questions,GeneralSheaf,true,5,4,epoch-15,3,5,degree,0.29101803177644947
questions,GeneralSheaf,true,5,4,epoch-15,4,5,degree,0.3504974439169316
questions,GeneralSheaf,true,5,4,epoch-15,0,5,betweenness,0.10948580224563421
questions,GeneralSheaf,true,5,4,epoch-15,1,5,betweenness,0.16196266787319577
questions,GeneralSheaf,true,5,4,epoch-15,2,5,betweenness,0.20710282897169371
questions,GeneralSheaf,true,5,4,epoch-15,3,5,betweenness,0.28477108272713647
questions,GeneralSheaf,true,5,4,epoch-15,4,5,betweenness,0.3420057793150256
questions,GeneralSheaf,true,5,4,epoch-15,0,5,confidence,0.34401483604716493
questions,GeneralSheaf,true,5,4,epoch-15,1,5,confidence,0.2995594143328517
questions,GeneralSheaf,true,5,4,epoch-15,2,5,confidence,0.2833513889722877
questions,GeneralSheaf,true,5,4,epoch-15,3,5,confidence,0.23055147039308146
questions,GeneralSheaf,true,5,4,epoch-15,4,5,confidence,0.19265441770457786
questions,GeneralSheaf,true,5,4,epoch-15,0,5,saliency,nan
questions,GeneralSheaf,true,5,4,epoch-15,1,5,saliency,nan
questions,GeneralSheaf,true,5,4,epoch-15,2,5,saliency,nan
questions,GeneralSheaf,true,5,4,epoch-15,3,5,saliency,nan
questions,GeneralSheaf,true,5,4,epoch-15,4,5,saliency,nan
questions,GeneralSheaf,true,5,4,epoch-15,0,5,cohens_d_train,0.08484092
questions,GeneralSheaf,true,5,4,epoch-15,1,5,cohens_d_train,0.07240635
questions,GeneralSheaf,true,5,4,epoch-15,2,5,cohens_d_train,0.15433553
questions,GeneralSheaf,true,5,4,epoch-15,3,5,cohens_d_train,0.220188
questions,GeneralSheaf,true,5,4,epoch-15,4,5,cohens_d_train,0.25468144
questions,GeneralSheaf,true,5,4,epoch-15,0,5,cohens_d_test,0.022760767
questions,GeneralSheaf,true,5,4,epoch-15,1,5,cohens_d_test,0.14749347
questions,GeneralSheaf,true,5,4,epoch-15,2,5,cohens_d_test,0.21916567
questions,GeneralSheaf,true,5,4,epoch-15,3,5,cohens_d_test,0.28247556
questions,GeneralSheaf,true,5,4,epoch-15,4,5,cohens_d_test,0.30607426
questions,GeneralSheaf,true,5,4,epoch-15,0,6,degree,0.11341248121362091
questions,GeneralSheaf,true,5,4,epoch-15,1,6,degree,0.21979290999668658
questions,GeneralSheaf,true,5,4,epoch-15,2,6,degree,0.2419234705909624
questions,GeneralSheaf,true,5,4,epoch-15,3,6,degree,0.2762808982755338
questions,GeneralSheaf,true,5,4,epoch-15,4,6,degree,0.28165433303956444
questions,GeneralSheaf,true,5,4,epoch-15,0,6,betweenness,0.11034913184914626
questions,GeneralSheaf,true,5,4,epoch-15,1,6,betweenness,0.22284169128185424
questions,GeneralSheaf,true,5,4,epoch-15,2,6,betweenness,0.23908575741688579
questions,GeneralSheaf,true,5,4,epoch-15,3,6,betweenness,0.27449199011178976
questions,GeneralSheaf,true,5,4,epoch-15,4,6,betweenness,0.2661439533606358
questions,GeneralSheaf,true,5,4,epoch-15,0,6,confidence,0.2811834434927223
questions,GeneralSheaf,true,5,4,epoch-15,1,6,confidence,0.23170549490564724
questions,GeneralSheaf,true,5,4,epoch-15,2,6,confidence,0.20959967143728483
questions,GeneralSheaf,true,5,4,epoch-15,3,6,confidence,0.21584661875743927
questions,GeneralSheaf,true,5,4,epoch-15,4,6,confidence,0.13208971303610725
questions,GeneralSheaf,true,5,4,epoch-15,0,6,saliency,-0.3298196769861916
questions,GeneralSheaf,true,5,4,epoch-15,1,6,saliency,-0.22588493668248827
questions,GeneralSheaf,true,5,4,epoch-15,2,6,saliency,-0.21579004422528558
questions,GeneralSheaf,true,5,4,epoch-15,3,6,saliency,-0.16445275728617043
questions,GeneralSheaf,true,5,4,epoch-15,4,6,saliency,-0.15249655001208853
questions,GeneralSheaf,true,5,4,epoch-15,0,6,cohens_d_train,0.10083551
questions,GeneralSheaf,true,5,4,epoch-15,1,6,cohens_d_train,0.09534151
questions,GeneralSheaf,true,5,4,epoch-15,2,6,cohens_d_train,0.13820954
questions,GeneralSheaf,true,5,4,epoch-15,3,6,cohens_d_train,0.20023482
questions,GeneralSheaf,true,5,4,epoch-15,4,6,cohens_d_train,0.22372377
questions,GeneralSheaf,true,5,4,epoch-15,0,6,cohens_d_test,0.031135034
questions,GeneralSheaf,true,5,4,epoch-15,1,6,cohens_d_test,0.18652272
questions,GeneralSheaf,true,5,4,epoch-15,2,6,cohens_d_test,0.21328336
questions,GeneralSheaf,true,5,4,epoch-15,3,6,cohens_d_test,0.2549147
questions,GeneralSheaf,true,5,4,epoch-15,4,6,cohens_d_test,0.27453887
questions,GeneralSheaf,true,5,4,epoch-15,0,7,degree,0.11445636324340899
questions,GeneralSheaf,true,5,4,epoch-15,1,7,degree,0.20834018852016886
questions,GeneralSheaf,true,5,4,epoch-15,2,7,degree,0.21822486303932434
questions,GeneralSheaf,true,5,4,epoch-15,3,7,degree,0.16705444262357075
questions,GeneralSheaf,true,5,4,epoch-15,4,7,degree,0.21407332691771053
questions,GeneralSheaf,true,5,4,epoch-15,0,7,betweenness,0.11151621845426647
questions,GeneralSheaf,true,5,4,epoch-15,1,7,betweenness,0.20370809252852673
questions,GeneralSheaf,true,5,4,epoch-15,2,7,betweenness,0.20667838075317913
questions,GeneralSheaf,true,5,4,epoch-15,3,7,betweenness,0.14676221578728088
questions,GeneralSheaf,true,5,4,epoch-15,4,7,betweenness,0.1977542726798379
questions,GeneralSheaf,true,5,4,epoch-15,0,7,confidence,0.1959362546855224
questions,GeneralSheaf,true,5,4,epoch-15,1,7,confidence,0.20744007969854916
questions,GeneralSheaf,true,5,4,epoch-15,2,7,confidence,0.22846479048308713
questions,GeneralSheaf,true,5,4,epoch-15,3,7,confidence,0.2545214423655626
questions,GeneralSheaf,true,5,4,epoch-15,4,7,confidence,0.28729499243176826
questions,GeneralSheaf,true,5,4,epoch-15,0,7,saliency,-0.25615422122981185
questions,GeneralSheaf,true,5,4,epoch-15,1,7,saliency,-0.1956418336295027
questions,GeneralSheaf,true,5,4,epoch-15,2,7,saliency,-0.20707273003065088
questions,GeneralSheaf,true,5,4,epoch-15,3,7,saliency,-0.2519537287855732
questions,GeneralSheaf,true,5,4,epoch-15,4,7,saliency,-0.23978644052624365
questions,GeneralSheaf,true,5,4,epoch-15,0,7,cohens_d_train,0.017072385
questions,GeneralSheaf,true,5,4,epoch-15,1,7,cohens_d_train,0.13553794
questions,GeneralSheaf,true,5,4,epoch-15,2,7,cohens_d_train,0.19999222
questions,GeneralSheaf,true,5,4,epoch-15,3,7,cohens_d_train,0.18452005
questions,GeneralSheaf,true,5,4,epoch-15,4,7,cohens_d_train,0.23963696
questions,GeneralSheaf,true,5,4,epoch-15,0,7,cohens_d_test,0.15989712
questions,GeneralSheaf,true,5,4,epoch-15,1,7,cohens_d_test,0.06467313
questions,GeneralSheaf,true,5,4,epoch-15,2,7,cohens_d_test,0.17136696
questions,GeneralSheaf,true,5,4,epoch-15,3,7,cohens_d_test,0.17901254
questions,GeneralSheaf,true,5,4,epoch-15,4,7,cohens_d_test,0.24058697
questions,GeneralSheaf,true,5,4,epoch-15,0,8,degree,0.1158639224219192
questions,GeneralSheaf,true,5,4,epoch-15,1,8,degree,0.11298933228490843
questions,GeneralSheaf,true,5,4,epoch-15,2,8,degree,0.26235545655749504
questions,GeneralSheaf,true,5,4,epoch-15,3,8,degree,0.30734911172389284
questions,GeneralSheaf,true,5,4,epoch-15,4,8,degree,0.3163825349381098
questions,GeneralSheaf,true,5,4,epoch-15,0,8,betweenness,0.11271186160312176
questions,GeneralSheaf,true,5,4,epoch-15,1,8,betweenness,0.10125928143905617
questions,GeneralSheaf,true,5,4,epoch-15,2,8,betweenness,0.2604129642602298
questions,GeneralSheaf,true,5,4,epoch-15,3,8,betweenness,0.30141907526743295
questions,GeneralSheaf,true,5,4,epoch-15,4,8,betweenness,0.29687164667726096
questions,GeneralSheaf,true,5,4,epoch-15,0,8,confidence,0.18766610090792782
questions,GeneralSheaf,true,5,4,epoch-15,1,8,confidence,0.17390525028649007
questions,GeneralSheaf,true,5,4,epoch-15,2,8,confidence,0.13922978010186038
questions,GeneralSheaf,true,5,4,epoch-15,3,8,confidence,0.14191963750595168
questions,GeneralSheaf,true,5,4,epoch-15,4,8,confidence,0.13671815507885335
questions,GeneralSheaf,true,5,4,epoch-15,0,8,saliency,-0.28099073602664404
questions,GeneralSheaf,true,5,4,epoch-15,1,8,saliency,-0.27739570189997725
questions,GeneralSheaf,true,5,4,epoch-15,2,8,saliency,-0.13153825864854093
questions,GeneralSheaf,true,5,4,epoch-15,3,8,saliency,-0.11140948675871971
questions,GeneralSheaf,true,5,4,epoch-15,4,8,saliency,-0.10316598302567849
questions,GeneralSheaf,true,5,4,epoch-15,0,8,cohens_d_train,0.022012942
questions,GeneralSheaf,true,5,4,epoch-15,1,8,cohens_d_train,0.03559189
questions,GeneralSheaf,true,5,4,epoch-15,2,8,cohens_d_train,0.23668443
questions,GeneralSheaf,true,5,4,epoch-15,3,8,cohens_d_train,0.2808185
questions,GeneralSheaf,true,5,4,epoch-15,4,8,cohens_d_train,0.28656727
questions,GeneralSheaf,true,5,4,epoch-15,0,8,cohens_d_test,0.07763222
questions,GeneralSheaf,true,5,4,epoch-15,1,8,cohens_d_test,0.045858916
questions,GeneralSheaf,true,5,4,epoch-15,2,8,cohens_d_test,0.2257917
questions,GeneralSheaf,true,5,4,epoch-15,3,8,cohens_d_test,0.28638473
questions,GeneralSheaf,true,5,4,epoch-15,4,8,cohens_d_test,0.31258315
questions,GeneralSheaf,true,5,4,epoch-15,0,9,degree,0.11259528078953107
questions,GeneralSheaf,true,5,4,epoch-15,1,9,degree,0.19880930028207663
questions,GeneralSheaf,true,5,4,epoch-15,2,9,degree,0.2246133356253442
questions,GeneralSheaf,true,5,4,epoch-15,3,9,degree,0.2313472222747956
questions,GeneralSheaf,true,5,4,epoch-15,4,9,degree,0.26790751992283157
questions,GeneralSheaf,true,5,4,epoch-15,0,9,betweenness,0.10963869774126846
questions,GeneralSheaf,true,5,4,epoch-15,1,9,betweenness,0.19563350506664717
questions,GeneralSheaf,true,5,4,epoch-15,2,9,betweenness,0.21805615173292794
questions,GeneralSheaf,true,5,4,epoch-15,3,9,betweenness,0.21963755355801093
questions,GeneralSheaf,true,5,4,epoch-15,4,9,betweenness,0.2545459054677867
questions,GeneralSheaf,true,5,4,epoch-15,0,9,confidence,0.32836989590745724
questions,GeneralSheaf,true,5,4,epoch-15,1,9,confidence,0.31649412087882434
questions,GeneralSheaf,true,5,4,epoch-15,2,9,confidence,0.2983524089469811
questions,GeneralSheaf,true,5,4,epoch-15,3,9,confidence,0.30989849212832926
questions,GeneralSheaf,true,5,4,epoch-15,4,9,confidence,0.29133313278403833
questions,GeneralSheaf,true,5,4,epoch-15,0,9,saliency,-0.2948630583687778
questions,GeneralSheaf,true,5,4,epoch-15,1,9,saliency,-0.2272280466892784
questions,GeneralSheaf,true,5,4,epoch-15,2,9,saliency,-0.2027458791084927
questions,GeneralSheaf,true,5,4,epoch-15,3,9,saliency,-0.19605140446732583
questions,GeneralSheaf,true,5,4,epoch-15,4,9,saliency,-0.16410753582528548
questions,GeneralSheaf,true,5,4,epoch-15,0,9,cohens_d_train,0.02782924
questions,GeneralSheaf,true,5,4,epoch-15,1,9,cohens_d_train,0.16392256
questions,GeneralSheaf,true,5,4,epoch-15,2,9,cohens_d_train,0.29233515
questions,GeneralSheaf,true,5,4,epoch-15,3,9,cohens_d_train,0.32626286
questions,GeneralSheaf,true,5,4,epoch-15,4,9,cohens_d_train,0.34755686
questions,GeneralSheaf,true,5,4,epoch-15,0,9,cohens_d_test,0.069602996
questions,GeneralSheaf,true,5,4,epoch-15,1,9,cohens_d_test,0.08054554
questions,GeneralSheaf,true,5,4,epoch-15,2,9,cohens_d_test,0.1938363
questions,GeneralSheaf,true,5,4,epoch-15,3,9,cohens_d_test,0.22976135
questions,GeneralSheaf,true,5,4,epoch-15,4,9,cohens_d_test,0.25513908
questions,GeneralSheaf,true,5,4,epoch-50,0,0,degree,-0.1755095226109772
questions,GeneralSheaf,true,5,4,epoch-50,1,0,degree,-0.14746006762177732
questions,GeneralSheaf,true,5,4,epoch-50,2,0,degree,-0.15724824998712467
questions,GeneralSheaf,true,5,4,epoch-50,3,0,degree,-0.04452014254708121
questions,GeneralSheaf,true,5,4,epoch-50,4,0,degree,-0.06870402055290452
questions,GeneralSheaf,true,5,4,epoch-50,0,0,betweenness,-0.16584574704598998
questions,GeneralSheaf,true,5,4,epoch-50,1,0,betweenness,-0.14008418910529796
questions,GeneralSheaf,true,5,4,epoch-50,2,0,betweenness,-0.15783018191070508
questions,GeneralSheaf,true,5,4,epoch-50,3,0,betweenness,-0.04422502227264064
questions,GeneralSheaf,true,5,4,epoch-50,4,0,betweenness,-0.06086078261447975
questions,GeneralSheaf,true,5,4,epoch-50,0,0,confidence,0.5941092855217542
questions,GeneralSheaf,true,5,4,epoch-50,1,0,confidence,0.627228740971365
questions,GeneralSheaf,true,5,4,epoch-50,2,0,confidence,0.6787579092509418
questions,GeneralSheaf,true,5,4,epoch-50,3,0,confidence,0.6722507892514997
questions,GeneralSheaf,true,5,4,epoch-50,4,0,confidence,0.7141012536798902
questions,GeneralSheaf,true,5,4,epoch-50,0,0,saliency,-0.555054953876376
questions,GeneralSheaf,true,5,4,epoch-50,1,0,saliency,-0.5582141354374557
questions,GeneralSheaf,true,5,4,epoch-50,2,0,saliency,-0.587406025720995
questions,GeneralSheaf,true,5,4,epoch-50,3,0,saliency,-0.5541937556419756
questions,GeneralSheaf,true,5,4,epoch-50,4,0,saliency,-0.5771027108031236
questions,GeneralSheaf,true,5,4,epoch-50,0,0,cohens_d_train,0.4756893
questions,GeneralSheaf,true,5,4,epoch-50,1,0,cohens_d_train,0.38149667
questions,GeneralSheaf,true,5,4,epoch-50,2,0,cohens_d_train,0.33244464
questions,GeneralSheaf,true,5,4,epoch-50,3,0,cohens_d_train,0.18451178
questions,GeneralSheaf,true,5,4,epoch-50,4,0,cohens_d_train,0.1570311
questions,GeneralSheaf,true,5,4,epoch-50,0,0,cohens_d_test,0.49288523
questions,GeneralSheaf,true,5,4,epoch-50,1,0,cohens_d_test,0.30680233
questions,GeneralSheaf,true,5,4,epoch-50,2,0,cohens_d_test,0.23065753
questions,GeneralSheaf,true,5,4,epoch-50,3,0,cohens_d_test,0.056482412
questions,GeneralSheaf,true,5,4,epoch-50,4,0,cohens_d_test,0.011824204
questions,GeneralSheaf,true,5,4,epoch-50,0,1,degree,-0.1652575771709994
questions,GeneralSheaf,true,5,4,epoch-50,1,1,degree,-0.11629706738213767
questions,GeneralSheaf,true,5,4,epoch-50,2,1,degree,-0.09035052335227517
questions,GeneralSheaf,true,5,4,epoch-50,3,1,degree,-0.07224373059034497
questions,GeneralSheaf,true,5,4,epoch-50,4,1,degree,-0.05427099868228374
questions,GeneralSheaf,true,5,4,epoch-50,0,1,betweenness,-0.15613422364248572
questions,GeneralSheaf,true,5,4,epoch-50,1,1,betweenness,-0.10633529558524055
questions,GeneralSheaf,true,5,4,epoch-50,2,1,betweenness,-0.09551559325007261
questions,GeneralSheaf,true,5,4,epoch-50,3,1,betweenness,-0.07479947397764375
questions,GeneralSheaf,true,5,4,epoch-50,4,1,betweenness,-0.0616859280983081
questions,GeneralSheaf,true,5,4,epoch-50,0,1,confidence,0.643975683780704
questions,GeneralSheaf,true,5,4,epoch-50,1,1,confidence,0.6442402219116552
questions,GeneralSheaf,true,5,4,epoch-50,2,1,confidence,0.666044331192474
questions,GeneralSheaf,true,5,4,epoch-50,3,1,confidence,0.6753427346392679
questions,GeneralSheaf,true,5,4,epoch-50,4,1,confidence,0.686913430824927
questions,GeneralSheaf,true,5,4,epoch-50,0,1,saliency,-0.611682582489395
questions,GeneralSheaf,true,5,4,epoch-50,1,1,saliency,-0.5894025790834004
questions,GeneralSheaf,true,5,4,epoch-50,2,1,saliency,-0.5930641092089135
questions,GeneralSheaf,true,5,4,epoch-50,3,1,saliency,-0.5864020751336602
questions,GeneralSheaf,true,5,4,epoch-50,4,1,saliency,-0.5755557940344348
questions,GeneralSheaf,true,5,4,epoch-50,0,1,cohens_d_train,0.4926765
questions,GeneralSheaf,true,5,4,epoch-50,1,1,cohens_d_train,0.36285546
questions,GeneralSheaf,true,5,4,epoch-50,2,1,cohens_d_train,0.25961486
questions,GeneralSheaf,true,5,4,epoch-50,3,1,cohens_d_train,0.17250547
questions,GeneralSheaf,true,5,4,epoch-50,4,1,cohens_d_train,0.17071377
questions,GeneralSheaf,true,5,4,epoch-50,0,1,cohens_d_test,0.46821815
questions,GeneralSheaf,true,5,4,epoch-50,1,1,cohens_d_test,0.19181943
questions,GeneralSheaf,true,5,4,epoch-50,2,1,cohens_d_test,0.046388403
questions,GeneralSheaf,true,5,4,epoch-50,3,1,cohens_d_test,0.07034101
questions,GeneralSheaf,true,5,4,epoch-50,4,1,cohens_d_test,0.069373704
questions,GeneralSheaf,true,5,4,epoch-50,0,2,degree,-0.1643606854241491
questions,GeneralSheaf,true,5,4,epoch-50,1,2,degree,-0.16244720345221042
questions,GeneralSheaf,true,5,4,epoch-50,2,2,degree,-0.1486261228257537
questions,GeneralSheaf,true,5,4,epoch-50,3,2,degree,-0.05295622675743513
questions,GeneralSheaf,true,5,4,epoch-50,4,2,degree,-0.026721775666648497
questions,GeneralSheaf,true,5,4,epoch-50,0,2,betweenness,-0.1551336642588018
questions,GeneralSheaf,true,5,4,epoch-50,1,2,betweenness,-0.16304904204840048
questions,GeneralSheaf,true,5,4,epoch-50,2,2,betweenness,-0.15623140383379022
questions,GeneralSheaf,true,5,4,epoch-50,3,2,betweenness,-0.06050432113551461
questions,GeneralSheaf,true,5,4,epoch-50,4,2,betweenness,-0.038953635356796606
questions,GeneralSheaf,true,5,4,epoch-50,0,2,confidence,0.6108494852046299
questions,GeneralSheaf,true,5,4,epoch-50,1,2,confidence,0.6734172081115904
questions,GeneralSheaf,true,5,4,epoch-50,2,2,confidence,0.6861420872816973
questions,GeneralSheaf,true,5,4,epoch-50,3,2,confidence,0.6584228540444215
questions,GeneralSheaf,true,5,4,epoch-50,4,2,confidence,0.6528848801135854
questions,GeneralSheaf,true,5,4,epoch-50,0,2,saliency,-0.5701952850114133
questions,GeneralSheaf,true,5,4,epoch-50,1,2,saliency,-0.6040901171287753
questions,GeneralSheaf,true,5,4,epoch-50,2,2,saliency,-0.5960804266363388
questions,GeneralSheaf,true,5,4,epoch-50,3,2,saliency,-0.5506077025244276
questions,GeneralSheaf,true,5,4,epoch-50,4,2,saliency,-0.5312448795524237
questions,GeneralSheaf,true,5,4,epoch-50,0,2,cohens_d_train,0.5252076
questions,GeneralSheaf,true,5,4,epoch-50,1,2,cohens_d_train,0.41596082
questions,GeneralSheaf,true,5,4,epoch-50,2,2,cohens_d_train,0.28081
questions,GeneralSheaf,true,5,4,epoch-50,3,2,cohens_d_train,0.14730194
questions,GeneralSheaf,true,5,4,epoch-50,4,2,cohens_d_train,0.084319435
questions,GeneralSheaf,true,5,4,epoch-50,0,2,cohens_d_test,0.45323953
questions,GeneralSheaf,true,5,4,epoch-50,1,2,cohens_d_test,0.39295375
questions,GeneralSheaf,true,5,4,epoch-50,2,2,cohens_d_test,0.26985085
questions,GeneralSheaf,true,5,4,epoch-50,3,2,cohens_d_test,0.13756713
questions,GeneralSheaf,true,5,4,epoch-50,4,2,cohens_d_test,0.08859721
questions,GeneralSheaf,true,5,4,epoch-50,0,3,degree,-0.16857701876072165
questions,GeneralSheaf,true,5,4,epoch-50,1,3,degree,-0.07461170022295906
questions,GeneralSheaf,true,5,4,epoch-50,2,3,degree,-0.06396544148085892
questions,GeneralSheaf,true,5,4,epoch-50,3,3,degree,-0.013208564516278092
questions,GeneralSheaf,true,5,4,epoch-50,4,3,degree,-0.043423652610943594
questions,GeneralSheaf,true,5,4,epoch-50,0,3,betweenness,-0.15842748052469097
questions,GeneralSheaf,true,5,4,epoch-50,1,3,betweenness,-0.06096344883361768
questions,GeneralSheaf,true,5,4,epoch-50,2,3,betweenness,-0.05767764576710974
questions,GeneralSheaf,true,5,4,epoch-50,3,3,betweenness,-0.018279035272941144
questions,GeneralSheaf,true,5,4,epoch-50,4,3,betweenness,-0.0421728433442714
questions,GeneralSheaf,true,5,4,epoch-50,0,3,confidence,0.6084698973201967
questions,GeneralSheaf,true,5,4,epoch-50,1,3,confidence,0.6008950176251875
questions,GeneralSheaf,true,5,4,epoch-50,2,3,confidence,0.6399442818857412
questions,GeneralSheaf,true,5,4,epoch-50,3,3,confidence,0.6160677715488242
questions,GeneralSheaf,true,5,4,epoch-50,4,3,confidence,0.658818467923574
questions,GeneralSheaf,true,5,4,epoch-50,0,3,saliency,-0.5886591348529696
questions,GeneralSheaf,true,5,4,epoch-50,1,3,saliency,-0.558391749095318
questions,GeneralSheaf,true,5,4,epoch-50,2,3,saliency,-0.5686350532310697
questions,GeneralSheaf,true,5,4,epoch-50,3,3,saliency,-0.5271826308281199
questions,GeneralSheaf,true,5,4,epoch-50,4,3,saliency,-0.5469060691874178
questions,GeneralSheaf,true,5,4,epoch-50,0,3,cohens_d_train,0.473555
questions,GeneralSheaf,true,5,4,epoch-50,1,3,cohens_d_train,0.30569178
questions,GeneralSheaf,true,5,4,epoch-50,2,3,cohens_d_train,0.18982181
questions,GeneralSheaf,true,5,4,epoch-50,3,3,cohens_d_train,0.15311728
questions,GeneralSheaf,true,5,4,epoch-50,4,3,cohens_d_train,0.16513985
questions,GeneralSheaf,true,5,4,epoch-50,0,3,cohens_d_test,0.48029894
questions,GeneralSheaf,true,5,4,epoch-50,1,3,cohens_d_test,0.2776197
questions,GeneralSheaf,true,5,4,epoch-50,2,3,cohens_d_test,0.16246322
questions,GeneralSheaf,true,5,4,epoch-50,3,3,cohens_d_test,0.13824365
questions,GeneralSheaf,true,5,4,epoch-50,4,3,cohens_d_test,0.15190095
questions,GeneralSheaf,true,5,4,epoch-50,0,4,degree,-0.16145101729431607
questions,GeneralSheaf,true,5,4,epoch-50,1,4,degree,-0.11034767987546021
questions,GeneralSheaf,true,5,4,epoch-50,2,4,degree,-0.05778858898100446
questions,GeneralSheaf,true,5,4,epoch-50,3,4,degree,-0.006060964405560371
questions,GeneralSheaf,true,5,4,epoch-50,4,4,degree,0.07922822633730049
questions,GeneralSheaf,true,5,4,epoch-50,0,4,betweenness,-0.15243406345221336
questions,GeneralSheaf,true,5,4,epoch-50,1,4,betweenness,-0.09969866046826437
questions,GeneralSheaf,true,5,4,epoch-50,2,4,betweenness,-0.04343628666576321
questions,GeneralSheaf,true,5,4,epoch-50,3,4,betweenness,-0.00963080946463865
questions,GeneralSheaf,true,5,4,epoch-50,4,4,betweenness,0.06598704107707314
questions,GeneralSheaf,true,5,4,epoch-50,0,4,confidence,0.5679660376266513
questions,GeneralSheaf,true,5,4,epoch-50,1,4,confidence,0.5886929892229917
questions,GeneralSheaf,true,5,4,epoch-50,2,4,confidence,0.5859664660468417
questions,GeneralSheaf,true,5,4,epoch-50,3,4,confidence,0.5951945276320573
questions,GeneralSheaf,true,5,4,epoch-50,4,4,confidence,0.5453717730978338
questions,GeneralSheaf,true,5,4,epoch-50,0,4,saliency,-0.5270497569608726
questions,GeneralSheaf,true,5,4,epoch-50,1,4,saliency,-0.5227012052394855
questions,GeneralSheaf,true,5,4,epoch-50,2,4,saliency,-0.505362446278002
questions,GeneralSheaf,true,5,4,epoch-50,3,4,saliency,-0.4878609895133482
questions,GeneralSheaf,true,5,4,epoch-50,4,4,saliency,-0.4151105868712412
questions,GeneralSheaf,true,5,4,epoch-50,0,4,cohens_d_train,0.4210961
questions,GeneralSheaf,true,5,4,epoch-50,1,4,cohens_d_train,0.29781878
questions,GeneralSheaf,true,5,4,epoch-50,2,4,cohens_d_train,0.10172684
questions,GeneralSheaf,true,5,4,epoch-50,3,4,cohens_d_train,0.038344145
questions,GeneralSheaf,true,5,4,epoch-50,4,4,cohens_d_train,0.03220262
questions,GeneralSheaf,true,5,4,epoch-50,0,4,cohens_d_test,0.49399835
questions,GeneralSheaf,true,5,4,epoch-50,1,4,cohens_d_test,0.3870836
questions,GeneralSheaf,true,5,4,epoch-50,2,4,cohens_d_test,0.18535326
questions,GeneralSheaf,true,5,4,epoch-50,3,4,cohens_d_test,0.11503907
questions,GeneralSheaf,true,5,4,epoch-50,4,4,cohens_d_test,0.029670268
questions,GeneralSheaf,true,5,4,epoch-50,0,5,degree,-0.16405008609601193
questions,GeneralSheaf,true,5,4,epoch-50,1,5,degree,-0.08730021112699557
questions,GeneralSheaf,true,5,4,epoch-50,2,5,degree,-0.0723350849407013
questions,GeneralSheaf,true,5,4,epoch-50,3,5,degree,-0.07055953692489672
questions,GeneralSheaf,true,5,4,epoch-50,4,5,degree,-0.014479810272823548
questions,GeneralSheaf,true,5,4,epoch-50,0,5,betweenness,-0.1549997862409683
questions,GeneralSheaf,true,5,4,epoch-50,1,5,betweenness,-0.07417294286403056
questions,GeneralSheaf,true,5,4,epoch-50,2,5,betweenness,-0.06222311322491031
questions,GeneralSheaf,true,5,4,epoch-50,3,5,betweenness,-0.0678692031027238
questions,GeneralSheaf,true,5,4,epoch-50,4,5,betweenness,-0.012765874995790091
questions,GeneralSheaf,true,5,4,epoch-50,0,5,confidence,0.5822929049655537
questions,GeneralSheaf,true,5,4,epoch-50,1,5,confidence,0.5590746682469795
questions,GeneralSheaf,true,5,4,epoch-50,2,5,confidence,0.6090142464854866
questions,GeneralSheaf,true,5,4,epoch-50,3,5,confidence,0.6762034725520599
questions,GeneralSheaf,true,5,4,epoch-50,4,5,confidence,0.6507700080098862
questions,GeneralSheaf,true,5,4,epoch-50,0,5,saliency,nan
questions,GeneralSheaf,true,5,4,epoch-50,1,5,saliency,nan
questions,GeneralSheaf,true,5,4,epoch-50,2,5,saliency,nan
questions,GeneralSheaf,true,5,4,epoch-50,3,5,saliency,nan
questions,GeneralSheaf,true,5,4,epoch-50,4,5,saliency,nan
questions,GeneralSheaf,true,5,4,epoch-50,0,5,cohens_d_train,0.49518824
questions,GeneralSheaf,true,5,4,epoch-50,1,5,cohens_d_train,0.32605243
questions,GeneralSheaf,true,5,4,epoch-50,2,5,cohens_d_train,0.18331254
questions,GeneralSheaf,true,5,4,epoch-50,3,5,cohens_d_train,0.12884237
questions,GeneralSheaf,true,5,4,epoch-50,4,5,cohens_d_train,0.06501488
questions,GeneralSheaf,true,5,4,epoch-50,0,5,cohens_d_test,0.4878673
questions,GeneralSheaf,true,5,4,epoch-50,1,5,cohens_d_test,0.26731098
questions,GeneralSheaf,true,5,4,epoch-50,2,5,cohens_d_test,0.1107081
questions,GeneralSheaf,true,5,4,epoch-50,3,5,cohens_d_test,0.03775566
questions,GeneralSheaf,true,5,4,epoch-50,4,5,cohens_d_test,0.023507219
questions,GeneralSheaf,true,5,4,epoch-50,0,6,degree,-0.16303710781002212
questions,GeneralSheaf,true,5,4,epoch-50,1,6,degree,-0.060982277106757785
questions,GeneralSheaf,true,5,4,epoch-50,2,6,degree,-0.08962318505733163
questions,GeneralSheaf,true,5,4,epoch-50,3,6,degree,-0.09687811474158801
questions,GeneralSheaf,true,5,4,epoch-50,4,6,degree,-0.09956854778774935
questions,GeneralSheaf,true,5,4,epoch-50,0,6,betweenness,-0.15396472995048086
questions,GeneralSheaf,true,5,4,epoch-50,1,6,betweenness,-0.0463285774977106
questions,GeneralSheaf,true,5,4,epoch-50,2,6,betweenness,-0.07592008890544182
questions,GeneralSheaf,true,5,4,epoch-50,3,6,betweenness,-0.07159065750895043
questions,GeneralSheaf,true,5,4,epoch-50,4,6,betweenness,-0.08487725233674788
questions,GeneralSheaf,true,5,4,epoch-50,0,6,confidence,0.573903006420159
questions,GeneralSheaf,true,5,4,epoch-50,1,6,confidence,0.5783066855167247
questions,GeneralSheaf,true,5,4,epoch-50,2,6,confidence,0.6605629504050227
questions,GeneralSheaf,true,5,4,epoch-50,3,6,confidence,0.7101481667878411
questions,GeneralSheaf,true,5,4,epoch-50,4,6,confidence,0.7298356924143686
questions,GeneralSheaf,true,5,4,epoch-50,0,6,saliency,-0.4728028750972604
questions,GeneralSheaf,true,5,4,epoch-50,1,6,saliency,-0.4468150748266589
questions,GeneralSheaf,true,5,4,epoch-50,2,6,saliency,-0.5063338202927158
questions,GeneralSheaf,true,5,4,epoch-50,3,6,saliency,-0.5402440823004716
questions,GeneralSheaf,true,5,4,epoch-50,4,6,saliency,-0.5356858757037004
questions,GeneralSheaf,true,5,4,epoch-50,0,6,cohens_d_train,0.490793
questions,GeneralSheaf,true,5,4,epoch-50,1,6,cohens_d_train,0.3445393
questions,GeneralSheaf,true,5,4,epoch-50,2,6,cohens_d_train,0.32674885
questions,GeneralSheaf,true,5,4,epoch-50,3,6,cohens_d_train,0.24503566
questions,GeneralSheaf,true,5,4,epoch-50,4,6,cohens_d_train,0.26250228
questions,GeneralSheaf,true,5,4,epoch-50,0,6,cohens_d_test,0.3497888
questions,GeneralSheaf,true,5,4,epoch-50,1,6,cohens_d_test,0.18973559
questions,GeneralSheaf,true,5,4,epoch-50,2,6,cohens_d_test,0.17395814
questions,GeneralSheaf,true,5,4,epoch-50,3,6,cohens_d_test,0.10733779
questions,GeneralSheaf,true,5,4,epoch-50,4,6,cohens_d_test,0.12335673
questions,GeneralSheaf,true,5,4,epoch-50,0,7,degree,-0.15840153126560136
questions,GeneralSheaf,true,5,4,epoch-50,1,7,degree,-0.07666890205447446
questions,GeneralSheaf,true,5,4,epoch-50,2,7,degree,-0.12553049406886627
questions,GeneralSheaf,true,5,4,epoch-50,3,7,degree,-0.18961236168497073
questions,GeneralSheaf,true,5,4,epoch-50,4,7,degree,-0.1822068501621252
questions,GeneralSheaf,true,5,4,epoch-50,0,7,betweenness,-0.14932095455523023
questions,GeneralSheaf,true,5,4,epoch-50,1,7,betweenness,-0.06890365352636879
questions,GeneralSheaf,true,5,4,epoch-50,2,7,betweenness,-0.12983382815937403
questions,GeneralSheaf,true,5,4,epoch-50,3,7,betweenness,-0.1940043055172565
questions,GeneralSheaf,true,5,4,epoch-50,4,7,betweenness,-0.17196804396822724
questions,GeneralSheaf,true,5,4,epoch-50,0,7,confidence,0.5612610618653662
questions,GeneralSheaf,true,5,4,epoch-50,1,7,confidence,0.5567874233907507
questions,GeneralSheaf,true,5,4,epoch-50,2,7,confidence,0.6295653473318469
questions,GeneralSheaf,true,5,4,epoch-50,3,7,confidence,0.7138795163121864
questions,GeneralSheaf,true,5,4,epoch-50,4,7,confidence,0.7356110917906514
questions,GeneralSheaf,true,5,4,epoch-50,0,7,saliency,-0.5381140465350684
questions,GeneralSheaf,true,5,4,epoch-50,1,7,saliency,-0.5146310785482365
questions,GeneralSheaf,true,5,4,epoch-50,2,7,saliency,-0.5611652909320181
questions,GeneralSheaf,true,5,4,epoch-50,3,7,saliency,-0.61284700431562
questions,GeneralSheaf,true,5,4,epoch-50,4,7,saliency,-0.6238405824872229
questions,GeneralSheaf,true,5,4,epoch-50,0,7,cohens_d_train,0.39630434
questions,GeneralSheaf,true,5,4,epoch-50,1,7,cohens_d_train,0.21341367
questions,GeneralSheaf,true,5,4,epoch-50,2,7,cohens_d_train,0.18132602
questions,GeneralSheaf,true,5,4,epoch-50,3,7,cohens_d_train,0.18126562
questions,GeneralSheaf,true,5,4,epoch-50,4,7,cohens_d_train,0.1108813
questions,GeneralSheaf,true,5,4,epoch-50,0,7,cohens_d_test,0.53858435
questions,GeneralSheaf,true,5,4,epoch-50,1,7,cohens_d_test,0.26564583
questions,GeneralSheaf,true,5,4,epoch-50,2,7,cohens_d_test,0.19043878
questions,GeneralSheaf,true,5,4,epoch-50,3,7,cohens_d_test,0.16698848
questions,GeneralSheaf,true,5,4,epoch-50,4,7,cohens_d_test,0.10387999
questions,GeneralSheaf,true,5,4,epoch-50,0,8,degree,-0.16169337311317017
questions,GeneralSheaf,true,5,4,epoch-50,1,8,degree,-0.18863736509507242
questions,GeneralSheaf,true,5,4,epoch-50,2,8,degree,-0.11663678629399848
questions,GeneralSheaf,true,5,4,epoch-50,3,8,degree,-0.08043352979241036
questions,GeneralSheaf,true,5,4,epoch-50,4,8,degree,-0.0479666579204063
questions,GeneralSheaf,true,5,4,epoch-50,0,8,betweenness,-0.15244870877851063
questions,GeneralSheaf,true,5,4,epoch-50,1,8,betweenness,-0.18979865221666606
questions,GeneralSheaf,true,5,4,epoch-50,2,8,betweenness,-0.10616738427716106
questions,GeneralSheaf,true,5,4,epoch-50,3,8,betweenness,-0.07724285430073174
questions,GeneralSheaf,true,5,4,epoch-50,4,8,betweenness,-0.056728998154000766
questions,GeneralSheaf,true,5,4,epoch-50,0,8,confidence,0.5690310747600852
questions,GeneralSheaf,true,5,4,epoch-50,1,8,confidence,0.613906437541371
questions,GeneralSheaf,true,5,4,epoch-50,2,8,confidence,0.6085469287702627
questions,GeneralSheaf,true,5,4,epoch-50,3,8,confidence,0.616089806824945
questions,GeneralSheaf,true,5,4,epoch-50,4,8,confidence,0.584172622265547
questions,GeneralSheaf,true,5,4,epoch-50,0,8,saliency,-0.5459699808011615
questions,GeneralSheaf,true,5,4,epoch-50,1,8,saliency,-0.5711031992009349
questions,GeneralSheaf,true,5,4,epoch-50,2,8,saliency,-0.5474427098375545
questions,GeneralSheaf,true,5,4,epoch-50,3,8,saliency,-0.530491532731664
questions,GeneralSheaf,true,5,4,epoch-50,4,8,saliency,-0.4782181776192373
questions,GeneralSheaf,true,5,4,epoch-50,0,8,cohens_d_train,0.45890126
questions,GeneralSheaf,true,5,4,epoch-50,1,8,cohens_d_train,0.44770557
questions,GeneralSheaf,true,5,4,epoch-50,2,8,cohens_d_train,0.25252387
questions,GeneralSheaf,true,5,4,epoch-50,3,8,cohens_d_train,0.11179028
questions,GeneralSheaf,true,5,4,epoch-50,4,8,cohens_d_train,0.084140405
questions,GeneralSheaf,true,5,4,epoch-50,0,8,cohens_d_test,0.42013437
questions,GeneralSheaf,true,5,4,epoch-50,1,8,cohens_d_test,0.3293216
questions,GeneralSheaf,true,5,4,epoch-50,2,8,cohens_d_test,0.118892916
questions,GeneralSheaf,true,5,4,epoch-50,3,8,cohens_d_test,0.0053486647
questions,GeneralSheaf,true,5,4,epoch-50,4,8,cohens_d_test,0.026720744
questions,GeneralSheaf,true,5,4,epoch-50,0,9,degree,-0.1709126103742466
questions,GeneralSheaf,true,5,4,epoch-50,1,9,degree,-0.09718060646920378
questions,GeneralSheaf,true,5,4,epoch-50,2,9,degree,-0.16196087894911276
questions,GeneralSheaf,true,5,4,epoch-50,3,9,degree,-0.2110254568063887
questions,GeneralSheaf,true,5,4,epoch-50,4,9,degree,-0.22293009099831818
questions,GeneralSheaf,true,5,4,epoch-50,0,9,betweenness,-0.16144078669742348
questions,GeneralSheaf,true,5,4,epoch-50,1,9,betweenness,-0.08778801927949564
questions,GeneralSheaf,true,5,4,epoch-50,2,9,betweenness,-0.15580746225091913
questions,GeneralSheaf,true,5,4,epoch-50,3,9,betweenness,-0.2085606658264674
questions,GeneralSheaf,true,5,4,epoch-50,4,9,betweenness,-0.21815369522284578
questions,GeneralSheaf,true,5,4,epoch-50,0,9,confidence,0.5797263569319089
questions,GeneralSheaf,true,5,4,epoch-50,1,9,confidence,0.5633212428969532
questions,GeneralSheaf,true,5,4,epoch-50,2,9,confidence,0.6202984590030047
questions,GeneralSheaf,true,5,4,epoch-50,3,9,confidence,0.6874276817030462
questions,GeneralSheaf,true,5,4,epoch-50,4,9,confidence,0.7202051248915632
questions,GeneralSheaf,true,5,4,epoch-50,0,9,saliency,-0.5631086105953843
questions,GeneralSheaf,true,5,4,epoch-50,1,9,saliency,-0.5324980549520696
questions,GeneralSheaf,true,5,4,epoch-50,2,9,saliency,-0.572582962118383
questions,GeneralSheaf,true,5,4,epoch-50,3,9,saliency,-0.6116453271613352
questions,GeneralSheaf,true,5,4,epoch-50,4,9,saliency,-0.6239672433309343
questions,GeneralSheaf,true,5,4,epoch-50,0,9,cohens_d_train,0.43994364
questions,GeneralSheaf,true,5,4,epoch-50,1,9,cohens_d_train,0.3045631
questions,GeneralSheaf,true,5,4,epoch-50,2,9,cohens_d_train,0.17256491
questions,GeneralSheaf,true,5,4,epoch-50,3,9,cohens_d_train,0.12821762
questions,GeneralSheaf,true,5,4,epoch-50,4,9,cohens_d_train,0.12334157
questions,GeneralSheaf,true,5,4,epoch-50,0,9,cohens_d_test,0.49617714
questions,GeneralSheaf,true,5,4,epoch-50,1,9,cohens_d_test,0.3405775
questions,GeneralSheaf,true,5,4,epoch-50,2,9,cohens_d_test,0.19035143
questions,GeneralSheaf,true,5,4,epoch-50,3,9,cohens_d_test,0.10335271
questions,GeneralSheaf,true,5,4,epoch-50,4,9,cohens_d_test,0.08376809
questions,GeneralSheaf,true,5,4,epoch-200,0,0,degree,-0.19180501991820917
questions,GeneralSheaf,true,5,4,epoch-200,1,0,degree,-0.03646918343601179
questions,GeneralSheaf,true,5,4,epoch-200,2,0,degree,0.041157262086949524
questions,GeneralSheaf,true,5,4,epoch-200,3,0,degree,0.15653576261120458
questions,GeneralSheaf,true,5,4,epoch-200,4,0,degree,0.13485233771787278
questions,GeneralSheaf,true,5,4,epoch-200,0,0,betweenness,-0.18150009178576865
questions,GeneralSheaf,true,5,4,epoch-200,1,0,betweenness,-0.053226386781289436
questions,GeneralSheaf,true,5,4,epoch-200,2,0,betweenness,0.019863196021238816
questions,GeneralSheaf,true,5,4,epoch-200,3,0,betweenness,0.1366453795579265
questions,GeneralSheaf,true,5,4,epoch-200,4,0,betweenness,0.12887660998741995
questions,GeneralSheaf,true,5,4,epoch-200,0,0,confidence,0.5009167133533329
questions,GeneralSheaf,true,5,4,epoch-200,1,0,confidence,0.49388289124766743
questions,GeneralSheaf,true,5,4,epoch-200,2,0,confidence,0.5420548385464488
questions,GeneralSheaf,true,5,4,epoch-200,3,0,confidence,0.6119272401516451
questions,GeneralSheaf,true,5,4,epoch-200,4,0,confidence,0.7173221344990811
questions,GeneralSheaf,true,5,4,epoch-200,0,0,saliency,-0.2768750852348044
questions,GeneralSheaf,true,5,4,epoch-200,1,0,saliency,-0.18932247506088173
questions,GeneralSheaf,true,5,4,epoch-200,2,0,saliency,-0.20034414825099536
questions,GeneralSheaf,true,5,4,epoch-200,3,0,saliency,-0.2137063575532709
questions,GeneralSheaf,true,5,4,epoch-200,4,0,saliency,-0.31160480028786824
questions,GeneralSheaf,true,5,4,epoch-200,0,0,cohens_d_train,0.33384162
questions,GeneralSheaf,true,5,4,epoch-200,1,0,cohens_d_train,0.07842566
questions,GeneralSheaf,true,5,4,epoch-200,2,0,cohens_d_train,0.044194926
questions,GeneralSheaf,true,5,4,epoch-200,3,0,cohens_d_train,0.04936787
questions,GeneralSheaf,true,5,4,epoch-200,4,0,cohens_d_train,0.14350541
questions,GeneralSheaf,true,5,4,epoch-200,0,0,cohens_d_test,0.22821793
questions,GeneralSheaf,true,5,4,epoch-200,1,0,cohens_d_test,0.11065688
questions,GeneralSheaf,true,5,4,epoch-200,2,0,cohens_d_test,0.16343094
questions,GeneralSheaf,true,5,4,epoch-200,3,0,cohens_d_test,0.21185018
questions,GeneralSheaf,true,5,4,epoch-200,4,0,cohens_d_test,0.14624465
questions,GeneralSheaf,true,5,4,epoch-200,0,1,degree,-0.16548019299636668
questions,GeneralSheaf,true,5,4,epoch-200,1,1,degree,-0.1335101860595789
questions,GeneralSheaf,true,5,4,epoch-200,2,1,degree,-0.04276058605142898
questions,GeneralSheaf,true,5,4,epoch-200,3,1,degree,-0.07265905608672671
questions,GeneralSheaf,true,5,4,epoch-200,4,1,degree,-0.008981600272059381
questions,GeneralSheaf,true,5,4,epoch-200,0,1,betweenness,-0.15651026959287184
questions,GeneralSheaf,true,5,4,epoch-200,1,1,betweenness,-0.12750646125783952
questions,GeneralSheaf,true,5,4,epoch-200,2,1,betweenness,-0.05188796276998953
questions,GeneralSheaf,true,5,4,epoch-200,3,1,betweenness,-0.06988626048389815
questions,GeneralSheaf,true,5,4,epoch-200,4,1,betweenness,-0.004827308888630754
questions,GeneralSheaf,true,5,4,epoch-200,0,1,confidence,0.5255307078611763
questions,GeneralSheaf,true,5,4,epoch-200,1,1,confidence,0.5480064239101617
questions,GeneralSheaf,true,5,4,epoch-200,2,1,confidence,0.5937124031732514
questions,GeneralSheaf,true,5,4,epoch-200,3,1,confidence,0.7260399677919173
questions,GeneralSheaf,true,5,4,epoch-200,4,1,confidence,0.7944932454786467
questions,GeneralSheaf,true,5,4,epoch-200,0,1,saliency,-0.30905230884623747
questions,GeneralSheaf,true,5,4,epoch-200,1,1,saliency,-0.28937831962082383
questions,GeneralSheaf,true,5,4,epoch-200,2,1,saliency,-0.2979203254706707
questions,GeneralSheaf,true,5,4,epoch-200,3,1,saliency,-0.4039619605861068
questions,GeneralSheaf,true,5,4,epoch-200,4,1,saliency,-0.43301178568389814
questions,GeneralSheaf,true,5,4,epoch-200,0,1,cohens_d_train,0.36422598
questions,GeneralSheaf,true,5,4,epoch-200,1,1,cohens_d_train,0.28831202
questions,GeneralSheaf,true,5,4,epoch-200,2,1,cohens_d_train,0.23379096
questions,GeneralSheaf,true,5,4,epoch-200,3,1,cohens_d_train,0.26869845
questions,GeneralSheaf,true,5,4,epoch-200,4,1,cohens_d_train,0.29676944
questions,GeneralSheaf,true,5,4,epoch-200,0,1,cohens_d_test,0.23101377
questions,GeneralSheaf,true,5,4,epoch-200,1,1,cohens_d_test,0.055263896
questions,GeneralSheaf,true,5,4,epoch-200,2,1,cohens_d_test,0.13632531
questions,GeneralSheaf,true,5,4,epoch-200,3,1,cohens_d_test,0.18423589
questions,GeneralSheaf,true,5,4,epoch-200,4,1,cohens_d_test,0.18397261
questions,GeneralSheaf,true,5,4,epoch-200,0,2,degree,-0.1802274991676491
questions,GeneralSheaf,true,5,4,epoch-200,1,2,degree,-0.045609466738623865
questions,GeneralSheaf,true,5,4,epoch-200,2,2,degree,0.0984359998374326
questions,GeneralSheaf,true,5,4,epoch-200,3,2,degree,0.21789336585883412
questions,GeneralSheaf,true,5,4,epoch-200,4,2,degree,0.2507629057550982
questions,GeneralSheaf,true,5,4,epoch-200,0,2,betweenness,-0.17117613289404507
questions,GeneralSheaf,true,5,4,epoch-200,1,2,betweenness,-0.06135035461650639
questions,GeneralSheaf,true,5,4,epoch-200,2,2,betweenness,0.07606577197839787
questions,GeneralSheaf,true,5,4,epoch-200,3,2,betweenness,0.19572462870960738
questions,GeneralSheaf,true,5,4,epoch-200,4,2,betweenness,0.23013535757107442
questions,GeneralSheaf,true,5,4,epoch-200,0,2,confidence,0.4959712509995544
questions,GeneralSheaf,true,5,4,epoch-200,1,2,confidence,0.4636979499923731
questions,GeneralSheaf,true,5,4,epoch-200,2,2,confidence,0.4483002708819501
questions,GeneralSheaf,true,5,4,epoch-200,3,2,confidence,0.4228636883761962
questions,GeneralSheaf,true,5,4,epoch-200,4,2,confidence,0.4786262392061543
questions,GeneralSheaf,true,5,4,epoch-200,0,2,saliency,-0.37694839271764996
questions,GeneralSheaf,true,5,4,epoch-200,1,2,saliency,-0.3066868221828211
questions,GeneralSheaf,true,5,4,epoch-200,2,2,saliency,-0.2428294139865655
questions,GeneralSheaf,true,5,4,epoch-200,3,2,saliency,-0.1803615535182883
questions,GeneralSheaf,true,5,4,epoch-200,4,2,saliency,-0.21866383264520953
questions,GeneralSheaf,true,5,4,epoch-200,0,2,cohens_d_train,0.34771493
questions,GeneralSheaf,true,5,4,epoch-200,1,2,cohens_d_train,0.20925766
questions,GeneralSheaf,true,5,4,epoch-200,2,2,cohens_d_train,0.12292162
questions,GeneralSheaf,true,5,4,epoch-200,3,2,cohens_d_train,0.0017003886
questions,GeneralSheaf,true,5,4,epoch-200,4,2,cohens_d_train,0.06879236
questions,GeneralSheaf,true,5,4,epoch-200,0,2,cohens_d_test,0.26600212
questions,GeneralSheaf,true,5,4,epoch-200,1,2,cohens_d_test,0.02442153
questions,GeneralSheaf,true,5,4,epoch-200,2,2,cohens_d_test,0.16232711
questions,GeneralSheaf,true,5,4,epoch-200,3,2,cohens_d_test,0.35259244
questions,GeneralSheaf,true,5,4,epoch-200,4,2,cohens_d_test,0.46435887
questions,GeneralSheaf,true,5,4,epoch-200,0,3,degree,-0.1770279577007575
questions,GeneralSheaf,true,5,4,epoch-200,1,3,degree,-0.018926160485422637
questions,GeneralSheaf,true,5,4,epoch-200,2,3,degree,0.11109699213476075
questions,GeneralSheaf,true,5,4,epoch-200,3,3,degree,0.2011400962779617
questions,GeneralSheaf,true,5,4,epoch-200,4,3,degree,0.23072675265886444
questions,GeneralSheaf,true,5,4,epoch-200,0,3,betweenness,-0.17015203451326558
questions,GeneralSheaf,true,5,4,epoch-200,1,3,betweenness,-0.024827765911865328
questions,GeneralSheaf,true,5,4,epoch-200,2,3,betweenness,0.0932024717636501
questions,GeneralSheaf,true,5,4,epoch-200,3,3,betweenness,0.1820651145982951
questions,GeneralSheaf,true,5,4,epoch-200,4,3,betweenness,0.217439667433655
questions,GeneralSheaf,true,5,4,epoch-200,0,3,confidence,0.48655354561029607
questions,GeneralSheaf,true,5,4,epoch-200,1,3,confidence,0.45431502997673506
questions,GeneralSheaf,true,5,4,epoch-200,2,3,confidence,0.41768131654203217
questions,GeneralSheaf,true,5,4,epoch-200,3,3,confidence,0.43476542272160756
questions,GeneralSheaf,true,5,4,epoch-200,4,3,confidence,0.517557740747275
questions,GeneralSheaf,true,5,4,epoch-200,0,3,saliency,-0.29402167782789834
questions,GeneralSheaf,true,5,4,epoch-200,1,3,saliency,-0.1824496179248944
questions,GeneralSheaf,true,5,4,epoch-200,2,3,saliency,-0.09717552378780345
questions,GeneralSheaf,true,5,4,epoch-200,3,3,saliency,-0.0805905376321792
questions,GeneralSheaf,true,5,4,epoch-200,4,3,saliency,-0.14270958070688772
questions,GeneralSheaf,true,5,4,epoch-200,0,3,cohens_d_train,0.38005427
questions,GeneralSheaf,true,5,4,epoch-200,1,3,cohens_d_train,0.29080918
questions,GeneralSheaf,true,5,4,epoch-200,2,3,cohens_d_train,0.1647723
questions,GeneralSheaf,true,5,4,epoch-200,3,3,cohens_d_train,0.071639
questions,GeneralSheaf,true,5,4,epoch-200,4,3,cohens_d_train,0.07667279
questions,GeneralSheaf,true,5,4,epoch-200,0,3,cohens_d_test,0.36094078
questions,GeneralSheaf,true,5,4,epoch-200,1,3,cohens_d_test,0.102482595
questions,GeneralSheaf,true,5,4,epoch-200,2,3,cohens_d_test,0.1461942
questions,GeneralSheaf,true,5,4,epoch-200,3,3,cohens_d_test,0.32303846
questions,GeneralSheaf,true,5,4,epoch-200,4,3,cohens_d_test,0.35316682
questions,GeneralSheaf,true,5,4,epoch-200,0,4,degree,-0.1625889078331178
questions,GeneralSheaf,true,5,4,epoch-200,1,4,degree,-0.047174091724601894
questions,GeneralSheaf,true,5,4,epoch-200,2,4,degree,0.0641223475597331
questions,GeneralSheaf,true,5,4,epoch-200,3,4,degree,0.20923526991759966
questions,GeneralSheaf,true,5,4,epoch-200,4,4,degree,0.25744060397555085
questions,GeneralSheaf,true,5,4,epoch-200,0,4,betweenness,-0.15417164631576025
questions,GeneralSheaf,true,5,4,epoch-200,1,4,betweenness,-0.049114331530333115
questions,GeneralSheaf,true,5,4,epoch-200,2,4,betweenness,0.06649417059651479
questions,GeneralSheaf,true,5,4,epoch-200,3,4,betweenness,0.19747666836942465
questions,GeneralSheaf,true,5,4,epoch-200,4,4,betweenness,0.25035281317090724
questions,GeneralSheaf,true,5,4,epoch-200,0,4,confidence,0.4355327483144527
questions,GeneralSheaf,true,5,4,epoch-200,1,4,confidence,0.4195297522378864
questions,GeneralSheaf,true,5,4,epoch-200,2,4,confidence,0.42228215350892495
questions,GeneralSheaf,true,5,4,epoch-200,3,4,confidence,0.4488030552326325
questions,GeneralSheaf,true,5,4,epoch-200,4,4,confidence,0.526713667403309
questions,GeneralSheaf,true,5,4,epoch-200,0,4,saliency,-0.20381118422184927
questions,GeneralSheaf,true,5,4,epoch-200,1,4,saliency,-0.14241949055274594
questions,GeneralSheaf,true,5,4,epoch-200,2,4,saliency,-0.11229684426624421
questions,GeneralSheaf,true,5,4,epoch-200,3,4,saliency,-0.07937475092323497
questions,GeneralSheaf,true,5,4,epoch-200,4,4,saliency,-0.11342343077085128
questions,GeneralSheaf,true,5,4,epoch-200,0,4,cohens_d_train,0.23034003
questions,GeneralSheaf,true,5,4,epoch-200,1,4,cohens_d_train,0.15000792
questions,GeneralSheaf,true,5,4,epoch-200,2,4,cohens_d_train,0.057118367
questions,GeneralSheaf,true,5,4,epoch-200,3,4,cohens_d_train,0.010442877
questions,GeneralSheaf,true,5,4,epoch-200,4,4,cohens_d_train,0.039050978
questions,GeneralSheaf,true,5,4,epoch-200,0,4,cohens_d_test,0.21494025
questions,GeneralSheaf,true,5,4,epoch-200,1,4,cohens_d_test,0.09001396
questions,GeneralSheaf,true,5,4,epoch-200,2,4,cohens_d_test,0.06824438
questions,GeneralSheaf,true,5,4,epoch-200,3,4,cohens_d_test,0.17747192
questions,GeneralSheaf,true,5,4,epoch-200,4,4,cohens_d_test,0.22319315
questions,GeneralSheaf,true,5,4,epoch-200,0,5,degree,-0.1682745118377951
questions,GeneralSheaf,true,5,4,epoch-200,1,5,degree,-0.07907523954669175
questions,GeneralSheaf,true,5,4,epoch-200,2,5,degree,-0.03796314860871158
questions,GeneralSheaf,true,5,4,epoch-200,3,5,degree,0.11099169755485
questions,GeneralSheaf,true,5,4,epoch-200,4,5,degree,0.10596958407283072
questions,GeneralSheaf,true,5,4,epoch-200,0,5,betweenness,-0.16091291281737344
questions,GeneralSheaf,true,5,4,epoch-200,1,5,betweenness,-0.06280731594810707
questions,GeneralSheaf,true,5,4,epoch-200,2,5,betweenness,-0.029505919915424717
questions,GeneralSheaf,true,5,4,epoch-200,3,5,betweenness,0.10533464609077169
questions,GeneralSheaf,true,5,4,epoch-200,4,5,betweenness,0.10536077573384517
questions,GeneralSheaf,true,5,4,epoch-200,0,5,confidence,0.4460106234020596
questions,GeneralSheaf,true,5,4,epoch-200,1,5,confidence,0.4666271545185824
questions,GeneralSheaf,true,5,4,epoch-200,2,5,confidence,0.5219398744020606
questions,GeneralSheaf,true,5,4,epoch-200,3,5,confidence,0.5740787065436852
questions,GeneralSheaf,true,5,4,epoch-200,4,5,confidence,0.652527684876974
questions,GeneralSheaf,true,5,4,epoch-200,0,5,saliency,-0.31405304653837307
questions,GeneralSheaf,true,5,4,epoch-200,1,5,saliency,-0.25170203480885905
questions,GeneralSheaf,true,5,4,epoch-200,2,5,saliency,-0.2773245487166325
questions,GeneralSheaf,true,5,4,epoch-200,3,5,saliency,-0.2657976592034092
questions,GeneralSheaf,true,5,4,epoch-200,4,5,saliency,-0.31239165790026524
questions,GeneralSheaf,true,5,4,epoch-200,0,5,cohens_d_train,0.35331914
questions,GeneralSheaf,true,5,4,epoch-200,1,5,cohens_d_train,0.24957316
questions,GeneralSheaf,true,5,4,epoch-200,2,5,cohens_d_train,0.2023995
questions,GeneralSheaf,true,5,4,epoch-200,3,5,cohens_d_train,0.10785602
questions,GeneralSheaf,true,5,4,epoch-200,4,5,cohens_d_train,0.1530556
questions,GeneralSheaf,true,5,4,epoch-200,0,5,cohens_d_test,0.3133473
questions,GeneralSheaf,true,5,4,epoch-200,1,5,cohens_d_test,0.021278562
questions,GeneralSheaf,true,5,4,epoch-200,2,5,cohens_d_test,0.05632577
questions,GeneralSheaf,true,5,4,epoch-200,3,5,cohens_d_test,0.20812592
questions,GeneralSheaf,true,5,4,epoch-200,4,5,cohens_d_test,0.20516609
questions,GeneralSheaf,true,5,4,epoch-200,0,6,degree,-0.1735160964825428
questions,GeneralSheaf,true,5,4,epoch-200,1,6,degree,-0.04802535534844768
questions,GeneralSheaf,true,5,4,epoch-200,2,6,degree,0.018018151904443544
questions,GeneralSheaf,true,5,4,epoch-200,3,6,degree,0.05185835696598523
questions,GeneralSheaf,true,5,4,epoch-200,4,6,degree,0.11072279522080464
questions,GeneralSheaf,true,5,4,epoch-200,0,6,betweenness,-0.1623916814104003
questions,GeneralSheaf,true,5,4,epoch-200,1,6,betweenness,-0.04429633220273713
questions,GeneralSheaf,true,5,4,epoch-200,2,6,betweenness,0.02411830745507094
questions,GeneralSheaf,true,5,4,epoch-200,3,6,betweenness,0.07429571014910699
questions,GeneralSheaf,true,5,4,epoch-200,4,6,betweenness,0.1285619116473703
questions,GeneralSheaf,true,5,4,epoch-200,0,6,confidence,0.3826192671261923
questions,GeneralSheaf,true,5,4,epoch-200,1,6,confidence,0.39373448298257735
questions,GeneralSheaf,true,5,4,epoch-200,2,6,confidence,0.4371965898187897
questions,GeneralSheaf,true,5,4,epoch-200,3,6,confidence,0.6030592465392873
questions,GeneralSheaf,true,5,4,epoch-200,4,6,confidence,0.6672900904282814
questions,GeneralSheaf,true,5,4,epoch-200,0,6,saliency,-0.2697862920429116
questions,GeneralSheaf,true,5,4,epoch-200,1,6,saliency,-0.20461174290313883
questions,GeneralSheaf,true,5,4,epoch-200,2,6,saliency,-0.2071731284431818
questions,GeneralSheaf,true,5,4,epoch-200,3,6,saliency,-0.30604217469573036
questions,GeneralSheaf,true,5,4,epoch-200,4,6,saliency,-0.3429122721793112
questions,GeneralSheaf,true,5,4,epoch-200,0,6,cohens_d_train,0.31785747
questions,GeneralSheaf,true,5,4,epoch-200,1,6,cohens_d_train,0.2581577
questions,GeneralSheaf,true,5,4,epoch-200,2,6,cohens_d_train,0.20189226
questions,GeneralSheaf,true,5,4,epoch-200,3,6,cohens_d_train,0.21221411
questions,GeneralSheaf,true,5,4,epoch-200,4,6,cohens_d_train,0.24123603
questions,GeneralSheaf,true,5,4,epoch-200,0,6,cohens_d_test,0.27886283
questions,GeneralSheaf,true,5,4,epoch-200,1,6,cohens_d_test,0.06535001
questions,GeneralSheaf,true,5,4,epoch-200,2,6,cohens_d_test,0.056113165
questions,GeneralSheaf,true,5,4,epoch-200,3,6,cohens_d_test,0.1036731
questions,GeneralSheaf,true,5,4,epoch-200,4,6,cohens_d_test,0.093664184
questions,GeneralSheaf,true,5,4,epoch-200,0,7,degree,-0.1683736076186809
questions,GeneralSheaf,true,5,4,epoch-200,1,7,degree,-0.006584326361040464
questions,GeneralSheaf,true,5,4,epoch-200,2,7,degree,0.09211523656852867
questions,GeneralSheaf,true,5,4,epoch-200,3,7,degree,0.2933034451932477
questions,GeneralSheaf,true,5,4,epoch-200,4,7,degree,0.30170457946328144
questions,GeneralSheaf,true,5,4,epoch-200,0,7,betweenness,-0.15953564250463867
questions,GeneralSheaf,true,5,4,epoch-200,1,7,betweenness,-0.008636149916719378
questions,GeneralSheaf,true,5,4,epoch-200,2,7,betweenness,0.08039027595095105
questions,GeneralSheaf,true,5,4,epoch-200,3,7,betweenness,0.28672149602368496
questions,GeneralSheaf,true,5,4,epoch-200,4,7,betweenness,0.30258990192336943
questions,GeneralSheaf,true,5,4,epoch-200,0,7,confidence,0.3912455288229936
questions,GeneralSheaf,true,5,4,epoch-200,1,7,confidence,0.3596478443761104
questions,GeneralSheaf,true,5,4,epoch-200,2,7,confidence,0.37499822021493373
questions,GeneralSheaf,true,5,4,epoch-200,3,7,confidence,0.44836814241501627
questions,GeneralSheaf,true,5,4,epoch-200,4,7,confidence,0.5629397772304986
questions,GeneralSheaf,true,5,4,epoch-200,0,7,saliency,-0.22039629927664148
questions,GeneralSheaf,true,5,4,epoch-200,1,7,saliency,-0.12502497167300824
questions,GeneralSheaf,true,5,4,epoch-200,2,7,saliency,-0.08909058536872351
questions,GeneralSheaf,true,5,4,epoch-200,3,7,saliency,-0.061212143681637944
questions,GeneralSheaf,true,5,4,epoch-200,4,7,saliency,-0.1272946524647083
questions,GeneralSheaf,true,5,4,epoch-200,0,7,cohens_d_train,0.22195144
questions,GeneralSheaf,true,5,4,epoch-200,1,7,cohens_d_train,0.050982945
questions,GeneralSheaf,true,5,4,epoch-200,2,7,cohens_d_train,0.03647208
questions,GeneralSheaf,true,5,4,epoch-200,3,7,cohens_d_train,0.097751714
questions,GeneralSheaf,true,5,4,epoch-200,4,7,cohens_d_train,0.048380863
questions,GeneralSheaf,true,5,4,epoch-200,0,7,cohens_d_test,0.029860273
questions,GeneralSheaf,true,5,4,epoch-200,1,7,cohens_d_test,0.2256133
questions,GeneralSheaf,true,5,4,epoch-200,2,7,cohens_d_test,0.4057269
questions,GeneralSheaf,true,5,4,epoch-200,3,7,cohens_d_test,0.4829263
questions,GeneralSheaf,true,5,4,epoch-200,4,7,cohens_d_test,0.42017654
questions,GeneralSheaf,true,5,4,epoch-200,0,8,degree,-0.16387908179966046
questions,GeneralSheaf,true,5,4,epoch-200,1,8,degree,-0.07977567515257712
questions,GeneralSheaf,true,5,4,epoch-200,2,8,degree,-0.07565533518000953
questions,GeneralSheaf,true,5,4,epoch-200,3,8,degree,0.0078109871110249455
questions,GeneralSheaf,true,5,4,epoch-200,4,8,degree,0.07669450111898844
questions,GeneralSheaf,true,5,4,epoch-200,0,8,betweenness,-0.15521041377999417
questions,GeneralSheaf,true,5,4,epoch-200,1,8,betweenness,-0.09928501192518407
questions,GeneralSheaf,true,5,4,epoch-200,2,8,betweenness,-0.0820126931518401
questions,GeneralSheaf,true,5,4,epoch-200,3,8,betweenness,-0.0007909952902441715
questions,GeneralSheaf,true,5,4,epoch-200,4,8,betweenness,0.0649843422275422
questions,GeneralSheaf,true,5,4,epoch-200,0,8,confidence,0.45713668708991356
questions,GeneralSheaf,true,5,4,epoch-200,1,8,confidence,0.4443891654742588
questions,GeneralSheaf,true,5,4,epoch-200,2,8,confidence,0.5365123219055526
questions,GeneralSheaf,true,5,4,epoch-200,3,8,confidence,0.544345948761646
questions,GeneralSheaf,true,5,4,epoch-200,4,8,confidence,0.5927484498032531
questions,GeneralSheaf,true,5,4,epoch-200,0,8,saliency,-0.3023229325560215
questions,GeneralSheaf,true,5,4,epoch-200,1,8,saliency,-0.25295597768552863
questions,GeneralSheaf,true,5,4,epoch-200,2,8,saliency,-0.30112097234580026
questions,GeneralSheaf,true,5,4,epoch-200,3,8,saliency,-0.28264041999108075
questions,GeneralSheaf,true,5,4,epoch-200,4,8,saliency,-0.3060825192471235
questions,GeneralSheaf,true,5,4,epoch-200,0,8,cohens_d_train,0.3344825
questions,GeneralSheaf,true,5,4,epoch-200,1,8,cohens_d_train,0.26600844
questions,GeneralSheaf,true,5,4,epoch-200,2,8,cohens_d_train,0.20077032
questions,GeneralSheaf,true,5,4,epoch-200,3,8,cohens_d_train,0.13783339
questions,GeneralSheaf,true,5,4,epoch-200,4,8,cohens_d_train,0.12737848
questions,GeneralSheaf,true,5,4,epoch-200,0,8,cohens_d_test,0.21941042
questions,GeneralSheaf,true,5,4,epoch-200,1,8,cohens_d_test,0.058915973
questions,GeneralSheaf,true,5,4,epoch-200,2,8,cohens_d_test,0.07334641
questions,GeneralSheaf,true,5,4,epoch-200,3,8,cohens_d_test,0.13286176
questions,GeneralSheaf,true,5,4,epoch-200,4,8,cohens_d_test,0.14415468
questions,GeneralSheaf,true,5,4,epoch-200,0,9,degree,-0.20766268619995357
questions,GeneralSheaf,true,5,4,epoch-200,1,9,degree,-0.09558894590593774
questions,GeneralSheaf,true,5,4,epoch-200,2,9,degree,-0.09389019921962741
questions,GeneralSheaf,true,5,4,epoch-200,3,9,degree,0.15042157123158553
questions,GeneralSheaf,true,5,4,epoch-200,4,9,degree,0.20508077809551295
questions,GeneralSheaf,true,5,4,epoch-200,0,9,betweenness,-0.19709529648084814
questions,GeneralSheaf,true,5,4,epoch-200,1,9,betweenness,-0.08635884859413846
questions,GeneralSheaf,true,5,4,epoch-200,2,9,betweenness,-0.09186861547708289
questions,GeneralSheaf,true,5,4,epoch-200,3,9,betweenness,0.1364355748988398
questions,GeneralSheaf,true,5,4,epoch-200,4,9,betweenness,0.19279535742072482
questions,GeneralSheaf,true,5,4,epoch-200,0,9,confidence,0.4868383632494067
questions,GeneralSheaf,true,5,4,epoch-200,1,9,confidence,0.4840086687277857
questions,GeneralSheaf,true,5,4,epoch-200,2,9,confidence,0.5192478849489359
questions,GeneralSheaf,true,5,4,epoch-200,3,9,confidence,0.45620380340933026
questions,GeneralSheaf,true,5,4,epoch-200,4,9,confidence,0.49802185033996516
questions,GeneralSheaf,true,5,4,epoch-200,0,9,saliency,-0.340879904978488
questions,GeneralSheaf,true,5,4,epoch-200,1,9,saliency,-0.2788990550290545
questions,GeneralSheaf,true,5,4,epoch-200,2,9,saliency,-0.30373272803473617
questions,GeneralSheaf,true,5,4,epoch-200,3,9,saliency,-0.19305633521778612
questions,GeneralSheaf,true,5,4,epoch-200,4,9,saliency,-0.22243307497631387
questions,GeneralSheaf,true,5,4,epoch-200,0,9,cohens_d_train,0.3660061
questions,GeneralSheaf,true,5,4,epoch-200,1,9,cohens_d_train,0.25900388
questions,GeneralSheaf,true,5,4,epoch-200,2,9,cohens_d_train,0.18650588
questions,GeneralSheaf,true,5,4,epoch-200,3,9,cohens_d_train,0.0077086664
questions,GeneralSheaf,true,5,4,epoch-200,4,9,cohens_d_train,0.028768389
questions,GeneralSheaf,true,5,4,epoch-200,0,9,cohens_d_test,0.33865717
questions,GeneralSheaf,true,5,4,epoch-200,1,9,cohens_d_test,0.22872253
questions,GeneralSheaf,true,5,4,epoch-200,2,9,cohens_d_test,0.124387026
questions,GeneralSheaf,true,5,4,epoch-200,3,9,cohens_d_test,0.13154188
questions,GeneralSheaf,true,5,4,epoch-200,4,9,cohens_d_test,0.24103008
questions,GeneralSheaf,true,5,4,best-epoch,0,0,degree,-0.20107496290318713
questions,GeneralSheaf,true,5,4,best-epoch,1,0,degree,-0.08260655665180626
questions,GeneralSheaf,true,5,4,best-epoch,2,0,degree,0.05447246265708027
questions,GeneralSheaf,true,5,4,best-epoch,3,0,degree,0.17893137857644617
questions,GeneralSheaf,true,5,4,best-epoch,4,0,degree,0.19705599134489094
questions,GeneralSheaf,true,5,4,best-epoch,0,0,betweenness,-0.19074991855606532
questions,GeneralSheaf,true,5,4,best-epoch,1,0,betweenness,-0.09005699999343775
questions,GeneralSheaf,true,5,4,best-epoch,2,0,betweenness,0.03701490834282169
questions,GeneralSheaf,true,5,4,best-epoch,3,0,betweenness,0.1650505829352119
questions,GeneralSheaf,true,5,4,best-epoch,4,0,betweenness,0.19193129262420763
questions,GeneralSheaf,true,5,4,best-epoch,0,0,confidence,0.5272784683115065
questions,GeneralSheaf,true,5,4,best-epoch,1,0,confidence,0.48813039569475
questions,GeneralSheaf,true,5,4,best-epoch,2,0,confidence,0.4969725748622856
questions,GeneralSheaf,true,5,4,best-epoch,3,0,confidence,0.5460830176393053
questions,GeneralSheaf,true,5,4,best-epoch,4,0,confidence,0.6092273308818918
questions,GeneralSheaf,true,5,4,best-epoch,0,0,saliency,-0.3660883206312862
questions,GeneralSheaf,true,5,4,best-epoch,1,0,saliency,-0.2835194337759995
questions,GeneralSheaf,true,5,4,best-epoch,2,0,saliency,-0.25090970765863535
questions,GeneralSheaf,true,5,4,best-epoch,3,0,saliency,-0.25774153334227656
questions,GeneralSheaf,true,5,4,best-epoch,4,0,saliency,-0.30806068165372175
questions,GeneralSheaf,true,5,4,best-epoch,0,0,cohens_d_train,0.44021758
questions,GeneralSheaf,true,5,4,best-epoch,1,0,cohens_d_train,0.21854453
questions,GeneralSheaf,true,5,4,best-epoch,2,0,cohens_d_train,0.09218455
questions,GeneralSheaf,true,5,4,best-epoch,3,0,cohens_d_train,0.0002670113
questions,GeneralSheaf,true,5,4,best-epoch,4,0,cohens_d_train,0.023287138
questions,GeneralSheaf,true,5,4,best-epoch,0,0,cohens_d_test,0.36797845
questions,GeneralSheaf,true,5,4,best-epoch,1,0,cohens_d_test,0.07038848
questions,GeneralSheaf,true,5,4,best-epoch,2,0,cohens_d_test,0.07940957
questions,GeneralSheaf,true,5,4,best-epoch,3,0,cohens_d_test,0.20878676
questions,GeneralSheaf,true,5,4,best-epoch,4,0,cohens_d_test,0.20855173
questions,GeneralSheaf,true,5,4,best-epoch,0,1,degree,-0.17138971359257954
questions,GeneralSheaf,true,5,4,best-epoch,1,1,degree,-0.17269711364029894
questions,GeneralSheaf,true,5,4,best-epoch,2,1,degree,-0.06641318492747725
questions,GeneralSheaf,true,5,4,best-epoch,3,1,degree,-0.09123380815737467
questions,GeneralSheaf,true,5,4,best-epoch,4,1,degree,-0.047156539655511934
questions,GeneralSheaf,true,5,4,best-epoch,0,1,betweenness,-0.16361144489441765
questions,GeneralSheaf,true,5,4,best-epoch,1,1,betweenness,-0.16503625379606957
questions,GeneralSheaf,true,5,4,best-epoch,2,1,betweenness,-0.07708606560630099
questions,GeneralSheaf,true,5,4,best-epoch,3,1,betweenness,-0.081277612304256
questions,GeneralSheaf,true,5,4,best-epoch,4,1,betweenness,-0.03451911321868402
questions,GeneralSheaf,true,5,4,best-epoch,0,1,confidence,0.5062120741029078
questions,GeneralSheaf,true,5,4,best-epoch,1,1,confidence,0.5288782225909089
questions,GeneralSheaf,true,5,4,best-epoch,2,1,confidence,0.5148085574588686
questions,GeneralSheaf,true,5,4,best-epoch,3,1,confidence,0.6983461002206833
questions,GeneralSheaf,true,5,4,best-epoch,4,1,confidence,0.7620884853438287
questions,GeneralSheaf,true,5,4,best-epoch,0,1,saliency,-0.4173569995377453
questions,GeneralSheaf,true,5,4,best-epoch,1,1,saliency,-0.40256652292929906
questions,GeneralSheaf,true,5,4,best-epoch,2,1,saliency,-0.374898567692741
questions,GeneralSheaf,true,5,4,best-epoch,3,1,saliency,-0.5078076460778882
questions,GeneralSheaf,true,5,4,best-epoch,4,1,saliency,-0.5396912144478766
questions,GeneralSheaf,true,5,4,best-epoch,0,1,cohens_d_train,0.47571236
questions,GeneralSheaf,true,5,4,best-epoch,1,1,cohens_d_train,0.3812847
questions,GeneralSheaf,true,5,4,best-epoch,2,1,cohens_d_train,0.29139018
questions,GeneralSheaf,true,5,4,best-epoch,3,1,cohens_d_train,0.24449745
questions,GeneralSheaf,true,5,4,best-epoch,4,1,cohens_d_train,0.23662996
questions,GeneralSheaf,true,5,4,best-epoch,0,1,cohens_d_test,0.37201318
questions,GeneralSheaf,true,5,4,best-epoch,1,1,cohens_d_test,0.15064469
questions,GeneralSheaf,true,5,4,best-epoch,2,1,cohens_d_test,0.036158
questions,GeneralSheaf,true,5,4,best-epoch,3,1,cohens_d_test,0.035437763
questions,GeneralSheaf,true,5,4,best-epoch,4,1,cohens_d_test,0.050058816
questions,GeneralSheaf,true,5,4,best-epoch,0,2,degree,-0.17049613321160134
questions,GeneralSheaf,true,5,4,best-epoch,1,2,degree,-0.16577898216324866
questions,GeneralSheaf,true,5,4,best-epoch,2,2,degree,-0.0731907164237512
questions,GeneralSheaf,true,5,4,best-epoch,3,2,degree,0.060231882112072234
questions,GeneralSheaf,true,5,4,best-epoch,4,2,degree,0.1327816039903826
questions,GeneralSheaf,true,5,4,best-epoch,0,2,betweenness,-0.1624518408648017
questions,GeneralSheaf,true,5,4,best-epoch,1,2,betweenness,-0.16976716539650047
questions,GeneralSheaf,true,5,4,best-epoch,2,2,betweenness,-0.08968250485732095
questions,GeneralSheaf,true,5,4,best-epoch,3,2,betweenness,0.041087617462071964
questions,GeneralSheaf,true,5,4,best-epoch,4,2,betweenness,0.11070386526270809
questions,GeneralSheaf,true,5,4,best-epoch,0,2,confidence,0.48986905874112247
questions,GeneralSheaf,true,5,4,best-epoch,1,2,confidence,0.527540784157944
questions,GeneralSheaf,true,5,4,best-epoch,2,2,confidence,0.5223419382993001
questions,GeneralSheaf,true,5,4,best-epoch,3,2,confidence,0.4866417510751373
questions,GeneralSheaf,true,5,4,best-epoch,4,2,confidence,0.46845322753537944
questions,GeneralSheaf,true,5,4,best-epoch,0,2,saliency,-0.39278405688449036
questions,GeneralSheaf,true,5,4,best-epoch,1,2,saliency,-0.3982443845838389
questions,GeneralSheaf,true,5,4,best-epoch,2,2,saliency,-0.3478623239628517
questions,GeneralSheaf,true,5,4,best-epoch,3,2,saliency,-0.27961757567007905
questions,GeneralSheaf,true,5,4,best-epoch,4,2,saliency,-0.24686172357427116
questions,GeneralSheaf,true,5,4,best-epoch,0,2,cohens_d_train,0.5377607
questions,GeneralSheaf,true,5,4,best-epoch,1,2,cohens_d_train,0.4623788
questions,GeneralSheaf,true,5,4,best-epoch,2,2,cohens_d_train,0.3077454
questions,GeneralSheaf,true,5,4,best-epoch,3,2,cohens_d_train,0.14127713
questions,GeneralSheaf,true,5,4,best-epoch,4,2,cohens_d_train,0.02554183
questions,GeneralSheaf,true,5,4,best-epoch,0,2,cohens_d_test,0.44675928
questions,GeneralSheaf,true,5,4,best-epoch,1,2,cohens_d_test,0.38069147
questions,GeneralSheaf,true,5,4,best-epoch,2,2,cohens_d_test,0.21894953
questions,GeneralSheaf,true,5,4,best-epoch,3,2,cohens_d_test,0.04383075
questions,GeneralSheaf,true,5,4,best-epoch,4,2,cohens_d_test,0.088752195
questions,GeneralSheaf,true,5,4,best-epoch,0,3,degree,-0.17234244642358276
questions,GeneralSheaf,true,5,4,best-epoch,1,3,degree,-0.10139450001647672
questions,GeneralSheaf,true,5,4,best-epoch,2,3,degree,-0.04048400222832766
questions,GeneralSheaf,true,5,4,best-epoch,3,3,degree,0.05486180962830273
questions,GeneralSheaf,true,5,4,best-epoch,4,3,degree,0.03653126993015739
questions,GeneralSheaf,true,5,4,best-epoch,0,3,betweenness,-0.16144746900785753
questions,GeneralSheaf,true,5,4,best-epoch,1,3,betweenness,-0.09365483370718947
questions,GeneralSheaf,true,5,4,best-epoch,2,3,betweenness,-0.04219479321949837
questions,GeneralSheaf,true,5,4,best-epoch,3,3,betweenness,0.04521867654839444
questions,GeneralSheaf,true,5,4,best-epoch,4,3,betweenness,0.03632035063133448
questions,GeneralSheaf,true,5,4,best-epoch,0,3,confidence,0.5432903202536498
questions,GeneralSheaf,true,5,4,best-epoch,1,3,confidence,0.5467694248160546
questions,GeneralSheaf,true,5,4,best-epoch,2,3,confidence,0.5422571795167426
questions,GeneralSheaf,true,5,4,best-epoch,3,3,confidence,0.5155949045082591
questions,GeneralSheaf,true,5,4,best-epoch,4,3,confidence,0.6050509919049207
questions,GeneralSheaf,true,5,4,best-epoch,0,3,saliency,-0.4438506982187083
questions,GeneralSheaf,true,5,4,best-epoch,1,3,saliency,-0.41052963464861936
questions,GeneralSheaf,true,5,4,best-epoch,2,3,saliency,-0.3785949419558016
questions,GeneralSheaf,true,5,4,best-epoch,3,3,saliency,-0.32819310864739487
questions,GeneralSheaf,true,5,4,best-epoch,4,3,saliency,-0.3842068865900681
questions,GeneralSheaf,true,5,4,best-epoch,0,3,cohens_d_train,0.45342228
questions,GeneralSheaf,true,5,4,best-epoch,1,3,cohens_d_train,0.3575957
questions,GeneralSheaf,true,5,4,best-epoch,2,3,cohens_d_train,0.21604651
questions,GeneralSheaf,true,5,4,best-epoch,3,3,cohens_d_train,0.11595877
questions,GeneralSheaf,true,5,4,best-epoch,4,3,cohens_d_train,0.14596352
questions,GeneralSheaf,true,5,4,best-epoch,0,3,cohens_d_test,0.4626316
questions,GeneralSheaf,true,5,4,best-epoch,1,3,cohens_d_test,0.33562806
questions,GeneralSheaf,true,5,4,best-epoch,2,3,cohens_d_test,0.18036343
questions,GeneralSheaf,true,5,4,best-epoch,3,3,cohens_d_test,0.08076465
questions,GeneralSheaf,true,5,4,best-epoch,4,3,cohens_d_test,0.09915841
questions,GeneralSheaf,true,5,4,best-epoch,0,4,degree,-0.16197408914280229
questions,GeneralSheaf,true,5,4,best-epoch,1,4,degree,-0.017849804002372332
questions,GeneralSheaf,true,5,4,best-epoch,2,4,degree,0.03858379082339152
questions,GeneralSheaf,true,5,4,best-epoch,3,4,degree,0.14918424770346975
questions,GeneralSheaf,true,5,4,best-epoch,4,4,degree,0.1622883742621959
questions,GeneralSheaf,true,5,4,best-epoch,0,4,betweenness,-0.15324906116860015
questions,GeneralSheaf,true,5,4,best-epoch,1,4,betweenness,-0.0124718882257809
questions,GeneralSheaf,true,5,4,best-epoch,2,4,betweenness,0.05011792637504521
questions,GeneralSheaf,true,5,4,best-epoch,3,4,betweenness,0.14759046236905185
questions,GeneralSheaf,true,5,4,best-epoch,4,4,betweenness,0.16773715349515775
questions,GeneralSheaf,true,5,4,best-epoch,0,4,confidence,0.4931625023021755
questions,GeneralSheaf,true,5,4,best-epoch,1,4,confidence,0.4416989835950181
questions,GeneralSheaf,true,5,4,best-epoch,2,4,confidence,0.4803884620188375
questions,GeneralSheaf,true,5,4,best-epoch,3,4,confidence,0.48505531851114847
questions,GeneralSheaf,true,5,4,best-epoch,4,4,confidence,0.5940139391394621
questions,GeneralSheaf,true,5,4,best-epoch,0,4,saliency,-0.3745225577177423
questions,GeneralSheaf,true,5,4,best-epoch,1,4,saliency,-0.2927021381083423
questions,GeneralSheaf,true,5,4,best-epoch,2,4,saliency,-0.30938776654000705
questions,GeneralSheaf,true,5,4,best-epoch,3,4,saliency,-0.28153065211785877
questions,GeneralSheaf,true,5,4,best-epoch,4,4,saliency,-0.3501490728332693
questions,GeneralSheaf,true,5,4,best-epoch,0,4,cohens_d_train,0.35879838
questions,GeneralSheaf,true,5,4,best-epoch,1,4,cohens_d_train,0.21379517
questions,GeneralSheaf,true,5,4,best-epoch,2,4,cohens_d_train,0.084946685
questions,GeneralSheaf,true,5,4,best-epoch,3,4,cohens_d_train,0.0050710477
questions,GeneralSheaf,true,5,4,best-epoch,4,4,cohens_d_train,0.003300906
questions,GeneralSheaf,true,5,4,best-epoch,0,4,cohens_d_test,0.37780717
questions,GeneralSheaf,true,5,4,best-epoch,1,4,cohens_d_test,0.25465965
questions,GeneralSheaf,true,5,4,best-epoch,2,4,cohens_d_test,0.12118523
questions,GeneralSheaf,true,5,4,best-epoch,3,4,cohens_d_test,0.027303807
questions,GeneralSheaf,true,5,4,best-epoch,4,4,cohens_d_test,0.026117206
questions,GeneralSheaf,true,5,4,best-epoch,0,5,degree,-0.17070009236135203
questions,GeneralSheaf,true,5,4,best-epoch,1,5,degree,-0.09685593904755635
questions,GeneralSheaf,true,5,4,best-epoch,2,5,degree,-0.09043142089796466
questions,GeneralSheaf,true,5,4,best-epoch,3,5,degree,0.04164301169529715
questions,GeneralSheaf,true,5,4,best-epoch,4,5,degree,0.0073420648484597865
questions,GeneralSheaf,true,5,4,best-epoch,0,5,betweenness,-0.16105840908866273
questions,GeneralSheaf,true,5,4,best-epoch,1,5,betweenness,-0.07775295902332427
questions,GeneralSheaf,true,5,4,best-epoch,2,5,betweenness,-0.07486990279699927
questions,GeneralSheaf,true,5,4,best-epoch,3,5,betweenness,0.045223120002125895
questions,GeneralSheaf,true,5,4,best-epoch,4,5,betweenness,0.01554829750550898
questions,GeneralSheaf,true,5,4,best-epoch,0,5,confidence,0.54062192787044
questions,GeneralSheaf,true,5,4,best-epoch,1,5,confidence,0.5312779893944956
questions,GeneralSheaf,true,5,4,best-epoch,2,5,confidence,0.6005834461814805
questions,GeneralSheaf,true,5,4,best-epoch,3,5,confidence,0.637922920401605
questions,GeneralSheaf,true,5,4,best-epoch,4,5,confidence,0.6926401023907046
questions,GeneralSheaf,true,5,4,best-epoch,0,5,saliency,-0.450226118308887
questions,GeneralSheaf,true,5,4,best-epoch,1,5,saliency,-0.4085664807631944
questions,GeneralSheaf,true,5,4,best-epoch,2,5,saliency,-0.444258397806132
questions,GeneralSheaf,true,5,4,best-epoch,3,5,saliency,-0.4177028876002083
questions,GeneralSheaf,true,5,4,best-epoch,4,5,saliency,-0.451268835677492
questions,GeneralSheaf,true,5,4,best-epoch,0,5,cohens_d_train,0.425368
questions,GeneralSheaf,true,5,4,best-epoch,1,5,cohens_d_train,0.3148187
questions,GeneralSheaf,true,5,4,best-epoch,2,5,cohens_d_train,0.24796617
questions,GeneralSheaf,true,5,4,best-epoch,3,5,cohens_d_train,0.11695762
questions,GeneralSheaf,true,5,4,best-epoch,4,5,cohens_d_train,0.113621525
questions,GeneralSheaf,true,5,4,best-epoch,0,5,cohens_d_test,0.41622895
questions,GeneralSheaf,true,5,4,best-epoch,1,5,cohens_d_test,0.2261816
questions,GeneralSheaf,true,5,4,best-epoch,2,5,cohens_d_test,0.1322566
questions,GeneralSheaf,true,5,4,best-epoch,3,5,cohens_d_test,0.028376121
questions,GeneralSheaf,true,5,4,best-epoch,4,5,cohens_d_test,0.039286032
questions,GeneralSheaf,true,5,4,best-epoch,0,6,degree,-0.1677494992929637
questions,GeneralSheaf,true,5,4,best-epoch,1,6,degree,-0.0962609960333225
questions,GeneralSheaf,true,5,4,best-epoch,2,6,degree,-0.13079619062474906
questions,GeneralSheaf,true,5,4,best-epoch,3,6,degree,-0.13844606405303178
questions,GeneralSheaf,true,5,4,best-epoch,4,6,degree,-0.19109078871358104
questions,GeneralSheaf,true,5,4,best-epoch,0,6,betweenness,-0.1576728787375764
questions,GeneralSheaf,true,5,4,best-epoch,1,6,betweenness,-0.08274202075241102
questions,GeneralSheaf,true,5,4,best-epoch,2,6,betweenness,-0.11550439745727857
questions,GeneralSheaf,true,5,4,best-epoch,3,6,betweenness,-0.11180155154702241
questions,GeneralSheaf,true,5,4,best-epoch,4,6,betweenness,-0.16999466770591432
questions,GeneralSheaf,true,5,4,best-epoch,0,6,confidence,0.590399338569145
questions,GeneralSheaf,true,5,4,best-epoch,1,6,confidence,0.6063116801018344
questions,GeneralSheaf,true,5,4,best-epoch,2,6,confidence,0.6804317143703769
questions,GeneralSheaf,true,5,4,best-epoch,3,6,confidence,0.7439809263620853
questions,GeneralSheaf,true,5,4,best-epoch,4,6,confidence,0.8027334896380729
questions,GeneralSheaf,true,5,4,best-epoch,0,6,saliency,-0.468863508824144
questions,GeneralSheaf,true,5,4,best-epoch,1,6,saliency,-0.45860916420007597
questions,GeneralSheaf,true,5,4,best-epoch,2,6,saliency,-0.5116006892093401
questions,GeneralSheaf,true,5,4,best-epoch,3,6,saliency,-0.5523827287865265
questions,GeneralSheaf,true,5,4,best-epoch,4,6,saliency,-0.5834189288003716
questions,GeneralSheaf,true,5,4,best-epoch,0,6,cohens_d_train,0.4379489
questions,GeneralSheaf,true,5,4,best-epoch,1,6,cohens_d_train,0.3700369
questions,GeneralSheaf,true,5,4,best-epoch,2,6,cohens_d_train,0.34844318
questions,GeneralSheaf,true,5,4,best-epoch,3,6,cohens_d_train,0.34725028
questions,GeneralSheaf,true,5,4,best-epoch,4,6,cohens_d_train,0.4018413
questions,GeneralSheaf,true,5,4,best-epoch,0,6,cohens_d_test,0.36841747
questions,GeneralSheaf,true,5,4,best-epoch,1,6,cohens_d_test,0.24242952
questions,GeneralSheaf,true,5,4,best-epoch,2,6,cohens_d_test,0.19896622
questions,GeneralSheaf,true,5,4,best-epoch,3,6,cohens_d_test,0.17744881
questions,GeneralSheaf,true,5,4,best-epoch,4,6,cohens_d_test,0.20960444
questions,GeneralSheaf,true,5,4,best-epoch,0,7,degree,-0.1552162285175789
questions,GeneralSheaf,true,5,4,best-epoch,1,7,degree,-0.008973192700919114
questions,GeneralSheaf,true,5,4,best-epoch,2,7,degree,0.011398926205262155
questions,GeneralSheaf,true,5,4,best-epoch,3,7,degree,0.05163700393315912
questions,GeneralSheaf,true,5,4,best-epoch,4,7,degree,0.022956847283288173
questions,GeneralSheaf,true,5,4,best-epoch,0,7,betweenness,-0.14594829938213363
questions,GeneralSheaf,true,5,4,best-epoch,1,7,betweenness,6.276690701125017e-05
questions,GeneralSheaf,true,5,4,best-epoch,2,7,betweenness,0.01674634549372616
questions,GeneralSheaf,true,5,4,best-epoch,3,7,betweenness,0.057707680215947924
questions,GeneralSheaf,true,5,4,best-epoch,4,7,betweenness,0.04402834197359778
questions,GeneralSheaf,true,5,4,best-epoch,0,7,confidence,0.4767955133846169
questions,GeneralSheaf,true,5,4,best-epoch,1,7,confidence,0.4513223260003822
questions,GeneralSheaf,true,5,4,best-epoch,2,7,confidence,0.5200699939411517
questions,GeneralSheaf,true,5,4,best-epoch,3,7,confidence,0.6585858742040656
questions,GeneralSheaf,true,5,4,best-epoch,4,7,confidence,0.7299231380438249
questions,GeneralSheaf,true,5,4,best-epoch,0,7,saliency,-0.3361365002759831
questions,GeneralSheaf,true,5,4,best-epoch,1,7,saliency,-0.271290754484636
questions,GeneralSheaf,true,5,4,best-epoch,2,7,saliency,-0.3160982541599996
questions,GeneralSheaf,true,5,4,best-epoch,3,7,saliency,-0.4136516621316082
questions,GeneralSheaf,true,5,4,best-epoch,4,7,saliency,-0.4749660375161859
questions,GeneralSheaf,true,5,4,best-epoch,0,7,cohens_d_train,0.32940334
questions,GeneralSheaf,true,5,4,best-epoch,1,7,cohens_d_train,0.124908306
questions,GeneralSheaf,true,5,4,best-epoch,2,7,cohens_d_train,0.04332538
questions,GeneralSheaf,true,5,4,best-epoch,3,7,cohens_d_train,0.0057220464
questions,GeneralSheaf,true,5,4,best-epoch,4,7,cohens_d_train,0.09214021
questions,GeneralSheaf,true,5,4,best-epoch,0,7,cohens_d_test,0.2562861
questions,GeneralSheaf,true,5,4,best-epoch,1,7,cohens_d_test,0.034149606
questions,GeneralSheaf,true,5,4,best-epoch,2,7,cohens_d_test,0.046551526
questions,GeneralSheaf,true,5,4,best-epoch,3,7,cohens_d_test,0.07339867
questions,GeneralSheaf,true,5,4,best-epoch,4,7,cohens_d_test,0.012334856
questions,GeneralSheaf,true,5,4,best-epoch,0,8,degree,-0.17467360460278125
questions,GeneralSheaf,true,5,4,best-epoch,1,8,degree,-0.191161778897542
questions,GeneralSheaf,true,5,4,best-epoch,2,8,degree,-0.07791781472733313
questions,GeneralSheaf,true,5,4,best-epoch,3,8,degree,8.497512623695671e-05
questions,GeneralSheaf,true,5,4,best-epoch,4,8,degree,-0.00016828122799314143
questions,GeneralSheaf,true,5,4,best-epoch,0,8,betweenness,-0.16596408906665597
questions,GeneralSheaf,true,5,4,best-epoch,1,8,betweenness,-0.2048524603722572
questions,GeneralSheaf,true,5,4,best-epoch,2,8,betweenness,-0.07430167196540981
questions,GeneralSheaf,true,5,4,best-epoch,3,8,betweenness,0.0057273705477634655
questions,GeneralSheaf,true,5,4,best-epoch,4,8,betweenness,0.0008075661094587214
questions,GeneralSheaf,true,5,4,best-epoch,0,8,confidence,0.5147623226797371
questions,GeneralSheaf,true,5,4,best-epoch,1,8,confidence,0.5492092821024496
questions,GeneralSheaf,true,5,4,best-epoch,2,8,confidence,0.5481095958885036
questions,GeneralSheaf,true,5,4,best-epoch,3,8,confidence,0.5884569308427033
questions,GeneralSheaf,true,5,4,best-epoch,4,8,confidence,0.6631384457465811
questions,GeneralSheaf,true,5,4,best-epoch,0,8,saliency,-0.39530710458868795
questions,GeneralSheaf,true,5,4,best-epoch,1,8,saliency,-0.4069675613792409
questions,GeneralSheaf,true,5,4,best-epoch,2,8,saliency,-0.38891116008898996
questions,GeneralSheaf,true,5,4,best-epoch,3,8,saliency,-0.3999696956876857
questions,GeneralSheaf,true,5,4,best-epoch,4,8,saliency,-0.4463714657669522
questions,GeneralSheaf,true,5,4,best-epoch,0,8,cohens_d_train,0.4714748
questions,GeneralSheaf,true,5,4,best-epoch,1,8,cohens_d_train,0.46263474
questions,GeneralSheaf,true,5,4,best-epoch,2,8,cohens_d_train,0.2989519
questions,GeneralSheaf,true,5,4,best-epoch,3,8,cohens_d_train,0.21612991
questions,GeneralSheaf,true,5,4,best-epoch,4,8,cohens_d_train,0.25918478
questions,GeneralSheaf,true,5,4,best-epoch,0,8,cohens_d_test,0.33112088
questions,GeneralSheaf,true,5,4,best-epoch,1,8,cohens_d_test,0.24623753
questions,GeneralSheaf,true,5,4,best-epoch,2,8,cohens_d_test,0.040021572
questions,GeneralSheaf,true,5,4,best-epoch,3,8,cohens_d_test,0.03222969
questions,GeneralSheaf,true,5,4,best-epoch,4,8,cohens_d_test,0.004922018
questions,GeneralSheaf,true,5,4,best-epoch,0,9,degree,-0.21046534438419356
questions,GeneralSheaf,true,5,4,best-epoch,1,9,degree,-0.1009095289465216
questions,GeneralSheaf,true,5,4,best-epoch,2,9,degree,-0.10540356839310328
questions,GeneralSheaf,true,5,4,best-epoch,3,9,degree,0.12686489533557707
questions,GeneralSheaf,true,5,4,best-epoch,4,9,degree,0.16653253352913314
questions,GeneralSheaf,true,5,4,best-epoch,0,9,betweenness,-0.2002257252684
questions,GeneralSheaf,true,5,4,best-epoch,1,9,betweenness,-0.0908731166870965
questions,GeneralSheaf,true,5,4,best-epoch,2,9,betweenness,-0.10396751471561809
questions,GeneralSheaf,true,5,4,best-epoch,3,9,betweenness,0.11439694605214443
questions,GeneralSheaf,true,5,4,best-epoch,4,9,betweenness,0.15737303858536342
questions,GeneralSheaf,true,5,4,best-epoch,0,9,confidence,0.5222336725344481
questions,GeneralSheaf,true,5,4,best-epoch,1,9,confidence,0.4990202318266727
questions,GeneralSheaf,true,5,4,best-epoch,2,9,confidence,0.5757108514142782
questions,GeneralSheaf,true,5,4,best-epoch,3,9,confidence,0.5575878956552073
questions,GeneralSheaf,true,5,4,best-epoch,4,9,confidence,0.6228143700661749
questions,GeneralSheaf,true,5,4,best-epoch,0,9,saliency,-0.34430778410494894
questions,GeneralSheaf,true,5,4,best-epoch,1,9,saliency,-0.2831140126993271
questions,GeneralSheaf,true,5,4,best-epoch,2,9,saliency,-0.34304062211364106
questions,GeneralSheaf,true,5,4,best-epoch,3,9,saliency,-0.25160493278327656
questions,GeneralSheaf,true,5,4,best-epoch,4,9,saliency,-0.2995461414400625
questions,GeneralSheaf,true,5,4,best-epoch,0,9,cohens_d_train,0.38974985
questions,GeneralSheaf,true,5,4,best-epoch,1,9,cohens_d_train,0.3241895
questions,GeneralSheaf,true,5,4,best-epoch,2,9,cohens_d_train,0.28363007
questions,GeneralSheaf,true,5,4,best-epoch,3,9,cohens_d_train,0.12350188
questions,GeneralSheaf,true,5,4,best-epoch,4,9,cohens_d_train,0.12911452
questions,GeneralSheaf,true,5,4,best-epoch,0,9,cohens_d_test,0.3506439
questions,GeneralSheaf,true,5,4,best-epoch,1,9,cohens_d_test,0.24893697
questions,GeneralSheaf,true,5,4,best-epoch,2,9,cohens_d_test,0.1778246
questions,GeneralSheaf,true,5,4,best-epoch,3,9,cohens_d_test,0.035113912
questions,GeneralSheaf,true,5,4,best-epoch,4,9,cohens_d_test,0.0895558
questions,GeneralSheaf,true,5,4,last,0,0,degree,-0.1625202737353566
questions,GeneralSheaf,true,5,4,last,1,0,degree,0.07412305951464614
questions,GeneralSheaf,true,5,4,last,2,0,degree,0.14345710425259614
questions,GeneralSheaf,true,5,4,last,3,0,degree,0.254888390534526
questions,GeneralSheaf,true,5,4,last,4,0,degree,0.2546777248539712
questions,GeneralSheaf,true,5,4,last,0,0,betweenness,-0.15353764736792247
questions,GeneralSheaf,true,5,4,last,1,0,betweenness,0.0435825664963254
questions,GeneralSheaf,true,5,4,last,2,0,betweenness,0.1110948713934188
questions,GeneralSheaf,true,5,4,last,3,0,betweenness,0.22003056275583743
questions,GeneralSheaf,true,5,4,last,4,0,betweenness,0.22679292707596357
questions,GeneralSheaf,true,5,4,last,0,0,confidence,0.4534676819232773
questions,GeneralSheaf,true,5,4,last,1,0,confidence,0.36529283938977775
questions,GeneralSheaf,true,5,4,last,2,0,confidence,0.3774773239080695
questions,GeneralSheaf,true,5,4,last,3,0,confidence,0.40179505723051046
questions,GeneralSheaf,true,5,4,last,4,0,confidence,0.4868352782181348
questions,GeneralSheaf,true,5,4,last,0,0,saliency,-0.31483782040517333
questions,GeneralSheaf,true,5,4,last,1,0,saliency,-0.14632339014685075
questions,GeneralSheaf,true,5,4,last,2,0,saliency,-0.1379600291159642
questions,GeneralSheaf,true,5,4,last,3,0,saliency,-0.12052213828282597
questions,GeneralSheaf,true,5,4,last,4,0,saliency,-0.19421484930178734
questions,GeneralSheaf,true,5,4,last,0,0,cohens_d_train,0.17034443
questions,GeneralSheaf,true,5,4,last,1,0,cohens_d_train,0.0824626
questions,GeneralSheaf,true,5,4,last,2,0,cohens_d_train,0.088785596
questions,GeneralSheaf,true,5,4,last,3,0,cohens_d_train,0.07007729
questions,GeneralSheaf,true,5,4,last,4,0,cohens_d_train,0.018301358
questions,GeneralSheaf,true,5,4,last,0,0,cohens_d_test,0.12764631
questions,GeneralSheaf,true,5,4,last,1,0,cohens_d_test,0.42481554
questions,GeneralSheaf,true,5,4,last,2,0,cohens_d_test,0.44205087
questions,GeneralSheaf,true,5,4,last,3,0,cohens_d_test,0.43576592
questions,GeneralSheaf,true,5,4,last,4,0,cohens_d_test,0.3750473
questions,GeneralSheaf,true,5,4,last,0,1,degree,-0.17470897487649018
questions,GeneralSheaf,true,5,4,last,1,1,degree,-0.01669100471847994
questions,GeneralSheaf,true,5,4,last,2,1,degree,0.03941639973165655
questions,GeneralSheaf,true,5,4,last,3,1,degree,0.13235653078106133
questions,GeneralSheaf,true,5,4,last,4,1,degree,0.17277220512827643
questions,GeneralSheaf,true,5,4,last,0,1,betweenness,-0.1671631568442944
questions,GeneralSheaf,true,5,4,last,1,1,betweenness,-0.017497431012781253
questions,GeneralSheaf,true,5,4,last,2,1,betweenness,0.03246722659002651
questions,GeneralSheaf,true,5,4,last,3,1,betweenness,0.12423924605953778
questions,GeneralSheaf,true,5,4,last,4,1,betweenness,0.16601616790943627
questions,GeneralSheaf,true,5,4,last,0,1,confidence,0.403932982314272
questions,GeneralSheaf,true,5,4,last,1,1,confidence,0.3931348904926511
questions,GeneralSheaf,true,5,4,last,2,1,confidence,0.38740743684734136
questions,GeneralSheaf,true,5,4,last,3,1,confidence,0.4559518728201825
questions,GeneralSheaf,true,5,4,last,4,1,confidence,0.5412361439708301
questions,GeneralSheaf,true,5,4,last,0,1,saliency,-0.2981149538573382
questions,GeneralSheaf,true,5,4,last,1,1,saliency,-0.19901195897237295
questions,GeneralSheaf,true,5,4,last,2,1,saliency,-0.18946788679538562
questions,GeneralSheaf,true,5,4,last,3,1,saliency,-0.21387416161109826
questions,GeneralSheaf,true,5,4,last,4,1,saliency,-0.26133858194925713
questions,GeneralSheaf,true,5,4,last,0,1,cohens_d_train,0.31279248
questions,GeneralSheaf,true,5,4,last,1,1,cohens_d_train,0.17524369
questions,GeneralSheaf,true,5,4,last,2,1,cohens_d_train,0.1481316
questions,GeneralSheaf,true,5,4,last,3,1,cohens_d_train,0.12515676
questions,GeneralSheaf,true,5,4,last,4,1,cohens_d_train,0.14619346
questions,GeneralSheaf,true,5,4,last,0,1,cohens_d_test,0.0076543097
questions,GeneralSheaf,true,5,4,last,1,1,cohens_d_test,0.42865187
questions,GeneralSheaf,true,5,4,last,2,1,cohens_d_test,0.4707823
questions,GeneralSheaf,true,5,4,last,3,1,cohens_d_test,0.5173749
questions,GeneralSheaf,true,5,4,last,4,1,cohens_d_test,0.5155573
questions,GeneralSheaf,true,5,4,last,0,2,degree,-0.18082990219441075
questions,GeneralSheaf,true,5,4,last,1,2,degree,0.016547553326188666
questions,GeneralSheaf,true,5,4,last,2,2,degree,0.16427935560618506
questions,GeneralSheaf,true,5,4,last,3,2,degree,0.2714153213582763
questions,GeneralSheaf,true,5,4,last,4,2,degree,0.31354878819732257
questions,GeneralSheaf,true,5,4,last,0,2,betweenness,-0.17489594772465308
questions,GeneralSheaf,true,5,4,last,1,2,betweenness,0.0009008682995371331
questions,GeneralSheaf,true,5,4,last,2,2,betweenness,0.14713747767185192
questions,GeneralSheaf,true,5,4,last,3,2,betweenness,0.25619953240374943
questions,GeneralSheaf,true,5,4,last,4,2,betweenness,0.29869287021966023
questions,GeneralSheaf,true,5,4,last,0,2,confidence,0.40064470254057133
questions,GeneralSheaf,true,5,4,last,1,2,confidence,0.3347279578562329
questions,GeneralSheaf,true,5,4,last,2,2,confidence,0.3154102824855187
questions,GeneralSheaf,true,5,4,last,3,2,confidence,0.3365424246180043
questions,GeneralSheaf,true,5,4,last,4,2,confidence,0.4427849146301694
questions,GeneralSheaf,true,5,4,last,0,2,saliency,-0.2237459938158747
questions,GeneralSheaf,true,5,4,last,1,2,saliency,-0.08723377568094018
questions,GeneralSheaf,true,5,4,last,2,2,saliency,-0.011032466008576138
questions,GeneralSheaf,true,5,4,last,3,2,saliency,0.01385339479599781
questions,GeneralSheaf,true,5,4,last,4,2,saliency,-0.04281976709027693
questions,GeneralSheaf,true,5,4,last,0,2,cohens_d_train,0.31558946
questions,GeneralSheaf,true,5,4,last,1,2,cohens_d_train,0.08900196
questions,GeneralSheaf,true,5,4,last,2,2,cohens_d_train,0.043067068
questions,GeneralSheaf,true,5,4,last,3,2,cohens_d_train,0.16008164
questions,GeneralSheaf,true,5,4,last,4,2,cohens_d_train,0.17949529
questions,GeneralSheaf,true,5,4,last,0,2,cohens_d_test,0.22449791
questions,GeneralSheaf,true,5,4,last,1,2,cohens_d_test,0.10850113
questions,GeneralSheaf,true,5,4,last,2,2,cohens_d_test,0.29928645
questions,GeneralSheaf,true,5,4,last,3,2,cohens_d_test,0.47371858
questions,GeneralSheaf,true,5,4,last,4,2,cohens_d_test,0.54318947
questions,GeneralSheaf,true,5,4,last,0,3,degree,-0.19607197587487196
questions,GeneralSheaf,true,5,4,last,1,3,degree,-0.009742379159197019
questions,GeneralSheaf,true,5,4,last,2,3,degree,0.11765145811868424
questions,GeneralSheaf,true,5,4,last,3,3,degree,0.22369869616321855
questions,GeneralSheaf,true,5,4,last,4,3,degree,0.31193510302735605
questions,GeneralSheaf,true,5,4,last,0,3,betweenness,-0.18892786955936025
questions,GeneralSheaf,true,5,4,last,1,3,betweenness,-0.01691090148094014
questions,GeneralSheaf,true,5,4,last,2,3,betweenness,0.0994918409537405
questions,GeneralSheaf,true,5,4,last,3,3,betweenness,0.20531014483725538
questions,GeneralSheaf,true,5,4,last,4,3,betweenness,0.2966997740740755
questions,GeneralSheaf,true,5,4,last,0,3,confidence,0.4633931894378056
questions,GeneralSheaf,true,5,4,last,1,3,confidence,0.4353147345091315
questions,GeneralSheaf,true,5,4,last,2,3,confidence,0.40294784490696384
questions,GeneralSheaf,true,5,4,last,3,3,confidence,0.42024173063317477
questions,GeneralSheaf,true,5,4,last,4,3,confidence,0.507463096838829
questions,GeneralSheaf,true,5,4,last,0,3,saliency,-0.2543615827160233
questions,GeneralSheaf,true,5,4,last,1,3,saliency,-0.14012278145233698
questions,GeneralSheaf,true,5,4,last,2,3,saliency,-0.06460649654755844
questions,GeneralSheaf,true,5,4,last,3,3,saliency,-0.04131007351647379
questions,GeneralSheaf,true,5,4,last,4,3,saliency,-0.0881976394327438
questions,GeneralSheaf,true,5,4,last,0,3,cohens_d_train,0.34980154
questions,GeneralSheaf,true,5,4,last,1,3,cohens_d_train,0.2646049
questions,GeneralSheaf,true,5,4,last,2,3,cohens_d_train,0.13258082
questions,GeneralSheaf,true,5,4,last,3,3,cohens_d_train,0.044916965
questions,GeneralSheaf,true,5,4,last,4,3,cohens_d_train,0.04487542
questions,GeneralSheaf,true,5,4,last,0,3,cohens_d_test,0.25033742
questions,GeneralSheaf,true,5,4,last,1,3,cohens_d_test,0.086700924
questions,GeneralSheaf,true,5,4,last,2,3,cohens_d_test,0.34626907
questions,GeneralSheaf,true,5,4,last,3,3,cohens_d_test,0.47118974
questions,GeneralSheaf,true,5,4,last,4,3,cohens_d_test,0.5076797
questions,GeneralSheaf,true,5,4,last,0,4,degree,-0.15802958945478773
questions,GeneralSheaf,true,5,4,last,1,4,degree,0.020473965732868377
questions,GeneralSheaf,true,5,4,last,2,4,degree,0.08323757749848443
questions,GeneralSheaf,true,5,4,last,3,4,degree,0.2474686747199741
questions,GeneralSheaf,true,5,4,last,4,4,degree,0.35294473239088947
questions,GeneralSheaf,true,5,4,last,0,4,betweenness,-0.15270187319521344
questions,GeneralSheaf,true,5,4,last,1,4,betweenness,0.01387953064487617
questions,GeneralSheaf,true,5,4,last,2,4,betweenness,0.08070237754704464
questions,GeneralSheaf,true,5,4,last,3,4,betweenness,0.2375264521192507
questions,GeneralSheaf,true,5,4,last,4,4,betweenness,0.34757632729103827
questions,GeneralSheaf,true,5,4,last,0,4,confidence,0.37197075157861
questions,GeneralSheaf,true,5,4,last,1,4,confidence,0.35135241026740677
questions,GeneralSheaf,true,5,4,last,2,4,confidence,0.38236280028092334
questions,GeneralSheaf,true,5,4,last,3,4,confidence,0.3791131594162164
questions,GeneralSheaf,true,5,4,last,4,4,confidence,0.46107095604436704
questions,GeneralSheaf,true,5,4,last,0,4,saliency,-0.20153055952667748
questions,GeneralSheaf,true,5,4,last,1,4,saliency,-0.10916147625254712
questions,GeneralSheaf,true,5,4,last,2,4,saliency,-0.10790840135181888
questions,GeneralSheaf,true,5,4,last,3,4,saliency,-0.06643618007944961
questions,GeneralSheaf,true,5,4,last,4,4,saliency,-0.0682476081201667
questions,GeneralSheaf,true,5,4,last,0,4,cohens_d_train,0.20877737
questions,GeneralSheaf,true,5,4,last,1,4,cohens_d_train,0.11894955
questions,GeneralSheaf,true,5,4,last,2,4,cohens_d_train,0.06612621
questions,GeneralSheaf,true,5,4,last,3,4,cohens_d_train,0.01500892
questions,GeneralSheaf,true,5,4,last,4,4,cohens_d_train,0.009832782
questions,GeneralSheaf,true,5,4,last,0,4,cohens_d_test,0.06254496
questions,GeneralSheaf,true,5,4,last,1,4,cohens_d_test,0.17625248
questions,GeneralSheaf,true,5,4,last,2,4,cohens_d_test,0.23105322
questions,GeneralSheaf,true,5,4,last,3,4,cohens_d_test,0.2585933
questions,GeneralSheaf,true,5,4,last,4,4,cohens_d_test,0.30127415
questions,GeneralSheaf,true,5,4,last,0,5,degree,-0.18355173282928014
questions,GeneralSheaf,true,5,4,last,1,5,degree,-0.05717532452231267
questions,GeneralSheaf,true,5,4,last,2,5,degree,-0.03429037003387859
questions,GeneralSheaf,true,5,4,last,3,5,degree,0.18716729942714905
questions,GeneralSheaf,true,5,4,last,4,5,degree,0.27150612181918027
questions,GeneralSheaf,true,5,4,last,0,5,betweenness,-0.17316694199653154
questions,GeneralSheaf,true,5,4,last,1,5,betweenness,-0.03915897770040316
questions,GeneralSheaf,true,5,4,last,2,5,betweenness,-0.018518675603983476
questions,GeneralSheaf,true,5,4,last,3,5,betweenness,0.1835690495783134
questions,GeneralSheaf,true,5,4,last,4,5,betweenness,0.2646761241149497
questions,GeneralSheaf,true,5,4,last,0,5,confidence,0.37346681436972173
questions,GeneralSheaf,true,5,4,last,1,5,confidence,0.4068074495485058
questions,GeneralSheaf,true,5,4,last,2,5,confidence,0.43764103795962894
questions,GeneralSheaf,true,5,4,last,3,5,confidence,0.5145029743358072
questions,GeneralSheaf,true,5,4,last,4,5,confidence,0.5492914854014589
questions,GeneralSheaf,true,5,4,last,0,5,saliency,-0.21878392719836307
questions,GeneralSheaf,true,5,4,last,1,5,saliency,-0.12917795559443973
questions,GeneralSheaf,true,5,4,last,2,5,saliency,-0.14533992553228256
questions,GeneralSheaf,true,5,4,last,3,5,saliency,-0.13873070186553857
questions,GeneralSheaf,true,5,4,last,4,5,saliency,-0.1242965053151553
questions,GeneralSheaf,true,5,4,last,0,5,cohens_d_train,0.27229807
questions,GeneralSheaf,true,5,4,last,1,5,cohens_d_train,0.16395588
questions,GeneralSheaf,true,5,4,last,2,5,cohens_d_train,0.14207183
questions,GeneralSheaf,true,5,4,last,3,5,cohens_d_train,0.10326491
questions,GeneralSheaf,true,5,4,last,4,5,cohens_d_train,0.10376203
questions,GeneralSheaf,true,5,4,last,0,5,cohens_d_test,0.14259772
questions,GeneralSheaf,true,5,4,last,1,5,cohens_d_test,0.2077329
questions,GeneralSheaf,true,5,4,last,2,5,cohens_d_test,0.23023765
questions,GeneralSheaf,true,5,4,last,3,5,cohens_d_test,0.3240768
questions,GeneralSheaf,true,5,4,last,4,5,cohens_d_test,0.3643604
questions,GeneralSheaf,true,5,4,last,0,6,degree,-0.1707527749089537
questions,GeneralSheaf,true,5,4,last,1,6,degree,-0.02077501892660822
questions,GeneralSheaf,true,5,4,last,2,6,degree,0.030873557350732144
questions,GeneralSheaf,true,5,4,last,3,6,degree,0.08246820408042022
questions,GeneralSheaf,true,5,4,last,4,6,degree,0.11723975847433948
questions,GeneralSheaf,true,5,4,last,0,6,betweenness,-0.16130894706597018
questions,GeneralSheaf,true,5,4,last,1,6,betweenness,-0.014541245219086136
questions,GeneralSheaf,true,5,4,last,2,6,betweenness,0.04194404244848536
questions,GeneralSheaf,true,5,4,last,3,6,betweenness,0.09812068678622597
questions,GeneralSheaf,true,5,4,last,4,6,betweenness,0.13160825081772198
questions,GeneralSheaf,true,5,4,last,0,6,confidence,0.38073352592616744
questions,GeneralSheaf,true,5,4,last,1,6,confidence,0.37789885160260117
questions,GeneralSheaf,true,5,4,last,2,6,confidence,0.4131385839949324
questions,GeneralSheaf,true,5,4,last,3,6,confidence,0.5547288184328171
questions,GeneralSheaf,true,5,4,last,4,6,confidence,0.6354011425155661
questions,GeneralSheaf,true,5,4,last,0,6,saliency,-0.23803864788102974
questions,GeneralSheaf,true,5,4,last,1,6,saliency,-0.1512707413849613
questions,GeneralSheaf,true,5,4,last,2,6,saliency,-0.15277446567881686
questions,GeneralSheaf,true,5,4,last,3,6,saliency,-0.2337727535772466
questions,GeneralSheaf,true,5,4,last,4,6,saliency,-0.2897640902296084
questions,GeneralSheaf,true,5,4,last,0,6,cohens_d_train,0.18710291
questions,GeneralSheaf,true,5,4,last,1,6,cohens_d_train,0.14320296
questions,GeneralSheaf,true,5,4,last,2,6,cohens_d_train,0.12114512
questions,GeneralSheaf,true,5,4,last,3,6,cohens_d_train,0.18016559
questions,GeneralSheaf,true,5,4,last,4,6,cohens_d_train,0.21168381
questions,GeneralSheaf,true,5,4,last,0,6,cohens_d_test,0.23882444
questions,GeneralSheaf,true,5,4,last,1,6,cohens_d_test,0.020262366
questions,GeneralSheaf,true,5,4,last,2,6,cohens_d_test,0.087893754
questions,GeneralSheaf,true,5,4,last,3,6,cohens_d_test,0.10744627
questions,GeneralSheaf,true,5,4,last,4,6,cohens_d_test,0.120715976
questions,GeneralSheaf,true,5,4,last,0,7,degree,-0.2175001727543729
questions,GeneralSheaf,true,5,4,last,1,7,degree,-0.032674181797814346
questions,GeneralSheaf,true,5,4,last,2,7,degree,0.06908551509490982
questions,GeneralSheaf,true,5,4,last,3,7,degree,0.2973240988479421
questions,GeneralSheaf,true,5,4,last,4,7,degree,0.3629739708047586
questions,GeneralSheaf,true,5,4,last,0,7,betweenness,-0.20802002546487772
questions,GeneralSheaf,true,5,4,last,1,7,betweenness,-0.03343387973025069
questions,GeneralSheaf,true,5,4,last,2,7,betweenness,0.06146166429956406
questions,GeneralSheaf,true,5,4,last,3,7,betweenness,0.28977686694638716
questions,GeneralSheaf,true,5,4,last,4,7,betweenness,0.35635997660724983
questions,GeneralSheaf,true,5,4,last,0,7,confidence,0.3856687817404766
questions,GeneralSheaf,true,5,4,last,1,7,confidence,0.3451057638002263
questions,GeneralSheaf,true,5,4,last,2,7,confidence,0.3469659766363463
questions,GeneralSheaf,true,5,4,last,3,7,confidence,0.36466435734995994
questions,GeneralSheaf,true,5,4,last,4,7,confidence,0.5082844063167306
questions,GeneralSheaf,true,5,4,last,0,7,saliency,-0.22902597824169377
questions,GeneralSheaf,true,5,4,last,1,7,saliency,-0.1016680060106829
questions,GeneralSheaf,true,5,4,last,2,7,saliency,-0.06243826911772223
questions,GeneralSheaf,true,5,4,last,3,7,saliency,0.017652450074254575
questions,GeneralSheaf,true,5,4,last,4,7,saliency,-0.06823467256455293
questions,GeneralSheaf,true,5,4,last,0,7,cohens_d_train,0.2496273
questions,GeneralSheaf,true,5,4,last,1,7,cohens_d_train,0.1417434
questions,GeneralSheaf,true,5,4,last,2,7,cohens_d_train,0.08680432
questions,GeneralSheaf,true,5,4,last,3,7,cohens_d_train,0.014436797
questions,GeneralSheaf,true,5,4,last,4,7,cohens_d_train,0.052928288
questions,GeneralSheaf,true,5,4,last,0,7,cohens_d_test,0.017476179
questions,GeneralSheaf,true,5,4,last,1,7,cohens_d_test,0.13548157
questions,GeneralSheaf,true,5,4,last,2,7,cohens_d_test,0.19823802
questions,GeneralSheaf,true,5,4,last,3,7,cohens_d_test,0.3358929
questions,GeneralSheaf,true,5,4,last,4,7,cohens_d_test,0.30932415
questions,GeneralSheaf,true,5,4,last,0,8,degree,-0.18972313169173174
questions,GeneralSheaf,true,5,4,last,1,8,degree,0.001166279481964198
questions,GeneralSheaf,true,5,4,last,2,8,degree,-0.17161648766020152
questions,GeneralSheaf,true,5,4,last,3,8,degree,-0.10162853445753067
questions,GeneralSheaf,true,5,4,last,4,8,degree,0.0019291844135384702
questions,GeneralSheaf,true,5,4,last,0,8,betweenness,-0.18175894442580134
questions,GeneralSheaf,true,5,4,last,1,8,betweenness,-0.01931531757183884
questions,GeneralSheaf,true,5,4,last,2,8,betweenness,-0.17026791929121693
questions,GeneralSheaf,true,5,4,last,3,8,betweenness,-0.10245000790067943
questions,GeneralSheaf,true,5,4,last,4,8,betweenness,0.005169749147652532
questions,GeneralSheaf,true,5,4,last,0,8,confidence,0.432631370671725
questions,GeneralSheaf,true,5,4,last,1,8,confidence,0.4040677866497734
questions,GeneralSheaf,true,5,4,last,2,8,confidence,0.5530300839698734
questions,GeneralSheaf,true,5,4,last,3,8,confidence,0.5909297193416567
questions,GeneralSheaf,true,5,4,last,4,8,confidence,0.7345263909158297
questions,GeneralSheaf,true,5,4,last,0,8,saliency,-0.31550374307226003
questions,GeneralSheaf,true,5,4,last,1,8,saliency,-0.23468448939293846
questions,GeneralSheaf,true,5,4,last,2,8,saliency,-0.38771136317140964
questions,GeneralSheaf,true,5,4,last,3,8,saliency,-0.39288291154507315
questions,GeneralSheaf,true,5,4,last,4,8,saliency,-0.46434097357395937
questions,GeneralSheaf,true,5,4,last,0,8,cohens_d_train,0.3213704
questions,GeneralSheaf,true,5,4,last,1,8,cohens_d_train,0.19654614
questions,GeneralSheaf,true,5,4,last,2,8,cohens_d_train,0.27100754
questions,GeneralSheaf,true,5,4,last,3,8,cohens_d_train,0.24362984
questions,GeneralSheaf,true,5,4,last,4,8,cohens_d_train,0.30508748
questions,GeneralSheaf,true,5,4,last,0,8,cohens_d_test,0.13544805
questions,GeneralSheaf,true,5,4,last,1,8,cohens_d_test,0.06612036
questions,GeneralSheaf,true,5,4,last,2,8,cohens_d_test,0.04116926
questions,GeneralSheaf,true,5,4,last,3,8,cohens_d_test,0.07493506
questions,GeneralSheaf,true,5,4,last,4,8,cohens_d_test,0.06494446
questions,GeneralSheaf,true,5,4,last,0,9,degree,-0.20216038907135497
questions,GeneralSheaf,true,5,4,last,1,9,degree,0.004671521072452761
questions,GeneralSheaf,true,5,4,last,2,9,degree,0.04279320803958395
questions,GeneralSheaf,true,5,4,last,3,9,degree,0.15371187572366057
questions,GeneralSheaf,true,5,4,last,4,9,degree,0.2724988461299779
questions,GeneralSheaf,true,5,4,last,0,9,betweenness,-0.19307396785335396
questions,GeneralSheaf,true,5,4,last,1,9,betweenness,0.013264266326560924
questions,GeneralSheaf,true,5,4,last,2,9,betweenness,0.048582166974549056
questions,GeneralSheaf,true,5,4,last,3,9,betweenness,0.15299177815343598
questions,GeneralSheaf,true,5,4,last,4,9,betweenness,0.2674148869894923
questions,GeneralSheaf,true,5,4,last,0,9,confidence,0.37048012813523074
questions,GeneralSheaf,true,5,4,last,1,9,confidence,0.3684396878307327
questions,GeneralSheaf,true,5,4,last,2,9,confidence,0.38256379041654154
questions,GeneralSheaf,true,5,4,last,3,9,confidence,0.4061602199058575
questions,GeneralSheaf,true,5,4,last,4,9,confidence,0.6013010654381828
questions,GeneralSheaf,true,5,4,last,0,9,saliency,-0.14559134293653628
questions,GeneralSheaf,true,5,4,last,1,9,saliency,-0.007350739519014553
questions,GeneralSheaf,true,5,4,last,2,9,saliency,-0.002298168843021788
questions,GeneralSheaf,true,5,4,last,3,9,saliency,0.014254499939689634
questions,GeneralSheaf,true,5,4,last,4,9,saliency,-0.08725762823448181
questions,GeneralSheaf,true,5,4,last,0,9,cohens_d_train,0.24914615
questions,GeneralSheaf,true,5,4,last,1,9,cohens_d_train,0.15173666
questions,GeneralSheaf,true,5,4,last,2,9,cohens_d_train,0.11291138
questions,GeneralSheaf,true,5,4,last,3,9,cohens_d_train,0.039533745
questions,GeneralSheaf,true,5,4,last,4,9,cohens_d_train,0.12292399
questions,GeneralSheaf,true,5,4,last,0,9,cohens_d_test,0.0118392
questions,GeneralSheaf,true,5,4,last,1,9,cohens_d_test,0.27997035
questions,GeneralSheaf,true,5,4,last,2,9,cohens_d_test,0.32038644
questions,GeneralSheaf,true,5,4,last,3,9,cohens_d_test,0.37834057
questions,GeneralSheaf,true,5,4,last,4,9,cohens_d_test,0.3612665
