dataset,model,normalised,d,layers,checkpoint,layer,fold,observable,value
roman_empire,GeneralSheaf,true,5,5,epoch-0,0,0,degree,-0.1194212219138243
roman_empire,GeneralSheaf,true,5,5,epoch-0,1,0,degree,-0.11826752887036245
roman_empire,GeneralSheaf,true,5,5,epoch-0,2,0,degree,-0.11780496051499939
roman_empire,GeneralSheaf,true,5,5,epoch-0,3,0,degree,-0.11687911833332731
roman_empire,GeneralSheaf,true,5,5,epoch-0,4,0,degree,-0.11734668943280623
roman_empire,GeneralSheaf,true,5,5,epoch-0,5,0,degree,-0.11576335165310307
roman_empire,GeneralSheaf,true,5,5,epoch-0,0,0,betweenness,-0.08207564410435117
roman_empire,GeneralSheaf,true,5,5,epoch-0,1,0,betweenness,-0.08078085442868664
roman_empire,GeneralSheaf,true,5,5,epoch-0,2,0,betweenness,-0.08113486735412458
roman_empire,GeneralSheaf,true,5,5,epoch-0,3,0,betweenness,-0.0806130992927882
roman_empire,GeneralSheaf,true,5,5,epoch-0,4,0,betweenness,-0.08180991428392632
roman_empire,GeneralSheaf,true,5,5,epoch-0,5,0,betweenness,-0.08042350450873893
roman_empire,GeneralSheaf,true,5,5,epoch-0,0,0,confidence,0.6536297181672422
roman_empire,GeneralSheaf,true,5,5,epoch-0,1,0,confidence,0.653370242983338
roman_empire,GeneralSheaf,true,5,5,epoch-0,2,0,confidence,0.6537575746388661
roman_empire,GeneralSheaf,true,5,5,epoch-0,3,0,confidence,0.6528994364810884
roman_empire,GeneralSheaf,true,5,5,epoch-0,4,0,confidence,0.6534819369397857
roman_empire,GeneralSheaf,true,5,5,epoch-0,5,0,confidence,0.6524821770139027
roman_empire,GeneralSheaf,true,5,5,epoch-0,0,0,saliency,0.002905926577095561
roman_empire,GeneralSheaf,true,5,5,epoch-0,1,0,saliency,0.006023960831839973
roman_empire,GeneralSheaf,true,5,5,epoch-0,2,0,saliency,0.005669515940233345
roman_empire,GeneralSheaf,true,5,5,epoch-0,3,0,saliency,0.00563974053452486
roman_empire,GeneralSheaf,true,5,5,epoch-0,4,0,saliency,0.003331186709427779
roman_empire,GeneralSheaf,true,5,5,epoch-0,5,0,saliency,0.0036401347634292046
roman_empire,GeneralSheaf,true,5,5,epoch-0,0,0,cohens_d_train,0.43881252
roman_empire,GeneralSheaf,true,5,5,epoch-0,1,0,cohens_d_train,0.43851826
roman_empire,GeneralSheaf,true,5,5,epoch-0,2,0,cohens_d_train,0.43925443
roman_empire,GeneralSheaf,true,5,5,epoch-0,3,0,cohens_d_train,0.43968618
roman_empire,GeneralSheaf,true,5,5,epoch-0,4,0,cohens_d_train,0.44078222
roman_empire,GeneralSheaf,true,5,5,epoch-0,5,0,cohens_d_train,0.4394393
roman_empire,GeneralSheaf,true,5,5,epoch-0,0,0,cohens_d_test,0.36727014
roman_empire,GeneralSheaf,true,5,5,epoch-0,1,0,cohens_d_test,0.36716107
roman_empire,GeneralSheaf,true,5,5,epoch-0,2,0,cohens_d_test,0.36763328
roman_empire,GeneralSheaf,true,5,5,epoch-0,3,0,cohens_d_test,0.3690424
roman_empire,GeneralSheaf,true,5,5,epoch-0,4,0,cohens_d_test,0.3700077
roman_empire,GeneralSheaf,true,5,5,epoch-0,5,0,cohens_d_test,0.36892593
roman_empire,GeneralSheaf,true,5,5,epoch-0,0,1,degree,-0.13441968723466452
roman_empire,GeneralSheaf,true,5,5,epoch-0,1,1,degree,-0.13198268686085954
roman_empire,GeneralSheaf,true,5,5,epoch-0,2,1,degree,-0.12905100529306632
roman_empire,GeneralSheaf,true,5,5,epoch-0,3,1,degree,-0.12738530938365478
roman_empire,GeneralSheaf,true,5,5,epoch-0,4,1,degree,-0.12394543006718722
roman_empire,GeneralSheaf,true,5,5,epoch-0,5,1,degree,-0.1216934497720886
roman_empire,GeneralSheaf,true,5,5,epoch-0,0,1,betweenness,-0.09080331590287251
roman_empire,GeneralSheaf,true,5,5,epoch-0,1,1,betweenness,-0.0890440187796507
roman_empire,GeneralSheaf,true,5,5,epoch-0,2,1,betweenness,-0.08765064515373185
roman_empire,GeneralSheaf,true,5,5,epoch-0,3,1,betweenness,-0.08659916653116768
roman_empire,GeneralSheaf,true,5,5,epoch-0,4,1,betweenness,-0.08469589230017625
roman_empire,GeneralSheaf,true,5,5,epoch-0,5,1,betweenness,-0.0837020031364147
roman_empire,GeneralSheaf,true,5,5,epoch-0,0,1,confidence,0.7150906177250494
roman_empire,GeneralSheaf,true,5,5,epoch-0,1,1,confidence,0.7153297823666719
roman_empire,GeneralSheaf,true,5,5,epoch-0,2,1,confidence,0.7157067197957313
roman_empire,GeneralSheaf,true,5,5,epoch-0,3,1,confidence,0.716244349799982
roman_empire,GeneralSheaf,true,5,5,epoch-0,4,1,confidence,0.7164540647504968
roman_empire,GeneralSheaf,true,5,5,epoch-0,5,1,confidence,0.7163510802627928
roman_empire,GeneralSheaf,true,5,5,epoch-0,0,1,saliency,0.1568247738645996
roman_empire,GeneralSheaf,true,5,5,epoch-0,1,1,saliency,0.1565823094547196
roman_empire,GeneralSheaf,true,5,5,epoch-0,2,1,saliency,0.1565043290003402
roman_empire,GeneralSheaf,true,5,5,epoch-0,3,1,saliency,0.15676936819013793
roman_empire,GeneralSheaf,true,5,5,epoch-0,4,1,saliency,0.15718059972463036
roman_empire,GeneralSheaf,true,5,5,epoch-0,5,1,saliency,0.15695793179745085
roman_empire,GeneralSheaf,true,5,5,epoch-0,0,1,cohens_d_train,0.054424997
roman_empire,GeneralSheaf,true,5,5,epoch-0,1,1,cohens_d_train,0.050885316
roman_empire,GeneralSheaf,true,5,5,epoch-0,2,1,cohens_d_train,0.05256832
roman_empire,GeneralSheaf,true,5,5,epoch-0,3,1,cohens_d_train,0.04804963
roman_empire,GeneralSheaf,true,5,5,epoch-0,4,1,cohens_d_train,0.045967545
roman_empire,GeneralSheaf,true,5,5,epoch-0,5,1,cohens_d_train,0.041346863
roman_empire,GeneralSheaf,true,5,5,epoch-0,0,1,cohens_d_test,0.20348588
roman_empire,GeneralSheaf,true,5,5,epoch-0,1,1,cohens_d_test,0.20055056
roman_empire,GeneralSheaf,true,5,5,epoch-0,2,1,cohens_d_test,0.20274787
roman_empire,GeneralSheaf,true,5,5,epoch-0,3,1,cohens_d_test,0.200079
roman_empire,GeneralSheaf,true,5,5,epoch-0,4,1,cohens_d_test,0.19877383
roman_empire,GeneralSheaf,true,5,5,epoch-0,5,1,cohens_d_test,0.19735727
roman_empire,GeneralSheaf,true,5,5,epoch-0,0,2,degree,-0.11043444977189021
roman_empire,GeneralSheaf,true,5,5,epoch-0,1,2,degree,-0.11381829543581583
roman_empire,GeneralSheaf,true,5,5,epoch-0,2,2,degree,-0.11067929951653463
roman_empire,GeneralSheaf,true,5,5,epoch-0,3,2,degree,-0.11301293998337436
roman_empire,GeneralSheaf,true,5,5,epoch-0,4,2,degree,-0.11321151636628084
roman_empire,GeneralSheaf,true,5,5,epoch-0,5,2,degree,-0.1139787099479448
roman_empire,GeneralSheaf,true,5,5,epoch-0,0,2,betweenness,-0.050197365369324815
roman_empire,GeneralSheaf,true,5,5,epoch-0,1,2,betweenness,-0.052190839069121704
roman_empire,GeneralSheaf,true,5,5,epoch-0,2,2,betweenness,-0.0505924569482465
roman_empire,GeneralSheaf,true,5,5,epoch-0,3,2,betweenness,-0.05150066713196467
roman_empire,GeneralSheaf,true,5,5,epoch-0,4,2,betweenness,-0.051382127775412574
roman_empire,GeneralSheaf,true,5,5,epoch-0,5,2,betweenness,-0.05222072959953675
roman_empire,GeneralSheaf,true,5,5,epoch-0,0,2,confidence,0.3346120166849999
roman_empire,GeneralSheaf,true,5,5,epoch-0,1,2,confidence,0.3353358252265753
roman_empire,GeneralSheaf,true,5,5,epoch-0,2,2,confidence,0.3357084140900858
roman_empire,GeneralSheaf,true,5,5,epoch-0,3,2,confidence,0.3356893910304322
roman_empire,GeneralSheaf,true,5,5,epoch-0,4,2,confidence,0.3363174212865262
roman_empire,GeneralSheaf,true,5,5,epoch-0,5,2,confidence,0.33507676008927295
roman_empire,GeneralSheaf,true,5,5,epoch-0,0,2,saliency,-0.25765401049242276
roman_empire,GeneralSheaf,true,5,5,epoch-0,1,2,saliency,-0.2574399749081748
roman_empire,GeneralSheaf,true,5,5,epoch-0,2,2,saliency,-0.2583114520345362
roman_empire,GeneralSheaf,true,5,5,epoch-0,3,2,saliency,-0.2582532593664346
roman_empire,GeneralSheaf,true,5,5,epoch-0,4,2,saliency,-0.2582104982546691
roman_empire,GeneralSheaf,true,5,5,epoch-0,5,2,saliency,-0.25750243474888446
roman_empire,GeneralSheaf,true,5,5,epoch-0,0,2,cohens_d_train,0.101555504
roman_empire,GeneralSheaf,true,5,5,epoch-0,1,2,cohens_d_train,0.101122804
roman_empire,GeneralSheaf,true,5,5,epoch-0,2,2,cohens_d_train,0.10166183
roman_empire,GeneralSheaf,true,5,5,epoch-0,3,2,cohens_d_train,0.1020609
roman_empire,GeneralSheaf,true,5,5,epoch-0,4,2,cohens_d_train,0.10387558
roman_empire,GeneralSheaf,true,5,5,epoch-0,5,2,cohens_d_train,0.105901755
roman_empire,GeneralSheaf,true,5,5,epoch-0,0,2,cohens_d_test,0.13807574
roman_empire,GeneralSheaf,true,5,5,epoch-0,1,2,cohens_d_test,0.13806637
roman_empire,GeneralSheaf,true,5,5,epoch-0,2,2,cohens_d_test,0.13774417
roman_empire,GeneralSheaf,true,5,5,epoch-0,3,2,cohens_d_test,0.13750231
roman_empire,GeneralSheaf,true,5,5,epoch-0,4,2,cohens_d_test,0.13852012
roman_empire,GeneralSheaf,true,5,5,epoch-0,5,2,cohens_d_test,0.14180201
roman_empire,GeneralSheaf,true,5,5,epoch-0,0,3,degree,-0.12506473114632638
roman_empire,GeneralSheaf,true,5,5,epoch-0,1,3,degree,-0.11988080861857743
roman_empire,GeneralSheaf,true,5,5,epoch-0,2,3,degree,-0.11925058686436706
roman_empire,GeneralSheaf,true,5,5,epoch-0,3,3,degree,-0.11770580630756335
roman_empire,GeneralSheaf,true,5,5,epoch-0,4,3,degree,-0.11666318086788684
roman_empire,GeneralSheaf,true,5,5,epoch-0,5,3,degree,-0.11781092423379617
roman_empire,GeneralSheaf,true,5,5,epoch-0,0,3,betweenness,-0.08238897763385694
roman_empire,GeneralSheaf,true,5,5,epoch-0,1,3,betweenness,-0.07704391574435501
roman_empire,GeneralSheaf,true,5,5,epoch-0,2,3,betweenness,-0.07650264906351302
roman_empire,GeneralSheaf,true,5,5,epoch-0,3,3,betweenness,-0.07763515296181953
roman_empire,GeneralSheaf,true,5,5,epoch-0,4,3,betweenness,-0.07713674446619148
roman_empire,GeneralSheaf,true,5,5,epoch-0,5,3,betweenness,-0.07871218254461979
roman_empire,GeneralSheaf,true,5,5,epoch-0,0,3,confidence,0.6503993033088679
roman_empire,GeneralSheaf,true,5,5,epoch-0,1,3,confidence,0.6521336326697975
roman_empire,GeneralSheaf,true,5,5,epoch-0,2,3,confidence,0.6522404678384199
roman_empire,GeneralSheaf,true,5,5,epoch-0,3,3,confidence,0.6508131680031294
roman_empire,GeneralSheaf,true,5,5,epoch-0,4,3,confidence,0.651258458757233
roman_empire,GeneralSheaf,true,5,5,epoch-0,5,3,confidence,0.6506504269346272
roman_empire,GeneralSheaf,true,5,5,epoch-0,0,3,saliency,0.10513714631163296
roman_empire,GeneralSheaf,true,5,5,epoch-0,1,3,saliency,0.1033170531893128
roman_empire,GeneralSheaf,true,5,5,epoch-0,2,3,saliency,0.10210446706166014
roman_empire,GeneralSheaf,true,5,5,epoch-0,3,3,saliency,0.10615599742700954
roman_empire,GeneralSheaf,true,5,5,epoch-0,4,3,saliency,0.10599789724212297
roman_empire,GeneralSheaf,true,5,5,epoch-0,5,3,saliency,0.10901080324840694
roman_empire,GeneralSheaf,true,5,5,epoch-0,0,3,cohens_d_train,0.111035936
roman_empire,GeneralSheaf,true,5,5,epoch-0,1,3,cohens_d_train,0.109573506
roman_empire,GeneralSheaf,true,5,5,epoch-0,2,3,cohens_d_train,0.11089895
roman_empire,GeneralSheaf,true,5,5,epoch-0,3,3,cohens_d_train,0.114324495
roman_empire,GeneralSheaf,true,5,5,epoch-0,4,3,cohens_d_train,0.1128774
roman_empire,GeneralSheaf,true,5,5,epoch-0,5,3,cohens_d_train,0.11433152
roman_empire,GeneralSheaf,true,5,5,epoch-0,0,3,cohens_d_test,0.017879786
roman_empire,GeneralSheaf,true,5,5,epoch-0,1,3,cohens_d_test,0.015667977
roman_empire,GeneralSheaf,true,5,5,epoch-0,2,3,cohens_d_test,0.01860596
roman_empire,GeneralSheaf,true,5,5,epoch-0,3,3,cohens_d_test,0.023236474
roman_empire,GeneralSheaf,true,5,5,epoch-0,4,3,cohens_d_test,0.02123357
roman_empire,GeneralSheaf,true,5,5,epoch-0,5,3,cohens_d_test,0.022864113
roman_empire,GeneralSheaf,true,5,5,epoch-0,0,4,degree,-0.11857618874587869
roman_empire,GeneralSheaf,true,5,5,epoch-0,1,4,degree,-0.12226931823812175
roman_empire,GeneralSheaf,true,5,5,epoch-0,2,4,degree,-0.12091507051926059
roman_empire,GeneralSheaf,true,5,5,epoch-0,3,4,degree,-0.11714014885335948
roman_empire,GeneralSheaf,true,5,5,epoch-0,4,4,degree,-0.11861671271988433
roman_empire,GeneralSheaf,true,5,5,epoch-0,5,4,degree,-0.11817279911954669
roman_empire,GeneralSheaf,true,5,5,epoch-0,0,4,betweenness,-0.09302454820789305
roman_empire,GeneralSheaf,true,5,5,epoch-0,1,4,betweenness,-0.09517756034945825
roman_empire,GeneralSheaf,true,5,5,epoch-0,2,4,betweenness,-0.09437458937434362
roman_empire,GeneralSheaf,true,5,5,epoch-0,3,4,betweenness,-0.09246285426619798
roman_empire,GeneralSheaf,true,5,5,epoch-0,4,4,betweenness,-0.09339114509826248
roman_empire,GeneralSheaf,true,5,5,epoch-0,5,4,betweenness,-0.09312110830554228
roman_empire,GeneralSheaf,true,5,5,epoch-0,0,4,confidence,0.4981895851558622
roman_empire,GeneralSheaf,true,5,5,epoch-0,1,4,confidence,0.4969565283818037
roman_empire,GeneralSheaf,true,5,5,epoch-0,2,4,confidence,0.49824047319594217
roman_empire,GeneralSheaf,true,5,5,epoch-0,3,4,confidence,0.4987575120748241
roman_empire,GeneralSheaf,true,5,5,epoch-0,4,4,confidence,0.5001165242250378
roman_empire,GeneralSheaf,true,5,5,epoch-0,5,4,confidence,0.49997202419310877
roman_empire,GeneralSheaf,true,5,5,epoch-0,0,4,saliency,-0.044281381595262695
roman_empire,GeneralSheaf,true,5,5,epoch-0,1,4,saliency,-0.04570319151347807
roman_empire,GeneralSheaf,true,5,5,epoch-0,2,4,saliency,-0.04296991143522856
roman_empire,GeneralSheaf,true,5,5,epoch-0,3,4,saliency,-0.041377525755808
roman_empire,GeneralSheaf,true,5,5,epoch-0,4,4,saliency,-0.0413750838026976
roman_empire,GeneralSheaf,true,5,5,epoch-0,5,4,saliency,-0.0417994696910426
roman_empire,GeneralSheaf,true,5,5,epoch-0,0,4,cohens_d_train,0.07548943
roman_empire,GeneralSheaf,true,5,5,epoch-0,1,4,cohens_d_train,0.07390547
roman_empire,GeneralSheaf,true,5,5,epoch-0,2,4,cohens_d_train,0.076875046
roman_empire,GeneralSheaf,true,5,5,epoch-0,3,4,cohens_d_train,0.07923123
roman_empire,GeneralSheaf,true,5,5,epoch-0,4,4,cohens_d_train,0.08036131
roman_empire,GeneralSheaf,true,5,5,epoch-0,5,4,cohens_d_train,0.08063454
roman_empire,GeneralSheaf,true,5,5,epoch-0,0,4,cohens_d_test,0.056415513
roman_empire,GeneralSheaf,true,5,5,epoch-0,1,4,cohens_d_test,0.057282597
roman_empire,GeneralSheaf,true,5,5,epoch-0,2,4,cohens_d_test,0.054204363
roman_empire,GeneralSheaf,true,5,5,epoch-0,3,4,cohens_d_test,0.05158443
roman_empire,GeneralSheaf,true,5,5,epoch-0,4,4,cohens_d_test,0.05045365
roman_empire,GeneralSheaf,true,5,5,epoch-0,5,4,cohens_d_test,0.049426485
roman_empire,GeneralSheaf,true,5,5,epoch-0,0,5,degree,-0.08195749491082494
roman_empire,GeneralSheaf,true,5,5,epoch-0,1,5,degree,-0.07852409897603126
roman_empire,GeneralSheaf,true,5,5,epoch-0,2,5,degree,-0.07624251682816724
roman_empire,GeneralSheaf,true,5,5,epoch-0,3,5,degree,-0.07586577186628167
roman_empire,GeneralSheaf,true,5,5,epoch-0,4,5,degree,-0.07467878268296256
roman_empire,GeneralSheaf,true,5,5,epoch-0,5,5,degree,-0.07547111677751286
roman_empire,GeneralSheaf,true,5,5,epoch-0,0,5,betweenness,-0.02545247636707537
roman_empire,GeneralSheaf,true,5,5,epoch-0,1,5,betweenness,-0.023357584295638643
roman_empire,GeneralSheaf,true,5,5,epoch-0,2,5,betweenness,-0.02217704840936691
roman_empire,GeneralSheaf,true,5,5,epoch-0,3,5,betweenness,-0.022244975541794637
roman_empire,GeneralSheaf,true,5,5,epoch-0,4,5,betweenness,-0.02109249095796771
roman_empire,GeneralSheaf,true,5,5,epoch-0,5,5,betweenness,-0.021703304901337307
roman_empire,GeneralSheaf,true,5,5,epoch-0,0,5,confidence,0.45238779950022673
roman_empire,GeneralSheaf,true,5,5,epoch-0,1,5,confidence,0.4521229414578602
roman_empire,GeneralSheaf,true,5,5,epoch-0,2,5,confidence,0.45225737759016993
roman_empire,GeneralSheaf,true,5,5,epoch-0,3,5,confidence,0.4519035070110094
roman_empire,GeneralSheaf,true,5,5,epoch-0,4,5,confidence,0.45214120814160624
roman_empire,GeneralSheaf,true,5,5,epoch-0,5,5,confidence,0.4518427675552961
roman_empire,GeneralSheaf,true,5,5,epoch-0,0,5,saliency,-0.1576909063630694
roman_empire,GeneralSheaf,true,5,5,epoch-0,1,5,saliency,-0.15621011763470338
roman_empire,GeneralSheaf,true,5,5,epoch-0,2,5,saliency,-0.15642197385525278
roman_empire,GeneralSheaf,true,5,5,epoch-0,3,5,saliency,-0.1563812693123486
roman_empire,GeneralSheaf,true,5,5,epoch-0,4,5,saliency,-0.1563252827502398
roman_empire,GeneralSheaf,true,5,5,epoch-0,5,5,saliency,-0.15686266332347804
roman_empire,GeneralSheaf,true,5,5,epoch-0,0,5,cohens_d_train,0.18999787
roman_empire,GeneralSheaf,true,5,5,epoch-0,1,5,cohens_d_train,0.19412333
roman_empire,GeneralSheaf,true,5,5,epoch-0,2,5,cohens_d_train,0.18961589
roman_empire,GeneralSheaf,true,5,5,epoch-0,3,5,cohens_d_train,0.1929506
roman_empire,GeneralSheaf,true,5,5,epoch-0,4,5,cohens_d_train,0.19382118
roman_empire,GeneralSheaf,true,5,5,epoch-0,5,5,cohens_d_train,0.19737734
roman_empire,GeneralSheaf,true,5,5,epoch-0,0,5,cohens_d_test,0.25183424
roman_empire,GeneralSheaf,true,5,5,epoch-0,1,5,cohens_d_test,0.255535
roman_empire,GeneralSheaf,true,5,5,epoch-0,2,5,cohens_d_test,0.24974863
roman_empire,GeneralSheaf,true,5,5,epoch-0,3,5,cohens_d_test,0.25388446
roman_empire,GeneralSheaf,true,5,5,epoch-0,4,5,cohens_d_test,0.25424662
roman_empire,GeneralSheaf,true,5,5,epoch-0,5,5,cohens_d_test,0.2573667
roman_empire,GeneralSheaf,true,5,5,epoch-0,0,6,degree,-0.11716688388940988
roman_empire,GeneralSheaf,true,5,5,epoch-0,1,6,degree,-0.1125691482458978
roman_empire,GeneralSheaf,true,5,5,epoch-0,2,6,degree,-0.1118955743925426
roman_empire,GeneralSheaf,true,5,5,epoch-0,3,6,degree,-0.1101865830120079
roman_empire,GeneralSheaf,true,5,5,epoch-0,4,6,degree,-0.10647652830615813
roman_empire,GeneralSheaf,true,5,5,epoch-0,5,6,degree,-0.10397183210805166
roman_empire,GeneralSheaf,true,5,5,epoch-0,0,6,betweenness,-0.07079830508235489
roman_empire,GeneralSheaf,true,5,5,epoch-0,1,6,betweenness,-0.06743891958206713
roman_empire,GeneralSheaf,true,5,5,epoch-0,2,6,betweenness,-0.06708038074992899
roman_empire,GeneralSheaf,true,5,5,epoch-0,3,6,betweenness,-0.06573738106791549
roman_empire,GeneralSheaf,true,5,5,epoch-0,4,6,betweenness,-0.06365999041799883
roman_empire,GeneralSheaf,true,5,5,epoch-0,5,6,betweenness,-0.06266063640273742
roman_empire,GeneralSheaf,true,5,5,epoch-0,0,6,confidence,0.6595871529026938
roman_empire,GeneralSheaf,true,5,5,epoch-0,1,6,confidence,0.6609719016379922
roman_empire,GeneralSheaf,true,5,5,epoch-0,2,6,confidence,0.6620703931201914
roman_empire,GeneralSheaf,true,5,5,epoch-0,3,6,confidence,0.6605593897778229
roman_empire,GeneralSheaf,true,5,5,epoch-0,4,6,confidence,0.6603972845256247
roman_empire,GeneralSheaf,true,5,5,epoch-0,5,6,confidence,0.6610976075167115
roman_empire,GeneralSheaf,true,5,5,epoch-0,0,6,saliency,-0.19734038886342067
roman_empire,GeneralSheaf,true,5,5,epoch-0,1,6,saliency,-0.19833175928157026
roman_empire,GeneralSheaf,true,5,5,epoch-0,2,6,saliency,-0.19808879632992785
roman_empire,GeneralSheaf,true,5,5,epoch-0,3,6,saliency,-0.19679097252830163
roman_empire,GeneralSheaf,true,5,5,epoch-0,4,6,saliency,-0.19641101563743546
roman_empire,GeneralSheaf,true,5,5,epoch-0,5,6,saliency,-0.19608220803033471
roman_empire,GeneralSheaf,true,5,5,epoch-0,0,6,cohens_d_train,0.40913343
roman_empire,GeneralSheaf,true,5,5,epoch-0,1,6,cohens_d_train,0.40598333
roman_empire,GeneralSheaf,true,5,5,epoch-0,2,6,cohens_d_train,0.40704048
roman_empire,GeneralSheaf,true,5,5,epoch-0,3,6,cohens_d_train,0.4071141
roman_empire,GeneralSheaf,true,5,5,epoch-0,4,6,cohens_d_train,0.40817943
roman_empire,GeneralSheaf,true,5,5,epoch-0,5,6,cohens_d_train,0.40836632
roman_empire,GeneralSheaf,true,5,5,epoch-0,0,6,cohens_d_test,0.40948862
roman_empire,GeneralSheaf,true,5,5,epoch-0,1,6,cohens_d_test,0.40723634
roman_empire,GeneralSheaf,true,5,5,epoch-0,2,6,cohens_d_test,0.40881595
roman_empire,GeneralSheaf,true,5,5,epoch-0,3,6,cohens_d_test,0.40844002
roman_empire,GeneralSheaf,true,5,5,epoch-0,4,6,cohens_d_test,0.40950397
roman_empire,GeneralSheaf,true,5,5,epoch-0,5,6,cohens_d_test,0.4099102
roman_empire,GeneralSheaf,true,5,5,epoch-0,0,7,degree,-0.10982243188222311
roman_empire,GeneralSheaf,true,5,5,epoch-0,1,7,degree,-0.11016659385462178
roman_empire,GeneralSheaf,true,5,5,epoch-0,2,7,degree,-0.10791421304035687
roman_empire,GeneralSheaf,true,5,5,epoch-0,3,7,degree,-0.10726287423970877
roman_empire,GeneralSheaf,true,5,5,epoch-0,4,7,degree,-0.10428848055166749
roman_empire,GeneralSheaf,true,5,5,epoch-0,5,7,degree,-0.10329392106922072
roman_empire,GeneralSheaf,true,5,5,epoch-0,0,7,betweenness,-0.048030107552984216
roman_empire,GeneralSheaf,true,5,5,epoch-0,1,7,betweenness,-0.04750113052278023
roman_empire,GeneralSheaf,true,5,5,epoch-0,2,7,betweenness,-0.04622454184242878
roman_empire,GeneralSheaf,true,5,5,epoch-0,3,7,betweenness,-0.045199273469063744
roman_empire,GeneralSheaf,true,5,5,epoch-0,4,7,betweenness,-0.04274917946241338
roman_empire,GeneralSheaf,true,5,5,epoch-0,5,7,betweenness,-0.04158657670809061
roman_empire,GeneralSheaf,true,5,5,epoch-0,0,7,confidence,0.6632135238379322
roman_empire,GeneralSheaf,true,5,5,epoch-0,1,7,confidence,0.663721150471351
roman_empire,GeneralSheaf,true,5,5,epoch-0,2,7,confidence,0.6633965602152341
roman_empire,GeneralSheaf,true,5,5,epoch-0,3,7,confidence,0.6618665404753736
roman_empire,GeneralSheaf,true,5,5,epoch-0,4,7,confidence,0.6606957051127743
roman_empire,GeneralSheaf,true,5,5,epoch-0,5,7,confidence,0.6605467392620489
roman_empire,GeneralSheaf,true,5,5,epoch-0,0,7,saliency,-0.037391269884755905
roman_empire,GeneralSheaf,true,5,5,epoch-0,1,7,saliency,-0.0358603885603617
roman_empire,GeneralSheaf,true,5,5,epoch-0,2,7,saliency,-0.035905025844631934
roman_empire,GeneralSheaf,true,5,5,epoch-0,3,7,saliency,-0.034582278047495627
roman_empire,GeneralSheaf,true,5,5,epoch-0,4,7,saliency,-0.03425413691654903
roman_empire,GeneralSheaf,true,5,5,epoch-0,5,7,saliency,-0.0330982322659592
roman_empire,GeneralSheaf,true,5,5,epoch-0,0,7,cohens_d_train,0.69538087
roman_empire,GeneralSheaf,true,5,5,epoch-0,1,7,cohens_d_train,0.6977796
roman_empire,GeneralSheaf,true,5,5,epoch-0,2,7,cohens_d_train,0.69240993
roman_empire,GeneralSheaf,true,5,5,epoch-0,3,7,cohens_d_train,0.6852429
roman_empire,GeneralSheaf,true,5,5,epoch-0,4,7,cohens_d_train,0.68827915
roman_empire,GeneralSheaf,true,5,5,epoch-0,5,7,cohens_d_train,0.6924824
roman_empire,GeneralSheaf,true,5,5,epoch-0,0,7,cohens_d_test,0.9244361
roman_empire,GeneralSheaf,true,5,5,epoch-0,1,7,cohens_d_test,0.9264476
roman_empire,GeneralSheaf,true,5,5,epoch-0,2,7,cohens_d_test,0.9214385
roman_empire,GeneralSheaf,true,5,5,epoch-0,3,7,cohens_d_test,0.9132254
roman_empire,GeneralSheaf,true,5,5,epoch-0,4,7,cohens_d_test,0.9186239
roman_empire,GeneralSheaf,true,5,5,epoch-0,5,7,cohens_d_test,0.9202555
roman_empire,GeneralSheaf,true,5,5,epoch-0,0,8,degree,-0.11205643785519297
roman_empire,GeneralSheaf,true,5,5,epoch-0,1,8,degree,-0.11054703643144294
roman_empire,GeneralSheaf,true,5,5,epoch-0,2,8,degree,-0.11089001308538868
roman_empire,GeneralSheaf,true,5,5,epoch-0,3,8,degree,-0.1076343725422189
roman_empire,GeneralSheaf,true,5,5,epoch-0,4,8,degree,-0.10772337616849029
roman_empire,GeneralSheaf,true,5,5,epoch-0,5,8,degree,-0.1083884741311072
roman_empire,GeneralSheaf,true,5,5,epoch-0,0,8,betweenness,-0.06511343911939729
roman_empire,GeneralSheaf,true,5,5,epoch-0,1,8,betweenness,-0.06472442350385078
roman_empire,GeneralSheaf,true,5,5,epoch-0,2,8,betweenness,-0.06415670622056541
roman_empire,GeneralSheaf,true,5,5,epoch-0,3,8,betweenness,-0.06234219529840174
roman_empire,GeneralSheaf,true,5,5,epoch-0,4,8,betweenness,-0.062100430525227276
roman_empire,GeneralSheaf,true,5,5,epoch-0,5,8,betweenness,-0.06270913409923416
roman_empire,GeneralSheaf,true,5,5,epoch-0,0,8,confidence,0.41353529128043603
roman_empire,GeneralSheaf,true,5,5,epoch-0,1,8,confidence,0.41263357253443317
roman_empire,GeneralSheaf,true,5,5,epoch-0,2,8,confidence,0.41305183748923663
roman_empire,GeneralSheaf,true,5,5,epoch-0,3,8,confidence,0.41367817449729377
roman_empire,GeneralSheaf,true,5,5,epoch-0,4,8,confidence,0.4138509124068168
roman_empire,GeneralSheaf,true,5,5,epoch-0,5,8,confidence,0.41308602270803346
roman_empire,GeneralSheaf,true,5,5,epoch-0,0,8,saliency,-0.13050809653376294
roman_empire,GeneralSheaf,true,5,5,epoch-0,1,8,saliency,-0.12997266282148653
roman_empire,GeneralSheaf,true,5,5,epoch-0,2,8,saliency,-0.13069855212377746
roman_empire,GeneralSheaf,true,5,5,epoch-0,3,8,saliency,-0.1300979215350476
roman_empire,GeneralSheaf,true,5,5,epoch-0,4,8,saliency,-0.13027892439125924
roman_empire,GeneralSheaf,true,5,5,epoch-0,5,8,saliency,-0.12957189369972213
roman_empire,GeneralSheaf,true,5,5,epoch-0,0,8,cohens_d_train,0.22103271
roman_empire,GeneralSheaf,true,5,5,epoch-0,1,8,cohens_d_train,0.22275525
roman_empire,GeneralSheaf,true,5,5,epoch-0,2,8,cohens_d_train,0.22156054
roman_empire,GeneralSheaf,true,5,5,epoch-0,3,8,cohens_d_train,0.22223978
roman_empire,GeneralSheaf,true,5,5,epoch-0,4,8,cohens_d_train,0.2208872
roman_empire,GeneralSheaf,true,5,5,epoch-0,5,8,cohens_d_train,0.22085659
roman_empire,GeneralSheaf,true,5,5,epoch-0,0,8,cohens_d_test,0.32524815
roman_empire,GeneralSheaf,true,5,5,epoch-0,1,8,cohens_d_test,0.32770365
roman_empire,GeneralSheaf,true,5,5,epoch-0,2,8,cohens_d_test,0.32633632
roman_empire,GeneralSheaf,true,5,5,epoch-0,3,8,cohens_d_test,0.32702288
roman_empire,GeneralSheaf,true,5,5,epoch-0,4,8,cohens_d_test,0.32587057
roman_empire,GeneralSheaf,true,5,5,epoch-0,5,8,cohens_d_test,0.32582736
roman_empire,GeneralSheaf,true,5,5,epoch-0,0,9,degree,-0.11062878383379911
roman_empire,GeneralSheaf,true,5,5,epoch-0,1,9,degree,-0.10615102504977572
roman_empire,GeneralSheaf,true,5,5,epoch-0,2,9,degree,-0.10839711544728654
roman_empire,GeneralSheaf,true,5,5,epoch-0,3,9,degree,-0.10451678065697499
roman_empire,GeneralSheaf,true,5,5,epoch-0,4,9,degree,-0.10383523004096606
roman_empire,GeneralSheaf,true,5,5,epoch-0,5,9,degree,-0.10144641079192958
roman_empire,GeneralSheaf,true,5,5,epoch-0,0,9,betweenness,-0.07995479998434407
roman_empire,GeneralSheaf,true,5,5,epoch-0,1,9,betweenness,-0.07763868579906928
roman_empire,GeneralSheaf,true,5,5,epoch-0,2,9,betweenness,-0.07917450520600351
roman_empire,GeneralSheaf,true,5,5,epoch-0,3,9,betweenness,-0.07740705453902895
roman_empire,GeneralSheaf,true,5,5,epoch-0,4,9,betweenness,-0.07670810412169966
roman_empire,GeneralSheaf,true,5,5,epoch-0,5,9,betweenness,-0.07531745043219136
roman_empire,GeneralSheaf,true,5,5,epoch-0,0,9,confidence,0.5238673640496813
roman_empire,GeneralSheaf,true,5,5,epoch-0,1,9,confidence,0.5229811950477016
roman_empire,GeneralSheaf,true,5,5,epoch-0,2,9,confidence,0.5225576310248146
roman_empire,GeneralSheaf,true,5,5,epoch-0,3,9,confidence,0.521413831576365
roman_empire,GeneralSheaf,true,5,5,epoch-0,4,9,confidence,0.5219076202492415
roman_empire,GeneralSheaf,true,5,5,epoch-0,5,9,confidence,0.5211500526724976
roman_empire,GeneralSheaf,true,5,5,epoch-0,0,9,saliency,-0.23688363111858216
roman_empire,GeneralSheaf,true,5,5,epoch-0,1,9,saliency,-0.23624426132943407
roman_empire,GeneralSheaf,true,5,5,epoch-0,2,9,saliency,-0.2373748398669216
roman_empire,GeneralSheaf,true,5,5,epoch-0,3,9,saliency,-0.2369181674585521
roman_empire,GeneralSheaf,true,5,5,epoch-0,4,9,saliency,-0.23675683499097494
roman_empire,GeneralSheaf,true,5,5,epoch-0,5,9,saliency,-0.23642515197158123
roman_empire,GeneralSheaf,true,5,5,epoch-0,0,9,cohens_d_train,0.10985511
roman_empire,GeneralSheaf,true,5,5,epoch-0,1,9,cohens_d_train,0.107378386
roman_empire,GeneralSheaf,true,5,5,epoch-0,2,9,cohens_d_train,0.110109106
roman_empire,GeneralSheaf,true,5,5,epoch-0,3,9,cohens_d_train,0.10992157
roman_empire,GeneralSheaf,true,5,5,epoch-0,4,9,cohens_d_train,0.108961076
roman_empire,GeneralSheaf,true,5,5,epoch-0,5,9,cohens_d_train,0.110324726
roman_empire,GeneralSheaf,true,5,5,epoch-0,0,9,cohens_d_test,0.2100762
roman_empire,GeneralSheaf,true,5,5,epoch-0,1,9,cohens_d_test,0.21148454
roman_empire,GeneralSheaf,true,5,5,epoch-0,2,9,cohens_d_test,0.21086602
roman_empire,GeneralSheaf,true,5,5,epoch-0,3,9,cohens_d_test,0.21212861
roman_empire,GeneralSheaf,true,5,5,epoch-0,4,9,cohens_d_test,0.21348011
roman_empire,GeneralSheaf,true,5,5,epoch-0,5,9,cohens_d_test,0.21527387
roman_empire,GeneralSheaf,true,5,5,epoch-1,0,0,degree,-0.13770504879637305
roman_empire,GeneralSheaf,true,5,5,epoch-1,1,0,degree,-0.1267903836102301
roman_empire,GeneralSheaf,true,5,5,epoch-1,2,0,degree,-0.12066558442218511
roman_empire,GeneralSheaf,true,5,5,epoch-1,3,0,degree,-0.11987203602366406
roman_empire,GeneralSheaf,true,5,5,epoch-1,4,0,degree,-0.11153575666165265
roman_empire,GeneralSheaf,true,5,5,epoch-1,5,0,degree,-0.09995082895890368
roman_empire,GeneralSheaf,true,5,5,epoch-1,0,0,betweenness,-0.11564604137878592
roman_empire,GeneralSheaf,true,5,5,epoch-1,1,0,betweenness,-0.10991448097102967
roman_empire,GeneralSheaf,true,5,5,epoch-1,2,0,betweenness,-0.10506692350404546
roman_empire,GeneralSheaf,true,5,5,epoch-1,3,0,betweenness,-0.10452631639818846
roman_empire,GeneralSheaf,true,5,5,epoch-1,4,0,betweenness,-0.09801897628082672
roman_empire,GeneralSheaf,true,5,5,epoch-1,5,0,betweenness,-0.09079530287405031
roman_empire,GeneralSheaf,true,5,5,epoch-1,0,0,confidence,0.902212554878925
roman_empire,GeneralSheaf,true,5,5,epoch-1,1,0,confidence,0.9035935382006515
roman_empire,GeneralSheaf,true,5,5,epoch-1,2,0,confidence,0.9039091852482098
roman_empire,GeneralSheaf,true,5,5,epoch-1,3,0,confidence,0.9042965280274422
roman_empire,GeneralSheaf,true,5,5,epoch-1,4,0,confidence,0.9031908570635611
roman_empire,GeneralSheaf,true,5,5,epoch-1,5,0,confidence,0.9019866697885423
roman_empire,GeneralSheaf,true,5,5,epoch-1,0,0,saliency,0.28357834141367594
roman_empire,GeneralSheaf,true,5,5,epoch-1,1,0,saliency,0.29268476880061717
roman_empire,GeneralSheaf,true,5,5,epoch-1,2,0,saliency,0.30088218762273716
roman_empire,GeneralSheaf,true,5,5,epoch-1,3,0,saliency,0.30050144181707855
roman_empire,GeneralSheaf,true,5,5,epoch-1,4,0,saliency,0.3088313379133242
roman_empire,GeneralSheaf,true,5,5,epoch-1,5,0,saliency,0.31469977767254104
roman_empire,GeneralSheaf,true,5,5,epoch-1,0,0,cohens_d_train,0.83869356
roman_empire,GeneralSheaf,true,5,5,epoch-1,1,0,cohens_d_train,0.835484
roman_empire,GeneralSheaf,true,5,5,epoch-1,2,0,cohens_d_train,0.84552956
roman_empire,GeneralSheaf,true,5,5,epoch-1,3,0,cohens_d_train,0.848312
roman_empire,GeneralSheaf,true,5,5,epoch-1,4,0,cohens_d_train,0.850634
roman_empire,GeneralSheaf,true,5,5,epoch-1,5,0,cohens_d_train,0.85298294
roman_empire,GeneralSheaf,true,5,5,epoch-1,0,0,cohens_d_test,0.86412627
roman_empire,GeneralSheaf,true,5,5,epoch-1,1,0,cohens_d_test,0.8610567
roman_empire,GeneralSheaf,true,5,5,epoch-1,2,0,cohens_d_test,0.8709192
roman_empire,GeneralSheaf,true,5,5,epoch-1,3,0,cohens_d_test,0.87374926
roman_empire,GeneralSheaf,true,5,5,epoch-1,4,0,cohens_d_test,0.87561405
roman_empire,GeneralSheaf,true,5,5,epoch-1,5,0,cohens_d_test,0.87799096
roman_empire,GeneralSheaf,true,5,5,epoch-1,0,1,degree,-0.14368881829715568
roman_empire,GeneralSheaf,true,5,5,epoch-1,1,1,degree,-0.1175289908292058
roman_empire,GeneralSheaf,true,5,5,epoch-1,2,1,degree,-0.10822282454944787
roman_empire,GeneralSheaf,true,5,5,epoch-1,3,1,degree,-0.09076802774832785
roman_empire,GeneralSheaf,true,5,5,epoch-1,4,1,degree,-0.0789343189139085
roman_empire,GeneralSheaf,true,5,5,epoch-1,5,1,degree,-0.06657249906030874
roman_empire,GeneralSheaf,true,5,5,epoch-1,0,1,betweenness,-0.11663586158555948
roman_empire,GeneralSheaf,true,5,5,epoch-1,1,1,betweenness,-0.09844062730470574
roman_empire,GeneralSheaf,true,5,5,epoch-1,2,1,betweenness,-0.09163162711985154
roman_empire,GeneralSheaf,true,5,5,epoch-1,3,1,betweenness,-0.0782962410373378
roman_empire,GeneralSheaf,true,5,5,epoch-1,4,1,betweenness,-0.0691665712606047
roman_empire,GeneralSheaf,true,5,5,epoch-1,5,1,betweenness,-0.06107030145391878
roman_empire,GeneralSheaf,true,5,5,epoch-1,0,1,confidence,0.780629536894103
roman_empire,GeneralSheaf,true,5,5,epoch-1,1,1,confidence,0.7846322689076737
roman_empire,GeneralSheaf,true,5,5,epoch-1,2,1,confidence,0.7835476441628733
roman_empire,GeneralSheaf,true,5,5,epoch-1,3,1,confidence,0.7784259838418754
roman_empire,GeneralSheaf,true,5,5,epoch-1,4,1,confidence,0.7721964748599088
roman_empire,GeneralSheaf,true,5,5,epoch-1,5,1,confidence,0.7661225389258259
roman_empire,GeneralSheaf,true,5,5,epoch-1,0,1,saliency,0.4338661642871045
roman_empire,GeneralSheaf,true,5,5,epoch-1,1,1,saliency,0.4580428573248827
roman_empire,GeneralSheaf,true,5,5,epoch-1,2,1,saliency,0.4647489301739624
roman_empire,GeneralSheaf,true,5,5,epoch-1,3,1,saliency,0.4787982737231808
roman_empire,GeneralSheaf,true,5,5,epoch-1,4,1,saliency,0.4861822203137019
roman_empire,GeneralSheaf,true,5,5,epoch-1,5,1,saliency,0.49270187722384173
roman_empire,GeneralSheaf,true,5,5,epoch-1,0,1,cohens_d_train,1.4473137
roman_empire,GeneralSheaf,true,5,5,epoch-1,1,1,cohens_d_train,1.4434654
roman_empire,GeneralSheaf,true,5,5,epoch-1,2,1,cohens_d_train,1.4402274
roman_empire,GeneralSheaf,true,5,5,epoch-1,3,1,cohens_d_train,1.422078
roman_empire,GeneralSheaf,true,5,5,epoch-1,4,1,cohens_d_train,1.414961
roman_empire,GeneralSheaf,true,5,5,epoch-1,5,1,cohens_d_train,1.4041495
roman_empire,GeneralSheaf,true,5,5,epoch-1,0,1,cohens_d_test,1.5569764
roman_empire,GeneralSheaf,true,5,5,epoch-1,1,1,cohens_d_test,1.5539389
roman_empire,GeneralSheaf,true,5,5,epoch-1,2,1,cohens_d_test,1.5511398
roman_empire,GeneralSheaf,true,5,5,epoch-1,3,1,cohens_d_test,1.5315145
roman_empire,GeneralSheaf,true,5,5,epoch-1,4,1,cohens_d_test,1.5232815
roman_empire,GeneralSheaf,true,5,5,epoch-1,5,1,cohens_d_test,1.5119985
roman_empire,GeneralSheaf,true,5,5,epoch-1,0,2,degree,-0.14577270126819436
roman_empire,GeneralSheaf,true,5,5,epoch-1,1,2,degree,-0.1381820858865872
roman_empire,GeneralSheaf,true,5,5,epoch-1,2,2,degree,-0.13215415435515865
roman_empire,GeneralSheaf,true,5,5,epoch-1,3,2,degree,-0.13076682293086708
roman_empire,GeneralSheaf,true,5,5,epoch-1,4,2,degree,-0.12366355540681626
roman_empire,GeneralSheaf,true,5,5,epoch-1,5,2,degree,-0.12202821560187835
roman_empire,GeneralSheaf,true,5,5,epoch-1,0,2,betweenness,-0.12261616876598924
roman_empire,GeneralSheaf,true,5,5,epoch-1,1,2,betweenness,-0.11840015136626088
roman_empire,GeneralSheaf,true,5,5,epoch-1,2,2,betweenness,-0.11445131691737429
roman_empire,GeneralSheaf,true,5,5,epoch-1,3,2,betweenness,-0.1130342013822356
roman_empire,GeneralSheaf,true,5,5,epoch-1,4,2,betweenness,-0.10745055108715491
roman_empire,GeneralSheaf,true,5,5,epoch-1,5,2,betweenness,-0.10622155125551089
roman_empire,GeneralSheaf,true,5,5,epoch-1,0,2,confidence,0.8737261602427125
roman_empire,GeneralSheaf,true,5,5,epoch-1,1,2,confidence,0.8783399002100929
roman_empire,GeneralSheaf,true,5,5,epoch-1,2,2,confidence,0.881342654735802
roman_empire,GeneralSheaf,true,5,5,epoch-1,3,2,confidence,0.8830982927859368
roman_empire,GeneralSheaf,true,5,5,epoch-1,4,2,confidence,0.8836011917039085
roman_empire,GeneralSheaf,true,5,5,epoch-1,5,2,confidence,0.8861950367638805
roman_empire,GeneralSheaf,true,5,5,epoch-1,0,2,saliency,0.39848659027910077
roman_empire,GeneralSheaf,true,5,5,epoch-1,1,2,saliency,0.4047142289734061
roman_empire,GeneralSheaf,true,5,5,epoch-1,2,2,saliency,0.4095810354907614
roman_empire,GeneralSheaf,true,5,5,epoch-1,3,2,saliency,0.4106204267724974
roman_empire,GeneralSheaf,true,5,5,epoch-1,4,2,saliency,0.41512535511792564
roman_empire,GeneralSheaf,true,5,5,epoch-1,5,2,saliency,0.4174363034586295
roman_empire,GeneralSheaf,true,5,5,epoch-1,0,2,cohens_d_train,1.1151866
roman_empire,GeneralSheaf,true,5,5,epoch-1,1,2,cohens_d_train,1.1308991
roman_empire,GeneralSheaf,true,5,5,epoch-1,2,2,cohens_d_train,1.1409541
roman_empire,GeneralSheaf,true,5,5,epoch-1,3,2,cohens_d_train,1.1454704
roman_empire,GeneralSheaf,true,5,5,epoch-1,4,2,cohens_d_train,1.1466978
roman_empire,GeneralSheaf,true,5,5,epoch-1,5,2,cohens_d_train,1.14769
roman_empire,GeneralSheaf,true,5,5,epoch-1,0,2,cohens_d_test,1.0978156
roman_empire,GeneralSheaf,true,5,5,epoch-1,1,2,cohens_d_test,1.1127434
roman_empire,GeneralSheaf,true,5,5,epoch-1,2,2,cohens_d_test,1.1235529
roman_empire,GeneralSheaf,true,5,5,epoch-1,3,2,cohens_d_test,1.1285958
roman_empire,GeneralSheaf,true,5,5,epoch-1,4,2,cohens_d_test,1.1298763
roman_empire,GeneralSheaf,true,5,5,epoch-1,5,2,cohens_d_test,1.1324259
roman_empire,GeneralSheaf,true,5,5,epoch-1,0,3,degree,-0.14965153994374095
roman_empire,GeneralSheaf,true,5,5,epoch-1,1,3,degree,-0.13662382237015297
roman_empire,GeneralSheaf,true,5,5,epoch-1,2,3,degree,-0.13698836030209113
roman_empire,GeneralSheaf,true,5,5,epoch-1,3,3,degree,-0.13048421727713663
roman_empire,GeneralSheaf,true,5,5,epoch-1,4,3,degree,-0.12432896822681415
roman_empire,GeneralSheaf,true,5,5,epoch-1,5,3,degree,-0.11116455228009263
roman_empire,GeneralSheaf,true,5,5,epoch-1,0,3,betweenness,-0.12070287698611744
roman_empire,GeneralSheaf,true,5,5,epoch-1,1,3,betweenness,-0.1120211706943567
roman_empire,GeneralSheaf,true,5,5,epoch-1,2,3,betweenness,-0.1129931001509351
roman_empire,GeneralSheaf,true,5,5,epoch-1,3,3,betweenness,-0.10952454000219783
roman_empire,GeneralSheaf,true,5,5,epoch-1,4,3,betweenness,-0.10562020685918892
roman_empire,GeneralSheaf,true,5,5,epoch-1,5,3,betweenness,-0.09660369432144683
roman_empire,GeneralSheaf,true,5,5,epoch-1,0,3,confidence,0.7869203509904231
roman_empire,GeneralSheaf,true,5,5,epoch-1,1,3,confidence,0.7885974050014534
roman_empire,GeneralSheaf,true,5,5,epoch-1,2,3,confidence,0.7869062817846968
roman_empire,GeneralSheaf,true,5,5,epoch-1,3,3,confidence,0.7868857820575863
roman_empire,GeneralSheaf,true,5,5,epoch-1,4,3,confidence,0.7880485260687671
roman_empire,GeneralSheaf,true,5,5,epoch-1,5,3,confidence,0.78649892743973
roman_empire,GeneralSheaf,true,5,5,epoch-1,0,3,saliency,0.4502331994011878
roman_empire,GeneralSheaf,true,5,5,epoch-1,1,3,saliency,0.455674008851017
roman_empire,GeneralSheaf,true,5,5,epoch-1,2,3,saliency,0.45430681750730617
roman_empire,GeneralSheaf,true,5,5,epoch-1,3,3,saliency,0.4588757144938091
roman_empire,GeneralSheaf,true,5,5,epoch-1,4,3,saliency,0.4651418423723897
roman_empire,GeneralSheaf,true,5,5,epoch-1,5,3,saliency,0.479054464726238
roman_empire,GeneralSheaf,true,5,5,epoch-1,0,3,cohens_d_train,0.94305795
roman_empire,GeneralSheaf,true,5,5,epoch-1,1,3,cohens_d_train,0.94810504
roman_empire,GeneralSheaf,true,5,5,epoch-1,2,3,cohens_d_train,0.9508568
roman_empire,GeneralSheaf,true,5,5,epoch-1,3,3,cohens_d_train,0.955303
roman_empire,GeneralSheaf,true,5,5,epoch-1,4,3,cohens_d_train,0.9633489
roman_empire,GeneralSheaf,true,5,5,epoch-1,5,3,cohens_d_train,0.9770427
roman_empire,GeneralSheaf,true,5,5,epoch-1,0,3,cohens_d_test,0.9303296
roman_empire,GeneralSheaf,true,5,5,epoch-1,1,3,cohens_d_test,0.9345564
roman_empire,GeneralSheaf,true,5,5,epoch-1,2,3,cohens_d_test,0.9384235
roman_empire,GeneralSheaf,true,5,5,epoch-1,3,3,cohens_d_test,0.944062
roman_empire,GeneralSheaf,true,5,5,epoch-1,4,3,cohens_d_test,0.95285654
roman_empire,GeneralSheaf,true,5,5,epoch-1,5,3,cohens_d_test,0.96827316
roman_empire,GeneralSheaf,true,5,5,epoch-1,0,4,degree,-0.13964791751498
roman_empire,GeneralSheaf,true,5,5,epoch-1,1,4,degree,-0.12634857652729692
roman_empire,GeneralSheaf,true,5,5,epoch-1,2,4,degree,-0.12166252312383262
roman_empire,GeneralSheaf,true,5,5,epoch-1,3,4,degree,-0.11534266418833826
roman_empire,GeneralSheaf,true,5,5,epoch-1,4,4,degree,-0.10893734128988829
roman_empire,GeneralSheaf,true,5,5,epoch-1,5,4,degree,-0.10741567109392076
roman_empire,GeneralSheaf,true,5,5,epoch-1,0,4,betweenness,-0.11994153074929256
roman_empire,GeneralSheaf,true,5,5,epoch-1,1,4,betweenness,-0.11222249308501596
roman_empire,GeneralSheaf,true,5,5,epoch-1,2,4,betweenness,-0.10961307401214986
roman_empire,GeneralSheaf,true,5,5,epoch-1,3,4,betweenness,-0.10519576641898178
roman_empire,GeneralSheaf,true,5,5,epoch-1,4,4,betweenness,-0.10027133907914736
roman_empire,GeneralSheaf,true,5,5,epoch-1,5,4,betweenness,-0.09910630389431625
roman_empire,GeneralSheaf,true,5,5,epoch-1,0,4,confidence,0.7974201001102913
roman_empire,GeneralSheaf,true,5,5,epoch-1,1,4,confidence,0.8046892775521334
roman_empire,GeneralSheaf,true,5,5,epoch-1,2,4,confidence,0.8031902528108372
roman_empire,GeneralSheaf,true,5,5,epoch-1,3,4,confidence,0.8071249436144086
roman_empire,GeneralSheaf,true,5,5,epoch-1,4,4,confidence,0.8074964307242809
roman_empire,GeneralSheaf,true,5,5,epoch-1,5,4,confidence,0.8068685083402728
roman_empire,GeneralSheaf,true,5,5,epoch-1,0,4,saliency,0.43711305497112773
roman_empire,GeneralSheaf,true,5,5,epoch-1,1,4,saliency,0.4460273586783948
roman_empire,GeneralSheaf,true,5,5,epoch-1,2,4,saliency,0.4488460228726216
roman_empire,GeneralSheaf,true,5,5,epoch-1,3,4,saliency,0.45344859107099744
roman_empire,GeneralSheaf,true,5,5,epoch-1,4,4,saliency,0.4602444549944235
roman_empire,GeneralSheaf,true,5,5,epoch-1,5,4,saliency,0.46126991679665463
roman_empire,GeneralSheaf,true,5,5,epoch-1,0,4,cohens_d_train,1.0843176
roman_empire,GeneralSheaf,true,5,5,epoch-1,1,4,cohens_d_train,1.0948465
roman_empire,GeneralSheaf,true,5,5,epoch-1,2,4,cohens_d_train,1.0951918
roman_empire,GeneralSheaf,true,5,5,epoch-1,3,4,cohens_d_train,1.0969623
roman_empire,GeneralSheaf,true,5,5,epoch-1,4,4,cohens_d_train,1.0984888
roman_empire,GeneralSheaf,true,5,5,epoch-1,5,4,cohens_d_train,1.1005447
roman_empire,GeneralSheaf,true,5,5,epoch-1,0,4,cohens_d_test,1.1214085
roman_empire,GeneralSheaf,true,5,5,epoch-1,1,4,cohens_d_test,1.13264
roman_empire,GeneralSheaf,true,5,5,epoch-1,2,4,cohens_d_test,1.1330572
roman_empire,GeneralSheaf,true,5,5,epoch-1,3,4,cohens_d_test,1.1356615
roman_empire,GeneralSheaf,true,5,5,epoch-1,4,4,cohens_d_test,1.136462
roman_empire,GeneralSheaf,true,5,5,epoch-1,5,4,cohens_d_test,1.1382086
roman_empire,GeneralSheaf,true,5,5,epoch-1,0,5,degree,-0.13488968429260523
roman_empire,GeneralSheaf,true,5,5,epoch-1,1,5,degree,-0.1293375664153455
roman_empire,GeneralSheaf,true,5,5,epoch-1,2,5,degree,-0.12429063074457393
roman_empire,GeneralSheaf,true,5,5,epoch-1,3,5,degree,-0.11569980187984197
roman_empire,GeneralSheaf,true,5,5,epoch-1,4,5,degree,-0.11255951497068466
roman_empire,GeneralSheaf,true,5,5,epoch-1,5,5,degree,-0.10834547954992965
roman_empire,GeneralSheaf,true,5,5,epoch-1,0,5,betweenness,-0.11246071747601007
roman_empire,GeneralSheaf,true,5,5,epoch-1,1,5,betweenness,-0.1099248083121344
roman_empire,GeneralSheaf,true,5,5,epoch-1,2,5,betweenness,-0.10599444254307887
roman_empire,GeneralSheaf,true,5,5,epoch-1,3,5,betweenness,-0.10049417944743107
roman_empire,GeneralSheaf,true,5,5,epoch-1,4,5,betweenness,-0.09786092639738794
roman_empire,GeneralSheaf,true,5,5,epoch-1,5,5,betweenness,-0.09520716164726584
roman_empire,GeneralSheaf,true,5,5,epoch-1,0,5,confidence,0.8265189694023664
roman_empire,GeneralSheaf,true,5,5,epoch-1,1,5,confidence,0.8271473411806497
roman_empire,GeneralSheaf,true,5,5,epoch-1,2,5,confidence,0.8259905840827234
roman_empire,GeneralSheaf,true,5,5,epoch-1,3,5,confidence,0.8253890529940762
roman_empire,GeneralSheaf,true,5,5,epoch-1,4,5,confidence,0.825762264961367
roman_empire,GeneralSheaf,true,5,5,epoch-1,5,5,confidence,0.8245547671548303
roman_empire,GeneralSheaf,true,5,5,epoch-1,0,5,saliency,0.41471817315976756
roman_empire,GeneralSheaf,true,5,5,epoch-1,1,5,saliency,0.41605502273474904
roman_empire,GeneralSheaf,true,5,5,epoch-1,2,5,saliency,0.4167885101758698
roman_empire,GeneralSheaf,true,5,5,epoch-1,3,5,saliency,0.4136219896858213
roman_empire,GeneralSheaf,true,5,5,epoch-1,4,5,saliency,0.41308260627733623
roman_empire,GeneralSheaf,true,5,5,epoch-1,5,5,saliency,0.4122053669656528
roman_empire,GeneralSheaf,true,5,5,epoch-1,0,5,cohens_d_train,0.9864079
roman_empire,GeneralSheaf,true,5,5,epoch-1,1,5,cohens_d_train,0.99444556
roman_empire,GeneralSheaf,true,5,5,epoch-1,2,5,cohens_d_train,1.009261
roman_empire,GeneralSheaf,true,5,5,epoch-1,3,5,cohens_d_train,1.0033951
roman_empire,GeneralSheaf,true,5,5,epoch-1,4,5,cohens_d_train,1.0074
roman_empire,GeneralSheaf,true,5,5,epoch-1,5,5,cohens_d_train,1.0084872
roman_empire,GeneralSheaf,true,5,5,epoch-1,0,5,cohens_d_test,1.013056
roman_empire,GeneralSheaf,true,5,5,epoch-1,1,5,cohens_d_test,1.0209255
roman_empire,GeneralSheaf,true,5,5,epoch-1,2,5,cohens_d_test,1.0359398
roman_empire,GeneralSheaf,true,5,5,epoch-1,3,5,cohens_d_test,1.029719
roman_empire,GeneralSheaf,true,5,5,epoch-1,4,5,cohens_d_test,1.0338886
roman_empire,GeneralSheaf,true,5,5,epoch-1,5,5,cohens_d_test,1.0353502
roman_empire,GeneralSheaf,true,5,5,epoch-1,0,6,degree,-0.14056415298565098
roman_empire,GeneralSheaf,true,5,5,epoch-1,1,6,degree,-0.13355319319258785
roman_empire,GeneralSheaf,true,5,5,epoch-1,2,6,degree,-0.12687005326545545
roman_empire,GeneralSheaf,true,5,5,epoch-1,3,6,degree,-0.11810656524480767
roman_empire,GeneralSheaf,true,5,5,epoch-1,4,6,degree,-0.0988120941973521
roman_empire,GeneralSheaf,true,5,5,epoch-1,5,6,degree,-0.09942834823993879
roman_empire,GeneralSheaf,true,5,5,epoch-1,0,6,betweenness,-0.11366871904125603
roman_empire,GeneralSheaf,true,5,5,epoch-1,1,6,betweenness,-0.11008636641648065
roman_empire,GeneralSheaf,true,5,5,epoch-1,2,6,betweenness,-0.10491167785299017
roman_empire,GeneralSheaf,true,5,5,epoch-1,3,6,betweenness,-0.09902759998811815
roman_empire,GeneralSheaf,true,5,5,epoch-1,4,6,betweenness,-0.08591950174917128
roman_empire,GeneralSheaf,true,5,5,epoch-1,5,6,betweenness,-0.08610885326274005
roman_empire,GeneralSheaf,true,5,5,epoch-1,0,6,confidence,0.8176944824729293
roman_empire,GeneralSheaf,true,5,5,epoch-1,1,6,confidence,0.823769516407715
roman_empire,GeneralSheaf,true,5,5,epoch-1,2,6,confidence,0.8279455554226183
roman_empire,GeneralSheaf,true,5,5,epoch-1,3,6,confidence,0.8368339298359602
roman_empire,GeneralSheaf,true,5,5,epoch-1,4,6,confidence,0.8457419551113715
roman_empire,GeneralSheaf,true,5,5,epoch-1,5,6,confidence,0.8446454439360341
roman_empire,GeneralSheaf,true,5,5,epoch-1,0,6,saliency,0.43308054968976484
roman_empire,GeneralSheaf,true,5,5,epoch-1,1,6,saliency,0.43696500222202
roman_empire,GeneralSheaf,true,5,5,epoch-1,2,6,saliency,0.44307515209351955
roman_empire,GeneralSheaf,true,5,5,epoch-1,3,6,saliency,0.45002173050416505
roman_empire,GeneralSheaf,true,5,5,epoch-1,4,6,saliency,0.4625259128713506
roman_empire,GeneralSheaf,true,5,5,epoch-1,5,6,saliency,0.462892181021387
roman_empire,GeneralSheaf,true,5,5,epoch-1,0,6,cohens_d_train,0.9292987
roman_empire,GeneralSheaf,true,5,5,epoch-1,1,6,cohens_d_train,0.9322908
roman_empire,GeneralSheaf,true,5,5,epoch-1,2,6,cohens_d_train,0.93817264
roman_empire,GeneralSheaf,true,5,5,epoch-1,3,6,cohens_d_train,0.9500393
roman_empire,GeneralSheaf,true,5,5,epoch-1,4,6,cohens_d_train,0.96136814
roman_empire,GeneralSheaf,true,5,5,epoch-1,5,6,cohens_d_train,0.9569891
roman_empire,GeneralSheaf,true,5,5,epoch-1,0,6,cohens_d_test,0.9654615
roman_empire,GeneralSheaf,true,5,5,epoch-1,1,6,cohens_d_test,0.9684305
roman_empire,GeneralSheaf,true,5,5,epoch-1,2,6,cohens_d_test,0.9746762
roman_empire,GeneralSheaf,true,5,5,epoch-1,3,6,cohens_d_test,0.98548067
roman_empire,GeneralSheaf,true,5,5,epoch-1,4,6,cohens_d_test,0.99700695
roman_empire,GeneralSheaf,true,5,5,epoch-1,5,6,cohens_d_test,0.99352205
roman_empire,GeneralSheaf,true,5,5,epoch-1,0,7,degree,-0.14327336763328188
roman_empire,GeneralSheaf,true,5,5,epoch-1,1,7,degree,-0.13688189851760935
roman_empire,GeneralSheaf,true,5,5,epoch-1,2,7,degree,-0.13909249114698843
roman_empire,GeneralSheaf,true,5,5,epoch-1,3,7,degree,-0.1340809394497762
roman_empire,GeneralSheaf,true,5,5,epoch-1,4,7,degree,-0.1281719397799468
roman_empire,GeneralSheaf,true,5,5,epoch-1,5,7,degree,-0.12341973483294498
roman_empire,GeneralSheaf,true,5,5,epoch-1,0,7,betweenness,-0.1086440690832083
roman_empire,GeneralSheaf,true,5,5,epoch-1,1,7,betweenness,-0.10575829513093951
roman_empire,GeneralSheaf,true,5,5,epoch-1,2,7,betweenness,-0.10700300781202693
roman_empire,GeneralSheaf,true,5,5,epoch-1,3,7,betweenness,-0.10383019394668794
roman_empire,GeneralSheaf,true,5,5,epoch-1,4,7,betweenness,-0.10037080180990651
roman_empire,GeneralSheaf,true,5,5,epoch-1,5,7,betweenness,-0.0969397080484901
roman_empire,GeneralSheaf,true,5,5,epoch-1,0,7,confidence,0.7913202545043585
roman_empire,GeneralSheaf,true,5,5,epoch-1,1,7,confidence,0.7884544018265934
roman_empire,GeneralSheaf,true,5,5,epoch-1,2,7,confidence,0.7900123611957982
roman_empire,GeneralSheaf,true,5,5,epoch-1,3,7,confidence,0.7863390457072077
roman_empire,GeneralSheaf,true,5,5,epoch-1,4,7,confidence,0.7851225621062614
roman_empire,GeneralSheaf,true,5,5,epoch-1,5,7,confidence,0.7845297414521861
roman_empire,GeneralSheaf,true,5,5,epoch-1,0,7,saliency,0.34690135083244933
roman_empire,GeneralSheaf,true,5,5,epoch-1,1,7,saliency,0.3509779304189454
roman_empire,GeneralSheaf,true,5,5,epoch-1,2,7,saliency,0.3517295955526002
roman_empire,GeneralSheaf,true,5,5,epoch-1,3,7,saliency,0.3527466045127748
roman_empire,GeneralSheaf,true,5,5,epoch-1,4,7,saliency,0.35491299955499483
roman_empire,GeneralSheaf,true,5,5,epoch-1,5,7,saliency,0.35598894588185376
roman_empire,GeneralSheaf,true,5,5,epoch-1,0,7,cohens_d_train,1.140093
roman_empire,GeneralSheaf,true,5,5,epoch-1,1,7,cohens_d_train,1.1436568
roman_empire,GeneralSheaf,true,5,5,epoch-1,2,7,cohens_d_train,1.1488051
roman_empire,GeneralSheaf,true,5,5,epoch-1,3,7,cohens_d_train,1.1441588
roman_empire,GeneralSheaf,true,5,5,epoch-1,4,7,cohens_d_train,1.1462615
roman_empire,GeneralSheaf,true,5,5,epoch-1,5,7,cohens_d_train,1.1558895
roman_empire,GeneralSheaf,true,5,5,epoch-1,0,7,cohens_d_test,1.16887
roman_empire,GeneralSheaf,true,5,5,epoch-1,1,7,cohens_d_test,1.1737984
roman_empire,GeneralSheaf,true,5,5,epoch-1,2,7,cohens_d_test,1.1782949
roman_empire,GeneralSheaf,true,5,5,epoch-1,3,7,cohens_d_test,1.1743635
roman_empire,GeneralSheaf,true,5,5,epoch-1,4,7,cohens_d_test,1.1761473
roman_empire,GeneralSheaf,true,5,5,epoch-1,5,7,cohens_d_test,1.18581
roman_empire,GeneralSheaf,true,5,5,epoch-1,0,8,degree,-0.13976695434798914
roman_empire,GeneralSheaf,true,5,5,epoch-1,1,8,degree,-0.12790574302125568
roman_empire,GeneralSheaf,true,5,5,epoch-1,2,8,degree,-0.12608045811556579
roman_empire,GeneralSheaf,true,5,5,epoch-1,3,8,degree,-0.11856029515813335
roman_empire,GeneralSheaf,true,5,5,epoch-1,4,8,degree,-0.1096870245260406
roman_empire,GeneralSheaf,true,5,5,epoch-1,5,8,degree,-0.10138709025511068
roman_empire,GeneralSheaf,true,5,5,epoch-1,0,8,betweenness,-0.11206772847150714
roman_empire,GeneralSheaf,true,5,5,epoch-1,1,8,betweenness,-0.10521925208289355
roman_empire,GeneralSheaf,true,5,5,epoch-1,2,8,betweenness,-0.10404766534514209
roman_empire,GeneralSheaf,true,5,5,epoch-1,3,8,betweenness,-0.09982119804550685
roman_empire,GeneralSheaf,true,5,5,epoch-1,4,8,betweenness,-0.09379864420850378
roman_empire,GeneralSheaf,true,5,5,epoch-1,5,8,betweenness,-0.08844093341572738
roman_empire,GeneralSheaf,true,5,5,epoch-1,0,8,confidence,0.7705521979476352
roman_empire,GeneralSheaf,true,5,5,epoch-1,1,8,confidence,0.772634216624358
roman_empire,GeneralSheaf,true,5,5,epoch-1,2,8,confidence,0.7728431510026593
roman_empire,GeneralSheaf,true,5,5,epoch-1,3,8,confidence,0.7736913890297755
roman_empire,GeneralSheaf,true,5,5,epoch-1,4,8,confidence,0.7744487462964074
roman_empire,GeneralSheaf,true,5,5,epoch-1,5,8,confidence,0.7772071443884461
roman_empire,GeneralSheaf,true,5,5,epoch-1,0,8,saliency,0.42121950557279814
roman_empire,GeneralSheaf,true,5,5,epoch-1,1,8,saliency,0.4295777347367686
roman_empire,GeneralSheaf,true,5,5,epoch-1,2,8,saliency,0.43257946245894013
roman_empire,GeneralSheaf,true,5,5,epoch-1,3,8,saliency,0.43497395198214167
roman_empire,GeneralSheaf,true,5,5,epoch-1,4,8,saliency,0.43889115335619405
roman_empire,GeneralSheaf,true,5,5,epoch-1,5,8,saliency,0.4423317450300785
roman_empire,GeneralSheaf,true,5,5,epoch-1,0,8,cohens_d_train,1.2335789
roman_empire,GeneralSheaf,true,5,5,epoch-1,1,8,cohens_d_train,1.2391555
roman_empire,GeneralSheaf,true,5,5,epoch-1,2,8,cohens_d_train,1.2384615
roman_empire,GeneralSheaf,true,5,5,epoch-1,3,8,cohens_d_train,1.239709
roman_empire,GeneralSheaf,true,5,5,epoch-1,4,8,cohens_d_train,1.2388743
roman_empire,GeneralSheaf,true,5,5,epoch-1,5,8,cohens_d_train,1.2366045
roman_empire,GeneralSheaf,true,5,5,epoch-1,0,8,cohens_d_test,1.2054794
roman_empire,GeneralSheaf,true,5,5,epoch-1,1,8,cohens_d_test,1.2115055
roman_empire,GeneralSheaf,true,5,5,epoch-1,2,8,cohens_d_test,1.2109239
roman_empire,GeneralSheaf,true,5,5,epoch-1,3,8,cohens_d_test,1.2146648
roman_empire,GeneralSheaf,true,5,5,epoch-1,4,8,cohens_d_test,1.2144552
roman_empire,GeneralSheaf,true,5,5,epoch-1,5,8,cohens_d_test,1.21162
roman_empire,GeneralSheaf,true,5,5,epoch-1,0,9,degree,-0.13610056865411135
roman_empire,GeneralSheaf,true,5,5,epoch-1,1,9,degree,-0.12634257595527815
roman_empire,GeneralSheaf,true,5,5,epoch-1,2,9,degree,-0.12058000466176325
roman_empire,GeneralSheaf,true,5,5,epoch-1,3,9,degree,-0.11281145837920374
roman_empire,GeneralSheaf,true,5,5,epoch-1,4,9,degree,-0.10577643307812751
roman_empire,GeneralSheaf,true,5,5,epoch-1,5,9,degree,-0.10294121913302072
roman_empire,GeneralSheaf,true,5,5,epoch-1,0,9,betweenness,-0.11530940600648812
roman_empire,GeneralSheaf,true,5,5,epoch-1,1,9,betweenness,-0.10975215642305544
roman_empire,GeneralSheaf,true,5,5,epoch-1,2,9,betweenness,-0.10588626276062557
roman_empire,GeneralSheaf,true,5,5,epoch-1,3,9,betweenness,-0.10015115828589656
roman_empire,GeneralSheaf,true,5,5,epoch-1,4,9,betweenness,-0.09528996193358344
roman_empire,GeneralSheaf,true,5,5,epoch-1,5,9,betweenness,-0.09337323597530096
roman_empire,GeneralSheaf,true,5,5,epoch-1,0,9,confidence,0.7777574069548334
roman_empire,GeneralSheaf,true,5,5,epoch-1,1,9,confidence,0.7859651756904426
roman_empire,GeneralSheaf,true,5,5,epoch-1,2,9,confidence,0.7993130692117508
roman_empire,GeneralSheaf,true,5,5,epoch-1,3,9,confidence,0.8092542916246449
roman_empire,GeneralSheaf,true,5,5,epoch-1,4,9,confidence,0.816401384188697
roman_empire,GeneralSheaf,true,5,5,epoch-1,5,9,confidence,0.8186190545849095
roman_empire,GeneralSheaf,true,5,5,epoch-1,0,9,saliency,0.3414642079126995
roman_empire,GeneralSheaf,true,5,5,epoch-1,1,9,saliency,0.3449860707652071
roman_empire,GeneralSheaf,true,5,5,epoch-1,2,9,saliency,0.34896303868919976
roman_empire,GeneralSheaf,true,5,5,epoch-1,3,9,saliency,0.3502825275849079
roman_empire,GeneralSheaf,true,5,5,epoch-1,4,9,saliency,0.3521837629645101
roman_empire,GeneralSheaf,true,5,5,epoch-1,5,9,saliency,0.3522729822297631
roman_empire,GeneralSheaf,true,5,5,epoch-1,0,9,cohens_d_train,1.0818822
roman_empire,GeneralSheaf,true,5,5,epoch-1,1,9,cohens_d_train,1.0885303
roman_empire,GeneralSheaf,true,5,5,epoch-1,2,9,cohens_d_train,1.1010954
roman_empire,GeneralSheaf,true,5,5,epoch-1,3,9,cohens_d_train,1.1129633
roman_empire,GeneralSheaf,true,5,5,epoch-1,4,9,cohens_d_train,1.1181839
roman_empire,GeneralSheaf,true,5,5,epoch-1,5,9,cohens_d_train,1.1199473
roman_empire,GeneralSheaf,true,5,5,epoch-1,0,9,cohens_d_test,1.0839946
roman_empire,GeneralSheaf,true,5,5,epoch-1,1,9,cohens_d_test,1.0912557
roman_empire,GeneralSheaf,true,5,5,epoch-1,2,9,cohens_d_test,1.1055145
roman_empire,GeneralSheaf,true,5,5,epoch-1,3,9,cohens_d_test,1.1177684
roman_empire,GeneralSheaf,true,5,5,epoch-1,4,9,cohens_d_test,1.1235783
roman_empire,GeneralSheaf,true,5,5,epoch-1,5,9,cohens_d_test,1.1251421
roman_empire,GeneralSheaf,true,5,5,epoch-5,0,0,degree,-0.15878100643606446
roman_empire,GeneralSheaf,true,5,5,epoch-5,1,0,degree,-0.04686427292352839
roman_empire,GeneralSheaf,true,5,5,epoch-5,2,0,degree,0.024162418550413237
roman_empire,GeneralSheaf,true,5,5,epoch-5,3,0,degree,0.06804776146173892
roman_empire,GeneralSheaf,true,5,5,epoch-5,4,0,degree,0.11205862186100256
roman_empire,GeneralSheaf,true,5,5,epoch-5,5,0,degree,0.13857231733133543
roman_empire,GeneralSheaf,true,5,5,epoch-5,0,0,betweenness,-0.1413613672704899
roman_empire,GeneralSheaf,true,5,5,epoch-5,1,0,betweenness,-0.0541935771462726
roman_empire,GeneralSheaf,true,5,5,epoch-5,2,0,betweenness,-0.0027920345265059466
roman_empire,GeneralSheaf,true,5,5,epoch-5,3,0,betweenness,0.033266722519481325
roman_empire,GeneralSheaf,true,5,5,epoch-5,4,0,betweenness,0.07263883866483281
roman_empire,GeneralSheaf,true,5,5,epoch-5,5,0,betweenness,0.09427226389903545
roman_empire,GeneralSheaf,true,5,5,epoch-5,0,0,confidence,0.6062436222667951
roman_empire,GeneralSheaf,true,5,5,epoch-5,1,0,confidence,0.8681519492406544
roman_empire,GeneralSheaf,true,5,5,epoch-5,2,0,confidence,0.9381533580306274
roman_empire,GeneralSheaf,true,5,5,epoch-5,3,0,confidence,0.9552754553592762
roman_empire,GeneralSheaf,true,5,5,epoch-5,4,0,confidence,0.9615306792544314
roman_empire,GeneralSheaf,true,5,5,epoch-5,5,0,confidence,0.9625569630099946
roman_empire,GeneralSheaf,true,5,5,epoch-5,0,0,saliency,0.1059277020832093
roman_empire,GeneralSheaf,true,5,5,epoch-5,1,0,saliency,0.09901625947663904
roman_empire,GeneralSheaf,true,5,5,epoch-5,2,0,saliency,0.09732253262911672
roman_empire,GeneralSheaf,true,5,5,epoch-5,3,0,saliency,0.08670387168689403
roman_empire,GeneralSheaf,true,5,5,epoch-5,4,0,saliency,0.07136044539765919
roman_empire,GeneralSheaf,true,5,5,epoch-5,5,0,saliency,0.06846469351948074
roman_empire,GeneralSheaf,true,5,5,epoch-5,0,0,cohens_d_train,1.0083781
roman_empire,GeneralSheaf,true,5,5,epoch-5,1,0,cohens_d_train,1.0910003
roman_empire,GeneralSheaf,true,5,5,epoch-5,2,0,cohens_d_train,1.1241674
roman_empire,GeneralSheaf,true,5,5,epoch-5,3,0,cohens_d_train,1.1056389
roman_empire,GeneralSheaf,true,5,5,epoch-5,4,0,cohens_d_train,1.0710994
roman_empire,GeneralSheaf,true,5,5,epoch-5,5,0,cohens_d_train,1.0593333
roman_empire,GeneralSheaf,true,5,5,epoch-5,0,0,cohens_d_test,1.0177978
roman_empire,GeneralSheaf,true,5,5,epoch-5,1,0,cohens_d_test,1.1022073
roman_empire,GeneralSheaf,true,5,5,epoch-5,2,0,cohens_d_test,1.1410921
roman_empire,GeneralSheaf,true,5,5,epoch-5,3,0,cohens_d_test,1.1296998
roman_empire,GeneralSheaf,true,5,5,epoch-5,4,0,cohens_d_test,1.1026828
roman_empire,GeneralSheaf,true,5,5,epoch-5,5,0,cohens_d_test,1.0880895
roman_empire,GeneralSheaf,true,5,5,epoch-5,0,1,degree,-0.15777125225789684
roman_empire,GeneralSheaf,true,5,5,epoch-5,1,1,degree,-0.02517131763967398
roman_empire,GeneralSheaf,true,5,5,epoch-5,2,1,degree,0.05449495172602094
roman_empire,GeneralSheaf,true,5,5,epoch-5,3,1,degree,0.12200209563011838
roman_empire,GeneralSheaf,true,5,5,epoch-5,4,1,degree,0.1384655867036866
roman_empire,GeneralSheaf,true,5,5,epoch-5,5,1,degree,0.14116940525503704
roman_empire,GeneralSheaf,true,5,5,epoch-5,0,1,betweenness,-0.14257224733996252
roman_empire,GeneralSheaf,true,5,5,epoch-5,1,1,betweenness,-0.04455057669147183
roman_empire,GeneralSheaf,true,5,5,epoch-5,2,1,betweenness,0.017170831562391135
roman_empire,GeneralSheaf,true,5,5,epoch-5,3,1,betweenness,0.06940621408326612
roman_empire,GeneralSheaf,true,5,5,epoch-5,4,1,betweenness,0.07470104252357658
roman_empire,GeneralSheaf,true,5,5,epoch-5,5,1,betweenness,0.08045716560725087
roman_empire,GeneralSheaf,true,5,5,epoch-5,0,1,confidence,0.7243584979923079
roman_empire,GeneralSheaf,true,5,5,epoch-5,1,1,confidence,0.9313488743921386
roman_empire,GeneralSheaf,true,5,5,epoch-5,2,1,confidence,0.9558723434259659
roman_empire,GeneralSheaf,true,5,5,epoch-5,3,1,confidence,0.9291990329282663
roman_empire,GeneralSheaf,true,5,5,epoch-5,4,1,confidence,0.9251167538860112
roman_empire,GeneralSheaf,true,5,5,epoch-5,5,1,confidence,0.933114122779233
roman_empire,GeneralSheaf,true,5,5,epoch-5,0,1,saliency,-0.16920121391959142
roman_empire,GeneralSheaf,true,5,5,epoch-5,1,1,saliency,-0.08456985253683483
roman_empire,GeneralSheaf,true,5,5,epoch-5,2,1,saliency,-0.05304141809469681
roman_empire,GeneralSheaf,true,5,5,epoch-5,3,1,saliency,-0.029774171346258437
roman_empire,GeneralSheaf,true,5,5,epoch-5,4,1,saliency,-0.029211254028965447
roman_empire,GeneralSheaf,true,5,5,epoch-5,5,1,saliency,-0.03355755077633747
roman_empire,GeneralSheaf,true,5,5,epoch-5,0,1,cohens_d_train,1.0243815
roman_empire,GeneralSheaf,true,5,5,epoch-5,1,1,cohens_d_train,1.119872
roman_empire,GeneralSheaf,true,5,5,epoch-5,2,1,cohens_d_train,1.1463091
roman_empire,GeneralSheaf,true,5,5,epoch-5,3,1,cohens_d_train,1.105295
roman_empire,GeneralSheaf,true,5,5,epoch-5,4,1,cohens_d_train,1.1244951
roman_empire,GeneralSheaf,true,5,5,epoch-5,5,1,cohens_d_train,1.1431179
roman_empire,GeneralSheaf,true,5,5,epoch-5,0,1,cohens_d_test,1.0462421
roman_empire,GeneralSheaf,true,5,5,epoch-5,1,1,cohens_d_test,1.1527104
roman_empire,GeneralSheaf,true,5,5,epoch-5,2,1,cohens_d_test,1.1829315
roman_empire,GeneralSheaf,true,5,5,epoch-5,3,1,cohens_d_test,1.1392007
roman_empire,GeneralSheaf,true,5,5,epoch-5,4,1,cohens_d_test,1.1596292
roman_empire,GeneralSheaf,true,5,5,epoch-5,5,1,cohens_d_test,1.1844676
roman_empire,GeneralSheaf,true,5,5,epoch-5,0,2,degree,-0.15526826312774306
roman_empire,GeneralSheaf,true,5,5,epoch-5,1,2,degree,-0.05474592480399123
roman_empire,GeneralSheaf,true,5,5,epoch-5,2,2,degree,0.024234155271459116
roman_empire,GeneralSheaf,true,5,5,epoch-5,3,2,degree,0.08078134002936829
roman_empire,GeneralSheaf,true,5,5,epoch-5,4,2,degree,0.11833347477668425
roman_empire,GeneralSheaf,true,5,5,epoch-5,5,2,degree,0.12525875639223663
roman_empire,GeneralSheaf,true,5,5,epoch-5,0,2,betweenness,-0.14062958862826877
roman_empire,GeneralSheaf,true,5,5,epoch-5,1,2,betweenness,-0.05584806057175717
roman_empire,GeneralSheaf,true,5,5,epoch-5,2,2,betweenness,-0.001617551167892837
roman_empire,GeneralSheaf,true,5,5,epoch-5,3,2,betweenness,0.045762384384994685
roman_empire,GeneralSheaf,true,5,5,epoch-5,4,2,betweenness,0.06985341630726012
roman_empire,GeneralSheaf,true,5,5,epoch-5,5,2,betweenness,0.07747444371256755
roman_empire,GeneralSheaf,true,5,5,epoch-5,0,2,confidence,0.682995620251269
roman_empire,GeneralSheaf,true,5,5,epoch-5,1,2,confidence,0.9144765068896537
roman_empire,GeneralSheaf,true,5,5,epoch-5,2,2,confidence,0.9631754825589762
roman_empire,GeneralSheaf,true,5,5,epoch-5,3,2,confidence,0.9617925375966364
roman_empire,GeneralSheaf,true,5,5,epoch-5,4,2,confidence,0.950375440711776
roman_empire,GeneralSheaf,true,5,5,epoch-5,5,2,confidence,0.9353751023755553
roman_empire,GeneralSheaf,true,5,5,epoch-5,0,2,saliency,-0.03310243599878245
roman_empire,GeneralSheaf,true,5,5,epoch-5,1,2,saliency,-0.07967221425201122
roman_empire,GeneralSheaf,true,5,5,epoch-5,2,2,saliency,-0.10331722017253235
roman_empire,GeneralSheaf,true,5,5,epoch-5,3,2,saliency,-0.1374801040357579
roman_empire,GeneralSheaf,true,5,5,epoch-5,4,2,saliency,-0.15211980930734756
roman_empire,GeneralSheaf,true,5,5,epoch-5,5,2,saliency,-0.1713176713926282
roman_empire,GeneralSheaf,true,5,5,epoch-5,0,2,cohens_d_train,1.0901725
roman_empire,GeneralSheaf,true,5,5,epoch-5,1,2,cohens_d_train,1.2164326
roman_empire,GeneralSheaf,true,5,5,epoch-5,2,2,cohens_d_train,1.2673906
roman_empire,GeneralSheaf,true,5,5,epoch-5,3,2,cohens_d_train,1.2988981
roman_empire,GeneralSheaf,true,5,5,epoch-5,4,2,cohens_d_train,1.3426373
roman_empire,GeneralSheaf,true,5,5,epoch-5,5,2,cohens_d_train,1.3625906
roman_empire,GeneralSheaf,true,5,5,epoch-5,0,2,cohens_d_test,1.1239303
roman_empire,GeneralSheaf,true,5,5,epoch-5,1,2,cohens_d_test,1.2496248
roman_empire,GeneralSheaf,true,5,5,epoch-5,2,2,cohens_d_test,1.2986418
roman_empire,GeneralSheaf,true,5,5,epoch-5,3,2,cohens_d_test,1.3236436
roman_empire,GeneralSheaf,true,5,5,epoch-5,4,2,cohens_d_test,1.3692319
roman_empire,GeneralSheaf,true,5,5,epoch-5,5,2,cohens_d_test,1.3835247
roman_empire,GeneralSheaf,true,5,5,epoch-5,0,3,degree,-0.15909707538923573
roman_empire,GeneralSheaf,true,5,5,epoch-5,1,3,degree,-0.016553168092070965
roman_empire,GeneralSheaf,true,5,5,epoch-5,2,3,degree,0.042861891821964676
roman_empire,GeneralSheaf,true,5,5,epoch-5,3,3,degree,0.09036591208635965
roman_empire,GeneralSheaf,true,5,5,epoch-5,4,3,degree,0.12726091553367994
roman_empire,GeneralSheaf,true,5,5,epoch-5,5,3,degree,0.14719788773391745
roman_empire,GeneralSheaf,true,5,5,epoch-5,0,3,betweenness,-0.14599336734172663
roman_empire,GeneralSheaf,true,5,5,epoch-5,1,3,betweenness,-0.0334177855698064
roman_empire,GeneralSheaf,true,5,5,epoch-5,2,3,betweenness,0.006522838070889999
roman_empire,GeneralSheaf,true,5,5,epoch-5,3,3,betweenness,0.04088941243898873
roman_empire,GeneralSheaf,true,5,5,epoch-5,4,3,betweenness,0.06733031586159181
roman_empire,GeneralSheaf,true,5,5,epoch-5,5,3,betweenness,0.0853737587860774
roman_empire,GeneralSheaf,true,5,5,epoch-5,0,3,confidence,0.6287381330939774
roman_empire,GeneralSheaf,true,5,5,epoch-5,1,3,confidence,0.9057292623658674
roman_empire,GeneralSheaf,true,5,5,epoch-5,2,3,confidence,0.945066516350776
roman_empire,GeneralSheaf,true,5,5,epoch-5,3,3,confidence,0.9578576464378307
roman_empire,GeneralSheaf,true,5,5,epoch-5,4,3,confidence,0.9480055208074026
roman_empire,GeneralSheaf,true,5,5,epoch-5,5,3,confidence,0.937195852152884
roman_empire,GeneralSheaf,true,5,5,epoch-5,0,3,saliency,0.0854041995031201
roman_empire,GeneralSheaf,true,5,5,epoch-5,1,3,saliency,0.06567796454171637
roman_empire,GeneralSheaf,true,5,5,epoch-5,2,3,saliency,0.05172785336569451
roman_empire,GeneralSheaf,true,5,5,epoch-5,3,3,saliency,0.017168466742414342
roman_empire,GeneralSheaf,true,5,5,epoch-5,4,3,saliency,0.0008705874660265587
roman_empire,GeneralSheaf,true,5,5,epoch-5,5,3,saliency,-0.004297833186503363
roman_empire,GeneralSheaf,true,5,5,epoch-5,0,3,cohens_d_train,1.0088028
roman_empire,GeneralSheaf,true,5,5,epoch-5,1,3,cohens_d_train,1.1173614
roman_empire,GeneralSheaf,true,5,5,epoch-5,2,3,cohens_d_train,1.143365
roman_empire,GeneralSheaf,true,5,5,epoch-5,3,3,cohens_d_train,1.1474618
roman_empire,GeneralSheaf,true,5,5,epoch-5,4,3,cohens_d_train,1.1206979
roman_empire,GeneralSheaf,true,5,5,epoch-5,5,3,cohens_d_train,1.0853177
roman_empire,GeneralSheaf,true,5,5,epoch-5,0,3,cohens_d_test,0.98976076
roman_empire,GeneralSheaf,true,5,5,epoch-5,1,3,cohens_d_test,1.1099147
roman_empire,GeneralSheaf,true,5,5,epoch-5,2,3,cohens_d_test,1.1462142
roman_empire,GeneralSheaf,true,5,5,epoch-5,3,3,cohens_d_test,1.1562554
roman_empire,GeneralSheaf,true,5,5,epoch-5,4,3,cohens_d_test,1.1355544
roman_empire,GeneralSheaf,true,5,5,epoch-5,5,3,cohens_d_test,1.0991888
roman_empire,GeneralSheaf,true,5,5,epoch-5,0,4,degree,-0.1605304085152792
roman_empire,GeneralSheaf,true,5,5,epoch-5,1,4,degree,-0.005812158587018983
roman_empire,GeneralSheaf,true,5,5,epoch-5,2,4,degree,0.05219747583151426
roman_empire,GeneralSheaf,true,5,5,epoch-5,3,4,degree,0.08283956246273311
roman_empire,GeneralSheaf,true,5,5,epoch-5,4,4,degree,0.12235649611288685
roman_empire,GeneralSheaf,true,5,5,epoch-5,5,4,degree,0.13744359511150192
roman_empire,GeneralSheaf,true,5,5,epoch-5,0,4,betweenness,-0.15178668618471586
roman_empire,GeneralSheaf,true,5,5,epoch-5,1,4,betweenness,-0.03188995834148332
roman_empire,GeneralSheaf,true,5,5,epoch-5,2,4,betweenness,0.010316020865942587
roman_empire,GeneralSheaf,true,5,5,epoch-5,3,4,betweenness,0.042686313869556215
roman_empire,GeneralSheaf,true,5,5,epoch-5,4,4,betweenness,0.0688248231352606
roman_empire,GeneralSheaf,true,5,5,epoch-5,5,4,betweenness,0.07888503854934541
roman_empire,GeneralSheaf,true,5,5,epoch-5,0,4,confidence,0.6738742028059629
roman_empire,GeneralSheaf,true,5,5,epoch-5,1,4,confidence,0.9318261247709325
roman_empire,GeneralSheaf,true,5,5,epoch-5,2,4,confidence,0.9568022346184634
roman_empire,GeneralSheaf,true,5,5,epoch-5,3,4,confidence,0.9558586285004401
roman_empire,GeneralSheaf,true,5,5,epoch-5,4,4,confidence,0.9428567916123195
roman_empire,GeneralSheaf,true,5,5,epoch-5,5,4,confidence,0.9358594967274267
roman_empire,GeneralSheaf,true,5,5,epoch-5,0,4,saliency,-0.0267199181622557
roman_empire,GeneralSheaf,true,5,5,epoch-5,1,4,saliency,-0.05812372154415587
roman_empire,GeneralSheaf,true,5,5,epoch-5,2,4,saliency,-0.06517294391768236
roman_empire,GeneralSheaf,true,5,5,epoch-5,3,4,saliency,-0.07687509949066379
roman_empire,GeneralSheaf,true,5,5,epoch-5,4,4,saliency,-0.08568721042376104
roman_empire,GeneralSheaf,true,5,5,epoch-5,5,4,saliency,-0.09242063390067197
roman_empire,GeneralSheaf,true,5,5,epoch-5,0,4,cohens_d_train,1.0609827
roman_empire,GeneralSheaf,true,5,5,epoch-5,1,4,cohens_d_train,1.186644
roman_empire,GeneralSheaf,true,5,5,epoch-5,2,4,cohens_d_train,1.2373272
roman_empire,GeneralSheaf,true,5,5,epoch-5,3,4,cohens_d_train,1.215284
roman_empire,GeneralSheaf,true,5,5,epoch-5,4,4,cohens_d_train,1.213899
roman_empire,GeneralSheaf,true,5,5,epoch-5,5,4,cohens_d_train,1.2055463
roman_empire,GeneralSheaf,true,5,5,epoch-5,0,4,cohens_d_test,1.0794836
roman_empire,GeneralSheaf,true,5,5,epoch-5,1,4,cohens_d_test,1.2124226
roman_empire,GeneralSheaf,true,5,5,epoch-5,2,4,cohens_d_test,1.268055
roman_empire,GeneralSheaf,true,5,5,epoch-5,3,4,cohens_d_test,1.2385755
roman_empire,GeneralSheaf,true,5,5,epoch-5,4,4,cohens_d_test,1.2390213
roman_empire,GeneralSheaf,true,5,5,epoch-5,5,4,cohens_d_test,1.2343795
roman_empire,GeneralSheaf,true,5,5,epoch-5,0,5,degree,-0.1621763886683
roman_empire,GeneralSheaf,true,5,5,epoch-5,1,5,degree,-0.009269166183780946
roman_empire,GeneralSheaf,true,5,5,epoch-5,2,5,degree,0.040010401766207834
roman_empire,GeneralSheaf,true,5,5,epoch-5,3,5,degree,0.0873799135293869
roman_empire,GeneralSheaf,true,5,5,epoch-5,4,5,degree,0.10805719580743496
roman_empire,GeneralSheaf,true,5,5,epoch-5,5,5,degree,0.12254747034823292
roman_empire,GeneralSheaf,true,5,5,epoch-5,0,5,betweenness,-0.1485240770075553
roman_empire,GeneralSheaf,true,5,5,epoch-5,1,5,betweenness,-0.033382421688416715
roman_empire,GeneralSheaf,true,5,5,epoch-5,2,5,betweenness,0.0029333258116144853
roman_empire,GeneralSheaf,true,5,5,epoch-5,3,5,betweenness,0.03613309806237034
roman_empire,GeneralSheaf,true,5,5,epoch-5,4,5,betweenness,0.057921125561299525
roman_empire,GeneralSheaf,true,5,5,epoch-5,5,5,betweenness,0.07005305707719954
roman_empire,GeneralSheaf,true,5,5,epoch-5,0,5,confidence,0.6681080161569349
roman_empire,GeneralSheaf,true,5,5,epoch-5,1,5,confidence,0.9160684829278032
roman_empire,GeneralSheaf,true,5,5,epoch-5,2,5,confidence,0.946546064678212
roman_empire,GeneralSheaf,true,5,5,epoch-5,3,5,confidence,0.9486105784524576
roman_empire,GeneralSheaf,true,5,5,epoch-5,4,5,confidence,0.9440993163481121
roman_empire,GeneralSheaf,true,5,5,epoch-5,5,5,confidence,0.938104127687385
roman_empire,GeneralSheaf,true,5,5,epoch-5,0,5,saliency,-0.08338417723164637
roman_empire,GeneralSheaf,true,5,5,epoch-5,1,5,saliency,-0.08263715440986727
roman_empire,GeneralSheaf,true,5,5,epoch-5,2,5,saliency,-0.09182366608738125
roman_empire,GeneralSheaf,true,5,5,epoch-5,3,5,saliency,-0.10841097016487967
roman_empire,GeneralSheaf,true,5,5,epoch-5,4,5,saliency,-0.11170329057554004
roman_empire,GeneralSheaf,true,5,5,epoch-5,5,5,saliency,-0.11217447140928646
roman_empire,GeneralSheaf,true,5,5,epoch-5,0,5,cohens_d_train,0.9556322
roman_empire,GeneralSheaf,true,5,5,epoch-5,1,5,cohens_d_train,1.0540152
roman_empire,GeneralSheaf,true,5,5,epoch-5,2,5,cohens_d_train,1.06721
roman_empire,GeneralSheaf,true,5,5,epoch-5,3,5,cohens_d_train,1.1120248
roman_empire,GeneralSheaf,true,5,5,epoch-5,4,5,cohens_d_train,1.128229
roman_empire,GeneralSheaf,true,5,5,epoch-5,5,5,cohens_d_train,1.1233715
roman_empire,GeneralSheaf,true,5,5,epoch-5,0,5,cohens_d_test,0.95067257
roman_empire,GeneralSheaf,true,5,5,epoch-5,1,5,cohens_d_test,1.0569049
roman_empire,GeneralSheaf,true,5,5,epoch-5,2,5,cohens_d_test,1.073194
roman_empire,GeneralSheaf,true,5,5,epoch-5,3,5,cohens_d_test,1.1175625
roman_empire,GeneralSheaf,true,5,5,epoch-5,4,5,cohens_d_test,1.1346217
roman_empire,GeneralSheaf,true,5,5,epoch-5,5,5,cohens_d_test,1.1290547
roman_empire,GeneralSheaf,true,5,5,epoch-5,0,6,degree,-0.1603814884538548
roman_empire,GeneralSheaf,true,5,5,epoch-5,1,6,degree,-0.03940343426592245
roman_empire,GeneralSheaf,true,5,5,epoch-5,2,6,degree,0.03298311348241702
roman_empire,GeneralSheaf,true,5,5,epoch-5,3,6,degree,0.08459640423448177
roman_empire,GeneralSheaf,true,5,5,epoch-5,4,6,degree,0.0986734440482708
roman_empire,GeneralSheaf,true,5,5,epoch-5,5,6,degree,0.12138201864426935
roman_empire,GeneralSheaf,true,5,5,epoch-5,0,6,betweenness,-0.14255883845508166
roman_empire,GeneralSheaf,true,5,5,epoch-5,1,6,betweenness,-0.048535705078603227
roman_empire,GeneralSheaf,true,5,5,epoch-5,2,6,betweenness,0.009659950321971407
roman_empire,GeneralSheaf,true,5,5,epoch-5,3,6,betweenness,0.053407398979802324
roman_empire,GeneralSheaf,true,5,5,epoch-5,4,6,betweenness,0.06034156588787428
roman_empire,GeneralSheaf,true,5,5,epoch-5,5,6,betweenness,0.07614206513186683
roman_empire,GeneralSheaf,true,5,5,epoch-5,0,6,confidence,0.6774101417955577
roman_empire,GeneralSheaf,true,5,5,epoch-5,1,6,confidence,0.9051756972146057
roman_empire,GeneralSheaf,true,5,5,epoch-5,2,6,confidence,0.9581429613367294
roman_empire,GeneralSheaf,true,5,5,epoch-5,3,6,confidence,0.9588462922688052
roman_empire,GeneralSheaf,true,5,5,epoch-5,4,6,confidence,0.9621384073890503
roman_empire,GeneralSheaf,true,5,5,epoch-5,5,6,confidence,0.9541841901419081
roman_empire,GeneralSheaf,true,5,5,epoch-5,0,6,saliency,-0.06685331245392018
roman_empire,GeneralSheaf,true,5,5,epoch-5,1,6,saliency,-0.1304941887220248
roman_empire,GeneralSheaf,true,5,5,epoch-5,2,6,saliency,-0.16483236276515792
roman_empire,GeneralSheaf,true,5,5,epoch-5,3,6,saliency,-0.19561918918523824
roman_empire,GeneralSheaf,true,5,5,epoch-5,4,6,saliency,-0.18794881780307107
roman_empire,GeneralSheaf,true,5,5,epoch-5,5,6,saliency,-0.1959281572149477
roman_empire,GeneralSheaf,true,5,5,epoch-5,0,6,cohens_d_train,1.0128618
roman_empire,GeneralSheaf,true,5,5,epoch-5,1,6,cohens_d_train,1.1065665
roman_empire,GeneralSheaf,true,5,5,epoch-5,2,6,cohens_d_train,1.151385
roman_empire,GeneralSheaf,true,5,5,epoch-5,3,6,cohens_d_train,1.1582711
roman_empire,GeneralSheaf,true,5,5,epoch-5,4,6,cohens_d_train,1.1617173
roman_empire,GeneralSheaf,true,5,5,epoch-5,5,6,cohens_d_train,1.1732265
roman_empire,GeneralSheaf,true,5,5,epoch-5,0,6,cohens_d_test,1.0576605
roman_empire,GeneralSheaf,true,5,5,epoch-5,1,6,cohens_d_test,1.1446834
roman_empire,GeneralSheaf,true,5,5,epoch-5,2,6,cohens_d_test,1.1834253
roman_empire,GeneralSheaf,true,5,5,epoch-5,3,6,cohens_d_test,1.1853739
roman_empire,GeneralSheaf,true,5,5,epoch-5,4,6,cohens_d_test,1.1875485
roman_empire,GeneralSheaf,true,5,5,epoch-5,5,6,cohens_d_test,1.1968038
roman_empire,GeneralSheaf,true,5,5,epoch-5,0,7,degree,-0.1614206318619857
roman_empire,GeneralSheaf,true,5,5,epoch-5,1,7,degree,0.004807655819488928
roman_empire,GeneralSheaf,true,5,5,epoch-5,2,7,degree,0.060080561340240826
roman_empire,GeneralSheaf,true,5,5,epoch-5,3,7,degree,0.10207585213925122
roman_empire,GeneralSheaf,true,5,5,epoch-5,4,7,degree,0.12680037800294464
roman_empire,GeneralSheaf,true,5,5,epoch-5,5,7,degree,0.1439964824486604
roman_empire,GeneralSheaf,true,5,5,epoch-5,0,7,betweenness,-0.14662007308844255
roman_empire,GeneralSheaf,true,5,5,epoch-5,1,7,betweenness,-0.015458427303670575
roman_empire,GeneralSheaf,true,5,5,epoch-5,2,7,betweenness,0.02229766223907902
roman_empire,GeneralSheaf,true,5,5,epoch-5,3,7,betweenness,0.05240843624998612
roman_empire,GeneralSheaf,true,5,5,epoch-5,4,7,betweenness,0.07241814339022144
roman_empire,GeneralSheaf,true,5,5,epoch-5,5,7,betweenness,0.09051634780855888
roman_empire,GeneralSheaf,true,5,5,epoch-5,0,7,confidence,0.6570664605586449
roman_empire,GeneralSheaf,true,5,5,epoch-5,1,7,confidence,0.9483942097702769
roman_empire,GeneralSheaf,true,5,5,epoch-5,2,7,confidence,0.9610171925424454
roman_empire,GeneralSheaf,true,5,5,epoch-5,3,7,confidence,0.9585177757322905
roman_empire,GeneralSheaf,true,5,5,epoch-5,4,7,confidence,0.9547142074394697
roman_empire,GeneralSheaf,true,5,5,epoch-5,5,7,confidence,0.9464590814170227
roman_empire,GeneralSheaf,true,5,5,epoch-5,0,7,saliency,0.0172431765683771
roman_empire,GeneralSheaf,true,5,5,epoch-5,1,7,saliency,0.04664720070674909
roman_empire,GeneralSheaf,true,5,5,epoch-5,2,7,saliency,0.032154573132870706
roman_empire,GeneralSheaf,true,5,5,epoch-5,3,7,saliency,0.03306553506667081
roman_empire,GeneralSheaf,true,5,5,epoch-5,4,7,saliency,0.030559081097350685
roman_empire,GeneralSheaf,true,5,5,epoch-5,5,7,saliency,0.031624813765377464
roman_empire,GeneralSheaf,true,5,5,epoch-5,0,7,cohens_d_train,1.1346464
roman_empire,GeneralSheaf,true,5,5,epoch-5,1,7,cohens_d_train,1.330581
roman_empire,GeneralSheaf,true,5,5,epoch-5,2,7,cohens_d_train,1.3748766
roman_empire,GeneralSheaf,true,5,5,epoch-5,3,7,cohens_d_train,1.3821194
roman_empire,GeneralSheaf,true,5,5,epoch-5,4,7,cohens_d_train,1.3817703
roman_empire,GeneralSheaf,true,5,5,epoch-5,5,7,cohens_d_train,1.3661573
roman_empire,GeneralSheaf,true,5,5,epoch-5,0,7,cohens_d_test,1.1416292
roman_empire,GeneralSheaf,true,5,5,epoch-5,1,7,cohens_d_test,1.3516752
roman_empire,GeneralSheaf,true,5,5,epoch-5,2,7,cohens_d_test,1.4033877
roman_empire,GeneralSheaf,true,5,5,epoch-5,3,7,cohens_d_test,1.4158788
roman_empire,GeneralSheaf,true,5,5,epoch-5,4,7,cohens_d_test,1.4199305
roman_empire,GeneralSheaf,true,5,5,epoch-5,5,7,cohens_d_test,1.4052231
roman_empire,GeneralSheaf,true,5,5,epoch-5,0,8,degree,-0.15386829158413115
roman_empire,GeneralSheaf,true,5,5,epoch-5,1,8,degree,-0.017075859582588816
roman_empire,GeneralSheaf,true,5,5,epoch-5,2,8,degree,0.05044264954265667
roman_empire,GeneralSheaf,true,5,5,epoch-5,3,8,degree,0.0794152991192112
roman_empire,GeneralSheaf,true,5,5,epoch-5,4,8,degree,0.11436922269316119
roman_empire,GeneralSheaf,true,5,5,epoch-5,5,8,degree,0.13963551547082018
roman_empire,GeneralSheaf,true,5,5,epoch-5,0,8,betweenness,-0.13930338623256142
roman_empire,GeneralSheaf,true,5,5,epoch-5,1,8,betweenness,-0.0351202244843217
roman_empire,GeneralSheaf,true,5,5,epoch-5,2,8,betweenness,0.01156999394987874
roman_empire,GeneralSheaf,true,5,5,epoch-5,3,8,betweenness,0.039962304102430006
roman_empire,GeneralSheaf,true,5,5,epoch-5,4,8,betweenness,0.06613051512361065
roman_empire,GeneralSheaf,true,5,5,epoch-5,5,8,betweenness,0.09168866407121767
roman_empire,GeneralSheaf,true,5,5,epoch-5,0,8,confidence,0.6337147610648998
roman_empire,GeneralSheaf,true,5,5,epoch-5,1,8,confidence,0.919960403444396
roman_empire,GeneralSheaf,true,5,5,epoch-5,2,8,confidence,0.9567801692045318
roman_empire,GeneralSheaf,true,5,5,epoch-5,3,8,confidence,0.9607432529926524
roman_empire,GeneralSheaf,true,5,5,epoch-5,4,8,confidence,0.9476427531262939
roman_empire,GeneralSheaf,true,5,5,epoch-5,5,8,confidence,0.9339424919942212
roman_empire,GeneralSheaf,true,5,5,epoch-5,0,8,saliency,0.15596661352608457
roman_empire,GeneralSheaf,true,5,5,epoch-5,1,8,saliency,0.09278399271275328
roman_empire,GeneralSheaf,true,5,5,epoch-5,2,8,saliency,0.05577432240945041
roman_empire,GeneralSheaf,true,5,5,epoch-5,3,8,saliency,0.024932828242391954
roman_empire,GeneralSheaf,true,5,5,epoch-5,4,8,saliency,-0.011846218379397509
roman_empire,GeneralSheaf,true,5,5,epoch-5,5,8,saliency,-0.019609454387071363
roman_empire,GeneralSheaf,true,5,5,epoch-5,0,8,cohens_d_train,1.0375663
roman_empire,GeneralSheaf,true,5,5,epoch-5,1,8,cohens_d_train,1.1614306
roman_empire,GeneralSheaf,true,5,5,epoch-5,2,8,cohens_d_train,1.2066525
roman_empire,GeneralSheaf,true,5,5,epoch-5,3,8,cohens_d_train,1.183196
roman_empire,GeneralSheaf,true,5,5,epoch-5,4,8,cohens_d_train,1.1476699
roman_empire,GeneralSheaf,true,5,5,epoch-5,5,8,cohens_d_train,1.103431
roman_empire,GeneralSheaf,true,5,5,epoch-5,0,8,cohens_d_test,0.9990203
roman_empire,GeneralSheaf,true,5,5,epoch-5,1,8,cohens_d_test,1.134147
roman_empire,GeneralSheaf,true,5,5,epoch-5,2,8,cohens_d_test,1.1891237
roman_empire,GeneralSheaf,true,5,5,epoch-5,3,8,cohens_d_test,1.1699407
roman_empire,GeneralSheaf,true,5,5,epoch-5,4,8,cohens_d_test,1.1387691
roman_empire,GeneralSheaf,true,5,5,epoch-5,5,8,cohens_d_test,1.0993279
roman_empire,GeneralSheaf,true,5,5,epoch-5,0,9,degree,-0.15815853224874712
roman_empire,GeneralSheaf,true,5,5,epoch-5,1,9,degree,-0.015759149521278822
roman_empire,GeneralSheaf,true,5,5,epoch-5,2,9,degree,0.0484191735051168
roman_empire,GeneralSheaf,true,5,5,epoch-5,3,9,degree,0.103759882782985
roman_empire,GeneralSheaf,true,5,5,epoch-5,4,9,degree,0.12438761777379287
roman_empire,GeneralSheaf,true,5,5,epoch-5,5,9,degree,0.14535094942785445
roman_empire,GeneralSheaf,true,5,5,epoch-5,0,9,betweenness,-0.14558532642879032
roman_empire,GeneralSheaf,true,5,5,epoch-5,1,9,betweenness,-0.028930373779682717
roman_empire,GeneralSheaf,true,5,5,epoch-5,2,9,betweenness,0.01716459159004228
roman_empire,GeneralSheaf,true,5,5,epoch-5,3,9,betweenness,0.05962568971520581
roman_empire,GeneralSheaf,true,5,5,epoch-5,4,9,betweenness,0.07886873195415732
roman_empire,GeneralSheaf,true,5,5,epoch-5,5,9,betweenness,0.08665264715704539
roman_empire,GeneralSheaf,true,5,5,epoch-5,0,9,confidence,0.7282277673605241
roman_empire,GeneralSheaf,true,5,5,epoch-5,1,9,confidence,0.9279886066755026
roman_empire,GeneralSheaf,true,5,5,epoch-5,2,9,confidence,0.9378247706603706
roman_empire,GeneralSheaf,true,5,5,epoch-5,3,9,confidence,0.9204828706253732
roman_empire,GeneralSheaf,true,5,5,epoch-5,4,9,confidence,0.9111750304695647
roman_empire,GeneralSheaf,true,5,5,epoch-5,5,9,confidence,0.893845940240006
roman_empire,GeneralSheaf,true,5,5,epoch-5,0,9,saliency,0.1085704151428284
roman_empire,GeneralSheaf,true,5,5,epoch-5,1,9,saliency,0.18851898237112524
roman_empire,GeneralSheaf,true,5,5,epoch-5,2,9,saliency,0.19544412546653006
roman_empire,GeneralSheaf,true,5,5,epoch-5,3,9,saliency,0.18833058683517062
roman_empire,GeneralSheaf,true,5,5,epoch-5,4,9,saliency,0.18554454221564684
roman_empire,GeneralSheaf,true,5,5,epoch-5,5,9,saliency,0.17276868226110634
roman_empire,GeneralSheaf,true,5,5,epoch-5,0,9,cohens_d_train,1.1050416
roman_empire,GeneralSheaf,true,5,5,epoch-5,1,9,cohens_d_train,1.088711
roman_empire,GeneralSheaf,true,5,5,epoch-5,2,9,cohens_d_train,1.0348591
roman_empire,GeneralSheaf,true,5,5,epoch-5,3,9,cohens_d_train,1.0026412
roman_empire,GeneralSheaf,true,5,5,epoch-5,4,9,cohens_d_train,0.9723824
roman_empire,GeneralSheaf,true,5,5,epoch-5,5,9,cohens_d_train,0.9682746
roman_empire,GeneralSheaf,true,5,5,epoch-5,0,9,cohens_d_test,1.1021198
roman_empire,GeneralSheaf,true,5,5,epoch-5,1,9,cohens_d_test,1.1021373
roman_empire,GeneralSheaf,true,5,5,epoch-5,2,9,cohens_d_test,1.0625486
roman_empire,GeneralSheaf,true,5,5,epoch-5,3,9,cohens_d_test,1.0408275
roman_empire,GeneralSheaf,true,5,5,epoch-5,4,9,cohens_d_test,1.0165184
roman_empire,GeneralSheaf,true,5,5,epoch-5,5,9,cohens_d_test,1.0151255
roman_empire,GeneralSheaf,true,5,5,epoch-15,0,0,degree,-0.17806711328800362
roman_empire,GeneralSheaf,true,5,5,epoch-15,1,0,degree,-0.092302712702175
roman_empire,GeneralSheaf,true,5,5,epoch-15,2,0,degree,0.015395871959115612
roman_empire,GeneralSheaf,true,5,5,epoch-15,3,0,degree,0.07913022369895281
roman_empire,GeneralSheaf,true,5,5,epoch-15,4,0,degree,0.1188756619638498
roman_empire,GeneralSheaf,true,5,5,epoch-15,5,0,degree,0.19008155090859208
roman_empire,GeneralSheaf,true,5,5,epoch-15,0,0,betweenness,-0.15684698803574593
roman_empire,GeneralSheaf,true,5,5,epoch-15,1,0,betweenness,-0.0980294435279344
roman_empire,GeneralSheaf,true,5,5,epoch-15,2,0,betweenness,-0.02394821716681745
roman_empire,GeneralSheaf,true,5,5,epoch-15,3,0,betweenness,0.023797732941793423
roman_empire,GeneralSheaf,true,5,5,epoch-15,4,0,betweenness,0.0535203556229554
roman_empire,GeneralSheaf,true,5,5,epoch-15,5,0,betweenness,0.11990245475358732
roman_empire,GeneralSheaf,true,5,5,epoch-15,0,0,confidence,0.6787955986545539
roman_empire,GeneralSheaf,true,5,5,epoch-15,1,0,confidence,0.757907701777349
roman_empire,GeneralSheaf,true,5,5,epoch-15,2,0,confidence,0.8095667683884494
roman_empire,GeneralSheaf,true,5,5,epoch-15,3,0,confidence,0.8293038631548829
roman_empire,GeneralSheaf,true,5,5,epoch-15,4,0,confidence,0.8326167689818657
roman_empire,GeneralSheaf,true,5,5,epoch-15,5,0,confidence,0.8129033268794496
roman_empire,GeneralSheaf,true,5,5,epoch-15,0,0,saliency,-0.5101593952747202
roman_empire,GeneralSheaf,true,5,5,epoch-15,1,0,saliency,-0.5583858445292548
roman_empire,GeneralSheaf,true,5,5,epoch-15,2,0,saliency,-0.5663436362669791
roman_empire,GeneralSheaf,true,5,5,epoch-15,3,0,saliency,-0.5668607303249102
roman_empire,GeneralSheaf,true,5,5,epoch-15,4,0,saliency,-0.5699561631589725
roman_empire,GeneralSheaf,true,5,5,epoch-15,5,0,saliency,-0.5546033083311982
roman_empire,GeneralSheaf,true,5,5,epoch-15,0,0,cohens_d_train,0.8906762
roman_empire,GeneralSheaf,true,5,5,epoch-15,1,0,cohens_d_train,0.94678473
roman_empire,GeneralSheaf,true,5,5,epoch-15,2,0,cohens_d_train,0.98634386
roman_empire,GeneralSheaf,true,5,5,epoch-15,3,0,cohens_d_train,1.0058713
roman_empire,GeneralSheaf,true,5,5,epoch-15,4,0,cohens_d_train,1.0064883
roman_empire,GeneralSheaf,true,5,5,epoch-15,5,0,cohens_d_train,0.9534141
roman_empire,GeneralSheaf,true,5,5,epoch-15,0,0,cohens_d_test,0.87794447
roman_empire,GeneralSheaf,true,5,5,epoch-15,1,0,cohens_d_test,0.92018306
roman_empire,GeneralSheaf,true,5,5,epoch-15,2,0,cohens_d_test,0.9529081
roman_empire,GeneralSheaf,true,5,5,epoch-15,3,0,cohens_d_test,0.9745955
roman_empire,GeneralSheaf,true,5,5,epoch-15,4,0,cohens_d_test,0.9685541
roman_empire,GeneralSheaf,true,5,5,epoch-15,5,0,cohens_d_test,0.9006117
roman_empire,GeneralSheaf,true,5,5,epoch-15,0,1,degree,-0.16814858959118867
roman_empire,GeneralSheaf,true,5,5,epoch-15,1,1,degree,-0.07328675297742694
roman_empire,GeneralSheaf,true,5,5,epoch-15,2,1,degree,0.013979943810917361
roman_empire,GeneralSheaf,true,5,5,epoch-15,3,1,degree,0.08065435793176277
roman_empire,GeneralSheaf,true,5,5,epoch-15,4,1,degree,0.11223016451618772
roman_empire,GeneralSheaf,true,5,5,epoch-15,5,1,degree,0.16546177660302466
roman_empire,GeneralSheaf,true,5,5,epoch-15,0,1,betweenness,-0.1524558227321101
roman_empire,GeneralSheaf,true,5,5,epoch-15,1,1,betweenness,-0.09515222663091405
roman_empire,GeneralSheaf,true,5,5,epoch-15,2,1,betweenness,-0.024674337857586253
roman_empire,GeneralSheaf,true,5,5,epoch-15,3,1,betweenness,0.027342536106777147
roman_empire,GeneralSheaf,true,5,5,epoch-15,4,1,betweenness,0.04081926537105666
roman_empire,GeneralSheaf,true,5,5,epoch-15,5,1,betweenness,0.0682679091943548
roman_empire,GeneralSheaf,true,5,5,epoch-15,0,1,confidence,0.6884335675508242
roman_empire,GeneralSheaf,true,5,5,epoch-15,1,1,confidence,0.776137432190319
roman_empire,GeneralSheaf,true,5,5,epoch-15,2,1,confidence,0.8147674805012823
roman_empire,GeneralSheaf,true,5,5,epoch-15,3,1,confidence,0.8189228988991516
roman_empire,GeneralSheaf,true,5,5,epoch-15,4,1,confidence,0.8191146595277411
roman_empire,GeneralSheaf,true,5,5,epoch-15,5,1,confidence,0.8049414647862364
roman_empire,GeneralSheaf,true,5,5,epoch-15,0,1,saliency,-0.514423338249034
roman_empire,GeneralSheaf,true,5,5,epoch-15,1,1,saliency,-0.5612567791775059
roman_empire,GeneralSheaf,true,5,5,epoch-15,2,1,saliency,-0.5714836196828794
roman_empire,GeneralSheaf,true,5,5,epoch-15,3,1,saliency,-0.5666564961108174
roman_empire,GeneralSheaf,true,5,5,epoch-15,4,1,saliency,-0.5656160425888884
roman_empire,GeneralSheaf,true,5,5,epoch-15,5,1,saliency,-0.5480130673709213
roman_empire,GeneralSheaf,true,5,5,epoch-15,0,1,cohens_d_train,0.8326948
roman_empire,GeneralSheaf,true,5,5,epoch-15,1,1,cohens_d_train,0.9122603
roman_empire,GeneralSheaf,true,5,5,epoch-15,2,1,cohens_d_train,0.9405113
roman_empire,GeneralSheaf,true,5,5,epoch-15,3,1,cohens_d_train,0.93508816
roman_empire,GeneralSheaf,true,5,5,epoch-15,4,1,cohens_d_train,0.9416426
roman_empire,GeneralSheaf,true,5,5,epoch-15,5,1,cohens_d_train,0.89596915
roman_empire,GeneralSheaf,true,5,5,epoch-15,0,1,cohens_d_test,0.89381075
roman_empire,GeneralSheaf,true,5,5,epoch-15,1,1,cohens_d_test,0.98178107
roman_empire,GeneralSheaf,true,5,5,epoch-15,2,1,cohens_d_test,1.0159057
roman_empire,GeneralSheaf,true,5,5,epoch-15,3,1,cohens_d_test,1.0074369
roman_empire,GeneralSheaf,true,5,5,epoch-15,4,1,cohens_d_test,1.0152851
roman_empire,GeneralSheaf,true,5,5,epoch-15,5,1,cohens_d_test,0.9702284
roman_empire,GeneralSheaf,true,5,5,epoch-15,0,2,degree,-0.16720565941307824
roman_empire,GeneralSheaf,true,5,5,epoch-15,1,2,degree,-0.07980064495490446
roman_empire,GeneralSheaf,true,5,5,epoch-15,2,2,degree,0.0233200217521483
roman_empire,GeneralSheaf,true,5,5,epoch-15,3,2,degree,0.0969996045967276
roman_empire,GeneralSheaf,true,5,5,epoch-15,4,2,degree,0.13999401786486623
roman_empire,GeneralSheaf,true,5,5,epoch-15,5,2,degree,0.16800759148543018
roman_empire,GeneralSheaf,true,5,5,epoch-15,0,2,betweenness,-0.1475104760702771
roman_empire,GeneralSheaf,true,5,5,epoch-15,1,2,betweenness,-0.08365221802942853
roman_empire,GeneralSheaf,true,5,5,epoch-15,2,2,betweenness,-0.007307763998031455
roman_empire,GeneralSheaf,true,5,5,epoch-15,3,2,betweenness,0.047865186516380484
roman_empire,GeneralSheaf,true,5,5,epoch-15,4,2,betweenness,0.07576058623166855
roman_empire,GeneralSheaf,true,5,5,epoch-15,5,2,betweenness,0.09072588527858345
roman_empire,GeneralSheaf,true,5,5,epoch-15,0,2,confidence,0.6594831004829097
roman_empire,GeneralSheaf,true,5,5,epoch-15,1,2,confidence,0.743592777161419
roman_empire,GeneralSheaf,true,5,5,epoch-15,2,2,confidence,0.8095690841445269
roman_empire,GeneralSheaf,true,5,5,epoch-15,3,2,confidence,0.8212364612704947
roman_empire,GeneralSheaf,true,5,5,epoch-15,4,2,confidence,0.8197592376816943
roman_empire,GeneralSheaf,true,5,5,epoch-15,5,2,confidence,0.830650507067509
roman_empire,GeneralSheaf,true,5,5,epoch-15,0,2,saliency,-0.49384616068090176
roman_empire,GeneralSheaf,true,5,5,epoch-15,1,2,saliency,-0.5213580942473692
roman_empire,GeneralSheaf,true,5,5,epoch-15,2,2,saliency,-0.5331124497204555
roman_empire,GeneralSheaf,true,5,5,epoch-15,3,2,saliency,-0.536785504225074
roman_empire,GeneralSheaf,true,5,5,epoch-15,4,2,saliency,-0.5340234855759625
roman_empire,GeneralSheaf,true,5,5,epoch-15,5,2,saliency,-0.5419794740469239
roman_empire,GeneralSheaf,true,5,5,epoch-15,0,2,cohens_d_train,0.78986937
roman_empire,GeneralSheaf,true,5,5,epoch-15,1,2,cohens_d_train,0.8594159
roman_empire,GeneralSheaf,true,5,5,epoch-15,2,2,cohens_d_train,0.8982333
roman_empire,GeneralSheaf,true,5,5,epoch-15,3,2,cohens_d_train,0.9352454
roman_empire,GeneralSheaf,true,5,5,epoch-15,4,2,cohens_d_train,0.9271404
roman_empire,GeneralSheaf,true,5,5,epoch-15,5,2,cohens_d_train,0.9553277
roman_empire,GeneralSheaf,true,5,5,epoch-15,0,2,cohens_d_test,0.8407105
roman_empire,GeneralSheaf,true,5,5,epoch-15,1,2,cohens_d_test,0.9034085
roman_empire,GeneralSheaf,true,5,5,epoch-15,2,2,cohens_d_test,0.9223549
roman_empire,GeneralSheaf,true,5,5,epoch-15,3,2,cohens_d_test,0.9407377
roman_empire,GeneralSheaf,true,5,5,epoch-15,4,2,cohens_d_test,0.9235441
roman_empire,GeneralSheaf,true,5,5,epoch-15,5,2,cohens_d_test,0.9461557
roman_empire,GeneralSheaf,true,5,5,epoch-15,0,3,degree,-0.16872723668825712
roman_empire,GeneralSheaf,true,5,5,epoch-15,1,3,degree,-0.04181549299321397
roman_empire,GeneralSheaf,true,5,5,epoch-15,2,3,degree,0.0187502928121365
roman_empire,GeneralSheaf,true,5,5,epoch-15,3,3,degree,0.08805392791573481
roman_empire,GeneralSheaf,true,5,5,epoch-15,4,3,degree,0.13012536146538875
roman_empire,GeneralSheaf,true,5,5,epoch-15,5,3,degree,0.14415667935689533
roman_empire,GeneralSheaf,true,5,5,epoch-15,0,3,betweenness,-0.1494958045869933
roman_empire,GeneralSheaf,true,5,5,epoch-15,1,3,betweenness,-0.060035356895372115
roman_empire,GeneralSheaf,true,5,5,epoch-15,2,3,betweenness,-0.022549119452758185
roman_empire,GeneralSheaf,true,5,5,epoch-15,3,3,betweenness,0.029937389910949602
roman_empire,GeneralSheaf,true,5,5,epoch-15,4,3,betweenness,0.059579136165091244
roman_empire,GeneralSheaf,true,5,5,epoch-15,5,3,betweenness,0.05759968195290884
roman_empire,GeneralSheaf,true,5,5,epoch-15,0,3,confidence,0.6674286320636221
roman_empire,GeneralSheaf,true,5,5,epoch-15,1,3,confidence,0.7672404295258638
roman_empire,GeneralSheaf,true,5,5,epoch-15,2,3,confidence,0.8135343451660435
roman_empire,GeneralSheaf,true,5,5,epoch-15,3,3,confidence,0.8302228124287445
roman_empire,GeneralSheaf,true,5,5,epoch-15,4,3,confidence,0.8242723286025452
roman_empire,GeneralSheaf,true,5,5,epoch-15,5,3,confidence,0.8258319328030429
roman_empire,GeneralSheaf,true,5,5,epoch-15,0,3,saliency,-0.5028912538169455
roman_empire,GeneralSheaf,true,5,5,epoch-15,1,3,saliency,-0.5517122133520949
roman_empire,GeneralSheaf,true,5,5,epoch-15,2,3,saliency,-0.5704971445719328
roman_empire,GeneralSheaf,true,5,5,epoch-15,3,3,saliency,-0.579518794709499
roman_empire,GeneralSheaf,true,5,5,epoch-15,4,3,saliency,-0.5792188006940753
roman_empire,GeneralSheaf,true,5,5,epoch-15,5,3,saliency,-0.5842941433455756
roman_empire,GeneralSheaf,true,5,5,epoch-15,0,3,cohens_d_train,0.78481585
roman_empire,GeneralSheaf,true,5,5,epoch-15,1,3,cohens_d_train,0.8639572
roman_empire,GeneralSheaf,true,5,5,epoch-15,2,3,cohens_d_train,0.90751094
roman_empire,GeneralSheaf,true,5,5,epoch-15,3,3,cohens_d_train,0.941851
roman_empire,GeneralSheaf,true,5,5,epoch-15,4,3,cohens_d_train,0.92082554
roman_empire,GeneralSheaf,true,5,5,epoch-15,5,3,cohens_d_train,0.92019236
roman_empire,GeneralSheaf,true,5,5,epoch-15,0,3,cohens_d_test,0.74880403
roman_empire,GeneralSheaf,true,5,5,epoch-15,1,3,cohens_d_test,0.827445
roman_empire,GeneralSheaf,true,5,5,epoch-15,2,3,cohens_d_test,0.87095743
roman_empire,GeneralSheaf,true,5,5,epoch-15,3,3,cohens_d_test,0.91183925
roman_empire,GeneralSheaf,true,5,5,epoch-15,4,3,cohens_d_test,0.8911535
roman_empire,GeneralSheaf,true,5,5,epoch-15,5,3,cohens_d_test,0.893411
roman_empire,GeneralSheaf,true,5,5,epoch-15,0,4,degree,-0.18492239191091744
roman_empire,GeneralSheaf,true,5,5,epoch-15,1,4,degree,-0.0667492081345444
roman_empire,GeneralSheaf,true,5,5,epoch-15,2,4,degree,-0.007872007827685008
roman_empire,GeneralSheaf,true,5,5,epoch-15,3,4,degree,0.05127586003383362
roman_empire,GeneralSheaf,true,5,5,epoch-15,4,4,degree,0.10352505719387396
roman_empire,GeneralSheaf,true,5,5,epoch-15,5,4,degree,0.13187898506680162
roman_empire,GeneralSheaf,true,5,5,epoch-15,0,4,betweenness,-0.17578293089701472
roman_empire,GeneralSheaf,true,5,5,epoch-15,1,4,betweenness,-0.09369182509645255
roman_empire,GeneralSheaf,true,5,5,epoch-15,2,4,betweenness,-0.06398161198706426
roman_empire,GeneralSheaf,true,5,5,epoch-15,3,4,betweenness,-0.005581989300773754
roman_empire,GeneralSheaf,true,5,5,epoch-15,4,4,betweenness,0.01447834716760433
roman_empire,GeneralSheaf,true,5,5,epoch-15,5,4,betweenness,0.03855711360564238
roman_empire,GeneralSheaf,true,5,5,epoch-15,0,4,confidence,0.6826409395935108
roman_empire,GeneralSheaf,true,5,5,epoch-15,1,4,confidence,0.7802209331729912
roman_empire,GeneralSheaf,true,5,5,epoch-15,2,4,confidence,0.8331301498017218
roman_empire,GeneralSheaf,true,5,5,epoch-15,3,4,confidence,0.8522484611774273
roman_empire,GeneralSheaf,true,5,5,epoch-15,4,4,confidence,0.8657673184811296
roman_empire,GeneralSheaf,true,5,5,epoch-15,5,4,confidence,0.8685845644526716
roman_empire,GeneralSheaf,true,5,5,epoch-15,0,4,saliency,-0.5094538059206407
roman_empire,GeneralSheaf,true,5,5,epoch-15,1,4,saliency,-0.55737758962521
roman_empire,GeneralSheaf,true,5,5,epoch-15,2,4,saliency,-0.5761384104329316
roman_empire,GeneralSheaf,true,5,5,epoch-15,3,4,saliency,-0.57587817811594
roman_empire,GeneralSheaf,true,5,5,epoch-15,4,4,saliency,-0.5957128600657823
roman_empire,GeneralSheaf,true,5,5,epoch-15,5,4,saliency,-0.5851201134787035
roman_empire,GeneralSheaf,true,5,5,epoch-15,0,4,cohens_d_train,0.89583766
roman_empire,GeneralSheaf,true,5,5,epoch-15,1,4,cohens_d_train,0.9817268
roman_empire,GeneralSheaf,true,5,5,epoch-15,2,4,cohens_d_train,1.064676
roman_empire,GeneralSheaf,true,5,5,epoch-15,3,4,cohens_d_train,1.0716677
roman_empire,GeneralSheaf,true,5,5,epoch-15,4,4,cohens_d_train,1.078712
roman_empire,GeneralSheaf,true,5,5,epoch-15,5,4,cohens_d_train,1.0621837
roman_empire,GeneralSheaf,true,5,5,epoch-15,0,4,cohens_d_test,0.85773844
roman_empire,GeneralSheaf,true,5,5,epoch-15,1,4,cohens_d_test,0.94770294
roman_empire,GeneralSheaf,true,5,5,epoch-15,2,4,cohens_d_test,1.0391858
roman_empire,GeneralSheaf,true,5,5,epoch-15,3,4,cohens_d_test,1.0491993
roman_empire,GeneralSheaf,true,5,5,epoch-15,4,4,cohens_d_test,1.0693772
roman_empire,GeneralSheaf,true,5,5,epoch-15,5,4,cohens_d_test,1.0574793
roman_empire,GeneralSheaf,true,5,5,epoch-15,0,5,degree,-0.17178427755203596
roman_empire,GeneralSheaf,true,5,5,epoch-15,1,5,degree,-0.07474804893338956
roman_empire,GeneralSheaf,true,5,5,epoch-15,2,5,degree,0.011613468462682916
roman_empire,GeneralSheaf,true,5,5,epoch-15,3,5,degree,0.05932990889446704
roman_empire,GeneralSheaf,true,5,5,epoch-15,4,5,degree,0.11128167864320969
roman_empire,GeneralSheaf,true,5,5,epoch-15,5,5,degree,0.13218807825834322
roman_empire,GeneralSheaf,true,5,5,epoch-15,0,5,betweenness,-0.15368006744603455
roman_empire,GeneralSheaf,true,5,5,epoch-15,1,5,betweenness,-0.08378734171807503
roman_empire,GeneralSheaf,true,5,5,epoch-15,2,5,betweenness,-0.020366386488772155
roman_empire,GeneralSheaf,true,5,5,epoch-15,3,5,betweenness,0.009240530967433743
roman_empire,GeneralSheaf,true,5,5,epoch-15,4,5,betweenness,0.05579217457601839
roman_empire,GeneralSheaf,true,5,5,epoch-15,5,5,betweenness,0.056512906884896456
roman_empire,GeneralSheaf,true,5,5,epoch-15,0,5,confidence,0.7007100948807863
roman_empire,GeneralSheaf,true,5,5,epoch-15,1,5,confidence,0.7803663802435162
roman_empire,GeneralSheaf,true,5,5,epoch-15,2,5,confidence,0.8226187987008706
roman_empire,GeneralSheaf,true,5,5,epoch-15,3,5,confidence,0.8375157175116398
roman_empire,GeneralSheaf,true,5,5,epoch-15,4,5,confidence,0.8243818219124361
roman_empire,GeneralSheaf,true,5,5,epoch-15,5,5,confidence,0.8362836477046256
roman_empire,GeneralSheaf,true,5,5,epoch-15,0,5,saliency,-0.5219798554130543
roman_empire,GeneralSheaf,true,5,5,epoch-15,1,5,saliency,-0.5566896594539127
roman_empire,GeneralSheaf,true,5,5,epoch-15,2,5,saliency,-0.5705027650369565
roman_empire,GeneralSheaf,true,5,5,epoch-15,3,5,saliency,-0.5823113016068405
roman_empire,GeneralSheaf,true,5,5,epoch-15,4,5,saliency,-0.5700799410534393
roman_empire,GeneralSheaf,true,5,5,epoch-15,5,5,saliency,-0.5877130977196158
roman_empire,GeneralSheaf,true,5,5,epoch-15,0,5,cohens_d_train,0.8462641
roman_empire,GeneralSheaf,true,5,5,epoch-15,1,5,cohens_d_train,0.8994878
roman_empire,GeneralSheaf,true,5,5,epoch-15,2,5,cohens_d_train,0.94054294
roman_empire,GeneralSheaf,true,5,5,epoch-15,3,5,cohens_d_train,0.9801685
roman_empire,GeneralSheaf,true,5,5,epoch-15,4,5,cohens_d_train,0.9833089
roman_empire,GeneralSheaf,true,5,5,epoch-15,5,5,cohens_d_train,0.9819873
roman_empire,GeneralSheaf,true,5,5,epoch-15,0,5,cohens_d_test,0.8320607
roman_empire,GeneralSheaf,true,5,5,epoch-15,1,5,cohens_d_test,0.8814613
roman_empire,GeneralSheaf,true,5,5,epoch-15,2,5,cohens_d_test,0.9135891
roman_empire,GeneralSheaf,true,5,5,epoch-15,3,5,cohens_d_test,0.9483113
roman_empire,GeneralSheaf,true,5,5,epoch-15,4,5,cohens_d_test,0.94452786
roman_empire,GeneralSheaf,true,5,5,epoch-15,5,5,cohens_d_test,0.9463804
roman_empire,GeneralSheaf,true,5,5,epoch-15,0,6,degree,-0.1689775480586469
roman_empire,GeneralSheaf,true,5,5,epoch-15,1,6,degree,-0.07195626654817765
roman_empire,GeneralSheaf,true,5,5,epoch-15,2,6,degree,0.01406804473944424
roman_empire,GeneralSheaf,true,5,5,epoch-15,3,6,degree,0.07337545469107261
roman_empire,GeneralSheaf,true,5,5,epoch-15,4,6,degree,0.0999954022776353
roman_empire,GeneralSheaf,true,5,5,epoch-15,5,6,degree,0.1476616064361864
roman_empire,GeneralSheaf,true,5,5,epoch-15,0,6,betweenness,-0.15126743427574202
roman_empire,GeneralSheaf,true,5,5,epoch-15,1,6,betweenness,-0.0873039471624939
roman_empire,GeneralSheaf,true,5,5,epoch-15,2,6,betweenness,-0.011557320544874093
roman_empire,GeneralSheaf,true,5,5,epoch-15,3,6,betweenness,0.03576112391440303
roman_empire,GeneralSheaf,true,5,5,epoch-15,4,6,betweenness,0.052897696048969066
roman_empire,GeneralSheaf,true,5,5,epoch-15,5,6,betweenness,0.08659855340432283
roman_empire,GeneralSheaf,true,5,5,epoch-15,0,6,confidence,0.6650530137927523
roman_empire,GeneralSheaf,true,5,5,epoch-15,1,6,confidence,0.7584660395502558
roman_empire,GeneralSheaf,true,5,5,epoch-15,2,6,confidence,0.8095302678703571
roman_empire,GeneralSheaf,true,5,5,epoch-15,3,6,confidence,0.8059359802710117
roman_empire,GeneralSheaf,true,5,5,epoch-15,4,6,confidence,0.8159800064497538
roman_empire,GeneralSheaf,true,5,5,epoch-15,5,6,confidence,0.8112998566147315
roman_empire,GeneralSheaf,true,5,5,epoch-15,0,6,saliency,-0.4833049784922038
roman_empire,GeneralSheaf,true,5,5,epoch-15,1,6,saliency,-0.5424524638232715
roman_empire,GeneralSheaf,true,5,5,epoch-15,2,6,saliency,-0.5681345787223302
roman_empire,GeneralSheaf,true,5,5,epoch-15,3,6,saliency,-0.5788544336767983
roman_empire,GeneralSheaf,true,5,5,epoch-15,4,6,saliency,-0.5839188493590762
roman_empire,GeneralSheaf,true,5,5,epoch-15,5,6,saliency,-0.5776795842358883
roman_empire,GeneralSheaf,true,5,5,epoch-15,0,6,cohens_d_train,0.81057847
roman_empire,GeneralSheaf,true,5,5,epoch-15,1,6,cohens_d_train,0.90233666
roman_empire,GeneralSheaf,true,5,5,epoch-15,2,6,cohens_d_train,0.95229155
roman_empire,GeneralSheaf,true,5,5,epoch-15,3,6,cohens_d_train,0.96822476
roman_empire,GeneralSheaf,true,5,5,epoch-15,4,6,cohens_d_train,0.96572113
roman_empire,GeneralSheaf,true,5,5,epoch-15,5,6,cohens_d_train,0.95268077
roman_empire,GeneralSheaf,true,5,5,epoch-15,0,6,cohens_d_test,0.84024155
roman_empire,GeneralSheaf,true,5,5,epoch-15,1,6,cohens_d_test,0.9262591
roman_empire,GeneralSheaf,true,5,5,epoch-15,2,6,cohens_d_test,0.9698712
roman_empire,GeneralSheaf,true,5,5,epoch-15,3,6,cohens_d_test,0.9788081
roman_empire,GeneralSheaf,true,5,5,epoch-15,4,6,cohens_d_test,0.9711564
roman_empire,GeneralSheaf,true,5,5,epoch-15,5,6,cohens_d_test,0.9535124
roman_empire,GeneralSheaf,true,5,5,epoch-15,0,7,degree,-0.1778930969776446
roman_empire,GeneralSheaf,true,5,5,epoch-15,1,7,degree,-0.07614840183119422
roman_empire,GeneralSheaf,true,5,5,epoch-15,2,7,degree,0.009527764208210549
roman_empire,GeneralSheaf,true,5,5,epoch-15,3,7,degree,0.062201777957100426
roman_empire,GeneralSheaf,true,5,5,epoch-15,4,7,degree,0.08178320723539687
roman_empire,GeneralSheaf,true,5,5,epoch-15,5,7,degree,0.12162405078128947
roman_empire,GeneralSheaf,true,5,5,epoch-15,0,7,betweenness,-0.1621081060006457
roman_empire,GeneralSheaf,true,5,5,epoch-15,1,7,betweenness,-0.09196817044041265
roman_empire,GeneralSheaf,true,5,5,epoch-15,2,7,betweenness,-0.03388460929584766
roman_empire,GeneralSheaf,true,5,5,epoch-15,3,7,betweenness,0.010615986913505548
roman_empire,GeneralSheaf,true,5,5,epoch-15,4,7,betweenness,0.018145787343140356
roman_empire,GeneralSheaf,true,5,5,epoch-15,5,7,betweenness,0.05339381357721905
roman_empire,GeneralSheaf,true,5,5,epoch-15,0,7,confidence,0.6958648876119221
roman_empire,GeneralSheaf,true,5,5,epoch-15,1,7,confidence,0.8010608279606886
roman_empire,GeneralSheaf,true,5,5,epoch-15,2,7,confidence,0.8311477856381927
roman_empire,GeneralSheaf,true,5,5,epoch-15,3,7,confidence,0.8388137532246034
roman_empire,GeneralSheaf,true,5,5,epoch-15,4,7,confidence,0.8548896720458677
roman_empire,GeneralSheaf,true,5,5,epoch-15,5,7,confidence,0.8281166319125616
roman_empire,GeneralSheaf,true,5,5,epoch-15,0,7,saliency,-0.5017760314664779
roman_empire,GeneralSheaf,true,5,5,epoch-15,1,7,saliency,-0.5599249798170673
roman_empire,GeneralSheaf,true,5,5,epoch-15,2,7,saliency,-0.5632939024637096
roman_empire,GeneralSheaf,true,5,5,epoch-15,3,7,saliency,-0.566873220542104
roman_empire,GeneralSheaf,true,5,5,epoch-15,4,7,saliency,-0.5767500941918332
roman_empire,GeneralSheaf,true,5,5,epoch-15,5,7,saliency,-0.5640350916651802
roman_empire,GeneralSheaf,true,5,5,epoch-15,0,7,cohens_d_train,0.835532
roman_empire,GeneralSheaf,true,5,5,epoch-15,1,7,cohens_d_train,0.93209183
roman_empire,GeneralSheaf,true,5,5,epoch-15,2,7,cohens_d_train,0.95975125
roman_empire,GeneralSheaf,true,5,5,epoch-15,3,7,cohens_d_train,0.9628735
roman_empire,GeneralSheaf,true,5,5,epoch-15,4,7,cohens_d_train,1.0035754
roman_empire,GeneralSheaf,true,5,5,epoch-15,5,7,cohens_d_train,0.96483725
roman_empire,GeneralSheaf,true,5,5,epoch-15,0,7,cohens_d_test,0.8361925
roman_empire,GeneralSheaf,true,5,5,epoch-15,1,7,cohens_d_test,0.9346527
roman_empire,GeneralSheaf,true,5,5,epoch-15,2,7,cohens_d_test,0.95047545
roman_empire,GeneralSheaf,true,5,5,epoch-15,3,7,cohens_d_test,0.9492526
roman_empire,GeneralSheaf,true,5,5,epoch-15,4,7,cohens_d_test,0.9894572
roman_empire,GeneralSheaf,true,5,5,epoch-15,5,7,cohens_d_test,0.9571961
roman_empire,GeneralSheaf,true,5,5,epoch-15,0,8,degree,-0.16761584754284725
roman_empire,GeneralSheaf,true,5,5,epoch-15,1,8,degree,-0.06453446796329507
roman_empire,GeneralSheaf,true,5,5,epoch-15,2,8,degree,0.012172738470276539
roman_empire,GeneralSheaf,true,5,5,epoch-15,3,8,degree,0.0696671518006146
roman_empire,GeneralSheaf,true,5,5,epoch-15,4,8,degree,0.09992888094987555
roman_empire,GeneralSheaf,true,5,5,epoch-15,5,8,degree,0.14392804869236298
roman_empire,GeneralSheaf,true,5,5,epoch-15,0,8,betweenness,-0.15211629857860748
roman_empire,GeneralSheaf,true,5,5,epoch-15,1,8,betweenness,-0.07432938595112132
roman_empire,GeneralSheaf,true,5,5,epoch-15,2,8,betweenness,-0.02158057613716555
roman_empire,GeneralSheaf,true,5,5,epoch-15,3,8,betweenness,0.021532660564519815
roman_empire,GeneralSheaf,true,5,5,epoch-15,4,8,betweenness,0.04002324464411946
roman_empire,GeneralSheaf,true,5,5,epoch-15,5,8,betweenness,0.07933716284931497
roman_empire,GeneralSheaf,true,5,5,epoch-15,0,8,confidence,0.6961989934592121
roman_empire,GeneralSheaf,true,5,5,epoch-15,1,8,confidence,0.8195868516459632
roman_empire,GeneralSheaf,true,5,5,epoch-15,2,8,confidence,0.8735995902432391
roman_empire,GeneralSheaf,true,5,5,epoch-15,3,8,confidence,0.8818785515409514
roman_empire,GeneralSheaf,true,5,5,epoch-15,4,8,confidence,0.8779511945141573
roman_empire,GeneralSheaf,true,5,5,epoch-15,5,8,confidence,0.8662651022554727
roman_empire,GeneralSheaf,true,5,5,epoch-15,0,8,saliency,-0.4414305206933393
roman_empire,GeneralSheaf,true,5,5,epoch-15,1,8,saliency,-0.49480668187484866
roman_empire,GeneralSheaf,true,5,5,epoch-15,2,8,saliency,-0.5155764216676241
roman_empire,GeneralSheaf,true,5,5,epoch-15,3,8,saliency,-0.5111841481781024
roman_empire,GeneralSheaf,true,5,5,epoch-15,4,8,saliency,-0.5159348091184239
roman_empire,GeneralSheaf,true,5,5,epoch-15,5,8,saliency,-0.5248920185015047
roman_empire,GeneralSheaf,true,5,5,epoch-15,0,8,cohens_d_train,0.8444053
roman_empire,GeneralSheaf,true,5,5,epoch-15,1,8,cohens_d_train,0.92323536
roman_empire,GeneralSheaf,true,5,5,epoch-15,2,8,cohens_d_train,0.98593384
roman_empire,GeneralSheaf,true,5,5,epoch-15,3,8,cohens_d_train,0.98741627
roman_empire,GeneralSheaf,true,5,5,epoch-15,4,8,cohens_d_train,0.9676055
roman_empire,GeneralSheaf,true,5,5,epoch-15,5,8,cohens_d_train,0.95360273
roman_empire,GeneralSheaf,true,5,5,epoch-15,0,8,cohens_d_test,0.8253159
roman_empire,GeneralSheaf,true,5,5,epoch-15,1,8,cohens_d_test,0.90444887
roman_empire,GeneralSheaf,true,5,5,epoch-15,2,8,cohens_d_test,0.97214687
roman_empire,GeneralSheaf,true,5,5,epoch-15,3,8,cohens_d_test,0.975365
roman_empire,GeneralSheaf,true,5,5,epoch-15,4,8,cohens_d_test,0.96067977
roman_empire,GeneralSheaf,true,5,5,epoch-15,5,8,cohens_d_test,0.95099235
roman_empire,GeneralSheaf,true,5,5,epoch-15,0,9,degree,-0.16924874261300388
roman_empire,GeneralSheaf,true,5,5,epoch-15,1,9,degree,-0.0457239419371777
roman_empire,GeneralSheaf,true,5,5,epoch-15,2,9,degree,0.016907074092722532
roman_empire,GeneralSheaf,true,5,5,epoch-15,3,9,degree,0.08729710792165915
roman_empire,GeneralSheaf,true,5,5,epoch-15,4,9,degree,0.12297082140439992
roman_empire,GeneralSheaf,true,5,5,epoch-15,5,9,degree,0.16744980273447715
roman_empire,GeneralSheaf,true,5,5,epoch-15,0,9,betweenness,-0.15296112241337345
roman_empire,GeneralSheaf,true,5,5,epoch-15,1,9,betweenness,-0.06154368103535892
roman_empire,GeneralSheaf,true,5,5,epoch-15,2,9,betweenness,-0.012159494083983874
roman_empire,GeneralSheaf,true,5,5,epoch-15,3,9,betweenness,0.028865184703163037
roman_empire,GeneralSheaf,true,5,5,epoch-15,4,9,betweenness,0.04053694860579607
roman_empire,GeneralSheaf,true,5,5,epoch-15,5,9,betweenness,0.07549864320562198
roman_empire,GeneralSheaf,true,5,5,epoch-15,0,9,confidence,0.6697844476707264
roman_empire,GeneralSheaf,true,5,5,epoch-15,1,9,confidence,0.77372306584902
roman_empire,GeneralSheaf,true,5,5,epoch-15,2,9,confidence,0.8077804161508996
roman_empire,GeneralSheaf,true,5,5,epoch-15,3,9,confidence,0.8263834768667301
roman_empire,GeneralSheaf,true,5,5,epoch-15,4,9,confidence,0.8371925735685134
roman_empire,GeneralSheaf,true,5,5,epoch-15,5,9,confidence,0.8148088260052115
roman_empire,GeneralSheaf,true,5,5,epoch-15,0,9,saliency,-0.48715095885930293
roman_empire,GeneralSheaf,true,5,5,epoch-15,1,9,saliency,-0.5426377199543158
roman_empire,GeneralSheaf,true,5,5,epoch-15,2,9,saliency,-0.5620486089892812
roman_empire,GeneralSheaf,true,5,5,epoch-15,3,9,saliency,-0.5821793978550834
roman_empire,GeneralSheaf,true,5,5,epoch-15,4,9,saliency,-0.5948535428924192
roman_empire,GeneralSheaf,true,5,5,epoch-15,5,9,saliency,-0.5784326973033406
roman_empire,GeneralSheaf,true,5,5,epoch-15,0,9,cohens_d_train,0.8193432
roman_empire,GeneralSheaf,true,5,5,epoch-15,1,9,cohens_d_train,0.88108087
roman_empire,GeneralSheaf,true,5,5,epoch-15,2,9,cohens_d_train,0.92267
roman_empire,GeneralSheaf,true,5,5,epoch-15,3,9,cohens_d_train,0.95560706
roman_empire,GeneralSheaf,true,5,5,epoch-15,4,9,cohens_d_train,0.9669609
roman_empire,GeneralSheaf,true,5,5,epoch-15,5,9,cohens_d_train,0.9053796
roman_empire,GeneralSheaf,true,5,5,epoch-15,0,9,cohens_d_test,0.8074419
roman_empire,GeneralSheaf,true,5,5,epoch-15,1,9,cohens_d_test,0.8627917
roman_empire,GeneralSheaf,true,5,5,epoch-15,2,9,cohens_d_test,0.89892244
roman_empire,GeneralSheaf,true,5,5,epoch-15,3,9,cohens_d_test,0.9381173
roman_empire,GeneralSheaf,true,5,5,epoch-15,4,9,cohens_d_test,0.9420816
roman_empire,GeneralSheaf,true,5,5,epoch-15,5,9,cohens_d_test,0.8732116
roman_empire,GeneralSheaf,true,5,5,epoch-50,0,0,degree,-0.18192694683779984
roman_empire,GeneralSheaf,true,5,5,epoch-50,1,0,degree,-0.05740926812496317
roman_empire,GeneralSheaf,true,5,5,epoch-50,2,0,degree,0.09254390824669949
roman_empire,GeneralSheaf,true,5,5,epoch-50,3,0,degree,0.20426255945734273
roman_empire,GeneralSheaf,true,5,5,epoch-50,4,0,degree,0.24407170596111494
roman_empire,GeneralSheaf,true,5,5,epoch-50,5,0,degree,0.31730520513489974
roman_empire,GeneralSheaf,true,5,5,epoch-50,0,0,betweenness,-0.1613994129698305
roman_empire,GeneralSheaf,true,5,5,epoch-50,1,0,betweenness,-0.06749817742578879
roman_empire,GeneralSheaf,true,5,5,epoch-50,2,0,betweenness,0.042006178243078986
roman_empire,GeneralSheaf,true,5,5,epoch-50,3,0,betweenness,0.13041949716235685
roman_empire,GeneralSheaf,true,5,5,epoch-50,4,0,betweenness,0.15352826816321805
roman_empire,GeneralSheaf,true,5,5,epoch-50,5,0,betweenness,0.23150975530752796
roman_empire,GeneralSheaf,true,5,5,epoch-50,0,0,confidence,0.6332922454727786
roman_empire,GeneralSheaf,true,5,5,epoch-50,1,0,confidence,0.6441674077452256
roman_empire,GeneralSheaf,true,5,5,epoch-50,2,0,confidence,0.6409254853972387
roman_empire,GeneralSheaf,true,5,5,epoch-50,3,0,confidence,0.5650344520984636
roman_empire,GeneralSheaf,true,5,5,epoch-50,4,0,confidence,0.567936424169537
roman_empire,GeneralSheaf,true,5,5,epoch-50,5,0,confidence,0.5142176266318995
roman_empire,GeneralSheaf,true,5,5,epoch-50,0,0,saliency,-0.44742734493519193
roman_empire,GeneralSheaf,true,5,5,epoch-50,1,0,saliency,-0.4717972376082904
roman_empire,GeneralSheaf,true,5,5,epoch-50,2,0,saliency,-0.4883370242758058
roman_empire,GeneralSheaf,true,5,5,epoch-50,3,0,saliency,-0.4324965790287651
roman_empire,GeneralSheaf,true,5,5,epoch-50,4,0,saliency,-0.4597533151402638
roman_empire,GeneralSheaf,true,5,5,epoch-50,5,0,saliency,-0.4609347370379489
roman_empire,GeneralSheaf,true,5,5,epoch-50,0,0,cohens_d_train,0.6052549
roman_empire,GeneralSheaf,true,5,5,epoch-50,1,0,cohens_d_train,0.6060181
roman_empire,GeneralSheaf,true,5,5,epoch-50,2,0,cohens_d_train,0.5987281
roman_empire,GeneralSheaf,true,5,5,epoch-50,3,0,cohens_d_train,0.4981819
roman_empire,GeneralSheaf,true,5,5,epoch-50,4,0,cohens_d_train,0.5038161
roman_empire,GeneralSheaf,true,5,5,epoch-50,5,0,cohens_d_train,0.467203
roman_empire,GeneralSheaf,true,5,5,epoch-50,0,0,cohens_d_test,0.61501974
roman_empire,GeneralSheaf,true,5,5,epoch-50,1,0,cohens_d_test,0.60626614
roman_empire,GeneralSheaf,true,5,5,epoch-50,2,0,cohens_d_test,0.5960378
roman_empire,GeneralSheaf,true,5,5,epoch-50,3,0,cohens_d_test,0.5073191
roman_empire,GeneralSheaf,true,5,5,epoch-50,4,0,cohens_d_test,0.5245398
roman_empire,GeneralSheaf,true,5,5,epoch-50,5,0,cohens_d_test,0.48587582
roman_empire,GeneralSheaf,true,5,5,epoch-50,0,1,degree,-0.1792296938290834
roman_empire,GeneralSheaf,true,5,5,epoch-50,1,1,degree,-0.04521673153247498
roman_empire,GeneralSheaf,true,5,5,epoch-50,2,1,degree,0.12121445406304442
roman_empire,GeneralSheaf,true,5,5,epoch-50,3,1,degree,0.23867695041744086
roman_empire,GeneralSheaf,true,5,5,epoch-50,4,1,degree,0.3129145563055918
roman_empire,GeneralSheaf,true,5,5,epoch-50,5,1,degree,0.43446077871665106
roman_empire,GeneralSheaf,true,5,5,epoch-50,0,1,betweenness,-0.15724808175435734
roman_empire,GeneralSheaf,true,5,5,epoch-50,1,1,betweenness,-0.07178316470263318
roman_empire,GeneralSheaf,true,5,5,epoch-50,2,1,betweenness,0.0695917642765423
roman_empire,GeneralSheaf,true,5,5,epoch-50,3,1,betweenness,0.15841081580381913
roman_empire,GeneralSheaf,true,5,5,epoch-50,4,1,betweenness,0.21507674043956562
roman_empire,GeneralSheaf,true,5,5,epoch-50,5,1,betweenness,0.3147674786052603
roman_empire,GeneralSheaf,true,5,5,epoch-50,0,1,confidence,0.6240559527427039
roman_empire,GeneralSheaf,true,5,5,epoch-50,1,1,confidence,0.6533781215132953
roman_empire,GeneralSheaf,true,5,5,epoch-50,2,1,confidence,0.6116483954815545
roman_empire,GeneralSheaf,true,5,5,epoch-50,3,1,confidence,0.5458299456653164
roman_empire,GeneralSheaf,true,5,5,epoch-50,4,1,confidence,0.471212995005649
roman_empire,GeneralSheaf,true,5,5,epoch-50,5,1,confidence,0.3206043956886878
roman_empire,GeneralSheaf,true,5,5,epoch-50,0,1,saliency,-0.47005741920609495
roman_empire,GeneralSheaf,true,5,5,epoch-50,1,1,saliency,-0.5010663570793646
roman_empire,GeneralSheaf,true,5,5,epoch-50,2,1,saliency,-0.4897139153325384
roman_empire,GeneralSheaf,true,5,5,epoch-50,3,1,saliency,-0.4431805833592997
roman_empire,GeneralSheaf,true,5,5,epoch-50,4,1,saliency,-0.3912334384937605
roman_empire,GeneralSheaf,true,5,5,epoch-50,5,1,saliency,-0.30667009051616256
roman_empire,GeneralSheaf,true,5,5,epoch-50,0,1,cohens_d_train,0.57372856
roman_empire,GeneralSheaf,true,5,5,epoch-50,1,1,cohens_d_train,0.6023151
roman_empire,GeneralSheaf,true,5,5,epoch-50,2,1,cohens_d_train,0.5426893
roman_empire,GeneralSheaf,true,5,5,epoch-50,3,1,cohens_d_train,0.47205627
roman_empire,GeneralSheaf,true,5,5,epoch-50,4,1,cohens_d_train,0.38411573
roman_empire,GeneralSheaf,true,5,5,epoch-50,5,1,cohens_d_train,0.22116868
roman_empire,GeneralSheaf,true,5,5,epoch-50,0,1,cohens_d_test,0.61463183
roman_empire,GeneralSheaf,true,5,5,epoch-50,1,1,cohens_d_test,0.6420458
roman_empire,GeneralSheaf,true,5,5,epoch-50,2,1,cohens_d_test,0.5869017
roman_empire,GeneralSheaf,true,5,5,epoch-50,3,1,cohens_d_test,0.51026845
roman_empire,GeneralSheaf,true,5,5,epoch-50,4,1,cohens_d_test,0.4190796
roman_empire,GeneralSheaf,true,5,5,epoch-50,5,1,cohens_d_test,0.23304792
roman_empire,GeneralSheaf,true,5,5,epoch-50,0,2,degree,-0.17188283941036459
roman_empire,GeneralSheaf,true,5,5,epoch-50,1,2,degree,-0.019672000216917934
roman_empire,GeneralSheaf,true,5,5,epoch-50,2,2,degree,0.1183545466950833
roman_empire,GeneralSheaf,true,5,5,epoch-50,3,2,degree,0.20091196519245483
roman_empire,GeneralSheaf,true,5,5,epoch-50,4,2,degree,0.2917718876385441
roman_empire,GeneralSheaf,true,5,5,epoch-50,5,2,degree,0.3419675915111344
roman_empire,GeneralSheaf,true,5,5,epoch-50,0,2,betweenness,-0.1488337874770355
roman_empire,GeneralSheaf,true,5,5,epoch-50,1,2,betweenness,-0.05462472980502571
roman_empire,GeneralSheaf,true,5,5,epoch-50,2,2,betweenness,0.04815398378816485
roman_empire,GeneralSheaf,true,5,5,epoch-50,3,2,betweenness,0.11594465342784131
roman_empire,GeneralSheaf,true,5,5,epoch-50,4,2,betweenness,0.17676027063814406
roman_empire,GeneralSheaf,true,5,5,epoch-50,5,2,betweenness,0.22029586325509942
roman_empire,GeneralSheaf,true,5,5,epoch-50,0,2,confidence,0.5912246162629599
roman_empire,GeneralSheaf,true,5,5,epoch-50,1,2,confidence,0.6302891743639965
roman_empire,GeneralSheaf,true,5,5,epoch-50,2,2,confidence,0.6223727517259946
roman_empire,GeneralSheaf,true,5,5,epoch-50,3,2,confidence,0.5996211224372946
roman_empire,GeneralSheaf,true,5,5,epoch-50,4,2,confidence,0.5189371210265807
roman_empire,GeneralSheaf,true,5,5,epoch-50,5,2,confidence,0.49815581785507435
roman_empire,GeneralSheaf,true,5,5,epoch-50,0,2,saliency,-0.4545165144880522
roman_empire,GeneralSheaf,true,5,5,epoch-50,1,2,saliency,-0.48116347699763085
roman_empire,GeneralSheaf,true,5,5,epoch-50,2,2,saliency,-0.4716407144685481
roman_empire,GeneralSheaf,true,5,5,epoch-50,3,2,saliency,-0.46103848718574447
roman_empire,GeneralSheaf,true,5,5,epoch-50,4,2,saliency,-0.4146755728261782
roman_empire,GeneralSheaf,true,5,5,epoch-50,5,2,saliency,-0.42754555668743555
roman_empire,GeneralSheaf,true,5,5,epoch-50,0,2,cohens_d_train,0.5560717
roman_empire,GeneralSheaf,true,5,5,epoch-50,1,2,cohens_d_train,0.6071817
roman_empire,GeneralSheaf,true,5,5,epoch-50,2,2,cohens_d_train,0.60049385
roman_empire,GeneralSheaf,true,5,5,epoch-50,3,2,cohens_d_train,0.5625614
roman_empire,GeneralSheaf,true,5,5,epoch-50,4,2,cohens_d_train,0.461267
roman_empire,GeneralSheaf,true,5,5,epoch-50,5,2,cohens_d_train,0.46980727
roman_empire,GeneralSheaf,true,5,5,epoch-50,0,2,cohens_d_test,0.63555694
roman_empire,GeneralSheaf,true,5,5,epoch-50,1,2,cohens_d_test,0.69283944
roman_empire,GeneralSheaf,true,5,5,epoch-50,2,2,cohens_d_test,0.6811578
roman_empire,GeneralSheaf,true,5,5,epoch-50,3,2,cohens_d_test,0.6398801
roman_empire,GeneralSheaf,true,5,5,epoch-50,4,2,cohens_d_test,0.5166699
roman_empire,GeneralSheaf,true,5,5,epoch-50,5,2,cohens_d_test,0.5170647
roman_empire,GeneralSheaf,true,5,5,epoch-50,0,3,degree,-0.180689897512474
roman_empire,GeneralSheaf,true,5,5,epoch-50,1,3,degree,0.029136435365003016
roman_empire,GeneralSheaf,true,5,5,epoch-50,2,3,degree,0.10945061280863969
roman_empire,GeneralSheaf,true,5,5,epoch-50,3,3,degree,0.20929101730699237
roman_empire,GeneralSheaf,true,5,5,epoch-50,4,3,degree,0.26700687127940814
roman_empire,GeneralSheaf,true,5,5,epoch-50,5,3,degree,0.30264009011101334
roman_empire,GeneralSheaf,true,5,5,epoch-50,0,3,betweenness,-0.15763454230543117
roman_empire,GeneralSheaf,true,5,5,epoch-50,1,3,betweenness,0.003403036106934742
roman_empire,GeneralSheaf,true,5,5,epoch-50,2,3,betweenness,0.06005706361413039
roman_empire,GeneralSheaf,true,5,5,epoch-50,3,3,betweenness,0.15665113595238994
roman_empire,GeneralSheaf,true,5,5,epoch-50,4,3,betweenness,0.20229085080846673
roman_empire,GeneralSheaf,true,5,5,epoch-50,5,3,betweenness,0.2179162463435654
roman_empire,GeneralSheaf,true,5,5,epoch-50,0,3,confidence,0.6201735030831328
roman_empire,GeneralSheaf,true,5,5,epoch-50,1,3,confidence,0.5970459675539657
roman_empire,GeneralSheaf,true,5,5,epoch-50,2,3,confidence,0.6019170191555372
roman_empire,GeneralSheaf,true,5,5,epoch-50,3,3,confidence,0.5296782459094741
roman_empire,GeneralSheaf,true,5,5,epoch-50,4,3,confidence,0.5062758003301596
roman_empire,GeneralSheaf,true,5,5,epoch-50,5,3,confidence,0.4889916439235366
roman_empire,GeneralSheaf,true,5,5,epoch-50,0,3,saliency,-0.479569998546111
roman_empire,GeneralSheaf,true,5,5,epoch-50,1,3,saliency,-0.459428809126196
roman_empire,GeneralSheaf,true,5,5,epoch-50,2,3,saliency,-0.4766119821795276
roman_empire,GeneralSheaf,true,5,5,epoch-50,3,3,saliency,-0.4253362722680931
roman_empire,GeneralSheaf,true,5,5,epoch-50,4,3,saliency,-0.42537935881680483
roman_empire,GeneralSheaf,true,5,5,epoch-50,5,3,saliency,-0.42593496005224396
roman_empire,GeneralSheaf,true,5,5,epoch-50,0,3,cohens_d_train,0.5286379
roman_empire,GeneralSheaf,true,5,5,epoch-50,1,3,cohens_d_train,0.49785548
roman_empire,GeneralSheaf,true,5,5,epoch-50,2,3,cohens_d_train,0.48396602
roman_empire,GeneralSheaf,true,5,5,epoch-50,3,3,cohens_d_train,0.41180354
roman_empire,GeneralSheaf,true,5,5,epoch-50,4,3,cohens_d_train,0.3894599
roman_empire,GeneralSheaf,true,5,5,epoch-50,5,3,cohens_d_train,0.38275576
roman_empire,GeneralSheaf,true,5,5,epoch-50,0,3,cohens_d_test,0.5122113
roman_empire,GeneralSheaf,true,5,5,epoch-50,1,3,cohens_d_test,0.4687007
roman_empire,GeneralSheaf,true,5,5,epoch-50,2,3,cohens_d_test,0.4617178
roman_empire,GeneralSheaf,true,5,5,epoch-50,3,3,cohens_d_test,0.3775324
roman_empire,GeneralSheaf,true,5,5,epoch-50,4,3,cohens_d_test,0.3568945
roman_empire,GeneralSheaf,true,5,5,epoch-50,5,3,cohens_d_test,0.34729785
roman_empire,GeneralSheaf,true,5,5,epoch-50,0,4,degree,-0.18196310730038534
roman_empire,GeneralSheaf,true,5,5,epoch-50,1,4,degree,0.006779103039446885
roman_empire,GeneralSheaf,true,5,5,epoch-50,2,4,degree,0.09555388560343452
roman_empire,GeneralSheaf,true,5,5,epoch-50,3,4,degree,0.17390067430906828
roman_empire,GeneralSheaf,true,5,5,epoch-50,4,4,degree,0.1924730020211628
roman_empire,GeneralSheaf,true,5,5,epoch-50,5,4,degree,0.24639189186691726
roman_empire,GeneralSheaf,true,5,5,epoch-50,0,4,betweenness,-0.16944592632670008
roman_empire,GeneralSheaf,true,5,5,epoch-50,1,4,betweenness,-0.022921373927578814
roman_empire,GeneralSheaf,true,5,5,epoch-50,2,4,betweenness,0.03050662996126014
roman_empire,GeneralSheaf,true,5,5,epoch-50,3,4,betweenness,0.09078091886419676
roman_empire,GeneralSheaf,true,5,5,epoch-50,4,4,betweenness,0.08774231852472893
roman_empire,GeneralSheaf,true,5,5,epoch-50,5,4,betweenness,0.12829796712909255
roman_empire,GeneralSheaf,true,5,5,epoch-50,0,4,confidence,0.6166888581258146
roman_empire,GeneralSheaf,true,5,5,epoch-50,1,4,confidence,0.6095152648446678
roman_empire,GeneralSheaf,true,5,5,epoch-50,2,4,confidence,0.6036054683962174
roman_empire,GeneralSheaf,true,5,5,epoch-50,3,4,confidence,0.5941785693639415
roman_empire,GeneralSheaf,true,5,5,epoch-50,4,4,confidence,0.6286922970419008
roman_empire,GeneralSheaf,true,5,5,epoch-50,5,4,confidence,0.5918644336896071
roman_empire,GeneralSheaf,true,5,5,epoch-50,0,4,saliency,-0.47392907841766296
roman_empire,GeneralSheaf,true,5,5,epoch-50,1,4,saliency,-0.4767556514258175
roman_empire,GeneralSheaf,true,5,5,epoch-50,2,4,saliency,-0.4686725937557661
roman_empire,GeneralSheaf,true,5,5,epoch-50,3,4,saliency,-0.4590203157450359
roman_empire,GeneralSheaf,true,5,5,epoch-50,4,4,saliency,-0.48413454493576785
roman_empire,GeneralSheaf,true,5,5,epoch-50,5,4,saliency,-0.46506574876837636
roman_empire,GeneralSheaf,true,5,5,epoch-50,0,4,cohens_d_train,0.55963355
roman_empire,GeneralSheaf,true,5,5,epoch-50,1,4,cohens_d_train,0.53544414
roman_empire,GeneralSheaf,true,5,5,epoch-50,2,4,cohens_d_train,0.52636033
roman_empire,GeneralSheaf,true,5,5,epoch-50,3,4,cohens_d_train,0.5289355
roman_empire,GeneralSheaf,true,5,5,epoch-50,4,4,cohens_d_train,0.57377464
roman_empire,GeneralSheaf,true,5,5,epoch-50,5,4,cohens_d_train,0.5195936
roman_empire,GeneralSheaf,true,5,5,epoch-50,0,4,cohens_d_test,0.5384582
roman_empire,GeneralSheaf,true,5,5,epoch-50,1,4,cohens_d_test,0.51165503
roman_empire,GeneralSheaf,true,5,5,epoch-50,2,4,cohens_d_test,0.50644845
roman_empire,GeneralSheaf,true,5,5,epoch-50,3,4,cohens_d_test,0.5169224
roman_empire,GeneralSheaf,true,5,5,epoch-50,4,4,cohens_d_test,0.5725536
roman_empire,GeneralSheaf,true,5,5,epoch-50,5,4,cohens_d_test,0.5191548
roman_empire,GeneralSheaf,true,5,5,epoch-50,0,5,degree,-0.16794216116801558
roman_empire,GeneralSheaf,true,5,5,epoch-50,1,5,degree,-0.022202245504072855
roman_empire,GeneralSheaf,true,5,5,epoch-50,2,5,degree,0.08147139071158399
roman_empire,GeneralSheaf,true,5,5,epoch-50,3,5,degree,0.1705988944633833
roman_empire,GeneralSheaf,true,5,5,epoch-50,4,5,degree,0.24297605383281431
roman_empire,GeneralSheaf,true,5,5,epoch-50,5,5,degree,0.3080725738323706
roman_empire,GeneralSheaf,true,5,5,epoch-50,0,5,betweenness,-0.14685897458466746
roman_empire,GeneralSheaf,true,5,5,epoch-50,1,5,betweenness,-0.027497843990317346
roman_empire,GeneralSheaf,true,5,5,epoch-50,2,5,betweenness,0.05127863697392728
roman_empire,GeneralSheaf,true,5,5,epoch-50,3,5,betweenness,0.1152547202137811
roman_empire,GeneralSheaf,true,5,5,epoch-50,4,5,betweenness,0.17923396068015435
roman_empire,GeneralSheaf,true,5,5,epoch-50,5,5,betweenness,0.21842582642687047
roman_empire,GeneralSheaf,true,5,5,epoch-50,0,5,confidence,0.5765736440379121
roman_empire,GeneralSheaf,true,5,5,epoch-50,1,5,confidence,0.594763346094278
roman_empire,GeneralSheaf,true,5,5,epoch-50,2,5,confidence,0.6020429906650696
roman_empire,GeneralSheaf,true,5,5,epoch-50,3,5,confidence,0.5680388046009559
roman_empire,GeneralSheaf,true,5,5,epoch-50,4,5,confidence,0.5343525836443727
roman_empire,GeneralSheaf,true,5,5,epoch-50,5,5,confidence,0.5214672783967587
roman_empire,GeneralSheaf,true,5,5,epoch-50,0,5,saliency,-0.44700495799243417
roman_empire,GeneralSheaf,true,5,5,epoch-50,1,5,saliency,-0.47645605031067706
roman_empire,GeneralSheaf,true,5,5,epoch-50,2,5,saliency,-0.48912910333758436
roman_empire,GeneralSheaf,true,5,5,epoch-50,3,5,saliency,-0.4741784774358044
roman_empire,GeneralSheaf,true,5,5,epoch-50,4,5,saliency,-0.4601601975616945
roman_empire,GeneralSheaf,true,5,5,epoch-50,5,5,saliency,-0.460882767469355
roman_empire,GeneralSheaf,true,5,5,epoch-50,0,5,cohens_d_train,0.5292519
roman_empire,GeneralSheaf,true,5,5,epoch-50,1,5,cohens_d_train,0.54341274
roman_empire,GeneralSheaf,true,5,5,epoch-50,2,5,cohens_d_train,0.54753596
roman_empire,GeneralSheaf,true,5,5,epoch-50,3,5,cohens_d_train,0.5207424
roman_empire,GeneralSheaf,true,5,5,epoch-50,4,5,cohens_d_train,0.49960265
roman_empire,GeneralSheaf,true,5,5,epoch-50,5,5,cohens_d_train,0.5092444
roman_empire,GeneralSheaf,true,5,5,epoch-50,0,5,cohens_d_test,0.5399384
roman_empire,GeneralSheaf,true,5,5,epoch-50,1,5,cohens_d_test,0.5427808
roman_empire,GeneralSheaf,true,5,5,epoch-50,2,5,cohens_d_test,0.534906
roman_empire,GeneralSheaf,true,5,5,epoch-50,3,5,cohens_d_test,0.49195725
roman_empire,GeneralSheaf,true,5,5,epoch-50,4,5,cohens_d_test,0.46053904
roman_empire,GeneralSheaf,true,5,5,epoch-50,5,5,cohens_d_test,0.47241035
roman_empire,GeneralSheaf,true,5,5,epoch-50,0,6,degree,-0.1702848549414643
roman_empire,GeneralSheaf,true,5,5,epoch-50,1,6,degree,0.00679576171409583
roman_empire,GeneralSheaf,true,5,5,epoch-50,2,6,degree,0.08144253660005582
roman_empire,GeneralSheaf,true,5,5,epoch-50,3,6,degree,0.19607081752406263
roman_empire,GeneralSheaf,true,5,5,epoch-50,4,6,degree,0.24820930488913845
roman_empire,GeneralSheaf,true,5,5,epoch-50,5,6,degree,0.2978170098452427
roman_empire,GeneralSheaf,true,5,5,epoch-50,0,6,betweenness,-0.15672480172220124
roman_empire,GeneralSheaf,true,5,5,epoch-50,1,6,betweenness,-0.010575388042029302
roman_empire,GeneralSheaf,true,5,5,epoch-50,2,6,betweenness,0.046607611239556944
roman_empire,GeneralSheaf,true,5,5,epoch-50,3,6,betweenness,0.13892592404784027
roman_empire,GeneralSheaf,true,5,5,epoch-50,4,6,betweenness,0.18921664278234043
roman_empire,GeneralSheaf,true,5,5,epoch-50,5,6,betweenness,0.23136709729450064
roman_empire,GeneralSheaf,true,5,5,epoch-50,0,6,confidence,0.6320756905527855
roman_empire,GeneralSheaf,true,5,5,epoch-50,1,6,confidence,0.6144984392514811
roman_empire,GeneralSheaf,true,5,5,epoch-50,2,6,confidence,0.6258479730514385
roman_empire,GeneralSheaf,true,5,5,epoch-50,3,6,confidence,0.5632693434092867
roman_empire,GeneralSheaf,true,5,5,epoch-50,4,6,confidence,0.495601750423009
roman_empire,GeneralSheaf,true,5,5,epoch-50,5,6,confidence,0.43443605366611565
roman_empire,GeneralSheaf,true,5,5,epoch-50,0,6,saliency,-0.4829486560521725
roman_empire,GeneralSheaf,true,5,5,epoch-50,1,6,saliency,-0.47569483057359274
roman_empire,GeneralSheaf,true,5,5,epoch-50,2,6,saliency,-0.4961134343601458
roman_empire,GeneralSheaf,true,5,5,epoch-50,3,6,saliency,-0.4536466157725851
roman_empire,GeneralSheaf,true,5,5,epoch-50,4,6,saliency,-0.42670753110473286
roman_empire,GeneralSheaf,true,5,5,epoch-50,5,6,saliency,-0.39211941632250974
roman_empire,GeneralSheaf,true,5,5,epoch-50,0,6,cohens_d_train,0.5645572
roman_empire,GeneralSheaf,true,5,5,epoch-50,1,6,cohens_d_train,0.54070055
roman_empire,GeneralSheaf,true,5,5,epoch-50,2,6,cohens_d_train,0.5478736
roman_empire,GeneralSheaf,true,5,5,epoch-50,3,6,cohens_d_train,0.48984352
roman_empire,GeneralSheaf,true,5,5,epoch-50,4,6,cohens_d_train,0.40818858
roman_empire,GeneralSheaf,true,5,5,epoch-50,5,6,cohens_d_train,0.33478072
roman_empire,GeneralSheaf,true,5,5,epoch-50,0,6,cohens_d_test,0.53075
roman_empire,GeneralSheaf,true,5,5,epoch-50,1,6,cohens_d_test,0.5217616
roman_empire,GeneralSheaf,true,5,5,epoch-50,2,6,cohens_d_test,0.53476393
roman_empire,GeneralSheaf,true,5,5,epoch-50,3,6,cohens_d_test,0.48978618
roman_empire,GeneralSheaf,true,5,5,epoch-50,4,6,cohens_d_test,0.41342112
roman_empire,GeneralSheaf,true,5,5,epoch-50,5,6,cohens_d_test,0.34616935
roman_empire,GeneralSheaf,true,5,5,epoch-50,0,7,degree,-0.1864589495139622
roman_empire,GeneralSheaf,true,5,5,epoch-50,1,7,degree,-0.023194881038450615
roman_empire,GeneralSheaf,true,5,5,epoch-50,2,7,degree,0.09822056038110406
roman_empire,GeneralSheaf,true,5,5,epoch-50,3,7,degree,0.15957423844410487
roman_empire,GeneralSheaf,true,5,5,epoch-50,4,7,degree,0.23104765789125054
roman_empire,GeneralSheaf,true,5,5,epoch-50,5,7,degree,0.3260437880104117
roman_empire,GeneralSheaf,true,5,5,epoch-50,0,7,betweenness,-0.16528010376391525
roman_empire,GeneralSheaf,true,5,5,epoch-50,1,7,betweenness,-0.043979255037119934
roman_empire,GeneralSheaf,true,5,5,epoch-50,2,7,betweenness,0.04251522542319217
roman_empire,GeneralSheaf,true,5,5,epoch-50,3,7,betweenness,0.086256256350148
roman_empire,GeneralSheaf,true,5,5,epoch-50,4,7,betweenness,0.14027436645564756
roman_empire,GeneralSheaf,true,5,5,epoch-50,5,7,betweenness,0.2343347001478187
roman_empire,GeneralSheaf,true,5,5,epoch-50,0,7,confidence,0.6007224295470228
roman_empire,GeneralSheaf,true,5,5,epoch-50,1,7,confidence,0.6414651416645777
roman_empire,GeneralSheaf,true,5,5,epoch-50,2,7,confidence,0.6381712926511056
roman_empire,GeneralSheaf,true,5,5,epoch-50,3,7,confidence,0.6189561504714545
roman_empire,GeneralSheaf,true,5,5,epoch-50,4,7,confidence,0.5548221667353254
roman_empire,GeneralSheaf,true,5,5,epoch-50,5,7,confidence,0.4412676536814869
roman_empire,GeneralSheaf,true,5,5,epoch-50,0,7,saliency,-0.4785209801241646
roman_empire,GeneralSheaf,true,5,5,epoch-50,1,7,saliency,-0.5216350369238021
roman_empire,GeneralSheaf,true,5,5,epoch-50,2,7,saliency,-0.5184411430777252
roman_empire,GeneralSheaf,true,5,5,epoch-50,3,7,saliency,-0.5122032069749982
roman_empire,GeneralSheaf,true,5,5,epoch-50,4,7,saliency,-0.4645383163653705
roman_empire,GeneralSheaf,true,5,5,epoch-50,5,7,saliency,-0.42691309125009336
roman_empire,GeneralSheaf,true,5,5,epoch-50,0,7,cohens_d_train,0.5668095
roman_empire,GeneralSheaf,true,5,5,epoch-50,1,7,cohens_d_train,0.59715813
roman_empire,GeneralSheaf,true,5,5,epoch-50,2,7,cohens_d_train,0.5878091
roman_empire,GeneralSheaf,true,5,5,epoch-50,3,7,cohens_d_train,0.5837325
roman_empire,GeneralSheaf,true,5,5,epoch-50,4,7,cohens_d_train,0.508412
roman_empire,GeneralSheaf,true,5,5,epoch-50,5,7,cohens_d_train,0.3960106
roman_empire,GeneralSheaf,true,5,5,epoch-50,0,7,cohens_d_test,0.5300285
roman_empire,GeneralSheaf,true,5,5,epoch-50,1,7,cohens_d_test,0.5551963
roman_empire,GeneralSheaf,true,5,5,epoch-50,2,7,cohens_d_test,0.5305499
roman_empire,GeneralSheaf,true,5,5,epoch-50,3,7,cohens_d_test,0.5241243
roman_empire,GeneralSheaf,true,5,5,epoch-50,4,7,cohens_d_test,0.4477398
roman_empire,GeneralSheaf,true,5,5,epoch-50,5,7,cohens_d_test,0.3440385
roman_empire,GeneralSheaf,true,5,5,epoch-50,0,8,degree,-0.1760892265160809
roman_empire,GeneralSheaf,true,5,5,epoch-50,1,8,degree,-0.002730815297387098
roman_empire,GeneralSheaf,true,5,5,epoch-50,2,8,degree,0.09930249825193439
roman_empire,GeneralSheaf,true,5,5,epoch-50,3,8,degree,0.16393115272722644
roman_empire,GeneralSheaf,true,5,5,epoch-50,4,8,degree,0.24746995264776825
roman_empire,GeneralSheaf,true,5,5,epoch-50,5,8,degree,0.31446415041218173
roman_empire,GeneralSheaf,true,5,5,epoch-50,0,8,betweenness,-0.15325197911620023
roman_empire,GeneralSheaf,true,5,5,epoch-50,1,8,betweenness,-0.014718680872935439
roman_empire,GeneralSheaf,true,5,5,epoch-50,2,8,betweenness,0.05395665846585355
roman_empire,GeneralSheaf,true,5,5,epoch-50,3,8,betweenness,0.09695435789739128
roman_empire,GeneralSheaf,true,5,5,epoch-50,4,8,betweenness,0.17486898571823548
roman_empire,GeneralSheaf,true,5,5,epoch-50,5,8,betweenness,0.24058582484236984
roman_empire,GeneralSheaf,true,5,5,epoch-50,0,8,confidence,0.643446359328551
roman_empire,GeneralSheaf,true,5,5,epoch-50,1,8,confidence,0.651924486118518
roman_empire,GeneralSheaf,true,5,5,epoch-50,2,8,confidence,0.6365917252163406
roman_empire,GeneralSheaf,true,5,5,epoch-50,3,8,confidence,0.6044782176125849
roman_empire,GeneralSheaf,true,5,5,epoch-50,4,8,confidence,0.5142833381386233
roman_empire,GeneralSheaf,true,5,5,epoch-50,5,8,confidence,0.45796277326146534
roman_empire,GeneralSheaf,true,5,5,epoch-50,0,8,saliency,-0.47158667450099956
roman_empire,GeneralSheaf,true,5,5,epoch-50,1,8,saliency,-0.5029360272061832
roman_empire,GeneralSheaf,true,5,5,epoch-50,2,8,saliency,-0.4927021582527493
roman_empire,GeneralSheaf,true,5,5,epoch-50,3,8,saliency,-0.4694138939147956
roman_empire,GeneralSheaf,true,5,5,epoch-50,4,8,saliency,-0.40793066606225675
roman_empire,GeneralSheaf,true,5,5,epoch-50,5,8,saliency,-0.4213407059016899
roman_empire,GeneralSheaf,true,5,5,epoch-50,0,8,cohens_d_train,0.57769996
roman_empire,GeneralSheaf,true,5,5,epoch-50,1,8,cohens_d_train,0.5791516
roman_empire,GeneralSheaf,true,5,5,epoch-50,2,8,cohens_d_train,0.5799319
roman_empire,GeneralSheaf,true,5,5,epoch-50,3,8,cohens_d_train,0.5557627
roman_empire,GeneralSheaf,true,5,5,epoch-50,4,8,cohens_d_train,0.4411947
roman_empire,GeneralSheaf,true,5,5,epoch-50,5,8,cohens_d_train,0.42063013
roman_empire,GeneralSheaf,true,5,5,epoch-50,0,8,cohens_d_test,0.5287796
roman_empire,GeneralSheaf,true,5,5,epoch-50,1,8,cohens_d_test,0.52059984
roman_empire,GeneralSheaf,true,5,5,epoch-50,2,8,cohens_d_test,0.52622277
roman_empire,GeneralSheaf,true,5,5,epoch-50,3,8,cohens_d_test,0.505037
roman_empire,GeneralSheaf,true,5,5,epoch-50,4,8,cohens_d_test,0.38543272
roman_empire,GeneralSheaf,true,5,5,epoch-50,5,8,cohens_d_test,0.37832895
roman_empire,GeneralSheaf,true,5,5,epoch-50,0,9,degree,-0.18378207190187873
roman_empire,GeneralSheaf,true,5,5,epoch-50,1,9,degree,-0.02358240032568417
roman_empire,GeneralSheaf,true,5,5,epoch-50,2,9,degree,0.07390794148319219
roman_empire,GeneralSheaf,true,5,5,epoch-50,3,9,degree,0.16485548864041122
roman_empire,GeneralSheaf,true,5,5,epoch-50,4,9,degree,0.26005966326816565
roman_empire,GeneralSheaf,true,5,5,epoch-50,5,9,degree,0.3901879019021241
roman_empire,GeneralSheaf,true,5,5,epoch-50,0,9,betweenness,-0.16441069123972402
roman_empire,GeneralSheaf,true,5,5,epoch-50,1,9,betweenness,-0.04704593331588781
roman_empire,GeneralSheaf,true,5,5,epoch-50,2,9,betweenness,0.0290703104454221
roman_empire,GeneralSheaf,true,5,5,epoch-50,3,9,betweenness,0.08116439415675963
roman_empire,GeneralSheaf,true,5,5,epoch-50,4,9,betweenness,0.15244756531788112
roman_empire,GeneralSheaf,true,5,5,epoch-50,5,9,betweenness,0.26787909125443005
roman_empire,GeneralSheaf,true,5,5,epoch-50,0,9,confidence,0.6058073915156328
roman_empire,GeneralSheaf,true,5,5,epoch-50,1,9,confidence,0.636349930377822
roman_empire,GeneralSheaf,true,5,5,epoch-50,2,9,confidence,0.6196042649213603
roman_empire,GeneralSheaf,true,5,5,epoch-50,3,9,confidence,0.5999709742496465
roman_empire,GeneralSheaf,true,5,5,epoch-50,4,9,confidence,0.5304486480631398
roman_empire,GeneralSheaf,true,5,5,epoch-50,5,9,confidence,0.3741249492235052
roman_empire,GeneralSheaf,true,5,5,epoch-50,0,9,saliency,-0.47975346569549254
roman_empire,GeneralSheaf,true,5,5,epoch-50,1,9,saliency,-0.5059752838027802
roman_empire,GeneralSheaf,true,5,5,epoch-50,2,9,saliency,-0.4973291659999263
roman_empire,GeneralSheaf,true,5,5,epoch-50,3,9,saliency,-0.4847453169034519
roman_empire,GeneralSheaf,true,5,5,epoch-50,4,9,saliency,-0.44341077753402736
roman_empire,GeneralSheaf,true,5,5,epoch-50,5,9,saliency,-0.3525656180479117
roman_empire,GeneralSheaf,true,5,5,epoch-50,0,9,cohens_d_train,0.52857995
roman_empire,GeneralSheaf,true,5,5,epoch-50,1,9,cohens_d_train,0.5249433
roman_empire,GeneralSheaf,true,5,5,epoch-50,2,9,cohens_d_train,0.5036299
roman_empire,GeneralSheaf,true,5,5,epoch-50,3,9,cohens_d_train,0.47550783
roman_empire,GeneralSheaf,true,5,5,epoch-50,4,9,cohens_d_train,0.39263034
roman_empire,GeneralSheaf,true,5,5,epoch-50,5,9,cohens_d_train,0.20975827
roman_empire,GeneralSheaf,true,5,5,epoch-50,0,9,cohens_d_test,0.5824707
roman_empire,GeneralSheaf,true,5,5,epoch-50,1,9,cohens_d_test,0.58442193
roman_empire,GeneralSheaf,true,5,5,epoch-50,2,9,cohens_d_test,0.56762
roman_empire,GeneralSheaf,true,5,5,epoch-50,3,9,cohens_d_test,0.53565854
roman_empire,GeneralSheaf,true,5,5,epoch-50,4,9,cohens_d_test,0.4414867
roman_empire,GeneralSheaf,true,5,5,epoch-50,5,9,cohens_d_test,0.25120267
roman_empire,GeneralSheaf,true,5,5,epoch-200,0,0,degree,-0.14529557244567073
roman_empire,GeneralSheaf,true,5,5,epoch-200,1,0,degree,0.08835206367755688
roman_empire,GeneralSheaf,true,5,5,epoch-200,2,0,degree,0.2820330226133571
roman_empire,GeneralSheaf,true,5,5,epoch-200,3,0,degree,0.4018420631457366
roman_empire,GeneralSheaf,true,5,5,epoch-200,4,0,degree,0.400886359560002
roman_empire,GeneralSheaf,true,5,5,epoch-200,5,0,degree,0.4335225504224744
roman_empire,GeneralSheaf,true,5,5,epoch-200,0,0,betweenness,-0.1038060999560071
roman_empire,GeneralSheaf,true,5,5,epoch-200,1,0,betweenness,0.08590857407973745
roman_empire,GeneralSheaf,true,5,5,epoch-200,2,0,betweenness,0.2312801437104892
roman_empire,GeneralSheaf,true,5,5,epoch-200,3,0,betweenness,0.3113068827223807
roman_empire,GeneralSheaf,true,5,5,epoch-200,4,0,betweenness,0.296155971895242
roman_empire,GeneralSheaf,true,5,5,epoch-200,5,0,betweenness,0.32950995887073775
roman_empire,GeneralSheaf,true,5,5,epoch-200,0,0,confidence,0.47435167177045867
roman_empire,GeneralSheaf,true,5,5,epoch-200,1,0,confidence,0.4852789344398618
roman_empire,GeneralSheaf,true,5,5,epoch-200,2,0,confidence,0.4384044082816462
roman_empire,GeneralSheaf,true,5,5,epoch-200,3,0,confidence,0.3053266639617705
roman_empire,GeneralSheaf,true,5,5,epoch-200,4,0,confidence,0.3526546213420667
roman_empire,GeneralSheaf,true,5,5,epoch-200,5,0,confidence,0.3705025374999133
roman_empire,GeneralSheaf,true,5,5,epoch-200,0,0,saliency,-0.36395413500320156
roman_empire,GeneralSheaf,true,5,5,epoch-200,1,0,saliency,-0.37149778357262514
roman_empire,GeneralSheaf,true,5,5,epoch-200,2,0,saliency,-0.36426018896628165
roman_empire,GeneralSheaf,true,5,5,epoch-200,3,0,saliency,-0.24734856103383965
roman_empire,GeneralSheaf,true,5,5,epoch-200,4,0,saliency,-0.3007399705500431
roman_empire,GeneralSheaf,true,5,5,epoch-200,5,0,saliency,-0.3349553945516484
roman_empire,GeneralSheaf,true,5,5,epoch-200,0,0,cohens_d_train,0.3679536
roman_empire,GeneralSheaf,true,5,5,epoch-200,1,0,cohens_d_train,0.3376994
roman_empire,GeneralSheaf,true,5,5,epoch-200,2,0,cohens_d_train,0.3049963
roman_empire,GeneralSheaf,true,5,5,epoch-200,3,0,cohens_d_train,0.15814212
roman_empire,GeneralSheaf,true,5,5,epoch-200,4,0,cohens_d_train,0.22197391
roman_empire,GeneralSheaf,true,5,5,epoch-200,5,0,cohens_d_train,0.28076592
roman_empire,GeneralSheaf,true,5,5,epoch-200,0,0,cohens_d_test,0.3744577
roman_empire,GeneralSheaf,true,5,5,epoch-200,1,0,cohens_d_test,0.38712922
roman_empire,GeneralSheaf,true,5,5,epoch-200,2,0,cohens_d_test,0.3375626
roman_empire,GeneralSheaf,true,5,5,epoch-200,3,0,cohens_d_test,0.22719952
roman_empire,GeneralSheaf,true,5,5,epoch-200,4,0,cohens_d_test,0.29225528
roman_empire,GeneralSheaf,true,5,5,epoch-200,5,0,cohens_d_test,0.3590688
roman_empire,GeneralSheaf,true,5,5,epoch-200,0,1,degree,-0.14113864818801936
roman_empire,GeneralSheaf,true,5,5,epoch-200,1,1,degree,0.026877895610223627
roman_empire,GeneralSheaf,true,5,5,epoch-200,2,1,degree,0.2304218705898816
roman_empire,GeneralSheaf,true,5,5,epoch-200,3,1,degree,0.29349143331508143
roman_empire,GeneralSheaf,true,5,5,epoch-200,4,1,degree,0.32965430309081506
roman_empire,GeneralSheaf,true,5,5,epoch-200,5,1,degree,0.41104361317487803
roman_empire,GeneralSheaf,true,5,5,epoch-200,0,1,betweenness,-0.10283120200497181
roman_empire,GeneralSheaf,true,5,5,epoch-200,1,1,betweenness,0.008357483503520734
roman_empire,GeneralSheaf,true,5,5,epoch-200,2,1,betweenness,0.19096430336404152
roman_empire,GeneralSheaf,true,5,5,epoch-200,3,1,betweenness,0.20530979656594123
roman_empire,GeneralSheaf,true,5,5,epoch-200,4,1,betweenness,0.23667517581220895
roman_empire,GeneralSheaf,true,5,5,epoch-200,5,1,betweenness,0.2935008832363597
roman_empire,GeneralSheaf,true,5,5,epoch-200,0,1,confidence,0.4398358895406378
roman_empire,GeneralSheaf,true,5,5,epoch-200,1,1,confidence,0.5301772360844901
roman_empire,GeneralSheaf,true,5,5,epoch-200,2,1,confidence,0.4696667917242285
roman_empire,GeneralSheaf,true,5,5,epoch-200,3,1,confidence,0.45486070143217894
roman_empire,GeneralSheaf,true,5,5,epoch-200,4,1,confidence,0.4216100158345088
roman_empire,GeneralSheaf,true,5,5,epoch-200,5,1,confidence,0.3796806133524397
roman_empire,GeneralSheaf,true,5,5,epoch-200,0,1,saliency,-0.3638836016083256
roman_empire,GeneralSheaf,true,5,5,epoch-200,1,1,saliency,-0.3966507647549368
roman_empire,GeneralSheaf,true,5,5,epoch-200,2,1,saliency,-0.36893291796095573
roman_empire,GeneralSheaf,true,5,5,epoch-200,3,1,saliency,-0.36367066329256237
roman_empire,GeneralSheaf,true,5,5,epoch-200,4,1,saliency,-0.3408422629941828
roman_empire,GeneralSheaf,true,5,5,epoch-200,5,1,saliency,-0.319444059017676
roman_empire,GeneralSheaf,true,5,5,epoch-200,0,1,cohens_d_train,0.36818367
roman_empire,GeneralSheaf,true,5,5,epoch-200,1,1,cohens_d_train,0.43665418
roman_empire,GeneralSheaf,true,5,5,epoch-200,2,1,cohens_d_train,0.37964484
roman_empire,GeneralSheaf,true,5,5,epoch-200,3,1,cohens_d_train,0.37790358
roman_empire,GeneralSheaf,true,5,5,epoch-200,4,1,cohens_d_train,0.35279363
roman_empire,GeneralSheaf,true,5,5,epoch-200,5,1,cohens_d_train,0.30969045
roman_empire,GeneralSheaf,true,5,5,epoch-200,0,1,cohens_d_test,0.39240637
roman_empire,GeneralSheaf,true,5,5,epoch-200,1,1,cohens_d_test,0.4641835
roman_empire,GeneralSheaf,true,5,5,epoch-200,2,1,cohens_d_test,0.43096307
roman_empire,GeneralSheaf,true,5,5,epoch-200,3,1,cohens_d_test,0.43668005
roman_empire,GeneralSheaf,true,5,5,epoch-200,4,1,cohens_d_test,0.4096378
roman_empire,GeneralSheaf,true,5,5,epoch-200,5,1,cohens_d_test,0.3513515
roman_empire,GeneralSheaf,true,5,5,epoch-200,0,2,degree,-0.15428739573921693
roman_empire,GeneralSheaf,true,5,5,epoch-200,1,2,degree,0.10260604681250808
roman_empire,GeneralSheaf,true,5,5,epoch-200,2,2,degree,0.21146687070621226
roman_empire,GeneralSheaf,true,5,5,epoch-200,3,2,degree,0.29453698046294463
roman_empire,GeneralSheaf,true,5,5,epoch-200,4,2,degree,0.34254505212860686
roman_empire,GeneralSheaf,true,5,5,epoch-200,5,2,degree,0.4090059921600431
roman_empire,GeneralSheaf,true,5,5,epoch-200,0,2,betweenness,-0.1230921594747742
roman_empire,GeneralSheaf,true,5,5,epoch-200,1,2,betweenness,0.05617042761131035
roman_empire,GeneralSheaf,true,5,5,epoch-200,2,2,betweenness,0.13038045513836408
roman_empire,GeneralSheaf,true,5,5,epoch-200,3,2,betweenness,0.19025183074800991
roman_empire,GeneralSheaf,true,5,5,epoch-200,4,2,betweenness,0.21876452413586128
roman_empire,GeneralSheaf,true,5,5,epoch-200,5,2,betweenness,0.28244605416934365
roman_empire,GeneralSheaf,true,5,5,epoch-200,0,2,confidence,0.4358076088773608
roman_empire,GeneralSheaf,true,5,5,epoch-200,1,2,confidence,0.4966572975862682
roman_empire,GeneralSheaf,true,5,5,epoch-200,2,2,confidence,0.48909347041751366
roman_empire,GeneralSheaf,true,5,5,epoch-200,3,2,confidence,0.4641112389724849
roman_empire,GeneralSheaf,true,5,5,epoch-200,4,2,confidence,0.4279031721110554
roman_empire,GeneralSheaf,true,5,5,epoch-200,5,2,confidence,0.41676809718911895
roman_empire,GeneralSheaf,true,5,5,epoch-200,0,2,saliency,-0.37745833238949206
roman_empire,GeneralSheaf,true,5,5,epoch-200,1,2,saliency,-0.3796008558833276
roman_empire,GeneralSheaf,true,5,5,epoch-200,2,2,saliency,-0.3677017244047104
roman_empire,GeneralSheaf,true,5,5,epoch-200,3,2,saliency,-0.34853726642964306
roman_empire,GeneralSheaf,true,5,5,epoch-200,4,2,saliency,-0.30684803984507636
roman_empire,GeneralSheaf,true,5,5,epoch-200,5,2,saliency,-0.31440502018944466
roman_empire,GeneralSheaf,true,5,5,epoch-200,0,2,cohens_d_train,0.35734412
roman_empire,GeneralSheaf,true,5,5,epoch-200,1,2,cohens_d_train,0.44673717
roman_empire,GeneralSheaf,true,5,5,epoch-200,2,2,cohens_d_train,0.43205163
roman_empire,GeneralSheaf,true,5,5,epoch-200,3,2,cohens_d_train,0.40547636
roman_empire,GeneralSheaf,true,5,5,epoch-200,4,2,cohens_d_train,0.35508507
roman_empire,GeneralSheaf,true,5,5,epoch-200,5,2,cohens_d_train,0.37330136
roman_empire,GeneralSheaf,true,5,5,epoch-200,0,2,cohens_d_test,0.4446769
roman_empire,GeneralSheaf,true,5,5,epoch-200,1,2,cohens_d_test,0.5314181
roman_empire,GeneralSheaf,true,5,5,epoch-200,2,2,cohens_d_test,0.51831377
roman_empire,GeneralSheaf,true,5,5,epoch-200,3,2,cohens_d_test,0.4776601
roman_empire,GeneralSheaf,true,5,5,epoch-200,4,2,cohens_d_test,0.39699417
roman_empire,GeneralSheaf,true,5,5,epoch-200,5,2,cohens_d_test,0.39679018
roman_empire,GeneralSheaf,true,5,5,epoch-200,0,3,degree,-0.16419452954004973
roman_empire,GeneralSheaf,true,5,5,epoch-200,1,3,degree,0.1507474128294497
roman_empire,GeneralSheaf,true,5,5,epoch-200,2,3,degree,0.20302717515182853
roman_empire,GeneralSheaf,true,5,5,epoch-200,3,3,degree,0.2867814908906812
roman_empire,GeneralSheaf,true,5,5,epoch-200,4,3,degree,0.32054435214239096
roman_empire,GeneralSheaf,true,5,5,epoch-200,5,3,degree,0.36296300574444446
roman_empire,GeneralSheaf,true,5,5,epoch-200,0,3,betweenness,-0.13241473667756606
roman_empire,GeneralSheaf,true,5,5,epoch-200,1,3,betweenness,0.1008038269242105
roman_empire,GeneralSheaf,true,5,5,epoch-200,2,3,betweenness,0.13737175166367738
roman_empire,GeneralSheaf,true,5,5,epoch-200,3,3,betweenness,0.21353371524184403
roman_empire,GeneralSheaf,true,5,5,epoch-200,4,3,betweenness,0.23614029616820406
roman_empire,GeneralSheaf,true,5,5,epoch-200,5,3,betweenness,0.25129329402782974
roman_empire,GeneralSheaf,true,5,5,epoch-200,0,3,confidence,0.5232798980932211
roman_empire,GeneralSheaf,true,5,5,epoch-200,1,3,confidence,0.49357490625915146
roman_empire,GeneralSheaf,true,5,5,epoch-200,2,3,confidence,0.5176705930214706
roman_empire,GeneralSheaf,true,5,5,epoch-200,3,3,confidence,0.48119443811320417
roman_empire,GeneralSheaf,true,5,5,epoch-200,4,3,confidence,0.4780136694119202
roman_empire,GeneralSheaf,true,5,5,epoch-200,5,3,confidence,0.4748229522651267
roman_empire,GeneralSheaf,true,5,5,epoch-200,0,3,saliency,-0.38732733985041284
roman_empire,GeneralSheaf,true,5,5,epoch-200,1,3,saliency,-0.32010987975862093
roman_empire,GeneralSheaf,true,5,5,epoch-200,2,3,saliency,-0.3552996641847781
roman_empire,GeneralSheaf,true,5,5,epoch-200,3,3,saliency,-0.3345215053326845
roman_empire,GeneralSheaf,true,5,5,epoch-200,4,3,saliency,-0.3439414066066639
roman_empire,GeneralSheaf,true,5,5,epoch-200,5,3,saliency,-0.3489041253900761
roman_empire,GeneralSheaf,true,5,5,epoch-200,0,3,cohens_d_train,0.35025814
roman_empire,GeneralSheaf,true,5,5,epoch-200,1,3,cohens_d_train,0.2930322
roman_empire,GeneralSheaf,true,5,5,epoch-200,2,3,cohens_d_train,0.2812357
roman_empire,GeneralSheaf,true,5,5,epoch-200,3,3,cohens_d_train,0.27018413
roman_empire,GeneralSheaf,true,5,5,epoch-200,4,3,cohens_d_train,0.26464286
roman_empire,GeneralSheaf,true,5,5,epoch-200,5,3,cohens_d_train,0.29149517
roman_empire,GeneralSheaf,true,5,5,epoch-200,0,3,cohens_d_test,0.30107802
roman_empire,GeneralSheaf,true,5,5,epoch-200,1,3,cohens_d_test,0.29003173
roman_empire,GeneralSheaf,true,5,5,epoch-200,2,3,cohens_d_test,0.32291153
roman_empire,GeneralSheaf,true,5,5,epoch-200,3,3,cohens_d_test,0.3285196
roman_empire,GeneralSheaf,true,5,5,epoch-200,4,3,cohens_d_test,0.34445736
roman_empire,GeneralSheaf,true,5,5,epoch-200,5,3,cohens_d_test,0.37877476
roman_empire,GeneralSheaf,true,5,5,epoch-200,0,4,degree,-0.1417568301408751
roman_empire,GeneralSheaf,true,5,5,epoch-200,1,4,degree,0.17824468079142078
roman_empire,GeneralSheaf,true,5,5,epoch-200,2,4,degree,0.2714208178814814
roman_empire,GeneralSheaf,true,5,5,epoch-200,3,4,degree,0.3078134264329313
roman_empire,GeneralSheaf,true,5,5,epoch-200,4,4,degree,0.2999733163678587
roman_empire,GeneralSheaf,true,5,5,epoch-200,5,4,degree,0.3445201214994565
roman_empire,GeneralSheaf,true,5,5,epoch-200,0,4,betweenness,-0.10730330131864699
roman_empire,GeneralSheaf,true,5,5,epoch-200,1,4,betweenness,0.1522354733761173
roman_empire,GeneralSheaf,true,5,5,epoch-200,2,4,betweenness,0.19495825184664067
roman_empire,GeneralSheaf,true,5,5,epoch-200,3,4,betweenness,0.22325216434781647
roman_empire,GeneralSheaf,true,5,5,epoch-200,4,4,betweenness,0.17356814607322965
roman_empire,GeneralSheaf,true,5,5,epoch-200,5,4,betweenness,0.2100120830800949
roman_empire,GeneralSheaf,true,5,5,epoch-200,0,4,confidence,0.44542374822834424
roman_empire,GeneralSheaf,true,5,5,epoch-200,1,4,confidence,0.45074513283585504
roman_empire,GeneralSheaf,true,5,5,epoch-200,2,4,confidence,0.44688346477848245
roman_empire,GeneralSheaf,true,5,5,epoch-200,3,4,confidence,0.4428837853180319
roman_empire,GeneralSheaf,true,5,5,epoch-200,4,4,confidence,0.5317600114427155
roman_empire,GeneralSheaf,true,5,5,epoch-200,5,4,confidence,0.4875772738876501
roman_empire,GeneralSheaf,true,5,5,epoch-200,0,4,saliency,-0.3809209819637569
roman_empire,GeneralSheaf,true,5,5,epoch-200,1,4,saliency,-0.3849878228599229
roman_empire,GeneralSheaf,true,5,5,epoch-200,2,4,saliency,-0.3744995186275953
roman_empire,GeneralSheaf,true,5,5,epoch-200,3,4,saliency,-0.3605344920593356
roman_empire,GeneralSheaf,true,5,5,epoch-200,4,4,saliency,-0.41551332208640934
roman_empire,GeneralSheaf,true,5,5,epoch-200,5,4,saliency,-0.3805439822818025
roman_empire,GeneralSheaf,true,5,5,epoch-200,0,4,cohens_d_train,0.32044068
roman_empire,GeneralSheaf,true,5,5,epoch-200,1,4,cohens_d_train,0.28099737
roman_empire,GeneralSheaf,true,5,5,epoch-200,2,4,cohens_d_train,0.27874443
roman_empire,GeneralSheaf,true,5,5,epoch-200,3,4,cohens_d_train,0.29749686
roman_empire,GeneralSheaf,true,5,5,epoch-200,4,4,cohens_d_train,0.4164716
roman_empire,GeneralSheaf,true,5,5,epoch-200,5,4,cohens_d_train,0.38783285
roman_empire,GeneralSheaf,true,5,5,epoch-200,0,4,cohens_d_test,0.37556377
roman_empire,GeneralSheaf,true,5,5,epoch-200,1,4,cohens_d_test,0.35130212
roman_empire,GeneralSheaf,true,5,5,epoch-200,2,4,cohens_d_test,0.33846736
roman_empire,GeneralSheaf,true,5,5,epoch-200,3,4,cohens_d_test,0.3497149
roman_empire,GeneralSheaf,true,5,5,epoch-200,4,4,cohens_d_test,0.47946703
roman_empire,GeneralSheaf,true,5,5,epoch-200,5,4,cohens_d_test,0.42682624
roman_empire,GeneralSheaf,true,5,5,epoch-200,0,5,degree,-0.1410005259413832
roman_empire,GeneralSheaf,true,5,5,epoch-200,1,5,degree,0.14990159439212067
roman_empire,GeneralSheaf,true,5,5,epoch-200,2,5,degree,0.2341667206748827
roman_empire,GeneralSheaf,true,5,5,epoch-200,3,5,degree,0.32971778118244777
roman_empire,GeneralSheaf,true,5,5,epoch-200,4,5,degree,0.37126181855365764
roman_empire,GeneralSheaf,true,5,5,epoch-200,5,5,degree,0.42192397164385853
roman_empire,GeneralSheaf,true,5,5,epoch-200,0,5,betweenness,-0.10658815149547021
roman_empire,GeneralSheaf,true,5,5,epoch-200,1,5,betweenness,0.11135104267618699
roman_empire,GeneralSheaf,true,5,5,epoch-200,2,5,betweenness,0.16863882793707508
roman_empire,GeneralSheaf,true,5,5,epoch-200,3,5,betweenness,0.22062185251567273
roman_empire,GeneralSheaf,true,5,5,epoch-200,4,5,betweenness,0.24670987599634858
roman_empire,GeneralSheaf,true,5,5,epoch-200,5,5,betweenness,0.2657306681863569
roman_empire,GeneralSheaf,true,5,5,epoch-200,0,5,confidence,0.43674060102663365
roman_empire,GeneralSheaf,true,5,5,epoch-200,1,5,confidence,0.4670061648089092
roman_empire,GeneralSheaf,true,5,5,epoch-200,2,5,confidence,0.4544729317174937
roman_empire,GeneralSheaf,true,5,5,epoch-200,3,5,confidence,0.38717685627896276
roman_empire,GeneralSheaf,true,5,5,epoch-200,4,5,confidence,0.34510297472443213
roman_empire,GeneralSheaf,true,5,5,epoch-200,5,5,confidence,0.38451451961134037
roman_empire,GeneralSheaf,true,5,5,epoch-200,0,5,saliency,-0.38846121541228884
roman_empire,GeneralSheaf,true,5,5,epoch-200,1,5,saliency,-0.39547100553752657
roman_empire,GeneralSheaf,true,5,5,epoch-200,2,5,saliency,-0.3997937015155996
roman_empire,GeneralSheaf,true,5,5,epoch-200,3,5,saliency,-0.3539320354767
roman_empire,GeneralSheaf,true,5,5,epoch-200,4,5,saliency,-0.32125921928944057
roman_empire,GeneralSheaf,true,5,5,epoch-200,5,5,saliency,-0.33982795372697944
roman_empire,GeneralSheaf,true,5,5,epoch-200,0,5,cohens_d_train,0.26318714
roman_empire,GeneralSheaf,true,5,5,epoch-200,1,5,cohens_d_train,0.30671626
roman_empire,GeneralSheaf,true,5,5,epoch-200,2,5,cohens_d_train,0.33302817
roman_empire,GeneralSheaf,true,5,5,epoch-200,3,5,cohens_d_train,0.2670407
roman_empire,GeneralSheaf,true,5,5,epoch-200,4,5,cohens_d_train,0.23723589
roman_empire,GeneralSheaf,true,5,5,epoch-200,5,5,cohens_d_train,0.29171056
roman_empire,GeneralSheaf,true,5,5,epoch-200,0,5,cohens_d_test,0.36027795
roman_empire,GeneralSheaf,true,5,5,epoch-200,1,5,cohens_d_test,0.37799472
roman_empire,GeneralSheaf,true,5,5,epoch-200,2,5,cohens_d_test,0.41438475
roman_empire,GeneralSheaf,true,5,5,epoch-200,3,5,cohens_d_test,0.32786515
roman_empire,GeneralSheaf,true,5,5,epoch-200,4,5,cohens_d_test,0.28327376
roman_empire,GeneralSheaf,true,5,5,epoch-200,5,5,cohens_d_test,0.32016936
roman_empire,GeneralSheaf,true,5,5,epoch-200,0,6,degree,-0.14661467761660757
roman_empire,GeneralSheaf,true,5,5,epoch-200,1,6,degree,0.15614645956101406
roman_empire,GeneralSheaf,true,5,5,epoch-200,2,6,degree,0.21204192882202164
roman_empire,GeneralSheaf,true,5,5,epoch-200,3,6,degree,0.29930262482980446
roman_empire,GeneralSheaf,true,5,5,epoch-200,4,6,degree,0.3649453383882248
roman_empire,GeneralSheaf,true,5,5,epoch-200,5,6,degree,0.4026517888849667
roman_empire,GeneralSheaf,true,5,5,epoch-200,0,6,betweenness,-0.11742427255353907
roman_empire,GeneralSheaf,true,5,5,epoch-200,1,6,betweenness,0.1381518206611302
roman_empire,GeneralSheaf,true,5,5,epoch-200,2,6,betweenness,0.1574392934810625
roman_empire,GeneralSheaf,true,5,5,epoch-200,3,6,betweenness,0.2266639764244532
roman_empire,GeneralSheaf,true,5,5,epoch-200,4,6,betweenness,0.28608989507848104
roman_empire,GeneralSheaf,true,5,5,epoch-200,5,6,betweenness,0.3125239699083512
roman_empire,GeneralSheaf,true,5,5,epoch-200,0,6,confidence,0.470954963215301
roman_empire,GeneralSheaf,true,5,5,epoch-200,1,6,confidence,0.42358467347430456
roman_empire,GeneralSheaf,true,5,5,epoch-200,2,6,confidence,0.46875706552537594
roman_empire,GeneralSheaf,true,5,5,epoch-200,3,6,confidence,0.41332209246449514
roman_empire,GeneralSheaf,true,5,5,epoch-200,4,6,confidence,0.3460518964675582
roman_empire,GeneralSheaf,true,5,5,epoch-200,5,6,confidence,0.314664426339567
roman_empire,GeneralSheaf,true,5,5,epoch-200,0,6,saliency,-0.37479350967194597
roman_empire,GeneralSheaf,true,5,5,epoch-200,1,6,saliency,-0.32782725855941414
roman_empire,GeneralSheaf,true,5,5,epoch-200,2,6,saliency,-0.36352218685484405
roman_empire,GeneralSheaf,true,5,5,epoch-200,3,6,saliency,-0.3243906389235446
roman_empire,GeneralSheaf,true,5,5,epoch-200,4,6,saliency,-0.2808417909193222
roman_empire,GeneralSheaf,true,5,5,epoch-200,5,6,saliency,-0.2577785489869894
roman_empire,GeneralSheaf,true,5,5,epoch-200,0,6,cohens_d_train,0.36598366
roman_empire,GeneralSheaf,true,5,5,epoch-200,1,6,cohens_d_train,0.3152301
roman_empire,GeneralSheaf,true,5,5,epoch-200,2,6,cohens_d_train,0.3776302
roman_empire,GeneralSheaf,true,5,5,epoch-200,3,6,cohens_d_train,0.34895033
roman_empire,GeneralSheaf,true,5,5,epoch-200,4,6,cohens_d_train,0.2733898
roman_empire,GeneralSheaf,true,5,5,epoch-200,5,6,cohens_d_train,0.23754779
roman_empire,GeneralSheaf,true,5,5,epoch-200,0,6,cohens_d_test,0.37348762
roman_empire,GeneralSheaf,true,5,5,epoch-200,1,6,cohens_d_test,0.33242264
roman_empire,GeneralSheaf,true,5,5,epoch-200,2,6,cohens_d_test,0.4108265
roman_empire,GeneralSheaf,true,5,5,epoch-200,3,6,cohens_d_test,0.37484473
roman_empire,GeneralSheaf,true,5,5,epoch-200,4,6,cohens_d_test,0.27403447
roman_empire,GeneralSheaf,true,5,5,epoch-200,5,6,cohens_d_test,0.23233202
roman_empire,GeneralSheaf,true,5,5,epoch-200,0,7,degree,-0.151079467312225
roman_empire,GeneralSheaf,true,5,5,epoch-200,1,7,degree,0.09466589167894175
roman_empire,GeneralSheaf,true,5,5,epoch-200,2,7,degree,0.18577538746502395
roman_empire,GeneralSheaf,true,5,5,epoch-200,3,7,degree,0.2663494766223333
roman_empire,GeneralSheaf,true,5,5,epoch-200,4,7,degree,0.3477131846085444
roman_empire,GeneralSheaf,true,5,5,epoch-200,5,7,degree,0.4132225289962627
roman_empire,GeneralSheaf,true,5,5,epoch-200,0,7,betweenness,-0.11193139040088673
roman_empire,GeneralSheaf,true,5,5,epoch-200,1,7,betweenness,0.08067110728560827
roman_empire,GeneralSheaf,true,5,5,epoch-200,2,7,betweenness,0.1345302951801046
roman_empire,GeneralSheaf,true,5,5,epoch-200,3,7,betweenness,0.17137265941474755
roman_empire,GeneralSheaf,true,5,5,epoch-200,4,7,betweenness,0.2386173137140884
roman_empire,GeneralSheaf,true,5,5,epoch-200,5,7,betweenness,0.30859209191047593
roman_empire,GeneralSheaf,true,5,5,epoch-200,0,7,confidence,0.4815243954210599
roman_empire,GeneralSheaf,true,5,5,epoch-200,1,7,confidence,0.5092872124039381
roman_empire,GeneralSheaf,true,5,5,epoch-200,2,7,confidence,0.52156937773535
roman_empire,GeneralSheaf,true,5,5,epoch-200,3,7,confidence,0.5053156256353872
roman_empire,GeneralSheaf,true,5,5,epoch-200,4,7,confidence,0.4274654469162514
roman_empire,GeneralSheaf,true,5,5,epoch-200,5,7,confidence,0.35051019949474893
roman_empire,GeneralSheaf,true,5,5,epoch-200,0,7,saliency,-0.37039859733666125
roman_empire,GeneralSheaf,true,5,5,epoch-200,1,7,saliency,-0.4054056092153583
roman_empire,GeneralSheaf,true,5,5,epoch-200,2,7,saliency,-0.3991471138910182
roman_empire,GeneralSheaf,true,5,5,epoch-200,3,7,saliency,-0.38956377135331305
roman_empire,GeneralSheaf,true,5,5,epoch-200,4,7,saliency,-0.3394649796812344
roman_empire,GeneralSheaf,true,5,5,epoch-200,5,7,saliency,-0.2987129056396318
roman_empire,GeneralSheaf,true,5,5,epoch-200,0,7,cohens_d_train,0.37724543
roman_empire,GeneralSheaf,true,5,5,epoch-200,1,7,cohens_d_train,0.39931527
roman_empire,GeneralSheaf,true,5,5,epoch-200,2,7,cohens_d_train,0.39596802
roman_empire,GeneralSheaf,true,5,5,epoch-200,3,7,cohens_d_train,0.3827148
roman_empire,GeneralSheaf,true,5,5,epoch-200,4,7,cohens_d_train,0.28817388
roman_empire,GeneralSheaf,true,5,5,epoch-200,5,7,cohens_d_train,0.21071397
roman_empire,GeneralSheaf,true,5,5,epoch-200,0,7,cohens_d_test,0.3652957
roman_empire,GeneralSheaf,true,5,5,epoch-200,1,7,cohens_d_test,0.43939483
roman_empire,GeneralSheaf,true,5,5,epoch-200,2,7,cohens_d_test,0.4539656
roman_empire,GeneralSheaf,true,5,5,epoch-200,3,7,cohens_d_test,0.4336315
roman_empire,GeneralSheaf,true,5,5,epoch-200,4,7,cohens_d_test,0.34076774
roman_empire,GeneralSheaf,true,5,5,epoch-200,5,7,cohens_d_test,0.2674803
roman_empire,GeneralSheaf,true,5,5,epoch-200,0,8,degree,-0.16115805538745584
roman_empire,GeneralSheaf,true,5,5,epoch-200,1,8,degree,0.13228268933995432
roman_empire,GeneralSheaf,true,5,5,epoch-200,2,8,degree,0.20326555565447862
roman_empire,GeneralSheaf,true,5,5,epoch-200,3,8,degree,0.20723331067558112
roman_empire,GeneralSheaf,true,5,5,epoch-200,4,8,degree,0.30245260897527265
roman_empire,GeneralSheaf,true,5,5,epoch-200,5,8,degree,0.3649818630010127
roman_empire,GeneralSheaf,true,5,5,epoch-200,0,8,betweenness,-0.12445145917294956
roman_empire,GeneralSheaf,true,5,5,epoch-200,1,8,betweenness,0.11837481707890882
roman_empire,GeneralSheaf,true,5,5,epoch-200,2,8,betweenness,0.1675527060190191
roman_empire,GeneralSheaf,true,5,5,epoch-200,3,8,betweenness,0.1469954858520323
roman_empire,GeneralSheaf,true,5,5,epoch-200,4,8,betweenness,0.22941827796918335
roman_empire,GeneralSheaf,true,5,5,epoch-200,5,8,betweenness,0.26922569178492617
roman_empire,GeneralSheaf,true,5,5,epoch-200,0,8,confidence,0.4802148370796626
roman_empire,GeneralSheaf,true,5,5,epoch-200,1,8,confidence,0.5001311121634063
roman_empire,GeneralSheaf,true,5,5,epoch-200,2,8,confidence,0.47789894311430314
roman_empire,GeneralSheaf,true,5,5,epoch-200,3,8,confidence,0.4834546283618345
roman_empire,GeneralSheaf,true,5,5,epoch-200,4,8,confidence,0.39630282720594995
roman_empire,GeneralSheaf,true,5,5,epoch-200,5,8,confidence,0.3915604156046242
roman_empire,GeneralSheaf,true,5,5,epoch-200,0,8,saliency,-0.37037631259560266
roman_empire,GeneralSheaf,true,5,5,epoch-200,1,8,saliency,-0.3931169542778269
roman_empire,GeneralSheaf,true,5,5,epoch-200,2,8,saliency,-0.36202321378113855
roman_empire,GeneralSheaf,true,5,5,epoch-200,3,8,saliency,-0.3831022771869873
roman_empire,GeneralSheaf,true,5,5,epoch-200,4,8,saliency,-0.3180854862939874
roman_empire,GeneralSheaf,true,5,5,epoch-200,5,8,saliency,-0.3484985625951489
roman_empire,GeneralSheaf,true,5,5,epoch-200,0,8,cohens_d_train,0.4166028
roman_empire,GeneralSheaf,true,5,5,epoch-200,1,8,cohens_d_train,0.44410333
roman_empire,GeneralSheaf,true,5,5,epoch-200,2,8,cohens_d_train,0.4384926
roman_empire,GeneralSheaf,true,5,5,epoch-200,3,8,cohens_d_train,0.4702555
roman_empire,GeneralSheaf,true,5,5,epoch-200,4,8,cohens_d_train,0.37357348
roman_empire,GeneralSheaf,true,5,5,epoch-200,5,8,cohens_d_train,0.3971482
roman_empire,GeneralSheaf,true,5,5,epoch-200,0,8,cohens_d_test,0.3370235
roman_empire,GeneralSheaf,true,5,5,epoch-200,1,8,cohens_d_test,0.4206139
roman_empire,GeneralSheaf,true,5,5,epoch-200,2,8,cohens_d_test,0.4285144
roman_empire,GeneralSheaf,true,5,5,epoch-200,3,8,cohens_d_test,0.4673094
roman_empire,GeneralSheaf,true,5,5,epoch-200,4,8,cohens_d_test,0.37288946
roman_empire,GeneralSheaf,true,5,5,epoch-200,5,8,cohens_d_test,0.40971482
roman_empire,GeneralSheaf,true,5,5,epoch-200,0,9,degree,-0.16540195760218002
roman_empire,GeneralSheaf,true,5,5,epoch-200,1,9,degree,0.11130081421640062
roman_empire,GeneralSheaf,true,5,5,epoch-200,2,9,degree,0.2280893867494233
roman_empire,GeneralSheaf,true,5,5,epoch-200,3,9,degree,0.27755003512039417
roman_empire,GeneralSheaf,true,5,5,epoch-200,4,9,degree,0.38708631980179303
roman_empire,GeneralSheaf,true,5,5,epoch-200,5,9,degree,0.467294815448149
roman_empire,GeneralSheaf,true,5,5,epoch-200,0,9,betweenness,-0.13248729374989196
roman_empire,GeneralSheaf,true,5,5,epoch-200,1,9,betweenness,0.06705549640815626
roman_empire,GeneralSheaf,true,5,5,epoch-200,2,9,betweenness,0.16098884375626193
roman_empire,GeneralSheaf,true,5,5,epoch-200,3,9,betweenness,0.17440380262772365
roman_empire,GeneralSheaf,true,5,5,epoch-200,4,9,betweenness,0.27001717483003274
roman_empire,GeneralSheaf,true,5,5,epoch-200,5,9,betweenness,0.35458540412018763
roman_empire,GeneralSheaf,true,5,5,epoch-200,0,9,confidence,0.4784953619976867
roman_empire,GeneralSheaf,true,5,5,epoch-200,1,9,confidence,0.4908618378275965
roman_empire,GeneralSheaf,true,5,5,epoch-200,2,9,confidence,0.448321545496741
roman_empire,GeneralSheaf,true,5,5,epoch-200,3,9,confidence,0.4674003938432249
roman_empire,GeneralSheaf,true,5,5,epoch-200,4,9,confidence,0.40683852998776826
roman_empire,GeneralSheaf,true,5,5,epoch-200,5,9,confidence,0.32820925059835604
roman_empire,GeneralSheaf,true,5,5,epoch-200,0,9,saliency,-0.39762853269876464
roman_empire,GeneralSheaf,true,5,5,epoch-200,1,9,saliency,-0.3953676964900288
roman_empire,GeneralSheaf,true,5,5,epoch-200,2,9,saliency,-0.36039156785783083
roman_empire,GeneralSheaf,true,5,5,epoch-200,3,9,saliency,-0.3716900210965912
roman_empire,GeneralSheaf,true,5,5,epoch-200,4,9,saliency,-0.33507016166559955
roman_empire,GeneralSheaf,true,5,5,epoch-200,5,9,saliency,-0.28578716544125576
roman_empire,GeneralSheaf,true,5,5,epoch-200,0,9,cohens_d_train,0.36376512
roman_empire,GeneralSheaf,true,5,5,epoch-200,1,9,cohens_d_train,0.37023884
roman_empire,GeneralSheaf,true,5,5,epoch-200,2,9,cohens_d_train,0.32008654
roman_empire,GeneralSheaf,true,5,5,epoch-200,3,9,cohens_d_train,0.33873615
roman_empire,GeneralSheaf,true,5,5,epoch-200,4,9,cohens_d_train,0.27228856
roman_empire,GeneralSheaf,true,5,5,epoch-200,5,9,cohens_d_train,0.19918257
roman_empire,GeneralSheaf,true,5,5,epoch-200,0,9,cohens_d_test,0.43593425
roman_empire,GeneralSheaf,true,5,5,epoch-200,1,9,cohens_d_test,0.4565267
roman_empire,GeneralSheaf,true,5,5,epoch-200,2,9,cohens_d_test,0.421688
roman_empire,GeneralSheaf,true,5,5,epoch-200,3,9,cohens_d_test,0.44619715
roman_empire,GeneralSheaf,true,5,5,epoch-200,4,9,cohens_d_test,0.3775911
roman_empire,GeneralSheaf,true,5,5,epoch-200,5,9,cohens_d_test,0.31425285
roman_empire,GeneralSheaf,true,5,5,best-epoch,0,0,degree,-0.13517059214925783
roman_empire,GeneralSheaf,true,5,5,best-epoch,1,0,degree,0.1780184830414848
roman_empire,GeneralSheaf,true,5,5,best-epoch,2,0,degree,0.37381587766220853
roman_empire,GeneralSheaf,true,5,5,best-epoch,3,0,degree,0.453905924378706
roman_empire,GeneralSheaf,true,5,5,best-epoch,4,0,degree,0.42829049785016815
roman_empire,GeneralSheaf,true,5,5,best-epoch,5,0,degree,0.4458832587678582
roman_empire,GeneralSheaf,true,5,5,best-epoch,0,0,betweenness,-0.0894110045759866
roman_empire,GeneralSheaf,true,5,5,best-epoch,1,0,betweenness,0.17500171967025727
roman_empire,GeneralSheaf,true,5,5,best-epoch,2,0,betweenness,0.31975033162024574
roman_empire,GeneralSheaf,true,5,5,best-epoch,3,0,betweenness,0.3544385796192087
roman_empire,GeneralSheaf,true,5,5,best-epoch,4,0,betweenness,0.3223530046569156
roman_empire,GeneralSheaf,true,5,5,best-epoch,5,0,betweenness,0.3258052386549575
roman_empire,GeneralSheaf,true,5,5,best-epoch,0,0,confidence,0.4182661953094099
roman_empire,GeneralSheaf,true,5,5,best-epoch,1,0,confidence,0.37895208396543634
roman_empire,GeneralSheaf,true,5,5,best-epoch,2,0,confidence,0.3247415808325518
roman_empire,GeneralSheaf,true,5,5,best-epoch,3,0,confidence,0.2461669948814281
roman_empire,GeneralSheaf,true,5,5,best-epoch,4,0,confidence,0.3112102189110966
roman_empire,GeneralSheaf,true,5,5,best-epoch,5,0,confidence,0.3410853718674837
roman_empire,GeneralSheaf,true,5,5,best-epoch,0,0,saliency,-0.335979560649319
roman_empire,GeneralSheaf,true,5,5,best-epoch,1,0,saliency,-0.31418330485462653
roman_empire,GeneralSheaf,true,5,5,best-epoch,2,0,saliency,-0.28066626919624965
roman_empire,GeneralSheaf,true,5,5,best-epoch,3,0,saliency,-0.1969298706115012
roman_empire,GeneralSheaf,true,5,5,best-epoch,4,0,saliency,-0.2623772273965165
roman_empire,GeneralSheaf,true,5,5,best-epoch,5,0,saliency,-0.29087982578509414
roman_empire,GeneralSheaf,true,5,5,best-epoch,0,0,cohens_d_train,0.3209487
roman_empire,GeneralSheaf,true,5,5,best-epoch,1,0,cohens_d_train,0.2949718
roman_empire,GeneralSheaf,true,5,5,best-epoch,2,0,cohens_d_train,0.27600628
roman_empire,GeneralSheaf,true,5,5,best-epoch,3,0,cohens_d_train,0.18184948
roman_empire,GeneralSheaf,true,5,5,best-epoch,4,0,cohens_d_train,0.25886402
roman_empire,GeneralSheaf,true,5,5,best-epoch,5,0,cohens_d_train,0.31358826
roman_empire,GeneralSheaf,true,5,5,best-epoch,0,0,cohens_d_test,0.2953041
roman_empire,GeneralSheaf,true,5,5,best-epoch,1,0,cohens_d_test,0.30655038
roman_empire,GeneralSheaf,true,5,5,best-epoch,2,0,cohens_d_test,0.2865246
roman_empire,GeneralSheaf,true,5,5,best-epoch,3,0,cohens_d_test,0.21200609
roman_empire,GeneralSheaf,true,5,5,best-epoch,4,0,cohens_d_test,0.30128744
roman_empire,GeneralSheaf,true,5,5,best-epoch,5,0,cohens_d_test,0.35742515
roman_empire,GeneralSheaf,true,5,5,best-epoch,0,1,degree,-0.13155677964695137
roman_empire,GeneralSheaf,true,5,5,best-epoch,1,1,degree,0.08548841292339776
roman_empire,GeneralSheaf,true,5,5,best-epoch,2,1,degree,0.3166237734219629
roman_empire,GeneralSheaf,true,5,5,best-epoch,3,1,degree,0.33230498904013134
roman_empire,GeneralSheaf,true,5,5,best-epoch,4,1,degree,0.37849156660315936
roman_empire,GeneralSheaf,true,5,5,best-epoch,5,1,degree,0.4414726870072491
roman_empire,GeneralSheaf,true,5,5,best-epoch,0,1,betweenness,-0.09694566165174032
roman_empire,GeneralSheaf,true,5,5,best-epoch,1,1,betweenness,0.06666506926755987
roman_empire,GeneralSheaf,true,5,5,best-epoch,2,1,betweenness,0.2777605586253269
roman_empire,GeneralSheaf,true,5,5,best-epoch,3,1,betweenness,0.2447799879319789
roman_empire,GeneralSheaf,true,5,5,best-epoch,4,1,betweenness,0.2873147801756939
roman_empire,GeneralSheaf,true,5,5,best-epoch,5,1,betweenness,0.31872563018919886
roman_empire,GeneralSheaf,true,5,5,best-epoch,0,1,confidence,0.43149965178985883
roman_empire,GeneralSheaf,true,5,5,best-epoch,1,1,confidence,0.5208306749205627
roman_empire,GeneralSheaf,true,5,5,best-epoch,2,1,confidence,0.38949633133788714
roman_empire,GeneralSheaf,true,5,5,best-epoch,3,1,confidence,0.40732579012198683
roman_empire,GeneralSheaf,true,5,5,best-epoch,4,1,confidence,0.38166111796113333
roman_empire,GeneralSheaf,true,5,5,best-epoch,5,1,confidence,0.35812681203400654
roman_empire,GeneralSheaf,true,5,5,best-epoch,0,1,saliency,-0.3794563462644413
roman_empire,GeneralSheaf,true,5,5,best-epoch,1,1,saliency,-0.3896610050954079
roman_empire,GeneralSheaf,true,5,5,best-epoch,2,1,saliency,-0.3319687706876638
roman_empire,GeneralSheaf,true,5,5,best-epoch,3,1,saliency,-0.3478358338145789
roman_empire,GeneralSheaf,true,5,5,best-epoch,4,1,saliency,-0.32791665656544294
roman_empire,GeneralSheaf,true,5,5,best-epoch,5,1,saliency,-0.31746824661670375
roman_empire,GeneralSheaf,true,5,5,best-epoch,0,1,cohens_d_train,0.28834784
roman_empire,GeneralSheaf,true,5,5,best-epoch,1,1,cohens_d_train,0.36460778
roman_empire,GeneralSheaf,true,5,5,best-epoch,2,1,cohens_d_train,0.26397175
roman_empire,GeneralSheaf,true,5,5,best-epoch,3,1,cohens_d_train,0.30328524
roman_empire,GeneralSheaf,true,5,5,best-epoch,4,1,cohens_d_train,0.29220065
roman_empire,GeneralSheaf,true,5,5,best-epoch,5,1,cohens_d_train,0.27368057
roman_empire,GeneralSheaf,true,5,5,best-epoch,0,1,cohens_d_test,0.38492694
roman_empire,GeneralSheaf,true,5,5,best-epoch,1,1,cohens_d_test,0.46405274
roman_empire,GeneralSheaf,true,5,5,best-epoch,2,1,cohens_d_test,0.39225873
roman_empire,GeneralSheaf,true,5,5,best-epoch,3,1,cohens_d_test,0.41150856
roman_empire,GeneralSheaf,true,5,5,best-epoch,4,1,cohens_d_test,0.3857277
roman_empire,GeneralSheaf,true,5,5,best-epoch,5,1,cohens_d_test,0.34459707
roman_empire,GeneralSheaf,true,5,5,best-epoch,0,2,degree,-0.13495846543213333
roman_empire,GeneralSheaf,true,5,5,best-epoch,1,2,degree,0.181183512803232
roman_empire,GeneralSheaf,true,5,5,best-epoch,2,2,degree,0.27385740331257413
roman_empire,GeneralSheaf,true,5,5,best-epoch,3,2,degree,0.30875762248967253
roman_empire,GeneralSheaf,true,5,5,best-epoch,4,2,degree,0.35510440901672974
roman_empire,GeneralSheaf,true,5,5,best-epoch,5,2,degree,0.41549282704801094
roman_empire,GeneralSheaf,true,5,5,best-epoch,0,2,betweenness,-0.111673305361639
roman_empire,GeneralSheaf,true,5,5,best-epoch,1,2,betweenness,0.14514568677503917
roman_empire,GeneralSheaf,true,5,5,best-epoch,2,2,betweenness,0.19744838957029004
roman_empire,GeneralSheaf,true,5,5,best-epoch,3,2,betweenness,0.21095681619670897
roman_empire,GeneralSheaf,true,5,5,best-epoch,4,2,betweenness,0.22201612456591283
roman_empire,GeneralSheaf,true,5,5,best-epoch,5,2,betweenness,0.26854177601853213
roman_empire,GeneralSheaf,true,5,5,best-epoch,0,2,confidence,0.38652345779718134
roman_empire,GeneralSheaf,true,5,5,best-epoch,1,2,confidence,0.42106713332743667
roman_empire,GeneralSheaf,true,5,5,best-epoch,2,2,confidence,0.39138708843325726
roman_empire,GeneralSheaf,true,5,5,best-epoch,3,2,confidence,0.4051765529893245
roman_empire,GeneralSheaf,true,5,5,best-epoch,4,2,confidence,0.39917626623603125
roman_empire,GeneralSheaf,true,5,5,best-epoch,5,2,confidence,0.40450113579908825
roman_empire,GeneralSheaf,true,5,5,best-epoch,0,2,saliency,-0.37018064967397235
roman_empire,GeneralSheaf,true,5,5,best-epoch,1,2,saliency,-0.333214629194393
roman_empire,GeneralSheaf,true,5,5,best-epoch,2,2,saliency,-0.3204861268006309
roman_empire,GeneralSheaf,true,5,5,best-epoch,3,2,saliency,-0.3401375154909585
roman_empire,GeneralSheaf,true,5,5,best-epoch,4,2,saliency,-0.3298043690912788
roman_empire,GeneralSheaf,true,5,5,best-epoch,5,2,saliency,-0.33221139506249736
roman_empire,GeneralSheaf,true,5,5,best-epoch,0,2,cohens_d_train,0.25958058
roman_empire,GeneralSheaf,true,5,5,best-epoch,1,2,cohens_d_train,0.31328645
roman_empire,GeneralSheaf,true,5,5,best-epoch,2,2,cohens_d_train,0.3063552
roman_empire,GeneralSheaf,true,5,5,best-epoch,3,2,cohens_d_train,0.32620054
roman_empire,GeneralSheaf,true,5,5,best-epoch,4,2,cohens_d_train,0.31468356
roman_empire,GeneralSheaf,true,5,5,best-epoch,5,2,cohens_d_train,0.33001244
roman_empire,GeneralSheaf,true,5,5,best-epoch,0,2,cohens_d_test,0.41215163
roman_empire,GeneralSheaf,true,5,5,best-epoch,1,2,cohens_d_test,0.48118696
roman_empire,GeneralSheaf,true,5,5,best-epoch,2,2,cohens_d_test,0.47923684
roman_empire,GeneralSheaf,true,5,5,best-epoch,3,2,cohens_d_test,0.5013442
roman_empire,GeneralSheaf,true,5,5,best-epoch,4,2,cohens_d_test,0.4794765
roman_empire,GeneralSheaf,true,5,5,best-epoch,5,2,cohens_d_test,0.4810862
roman_empire,GeneralSheaf,true,5,5,best-epoch,0,3,degree,-0.16101488339861625
roman_empire,GeneralSheaf,true,5,5,best-epoch,1,3,degree,0.19688812246834975
roman_empire,GeneralSheaf,true,5,5,best-epoch,2,3,degree,0.22426648317590478
roman_empire,GeneralSheaf,true,5,5,best-epoch,3,3,degree,0.3578163651704866
roman_empire,GeneralSheaf,true,5,5,best-epoch,4,3,degree,0.35947199151198234
roman_empire,GeneralSheaf,true,5,5,best-epoch,5,3,degree,0.38853112428343173
roman_empire,GeneralSheaf,true,5,5,best-epoch,0,3,betweenness,-0.12868933102796248
roman_empire,GeneralSheaf,true,5,5,best-epoch,1,3,betweenness,0.1472522058329773
roman_empire,GeneralSheaf,true,5,5,best-epoch,2,3,betweenness,0.1521997664232082
roman_empire,GeneralSheaf,true,5,5,best-epoch,3,3,betweenness,0.2730805417000203
roman_empire,GeneralSheaf,true,5,5,best-epoch,4,3,betweenness,0.264391962205675
roman_empire,GeneralSheaf,true,5,5,best-epoch,5,3,betweenness,0.2609213093139815
roman_empire,GeneralSheaf,true,5,5,best-epoch,0,3,confidence,0.44142785252246913
roman_empire,GeneralSheaf,true,5,5,best-epoch,1,3,confidence,0.40283328502878457
roman_empire,GeneralSheaf,true,5,5,best-epoch,2,3,confidence,0.4524967328925553
roman_empire,GeneralSheaf,true,5,5,best-epoch,3,3,confidence,0.35302380809927925
roman_empire,GeneralSheaf,true,5,5,best-epoch,4,3,confidence,0.36910221715140956
roman_empire,GeneralSheaf,true,5,5,best-epoch,5,3,confidence,0.4004035600334184
roman_empire,GeneralSheaf,true,5,5,best-epoch,0,3,saliency,-0.37381195962445635
roman_empire,GeneralSheaf,true,5,5,best-epoch,1,3,saliency,-0.2811608681706333
roman_empire,GeneralSheaf,true,5,5,best-epoch,2,3,saliency,-0.34027995137064815
roman_empire,GeneralSheaf,true,5,5,best-epoch,3,3,saliency,-0.2756297559562114
roman_empire,GeneralSheaf,true,5,5,best-epoch,4,3,saliency,-0.298704262636782
roman_empire,GeneralSheaf,true,5,5,best-epoch,5,3,saliency,-0.32536927199023763
roman_empire,GeneralSheaf,true,5,5,best-epoch,0,3,cohens_d_train,0.31818357
roman_empire,GeneralSheaf,true,5,5,best-epoch,1,3,cohens_d_train,0.2728959
roman_empire,GeneralSheaf,true,5,5,best-epoch,2,3,cohens_d_train,0.30432186
roman_empire,GeneralSheaf,true,5,5,best-epoch,3,3,cohens_d_train,0.21623708
roman_empire,GeneralSheaf,true,5,5,best-epoch,4,3,cohens_d_train,0.23064739
roman_empire,GeneralSheaf,true,5,5,best-epoch,5,3,cohens_d_train,0.29496744
roman_empire,GeneralSheaf,true,5,5,best-epoch,0,3,cohens_d_test,0.3167883
roman_empire,GeneralSheaf,true,5,5,best-epoch,1,3,cohens_d_test,0.32515272
roman_empire,GeneralSheaf,true,5,5,best-epoch,2,3,cohens_d_test,0.3849327
roman_empire,GeneralSheaf,true,5,5,best-epoch,3,3,cohens_d_test,0.31743383
roman_empire,GeneralSheaf,true,5,5,best-epoch,4,3,cohens_d_test,0.34902245
roman_empire,GeneralSheaf,true,5,5,best-epoch,5,3,cohens_d_test,0.40414613
roman_empire,GeneralSheaf,true,5,5,best-epoch,0,4,degree,-0.13023460588615204
roman_empire,GeneralSheaf,true,5,5,best-epoch,1,4,degree,0.2214292779692504
roman_empire,GeneralSheaf,true,5,5,best-epoch,2,4,degree,0.3235182436971785
roman_empire,GeneralSheaf,true,5,5,best-epoch,3,4,degree,0.3120964158002729
roman_empire,GeneralSheaf,true,5,5,best-epoch,4,4,degree,0.30230400293692744
roman_empire,GeneralSheaf,true,5,5,best-epoch,5,4,degree,0.3566031249430292
roman_empire,GeneralSheaf,true,5,5,best-epoch,0,4,betweenness,-0.09039222703993627
roman_empire,GeneralSheaf,true,5,5,best-epoch,1,4,betweenness,0.20806303787993
roman_empire,GeneralSheaf,true,5,5,best-epoch,2,4,betweenness,0.2478973258891422
roman_empire,GeneralSheaf,true,5,5,best-epoch,3,4,betweenness,0.2360505487640835
roman_empire,GeneralSheaf,true,5,5,best-epoch,4,4,betweenness,0.1722890944617664
roman_empire,GeneralSheaf,true,5,5,best-epoch,5,4,betweenness,0.21199519149816565
roman_empire,GeneralSheaf,true,5,5,best-epoch,0,4,confidence,0.4080932147671929
roman_empire,GeneralSheaf,true,5,5,best-epoch,1,4,confidence,0.39223344718760633
roman_empire,GeneralSheaf,true,5,5,best-epoch,2,4,confidence,0.3949153547583326
roman_empire,GeneralSheaf,true,5,5,best-epoch,3,4,confidence,0.4168275681596569
roman_empire,GeneralSheaf,true,5,5,best-epoch,4,4,confidence,0.513429629481186
roman_empire,GeneralSheaf,true,5,5,best-epoch,5,4,confidence,0.47655683958024436
roman_empire,GeneralSheaf,true,5,5,best-epoch,0,4,saliency,-0.3750143078973208
roman_empire,GeneralSheaf,true,5,5,best-epoch,1,4,saliency,-0.3565014665208924
roman_empire,GeneralSheaf,true,5,5,best-epoch,2,4,saliency,-0.3370030057400947
roman_empire,GeneralSheaf,true,5,5,best-epoch,3,4,saliency,-0.3500513850388458
roman_empire,GeneralSheaf,true,5,5,best-epoch,4,4,saliency,-0.4094278758562761
roman_empire,GeneralSheaf,true,5,5,best-epoch,5,4,saliency,-0.3744705936214767
roman_empire,GeneralSheaf,true,5,5,best-epoch,0,4,cohens_d_train,0.31705433
roman_empire,GeneralSheaf,true,5,5,best-epoch,1,4,cohens_d_train,0.31436357
roman_empire,GeneralSheaf,true,5,5,best-epoch,2,4,cohens_d_train,0.3153364
roman_empire,GeneralSheaf,true,5,5,best-epoch,3,4,cohens_d_train,0.34659356
roman_empire,GeneralSheaf,true,5,5,best-epoch,4,4,cohens_d_train,0.45946342
roman_empire,GeneralSheaf,true,5,5,best-epoch,5,4,cohens_d_train,0.43005866
roman_empire,GeneralSheaf,true,5,5,best-epoch,0,4,cohens_d_test,0.33915672
roman_empire,GeneralSheaf,true,5,5,best-epoch,1,4,cohens_d_test,0.32812095
roman_empire,GeneralSheaf,true,5,5,best-epoch,2,4,cohens_d_test,0.32135344
roman_empire,GeneralSheaf,true,5,5,best-epoch,3,4,cohens_d_test,0.37326014
roman_empire,GeneralSheaf,true,5,5,best-epoch,4,4,cohens_d_test,0.49685845
roman_empire,GeneralSheaf,true,5,5,best-epoch,5,4,cohens_d_test,0.4446556
roman_empire,GeneralSheaf,true,5,5,best-epoch,0,5,degree,-0.13477171323423812
roman_empire,GeneralSheaf,true,5,5,best-epoch,1,5,degree,0.1679738827550353
roman_empire,GeneralSheaf,true,5,5,best-epoch,2,5,degree,0.24193254522029833
roman_empire,GeneralSheaf,true,5,5,best-epoch,3,5,degree,0.33756626526609523
roman_empire,GeneralSheaf,true,5,5,best-epoch,4,5,degree,0.3866877100238487
roman_empire,GeneralSheaf,true,5,5,best-epoch,5,5,degree,0.43454908981594526
roman_empire,GeneralSheaf,true,5,5,best-epoch,0,5,betweenness,-0.10314203058860878
roman_empire,GeneralSheaf,true,5,5,best-epoch,1,5,betweenness,0.12298619247682933
roman_empire,GeneralSheaf,true,5,5,best-epoch,2,5,betweenness,0.16224215815721874
roman_empire,GeneralSheaf,true,5,5,best-epoch,3,5,betweenness,0.2109462208000848
roman_empire,GeneralSheaf,true,5,5,best-epoch,4,5,betweenness,0.2480434351796356
roman_empire,GeneralSheaf,true,5,5,best-epoch,5,5,betweenness,0.27624811751785805
roman_empire,GeneralSheaf,true,5,5,best-epoch,0,5,confidence,0.40685775146369274
roman_empire,GeneralSheaf,true,5,5,best-epoch,1,5,confidence,0.4519527380002353
roman_empire,GeneralSheaf,true,5,5,best-epoch,2,5,confidence,0.4342876480865158
roman_empire,GeneralSheaf,true,5,5,best-epoch,3,5,confidence,0.38367141501381646
roman_empire,GeneralSheaf,true,5,5,best-epoch,4,5,confidence,0.3417026906610423
roman_empire,GeneralSheaf,true,5,5,best-epoch,5,5,confidence,0.37333173750801724
roman_empire,GeneralSheaf,true,5,5,best-epoch,0,5,saliency,-0.3680100000605126
roman_empire,GeneralSheaf,true,5,5,best-epoch,1,5,saliency,-0.3660605505935799
roman_empire,GeneralSheaf,true,5,5,best-epoch,2,5,saliency,-0.36741384950452266
roman_empire,GeneralSheaf,true,5,5,best-epoch,3,5,saliency,-0.3389815792914317
roman_empire,GeneralSheaf,true,5,5,best-epoch,4,5,saliency,-0.3153498406716855
roman_empire,GeneralSheaf,true,5,5,best-epoch,5,5,saliency,-0.33850083318216917
roman_empire,GeneralSheaf,true,5,5,best-epoch,0,5,cohens_d_train,0.29541066
roman_empire,GeneralSheaf,true,5,5,best-epoch,1,5,cohens_d_train,0.34737438
roman_empire,GeneralSheaf,true,5,5,best-epoch,2,5,cohens_d_train,0.3725483
roman_empire,GeneralSheaf,true,5,5,best-epoch,3,5,cohens_d_train,0.31221905
roman_empire,GeneralSheaf,true,5,5,best-epoch,4,5,cohens_d_train,0.26846895
roman_empire,GeneralSheaf,true,5,5,best-epoch,5,5,cohens_d_train,0.31670612
roman_empire,GeneralSheaf,true,5,5,best-epoch,0,5,cohens_d_test,0.31348503
roman_empire,GeneralSheaf,true,5,5,best-epoch,1,5,cohens_d_test,0.365474
roman_empire,GeneralSheaf,true,5,5,best-epoch,2,5,cohens_d_test,0.39637223
roman_empire,GeneralSheaf,true,5,5,best-epoch,3,5,cohens_d_test,0.37083533
roman_empire,GeneralSheaf,true,5,5,best-epoch,4,5,cohens_d_test,0.33047256
roman_empire,GeneralSheaf,true,5,5,best-epoch,5,5,cohens_d_test,0.3702302
roman_empire,GeneralSheaf,true,5,5,best-epoch,0,6,degree,-0.14498589776649562
roman_empire,GeneralSheaf,true,5,5,best-epoch,1,6,degree,0.18938978303222392
roman_empire,GeneralSheaf,true,5,5,best-epoch,2,6,degree,0.22308750752394085
roman_empire,GeneralSheaf,true,5,5,best-epoch,3,6,degree,0.3165272131022138
roman_empire,GeneralSheaf,true,5,5,best-epoch,4,6,degree,0.3786279291488109
roman_empire,GeneralSheaf,true,5,5,best-epoch,5,6,degree,0.4235964512030405
roman_empire,GeneralSheaf,true,5,5,best-epoch,0,6,betweenness,-0.11120611723736096
roman_empire,GeneralSheaf,true,5,5,best-epoch,1,6,betweenness,0.17716853542110184
roman_empire,GeneralSheaf,true,5,5,best-epoch,2,6,betweenness,0.15851022647363855
roman_empire,GeneralSheaf,true,5,5,best-epoch,3,6,betweenness,0.22547028393325946
roman_empire,GeneralSheaf,true,5,5,best-epoch,4,6,betweenness,0.2768294133385663
roman_empire,GeneralSheaf,true,5,5,best-epoch,5,6,betweenness,0.30164930305034626
roman_empire,GeneralSheaf,true,5,5,best-epoch,0,6,confidence,0.4452419174390352
roman_empire,GeneralSheaf,true,5,5,best-epoch,1,6,confidence,0.40443439404075376
roman_empire,GeneralSheaf,true,5,5,best-epoch,2,6,confidence,0.46781390355349495
roman_empire,GeneralSheaf,true,5,5,best-epoch,3,6,confidence,0.42122572253751706
roman_empire,GeneralSheaf,true,5,5,best-epoch,4,6,confidence,0.37528446787080927
roman_empire,GeneralSheaf,true,5,5,best-epoch,5,6,confidence,0.35704050226398826
roman_empire,GeneralSheaf,true,5,5,best-epoch,0,6,saliency,-0.37325928886104126
roman_empire,GeneralSheaf,true,5,5,best-epoch,1,6,saliency,-0.3270499263677162
roman_empire,GeneralSheaf,true,5,5,best-epoch,2,6,saliency,-0.3593423542619177
roman_empire,GeneralSheaf,true,5,5,best-epoch,3,6,saliency,-0.3209524709968606
roman_empire,GeneralSheaf,true,5,5,best-epoch,4,6,saliency,-0.28849118226105697
roman_empire,GeneralSheaf,true,5,5,best-epoch,5,6,saliency,-0.2781840226265779
roman_empire,GeneralSheaf,true,5,5,best-epoch,0,6,cohens_d_train,0.30672517
roman_empire,GeneralSheaf,true,5,5,best-epoch,1,6,cohens_d_train,0.25983894
roman_empire,GeneralSheaf,true,5,5,best-epoch,2,6,cohens_d_train,0.33784765
roman_empire,GeneralSheaf,true,5,5,best-epoch,3,6,cohens_d_train,0.30919045
roman_empire,GeneralSheaf,true,5,5,best-epoch,4,6,cohens_d_train,0.26655945
roman_empire,GeneralSheaf,true,5,5,best-epoch,5,6,cohens_d_train,0.27121744
roman_empire,GeneralSheaf,true,5,5,best-epoch,0,6,cohens_d_test,0.317628
roman_empire,GeneralSheaf,true,5,5,best-epoch,1,6,cohens_d_test,0.30617353
roman_empire,GeneralSheaf,true,5,5,best-epoch,2,6,cohens_d_test,0.39638263
roman_empire,GeneralSheaf,true,5,5,best-epoch,3,6,cohens_d_test,0.36260778
roman_empire,GeneralSheaf,true,5,5,best-epoch,4,6,cohens_d_test,0.27829742
roman_empire,GeneralSheaf,true,5,5,best-epoch,5,6,cohens_d_test,0.2714602
roman_empire,GeneralSheaf,true,5,5,best-epoch,0,7,degree,-0.1492494284170796
roman_empire,GeneralSheaf,true,5,5,best-epoch,1,7,degree,0.16565632240030004
roman_empire,GeneralSheaf,true,5,5,best-epoch,2,7,degree,0.22254898809937662
roman_empire,GeneralSheaf,true,5,5,best-epoch,3,7,degree,0.3048980102406371
roman_empire,GeneralSheaf,true,5,5,best-epoch,4,7,degree,0.36696615656719994
roman_empire,GeneralSheaf,true,5,5,best-epoch,5,7,degree,0.43127814215172483
roman_empire,GeneralSheaf,true,5,5,best-epoch,0,7,betweenness,-0.11324826720352446
roman_empire,GeneralSheaf,true,5,5,best-epoch,1,7,betweenness,0.1452111832504676
roman_empire,GeneralSheaf,true,5,5,best-epoch,2,7,betweenness,0.16374222941195288
roman_empire,GeneralSheaf,true,5,5,best-epoch,3,7,betweenness,0.19093294294973429
roman_empire,GeneralSheaf,true,5,5,best-epoch,4,7,betweenness,0.2491830998632186
roman_empire,GeneralSheaf,true,5,5,best-epoch,5,7,betweenness,0.30685533569412715
roman_empire,GeneralSheaf,true,5,5,best-epoch,0,7,confidence,0.42901726643725774
roman_empire,GeneralSheaf,true,5,5,best-epoch,1,7,confidence,0.4064444605109637
roman_empire,GeneralSheaf,true,5,5,best-epoch,2,7,confidence,0.4583466314705432
roman_empire,GeneralSheaf,true,5,5,best-epoch,3,7,confidence,0.4378733901404188
roman_empire,GeneralSheaf,true,5,5,best-epoch,4,7,confidence,0.3608981389707435
roman_empire,GeneralSheaf,true,5,5,best-epoch,5,7,confidence,0.29658327436937393
roman_empire,GeneralSheaf,true,5,5,best-epoch,0,7,saliency,-0.3637411919892111
roman_empire,GeneralSheaf,true,5,5,best-epoch,1,7,saliency,-0.3541733326502044
roman_empire,GeneralSheaf,true,5,5,best-epoch,2,7,saliency,-0.3607457248462095
roman_empire,GeneralSheaf,true,5,5,best-epoch,3,7,saliency,-0.3447230758802219
roman_empire,GeneralSheaf,true,5,5,best-epoch,4,7,saliency,-0.29484043993405806
roman_empire,GeneralSheaf,true,5,5,best-epoch,5,7,saliency,-0.24865882747043647
roman_empire,GeneralSheaf,true,5,5,best-epoch,0,7,cohens_d_train,0.288178
roman_empire,GeneralSheaf,true,5,5,best-epoch,1,7,cohens_d_train,0.24995151
roman_empire,GeneralSheaf,true,5,5,best-epoch,2,7,cohens_d_train,0.2821538
roman_empire,GeneralSheaf,true,5,5,best-epoch,3,7,cohens_d_train,0.26945964
roman_empire,GeneralSheaf,true,5,5,best-epoch,4,7,cohens_d_train,0.1856034
roman_empire,GeneralSheaf,true,5,5,best-epoch,5,7,cohens_d_train,0.11385406
roman_empire,GeneralSheaf,true,5,5,best-epoch,0,7,cohens_d_test,0.329559
roman_empire,GeneralSheaf,true,5,5,best-epoch,1,7,cohens_d_test,0.3585612
roman_empire,GeneralSheaf,true,5,5,best-epoch,2,7,cohens_d_test,0.42592826
roman_empire,GeneralSheaf,true,5,5,best-epoch,3,7,cohens_d_test,0.40930372
roman_empire,GeneralSheaf,true,5,5,best-epoch,4,7,cohens_d_test,0.32394314
roman_empire,GeneralSheaf,true,5,5,best-epoch,5,7,cohens_d_test,0.23854059
roman_empire,GeneralSheaf,true,5,5,best-epoch,0,8,degree,-0.15520790174464827
roman_empire,GeneralSheaf,true,5,5,best-epoch,1,8,degree,0.19365807186154052
roman_empire,GeneralSheaf,true,5,5,best-epoch,2,8,degree,0.24874951679720025
roman_empire,GeneralSheaf,true,5,5,best-epoch,3,8,degree,0.2272194768773014
roman_empire,GeneralSheaf,true,5,5,best-epoch,4,8,degree,0.30747248274113476
roman_empire,GeneralSheaf,true,5,5,best-epoch,5,8,degree,0.3437914240721489
roman_empire,GeneralSheaf,true,5,5,best-epoch,0,8,betweenness,-0.11852077324972056
roman_empire,GeneralSheaf,true,5,5,best-epoch,1,8,betweenness,0.18106081213750944
roman_empire,GeneralSheaf,true,5,5,best-epoch,2,8,betweenness,0.2216068074550204
roman_empire,GeneralSheaf,true,5,5,best-epoch,3,8,betweenness,0.17196580884105075
roman_empire,GeneralSheaf,true,5,5,best-epoch,4,8,betweenness,0.23778666268270304
roman_empire,GeneralSheaf,true,5,5,best-epoch,5,8,betweenness,0.2469617330119922
roman_empire,GeneralSheaf,true,5,5,best-epoch,0,8,confidence,0.43672995190174513
roman_empire,GeneralSheaf,true,5,5,best-epoch,1,8,confidence,0.457986146970288
roman_empire,GeneralSheaf,true,5,5,best-epoch,2,8,confidence,0.4502721425681515
roman_empire,GeneralSheaf,true,5,5,best-epoch,3,8,confidence,0.4717068600215917
roman_empire,GeneralSheaf,true,5,5,best-epoch,4,8,confidence,0.4206566712556993
roman_empire,GeneralSheaf,true,5,5,best-epoch,5,8,confidence,0.42722001183083247
roman_empire,GeneralSheaf,true,5,5,best-epoch,0,8,saliency,-0.37611736675903235
roman_empire,GeneralSheaf,true,5,5,best-epoch,1,8,saliency,-0.3883062658334137
roman_empire,GeneralSheaf,true,5,5,best-epoch,2,8,saliency,-0.3492329599969893
roman_empire,GeneralSheaf,true,5,5,best-epoch,3,8,saliency,-0.3946765555576193
roman_empire,GeneralSheaf,true,5,5,best-epoch,4,8,saliency,-0.3566906871903165
roman_empire,GeneralSheaf,true,5,5,best-epoch,5,8,saliency,-0.37437795763534193
roman_empire,GeneralSheaf,true,5,5,best-epoch,0,8,cohens_d_train,0.32707742
roman_empire,GeneralSheaf,true,5,5,best-epoch,1,8,cohens_d_train,0.3489429
roman_empire,GeneralSheaf,true,5,5,best-epoch,2,8,cohens_d_train,0.30099997
roman_empire,GeneralSheaf,true,5,5,best-epoch,3,8,cohens_d_train,0.3400981
roman_empire,GeneralSheaf,true,5,5,best-epoch,4,8,cohens_d_train,0.2787457
roman_empire,GeneralSheaf,true,5,5,best-epoch,5,8,cohens_d_train,0.29241696
roman_empire,GeneralSheaf,true,5,5,best-epoch,0,8,cohens_d_test,0.29608566
roman_empire,GeneralSheaf,true,5,5,best-epoch,1,8,cohens_d_test,0.38937908
roman_empire,GeneralSheaf,true,5,5,best-epoch,2,8,cohens_d_test,0.38863868
roman_empire,GeneralSheaf,true,5,5,best-epoch,3,8,cohens_d_test,0.43293673
roman_empire,GeneralSheaf,true,5,5,best-epoch,4,8,cohens_d_test,0.37861085
roman_empire,GeneralSheaf,true,5,5,best-epoch,5,8,cohens_d_test,0.40131307
roman_empire,GeneralSheaf,true,5,5,best-epoch,0,9,degree,-0.1548844864657741
roman_empire,GeneralSheaf,true,5,5,best-epoch,1,9,degree,0.14493034179569397
roman_empire,GeneralSheaf,true,5,5,best-epoch,2,9,degree,0.2580995421833241
roman_empire,GeneralSheaf,true,5,5,best-epoch,3,9,degree,0.28274554565395155
roman_empire,GeneralSheaf,true,5,5,best-epoch,4,9,degree,0.3967385337040026
roman_empire,GeneralSheaf,true,5,5,best-epoch,5,9,degree,0.4689209372924296
roman_empire,GeneralSheaf,true,5,5,best-epoch,0,9,betweenness,-0.12098478996656664
roman_empire,GeneralSheaf,true,5,5,best-epoch,1,9,betweenness,0.0909939923836533
roman_empire,GeneralSheaf,true,5,5,best-epoch,2,9,betweenness,0.18549563045518253
roman_empire,GeneralSheaf,true,5,5,best-epoch,3,9,betweenness,0.16506156097972666
roman_empire,GeneralSheaf,true,5,5,best-epoch,4,9,betweenness,0.2705446615146003
roman_empire,GeneralSheaf,true,5,5,best-epoch,5,9,betweenness,0.34848008037095773
roman_empire,GeneralSheaf,true,5,5,best-epoch,0,9,confidence,0.43621872895906877
roman_empire,GeneralSheaf,true,5,5,best-epoch,1,9,confidence,0.45355374254954806
roman_empire,GeneralSheaf,true,5,5,best-epoch,2,9,confidence,0.41688899494630177
roman_empire,GeneralSheaf,true,5,5,best-epoch,3,9,confidence,0.46154698631295893
roman_empire,GeneralSheaf,true,5,5,best-epoch,4,9,confidence,0.40239351344821733
roman_empire,GeneralSheaf,true,5,5,best-epoch,5,9,confidence,0.33809955934407976
roman_empire,GeneralSheaf,true,5,5,best-epoch,0,9,saliency,-0.3842732534763739
roman_empire,GeneralSheaf,true,5,5,best-epoch,1,9,saliency,-0.382934220168069
roman_empire,GeneralSheaf,true,5,5,best-epoch,2,9,saliency,-0.3499097749265827
roman_empire,GeneralSheaf,true,5,5,best-epoch,3,9,saliency,-0.3744476353731337
roman_empire,GeneralSheaf,true,5,5,best-epoch,4,9,saliency,-0.3318837868829592
roman_empire,GeneralSheaf,true,5,5,best-epoch,5,9,saliency,-0.29864384353484724
roman_empire,GeneralSheaf,true,5,5,best-epoch,0,9,cohens_d_train,0.30695668
roman_empire,GeneralSheaf,true,5,5,best-epoch,1,9,cohens_d_train,0.3168294
roman_empire,GeneralSheaf,true,5,5,best-epoch,2,9,cohens_d_train,0.27265716
roman_empire,GeneralSheaf,true,5,5,best-epoch,3,9,cohens_d_train,0.34312445
roman_empire,GeneralSheaf,true,5,5,best-epoch,4,9,cohens_d_train,0.28728056
roman_empire,GeneralSheaf,true,5,5,best-epoch,5,9,cohens_d_train,0.22651587
roman_empire,GeneralSheaf,true,5,5,best-epoch,0,9,cohens_d_test,0.43087405
roman_empire,GeneralSheaf,true,5,5,best-epoch,1,9,cohens_d_test,0.4456393
roman_empire,GeneralSheaf,true,5,5,best-epoch,2,9,cohens_d_test,0.4040608
roman_empire,GeneralSheaf,true,5,5,best-epoch,3,9,cohens_d_test,0.4686536
roman_empire,GeneralSheaf,true,5,5,best-epoch,4,9,cohens_d_test,0.41060477
roman_empire,GeneralSheaf,true,5,5,best-epoch,5,9,cohens_d_test,0.35154328
roman_empire,GeneralSheaf,true,5,5,last,0,0,degree,-0.13078841248109066
roman_empire,GeneralSheaf,true,5,5,last,1,0,degree,0.197793069006317
roman_empire,GeneralSheaf,true,5,5,last,2,0,degree,0.3915408927985693
roman_empire,GeneralSheaf,true,5,5,last,3,0,degree,0.46461588345319743
roman_empire,GeneralSheaf,true,5,5,last,4,0,degree,0.4347016377688888
roman_empire,GeneralSheaf,true,5,5,last,5,0,degree,0.4548880167575653
roman_empire,GeneralSheaf,true,5,5,last,0,0,betweenness,-0.08779840029271477
roman_empire,GeneralSheaf,true,5,5,last,1,0,betweenness,0.18979023304982404
roman_empire,GeneralSheaf,true,5,5,last,2,0,betweenness,0.33821554568027645
roman_empire,GeneralSheaf,true,5,5,last,3,0,betweenness,0.36902883671276704
roman_empire,GeneralSheaf,true,5,5,last,4,0,betweenness,0.3326207440507377
roman_empire,GeneralSheaf,true,5,5,last,5,0,betweenness,0.33714024792233654
roman_empire,GeneralSheaf,true,5,5,last,0,0,confidence,0.4061345493260689
roman_empire,GeneralSheaf,true,5,5,last,1,0,confidence,0.37710913011636704
roman_empire,GeneralSheaf,true,5,5,last,2,0,confidence,0.3243432914061849
roman_empire,GeneralSheaf,true,5,5,last,3,0,confidence,0.24172807924034515
roman_empire,GeneralSheaf,true,5,5,last,4,0,confidence,0.31656757944496494
roman_empire,GeneralSheaf,true,5,5,last,5,0,confidence,0.3418523869177957
roman_empire,GeneralSheaf,true,5,5,last,0,0,saliency,-0.3289300861957307
roman_empire,GeneralSheaf,true,5,5,last,1,0,saliency,-0.31505585519135065
roman_empire,GeneralSheaf,true,5,5,last,2,0,saliency,-0.28125547177208776
roman_empire,GeneralSheaf,true,5,5,last,3,0,saliency,-0.199911356814413
roman_empire,GeneralSheaf,true,5,5,last,4,0,saliency,-0.2763897898145826
roman_empire,GeneralSheaf,true,5,5,last,5,0,saliency,-0.3034258932248961
roman_empire,GeneralSheaf,true,5,5,last,0,0,cohens_d_train,0.28636688
roman_empire,GeneralSheaf,true,5,5,last,1,0,cohens_d_train,0.22967845
roman_empire,GeneralSheaf,true,5,5,last,2,0,cohens_d_train,0.20924298
roman_empire,GeneralSheaf,true,5,5,last,3,0,cohens_d_train,0.114067145
roman_empire,GeneralSheaf,true,5,5,last,4,0,cohens_d_train,0.20191285
roman_empire,GeneralSheaf,true,5,5,last,5,0,cohens_d_train,0.26005378
roman_empire,GeneralSheaf,true,5,5,last,0,0,cohens_d_test,0.26293194
roman_empire,GeneralSheaf,true,5,5,last,1,0,cohens_d_test,0.29283658
roman_empire,GeneralSheaf,true,5,5,last,2,0,cohens_d_test,0.28427482
roman_empire,GeneralSheaf,true,5,5,last,3,0,cohens_d_test,0.2309555
roman_empire,GeneralSheaf,true,5,5,last,4,0,cohens_d_test,0.33196026
roman_empire,GeneralSheaf,true,5,5,last,5,0,cohens_d_test,0.39186135
roman_empire,GeneralSheaf,true,5,5,last,0,1,degree,-0.13690085302072244
roman_empire,GeneralSheaf,true,5,5,last,1,1,degree,0.09033485455412944
roman_empire,GeneralSheaf,true,5,5,last,2,1,degree,0.32184194658837373
roman_empire,GeneralSheaf,true,5,5,last,3,1,degree,0.3483239437308504
roman_empire,GeneralSheaf,true,5,5,last,4,1,degree,0.3941360347818471
roman_empire,GeneralSheaf,true,5,5,last,5,1,degree,0.4512477395933114
roman_empire,GeneralSheaf,true,5,5,last,0,1,betweenness,-0.10252181368344634
roman_empire,GeneralSheaf,true,5,5,last,1,1,betweenness,0.07125046218671068
roman_empire,GeneralSheaf,true,5,5,last,2,1,betweenness,0.28048168976614013
roman_empire,GeneralSheaf,true,5,5,last,3,1,betweenness,0.2506760675741577
roman_empire,GeneralSheaf,true,5,5,last,4,1,betweenness,0.2929389442927524
roman_empire,GeneralSheaf,true,5,5,last,5,1,betweenness,0.3224442727530603
roman_empire,GeneralSheaf,true,5,5,last,0,1,confidence,0.40709051101232896
roman_empire,GeneralSheaf,true,5,5,last,1,1,confidence,0.4966635211725161
roman_empire,GeneralSheaf,true,5,5,last,2,1,confidence,0.36703648300633834
roman_empire,GeneralSheaf,true,5,5,last,3,1,confidence,0.37690843210626745
roman_empire,GeneralSheaf,true,5,5,last,4,1,confidence,0.3530923811284757
roman_empire,GeneralSheaf,true,5,5,last,5,1,confidence,0.3252789781816384
roman_empire,GeneralSheaf,true,5,5,last,0,1,saliency,-0.36885346913536454
roman_empire,GeneralSheaf,true,5,5,last,1,1,saliency,-0.36844902879992814
roman_empire,GeneralSheaf,true,5,5,last,2,1,saliency,-0.3109495530891481
roman_empire,GeneralSheaf,true,5,5,last,3,1,saliency,-0.3229128608674805
roman_empire,GeneralSheaf,true,5,5,last,4,1,saliency,-0.30248189922832885
roman_empire,GeneralSheaf,true,5,5,last,5,1,saliency,-0.2897637828489269
roman_empire,GeneralSheaf,true,5,5,last,0,1,cohens_d_train,0.32684004
roman_empire,GeneralSheaf,true,5,5,last,1,1,cohens_d_train,0.3954662
roman_empire,GeneralSheaf,true,5,5,last,2,1,cohens_d_train,0.2968584
roman_empire,GeneralSheaf,true,5,5,last,3,1,cohens_d_train,0.33571175
roman_empire,GeneralSheaf,true,5,5,last,4,1,cohens_d_train,0.3205714
roman_empire,GeneralSheaf,true,5,5,last,5,1,cohens_d_train,0.31198317
roman_empire,GeneralSheaf,true,5,5,last,0,1,cohens_d_test,0.36978114
roman_empire,GeneralSheaf,true,5,5,last,1,1,cohens_d_test,0.46191168
roman_empire,GeneralSheaf,true,5,5,last,2,1,cohens_d_test,0.38861424
roman_empire,GeneralSheaf,true,5,5,last,3,1,cohens_d_test,0.40690225
roman_empire,GeneralSheaf,true,5,5,last,4,1,cohens_d_test,0.38252485
roman_empire,GeneralSheaf,true,5,5,last,5,1,cohens_d_test,0.34054235
roman_empire,GeneralSheaf,true,5,5,last,0,2,degree,-0.13876041991844312
roman_empire,GeneralSheaf,true,5,5,last,1,2,degree,0.17740683886100772
roman_empire,GeneralSheaf,true,5,5,last,2,2,degree,0.2632544018995744
roman_empire,GeneralSheaf,true,5,5,last,3,2,degree,0.2997610083899974
roman_empire,GeneralSheaf,true,5,5,last,4,2,degree,0.3370192274434126
roman_empire,GeneralSheaf,true,5,5,last,5,2,degree,0.3946705809088119
roman_empire,GeneralSheaf,true,5,5,last,0,2,betweenness,-0.1153049026457496
roman_empire,GeneralSheaf,true,5,5,last,1,2,betweenness,0.14039559813399935
roman_empire,GeneralSheaf,true,5,5,last,2,2,betweenness,0.18291054699202489
roman_empire,GeneralSheaf,true,5,5,last,3,2,betweenness,0.19337192386541924
roman_empire,GeneralSheaf,true,5,5,last,4,2,betweenness,0.19648563734292
roman_empire,GeneralSheaf,true,5,5,last,5,2,betweenness,0.24030029359278188
roman_empire,GeneralSheaf,true,5,5,last,0,2,confidence,0.4041590936111837
roman_empire,GeneralSheaf,true,5,5,last,1,2,confidence,0.43193976352286223
roman_empire,GeneralSheaf,true,5,5,last,2,2,confidence,0.41212653115817893
roman_empire,GeneralSheaf,true,5,5,last,3,2,confidence,0.4293721729304656
roman_empire,GeneralSheaf,true,5,5,last,4,2,confidence,0.43839258457132896
roman_empire,GeneralSheaf,true,5,5,last,5,2,confidence,0.4459076460257511
roman_empire,GeneralSheaf,true,5,5,last,0,2,saliency,-0.38051901754392153
roman_empire,GeneralSheaf,true,5,5,last,1,2,saliency,-0.34363852269444123
roman_empire,GeneralSheaf,true,5,5,last,2,2,saliency,-0.341957383962169
roman_empire,GeneralSheaf,true,5,5,last,3,2,saliency,-0.3623656414932267
roman_empire,GeneralSheaf,true,5,5,last,4,2,saliency,-0.3629618835196155
roman_empire,GeneralSheaf,true,5,5,last,5,2,saliency,-0.36702695747544006
roman_empire,GeneralSheaf,true,5,5,last,0,2,cohens_d_train,0.24240336
roman_empire,GeneralSheaf,true,5,5,last,1,2,cohens_d_train,0.32320586
roman_empire,GeneralSheaf,true,5,5,last,2,2,cohens_d_train,0.3225017
roman_empire,GeneralSheaf,true,5,5,last,3,2,cohens_d_train,0.3427303
roman_empire,GeneralSheaf,true,5,5,last,4,2,cohens_d_train,0.34319618
roman_empire,GeneralSheaf,true,5,5,last,5,2,cohens_d_train,0.366023
roman_empire,GeneralSheaf,true,5,5,last,0,2,cohens_d_test,0.38627425
roman_empire,GeneralSheaf,true,5,5,last,1,2,cohens_d_test,0.4905894
roman_empire,GeneralSheaf,true,5,5,last,2,2,cohens_d_test,0.5121023
roman_empire,GeneralSheaf,true,5,5,last,3,2,cohens_d_test,0.54356986
roman_empire,GeneralSheaf,true,5,5,last,4,2,cohens_d_test,0.5365551
roman_empire,GeneralSheaf,true,5,5,last,5,2,cohens_d_test,0.5578537
roman_empire,GeneralSheaf,true,5,5,last,0,3,degree,-0.16090835046498644
roman_empire,GeneralSheaf,true,5,5,last,1,3,degree,0.1917599062172479
roman_empire,GeneralSheaf,true,5,5,last,2,3,degree,0.2185146981518862
roman_empire,GeneralSheaf,true,5,5,last,3,3,degree,0.35533091650332627
roman_empire,GeneralSheaf,true,5,5,last,4,3,degree,0.359076565913272
roman_empire,GeneralSheaf,true,5,5,last,5,3,degree,0.3918278373673082
roman_empire,GeneralSheaf,true,5,5,last,0,3,betweenness,-0.12834492072432613
roman_empire,GeneralSheaf,true,5,5,last,1,3,betweenness,0.14146775786206162
roman_empire,GeneralSheaf,true,5,5,last,2,3,betweenness,0.14676849294825287
roman_empire,GeneralSheaf,true,5,5,last,3,3,betweenness,0.27128532687553564
roman_empire,GeneralSheaf,true,5,5,last,4,3,betweenness,0.2646555738927029
roman_empire,GeneralSheaf,true,5,5,last,5,3,betweenness,0.262878031476584
roman_empire,GeneralSheaf,true,5,5,last,0,3,confidence,0.423114680869329
roman_empire,GeneralSheaf,true,5,5,last,1,3,confidence,0.38649956129216945
roman_empire,GeneralSheaf,true,5,5,last,2,3,confidence,0.4345995686579118
roman_empire,GeneralSheaf,true,5,5,last,3,3,confidence,0.338844655762355
roman_empire,GeneralSheaf,true,5,5,last,4,3,confidence,0.3588391753608416
roman_empire,GeneralSheaf,true,5,5,last,5,3,confidence,0.39579617482745955
roman_empire,GeneralSheaf,true,5,5,last,0,3,saliency,-0.38030425095255954
roman_empire,GeneralSheaf,true,5,5,last,1,3,saliency,-0.2897879856228555
roman_empire,GeneralSheaf,true,5,5,last,2,3,saliency,-0.3532476042024368
roman_empire,GeneralSheaf,true,5,5,last,3,3,saliency,-0.2878480258685483
roman_empire,GeneralSheaf,true,5,5,last,4,3,saliency,-0.3128937874104563
roman_empire,GeneralSheaf,true,5,5,last,5,3,saliency,-0.3390885353001209
roman_empire,GeneralSheaf,true,5,5,last,0,3,cohens_d_train,0.32566503
roman_empire,GeneralSheaf,true,5,5,last,1,3,cohens_d_train,0.23571655
roman_empire,GeneralSheaf,true,5,5,last,2,3,cohens_d_train,0.2665105
roman_empire,GeneralSheaf,true,5,5,last,3,3,cohens_d_train,0.1454735
roman_empire,GeneralSheaf,true,5,5,last,4,3,cohens_d_train,0.15890662
roman_empire,GeneralSheaf,true,5,5,last,5,3,cohens_d_train,0.21221088
roman_empire,GeneralSheaf,true,5,5,last,0,3,cohens_d_test,0.34609663
roman_empire,GeneralSheaf,true,5,5,last,1,3,cohens_d_test,0.32455072
roman_empire,GeneralSheaf,true,5,5,last,2,3,cohens_d_test,0.3855719
roman_empire,GeneralSheaf,true,5,5,last,3,3,cohens_d_test,0.29566765
roman_empire,GeneralSheaf,true,5,5,last,4,3,cohens_d_test,0.32502395
roman_empire,GeneralSheaf,true,5,5,last,5,3,cohens_d_test,0.3723919
roman_empire,GeneralSheaf,true,5,5,last,0,4,degree,-0.13191750959542123
roman_empire,GeneralSheaf,true,5,5,last,1,4,degree,0.21112724346953937
roman_empire,GeneralSheaf,true,5,5,last,2,4,degree,0.31300130037877805
roman_empire,GeneralSheaf,true,5,5,last,3,4,degree,0.3034887588146747
roman_empire,GeneralSheaf,true,5,5,last,4,4,degree,0.2910379459052249
roman_empire,GeneralSheaf,true,5,5,last,5,4,degree,0.3398703003457507
roman_empire,GeneralSheaf,true,5,5,last,0,4,betweenness,-0.09478627643244428
roman_empire,GeneralSheaf,true,5,5,last,1,4,betweenness,0.1942742863011819
roman_empire,GeneralSheaf,true,5,5,last,2,4,betweenness,0.2412185781062759
roman_empire,GeneralSheaf,true,5,5,last,3,4,betweenness,0.22689573345020536
roman_empire,GeneralSheaf,true,5,5,last,4,4,betweenness,0.16321574309239675
roman_empire,GeneralSheaf,true,5,5,last,5,4,betweenness,0.19782563766581088
roman_empire,GeneralSheaf,true,5,5,last,0,4,confidence,0.42549981196997366
roman_empire,GeneralSheaf,true,5,5,last,1,4,confidence,0.43449484948289546
roman_empire,GeneralSheaf,true,5,5,last,2,4,confidence,0.4282133426863557
roman_empire,GeneralSheaf,true,5,5,last,3,4,confidence,0.4465377438695908
roman_empire,GeneralSheaf,true,5,5,last,4,4,confidence,0.5452606792958812
roman_empire,GeneralSheaf,true,5,5,last,5,4,confidence,0.5105322389341213
roman_empire,GeneralSheaf,true,5,5,last,0,4,saliency,-0.3646471237750166
roman_empire,GeneralSheaf,true,5,5,last,1,4,saliency,-0.3609741557913884
roman_empire,GeneralSheaf,true,5,5,last,2,4,saliency,-0.34381298525051296
roman_empire,GeneralSheaf,true,5,5,last,3,4,saliency,-0.35917660426645664
roman_empire,GeneralSheaf,true,5,5,last,4,4,saliency,-0.4255151174481379
roman_empire,GeneralSheaf,true,5,5,last,5,4,saliency,-0.392559496594787
roman_empire,GeneralSheaf,true,5,5,last,0,4,cohens_d_train,0.32492104
roman_empire,GeneralSheaf,true,5,5,last,1,4,cohens_d_train,0.341476
roman_empire,GeneralSheaf,true,5,5,last,2,4,cohens_d_train,0.36127827
roman_empire,GeneralSheaf,true,5,5,last,3,4,cohens_d_train,0.3780521
roman_empire,GeneralSheaf,true,5,5,last,4,4,cohens_d_train,0.49501956
roman_empire,GeneralSheaf,true,5,5,last,5,4,cohens_d_train,0.47824878
roman_empire,GeneralSheaf,true,5,5,last,0,4,cohens_d_test,0.33520192
roman_empire,GeneralSheaf,true,5,5,last,1,4,cohens_d_test,0.3568083
roman_empire,GeneralSheaf,true,5,5,last,2,4,cohens_d_test,0.36807445
roman_empire,GeneralSheaf,true,5,5,last,3,4,cohens_d_test,0.40521044
roman_empire,GeneralSheaf,true,5,5,last,4,4,cohens_d_test,0.54159796
roman_empire,GeneralSheaf,true,5,5,last,5,4,cohens_d_test,0.50036246
roman_empire,GeneralSheaf,true,5,5,last,0,5,degree,-0.13853144486612418
roman_empire,GeneralSheaf,true,5,5,last,1,5,degree,0.16808318649595502
roman_empire,GeneralSheaf,true,5,5,last,2,5,degree,0.25800212922074683
roman_empire,GeneralSheaf,true,5,5,last,3,5,degree,0.3584800898182779
roman_empire,GeneralSheaf,true,5,5,last,4,5,degree,0.407685012058
roman_empire,GeneralSheaf,true,5,5,last,5,5,degree,0.4620538766452675
roman_empire,GeneralSheaf,true,5,5,last,0,5,betweenness,-0.10513005848204543
roman_empire,GeneralSheaf,true,5,5,last,1,5,betweenness,0.12227162164433973
roman_empire,GeneralSheaf,true,5,5,last,2,5,betweenness,0.1778493453012397
roman_empire,GeneralSheaf,true,5,5,last,3,5,betweenness,0.2304164239325743
roman_empire,GeneralSheaf,true,5,5,last,4,5,betweenness,0.26473188912040335
roman_empire,GeneralSheaf,true,5,5,last,5,5,betweenness,0.29654438339382105
roman_empire,GeneralSheaf,true,5,5,last,0,5,confidence,0.4509306474843496
roman_empire,GeneralSheaf,true,5,5,last,1,5,confidence,0.5120091102702258
roman_empire,GeneralSheaf,true,5,5,last,2,5,confidence,0.5001555132314326
roman_empire,GeneralSheaf,true,5,5,last,3,5,confidence,0.4333977854739611
roman_empire,GeneralSheaf,true,5,5,last,4,5,confidence,0.39764419174504995
roman_empire,GeneralSheaf,true,5,5,last,5,5,confidence,0.42342367668612935
roman_empire,GeneralSheaf,true,5,5,last,0,5,saliency,-0.3657838523097801
roman_empire,GeneralSheaf,true,5,5,last,1,5,saliency,-0.3592400256882624
roman_empire,GeneralSheaf,true,5,5,last,2,5,saliency,-0.3563260166179672
roman_empire,GeneralSheaf,true,5,5,last,3,5,saliency,-0.3197038871663764
roman_empire,GeneralSheaf,true,5,5,last,4,5,saliency,-0.2996138355091271
roman_empire,GeneralSheaf,true,5,5,last,5,5,saliency,-0.3208459295856297
roman_empire,GeneralSheaf,true,5,5,last,0,5,cohens_d_train,0.25948283
roman_empire,GeneralSheaf,true,5,5,last,1,5,cohens_d_train,0.3061504
roman_empire,GeneralSheaf,true,5,5,last,2,5,cohens_d_train,0.31624192
roman_empire,GeneralSheaf,true,5,5,last,3,5,cohens_d_train,0.23735747
roman_empire,GeneralSheaf,true,5,5,last,4,5,cohens_d_train,0.19296369
roman_empire,GeneralSheaf,true,5,5,last,5,5,cohens_d_train,0.2352046
roman_empire,GeneralSheaf,true,5,5,last,0,5,cohens_d_test,0.3047415
roman_empire,GeneralSheaf,true,5,5,last,1,5,cohens_d_test,0.3719491
roman_empire,GeneralSheaf,true,5,5,last,2,5,cohens_d_test,0.3913456
roman_empire,GeneralSheaf,true,5,5,last,3,5,cohens_d_test,0.34477827
roman_empire,GeneralSheaf,true,5,5,last,4,5,cohens_d_test,0.30466622
roman_empire,GeneralSheaf,true,5,5,last,5,5,cohens_d_test,0.33889446
roman_empire,GeneralSheaf,true,5,5,last,0,6,degree,-0.14237134689093084
roman_empire,GeneralSheaf,true,5,5,last,1,6,degree,0.21644782763962853
roman_empire,GeneralSheaf,true,5,5,last,2,6,degree,0.23716875757027808
roman_empire,GeneralSheaf,true,5,5,last,3,6,degree,0.33043655596424876
roman_empire,GeneralSheaf,true,5,5,last,4,6,degree,0.4028188078705253
roman_empire,GeneralSheaf,true,5,5,last,5,6,degree,0.4435033042452649
roman_empire,GeneralSheaf,true,5,5,last,0,6,betweenness,-0.10901017617053263
roman_empire,GeneralSheaf,true,5,5,last,1,6,betweenness,0.203082344724564
roman_empire,GeneralSheaf,true,5,5,last,2,6,betweenness,0.1782776343618916
roman_empire,GeneralSheaf,true,5,5,last,3,6,betweenness,0.240654949496465
roman_empire,GeneralSheaf,true,5,5,last,4,6,betweenness,0.30489258336521985
roman_empire,GeneralSheaf,true,5,5,last,5,6,betweenness,0.3333207646248507
roman_empire,GeneralSheaf,true,5,5,last,0,6,confidence,0.43375288496465947
roman_empire,GeneralSheaf,true,5,5,last,1,6,confidence,0.36945195168549333
roman_empire,GeneralSheaf,true,5,5,last,2,6,confidence,0.43527385284414
roman_empire,GeneralSheaf,true,5,5,last,3,6,confidence,0.39527419978352635
roman_empire,GeneralSheaf,true,5,5,last,4,6,confidence,0.3391365634179137
roman_empire,GeneralSheaf,true,5,5,last,5,6,confidence,0.3158289289132958
roman_empire,GeneralSheaf,true,5,5,last,0,6,saliency,-0.36682741459642515
roman_empire,GeneralSheaf,true,5,5,last,1,6,saliency,-0.29966010276194804
roman_empire,GeneralSheaf,true,5,5,last,2,6,saliency,-0.3345918699788723
roman_empire,GeneralSheaf,true,5,5,last,3,6,saliency,-0.30259290168485403
roman_empire,GeneralSheaf,true,5,5,last,4,6,saliency,-0.26323701508965897
roman_empire,GeneralSheaf,true,5,5,last,5,6,saliency,-0.25171833290954587
roman_empire,GeneralSheaf,true,5,5,last,0,6,cohens_d_train,0.22767624
roman_empire,GeneralSheaf,true,5,5,last,1,6,cohens_d_train,0.21505433
roman_empire,GeneralSheaf,true,5,5,last,2,6,cohens_d_train,0.29361632
roman_empire,GeneralSheaf,true,5,5,last,3,6,cohens_d_train,0.29326022
roman_empire,GeneralSheaf,true,5,5,last,4,6,cohens_d_train,0.2505852
roman_empire,GeneralSheaf,true,5,5,last,5,6,cohens_d_train,0.25769624
roman_empire,GeneralSheaf,true,5,5,last,0,6,cohens_d_test,0.3060626
roman_empire,GeneralSheaf,true,5,5,last,1,6,cohens_d_test,0.27015066
roman_empire,GeneralSheaf,true,5,5,last,2,6,cohens_d_test,0.3399133
roman_empire,GeneralSheaf,true,5,5,last,3,6,cohens_d_test,0.31660903
roman_empire,GeneralSheaf,true,5,5,last,4,6,cohens_d_test,0.205775
roman_empire,GeneralSheaf,true,5,5,last,5,6,cohens_d_test,0.18042155
roman_empire,GeneralSheaf,true,5,5,last,0,7,degree,-0.14762308050611359
roman_empire,GeneralSheaf,true,5,5,last,1,7,degree,0.16391609224912848
roman_empire,GeneralSheaf,true,5,5,last,2,7,degree,0.23846336148258676
roman_empire,GeneralSheaf,true,5,5,last,3,7,degree,0.3128813231949645
roman_empire,GeneralSheaf,true,5,5,last,4,7,degree,0.3869660407999168
roman_empire,GeneralSheaf,true,5,5,last,5,7,degree,0.4468857573190066
roman_empire,GeneralSheaf,true,5,5,last,0,7,betweenness,-0.11018011793841663
roman_empire,GeneralSheaf,true,5,5,last,1,7,betweenness,0.14771381365599914
roman_empire,GeneralSheaf,true,5,5,last,2,7,betweenness,0.1799676789628684
roman_empire,GeneralSheaf,true,5,5,last,3,7,betweenness,0.19967990104918107
roman_empire,GeneralSheaf,true,5,5,last,4,7,betweenness,0.2672616190663904
roman_empire,GeneralSheaf,true,5,5,last,5,7,betweenness,0.3245562741322817
roman_empire,GeneralSheaf,true,5,5,last,0,7,confidence,0.40683727627676153
roman_empire,GeneralSheaf,true,5,5,last,1,7,confidence,0.3812638566987146
roman_empire,GeneralSheaf,true,5,5,last,2,7,confidence,0.4226589992729282
roman_empire,GeneralSheaf,true,5,5,last,3,7,confidence,0.4104649446551541
roman_empire,GeneralSheaf,true,5,5,last,4,7,confidence,0.3307824754953572
roman_empire,GeneralSheaf,true,5,5,last,5,7,confidence,0.2823958965212569
roman_empire,GeneralSheaf,true,5,5,last,0,7,saliency,-0.35862969295137503
roman_empire,GeneralSheaf,true,5,5,last,1,7,saliency,-0.3421965949642654
roman_empire,GeneralSheaf,true,5,5,last,2,7,saliency,-0.34028702146311635
roman_empire,GeneralSheaf,true,5,5,last,3,7,saliency,-0.32712686860902396
roman_empire,GeneralSheaf,true,5,5,last,4,7,saliency,-0.27392047492235316
roman_empire,GeneralSheaf,true,5,5,last,5,7,saliency,-0.23049998289361243
roman_empire,GeneralSheaf,true,5,5,last,0,7,cohens_d_train,0.24833731
roman_empire,GeneralSheaf,true,5,5,last,1,7,cohens_d_train,0.24077992
roman_empire,GeneralSheaf,true,5,5,last,2,7,cohens_d_train,0.26194236
roman_empire,GeneralSheaf,true,5,5,last,3,7,cohens_d_train,0.2742658
roman_empire,GeneralSheaf,true,5,5,last,4,7,cohens_d_train,0.1920481
roman_empire,GeneralSheaf,true,5,5,last,5,7,cohens_d_train,0.1402675
roman_empire,GeneralSheaf,true,5,5,last,0,7,cohens_d_test,0.3121588
roman_empire,GeneralSheaf,true,5,5,last,1,7,cohens_d_test,0.32331157
roman_empire,GeneralSheaf,true,5,5,last,2,7,cohens_d_test,0.36762396
roman_empire,GeneralSheaf,true,5,5,last,3,7,cohens_d_test,0.36146432
roman_empire,GeneralSheaf,true,5,5,last,4,7,cohens_d_test,0.26436952
roman_empire,GeneralSheaf,true,5,5,last,5,7,cohens_d_test,0.17994307
roman_empire,GeneralSheaf,true,5,5,last,0,8,degree,-0.15520790174464827
roman_empire,GeneralSheaf,true,5,5,last,1,8,degree,0.19365803148003352
roman_empire,GeneralSheaf,true,5,5,last,2,8,degree,0.24874942984070175
roman_empire,GeneralSheaf,true,5,5,last,3,8,degree,0.22721955439186647
roman_empire,GeneralSheaf,true,5,5,last,4,8,degree,0.3074724250438973
roman_empire,GeneralSheaf,true,5,5,last,5,8,degree,0.3437914521984913
roman_empire,GeneralSheaf,true,5,5,last,0,8,betweenness,-0.11852077324972056
roman_empire,GeneralSheaf,true,5,5,last,1,8,betweenness,0.18106079228374863
roman_empire,GeneralSheaf,true,5,5,last,2,8,betweenness,0.22160674922454487
roman_empire,GeneralSheaf,true,5,5,last,3,8,betweenness,0.17196589605666654
roman_empire,GeneralSheaf,true,5,5,last,4,8,betweenness,0.2377866270481581
roman_empire,GeneralSheaf,true,5,5,last,5,8,betweenness,0.24696170218218777
roman_empire,GeneralSheaf,true,5,5,last,0,8,confidence,0.4367300466426122
roman_empire,GeneralSheaf,true,5,5,last,1,8,confidence,0.4579862904321073
roman_empire,GeneralSheaf,true,5,5,last,2,8,confidence,0.45027243578768933
roman_empire,GeneralSheaf,true,5,5,last,3,8,confidence,0.4717069679930385
roman_empire,GeneralSheaf,true,5,5,last,4,8,confidence,0.4206569614647723
roman_empire,GeneralSheaf,true,5,5,last,5,8,confidence,0.4272204592572922
roman_empire,GeneralSheaf,true,5,5,last,0,8,saliency,-0.3761173516644806
roman_empire,GeneralSheaf,true,5,5,last,1,8,saliency,-0.38830639964804525
roman_empire,GeneralSheaf,true,5,5,last,2,8,saliency,-0.3492331975370187
roman_empire,GeneralSheaf,true,5,5,last,3,8,saliency,-0.3946766243510601
roman_empire,GeneralSheaf,true,5,5,last,4,8,saliency,-0.3566908292947664
roman_empire,GeneralSheaf,true,5,5,last,5,8,saliency,-0.37437815560555654
roman_empire,GeneralSheaf,true,5,5,last,0,8,cohens_d_train,0.32707742
roman_empire,GeneralSheaf,true,5,5,last,1,8,cohens_d_train,0.3489429
roman_empire,GeneralSheaf,true,5,5,last,2,8,cohens_d_train,0.30100042
roman_empire,GeneralSheaf,true,5,5,last,3,8,cohens_d_train,0.3400983
roman_empire,GeneralSheaf,true,5,5,last,4,8,cohens_d_train,0.27874592
roman_empire,GeneralSheaf,true,5,5,last,5,8,cohens_d_train,0.29241696
roman_empire,GeneralSheaf,true,5,5,last,0,8,cohens_d_test,0.29608566
roman_empire,GeneralSheaf,true,5,5,last,1,8,cohens_d_test,0.38937908
roman_empire,GeneralSheaf,true,5,5,last,2,8,cohens_d_test,0.38863868
roman_empire,GeneralSheaf,true,5,5,last,3,8,cohens_d_test,0.43293697
roman_empire,GeneralSheaf,true,5,5,last,4,8,cohens_d_test,0.37861088
roman_empire,GeneralSheaf,true,5,5,last,5,8,cohens_d_test,0.40131307
roman_empire,GeneralSheaf,true,5,5,last,0,9,degree,-0.15309317331649766
roman_empire,GeneralSheaf,true,5,5,last,1,9,degree,0.15946857988565266
roman_empire,GeneralSheaf,true,5,5,last,2,9,degree,0.28025466274671795
roman_empire,GeneralSheaf,true,5,5,last,3,9,degree,0.2850452796401449
roman_empire,GeneralSheaf,true,5,5,last,4,9,degree,0.3960595699608562
roman_empire,GeneralSheaf,true,5,5,last,5,9,degree,0.4453070955827906
roman_empire,GeneralSheaf,true,5,5,last,0,9,betweenness,-0.11575329093206582
roman_empire,GeneralSheaf,true,5,5,last,1,9,betweenness,0.10860776815836748
roman_empire,GeneralSheaf,true,5,5,last,2,9,betweenness,0.2074357854846355
roman_empire,GeneralSheaf,true,5,5,last,3,9,betweenness,0.16389194789090436
roman_empire,GeneralSheaf,true,5,5,last,4,9,betweenness,0.26508748878816935
roman_empire,GeneralSheaf,true,5,5,last,5,9,betweenness,0.31934185974217644
roman_empire,GeneralSheaf,true,5,5,last,0,9,confidence,0.4117945596076995
roman_empire,GeneralSheaf,true,5,5,last,1,9,confidence,0.4497162259208344
roman_empire,GeneralSheaf,true,5,5,last,2,9,confidence,0.4101795014047093
roman_empire,GeneralSheaf,true,5,5,last,3,9,confidence,0.4551277600135081
roman_empire,GeneralSheaf,true,5,5,last,4,9,confidence,0.4109694310407335
roman_empire,GeneralSheaf,true,5,5,last,5,9,confidence,0.37182638085995984
roman_empire,GeneralSheaf,true,5,5,last,0,9,saliency,-0.3706995893569115
roman_empire,GeneralSheaf,true,5,5,last,1,9,saliency,-0.37745524900876126
roman_empire,GeneralSheaf,true,5,5,last,2,9,saliency,-0.3401648963164141
roman_empire,GeneralSheaf,true,5,5,last,3,9,saliency,-0.36722280203536656
roman_empire,GeneralSheaf,true,5,5,last,4,9,saliency,-0.3293621426292596
roman_empire,GeneralSheaf,true,5,5,last,5,9,saliency,-0.3175507932994302
roman_empire,GeneralSheaf,true,5,5,last,0,9,cohens_d_train,0.31294394
roman_empire,GeneralSheaf,true,5,5,last,1,9,cohens_d_train,0.32115766
roman_empire,GeneralSheaf,true,5,5,last,2,9,cohens_d_train,0.26600185
roman_empire,GeneralSheaf,true,5,5,last,3,9,cohens_d_train,0.3418998
roman_empire,GeneralSheaf,true,5,5,last,4,9,cohens_d_train,0.28416336
roman_empire,GeneralSheaf,true,5,5,last,5,9,cohens_d_train,0.24630575
roman_empire,GeneralSheaf,true,5,5,last,0,9,cohens_d_test,0.40884075
roman_empire,GeneralSheaf,true,5,5,last,1,9,cohens_d_test,0.4306932
roman_empire,GeneralSheaf,true,5,5,last,2,9,cohens_d_test,0.38894925
roman_empire,GeneralSheaf,true,5,5,last,3,9,cohens_d_test,0.4623463
roman_empire,GeneralSheaf,true,5,5,last,4,9,cohens_d_test,0.4119367
roman_empire,GeneralSheaf,true,5,5,last,5,9,cohens_d_test,0.39952663
