dataset,model,normalised,d,layers,checkpoint,layer,fold,observable,value
tolokers,GeneralSheaf,true,3,4,epoch-0,0,0,degree,0.07545433754802419
tolokers,GeneralSheaf,true,3,4,epoch-0,1,0,degree,0.4223718411641714
tolokers,GeneralSheaf,true,3,4,epoch-0,2,0,degree,0.768997630849889
tolokers,GeneralSheaf,true,3,4,epoch-0,3,0,degree,0.8292983544218959
tolokers,GeneralSheaf,true,3,4,epoch-0,4,0,degree,0.8270416760530126
tolokers,GeneralSheaf,true,3,4,epoch-0,0,0,betweenness,0.03554125759520931
tolokers,GeneralSheaf,true,3,4,epoch-0,1,0,betweenness,0.3415627779003427
tolokers,GeneralSheaf,true,3,4,epoch-0,2,0,betweenness,0.6249307199974579
tolokers,GeneralSheaf,true,3,4,epoch-0,3,0,betweenness,0.6564428489284548
tolokers,GeneralSheaf,true,3,4,epoch-0,4,0,betweenness,0.6708532515730976
tolokers,GeneralSheaf,true,3,4,epoch-0,0,0,confidence,-0.25376099586859097
tolokers,GeneralSheaf,true,3,4,epoch-0,1,0,confidence,0.16968195855230708
tolokers,GeneralSheaf,true,3,4,epoch-0,2,0,confidence,0.27170652227492614
tolokers,GeneralSheaf,true,3,4,epoch-0,3,0,confidence,0.2530289853041394
tolokers,GeneralSheaf,true,3,4,epoch-0,4,0,confidence,0.26075984339886904
tolokers,GeneralSheaf,true,3,4,epoch-0,0,0,saliency,0.07093871250541452
tolokers,GeneralSheaf,true,3,4,epoch-0,1,0,saliency,0.45527408403221636
tolokers,GeneralSheaf,true,3,4,epoch-0,2,0,saliency,0.7328523576786633
tolokers,GeneralSheaf,true,3,4,epoch-0,3,0,saliency,0.7376450284873387
tolokers,GeneralSheaf,true,3,4,epoch-0,4,0,saliency,0.7406223651995745
tolokers,GeneralSheaf,true,3,4,epoch-0,0,0,cohens_d_train,0.123845406
tolokers,GeneralSheaf,true,3,4,epoch-0,1,0,cohens_d_train,0.17230554
tolokers,GeneralSheaf,true,3,4,epoch-0,2,0,cohens_d_train,0.22037819
tolokers,GeneralSheaf,true,3,4,epoch-0,3,0,cohens_d_train,0.2201466
tolokers,GeneralSheaf,true,3,4,epoch-0,4,0,cohens_d_train,0.19671316
tolokers,GeneralSheaf,true,3,4,epoch-0,0,0,cohens_d_test,0.15564828
tolokers,GeneralSheaf,true,3,4,epoch-0,1,0,cohens_d_test,0.16824535
tolokers,GeneralSheaf,true,3,4,epoch-0,2,0,cohens_d_test,0.22863956
tolokers,GeneralSheaf,true,3,4,epoch-0,3,0,cohens_d_test,0.23981367
tolokers,GeneralSheaf,true,3,4,epoch-0,4,0,cohens_d_test,0.21045436
tolokers,GeneralSheaf,true,3,4,epoch-0,0,1,degree,0.06751194335544294
tolokers,GeneralSheaf,true,3,4,epoch-0,1,1,degree,0.5943742443777537
tolokers,GeneralSheaf,true,3,4,epoch-0,2,1,degree,0.6442412586313487
tolokers,GeneralSheaf,true,3,4,epoch-0,3,1,degree,0.8336453850730577
tolokers,GeneralSheaf,true,3,4,epoch-0,4,1,degree,0.8635120986740609
tolokers,GeneralSheaf,true,3,4,epoch-0,0,1,betweenness,0.046981638372166346
tolokers,GeneralSheaf,true,3,4,epoch-0,1,1,betweenness,0.4910613215653119
tolokers,GeneralSheaf,true,3,4,epoch-0,2,1,betweenness,0.5016052579174933
tolokers,GeneralSheaf,true,3,4,epoch-0,3,1,betweenness,0.6816747493614026
tolokers,GeneralSheaf,true,3,4,epoch-0,4,1,betweenness,0.701392751438821
tolokers,GeneralSheaf,true,3,4,epoch-0,0,1,confidence,0.1967439603106858
tolokers,GeneralSheaf,true,3,4,epoch-0,1,1,confidence,0.22463750739769622
tolokers,GeneralSheaf,true,3,4,epoch-0,2,1,confidence,0.15950164445294626
tolokers,GeneralSheaf,true,3,4,epoch-0,3,1,confidence,0.15359872184840487
tolokers,GeneralSheaf,true,3,4,epoch-0,4,1,confidence,0.28771264909695377
tolokers,GeneralSheaf,true,3,4,epoch-0,0,1,saliency,0.056749290135569924
tolokers,GeneralSheaf,true,3,4,epoch-0,1,1,saliency,0.5345211500732236
tolokers,GeneralSheaf,true,3,4,epoch-0,2,1,saliency,0.5807979073753347
tolokers,GeneralSheaf,true,3,4,epoch-0,3,1,saliency,0.736086946122836
tolokers,GeneralSheaf,true,3,4,epoch-0,4,1,saliency,0.7638268533151908
tolokers,GeneralSheaf,true,3,4,epoch-0,0,1,cohens_d_train,0.11919765
tolokers,GeneralSheaf,true,3,4,epoch-0,1,1,cohens_d_train,0.17488138
tolokers,GeneralSheaf,true,3,4,epoch-0,2,1,cohens_d_train,0.1286471
tolokers,GeneralSheaf,true,3,4,epoch-0,3,1,cohens_d_train,0.15658104
tolokers,GeneralSheaf,true,3,4,epoch-0,4,1,cohens_d_train,0.20957193
tolokers,GeneralSheaf,true,3,4,epoch-0,0,1,cohens_d_test,0.11293357
tolokers,GeneralSheaf,true,3,4,epoch-0,1,1,cohens_d_test,0.13920055
tolokers,GeneralSheaf,true,3,4,epoch-0,2,1,cohens_d_test,0.102737494
tolokers,GeneralSheaf,true,3,4,epoch-0,3,1,cohens_d_test,0.11062264
tolokers,GeneralSheaf,true,3,4,epoch-0,4,1,cohens_d_test,0.15345125
tolokers,GeneralSheaf,true,3,4,epoch-0,0,2,degree,-0.19628986958006295
tolokers,GeneralSheaf,true,3,4,epoch-0,1,2,degree,0.21207650978690798
tolokers,GeneralSheaf,true,3,4,epoch-0,2,2,degree,0.5185245535708383
tolokers,GeneralSheaf,true,3,4,epoch-0,3,2,degree,0.7056714430785396
tolokers,GeneralSheaf,true,3,4,epoch-0,4,2,degree,0.8164736778547814
tolokers,GeneralSheaf,true,3,4,epoch-0,0,2,betweenness,-0.2123581197643997
tolokers,GeneralSheaf,true,3,4,epoch-0,1,2,betweenness,0.08612695000024669
tolokers,GeneralSheaf,true,3,4,epoch-0,2,2,betweenness,0.3774993203000996
tolokers,GeneralSheaf,true,3,4,epoch-0,3,2,betweenness,0.5348894161765424
tolokers,GeneralSheaf,true,3,4,epoch-0,4,2,betweenness,0.6393037804981166
tolokers,GeneralSheaf,true,3,4,epoch-0,0,2,confidence,-0.17189841468375872
tolokers,GeneralSheaf,true,3,4,epoch-0,1,2,confidence,0.24551818484612484
tolokers,GeneralSheaf,true,3,4,epoch-0,2,2,confidence,0.4206345482794962
tolokers,GeneralSheaf,true,3,4,epoch-0,3,2,confidence,0.5570509216421937
tolokers,GeneralSheaf,true,3,4,epoch-0,4,2,confidence,0.5658310415313288
tolokers,GeneralSheaf,true,3,4,epoch-0,0,2,saliency,-0.11565464251558025
tolokers,GeneralSheaf,true,3,4,epoch-0,1,2,saliency,0.10636122789080615
tolokers,GeneralSheaf,true,3,4,epoch-0,2,2,saliency,0.35648377187347935
tolokers,GeneralSheaf,true,3,4,epoch-0,3,2,saliency,0.5055060959819974
tolokers,GeneralSheaf,true,3,4,epoch-0,4,2,saliency,0.5911748414732159
tolokers,GeneralSheaf,true,3,4,epoch-0,0,2,cohens_d_train,0.17263682
tolokers,GeneralSheaf,true,3,4,epoch-0,1,2,cohens_d_train,0.2781344
tolokers,GeneralSheaf,true,3,4,epoch-0,2,2,cohens_d_train,0.06009904
tolokers,GeneralSheaf,true,3,4,epoch-0,3,2,cohens_d_train,0.0011900773
tolokers,GeneralSheaf,true,3,4,epoch-0,4,2,cohens_d_train,0.07455855
tolokers,GeneralSheaf,true,3,4,epoch-0,0,2,cohens_d_test,0.20276839
tolokers,GeneralSheaf,true,3,4,epoch-0,1,2,cohens_d_test,0.23884727
tolokers,GeneralSheaf,true,3,4,epoch-0,2,2,cohens_d_test,0.013423767
tolokers,GeneralSheaf,true,3,4,epoch-0,3,2,cohens_d_test,0.029461104
tolokers,GeneralSheaf,true,3,4,epoch-0,4,2,cohens_d_test,0.07687645
tolokers,GeneralSheaf,true,3,4,epoch-0,0,3,degree,-0.32805267428297213
tolokers,GeneralSheaf,true,3,4,epoch-0,1,3,degree,0.16682301300405283
tolokers,GeneralSheaf,true,3,4,epoch-0,2,3,degree,0.4571939537012908
tolokers,GeneralSheaf,true,3,4,epoch-0,3,3,degree,0.7394491528384848
tolokers,GeneralSheaf,true,3,4,epoch-0,4,3,degree,0.6405744037170668
tolokers,GeneralSheaf,true,3,4,epoch-0,0,3,betweenness,-0.34445478619306397
tolokers,GeneralSheaf,true,3,4,epoch-0,1,3,betweenness,0.08683077555859935
tolokers,GeneralSheaf,true,3,4,epoch-0,2,3,betweenness,0.3006539079759264
tolokers,GeneralSheaf,true,3,4,epoch-0,3,3,betweenness,0.5807120620841361
tolokers,GeneralSheaf,true,3,4,epoch-0,4,3,betweenness,0.47070538880057067
tolokers,GeneralSheaf,true,3,4,epoch-0,0,3,confidence,-0.08960377100330764
tolokers,GeneralSheaf,true,3,4,epoch-0,1,3,confidence,0.24921990398834018
tolokers,GeneralSheaf,true,3,4,epoch-0,2,3,confidence,0.3222153180224492
tolokers,GeneralSheaf,true,3,4,epoch-0,3,3,confidence,0.3537326551912641
tolokers,GeneralSheaf,true,3,4,epoch-0,4,3,confidence,0.37889489770940166
tolokers,GeneralSheaf,true,3,4,epoch-0,0,3,saliency,-0.2057298411469235
tolokers,GeneralSheaf,true,3,4,epoch-0,1,3,saliency,0.21551214661745627
tolokers,GeneralSheaf,true,3,4,epoch-0,2,3,saliency,0.4310509923939634
tolokers,GeneralSheaf,true,3,4,epoch-0,3,3,saliency,0.6496065562609534
tolokers,GeneralSheaf,true,3,4,epoch-0,4,3,saliency,0.5910950081238355
tolokers,GeneralSheaf,true,3,4,epoch-0,0,3,cohens_d_train,0.40033278
tolokers,GeneralSheaf,true,3,4,epoch-0,1,3,cohens_d_train,0.23844709
tolokers,GeneralSheaf,true,3,4,epoch-0,2,3,cohens_d_train,0.015580534
tolokers,GeneralSheaf,true,3,4,epoch-0,3,3,cohens_d_train,0.05694484
tolokers,GeneralSheaf,true,3,4,epoch-0,4,3,cohens_d_train,0.018866418
tolokers,GeneralSheaf,true,3,4,epoch-0,0,3,cohens_d_test,0.30631256
tolokers,GeneralSheaf,true,3,4,epoch-0,1,3,cohens_d_test,0.20689727
tolokers,GeneralSheaf,true,3,4,epoch-0,2,3,cohens_d_test,0.009494174
tolokers,GeneralSheaf,true,3,4,epoch-0,3,3,cohens_d_test,0.0059030033
tolokers,GeneralSheaf,true,3,4,epoch-0,4,3,cohens_d_test,0.03128615
tolokers,GeneralSheaf,true,3,4,epoch-0,0,4,degree,-0.08430773571192324
tolokers,GeneralSheaf,true,3,4,epoch-0,1,4,degree,0.37004664726854347
tolokers,GeneralSheaf,true,3,4,epoch-0,2,4,degree,0.7176060274615035
tolokers,GeneralSheaf,true,3,4,epoch-0,3,4,degree,0.7783690593546806
tolokers,GeneralSheaf,true,3,4,epoch-0,4,4,degree,0.7612760106808016
tolokers,GeneralSheaf,true,3,4,epoch-0,0,4,betweenness,-0.10443430280829892
tolokers,GeneralSheaf,true,3,4,epoch-0,1,4,betweenness,0.28290533967417486
tolokers,GeneralSheaf,true,3,4,epoch-0,2,4,betweenness,0.5543316422399207
tolokers,GeneralSheaf,true,3,4,epoch-0,3,4,betweenness,0.6113784677872911
tolokers,GeneralSheaf,true,3,4,epoch-0,4,4,betweenness,0.5932705852835259
tolokers,GeneralSheaf,true,3,4,epoch-0,0,4,confidence,0.05075780426257307
tolokers,GeneralSheaf,true,3,4,epoch-0,1,4,confidence,0.09382234714149458
tolokers,GeneralSheaf,true,3,4,epoch-0,2,4,confidence,0.10258302513443256
tolokers,GeneralSheaf,true,3,4,epoch-0,3,4,confidence,0.08885489265151127
tolokers,GeneralSheaf,true,3,4,epoch-0,4,4,confidence,0.11550491404017192
tolokers,GeneralSheaf,true,3,4,epoch-0,0,4,saliency,-0.11589717843836989
tolokers,GeneralSheaf,true,3,4,epoch-0,1,4,saliency,0.3523774242263809
tolokers,GeneralSheaf,true,3,4,epoch-0,2,4,saliency,0.638622568305876
tolokers,GeneralSheaf,true,3,4,epoch-0,3,4,saliency,0.7004397983365409
tolokers,GeneralSheaf,true,3,4,epoch-0,4,4,saliency,0.6850733140062009
tolokers,GeneralSheaf,true,3,4,epoch-0,0,4,cohens_d_train,0.00311833
tolokers,GeneralSheaf,true,3,4,epoch-0,1,4,cohens_d_train,0.124422476
tolokers,GeneralSheaf,true,3,4,epoch-0,2,4,cohens_d_train,0.15160128
tolokers,GeneralSheaf,true,3,4,epoch-0,3,4,cohens_d_train,0.20618355
tolokers,GeneralSheaf,true,3,4,epoch-0,4,4,cohens_d_train,0.20735902
tolokers,GeneralSheaf,true,3,4,epoch-0,0,4,cohens_d_test,0.018345527
tolokers,GeneralSheaf,true,3,4,epoch-0,1,4,cohens_d_test,0.23144892
tolokers,GeneralSheaf,true,3,4,epoch-0,2,4,cohens_d_test,0.20999758
tolokers,GeneralSheaf,true,3,4,epoch-0,3,4,cohens_d_test,0.25640017
tolokers,GeneralSheaf,true,3,4,epoch-0,4,4,cohens_d_test,0.24372467
tolokers,GeneralSheaf,true,3,4,epoch-0,0,5,degree,-0.007013678004090853
tolokers,GeneralSheaf,true,3,4,epoch-0,1,5,degree,0.22719144293009746
tolokers,GeneralSheaf,true,3,4,epoch-0,2,5,degree,0.6392857521840197
tolokers,GeneralSheaf,true,3,4,epoch-0,3,5,degree,0.8160501222804482
tolokers,GeneralSheaf,true,3,4,epoch-0,4,5,degree,0.8638531371139988
tolokers,GeneralSheaf,true,3,4,epoch-0,0,5,betweenness,0.013871829790806872
tolokers,GeneralSheaf,true,3,4,epoch-0,1,5,betweenness,0.1801389765267199
tolokers,GeneralSheaf,true,3,4,epoch-0,2,5,betweenness,0.5347734811728366
tolokers,GeneralSheaf,true,3,4,epoch-0,3,5,betweenness,0.6715406225773547
tolokers,GeneralSheaf,true,3,4,epoch-0,4,5,betweenness,0.7033806159727485
tolokers,GeneralSheaf,true,3,4,epoch-0,0,5,confidence,0.22745959445902486
tolokers,GeneralSheaf,true,3,4,epoch-0,1,5,confidence,0.200498914291631
tolokers,GeneralSheaf,true,3,4,epoch-0,2,5,confidence,0.37048292210840506
tolokers,GeneralSheaf,true,3,4,epoch-0,3,5,confidence,0.28758876343235745
tolokers,GeneralSheaf,true,3,4,epoch-0,4,5,confidence,0.23522980613417016
tolokers,GeneralSheaf,true,3,4,epoch-0,0,5,saliency,0.07420017898233348
tolokers,GeneralSheaf,true,3,4,epoch-0,1,5,saliency,0.28995208001880685
tolokers,GeneralSheaf,true,3,4,epoch-0,2,5,saliency,0.5918863871543997
tolokers,GeneralSheaf,true,3,4,epoch-0,3,5,saliency,0.6951111917426568
tolokers,GeneralSheaf,true,3,4,epoch-0,4,5,saliency,0.7172390240214288
tolokers,GeneralSheaf,true,3,4,epoch-0,0,5,cohens_d_train,0.4827184
tolokers,GeneralSheaf,true,3,4,epoch-0,1,5,cohens_d_train,0.3977357
tolokers,GeneralSheaf,true,3,4,epoch-0,2,5,cohens_d_train,0.19012803
tolokers,GeneralSheaf,true,3,4,epoch-0,3,5,cohens_d_train,0.07476684
tolokers,GeneralSheaf,true,3,4,epoch-0,4,5,cohens_d_train,0.02375586
tolokers,GeneralSheaf,true,3,4,epoch-0,0,5,cohens_d_test,0.5210559
tolokers,GeneralSheaf,true,3,4,epoch-0,1,5,cohens_d_test,0.38678977
tolokers,GeneralSheaf,true,3,4,epoch-0,2,5,cohens_d_test,0.19353612
tolokers,GeneralSheaf,true,3,4,epoch-0,3,5,cohens_d_test,0.06691514
tolokers,GeneralSheaf,true,3,4,epoch-0,4,5,cohens_d_test,0.012151455
tolokers,GeneralSheaf,true,3,4,epoch-0,0,6,degree,0.019405537498698736
tolokers,GeneralSheaf,true,3,4,epoch-0,1,6,degree,0.3252538752578462
tolokers,GeneralSheaf,true,3,4,epoch-0,2,6,degree,0.5656090860839216
tolokers,GeneralSheaf,true,3,4,epoch-0,3,6,degree,0.6783469218079852
tolokers,GeneralSheaf,true,3,4,epoch-0,4,6,degree,0.5720241295054839
tolokers,GeneralSheaf,true,3,4,epoch-0,0,6,betweenness,-0.012350652672722773
tolokers,GeneralSheaf,true,3,4,epoch-0,1,6,betweenness,0.1755610171983506
tolokers,GeneralSheaf,true,3,4,epoch-0,2,6,betweenness,0.38828149109072224
tolokers,GeneralSheaf,true,3,4,epoch-0,3,6,betweenness,0.5087659205203511
tolokers,GeneralSheaf,true,3,4,epoch-0,4,6,betweenness,0.40912757313992504
tolokers,GeneralSheaf,true,3,4,epoch-0,0,6,confidence,0.3423096604623271
tolokers,GeneralSheaf,true,3,4,epoch-0,1,6,confidence,0.6859197571165175
tolokers,GeneralSheaf,true,3,4,epoch-0,2,6,confidence,0.6078912879528964
tolokers,GeneralSheaf,true,3,4,epoch-0,3,6,confidence,0.5308243092519296
tolokers,GeneralSheaf,true,3,4,epoch-0,4,6,confidence,0.5356495388045766
tolokers,GeneralSheaf,true,3,4,epoch-0,0,6,saliency,0.04315159421587331
tolokers,GeneralSheaf,true,3,4,epoch-0,1,6,saliency,0.4411300470941024
tolokers,GeneralSheaf,true,3,4,epoch-0,2,6,saliency,0.6241401213270289
tolokers,GeneralSheaf,true,3,4,epoch-0,3,6,saliency,0.7124030636261515
tolokers,GeneralSheaf,true,3,4,epoch-0,4,6,saliency,0.6528201912013922
tolokers,GeneralSheaf,true,3,4,epoch-0,0,6,cohens_d_train,0.11224854
tolokers,GeneralSheaf,true,3,4,epoch-0,1,6,cohens_d_train,0.12916525
tolokers,GeneralSheaf,true,3,4,epoch-0,2,6,cohens_d_train,0.08468939
tolokers,GeneralSheaf,true,3,4,epoch-0,3,6,cohens_d_train,0.17421201
tolokers,GeneralSheaf,true,3,4,epoch-0,4,6,cohens_d_train,0.15407492
tolokers,GeneralSheaf,true,3,4,epoch-0,0,6,cohens_d_test,0.029803604
tolokers,GeneralSheaf,true,3,4,epoch-0,1,6,cohens_d_test,0.076548934
tolokers,GeneralSheaf,true,3,4,epoch-0,2,6,cohens_d_test,0.10546448
tolokers,GeneralSheaf,true,3,4,epoch-0,3,6,cohens_d_test,0.16085126
tolokers,GeneralSheaf,true,3,4,epoch-0,4,6,cohens_d_test,0.1322823
tolokers,GeneralSheaf,true,3,4,epoch-0,0,7,degree,-0.38508349166902517
tolokers,GeneralSheaf,true,3,4,epoch-0,1,7,degree,0.14220476225097334
tolokers,GeneralSheaf,true,3,4,epoch-0,2,7,degree,0.6710410781304978
tolokers,GeneralSheaf,true,3,4,epoch-0,3,7,degree,0.7425306164027936
tolokers,GeneralSheaf,true,3,4,epoch-0,4,7,degree,0.7568017202506783
tolokers,GeneralSheaf,true,3,4,epoch-0,0,7,betweenness,-0.38621579095510655
tolokers,GeneralSheaf,true,3,4,epoch-0,1,7,betweenness,0.033332273141563964
tolokers,GeneralSheaf,true,3,4,epoch-0,2,7,betweenness,0.4750262408277997
tolokers,GeneralSheaf,true,3,4,epoch-0,3,7,betweenness,0.5519129775374391
tolokers,GeneralSheaf,true,3,4,epoch-0,4,7,betweenness,0.5642045639623218
tolokers,GeneralSheaf,true,3,4,epoch-0,0,7,confidence,-0.12679789647558085
tolokers,GeneralSheaf,true,3,4,epoch-0,1,7,confidence,-0.22650059789329366
tolokers,GeneralSheaf,true,3,4,epoch-0,2,7,confidence,-0.07543129735672544
tolokers,GeneralSheaf,true,3,4,epoch-0,3,7,confidence,-0.04453223147966591
tolokers,GeneralSheaf,true,3,4,epoch-0,4,7,confidence,0.012486127187188127
tolokers,GeneralSheaf,true,3,4,epoch-0,0,7,saliency,-0.2960227312199942
tolokers,GeneralSheaf,true,3,4,epoch-0,1,7,saliency,0.22669791904068243
tolokers,GeneralSheaf,true,3,4,epoch-0,2,7,saliency,0.6538460149304125
tolokers,GeneralSheaf,true,3,4,epoch-0,3,7,saliency,0.7068245548517248
tolokers,GeneralSheaf,true,3,4,epoch-0,4,7,saliency,0.7125199562839415
tolokers,GeneralSheaf,true,3,4,epoch-0,0,7,cohens_d_train,0.06705214
tolokers,GeneralSheaf,true,3,4,epoch-0,1,7,cohens_d_train,0.16212444
tolokers,GeneralSheaf,true,3,4,epoch-0,2,7,cohens_d_train,0.22587891
tolokers,GeneralSheaf,true,3,4,epoch-0,3,7,cohens_d_train,0.24099605
tolokers,GeneralSheaf,true,3,4,epoch-0,4,7,cohens_d_train,0.2040577
tolokers,GeneralSheaf,true,3,4,epoch-0,0,7,cohens_d_test,0.058397155
tolokers,GeneralSheaf,true,3,4,epoch-0,1,7,cohens_d_test,0.1394142
tolokers,GeneralSheaf,true,3,4,epoch-0,2,7,cohens_d_test,0.180911
tolokers,GeneralSheaf,true,3,4,epoch-0,3,7,cohens_d_test,0.19363192
tolokers,GeneralSheaf,true,3,4,epoch-0,4,7,cohens_d_test,0.17086022
tolokers,GeneralSheaf,true,3,4,epoch-0,0,8,degree,-0.17840821542536603
tolokers,GeneralSheaf,true,3,4,epoch-0,1,8,degree,0.37322215069528053
tolokers,GeneralSheaf,true,3,4,epoch-0,2,8,degree,0.5115719788966533
tolokers,GeneralSheaf,true,3,4,epoch-0,3,8,degree,0.5624453697362796
tolokers,GeneralSheaf,true,3,4,epoch-0,4,8,degree,0.547724392467016
tolokers,GeneralSheaf,true,3,4,epoch-0,0,8,betweenness,-0.17057020694482622
tolokers,GeneralSheaf,true,3,4,epoch-0,1,8,betweenness,0.2838071754900084
tolokers,GeneralSheaf,true,3,4,epoch-0,2,8,betweenness,0.35500249400757594
tolokers,GeneralSheaf,true,3,4,epoch-0,3,8,betweenness,0.4082083271827927
tolokers,GeneralSheaf,true,3,4,epoch-0,4,8,betweenness,0.4154519151508103
tolokers,GeneralSheaf,true,3,4,epoch-0,0,8,confidence,-0.4737741284376847
tolokers,GeneralSheaf,true,3,4,epoch-0,1,8,confidence,-0.3294927383476392
tolokers,GeneralSheaf,true,3,4,epoch-0,2,8,confidence,-0.2587439958572309
tolokers,GeneralSheaf,true,3,4,epoch-0,3,8,confidence,-0.2896923060814939
tolokers,GeneralSheaf,true,3,4,epoch-0,4,8,confidence,-0.358123161763505
tolokers,GeneralSheaf,true,3,4,epoch-0,0,8,saliency,-0.21412164086218788
tolokers,GeneralSheaf,true,3,4,epoch-0,1,8,saliency,0.3154884973666229
tolokers,GeneralSheaf,true,3,4,epoch-0,2,8,saliency,0.4494997830742865
tolokers,GeneralSheaf,true,3,4,epoch-0,3,8,saliency,0.4912662015963271
tolokers,GeneralSheaf,true,3,4,epoch-0,4,8,saliency,0.47176569760474923
tolokers,GeneralSheaf,true,3,4,epoch-0,0,8,cohens_d_train,0.48415005
tolokers,GeneralSheaf,true,3,4,epoch-0,1,8,cohens_d_train,0.6007705
tolokers,GeneralSheaf,true,3,4,epoch-0,2,8,cohens_d_train,0.45832664
tolokers,GeneralSheaf,true,3,4,epoch-0,3,8,cohens_d_train,0.43909892
tolokers,GeneralSheaf,true,3,4,epoch-0,4,8,cohens_d_train,0.48795643
tolokers,GeneralSheaf,true,3,4,epoch-0,0,8,cohens_d_test,0.50192106
tolokers,GeneralSheaf,true,3,4,epoch-0,1,8,cohens_d_test,0.5812108
tolokers,GeneralSheaf,true,3,4,epoch-0,2,8,cohens_d_test,0.42893523
tolokers,GeneralSheaf,true,3,4,epoch-0,3,8,cohens_d_test,0.40434897
tolokers,GeneralSheaf,true,3,4,epoch-0,4,8,cohens_d_test,0.46639684
tolokers,GeneralSheaf,true,3,4,epoch-0,0,9,degree,-0.305665879843982
tolokers,GeneralSheaf,true,3,4,epoch-0,1,9,degree,-0.0033222797334541564
tolokers,GeneralSheaf,true,3,4,epoch-0,2,9,degree,0.6349566682806513
tolokers,GeneralSheaf,true,3,4,epoch-0,3,9,degree,0.7620245609691289
tolokers,GeneralSheaf,true,3,4,epoch-0,4,9,degree,0.778150585833582
tolokers,GeneralSheaf,true,3,4,epoch-0,0,9,betweenness,-0.33902917859911463
tolokers,GeneralSheaf,true,3,4,epoch-0,1,9,betweenness,-0.13691374185667368
tolokers,GeneralSheaf,true,3,4,epoch-0,2,9,betweenness,0.4518960953248986
tolokers,GeneralSheaf,true,3,4,epoch-0,3,9,betweenness,0.5799424218898372
tolokers,GeneralSheaf,true,3,4,epoch-0,4,9,betweenness,0.5974734205154324
tolokers,GeneralSheaf,true,3,4,epoch-0,0,9,confidence,0.23581976173697902
tolokers,GeneralSheaf,true,3,4,epoch-0,1,9,confidence,0.4098761562713213
tolokers,GeneralSheaf,true,3,4,epoch-0,2,9,confidence,0.26218905411750704
tolokers,GeneralSheaf,true,3,4,epoch-0,3,9,confidence,0.23979643405495696
tolokers,GeneralSheaf,true,3,4,epoch-0,4,9,confidence,0.3222912202524132
tolokers,GeneralSheaf,true,3,4,epoch-0,0,9,saliency,-0.3869007097162887
tolokers,GeneralSheaf,true,3,4,epoch-0,1,9,saliency,-0.035819185549698235
tolokers,GeneralSheaf,true,3,4,epoch-0,2,9,saliency,0.48386437297306734
tolokers,GeneralSheaf,true,3,4,epoch-0,3,9,saliency,0.5685487010074498
tolokers,GeneralSheaf,true,3,4,epoch-0,4,9,saliency,0.5397333570917758
tolokers,GeneralSheaf,true,3,4,epoch-0,0,9,cohens_d_train,0.4419682
tolokers,GeneralSheaf,true,3,4,epoch-0,1,9,cohens_d_train,0.21591046
tolokers,GeneralSheaf,true,3,4,epoch-0,2,9,cohens_d_train,0.22925891
tolokers,GeneralSheaf,true,3,4,epoch-0,3,9,cohens_d_train,0.24761178
tolokers,GeneralSheaf,true,3,4,epoch-0,4,9,cohens_d_train,0.23175888
tolokers,GeneralSheaf,true,3,4,epoch-0,0,9,cohens_d_test,0.38196757
tolokers,GeneralSheaf,true,3,4,epoch-0,1,9,cohens_d_test,0.22721861
tolokers,GeneralSheaf,true,3,4,epoch-0,2,9,cohens_d_test,0.20615768
tolokers,GeneralSheaf,true,3,4,epoch-0,3,9,cohens_d_test,0.2383687
tolokers,GeneralSheaf,true,3,4,epoch-0,4,9,cohens_d_test,0.22102787
tolokers,GeneralSheaf,true,3,4,epoch-1,0,0,degree,0.08531162862115661
tolokers,GeneralSheaf,true,3,4,epoch-1,1,0,degree,0.4733811188536051
tolokers,GeneralSheaf,true,3,4,epoch-1,2,0,degree,0.7787360569842002
tolokers,GeneralSheaf,true,3,4,epoch-1,3,0,degree,0.8070279609359727
tolokers,GeneralSheaf,true,3,4,epoch-1,4,0,degree,0.804286708588208
tolokers,GeneralSheaf,true,3,4,epoch-1,0,0,betweenness,0.04839586860471109
tolokers,GeneralSheaf,true,3,4,epoch-1,1,0,betweenness,0.39828924476593963
tolokers,GeneralSheaf,true,3,4,epoch-1,2,0,betweenness,0.645323657963235
tolokers,GeneralSheaf,true,3,4,epoch-1,3,0,betweenness,0.6601379157201875
tolokers,GeneralSheaf,true,3,4,epoch-1,4,0,betweenness,0.6564071350407319
tolokers,GeneralSheaf,true,3,4,epoch-1,0,0,confidence,0.24025685761837284
tolokers,GeneralSheaf,true,3,4,epoch-1,1,0,confidence,0.5450959043165676
tolokers,GeneralSheaf,true,3,4,epoch-1,2,0,confidence,0.814016008853896
tolokers,GeneralSheaf,true,3,4,epoch-1,3,0,confidence,0.8310492080768355
tolokers,GeneralSheaf,true,3,4,epoch-1,4,0,confidence,0.846405088337496
tolokers,GeneralSheaf,true,3,4,epoch-1,0,0,saliency,0.16863986872450143
tolokers,GeneralSheaf,true,3,4,epoch-1,1,0,saliency,0.48107588032889703
tolokers,GeneralSheaf,true,3,4,epoch-1,2,0,saliency,0.6725413014000549
tolokers,GeneralSheaf,true,3,4,epoch-1,3,0,saliency,0.6920519239094952
tolokers,GeneralSheaf,true,3,4,epoch-1,4,0,saliency,0.6849252025433508
tolokers,GeneralSheaf,true,3,4,epoch-1,0,0,cohens_d_train,0.13222182
tolokers,GeneralSheaf,true,3,4,epoch-1,1,0,cohens_d_train,0.022053625
tolokers,GeneralSheaf,true,3,4,epoch-1,2,0,cohens_d_train,0.053730495
tolokers,GeneralSheaf,true,3,4,epoch-1,3,0,cohens_d_train,0.097559705
tolokers,GeneralSheaf,true,3,4,epoch-1,4,0,cohens_d_train,0.03982741
tolokers,GeneralSheaf,true,3,4,epoch-1,0,0,cohens_d_test,0.1590501
tolokers,GeneralSheaf,true,3,4,epoch-1,1,0,cohens_d_test,0.0116488375
tolokers,GeneralSheaf,true,3,4,epoch-1,2,0,cohens_d_test,0.012289044
tolokers,GeneralSheaf,true,3,4,epoch-1,3,0,cohens_d_test,0.06498884
tolokers,GeneralSheaf,true,3,4,epoch-1,4,0,cohens_d_test,0.011647763
tolokers,GeneralSheaf,true,3,4,epoch-1,0,1,degree,0.08308372602996482
tolokers,GeneralSheaf,true,3,4,epoch-1,1,1,degree,0.2831057256437143
tolokers,GeneralSheaf,true,3,4,epoch-1,2,1,degree,0.4741795141034407
tolokers,GeneralSheaf,true,3,4,epoch-1,3,1,degree,0.7391786237519495
tolokers,GeneralSheaf,true,3,4,epoch-1,4,1,degree,0.8301980036076635
tolokers,GeneralSheaf,true,3,4,epoch-1,0,1,betweenness,0.06476362333238452
tolokers,GeneralSheaf,true,3,4,epoch-1,1,1,betweenness,0.20845617964767238
tolokers,GeneralSheaf,true,3,4,epoch-1,2,1,betweenness,0.35521150994135725
tolokers,GeneralSheaf,true,3,4,epoch-1,3,1,betweenness,0.5936307307146675
tolokers,GeneralSheaf,true,3,4,epoch-1,4,1,betweenness,0.6680770984080265
tolokers,GeneralSheaf,true,3,4,epoch-1,0,1,confidence,-0.07319156358907944
tolokers,GeneralSheaf,true,3,4,epoch-1,1,1,confidence,-0.04557942845517141
tolokers,GeneralSheaf,true,3,4,epoch-1,2,1,confidence,0.14216833211093038
tolokers,GeneralSheaf,true,3,4,epoch-1,3,1,confidence,0.2902439256299472
tolokers,GeneralSheaf,true,3,4,epoch-1,4,1,confidence,0.3275700360131282
tolokers,GeneralSheaf,true,3,4,epoch-1,0,1,saliency,-0.04882316382007261
tolokers,GeneralSheaf,true,3,4,epoch-1,1,1,saliency,0.26952299167638427
tolokers,GeneralSheaf,true,3,4,epoch-1,2,1,saliency,0.25066207991711664
tolokers,GeneralSheaf,true,3,4,epoch-1,3,1,saliency,0.43604281193379696
tolokers,GeneralSheaf,true,3,4,epoch-1,4,1,saliency,0.5430882379606011
tolokers,GeneralSheaf,true,3,4,epoch-1,0,1,cohens_d_train,0.104873344
tolokers,GeneralSheaf,true,3,4,epoch-1,1,1,cohens_d_train,0.13847415
tolokers,GeneralSheaf,true,3,4,epoch-1,2,1,cohens_d_train,0.34681448
tolokers,GeneralSheaf,true,3,4,epoch-1,3,1,cohens_d_train,0.37972108
tolokers,GeneralSheaf,true,3,4,epoch-1,4,1,cohens_d_train,0.33590978
tolokers,GeneralSheaf,true,3,4,epoch-1,0,1,cohens_d_test,0.12606445
tolokers,GeneralSheaf,true,3,4,epoch-1,1,1,cohens_d_test,0.114637636
tolokers,GeneralSheaf,true,3,4,epoch-1,2,1,cohens_d_test,0.328871
tolokers,GeneralSheaf,true,3,4,epoch-1,3,1,cohens_d_test,0.37138283
tolokers,GeneralSheaf,true,3,4,epoch-1,4,1,cohens_d_test,0.3385672
tolokers,GeneralSheaf,true,3,4,epoch-1,0,2,degree,-0.19676973438677253
tolokers,GeneralSheaf,true,3,4,epoch-1,1,2,degree,0.49948768641855096
tolokers,GeneralSheaf,true,3,4,epoch-1,2,2,degree,0.6395621534573878
tolokers,GeneralSheaf,true,3,4,epoch-1,3,2,degree,0.7657565245950321
tolokers,GeneralSheaf,true,3,4,epoch-1,4,2,degree,0.7929479345067217
tolokers,GeneralSheaf,true,3,4,epoch-1,0,2,betweenness,-0.21201451365829202
tolokers,GeneralSheaf,true,3,4,epoch-1,1,2,betweenness,0.36186456126806843
tolokers,GeneralSheaf,true,3,4,epoch-1,2,2,betweenness,0.4920651782050784
tolokers,GeneralSheaf,true,3,4,epoch-1,3,2,betweenness,0.5987168958475668
tolokers,GeneralSheaf,true,3,4,epoch-1,4,2,betweenness,0.6152738011823067
tolokers,GeneralSheaf,true,3,4,epoch-1,0,2,confidence,-0.06901447457533577
tolokers,GeneralSheaf,true,3,4,epoch-1,1,2,confidence,0.6505775782277841
tolokers,GeneralSheaf,true,3,4,epoch-1,2,2,confidence,0.5727455196004256
tolokers,GeneralSheaf,true,3,4,epoch-1,3,2,confidence,0.7363850471766101
tolokers,GeneralSheaf,true,3,4,epoch-1,4,2,confidence,0.7908675625103762
tolokers,GeneralSheaf,true,3,4,epoch-1,0,2,saliency,-0.11334899427144303
tolokers,GeneralSheaf,true,3,4,epoch-1,1,2,saliency,0.015034746901142796
tolokers,GeneralSheaf,true,3,4,epoch-1,2,2,saliency,0.21169849986077058
tolokers,GeneralSheaf,true,3,4,epoch-1,3,2,saliency,0.22495578179212686
tolokers,GeneralSheaf,true,3,4,epoch-1,4,2,saliency,0.22136571658773677
tolokers,GeneralSheaf,true,3,4,epoch-1,0,2,cohens_d_train,0.03286788
tolokers,GeneralSheaf,true,3,4,epoch-1,1,2,cohens_d_train,0.19665316
tolokers,GeneralSheaf,true,3,4,epoch-1,2,2,cohens_d_train,0.016354734
tolokers,GeneralSheaf,true,3,4,epoch-1,3,2,cohens_d_train,0.0035181784
tolokers,GeneralSheaf,true,3,4,epoch-1,4,2,cohens_d_train,0.0041880556
tolokers,GeneralSheaf,true,3,4,epoch-1,0,2,cohens_d_test,0.07054167
tolokers,GeneralSheaf,true,3,4,epoch-1,1,2,cohens_d_test,0.23008877
tolokers,GeneralSheaf,true,3,4,epoch-1,2,2,cohens_d_test,0.023504093
tolokers,GeneralSheaf,true,3,4,epoch-1,3,2,cohens_d_test,0.038888108
tolokers,GeneralSheaf,true,3,4,epoch-1,4,2,cohens_d_test,0.027713362
tolokers,GeneralSheaf,true,3,4,epoch-1,0,3,degree,-0.3199685282363641
tolokers,GeneralSheaf,true,3,4,epoch-1,1,3,degree,0.07565655011556117
tolokers,GeneralSheaf,true,3,4,epoch-1,2,3,degree,0.5121761248351507
tolokers,GeneralSheaf,true,3,4,epoch-1,3,3,degree,0.7345491188536524
tolokers,GeneralSheaf,true,3,4,epoch-1,4,3,degree,0.7024586450747137
tolokers,GeneralSheaf,true,3,4,epoch-1,0,3,betweenness,-0.33883254251049155
tolokers,GeneralSheaf,true,3,4,epoch-1,1,3,betweenness,-0.017175754546144457
tolokers,GeneralSheaf,true,3,4,epoch-1,2,3,betweenness,0.34388210597440166
tolokers,GeneralSheaf,true,3,4,epoch-1,3,3,betweenness,0.5694589492074318
tolokers,GeneralSheaf,true,3,4,epoch-1,4,3,betweenness,0.533590895945124
tolokers,GeneralSheaf,true,3,4,epoch-1,0,3,confidence,0.3358481024600429
tolokers,GeneralSheaf,true,3,4,epoch-1,1,3,confidence,0.50943224149504
tolokers,GeneralSheaf,true,3,4,epoch-1,2,3,confidence,0.4948687497915893
tolokers,GeneralSheaf,true,3,4,epoch-1,3,3,confidence,0.472484521015525
tolokers,GeneralSheaf,true,3,4,epoch-1,4,3,confidence,0.6161192910131327
tolokers,GeneralSheaf,true,3,4,epoch-1,0,3,saliency,-0.37051763222498973
tolokers,GeneralSheaf,true,3,4,epoch-1,1,3,saliency,-0.1263199636045359
tolokers,GeneralSheaf,true,3,4,epoch-1,2,3,saliency,0.21277726807924766
tolokers,GeneralSheaf,true,3,4,epoch-1,3,3,saliency,0.39353948254786697
tolokers,GeneralSheaf,true,3,4,epoch-1,4,3,saliency,0.28481662366357446
tolokers,GeneralSheaf,true,3,4,epoch-1,0,3,cohens_d_train,0.39009836
tolokers,GeneralSheaf,true,3,4,epoch-1,1,3,cohens_d_train,0.11105008
tolokers,GeneralSheaf,true,3,4,epoch-1,2,3,cohens_d_train,0.145354
tolokers,GeneralSheaf,true,3,4,epoch-1,3,3,cohens_d_train,0.18756922
tolokers,GeneralSheaf,true,3,4,epoch-1,4,3,cohens_d_train,0.1252479
tolokers,GeneralSheaf,true,3,4,epoch-1,0,3,cohens_d_test,0.39905468
tolokers,GeneralSheaf,true,3,4,epoch-1,1,3,cohens_d_test,0.08354793
tolokers,GeneralSheaf,true,3,4,epoch-1,2,3,cohens_d_test,0.15708499
tolokers,GeneralSheaf,true,3,4,epoch-1,3,3,cohens_d_test,0.196514
tolokers,GeneralSheaf,true,3,4,epoch-1,4,3,cohens_d_test,0.12852994
tolokers,GeneralSheaf,true,3,4,epoch-1,0,4,degree,-0.12498133233369303
tolokers,GeneralSheaf,true,3,4,epoch-1,1,4,degree,0.4802335462850279
tolokers,GeneralSheaf,true,3,4,epoch-1,2,4,degree,0.6872469804965651
tolokers,GeneralSheaf,true,3,4,epoch-1,3,4,degree,0.734940472363702
tolokers,GeneralSheaf,true,3,4,epoch-1,4,4,degree,0.6464562849097775
tolokers,GeneralSheaf,true,3,4,epoch-1,0,4,betweenness,-0.14733234692908992
tolokers,GeneralSheaf,true,3,4,epoch-1,1,4,betweenness,0.404632123724907
tolokers,GeneralSheaf,true,3,4,epoch-1,2,4,betweenness,0.5254463121876592
tolokers,GeneralSheaf,true,3,4,epoch-1,3,4,betweenness,0.5705765246194124
tolokers,GeneralSheaf,true,3,4,epoch-1,4,4,betweenness,0.48039599410709216
tolokers,GeneralSheaf,true,3,4,epoch-1,0,4,confidence,-0.09531794026150912
tolokers,GeneralSheaf,true,3,4,epoch-1,1,4,confidence,0.33225903816457936
tolokers,GeneralSheaf,true,3,4,epoch-1,2,4,confidence,0.755887910102995
tolokers,GeneralSheaf,true,3,4,epoch-1,3,4,confidence,0.7859582300206727
tolokers,GeneralSheaf,true,3,4,epoch-1,4,4,confidence,0.830072928782232
tolokers,GeneralSheaf,true,3,4,epoch-1,0,4,saliency,-0.08871790965846629
tolokers,GeneralSheaf,true,3,4,epoch-1,1,4,saliency,0.3894401814552274
tolokers,GeneralSheaf,true,3,4,epoch-1,2,4,saliency,0.40147023030313556
tolokers,GeneralSheaf,true,3,4,epoch-1,3,4,saliency,0.4034652011341294
tolokers,GeneralSheaf,true,3,4,epoch-1,4,4,saliency,0.3076120949805301
tolokers,GeneralSheaf,true,3,4,epoch-1,0,4,cohens_d_train,0.079483494
tolokers,GeneralSheaf,true,3,4,epoch-1,1,4,cohens_d_train,0.25771958
tolokers,GeneralSheaf,true,3,4,epoch-1,2,4,cohens_d_train,0.09732167
tolokers,GeneralSheaf,true,3,4,epoch-1,3,4,cohens_d_train,0.08694302
tolokers,GeneralSheaf,true,3,4,epoch-1,4,4,cohens_d_train,0.00656411
tolokers,GeneralSheaf,true,3,4,epoch-1,0,4,cohens_d_test,0.0028842227
tolokers,GeneralSheaf,true,3,4,epoch-1,1,4,cohens_d_test,0.20594378
tolokers,GeneralSheaf,true,3,4,epoch-1,2,4,cohens_d_test,0.054274645
tolokers,GeneralSheaf,true,3,4,epoch-1,3,4,cohens_d_test,0.07078619
tolokers,GeneralSheaf,true,3,4,epoch-1,4,4,cohens_d_test,0.011337641
tolokers,GeneralSheaf,true,3,4,epoch-1,0,5,degree,-0.0296808270997253
tolokers,GeneralSheaf,true,3,4,epoch-1,1,5,degree,0.2825700845472546
tolokers,GeneralSheaf,true,3,4,epoch-1,2,5,degree,0.79454116067715
tolokers,GeneralSheaf,true,3,4,epoch-1,3,5,degree,0.8454449286194945
tolokers,GeneralSheaf,true,3,4,epoch-1,4,5,degree,0.8583524745195856
tolokers,GeneralSheaf,true,3,4,epoch-1,0,5,betweenness,-0.009292955230737874
tolokers,GeneralSheaf,true,3,4,epoch-1,1,5,betweenness,0.24087767398742216
tolokers,GeneralSheaf,true,3,4,epoch-1,2,5,betweenness,0.6706333809940522
tolokers,GeneralSheaf,true,3,4,epoch-1,3,5,betweenness,0.7035079262580151
tolokers,GeneralSheaf,true,3,4,epoch-1,4,5,betweenness,0.6918080786595495
tolokers,GeneralSheaf,true,3,4,epoch-1,0,5,confidence,-0.10728383210226772
tolokers,GeneralSheaf,true,3,4,epoch-1,1,5,confidence,0.10321436068897405
tolokers,GeneralSheaf,true,3,4,epoch-1,2,5,confidence,0.4451893141649941
tolokers,GeneralSheaf,true,3,4,epoch-1,3,5,confidence,0.5469384980105174
tolokers,GeneralSheaf,true,3,4,epoch-1,4,5,confidence,0.6325737484809978
tolokers,GeneralSheaf,true,3,4,epoch-1,0,5,saliency,0.11131721554877691
tolokers,GeneralSheaf,true,3,4,epoch-1,1,5,saliency,0.22554639417166442
tolokers,GeneralSheaf,true,3,4,epoch-1,2,5,saliency,0.3676958857209112
tolokers,GeneralSheaf,true,3,4,epoch-1,3,5,saliency,0.35009099755646184
tolokers,GeneralSheaf,true,3,4,epoch-1,4,5,saliency,0.32893423887339723
tolokers,GeneralSheaf,true,3,4,epoch-1,0,5,cohens_d_train,0.24124159
tolokers,GeneralSheaf,true,3,4,epoch-1,1,5,cohens_d_train,0.3630501
tolokers,GeneralSheaf,true,3,4,epoch-1,2,5,cohens_d_train,0.34067783
tolokers,GeneralSheaf,true,3,4,epoch-1,3,5,cohens_d_train,0.35420606
tolokers,GeneralSheaf,true,3,4,epoch-1,4,5,cohens_d_train,0.34381425
tolokers,GeneralSheaf,true,3,4,epoch-1,0,5,cohens_d_test,0.25421146
tolokers,GeneralSheaf,true,3,4,epoch-1,1,5,cohens_d_test,0.32587188
tolokers,GeneralSheaf,true,3,4,epoch-1,2,5,cohens_d_test,0.32434046
tolokers,GeneralSheaf,true,3,4,epoch-1,3,5,cohens_d_test,0.32414702
tolokers,GeneralSheaf,true,3,4,epoch-1,4,5,cohens_d_test,0.32639349
tolokers,GeneralSheaf,true,3,4,epoch-1,0,6,degree,0.01751206957324089
tolokers,GeneralSheaf,true,3,4,epoch-1,1,6,degree,0.42103072635965066
tolokers,GeneralSheaf,true,3,4,epoch-1,2,6,degree,0.6685178489625356
tolokers,GeneralSheaf,true,3,4,epoch-1,3,6,degree,0.7371348267418042
tolokers,GeneralSheaf,true,3,4,epoch-1,4,6,degree,0.7573382546322837
tolokers,GeneralSheaf,true,3,4,epoch-1,0,6,betweenness,-0.00722627656742547
tolokers,GeneralSheaf,true,3,4,epoch-1,1,6,betweenness,0.26447313130394523
tolokers,GeneralSheaf,true,3,4,epoch-1,2,6,betweenness,0.488435072798885
tolokers,GeneralSheaf,true,3,4,epoch-1,3,6,betweenness,0.5677041278737612
tolokers,GeneralSheaf,true,3,4,epoch-1,4,6,betweenness,0.5787938895360522
tolokers,GeneralSheaf,true,3,4,epoch-1,0,6,confidence,0.10815462143802256
tolokers,GeneralSheaf,true,3,4,epoch-1,1,6,confidence,0.45142216955124254
tolokers,GeneralSheaf,true,3,4,epoch-1,2,6,confidence,0.7529010965384558
tolokers,GeneralSheaf,true,3,4,epoch-1,3,6,confidence,0.7964940533118726
tolokers,GeneralSheaf,true,3,4,epoch-1,4,6,confidence,0.8418726699180915
tolokers,GeneralSheaf,true,3,4,epoch-1,0,6,saliency,0.0870210060951388
tolokers,GeneralSheaf,true,3,4,epoch-1,1,6,saliency,0.35138396951524403
tolokers,GeneralSheaf,true,3,4,epoch-1,2,6,saliency,0.538922587398297
tolokers,GeneralSheaf,true,3,4,epoch-1,3,6,saliency,0.6005482027065119
tolokers,GeneralSheaf,true,3,4,epoch-1,4,6,saliency,0.6005372084055836
tolokers,GeneralSheaf,true,3,4,epoch-1,0,6,cohens_d_train,0.17266144
tolokers,GeneralSheaf,true,3,4,epoch-1,1,6,cohens_d_train,0.08078277
tolokers,GeneralSheaf,true,3,4,epoch-1,2,6,cohens_d_train,0.16980055
tolokers,GeneralSheaf,true,3,4,epoch-1,3,6,cohens_d_train,0.20427492
tolokers,GeneralSheaf,true,3,4,epoch-1,4,6,cohens_d_train,0.2167721
tolokers,GeneralSheaf,true,3,4,epoch-1,0,6,cohens_d_test,0.21917847
tolokers,GeneralSheaf,true,3,4,epoch-1,1,6,cohens_d_test,0.094951205
tolokers,GeneralSheaf,true,3,4,epoch-1,2,6,cohens_d_test,0.1765606
tolokers,GeneralSheaf,true,3,4,epoch-1,3,6,cohens_d_test,0.19773956
tolokers,GeneralSheaf,true,3,4,epoch-1,4,6,cohens_d_test,0.22179547
tolokers,GeneralSheaf,true,3,4,epoch-1,0,7,degree,-0.36476135611216015
tolokers,GeneralSheaf,true,3,4,epoch-1,1,7,degree,0.3651479584119897
tolokers,GeneralSheaf,true,3,4,epoch-1,2,7,degree,0.6240948378529145
tolokers,GeneralSheaf,true,3,4,epoch-1,3,7,degree,0.745235915394202
tolokers,GeneralSheaf,true,3,4,epoch-1,4,7,degree,0.783387073473132
tolokers,GeneralSheaf,true,3,4,epoch-1,0,7,betweenness,-0.36259868334811235
tolokers,GeneralSheaf,true,3,4,epoch-1,1,7,betweenness,0.2592710244589518
tolokers,GeneralSheaf,true,3,4,epoch-1,2,7,betweenness,0.45412741535274576
tolokers,GeneralSheaf,true,3,4,epoch-1,3,7,betweenness,0.5678786886096883
tolokers,GeneralSheaf,true,3,4,epoch-1,4,7,betweenness,0.6026777171731093
tolokers,GeneralSheaf,true,3,4,epoch-1,0,7,confidence,-0.26874433971790257
tolokers,GeneralSheaf,true,3,4,epoch-1,1,7,confidence,0.4197905926600095
tolokers,GeneralSheaf,true,3,4,epoch-1,2,7,confidence,0.6630655365830851
tolokers,GeneralSheaf,true,3,4,epoch-1,3,7,confidence,0.7677172234056412
tolokers,GeneralSheaf,true,3,4,epoch-1,4,7,confidence,0.8339118783964189
tolokers,GeneralSheaf,true,3,4,epoch-1,0,7,saliency,-0.2843170669368656
tolokers,GeneralSheaf,true,3,4,epoch-1,1,7,saliency,0.06196809748551512
tolokers,GeneralSheaf,true,3,4,epoch-1,2,7,saliency,0.2803297672385462
tolokers,GeneralSheaf,true,3,4,epoch-1,3,7,saliency,0.3289770068847013
tolokers,GeneralSheaf,true,3,4,epoch-1,4,7,saliency,0.3373070612717964
tolokers,GeneralSheaf,true,3,4,epoch-1,0,7,cohens_d_train,0.37335348
tolokers,GeneralSheaf,true,3,4,epoch-1,1,7,cohens_d_train,0.15377766
tolokers,GeneralSheaf,true,3,4,epoch-1,2,7,cohens_d_train,0.096008204
tolokers,GeneralSheaf,true,3,4,epoch-1,3,7,cohens_d_train,0.14055674
tolokers,GeneralSheaf,true,3,4,epoch-1,4,7,cohens_d_train,0.14409277
tolokers,GeneralSheaf,true,3,4,epoch-1,0,7,cohens_d_test,0.38025796
tolokers,GeneralSheaf,true,3,4,epoch-1,1,7,cohens_d_test,0.13294046
tolokers,GeneralSheaf,true,3,4,epoch-1,2,7,cohens_d_test,0.08071773
tolokers,GeneralSheaf,true,3,4,epoch-1,3,7,cohens_d_test,0.10283374
tolokers,GeneralSheaf,true,3,4,epoch-1,4,7,cohens_d_test,0.10823593
tolokers,GeneralSheaf,true,3,4,epoch-1,0,8,degree,-0.1448662864614781
tolokers,GeneralSheaf,true,3,4,epoch-1,1,8,degree,0.5339213470109803
tolokers,GeneralSheaf,true,3,4,epoch-1,2,8,degree,0.7687716358168027
tolokers,GeneralSheaf,true,3,4,epoch-1,3,8,degree,0.842786466136052
tolokers,GeneralSheaf,true,3,4,epoch-1,4,8,degree,0.7813223833198242
tolokers,GeneralSheaf,true,3,4,epoch-1,0,8,betweenness,-0.13627993246366363
tolokers,GeneralSheaf,true,3,4,epoch-1,1,8,betweenness,0.45705553367553975
tolokers,GeneralSheaf,true,3,4,epoch-1,2,8,betweenness,0.6228217797275062
tolokers,GeneralSheaf,true,3,4,epoch-1,3,8,betweenness,0.6898637546858494
tolokers,GeneralSheaf,true,3,4,epoch-1,4,8,betweenness,0.6375249125749017
tolokers,GeneralSheaf,true,3,4,epoch-1,0,8,confidence,0.22331222668099984
tolokers,GeneralSheaf,true,3,4,epoch-1,1,8,confidence,0.4984735170126782
tolokers,GeneralSheaf,true,3,4,epoch-1,2,8,confidence,0.7410872974003928
tolokers,GeneralSheaf,true,3,4,epoch-1,3,8,confidence,0.7688150207655392
tolokers,GeneralSheaf,true,3,4,epoch-1,4,8,confidence,0.8077876027657519
tolokers,GeneralSheaf,true,3,4,epoch-1,0,8,saliency,-0.05519807130739076
tolokers,GeneralSheaf,true,3,4,epoch-1,1,8,saliency,0.45159674586574455
tolokers,GeneralSheaf,true,3,4,epoch-1,2,8,saliency,0.4514061232260874
tolokers,GeneralSheaf,true,3,4,epoch-1,3,8,saliency,0.4505130318233564
tolokers,GeneralSheaf,true,3,4,epoch-1,4,8,saliency,0.4163204651576009
tolokers,GeneralSheaf,true,3,4,epoch-1,0,8,cohens_d_train,0.13396218
tolokers,GeneralSheaf,true,3,4,epoch-1,1,8,cohens_d_train,0.22976102
tolokers,GeneralSheaf,true,3,4,epoch-1,2,8,cohens_d_train,0.11716574
tolokers,GeneralSheaf,true,3,4,epoch-1,3,8,cohens_d_train,0.089548
tolokers,GeneralSheaf,true,3,4,epoch-1,4,8,cohens_d_train,0.06778641
tolokers,GeneralSheaf,true,3,4,epoch-1,0,8,cohens_d_test,0.23644595
tolokers,GeneralSheaf,true,3,4,epoch-1,1,8,cohens_d_test,0.30261037
tolokers,GeneralSheaf,true,3,4,epoch-1,2,8,cohens_d_test,0.20561342
tolokers,GeneralSheaf,true,3,4,epoch-1,3,8,cohens_d_test,0.14921501
tolokers,GeneralSheaf,true,3,4,epoch-1,4,8,cohens_d_test,0.11090596
tolokers,GeneralSheaf,true,3,4,epoch-1,0,9,degree,-0.31349429487455177
tolokers,GeneralSheaf,true,3,4,epoch-1,1,9,degree,0.11766000756991131
tolokers,GeneralSheaf,true,3,4,epoch-1,2,9,degree,0.7331326247937966
tolokers,GeneralSheaf,true,3,4,epoch-1,3,9,degree,0.7545527067642601
tolokers,GeneralSheaf,true,3,4,epoch-1,4,9,degree,0.7741989270816495
tolokers,GeneralSheaf,true,3,4,epoch-1,0,9,betweenness,-0.3458931813989969
tolokers,GeneralSheaf,true,3,4,epoch-1,1,9,betweenness,-0.0016683124096900442
tolokers,GeneralSheaf,true,3,4,epoch-1,2,9,betweenness,0.5639636698558171
tolokers,GeneralSheaf,true,3,4,epoch-1,3,9,betweenness,0.5730256855861193
tolokers,GeneralSheaf,true,3,4,epoch-1,4,9,betweenness,0.5980907792227675
tolokers,GeneralSheaf,true,3,4,epoch-1,0,9,confidence,0.22843271349804892
tolokers,GeneralSheaf,true,3,4,epoch-1,1,9,confidence,0.6008505807088758
tolokers,GeneralSheaf,true,3,4,epoch-1,2,9,confidence,0.7177984660786315
tolokers,GeneralSheaf,true,3,4,epoch-1,3,9,confidence,0.7262628616126321
tolokers,GeneralSheaf,true,3,4,epoch-1,4,9,confidence,0.7835405920542349
tolokers,GeneralSheaf,true,3,4,epoch-1,0,9,saliency,-0.41167639620286417
tolokers,GeneralSheaf,true,3,4,epoch-1,1,9,saliency,-0.18627038621201103
tolokers,GeneralSheaf,true,3,4,epoch-1,2,9,saliency,0.2092086349703194
tolokers,GeneralSheaf,true,3,4,epoch-1,3,9,saliency,0.20366745989456866
tolokers,GeneralSheaf,true,3,4,epoch-1,4,9,saliency,0.19631823572741974
tolokers,GeneralSheaf,true,3,4,epoch-1,0,9,cohens_d_train,0.4237027
tolokers,GeneralSheaf,true,3,4,epoch-1,1,9,cohens_d_train,0.35267618
tolokers,GeneralSheaf,true,3,4,epoch-1,2,9,cohens_d_train,0.013764655
tolokers,GeneralSheaf,true,3,4,epoch-1,3,9,cohens_d_train,0.013255941
tolokers,GeneralSheaf,true,3,4,epoch-1,4,9,cohens_d_train,0.0068816114
tolokers,GeneralSheaf,true,3,4,epoch-1,0,9,cohens_d_test,0.37553623
tolokers,GeneralSheaf,true,3,4,epoch-1,1,9,cohens_d_test,0.2644914
tolokers,GeneralSheaf,true,3,4,epoch-1,2,9,cohens_d_test,0.13296965
tolokers,GeneralSheaf,true,3,4,epoch-1,3,9,cohens_d_test,0.114414096
tolokers,GeneralSheaf,true,3,4,epoch-1,4,9,cohens_d_test,0.09811007
tolokers,GeneralSheaf,true,3,4,epoch-5,0,0,degree,0.03645978066805851
tolokers,GeneralSheaf,true,3,4,epoch-5,1,0,degree,0.10659501786937954
tolokers,GeneralSheaf,true,3,4,epoch-5,2,0,degree,0.17385334124454843
tolokers,GeneralSheaf,true,3,4,epoch-5,3,0,degree,0.3422878183794672
tolokers,GeneralSheaf,true,3,4,epoch-5,4,0,degree,0.2850833480139979
tolokers,GeneralSheaf,true,3,4,epoch-5,0,0,betweenness,0.0012145706799758294
tolokers,GeneralSheaf,true,3,4,epoch-5,1,0,betweenness,0.04355988752044579
tolokers,GeneralSheaf,true,3,4,epoch-5,2,0,betweenness,0.051099345054097724
tolokers,GeneralSheaf,true,3,4,epoch-5,3,0,betweenness,0.1928307033251468
tolokers,GeneralSheaf,true,3,4,epoch-5,4,0,betweenness,0.1313806823695328
tolokers,GeneralSheaf,true,3,4,epoch-5,0,0,confidence,0.3661077860974002
tolokers,GeneralSheaf,true,3,4,epoch-5,1,0,confidence,0.32027961070387867
tolokers,GeneralSheaf,true,3,4,epoch-5,2,0,confidence,0.4419675003715305
tolokers,GeneralSheaf,true,3,4,epoch-5,3,0,confidence,0.3574869024350413
tolokers,GeneralSheaf,true,3,4,epoch-5,4,0,confidence,0.45368853624818123
tolokers,GeneralSheaf,true,3,4,epoch-5,0,0,saliency,-0.051999686086141896
tolokers,GeneralSheaf,true,3,4,epoch-5,1,0,saliency,-0.06053141001105772
tolokers,GeneralSheaf,true,3,4,epoch-5,2,0,saliency,-0.06975711159064098
tolokers,GeneralSheaf,true,3,4,epoch-5,3,0,saliency,0.05953233202095218
tolokers,GeneralSheaf,true,3,4,epoch-5,4,0,saliency,0.0033016811410710267
tolokers,GeneralSheaf,true,3,4,epoch-5,0,0,cohens_d_train,0.16720435
tolokers,GeneralSheaf,true,3,4,epoch-5,1,0,cohens_d_train,0.0013578018
tolokers,GeneralSheaf,true,3,4,epoch-5,2,0,cohens_d_train,0.024604063
tolokers,GeneralSheaf,true,3,4,epoch-5,3,0,cohens_d_train,0.020618588
tolokers,GeneralSheaf,true,3,4,epoch-5,4,0,cohens_d_train,0.004704241
tolokers,GeneralSheaf,true,3,4,epoch-5,0,0,cohens_d_test,0.17272612
tolokers,GeneralSheaf,true,3,4,epoch-5,1,0,cohens_d_test,0.030905476
tolokers,GeneralSheaf,true,3,4,epoch-5,2,0,cohens_d_test,0.022965446
tolokers,GeneralSheaf,true,3,4,epoch-5,3,0,cohens_d_test,0.08907315
tolokers,GeneralSheaf,true,3,4,epoch-5,4,0,cohens_d_test,0.06334873
tolokers,GeneralSheaf,true,3,4,epoch-5,0,1,degree,0.10023173685070592
tolokers,GeneralSheaf,true,3,4,epoch-5,1,1,degree,0.0852517356873458
tolokers,GeneralSheaf,true,3,4,epoch-5,2,1,degree,0.3109203749098397
tolokers,GeneralSheaf,true,3,4,epoch-5,3,1,degree,0.40813030447935456
tolokers,GeneralSheaf,true,3,4,epoch-5,4,1,degree,0.452100047417841
tolokers,GeneralSheaf,true,3,4,epoch-5,0,1,betweenness,0.07716768787376535
tolokers,GeneralSheaf,true,3,4,epoch-5,1,1,betweenness,0.002855019986117599
tolokers,GeneralSheaf,true,3,4,epoch-5,2,1,betweenness,0.17194357209210018
tolokers,GeneralSheaf,true,3,4,epoch-5,3,1,betweenness,0.24343674992037118
tolokers,GeneralSheaf,true,3,4,epoch-5,4,1,betweenness,0.26411615229026164
tolokers,GeneralSheaf,true,3,4,epoch-5,0,1,confidence,0.20971552352015588
tolokers,GeneralSheaf,true,3,4,epoch-5,1,1,confidence,0.42080662231149757
tolokers,GeneralSheaf,true,3,4,epoch-5,2,1,confidence,0.52721503088354
tolokers,GeneralSheaf,true,3,4,epoch-5,3,1,confidence,0.5127663366206587
tolokers,GeneralSheaf,true,3,4,epoch-5,4,1,confidence,0.5368025230853161
tolokers,GeneralSheaf,true,3,4,epoch-5,0,1,saliency,-0.04163122883699694
tolokers,GeneralSheaf,true,3,4,epoch-5,1,1,saliency,-0.05580634968657472
tolokers,GeneralSheaf,true,3,4,epoch-5,2,1,saliency,-0.0770428372617864
tolokers,GeneralSheaf,true,3,4,epoch-5,3,1,saliency,-0.050490141499667476
tolokers,GeneralSheaf,true,3,4,epoch-5,4,1,saliency,-0.019735714028873322
tolokers,GeneralSheaf,true,3,4,epoch-5,0,1,cohens_d_train,0.039991457
tolokers,GeneralSheaf,true,3,4,epoch-5,1,1,cohens_d_train,0.22209984
tolokers,GeneralSheaf,true,3,4,epoch-5,2,1,cohens_d_train,0.18599655
tolokers,GeneralSheaf,true,3,4,epoch-5,3,1,cohens_d_train,0.17127535
tolokers,GeneralSheaf,true,3,4,epoch-5,4,1,cohens_d_train,0.16906053
tolokers,GeneralSheaf,true,3,4,epoch-5,0,1,cohens_d_test,0.04960604
tolokers,GeneralSheaf,true,3,4,epoch-5,1,1,cohens_d_test,0.19488266
tolokers,GeneralSheaf,true,3,4,epoch-5,2,1,cohens_d_test,0.17152092
tolokers,GeneralSheaf,true,3,4,epoch-5,3,1,cohens_d_test,0.12645945
tolokers,GeneralSheaf,true,3,4,epoch-5,4,1,cohens_d_test,0.12153482
tolokers,GeneralSheaf,true,3,4,epoch-5,0,2,degree,-0.32028151302966457
tolokers,GeneralSheaf,true,3,4,epoch-5,1,2,degree,-0.3243165234014451
tolokers,GeneralSheaf,true,3,4,epoch-5,2,2,degree,0.14022009117947376
tolokers,GeneralSheaf,true,3,4,epoch-5,3,2,degree,0.20508527240352858
tolokers,GeneralSheaf,true,3,4,epoch-5,4,2,degree,0.2659286622319793
tolokers,GeneralSheaf,true,3,4,epoch-5,0,2,betweenness,-0.34732876260445933
tolokers,GeneralSheaf,true,3,4,epoch-5,1,2,betweenness,-0.43868867581544885
tolokers,GeneralSheaf,true,3,4,epoch-5,2,2,betweenness,-0.0006080035697916981
tolokers,GeneralSheaf,true,3,4,epoch-5,3,2,betweenness,0.041411833755456366
tolokers,GeneralSheaf,true,3,4,epoch-5,4,2,betweenness,0.07249090790463857
tolokers,GeneralSheaf,true,3,4,epoch-5,0,2,confidence,0.3710827553372665
tolokers,GeneralSheaf,true,3,4,epoch-5,1,2,confidence,0.6667754270191582
tolokers,GeneralSheaf,true,3,4,epoch-5,2,2,confidence,0.39666475706887416
tolokers,GeneralSheaf,true,3,4,epoch-5,3,2,confidence,0.450339424061668
tolokers,GeneralSheaf,true,3,4,epoch-5,4,2,confidence,0.4490488935054538
tolokers,GeneralSheaf,true,3,4,epoch-5,0,2,saliency,-0.35398697993483463
tolokers,GeneralSheaf,true,3,4,epoch-5,1,2,saliency,-0.41413656174248076
tolokers,GeneralSheaf,true,3,4,epoch-5,2,2,saliency,-0.18625819543548836
tolokers,GeneralSheaf,true,3,4,epoch-5,3,2,saliency,-0.20184922501250033
tolokers,GeneralSheaf,true,3,4,epoch-5,4,2,saliency,-0.1674367648822377
tolokers,GeneralSheaf,true,3,4,epoch-5,0,2,cohens_d_train,0.3230183
tolokers,GeneralSheaf,true,3,4,epoch-5,1,2,cohens_d_train,0.42537275
tolokers,GeneralSheaf,true,3,4,epoch-5,2,2,cohens_d_train,0.18747844
tolokers,GeneralSheaf,true,3,4,epoch-5,3,2,cohens_d_train,0.19616544
tolokers,GeneralSheaf,true,3,4,epoch-5,4,2,cohens_d_train,0.19131224
tolokers,GeneralSheaf,true,3,4,epoch-5,0,2,cohens_d_test,0.36218664
tolokers,GeneralSheaf,true,3,4,epoch-5,1,2,cohens_d_test,0.33008245
tolokers,GeneralSheaf,true,3,4,epoch-5,2,2,cohens_d_test,0.113465875
tolokers,GeneralSheaf,true,3,4,epoch-5,3,2,cohens_d_test,0.12804216
tolokers,GeneralSheaf,true,3,4,epoch-5,4,2,cohens_d_test,0.14220244
tolokers,GeneralSheaf,true,3,4,epoch-5,0,3,degree,-0.3109041065138688
tolokers,GeneralSheaf,true,3,4,epoch-5,1,3,degree,-0.09790415610696984
tolokers,GeneralSheaf,true,3,4,epoch-5,2,3,degree,0.15091481456167818
tolokers,GeneralSheaf,true,3,4,epoch-5,3,3,degree,0.19076095078127678
tolokers,GeneralSheaf,true,3,4,epoch-5,4,3,degree,0.2947774493728343
tolokers,GeneralSheaf,true,3,4,epoch-5,0,3,betweenness,-0.3354614378295058
tolokers,GeneralSheaf,true,3,4,epoch-5,1,3,betweenness,-0.18314210850708929
tolokers,GeneralSheaf,true,3,4,epoch-5,2,3,betweenness,-0.006047603194775727
tolokers,GeneralSheaf,true,3,4,epoch-5,3,3,betweenness,0.023613761914142696
tolokers,GeneralSheaf,true,3,4,epoch-5,4,3,betweenness,0.11453380315180314
tolokers,GeneralSheaf,true,3,4,epoch-5,0,3,confidence,0.6392971326506417
tolokers,GeneralSheaf,true,3,4,epoch-5,1,3,confidence,0.5947782267313012
tolokers,GeneralSheaf,true,3,4,epoch-5,2,3,confidence,0.6536921159777869
tolokers,GeneralSheaf,true,3,4,epoch-5,3,3,confidence,0.6553846370922507
tolokers,GeneralSheaf,true,3,4,epoch-5,4,3,confidence,0.6710534618789062
tolokers,GeneralSheaf,true,3,4,epoch-5,0,3,saliency,-0.5091150447184333
tolokers,GeneralSheaf,true,3,4,epoch-5,1,3,saliency,-0.40937243420377384
tolokers,GeneralSheaf,true,3,4,epoch-5,2,3,saliency,-0.347989418967076
tolokers,GeneralSheaf,true,3,4,epoch-5,3,3,saliency,-0.3122615457641887
tolokers,GeneralSheaf,true,3,4,epoch-5,4,3,saliency,-0.30249529856017837
tolokers,GeneralSheaf,true,3,4,epoch-5,0,3,cohens_d_train,0.49612033
tolokers,GeneralSheaf,true,3,4,epoch-5,1,3,cohens_d_train,0.3773499
tolokers,GeneralSheaf,true,3,4,epoch-5,2,3,cohens_d_train,0.27709946
tolokers,GeneralSheaf,true,3,4,epoch-5,3,3,cohens_d_train,0.22283421
tolokers,GeneralSheaf,true,3,4,epoch-5,4,3,cohens_d_train,0.26184222
tolokers,GeneralSheaf,true,3,4,epoch-5,0,3,cohens_d_test,0.5091214
tolokers,GeneralSheaf,true,3,4,epoch-5,1,3,cohens_d_test,0.35655957
tolokers,GeneralSheaf,true,3,4,epoch-5,2,3,cohens_d_test,0.26335025
tolokers,GeneralSheaf,true,3,4,epoch-5,3,3,cohens_d_test,0.21474598
tolokers,GeneralSheaf,true,3,4,epoch-5,4,3,cohens_d_test,0.2585285
tolokers,GeneralSheaf,true,3,4,epoch-5,0,4,degree,-0.2798518414030812
tolokers,GeneralSheaf,true,3,4,epoch-5,1,4,degree,0.36365732816578433
tolokers,GeneralSheaf,true,3,4,epoch-5,2,4,degree,0.17504653549706503
tolokers,GeneralSheaf,true,3,4,epoch-5,3,4,degree,0.22451532477274336
tolokers,GeneralSheaf,true,3,4,epoch-5,4,4,degree,0.24173158331926473
tolokers,GeneralSheaf,true,3,4,epoch-5,0,4,betweenness,-0.3221556674936625
tolokers,GeneralSheaf,true,3,4,epoch-5,1,4,betweenness,0.2804574022616049
tolokers,GeneralSheaf,true,3,4,epoch-5,2,4,betweenness,0.030989877069725842
tolokers,GeneralSheaf,true,3,4,epoch-5,3,4,betweenness,0.06716824620524071
tolokers,GeneralSheaf,true,3,4,epoch-5,4,4,betweenness,0.07468254209670036
tolokers,GeneralSheaf,true,3,4,epoch-5,0,4,confidence,0.5342151995183457
tolokers,GeneralSheaf,true,3,4,epoch-5,1,4,confidence,0.1026447634431225
tolokers,GeneralSheaf,true,3,4,epoch-5,2,4,confidence,0.5547490507189182
tolokers,GeneralSheaf,true,3,4,epoch-5,3,4,confidence,0.5433725173755781
tolokers,GeneralSheaf,true,3,4,epoch-5,4,4,confidence,0.5227248886583918
tolokers,GeneralSheaf,true,3,4,epoch-5,0,4,saliency,-0.4401180036474461
tolokers,GeneralSheaf,true,3,4,epoch-5,1,4,saliency,-0.04615083843734208
tolokers,GeneralSheaf,true,3,4,epoch-5,2,4,saliency,-0.26299209529532397
tolokers,GeneralSheaf,true,3,4,epoch-5,3,4,saliency,-0.2306233769294173
tolokers,GeneralSheaf,true,3,4,epoch-5,4,4,saliency,-0.20700172763274535
tolokers,GeneralSheaf,true,3,4,epoch-5,0,4,cohens_d_train,0.37534907
tolokers,GeneralSheaf,true,3,4,epoch-5,1,4,cohens_d_train,0.05823956
tolokers,GeneralSheaf,true,3,4,epoch-5,2,4,cohens_d_train,0.28252256
tolokers,GeneralSheaf,true,3,4,epoch-5,3,4,cohens_d_train,0.30336693
tolokers,GeneralSheaf,true,3,4,epoch-5,4,4,cohens_d_train,0.27101213
tolokers,GeneralSheaf,true,3,4,epoch-5,0,4,cohens_d_test,0.4255825
tolokers,GeneralSheaf,true,3,4,epoch-5,1,4,cohens_d_test,0.13567147
tolokers,GeneralSheaf,true,3,4,epoch-5,2,4,cohens_d_test,0.20376916
tolokers,GeneralSheaf,true,3,4,epoch-5,3,4,cohens_d_test,0.22695777
tolokers,GeneralSheaf,true,3,4,epoch-5,4,4,cohens_d_test,0.19239411
tolokers,GeneralSheaf,true,3,4,epoch-5,0,5,degree,-0.1840909573382017
tolokers,GeneralSheaf,true,3,4,epoch-5,1,5,degree,0.20749854676492704
tolokers,GeneralSheaf,true,3,4,epoch-5,2,5,degree,0.33986207396369994
tolokers,GeneralSheaf,true,3,4,epoch-5,3,5,degree,0.28289790526841546
tolokers,GeneralSheaf,true,3,4,epoch-5,4,5,degree,0.4073046598792557
tolokers,GeneralSheaf,true,3,4,epoch-5,0,5,betweenness,-0.18509297248216794
tolokers,GeneralSheaf,true,3,4,epoch-5,1,5,betweenness,0.13721601113883972
tolokers,GeneralSheaf,true,3,4,epoch-5,2,5,betweenness,0.21326226123822103
tolokers,GeneralSheaf,true,3,4,epoch-5,3,5,betweenness,0.12012315139700216
tolokers,GeneralSheaf,true,3,4,epoch-5,4,5,betweenness,0.23748930944518662
tolokers,GeneralSheaf,true,3,4,epoch-5,0,5,confidence,0.08167332164415397
tolokers,GeneralSheaf,true,3,4,epoch-5,1,5,confidence,0.055731388003841024
tolokers,GeneralSheaf,true,3,4,epoch-5,2,5,confidence,0.36826173839736837
tolokers,GeneralSheaf,true,3,4,epoch-5,3,5,confidence,0.38358063811803333
tolokers,GeneralSheaf,true,3,4,epoch-5,4,5,confidence,0.43180552216091383
tolokers,GeneralSheaf,true,3,4,epoch-5,0,5,saliency,-0.12871238965585485
tolokers,GeneralSheaf,true,3,4,epoch-5,1,5,saliency,-0.03261090924870669
tolokers,GeneralSheaf,true,3,4,epoch-5,2,5,saliency,-0.10553459576638166
tolokers,GeneralSheaf,true,3,4,epoch-5,3,5,saliency,-0.12293323018748187
tolokers,GeneralSheaf,true,3,4,epoch-5,4,5,saliency,-0.11823891762420594
tolokers,GeneralSheaf,true,3,4,epoch-5,0,5,cohens_d_train,0.18958923
tolokers,GeneralSheaf,true,3,4,epoch-5,1,5,cohens_d_train,0.086866245
tolokers,GeneralSheaf,true,3,4,epoch-5,2,5,cohens_d_train,0.16033018
tolokers,GeneralSheaf,true,3,4,epoch-5,3,5,cohens_d_train,0.13165547
tolokers,GeneralSheaf,true,3,4,epoch-5,4,5,cohens_d_train,0.16763616
tolokers,GeneralSheaf,true,3,4,epoch-5,0,5,cohens_d_test,0.17975406
tolokers,GeneralSheaf,true,3,4,epoch-5,1,5,cohens_d_test,0.082913496
tolokers,GeneralSheaf,true,3,4,epoch-5,2,5,cohens_d_test,0.13857296
tolokers,GeneralSheaf,true,3,4,epoch-5,3,5,cohens_d_test,0.10152117
tolokers,GeneralSheaf,true,3,4,epoch-5,4,5,cohens_d_test,0.15409617
tolokers,GeneralSheaf,true,3,4,epoch-5,0,6,degree,-0.1802106542765206
tolokers,GeneralSheaf,true,3,4,epoch-5,1,6,degree,-0.030466442635133477
tolokers,GeneralSheaf,true,3,4,epoch-5,2,6,degree,-0.17861915537595655
tolokers,GeneralSheaf,true,3,4,epoch-5,3,6,degree,0.09483544402032426
tolokers,GeneralSheaf,true,3,4,epoch-5,4,6,degree,0.1077159057271466
tolokers,GeneralSheaf,true,3,4,epoch-5,0,6,betweenness,-0.21277433598305187
tolokers,GeneralSheaf,true,3,4,epoch-5,1,6,betweenness,-0.16587453107173206
tolokers,GeneralSheaf,true,3,4,epoch-5,2,6,betweenness,-0.3347593651787404
tolokers,GeneralSheaf,true,3,4,epoch-5,3,6,betweenness,-0.07113327013084313
tolokers,GeneralSheaf,true,3,4,epoch-5,4,6,betweenness,-0.06252881644804471
tolokers,GeneralSheaf,true,3,4,epoch-5,0,6,confidence,0.3845119726709416
tolokers,GeneralSheaf,true,3,4,epoch-5,1,6,confidence,0.6879894137341738
tolokers,GeneralSheaf,true,3,4,epoch-5,2,6,confidence,0.7434621484871863
tolokers,GeneralSheaf,true,3,4,epoch-5,3,6,confidence,0.6191874400594853
tolokers,GeneralSheaf,true,3,4,epoch-5,4,6,confidence,0.5296446050665291
tolokers,GeneralSheaf,true,3,4,epoch-5,0,6,saliency,-0.21942507409313253
tolokers,GeneralSheaf,true,3,4,epoch-5,1,6,saliency,-0.4119805735901131
tolokers,GeneralSheaf,true,3,4,epoch-5,2,6,saliency,-0.3453947244645122
tolokers,GeneralSheaf,true,3,4,epoch-5,3,6,saliency,-0.2889302243456382
tolokers,GeneralSheaf,true,3,4,epoch-5,4,6,saliency,-0.22515155812286938
tolokers,GeneralSheaf,true,3,4,epoch-5,0,6,cohens_d_train,0.098994076
tolokers,GeneralSheaf,true,3,4,epoch-5,1,6,cohens_d_train,0.3109238
tolokers,GeneralSheaf,true,3,4,epoch-5,2,6,cohens_d_train,0.18818997
tolokers,GeneralSheaf,true,3,4,epoch-5,3,6,cohens_d_train,0.09180734
tolokers,GeneralSheaf,true,3,4,epoch-5,4,6,cohens_d_train,0.019206194
tolokers,GeneralSheaf,true,3,4,epoch-5,0,6,cohens_d_test,0.09472626
tolokers,GeneralSheaf,true,3,4,epoch-5,1,6,cohens_d_test,0.30257553
tolokers,GeneralSheaf,true,3,4,epoch-5,2,6,cohens_d_test,0.15881443
tolokers,GeneralSheaf,true,3,4,epoch-5,3,6,cohens_d_test,0.05271292
tolokers,GeneralSheaf,true,3,4,epoch-5,4,6,cohens_d_test,0.012983239
tolokers,GeneralSheaf,true,3,4,epoch-5,0,7,degree,-0.31881914019393104
tolokers,GeneralSheaf,true,3,4,epoch-5,1,7,degree,0.03289700483346536
tolokers,GeneralSheaf,true,3,4,epoch-5,2,7,degree,0.08257357939624296
tolokers,GeneralSheaf,true,3,4,epoch-5,3,7,degree,0.26871439135044806
tolokers,GeneralSheaf,true,3,4,epoch-5,4,7,degree,0.3680202312268985
tolokers,GeneralSheaf,true,3,4,epoch-5,0,7,betweenness,-0.3392946509344436
tolokers,GeneralSheaf,true,3,4,epoch-5,1,7,betweenness,-0.04465614142192888
tolokers,GeneralSheaf,true,3,4,epoch-5,2,7,betweenness,-0.053853904636542715
tolokers,GeneralSheaf,true,3,4,epoch-5,3,7,betweenness,0.10355723636234715
tolokers,GeneralSheaf,true,3,4,epoch-5,4,7,betweenness,0.17685304145788242
tolokers,GeneralSheaf,true,3,4,epoch-5,0,7,confidence,0.5417595159544637
tolokers,GeneralSheaf,true,3,4,epoch-5,1,7,confidence,0.5307440668512633
tolokers,GeneralSheaf,true,3,4,epoch-5,2,7,confidence,0.5365812788253739
tolokers,GeneralSheaf,true,3,4,epoch-5,3,7,confidence,0.4904936791699292
tolokers,GeneralSheaf,true,3,4,epoch-5,4,7,confidence,0.4020272321368084
tolokers,GeneralSheaf,true,3,4,epoch-5,0,7,saliency,-0.4947608028728968
tolokers,GeneralSheaf,true,3,4,epoch-5,1,7,saliency,-0.4137935719825412
tolokers,GeneralSheaf,true,3,4,epoch-5,2,7,saliency,-0.35551524376620713
tolokers,GeneralSheaf,true,3,4,epoch-5,3,7,saliency,-0.2872009145400659
tolokers,GeneralSheaf,true,3,4,epoch-5,4,7,saliency,-0.15633494971968287
tolokers,GeneralSheaf,true,3,4,epoch-5,0,7,cohens_d_train,0.56681305
tolokers,GeneralSheaf,true,3,4,epoch-5,1,7,cohens_d_train,0.46006772
tolokers,GeneralSheaf,true,3,4,epoch-5,2,7,cohens_d_train,0.33043227
tolokers,GeneralSheaf,true,3,4,epoch-5,3,7,cohens_d_train,0.25512794
tolokers,GeneralSheaf,true,3,4,epoch-5,4,7,cohens_d_train,0.20417413
tolokers,GeneralSheaf,true,3,4,epoch-5,0,7,cohens_d_test,0.5409978
tolokers,GeneralSheaf,true,3,4,epoch-5,1,7,cohens_d_test,0.32953542
tolokers,GeneralSheaf,true,3,4,epoch-5,2,7,cohens_d_test,0.20374508
tolokers,GeneralSheaf,true,3,4,epoch-5,3,7,cohens_d_test,0.108595505
tolokers,GeneralSheaf,true,3,4,epoch-5,4,7,cohens_d_test,0.050061602
tolokers,GeneralSheaf,true,3,4,epoch-5,0,8,degree,-0.272784019818898
tolokers,GeneralSheaf,true,3,4,epoch-5,1,8,degree,-0.05988489993920835
tolokers,GeneralSheaf,true,3,4,epoch-5,2,8,degree,0.2364131407898062
tolokers,GeneralSheaf,true,3,4,epoch-5,3,8,degree,0.25376658602408586
tolokers,GeneralSheaf,true,3,4,epoch-5,4,8,degree,0.3312210827005222
tolokers,GeneralSheaf,true,3,4,epoch-5,0,8,betweenness,-0.27883153744350014
tolokers,GeneralSheaf,true,3,4,epoch-5,1,8,betweenness,-0.14575486763590517
tolokers,GeneralSheaf,true,3,4,epoch-5,2,8,betweenness,0.06941111358603896
tolokers,GeneralSheaf,true,3,4,epoch-5,3,8,betweenness,0.05706565536698614
tolokers,GeneralSheaf,true,3,4,epoch-5,4,8,betweenness,0.12714105921895588
tolokers,GeneralSheaf,true,3,4,epoch-5,0,8,confidence,0.1019925101907436
tolokers,GeneralSheaf,true,3,4,epoch-5,1,8,confidence,0.07054925573559095
tolokers,GeneralSheaf,true,3,4,epoch-5,2,8,confidence,0.23591795532779666
tolokers,GeneralSheaf,true,3,4,epoch-5,3,8,confidence,0.4942278573233203
tolokers,GeneralSheaf,true,3,4,epoch-5,4,8,confidence,0.42583686437372587
tolokers,GeneralSheaf,true,3,4,epoch-5,0,8,saliency,-0.09745707338513514
tolokers,GeneralSheaf,true,3,4,epoch-5,1,8,saliency,0.11940600567657042
tolokers,GeneralSheaf,true,3,4,epoch-5,2,8,saliency,0.142386386250664
tolokers,GeneralSheaf,true,3,4,epoch-5,3,8,saliency,-0.05167596564396171
tolokers,GeneralSheaf,true,3,4,epoch-5,4,8,saliency,0.009989841910778554
tolokers,GeneralSheaf,true,3,4,epoch-5,0,8,cohens_d_train,0.06095798
tolokers,GeneralSheaf,true,3,4,epoch-5,1,8,cohens_d_train,0.27960587
tolokers,GeneralSheaf,true,3,4,epoch-5,2,8,cohens_d_train,0.24725293
tolokers,GeneralSheaf,true,3,4,epoch-5,3,8,cohens_d_train,0.07742462
tolokers,GeneralSheaf,true,3,4,epoch-5,4,8,cohens_d_train,0.054533836
tolokers,GeneralSheaf,true,3,4,epoch-5,0,8,cohens_d_test,0.12711573
tolokers,GeneralSheaf,true,3,4,epoch-5,1,8,cohens_d_test,0.34750775
tolokers,GeneralSheaf,true,3,4,epoch-5,2,8,cohens_d_test,0.2927036
tolokers,GeneralSheaf,true,3,4,epoch-5,3,8,cohens_d_test,0.14875458
tolokers,GeneralSheaf,true,3,4,epoch-5,4,8,cohens_d_test,0.0984524
tolokers,GeneralSheaf,true,3,4,epoch-5,0,9,degree,-0.3333403272673238
tolokers,GeneralSheaf,true,3,4,epoch-5,1,9,degree,-0.11001365066061275
tolokers,GeneralSheaf,true,3,4,epoch-5,2,9,degree,0.1142026750499941
tolokers,GeneralSheaf,true,3,4,epoch-5,3,9,degree,0.2624888490927735
tolokers,GeneralSheaf,true,3,4,epoch-5,4,9,degree,0.25494689416098
tolokers,GeneralSheaf,true,3,4,epoch-5,0,9,betweenness,-0.3663854969678282
tolokers,GeneralSheaf,true,3,4,epoch-5,1,9,betweenness,-0.18493097364642896
tolokers,GeneralSheaf,true,3,4,epoch-5,2,9,betweenness,-0.011120404027344958
tolokers,GeneralSheaf,true,3,4,epoch-5,3,9,betweenness,0.11046854179447409
tolokers,GeneralSheaf,true,3,4,epoch-5,4,9,betweenness,0.0938552123707908
tolokers,GeneralSheaf,true,3,4,epoch-5,0,9,confidence,0.7737542181370809
tolokers,GeneralSheaf,true,3,4,epoch-5,1,9,confidence,0.6984870327273638
tolokers,GeneralSheaf,true,3,4,epoch-5,2,9,confidence,0.6451469608747636
tolokers,GeneralSheaf,true,3,4,epoch-5,3,9,confidence,0.49840480837246365
tolokers,GeneralSheaf,true,3,4,epoch-5,4,9,confidence,0.46316335398352265
tolokers,GeneralSheaf,true,3,4,epoch-5,0,9,saliency,-0.5431595504238432
tolokers,GeneralSheaf,true,3,4,epoch-5,1,9,saliency,-0.4232209193875441
tolokers,GeneralSheaf,true,3,4,epoch-5,2,9,saliency,-0.3051994167129288
tolokers,GeneralSheaf,true,3,4,epoch-5,3,9,saliency,-0.19838839676682585
tolokers,GeneralSheaf,true,3,4,epoch-5,4,9,saliency,-0.18636529548875855
tolokers,GeneralSheaf,true,3,4,epoch-5,0,9,cohens_d_train,0.62528604
tolokers,GeneralSheaf,true,3,4,epoch-5,1,9,cohens_d_train,0.5241117
tolokers,GeneralSheaf,true,3,4,epoch-5,2,9,cohens_d_train,0.38848245
tolokers,GeneralSheaf,true,3,4,epoch-5,3,9,cohens_d_train,0.27373418
tolokers,GeneralSheaf,true,3,4,epoch-5,4,9,cohens_d_train,0.28859073
tolokers,GeneralSheaf,true,3,4,epoch-5,0,9,cohens_d_test,0.55076146
tolokers,GeneralSheaf,true,3,4,epoch-5,1,9,cohens_d_test,0.51668596
tolokers,GeneralSheaf,true,3,4,epoch-5,2,9,cohens_d_test,0.3932695
tolokers,GeneralSheaf,true,3,4,epoch-5,3,9,cohens_d_test,0.27105817
tolokers,GeneralSheaf,true,3,4,epoch-5,4,9,cohens_d_test,0.29196754
tolokers,GeneralSheaf,true,3,4,epoch-15,0,0,degree,-0.18954312896558648
tolokers,GeneralSheaf,true,3,4,epoch-15,1,0,degree,-0.1258593849346492
tolokers,GeneralSheaf,true,3,4,epoch-15,2,0,degree,-0.03484518521481709
tolokers,GeneralSheaf,true,3,4,epoch-15,3,0,degree,0.1964071504455278
tolokers,GeneralSheaf,true,3,4,epoch-15,4,0,degree,0.1074038399665641
tolokers,GeneralSheaf,true,3,4,epoch-15,0,0,betweenness,-0.22981831432035896
tolokers,GeneralSheaf,true,3,4,epoch-15,1,0,betweenness,-0.18693123581284418
tolokers,GeneralSheaf,true,3,4,epoch-15,2,0,betweenness,-0.14337039439401364
tolokers,GeneralSheaf,true,3,4,epoch-15,3,0,betweenness,0.06189576396221865
tolokers,GeneralSheaf,true,3,4,epoch-15,4,0,betweenness,-0.04322745262363425
tolokers,GeneralSheaf,true,3,4,epoch-15,0,0,confidence,0.5159788029690057
tolokers,GeneralSheaf,true,3,4,epoch-15,1,0,confidence,0.6631527681204726
tolokers,GeneralSheaf,true,3,4,epoch-15,2,0,confidence,0.6734656311702477
tolokers,GeneralSheaf,true,3,4,epoch-15,3,0,confidence,0.5731675789991224
tolokers,GeneralSheaf,true,3,4,epoch-15,4,0,confidence,0.6781933527872158
tolokers,GeneralSheaf,true,3,4,epoch-15,0,0,saliency,-0.3104296702287422
tolokers,GeneralSheaf,true,3,4,epoch-15,1,0,saliency,-0.45742156182553617
tolokers,GeneralSheaf,true,3,4,epoch-15,2,0,saliency,-0.44324862554282524
tolokers,GeneralSheaf,true,3,4,epoch-15,3,0,saliency,-0.336647964564165
tolokers,GeneralSheaf,true,3,4,epoch-15,4,0,saliency,-0.40410505028587307
tolokers,GeneralSheaf,true,3,4,epoch-15,0,0,cohens_d_train,0.45689398
tolokers,GeneralSheaf,true,3,4,epoch-15,1,0,cohens_d_train,0.52116
tolokers,GeneralSheaf,true,3,4,epoch-15,2,0,cohens_d_train,0.47099832
tolokers,GeneralSheaf,true,3,4,epoch-15,3,0,cohens_d_train,0.34581062
tolokers,GeneralSheaf,true,3,4,epoch-15,4,0,cohens_d_train,0.4453671
tolokers,GeneralSheaf,true,3,4,epoch-15,0,0,cohens_d_test,0.4152359
tolokers,GeneralSheaf,true,3,4,epoch-15,1,0,cohens_d_test,0.48490277
tolokers,GeneralSheaf,true,3,4,epoch-15,2,0,cohens_d_test,0.45190257
tolokers,GeneralSheaf,true,3,4,epoch-15,3,0,cohens_d_test,0.3463168
tolokers,GeneralSheaf,true,3,4,epoch-15,4,0,cohens_d_test,0.43831316
tolokers,GeneralSheaf,true,3,4,epoch-15,0,1,degree,-0.1820004171655994
tolokers,GeneralSheaf,true,3,4,epoch-15,1,1,degree,-0.19042918801938827
tolokers,GeneralSheaf,true,3,4,epoch-15,2,1,degree,0.22065973337232642
tolokers,GeneralSheaf,true,3,4,epoch-15,3,1,degree,0.34669021912250053
tolokers,GeneralSheaf,true,3,4,epoch-15,4,1,degree,0.4236887888156297
tolokers,GeneralSheaf,true,3,4,epoch-15,0,1,betweenness,-0.2225951133698199
tolokers,GeneralSheaf,true,3,4,epoch-15,1,1,betweenness,-0.27372756920570246
tolokers,GeneralSheaf,true,3,4,epoch-15,2,1,betweenness,0.05466568828676637
tolokers,GeneralSheaf,true,3,4,epoch-15,3,1,betweenness,0.18422664418961593
tolokers,GeneralSheaf,true,3,4,epoch-15,4,1,betweenness,0.24306136784867027
tolokers,GeneralSheaf,true,3,4,epoch-15,0,1,confidence,0.6289674559604685
tolokers,GeneralSheaf,true,3,4,epoch-15,1,1,confidence,0.6348806257116041
tolokers,GeneralSheaf,true,3,4,epoch-15,2,1,confidence,0.7150296699715
tolokers,GeneralSheaf,true,3,4,epoch-15,3,1,confidence,0.7076595405050484
tolokers,GeneralSheaf,true,3,4,epoch-15,4,1,confidence,0.706963815828227
tolokers,GeneralSheaf,true,3,4,epoch-15,0,1,saliency,-0.4108651984957323
tolokers,GeneralSheaf,true,3,4,epoch-15,1,1,saliency,-0.38116737906396103
tolokers,GeneralSheaf,true,3,4,epoch-15,2,1,saliency,-0.22897133350746593
tolokers,GeneralSheaf,true,3,4,epoch-15,3,1,saliency,-0.19937221125228155
tolokers,GeneralSheaf,true,3,4,epoch-15,4,1,saliency,-0.2167566047394329
tolokers,GeneralSheaf,true,3,4,epoch-15,0,1,cohens_d_train,0.52064073
tolokers,GeneralSheaf,true,3,4,epoch-15,1,1,cohens_d_train,0.36486477
tolokers,GeneralSheaf,true,3,4,epoch-15,2,1,cohens_d_train,0.32376802
tolokers,GeneralSheaf,true,3,4,epoch-15,3,1,cohens_d_train,0.3186527
tolokers,GeneralSheaf,true,3,4,epoch-15,4,1,cohens_d_train,0.3884928
tolokers,GeneralSheaf,true,3,4,epoch-15,0,1,cohens_d_test,0.4332558
tolokers,GeneralSheaf,true,3,4,epoch-15,1,1,cohens_d_test,0.2863368
tolokers,GeneralSheaf,true,3,4,epoch-15,2,1,cohens_d_test,0.2632071
tolokers,GeneralSheaf,true,3,4,epoch-15,3,1,cohens_d_test,0.26093337
tolokers,GeneralSheaf,true,3,4,epoch-15,4,1,cohens_d_test,0.3632456
tolokers,GeneralSheaf,true,3,4,epoch-15,0,2,degree,-0.31406999898322224
tolokers,GeneralSheaf,true,3,4,epoch-15,1,2,degree,-0.43205673249760773
tolokers,GeneralSheaf,true,3,4,epoch-15,2,2,degree,-0.03684398533957489
tolokers,GeneralSheaf,true,3,4,epoch-15,3,2,degree,-0.010310081931342908
tolokers,GeneralSheaf,true,3,4,epoch-15,4,2,degree,0.06882316432263917
tolokers,GeneralSheaf,true,3,4,epoch-15,0,2,betweenness,-0.35221520953331176
tolokers,GeneralSheaf,true,3,4,epoch-15,1,2,betweenness,-0.5112284902525495
tolokers,GeneralSheaf,true,3,4,epoch-15,2,2,betweenness,-0.132727431092684
tolokers,GeneralSheaf,true,3,4,epoch-15,3,2,betweenness,-0.12983675251791638
tolokers,GeneralSheaf,true,3,4,epoch-15,4,2,betweenness,-0.06359535020871596
tolokers,GeneralSheaf,true,3,4,epoch-15,0,2,confidence,0.6804427382710682
tolokers,GeneralSheaf,true,3,4,epoch-15,1,2,confidence,0.8255046112545145
tolokers,GeneralSheaf,true,3,4,epoch-15,2,2,confidence,0.6569804486989083
tolokers,GeneralSheaf,true,3,4,epoch-15,3,2,confidence,0.6858604124130329
tolokers,GeneralSheaf,true,3,4,epoch-15,4,2,confidence,0.6479801020795303
tolokers,GeneralSheaf,true,3,4,epoch-15,0,2,saliency,-0.5282075887387802
tolokers,GeneralSheaf,true,3,4,epoch-15,1,2,saliency,-0.5442664232944983
tolokers,GeneralSheaf,true,3,4,epoch-15,2,2,saliency,-0.462425974390543
tolokers,GeneralSheaf,true,3,4,epoch-15,3,2,saliency,-0.4797013351433737
tolokers,GeneralSheaf,true,3,4,epoch-15,4,2,saliency,-0.47140098810770104
tolokers,GeneralSheaf,true,3,4,epoch-15,0,2,cohens_d_train,0.67197275
tolokers,GeneralSheaf,true,3,4,epoch-15,1,2,cohens_d_train,0.6933566
tolokers,GeneralSheaf,true,3,4,epoch-15,2,2,cohens_d_train,0.5952997
tolokers,GeneralSheaf,true,3,4,epoch-15,3,2,cohens_d_train,0.59205985
tolokers,GeneralSheaf,true,3,4,epoch-15,4,2,cohens_d_train,0.5587695
tolokers,GeneralSheaf,true,3,4,epoch-15,0,2,cohens_d_test,0.6916405
tolokers,GeneralSheaf,true,3,4,epoch-15,1,2,cohens_d_test,0.6591425
tolokers,GeneralSheaf,true,3,4,epoch-15,2,2,cohens_d_test,0.5433957
tolokers,GeneralSheaf,true,3,4,epoch-15,3,2,cohens_d_test,0.5433392
tolokers,GeneralSheaf,true,3,4,epoch-15,4,2,cohens_d_test,0.5285059
tolokers,GeneralSheaf,true,3,4,epoch-15,0,3,degree,-0.2811635041391643
tolokers,GeneralSheaf,true,3,4,epoch-15,1,3,degree,-0.06858803507374506
tolokers,GeneralSheaf,true,3,4,epoch-15,2,3,degree,-0.01665701014763585
tolokers,GeneralSheaf,true,3,4,epoch-15,3,3,degree,0.06692132831896178
tolokers,GeneralSheaf,true,3,4,epoch-15,4,3,degree,0.12990505087000523
tolokers,GeneralSheaf,true,3,4,epoch-15,0,3,betweenness,-0.31733368828863934
tolokers,GeneralSheaf,true,3,4,epoch-15,1,3,betweenness,-0.15583550281024075
tolokers,GeneralSheaf,true,3,4,epoch-15,2,3,betweenness,-0.13418993778647548
tolokers,GeneralSheaf,true,3,4,epoch-15,3,3,betweenness,-0.062031546435396885
tolokers,GeneralSheaf,true,3,4,epoch-15,4,3,betweenness,-0.0033354876047484196
tolokers,GeneralSheaf,true,3,4,epoch-15,0,3,confidence,0.8432516072970251
tolokers,GeneralSheaf,true,3,4,epoch-15,1,3,confidence,0.7834374098211075
tolokers,GeneralSheaf,true,3,4,epoch-15,2,3,confidence,0.8187706100010438
tolokers,GeneralSheaf,true,3,4,epoch-15,3,3,confidence,0.8109044510436392
tolokers,GeneralSheaf,true,3,4,epoch-15,4,3,confidence,0.7953204294008046
tolokers,GeneralSheaf,true,3,4,epoch-15,0,3,saliency,-0.6555833290550745
tolokers,GeneralSheaf,true,3,4,epoch-15,1,3,saliency,-0.5834604942453513
tolokers,GeneralSheaf,true,3,4,epoch-15,2,3,saliency,-0.5699158371527513
tolokers,GeneralSheaf,true,3,4,epoch-15,3,3,saliency,-0.5517491954199697
tolokers,GeneralSheaf,true,3,4,epoch-15,4,3,saliency,-0.5358617113748055
tolokers,GeneralSheaf,true,3,4,epoch-15,0,3,cohens_d_train,0.66153806
tolokers,GeneralSheaf,true,3,4,epoch-15,1,3,cohens_d_train,0.63920635
tolokers,GeneralSheaf,true,3,4,epoch-15,2,3,cohens_d_train,0.6003114
tolokers,GeneralSheaf,true,3,4,epoch-15,3,3,cohens_d_train,0.59839827
tolokers,GeneralSheaf,true,3,4,epoch-15,4,3,cohens_d_train,0.6057692
tolokers,GeneralSheaf,true,3,4,epoch-15,0,3,cohens_d_test,0.6759979
tolokers,GeneralSheaf,true,3,4,epoch-15,1,3,cohens_d_test,0.6158758
tolokers,GeneralSheaf,true,3,4,epoch-15,2,3,cohens_d_test,0.5747057
tolokers,GeneralSheaf,true,3,4,epoch-15,3,3,cohens_d_test,0.5660756
tolokers,GeneralSheaf,true,3,4,epoch-15,4,3,cohens_d_test,0.5745955
tolokers,GeneralSheaf,true,3,4,epoch-15,0,4,degree,-0.3188994876282832
tolokers,GeneralSheaf,true,3,4,epoch-15,1,4,degree,0.10281100886558907
tolokers,GeneralSheaf,true,3,4,epoch-15,2,4,degree,-0.005703749596311633
tolokers,GeneralSheaf,true,3,4,epoch-15,3,4,degree,0.14711610940454625
tolokers,GeneralSheaf,true,3,4,epoch-15,4,4,degree,0.13043768841776326
tolokers,GeneralSheaf,true,3,4,epoch-15,0,4,betweenness,-0.35486779472663554
tolokers,GeneralSheaf,true,3,4,epoch-15,1,4,betweenness,0.036526247808431514
tolokers,GeneralSheaf,true,3,4,epoch-15,2,4,betweenness,-0.09671668807875529
tolokers,GeneralSheaf,true,3,4,epoch-15,3,4,betweenness,0.04553157739631434
tolokers,GeneralSheaf,true,3,4,epoch-15,4,4,betweenness,0.007456302544143607
tolokers,GeneralSheaf,true,3,4,epoch-15,0,4,confidence,0.6971362168494429
tolokers,GeneralSheaf,true,3,4,epoch-15,1,4,confidence,0.5948733543538152
tolokers,GeneralSheaf,true,3,4,epoch-15,2,4,confidence,0.7306546448400297
tolokers,GeneralSheaf,true,3,4,epoch-15,3,4,confidence,0.6565647401413157
tolokers,GeneralSheaf,true,3,4,epoch-15,4,4,confidence,0.682615867725724
tolokers,GeneralSheaf,true,3,4,epoch-15,0,4,saliency,-0.5353115580046739
tolokers,GeneralSheaf,true,3,4,epoch-15,1,4,saliency,-0.5116294078260493
tolokers,GeneralSheaf,true,3,4,epoch-15,2,4,saliency,-0.5603999608280505
tolokers,GeneralSheaf,true,3,4,epoch-15,3,4,saliency,-0.5279594391570557
tolokers,GeneralSheaf,true,3,4,epoch-15,4,4,saliency,-0.5124061999204454
tolokers,GeneralSheaf,true,3,4,epoch-15,0,4,cohens_d_train,0.6835563
tolokers,GeneralSheaf,true,3,4,epoch-15,1,4,cohens_d_train,0.56261265
tolokers,GeneralSheaf,true,3,4,epoch-15,2,4,cohens_d_train,0.6571409
tolokers,GeneralSheaf,true,3,4,epoch-15,3,4,cohens_d_train,0.59540355
tolokers,GeneralSheaf,true,3,4,epoch-15,4,4,cohens_d_train,0.59304935
tolokers,GeneralSheaf,true,3,4,epoch-15,0,4,cohens_d_test,0.6447278
tolokers,GeneralSheaf,true,3,4,epoch-15,1,4,cohens_d_test,0.6001752
tolokers,GeneralSheaf,true,3,4,epoch-15,2,4,cohens_d_test,0.66605216
tolokers,GeneralSheaf,true,3,4,epoch-15,3,4,cohens_d_test,0.6238709
tolokers,GeneralSheaf,true,3,4,epoch-15,4,4,cohens_d_test,0.60974133
tolokers,GeneralSheaf,true,3,4,epoch-15,0,5,degree,-0.22383400266871037
tolokers,GeneralSheaf,true,3,4,epoch-15,1,5,degree,0.0950095998978003
tolokers,GeneralSheaf,true,3,4,epoch-15,2,5,degree,0.25231035873851326
tolokers,GeneralSheaf,true,3,4,epoch-15,3,5,degree,0.20681866383557526
tolokers,GeneralSheaf,true,3,4,epoch-15,4,5,degree,0.2832860575083358
tolokers,GeneralSheaf,true,3,4,epoch-15,0,5,betweenness,-0.25705835599927224
tolokers,GeneralSheaf,true,3,4,epoch-15,1,5,betweenness,0.021859832232633283
tolokers,GeneralSheaf,true,3,4,epoch-15,2,5,betweenness,0.1659672594654007
tolokers,GeneralSheaf,true,3,4,epoch-15,3,5,betweenness,0.10822358683061507
tolokers,GeneralSheaf,true,3,4,epoch-15,4,5,betweenness,0.17942018158785905
tolokers,GeneralSheaf,true,3,4,epoch-15,0,5,confidence,0.7500959362162445
tolokers,GeneralSheaf,true,3,4,epoch-15,1,5,confidence,0.8129809672250398
tolokers,GeneralSheaf,true,3,4,epoch-15,2,5,confidence,0.7768780493320101
tolokers,GeneralSheaf,true,3,4,epoch-15,3,5,confidence,0.7687813009212102
tolokers,GeneralSheaf,true,3,4,epoch-15,4,5,confidence,0.7592273132476121
tolokers,GeneralSheaf,true,3,4,epoch-15,0,5,saliency,-0.5495010688722549
tolokers,GeneralSheaf,true,3,4,epoch-15,1,5,saliency,-0.6087309638492606
tolokers,GeneralSheaf,true,3,4,epoch-15,2,5,saliency,-0.5790789802636399
tolokers,GeneralSheaf,true,3,4,epoch-15,3,5,saliency,-0.5999497214380483
tolokers,GeneralSheaf,true,3,4,epoch-15,4,5,saliency,-0.5780495580090398
tolokers,GeneralSheaf,true,3,4,epoch-15,0,5,cohens_d_train,0.68197083
tolokers,GeneralSheaf,true,3,4,epoch-15,1,5,cohens_d_train,0.66312766
tolokers,GeneralSheaf,true,3,4,epoch-15,2,5,cohens_d_train,0.60994583
tolokers,GeneralSheaf,true,3,4,epoch-15,3,5,cohens_d_train,0.6168802
tolokers,GeneralSheaf,true,3,4,epoch-15,4,5,cohens_d_train,0.5813635
tolokers,GeneralSheaf,true,3,4,epoch-15,0,5,cohens_d_test,0.66375834
tolokers,GeneralSheaf,true,3,4,epoch-15,1,5,cohens_d_test,0.61729676
tolokers,GeneralSheaf,true,3,4,epoch-15,2,5,cohens_d_test,0.5442715
tolokers,GeneralSheaf,true,3,4,epoch-15,3,5,cohens_d_test,0.54315287
tolokers,GeneralSheaf,true,3,4,epoch-15,4,5,cohens_d_test,0.51109576
tolokers,GeneralSheaf,true,3,4,epoch-15,0,6,degree,-0.2122046486582729
tolokers,GeneralSheaf,true,3,4,epoch-15,1,6,degree,-0.13337248400082816
tolokers,GeneralSheaf,true,3,4,epoch-15,2,6,degree,-0.13063079434530736
tolokers,GeneralSheaf,true,3,4,epoch-15,3,6,degree,-0.02428498477280232
tolokers,GeneralSheaf,true,3,4,epoch-15,4,6,degree,0.021399292765249142
tolokers,GeneralSheaf,true,3,4,epoch-15,0,6,betweenness,-0.25463251591464153
tolokers,GeneralSheaf,true,3,4,epoch-15,1,6,betweenness,-0.21970732242879182
tolokers,GeneralSheaf,true,3,4,epoch-15,2,6,betweenness,-0.23117012699899903
tolokers,GeneralSheaf,true,3,4,epoch-15,3,6,betweenness,-0.1326500812891668
tolokers,GeneralSheaf,true,3,4,epoch-15,4,6,betweenness,-0.09736571031530206
tolokers,GeneralSheaf,true,3,4,epoch-15,0,6,confidence,0.8011807574304816
tolokers,GeneralSheaf,true,3,4,epoch-15,1,6,confidence,0.875577725762596
tolokers,GeneralSheaf,true,3,4,epoch-15,2,6,confidence,0.8723782773804101
tolokers,GeneralSheaf,true,3,4,epoch-15,3,6,confidence,0.840318216853792
tolokers,GeneralSheaf,true,3,4,epoch-15,4,6,confidence,0.8065305487628349
tolokers,GeneralSheaf,true,3,4,epoch-15,0,6,saliency,-0.6242262780214205
tolokers,GeneralSheaf,true,3,4,epoch-15,1,6,saliency,-0.6242181065868175
tolokers,GeneralSheaf,true,3,4,epoch-15,2,6,saliency,-0.6262193347175741
tolokers,GeneralSheaf,true,3,4,epoch-15,3,6,saliency,-0.5939469103942835
tolokers,GeneralSheaf,true,3,4,epoch-15,4,6,saliency,-0.5837526686209625
tolokers,GeneralSheaf,true,3,4,epoch-15,0,6,cohens_d_train,0.6706218
tolokers,GeneralSheaf,true,3,4,epoch-15,1,6,cohens_d_train,0.7407634
tolokers,GeneralSheaf,true,3,4,epoch-15,2,6,cohens_d_train,0.7288059
tolokers,GeneralSheaf,true,3,4,epoch-15,3,6,cohens_d_train,0.6754492
tolokers,GeneralSheaf,true,3,4,epoch-15,4,6,cohens_d_train,0.6140641
tolokers,GeneralSheaf,true,3,4,epoch-15,0,6,cohens_d_test,0.66063327
tolokers,GeneralSheaf,true,3,4,epoch-15,1,6,cohens_d_test,0.68831193
tolokers,GeneralSheaf,true,3,4,epoch-15,2,6,cohens_d_test,0.6657005
tolokers,GeneralSheaf,true,3,4,epoch-15,3,6,cohens_d_test,0.6061225
tolokers,GeneralSheaf,true,3,4,epoch-15,4,6,cohens_d_test,0.53945196
tolokers,GeneralSheaf,true,3,4,epoch-15,0,7,degree,-0.2510153735968876
tolokers,GeneralSheaf,true,3,4,epoch-15,1,7,degree,-0.08162311836856188
tolokers,GeneralSheaf,true,3,4,epoch-15,2,7,degree,0.14370096313103184
tolokers,GeneralSheaf,true,3,4,epoch-15,3,7,degree,0.268232911268199
tolokers,GeneralSheaf,true,3,4,epoch-15,4,7,degree,0.3722286241809369
tolokers,GeneralSheaf,true,3,4,epoch-15,0,7,betweenness,-0.280299250017967
tolokers,GeneralSheaf,true,3,4,epoch-15,1,7,betweenness,-0.13516379722420874
tolokers,GeneralSheaf,true,3,4,epoch-15,2,7,betweenness,0.04852380873396257
tolokers,GeneralSheaf,true,3,4,epoch-15,3,7,betweenness,0.14533765767018952
tolokers,GeneralSheaf,true,3,4,epoch-15,4,7,betweenness,0.21658074386270276
tolokers,GeneralSheaf,true,3,4,epoch-15,0,7,confidence,0.7710350103124431
tolokers,GeneralSheaf,true,3,4,epoch-15,1,7,confidence,0.7630768786754811
tolokers,GeneralSheaf,true,3,4,epoch-15,2,7,confidence,0.6735047227497614
tolokers,GeneralSheaf,true,3,4,epoch-15,3,7,confidence,0.6426133241031566
tolokers,GeneralSheaf,true,3,4,epoch-15,4,7,confidence,0.5955642854356794
tolokers,GeneralSheaf,true,3,4,epoch-15,0,7,saliency,-0.6648049069786467
tolokers,GeneralSheaf,true,3,4,epoch-15,1,7,saliency,-0.6343629329950347
tolokers,GeneralSheaf,true,3,4,epoch-15,2,7,saliency,-0.5591811066037337
tolokers,GeneralSheaf,true,3,4,epoch-15,3,7,saliency,-0.5047353478030076
tolokers,GeneralSheaf,true,3,4,epoch-15,4,7,saliency,-0.4422746264343883
tolokers,GeneralSheaf,true,3,4,epoch-15,0,7,cohens_d_train,0.6942768
tolokers,GeneralSheaf,true,3,4,epoch-15,1,7,cohens_d_train,0.72292924
tolokers,GeneralSheaf,true,3,4,epoch-15,2,7,cohens_d_train,0.6560724
tolokers,GeneralSheaf,true,3,4,epoch-15,3,7,cohens_d_train,0.59414506
tolokers,GeneralSheaf,true,3,4,epoch-15,4,7,cohens_d_train,0.5182653
tolokers,GeneralSheaf,true,3,4,epoch-15,0,7,cohens_d_test,0.664925
tolokers,GeneralSheaf,true,3,4,epoch-15,1,7,cohens_d_test,0.64279413
tolokers,GeneralSheaf,true,3,4,epoch-15,2,7,cohens_d_test,0.5266996
tolokers,GeneralSheaf,true,3,4,epoch-15,3,7,cohens_d_test,0.44824433
tolokers,GeneralSheaf,true,3,4,epoch-15,4,7,cohens_d_test,0.3727972
tolokers,GeneralSheaf,true,3,4,epoch-15,0,8,degree,-0.33621043822698765
tolokers,GeneralSheaf,true,3,4,epoch-15,1,8,degree,-0.13838931813670385
tolokers,GeneralSheaf,true,3,4,epoch-15,2,8,degree,-0.02813251686946987
tolokers,GeneralSheaf,true,3,4,epoch-15,3,8,degree,0.08243847526800156
tolokers,GeneralSheaf,true,3,4,epoch-15,4,8,degree,0.2026504109906996
tolokers,GeneralSheaf,true,3,4,epoch-15,0,8,betweenness,-0.3680596346371645
tolokers,GeneralSheaf,true,3,4,epoch-15,1,8,betweenness,-0.23038110103556328
tolokers,GeneralSheaf,true,3,4,epoch-15,2,8,betweenness,-0.15488623419399516
tolokers,GeneralSheaf,true,3,4,epoch-15,3,8,betweenness,-0.07002654794667389
tolokers,GeneralSheaf,true,3,4,epoch-15,4,8,betweenness,0.03794288544672992
tolokers,GeneralSheaf,true,3,4,epoch-15,0,8,confidence,0.7182902936350644
tolokers,GeneralSheaf,true,3,4,epoch-15,1,8,confidence,0.6247542278498185
tolokers,GeneralSheaf,true,3,4,epoch-15,2,8,confidence,0.6674157146285116
tolokers,GeneralSheaf,true,3,4,epoch-15,3,8,confidence,0.6728983426755363
tolokers,GeneralSheaf,true,3,4,epoch-15,4,8,confidence,0.6051000900528973
tolokers,GeneralSheaf,true,3,4,epoch-15,0,8,saliency,-0.525469802579602
tolokers,GeneralSheaf,true,3,4,epoch-15,1,8,saliency,-0.48083267598779866
tolokers,GeneralSheaf,true,3,4,epoch-15,2,8,saliency,-0.48806239632328974
tolokers,GeneralSheaf,true,3,4,epoch-15,3,8,saliency,-0.4691141008979102
tolokers,GeneralSheaf,true,3,4,epoch-15,4,8,saliency,-0.4389645037593418
tolokers,GeneralSheaf,true,3,4,epoch-15,0,8,cohens_d_train,0.62628347
tolokers,GeneralSheaf,true,3,4,epoch-15,1,8,cohens_d_train,0.5649152
tolokers,GeneralSheaf,true,3,4,epoch-15,2,8,cohens_d_train,0.59110683
tolokers,GeneralSheaf,true,3,4,epoch-15,3,8,cohens_d_train,0.5448006
tolokers,GeneralSheaf,true,3,4,epoch-15,4,8,cohens_d_train,0.48075488
tolokers,GeneralSheaf,true,3,4,epoch-15,0,8,cohens_d_test,0.540391
tolokers,GeneralSheaf,true,3,4,epoch-15,1,8,cohens_d_test,0.5710954
tolokers,GeneralSheaf,true,3,4,epoch-15,2,8,cohens_d_test,0.6129713
tolokers,GeneralSheaf,true,3,4,epoch-15,3,8,cohens_d_test,0.5352391
tolokers,GeneralSheaf,true,3,4,epoch-15,4,8,cohens_d_test,0.48504585
tolokers,GeneralSheaf,true,3,4,epoch-15,0,9,degree,-0.25483691113928886
tolokers,GeneralSheaf,true,3,4,epoch-15,1,9,degree,0.02104357399639944
tolokers,GeneralSheaf,true,3,4,epoch-15,2,9,degree,0.25174654999261936
tolokers,GeneralSheaf,true,3,4,epoch-15,3,9,degree,0.2619124767415558
tolokers,GeneralSheaf,true,3,4,epoch-15,4,9,degree,0.23283461242459708
tolokers,GeneralSheaf,true,3,4,epoch-15,0,9,betweenness,-0.2948129987735315
tolokers,GeneralSheaf,true,3,4,epoch-15,1,9,betweenness,-0.044637987076665456
tolokers,GeneralSheaf,true,3,4,epoch-15,2,9,betweenness,0.1564227602005834
tolokers,GeneralSheaf,true,3,4,epoch-15,3,9,betweenness,0.16068425566814143
tolokers,GeneralSheaf,true,3,4,epoch-15,4,9,betweenness,0.12722595406915094
tolokers,GeneralSheaf,true,3,4,epoch-15,0,9,confidence,0.8289681248208327
tolokers,GeneralSheaf,true,3,4,epoch-15,1,9,confidence,0.8521437227833858
tolokers,GeneralSheaf,true,3,4,epoch-15,2,9,confidence,0.7860674120548493
tolokers,GeneralSheaf,true,3,4,epoch-15,3,9,confidence,0.7862562499837101
tolokers,GeneralSheaf,true,3,4,epoch-15,4,9,confidence,0.7778104442205767
tolokers,GeneralSheaf,true,3,4,epoch-15,0,9,saliency,-0.6064216496826773
tolokers,GeneralSheaf,true,3,4,epoch-15,1,9,saliency,-0.5934302507024087
tolokers,GeneralSheaf,true,3,4,epoch-15,2,9,saliency,-0.5237225172567436
tolokers,GeneralSheaf,true,3,4,epoch-15,3,9,saliency,-0.528770860304485
tolokers,GeneralSheaf,true,3,4,epoch-15,4,9,saliency,-0.5254228565036936
tolokers,GeneralSheaf,true,3,4,epoch-15,0,9,cohens_d_train,0.71129626
tolokers,GeneralSheaf,true,3,4,epoch-15,1,9,cohens_d_train,0.6926039
tolokers,GeneralSheaf,true,3,4,epoch-15,2,9,cohens_d_train,0.59961253
tolokers,GeneralSheaf,true,3,4,epoch-15,3,9,cohens_d_train,0.59906316
tolokers,GeneralSheaf,true,3,4,epoch-15,4,9,cohens_d_train,0.5369937
tolokers,GeneralSheaf,true,3,4,epoch-15,0,9,cohens_d_test,0.6679561
tolokers,GeneralSheaf,true,3,4,epoch-15,1,9,cohens_d_test,0.6520756
tolokers,GeneralSheaf,true,3,4,epoch-15,2,9,cohens_d_test,0.5570798
tolokers,GeneralSheaf,true,3,4,epoch-15,3,9,cohens_d_test,0.57175785
tolokers,GeneralSheaf,true,3,4,epoch-15,4,9,cohens_d_test,0.5173625
tolokers,GeneralSheaf,true,3,4,epoch-50,0,0,degree,-0.3376038816375944
tolokers,GeneralSheaf,true,3,4,epoch-50,1,0,degree,-0.19196498550870483
tolokers,GeneralSheaf,true,3,4,epoch-50,2,0,degree,0.03404169393551213
tolokers,GeneralSheaf,true,3,4,epoch-50,3,0,degree,0.17455446433002572
tolokers,GeneralSheaf,true,3,4,epoch-50,4,0,degree,0.17170184348999037
tolokers,GeneralSheaf,true,3,4,epoch-50,0,0,betweenness,-0.36899218818981094
tolokers,GeneralSheaf,true,3,4,epoch-50,1,0,betweenness,-0.2409301799024952
tolokers,GeneralSheaf,true,3,4,epoch-50,2,0,betweenness,-0.04331131106902483
tolokers,GeneralSheaf,true,3,4,epoch-50,3,0,betweenness,0.08800146815402252
tolokers,GeneralSheaf,true,3,4,epoch-50,4,0,betweenness,0.07669072902749718
tolokers,GeneralSheaf,true,3,4,epoch-50,0,0,confidence,0.6029623658520769
tolokers,GeneralSheaf,true,3,4,epoch-50,1,0,confidence,0.7384077673710258
tolokers,GeneralSheaf,true,3,4,epoch-50,2,0,confidence,0.7053291711829337
tolokers,GeneralSheaf,true,3,4,epoch-50,3,0,confidence,0.6110331343363762
tolokers,GeneralSheaf,true,3,4,epoch-50,4,0,confidence,0.6913174866837083
tolokers,GeneralSheaf,true,3,4,epoch-50,0,0,saliency,-0.5004775247234917
tolokers,GeneralSheaf,true,3,4,epoch-50,1,0,saliency,-0.6203913921313712
tolokers,GeneralSheaf,true,3,4,epoch-50,2,0,saliency,-0.6348569830950117
tolokers,GeneralSheaf,true,3,4,epoch-50,3,0,saliency,-0.6179799001857674
tolokers,GeneralSheaf,true,3,4,epoch-50,4,0,saliency,-0.6683785029578065
tolokers,GeneralSheaf,true,3,4,epoch-50,0,0,cohens_d_train,0.66905046
tolokers,GeneralSheaf,true,3,4,epoch-50,1,0,cohens_d_train,0.7424157
tolokers,GeneralSheaf,true,3,4,epoch-50,2,0,cohens_d_train,0.6338978
tolokers,GeneralSheaf,true,3,4,epoch-50,3,0,cohens_d_train,0.57239157
tolokers,GeneralSheaf,true,3,4,epoch-50,4,0,cohens_d_train,0.6225229
tolokers,GeneralSheaf,true,3,4,epoch-50,0,0,cohens_d_test,0.61741066
tolokers,GeneralSheaf,true,3,4,epoch-50,1,0,cohens_d_test,0.6749578
tolokers,GeneralSheaf,true,3,4,epoch-50,2,0,cohens_d_test,0.5767008
tolokers,GeneralSheaf,true,3,4,epoch-50,3,0,cohens_d_test,0.52313787
tolokers,GeneralSheaf,true,3,4,epoch-50,4,0,cohens_d_test,0.5949174
tolokers,GeneralSheaf,true,3,4,epoch-50,0,1,degree,-0.2612910092513766
tolokers,GeneralSheaf,true,3,4,epoch-50,1,1,degree,-0.13362386327824594
tolokers,GeneralSheaf,true,3,4,epoch-50,2,1,degree,0.09179401060864854
tolokers,GeneralSheaf,true,3,4,epoch-50,3,1,degree,0.16886468204062258
tolokers,GeneralSheaf,true,3,4,epoch-50,4,1,degree,0.25571926784526605
tolokers,GeneralSheaf,true,3,4,epoch-50,0,1,betweenness,-0.29627016053179045
tolokers,GeneralSheaf,true,3,4,epoch-50,1,1,betweenness,-0.20580095526776232
tolokers,GeneralSheaf,true,3,4,epoch-50,2,1,betweenness,0.0011393444872836252
tolokers,GeneralSheaf,true,3,4,epoch-50,3,1,betweenness,0.07467183996878708
tolokers,GeneralSheaf,true,3,4,epoch-50,4,1,betweenness,0.16675770668732154
tolokers,GeneralSheaf,true,3,4,epoch-50,0,1,confidence,0.7092131734062541
tolokers,GeneralSheaf,true,3,4,epoch-50,1,1,confidence,0.7631163232882471
tolokers,GeneralSheaf,true,3,4,epoch-50,2,1,confidence,0.7376743465982923
tolokers,GeneralSheaf,true,3,4,epoch-50,3,1,confidence,0.7532062826116465
tolokers,GeneralSheaf,true,3,4,epoch-50,4,1,confidence,0.7415253749797497
tolokers,GeneralSheaf,true,3,4,epoch-50,0,1,saliency,-0.5630404637795544
tolokers,GeneralSheaf,true,3,4,epoch-50,1,1,saliency,-0.518579399131263
tolokers,GeneralSheaf,true,3,4,epoch-50,2,1,saliency,-0.4727614296489651
tolokers,GeneralSheaf,true,3,4,epoch-50,3,1,saliency,-0.5005060895041156
tolokers,GeneralSheaf,true,3,4,epoch-50,4,1,saliency,-0.5081281665592493
tolokers,GeneralSheaf,true,3,4,epoch-50,0,1,cohens_d_train,0.72364634
tolokers,GeneralSheaf,true,3,4,epoch-50,1,1,cohens_d_train,0.71328896
tolokers,GeneralSheaf,true,3,4,epoch-50,2,1,cohens_d_train,0.61501515
tolokers,GeneralSheaf,true,3,4,epoch-50,3,1,cohens_d_train,0.59473
tolokers,GeneralSheaf,true,3,4,epoch-50,4,1,cohens_d_train,0.57636344
tolokers,GeneralSheaf,true,3,4,epoch-50,0,1,cohens_d_test,0.7029763
tolokers,GeneralSheaf,true,3,4,epoch-50,1,1,cohens_d_test,0.7062847
tolokers,GeneralSheaf,true,3,4,epoch-50,2,1,cohens_d_test,0.61609375
tolokers,GeneralSheaf,true,3,4,epoch-50,3,1,cohens_d_test,0.6296011
tolokers,GeneralSheaf,true,3,4,epoch-50,4,1,cohens_d_test,0.6140803
tolokers,GeneralSheaf,true,3,4,epoch-50,0,2,degree,-0.33218943664726824
tolokers,GeneralSheaf,true,3,4,epoch-50,1,2,degree,-0.3108791692527465
tolokers,GeneralSheaf,true,3,4,epoch-50,2,2,degree,-0.013034338719958594
tolokers,GeneralSheaf,true,3,4,epoch-50,3,2,degree,0.13983436343228886
tolokers,GeneralSheaf,true,3,4,epoch-50,4,2,degree,0.14519213882771648
tolokers,GeneralSheaf,true,3,4,epoch-50,0,2,betweenness,-0.36432710681667996
tolokers,GeneralSheaf,true,3,4,epoch-50,1,2,betweenness,-0.3661673257398413
tolokers,GeneralSheaf,true,3,4,epoch-50,2,2,betweenness,-0.08159665985012374
tolokers,GeneralSheaf,true,3,4,epoch-50,3,2,betweenness,0.06511600900710071
tolokers,GeneralSheaf,true,3,4,epoch-50,4,2,betweenness,0.06418702122859928
tolokers,GeneralSheaf,true,3,4,epoch-50,0,2,confidence,0.6202182190651119
tolokers,GeneralSheaf,true,3,4,epoch-50,1,2,confidence,0.7130403418538643
tolokers,GeneralSheaf,true,3,4,epoch-50,2,2,confidence,0.7270648308920103
tolokers,GeneralSheaf,true,3,4,epoch-50,3,2,confidence,0.7267314057368239
tolokers,GeneralSheaf,true,3,4,epoch-50,4,2,confidence,0.7359964650748011
tolokers,GeneralSheaf,true,3,4,epoch-50,0,2,saliency,-0.5327631334396489
tolokers,GeneralSheaf,true,3,4,epoch-50,1,2,saliency,-0.567234066318711
tolokers,GeneralSheaf,true,3,4,epoch-50,2,2,saliency,-0.5798472518231155
tolokers,GeneralSheaf,true,3,4,epoch-50,3,2,saliency,-0.5829488586134114
tolokers,GeneralSheaf,true,3,4,epoch-50,4,2,saliency,-0.5863381823321157
tolokers,GeneralSheaf,true,3,4,epoch-50,0,2,cohens_d_train,0.6966863
tolokers,GeneralSheaf,true,3,4,epoch-50,1,2,cohens_d_train,0.74194646
tolokers,GeneralSheaf,true,3,4,epoch-50,2,2,cohens_d_train,0.7318433
tolokers,GeneralSheaf,true,3,4,epoch-50,3,2,cohens_d_train,0.6910545
tolokers,GeneralSheaf,true,3,4,epoch-50,4,2,cohens_d_train,0.6502001
tolokers,GeneralSheaf,true,3,4,epoch-50,0,2,cohens_d_test,0.73705596
tolokers,GeneralSheaf,true,3,4,epoch-50,1,2,cohens_d_test,0.7751073
tolokers,GeneralSheaf,true,3,4,epoch-50,2,2,cohens_d_test,0.7841381
tolokers,GeneralSheaf,true,3,4,epoch-50,3,2,cohens_d_test,0.74168193
tolokers,GeneralSheaf,true,3,4,epoch-50,4,2,cohens_d_test,0.7303017
tolokers,GeneralSheaf,true,3,4,epoch-50,0,3,degree,-0.286558678276651
tolokers,GeneralSheaf,true,3,4,epoch-50,1,3,degree,-0.2295008338581506
tolokers,GeneralSheaf,true,3,4,epoch-50,2,3,degree,-0.058309758695808664
tolokers,GeneralSheaf,true,3,4,epoch-50,3,3,degree,0.02896872102575837
tolokers,GeneralSheaf,true,3,4,epoch-50,4,3,degree,0.04601799369924782
tolokers,GeneralSheaf,true,3,4,epoch-50,0,3,betweenness,-0.31251732473003313
tolokers,GeneralSheaf,true,3,4,epoch-50,1,3,betweenness,-0.27763153438588456
tolokers,GeneralSheaf,true,3,4,epoch-50,2,3,betweenness,-0.13930998078453571
tolokers,GeneralSheaf,true,3,4,epoch-50,3,3,betweenness,-0.0624385703006842
tolokers,GeneralSheaf,true,3,4,epoch-50,4,3,betweenness,-0.05411905614731157
tolokers,GeneralSheaf,true,3,4,epoch-50,0,3,confidence,0.7568030498892416
tolokers,GeneralSheaf,true,3,4,epoch-50,1,3,confidence,0.8174760959052058
tolokers,GeneralSheaf,true,3,4,epoch-50,2,3,confidence,0.783846551589244
tolokers,GeneralSheaf,true,3,4,epoch-50,3,3,confidence,0.7982026626115739
tolokers,GeneralSheaf,true,3,4,epoch-50,4,3,confidence,0.8301508499072869
tolokers,GeneralSheaf,true,3,4,epoch-50,0,3,saliency,-0.6190577926184822
tolokers,GeneralSheaf,true,3,4,epoch-50,1,3,saliency,-0.6527280235799661
tolokers,GeneralSheaf,true,3,4,epoch-50,2,3,saliency,-0.659218845335735
tolokers,GeneralSheaf,true,3,4,epoch-50,3,3,saliency,-0.6694611746138214
tolokers,GeneralSheaf,true,3,4,epoch-50,4,3,saliency,-0.6961216375331815
tolokers,GeneralSheaf,true,3,4,epoch-50,0,3,cohens_d_train,0.7089728
tolokers,GeneralSheaf,true,3,4,epoch-50,1,3,cohens_d_train,0.7569154
tolokers,GeneralSheaf,true,3,4,epoch-50,2,3,cohens_d_train,0.7525278
tolokers,GeneralSheaf,true,3,4,epoch-50,3,3,cohens_d_train,0.7558112
tolokers,GeneralSheaf,true,3,4,epoch-50,4,3,cohens_d_train,0.80648017
tolokers,GeneralSheaf,true,3,4,epoch-50,0,3,cohens_d_test,0.70652014
tolokers,GeneralSheaf,true,3,4,epoch-50,1,3,cohens_d_test,0.75410366
tolokers,GeneralSheaf,true,3,4,epoch-50,2,3,cohens_d_test,0.74211377
tolokers,GeneralSheaf,true,3,4,epoch-50,3,3,cohens_d_test,0.75104606
tolokers,GeneralSheaf,true,3,4,epoch-50,4,3,cohens_d_test,0.8133687
tolokers,GeneralSheaf,true,3,4,epoch-50,0,4,degree,-0.3194982739064978
tolokers,GeneralSheaf,true,3,4,epoch-50,1,4,degree,-0.057792685198381155
tolokers,GeneralSheaf,true,3,4,epoch-50,2,4,degree,0.08912983457170855
tolokers,GeneralSheaf,true,3,4,epoch-50,3,4,degree,0.25013300955785983
tolokers,GeneralSheaf,true,3,4,epoch-50,4,4,degree,0.22591220329243666
tolokers,GeneralSheaf,true,3,4,epoch-50,0,4,betweenness,-0.34992190323915306
tolokers,GeneralSheaf,true,3,4,epoch-50,1,4,betweenness,-0.0965125039112644
tolokers,GeneralSheaf,true,3,4,epoch-50,2,4,betweenness,0.02146692378765468
tolokers,GeneralSheaf,true,3,4,epoch-50,3,4,betweenness,0.17267526197178423
tolokers,GeneralSheaf,true,3,4,epoch-50,4,4,betweenness,0.1300684117377899
tolokers,GeneralSheaf,true,3,4,epoch-50,0,4,confidence,0.6595400636349208
tolokers,GeneralSheaf,true,3,4,epoch-50,1,4,confidence,0.6647149030946145
tolokers,GeneralSheaf,true,3,4,epoch-50,2,4,confidence,0.6823244796006811
tolokers,GeneralSheaf,true,3,4,epoch-50,3,4,confidence,0.6174794851427942
tolokers,GeneralSheaf,true,3,4,epoch-50,4,4,confidence,0.6628487827385896
tolokers,GeneralSheaf,true,3,4,epoch-50,0,4,saliency,-0.48694398367269714
tolokers,GeneralSheaf,true,3,4,epoch-50,1,4,saliency,-0.4832663422842233
tolokers,GeneralSheaf,true,3,4,epoch-50,2,4,saliency,-0.49122232063910604
tolokers,GeneralSheaf,true,3,4,epoch-50,3,4,saliency,-0.44663741743745905
tolokers,GeneralSheaf,true,3,4,epoch-50,4,4,saliency,-0.47931733818931993
tolokers,GeneralSheaf,true,3,4,epoch-50,0,4,cohens_d_train,0.6966329
tolokers,GeneralSheaf,true,3,4,epoch-50,1,4,cohens_d_train,0.7004906
tolokers,GeneralSheaf,true,3,4,epoch-50,2,4,cohens_d_train,0.70341736
tolokers,GeneralSheaf,true,3,4,epoch-50,3,4,cohens_d_train,0.57071805
tolokers,GeneralSheaf,true,3,4,epoch-50,4,4,cohens_d_train,0.54983515
tolokers,GeneralSheaf,true,3,4,epoch-50,0,4,cohens_d_test,0.6759169
tolokers,GeneralSheaf,true,3,4,epoch-50,1,4,cohens_d_test,0.7168795
tolokers,GeneralSheaf,true,3,4,epoch-50,2,4,cohens_d_test,0.72485
tolokers,GeneralSheaf,true,3,4,epoch-50,3,4,cohens_d_test,0.6099043
tolokers,GeneralSheaf,true,3,4,epoch-50,4,4,cohens_d_test,0.5904888
tolokers,GeneralSheaf,true,3,4,epoch-50,0,5,degree,-0.2768908499228575
tolokers,GeneralSheaf,true,3,4,epoch-50,1,5,degree,-0.025983824332661814
tolokers,GeneralSheaf,true,3,4,epoch-50,2,5,degree,0.055395236054067584
tolokers,GeneralSheaf,true,3,4,epoch-50,3,5,degree,0.12973784821685722
tolokers,GeneralSheaf,true,3,4,epoch-50,4,5,degree,0.12278014697309506
tolokers,GeneralSheaf,true,3,4,epoch-50,0,5,betweenness,-0.3110653472167309
tolokers,GeneralSheaf,true,3,4,epoch-50,1,5,betweenness,-0.08462979226720531
tolokers,GeneralSheaf,true,3,4,epoch-50,2,5,betweenness,-0.027306209608194642
tolokers,GeneralSheaf,true,3,4,epoch-50,3,5,betweenness,0.03389887943062265
tolokers,GeneralSheaf,true,3,4,epoch-50,4,5,betweenness,0.0329961628357885
tolokers,GeneralSheaf,true,3,4,epoch-50,0,5,confidence,0.6965523354487428
tolokers,GeneralSheaf,true,3,4,epoch-50,1,5,confidence,0.7737031022363725
tolokers,GeneralSheaf,true,3,4,epoch-50,2,5,confidence,0.811911514419629
tolokers,GeneralSheaf,true,3,4,epoch-50,3,5,confidence,0.7984064448587923
tolokers,GeneralSheaf,true,3,4,epoch-50,4,5,confidence,0.8143325159348624
tolokers,GeneralSheaf,true,3,4,epoch-50,0,5,saliency,-0.5054113009127872
tolokers,GeneralSheaf,true,3,4,epoch-50,1,5,saliency,-0.5661814865256527
tolokers,GeneralSheaf,true,3,4,epoch-50,2,5,saliency,-0.5919562095066372
tolokers,GeneralSheaf,true,3,4,epoch-50,3,5,saliency,-0.6139660075314468
tolokers,GeneralSheaf,true,3,4,epoch-50,4,5,saliency,-0.6327237741155765
tolokers,GeneralSheaf,true,3,4,epoch-50,0,5,cohens_d_train,0.68616325
tolokers,GeneralSheaf,true,3,4,epoch-50,1,5,cohens_d_train,0.7135165
tolokers,GeneralSheaf,true,3,4,epoch-50,2,5,cohens_d_train,0.7394657
tolokers,GeneralSheaf,true,3,4,epoch-50,3,5,cohens_d_train,0.7651582
tolokers,GeneralSheaf,true,3,4,epoch-50,4,5,cohens_d_train,0.7857383
tolokers,GeneralSheaf,true,3,4,epoch-50,0,5,cohens_d_test,0.6747126
tolokers,GeneralSheaf,true,3,4,epoch-50,1,5,cohens_d_test,0.672168
tolokers,GeneralSheaf,true,3,4,epoch-50,2,5,cohens_d_test,0.67563766
tolokers,GeneralSheaf,true,3,4,epoch-50,3,5,cohens_d_test,0.6739057
tolokers,GeneralSheaf,true,3,4,epoch-50,4,5,cohens_d_test,0.7030846
tolokers,GeneralSheaf,true,3,4,epoch-50,0,6,degree,-0.32374072795031367
tolokers,GeneralSheaf,true,3,4,epoch-50,1,6,degree,-0.13958971088894961
tolokers,GeneralSheaf,true,3,4,epoch-50,2,6,degree,-0.173732687070865
tolokers,GeneralSheaf,true,3,4,epoch-50,3,6,degree,-0.08056155918018815
tolokers,GeneralSheaf,true,3,4,epoch-50,4,6,degree,0.053102867153274315
tolokers,GeneralSheaf,true,3,4,epoch-50,0,6,betweenness,-0.34704390162775767
tolokers,GeneralSheaf,true,3,4,epoch-50,1,6,betweenness,-0.1879361595619619
tolokers,GeneralSheaf,true,3,4,epoch-50,2,6,betweenness,-0.2264418809741676
tolokers,GeneralSheaf,true,3,4,epoch-50,3,6,betweenness,-0.13799934374983752
tolokers,GeneralSheaf,true,3,4,epoch-50,4,6,betweenness,-0.018427322306025534
tolokers,GeneralSheaf,true,3,4,epoch-50,0,6,confidence,0.6983978513690386
tolokers,GeneralSheaf,true,3,4,epoch-50,1,6,confidence,0.8207482253442249
tolokers,GeneralSheaf,true,3,4,epoch-50,2,6,confidence,0.8649261184881442
tolokers,GeneralSheaf,true,3,4,epoch-50,3,6,confidence,0.8692480182942423
tolokers,GeneralSheaf,true,3,4,epoch-50,4,6,confidence,0.8846773601471273
tolokers,GeneralSheaf,true,3,4,epoch-50,0,6,saliency,-0.5911045053466359
tolokers,GeneralSheaf,true,3,4,epoch-50,1,6,saliency,-0.6832453275995722
tolokers,GeneralSheaf,true,3,4,epoch-50,2,6,saliency,-0.7111382564819396
tolokers,GeneralSheaf,true,3,4,epoch-50,3,6,saliency,-0.7193103686134547
tolokers,GeneralSheaf,true,3,4,epoch-50,4,6,saliency,-0.7409104849898392
tolokers,GeneralSheaf,true,3,4,epoch-50,0,6,cohens_d_train,0.6732028
tolokers,GeneralSheaf,true,3,4,epoch-50,1,6,cohens_d_train,0.7533342
tolokers,GeneralSheaf,true,3,4,epoch-50,2,6,cohens_d_train,0.79989535
tolokers,GeneralSheaf,true,3,4,epoch-50,3,6,cohens_d_train,0.8071567
tolokers,GeneralSheaf,true,3,4,epoch-50,4,6,cohens_d_train,0.8543759
tolokers,GeneralSheaf,true,3,4,epoch-50,0,6,cohens_d_test,0.66024387
tolokers,GeneralSheaf,true,3,4,epoch-50,1,6,cohens_d_test,0.73488116
tolokers,GeneralSheaf,true,3,4,epoch-50,2,6,cohens_d_test,0.78496283
tolokers,GeneralSheaf,true,3,4,epoch-50,3,6,cohens_d_test,0.7871731
tolokers,GeneralSheaf,true,3,4,epoch-50,4,6,cohens_d_test,0.81705534
tolokers,GeneralSheaf,true,3,4,epoch-50,0,7,degree,-0.2861061351297597
tolokers,GeneralSheaf,true,3,4,epoch-50,1,7,degree,-0.13334137359440584
tolokers,GeneralSheaf,true,3,4,epoch-50,2,7,degree,0.09044559561071006
tolokers,GeneralSheaf,true,3,4,epoch-50,3,7,degree,0.2512093019869812
tolokers,GeneralSheaf,true,3,4,epoch-50,4,7,degree,0.41051977504714154
tolokers,GeneralSheaf,true,3,4,epoch-50,0,7,betweenness,-0.31261190248371146
tolokers,GeneralSheaf,true,3,4,epoch-50,1,7,betweenness,-0.1733105732792383
tolokers,GeneralSheaf,true,3,4,epoch-50,2,7,betweenness,0.02861805301016507
tolokers,GeneralSheaf,true,3,4,epoch-50,3,7,betweenness,0.1608475613676243
tolokers,GeneralSheaf,true,3,4,epoch-50,4,7,betweenness,0.28931477047635956
tolokers,GeneralSheaf,true,3,4,epoch-50,0,7,confidence,0.6934377953307405
tolokers,GeneralSheaf,true,3,4,epoch-50,1,7,confidence,0.7471971892973422
tolokers,GeneralSheaf,true,3,4,epoch-50,2,7,confidence,0.7027343328529302
tolokers,GeneralSheaf,true,3,4,epoch-50,3,7,confidence,0.704749898308709
tolokers,GeneralSheaf,true,3,4,epoch-50,4,7,confidence,0.5401259861182159
tolokers,GeneralSheaf,true,3,4,epoch-50,0,7,saliency,-0.6028375187141645
tolokers,GeneralSheaf,true,3,4,epoch-50,1,7,saliency,-0.6435855845129848
tolokers,GeneralSheaf,true,3,4,epoch-50,2,7,saliency,-0.6227733077154348
tolokers,GeneralSheaf,true,3,4,epoch-50,3,7,saliency,-0.6253024464841377
tolokers,GeneralSheaf,true,3,4,epoch-50,4,7,saliency,-0.5107839307153319
tolokers,GeneralSheaf,true,3,4,epoch-50,0,7,cohens_d_train,0.72234666
tolokers,GeneralSheaf,true,3,4,epoch-50,1,7,cohens_d_train,0.74144673
tolokers,GeneralSheaf,true,3,4,epoch-50,2,7,cohens_d_train,0.7107319
tolokers,GeneralSheaf,true,3,4,epoch-50,3,7,cohens_d_train,0.68268496
tolokers,GeneralSheaf,true,3,4,epoch-50,4,7,cohens_d_train,0.49836746
tolokers,GeneralSheaf,true,3,4,epoch-50,0,7,cohens_d_test,0.6767738
tolokers,GeneralSheaf,true,3,4,epoch-50,1,7,cohens_d_test,0.7129931
tolokers,GeneralSheaf,true,3,4,epoch-50,2,7,cohens_d_test,0.65509105
tolokers,GeneralSheaf,true,3,4,epoch-50,3,7,cohens_d_test,0.64651245
tolokers,GeneralSheaf,true,3,4,epoch-50,4,7,cohens_d_test,0.4245041
tolokers,GeneralSheaf,true,3,4,epoch-50,0,8,degree,-0.3357612562954581
tolokers,GeneralSheaf,true,3,4,epoch-50,1,8,degree,-0.0234068564455273
tolokers,GeneralSheaf,true,3,4,epoch-50,2,8,degree,0.09619988543476349
tolokers,GeneralSheaf,true,3,4,epoch-50,3,8,degree,0.21321372312261624
tolokers,GeneralSheaf,true,3,4,epoch-50,4,8,degree,0.30407678402235333
tolokers,GeneralSheaf,true,3,4,epoch-50,0,8,betweenness,-0.36349627024734266
tolokers,GeneralSheaf,true,3,4,epoch-50,1,8,betweenness,-0.08994548710878594
tolokers,GeneralSheaf,true,3,4,epoch-50,2,8,betweenness,0.016974153597597758
tolokers,GeneralSheaf,true,3,4,epoch-50,3,8,betweenness,0.13182308791781014
tolokers,GeneralSheaf,true,3,4,epoch-50,4,8,betweenness,0.2278983744379363
tolokers,GeneralSheaf,true,3,4,epoch-50,0,8,confidence,0.6557613789706943
tolokers,GeneralSheaf,true,3,4,epoch-50,1,8,confidence,0.7431301230852474
tolokers,GeneralSheaf,true,3,4,epoch-50,2,8,confidence,0.7365162418811722
tolokers,GeneralSheaf,true,3,4,epoch-50,3,8,confidence,0.6748200204707571
tolokers,GeneralSheaf,true,3,4,epoch-50,4,8,confidence,0.6118970391536903
tolokers,GeneralSheaf,true,3,4,epoch-50,0,8,saliency,-0.4764852719874342
tolokers,GeneralSheaf,true,3,4,epoch-50,1,8,saliency,-0.5387367919254145
tolokers,GeneralSheaf,true,3,4,epoch-50,2,8,saliency,-0.5381322350010058
tolokers,GeneralSheaf,true,3,4,epoch-50,3,8,saliency,-0.5113245102371804
tolokers,GeneralSheaf,true,3,4,epoch-50,4,8,saliency,-0.47296964993223445
tolokers,GeneralSheaf,true,3,4,epoch-50,0,8,cohens_d_train,0.6790627
tolokers,GeneralSheaf,true,3,4,epoch-50,1,8,cohens_d_train,0.7206069
tolokers,GeneralSheaf,true,3,4,epoch-50,2,8,cohens_d_train,0.714253
tolokers,GeneralSheaf,true,3,4,epoch-50,3,8,cohens_d_train,0.64640796
tolokers,GeneralSheaf,true,3,4,epoch-50,4,8,cohens_d_train,0.5720068
tolokers,GeneralSheaf,true,3,4,epoch-50,0,8,cohens_d_test,0.67363095
tolokers,GeneralSheaf,true,3,4,epoch-50,1,8,cohens_d_test,0.7159253
tolokers,GeneralSheaf,true,3,4,epoch-50,2,8,cohens_d_test,0.7016726
tolokers,GeneralSheaf,true,3,4,epoch-50,3,8,cohens_d_test,0.61315525
tolokers,GeneralSheaf,true,3,4,epoch-50,4,8,cohens_d_test,0.53270173
tolokers,GeneralSheaf,true,3,4,epoch-50,0,9,degree,-0.2977160360430049
tolokers,GeneralSheaf,true,3,4,epoch-50,1,9,degree,-0.07576279369143049
tolokers,GeneralSheaf,true,3,4,epoch-50,2,9,degree,0.12966140886776611
tolokers,GeneralSheaf,true,3,4,epoch-50,3,9,degree,0.1938930474955775
tolokers,GeneralSheaf,true,3,4,epoch-50,4,9,degree,0.21552421475292888
tolokers,GeneralSheaf,true,3,4,epoch-50,0,9,betweenness,-0.327841210819104
tolokers,GeneralSheaf,true,3,4,epoch-50,1,9,betweenness,-0.13082464381453587
tolokers,GeneralSheaf,true,3,4,epoch-50,2,9,betweenness,0.04698517826111645
tolokers,GeneralSheaf,true,3,4,epoch-50,3,9,betweenness,0.10727764242002986
tolokers,GeneralSheaf,true,3,4,epoch-50,4,9,betweenness,0.11871668547809561
tolokers,GeneralSheaf,true,3,4,epoch-50,0,9,confidence,0.7050492286730132
tolokers,GeneralSheaf,true,3,4,epoch-50,1,9,confidence,0.773892611000777
tolokers,GeneralSheaf,true,3,4,epoch-50,2,9,confidence,0.771723039029573
tolokers,GeneralSheaf,true,3,4,epoch-50,3,9,confidence,0.7753469766852745
tolokers,GeneralSheaf,true,3,4,epoch-50,4,9,confidence,0.7547736878668347
tolokers,GeneralSheaf,true,3,4,epoch-50,0,9,saliency,-0.583808749286764
tolokers,GeneralSheaf,true,3,4,epoch-50,1,9,saliency,-0.6434399059569028
tolokers,GeneralSheaf,true,3,4,epoch-50,2,9,saliency,-0.6463424801224503
tolokers,GeneralSheaf,true,3,4,epoch-50,3,9,saliency,-0.6495171440565071
tolokers,GeneralSheaf,true,3,4,epoch-50,4,9,saliency,-0.6450891466417774
tolokers,GeneralSheaf,true,3,4,epoch-50,0,9,cohens_d_train,0.6992228
tolokers,GeneralSheaf,true,3,4,epoch-50,1,9,cohens_d_train,0.741909
tolokers,GeneralSheaf,true,3,4,epoch-50,2,9,cohens_d_train,0.7115537
tolokers,GeneralSheaf,true,3,4,epoch-50,3,9,cohens_d_train,0.6810602
tolokers,GeneralSheaf,true,3,4,epoch-50,4,9,cohens_d_train,0.660875
tolokers,GeneralSheaf,true,3,4,epoch-50,0,9,cohens_d_test,0.6858624
tolokers,GeneralSheaf,true,3,4,epoch-50,1,9,cohens_d_test,0.72759426
tolokers,GeneralSheaf,true,3,4,epoch-50,2,9,cohens_d_test,0.7049413
tolokers,GeneralSheaf,true,3,4,epoch-50,3,9,cohens_d_test,0.7051187
tolokers,GeneralSheaf,true,3,4,epoch-50,4,9,cohens_d_test,0.69147706
tolokers,GeneralSheaf,true,3,4,epoch-200,0,0,degree,-0.32028255425480834
tolokers,GeneralSheaf,true,3,4,epoch-200,1,0,degree,-0.16797020322967293
tolokers,GeneralSheaf,true,3,4,epoch-200,2,0,degree,0.30333390161574164
tolokers,GeneralSheaf,true,3,4,epoch-200,3,0,degree,0.38434036130442306
tolokers,GeneralSheaf,true,3,4,epoch-200,4,0,degree,0.30814796539106243
tolokers,GeneralSheaf,true,3,4,epoch-200,0,0,betweenness,-0.3431807604803533
tolokers,GeneralSheaf,true,3,4,epoch-200,1,0,betweenness,-0.21905864321230248
tolokers,GeneralSheaf,true,3,4,epoch-200,2,0,betweenness,0.230267480394071
tolokers,GeneralSheaf,true,3,4,epoch-200,3,0,betweenness,0.30164968420020516
tolokers,GeneralSheaf,true,3,4,epoch-200,4,0,betweenness,0.22583340479075187
tolokers,GeneralSheaf,true,3,4,epoch-200,0,0,confidence,0.5104470733668722
tolokers,GeneralSheaf,true,3,4,epoch-200,1,0,confidence,0.5550136739096064
tolokers,GeneralSheaf,true,3,4,epoch-200,2,0,confidence,0.44820468190447504
tolokers,GeneralSheaf,true,3,4,epoch-200,3,0,confidence,0.4662798000539194
tolokers,GeneralSheaf,true,3,4,epoch-200,4,0,confidence,0.5266369645494083
tolokers,GeneralSheaf,true,3,4,epoch-200,0,0,saliency,-0.41224276790453723
tolokers,GeneralSheaf,true,3,4,epoch-200,1,0,saliency,-0.448913524048155
tolokers,GeneralSheaf,true,3,4,epoch-200,2,0,saliency,-0.3652554244732814
tolokers,GeneralSheaf,true,3,4,epoch-200,3,0,saliency,-0.38409671031949943
tolokers,GeneralSheaf,true,3,4,epoch-200,4,0,saliency,-0.4265140497292791
tolokers,GeneralSheaf,true,3,4,epoch-200,0,0,cohens_d_train,0.62187773
tolokers,GeneralSheaf,true,3,4,epoch-200,1,0,cohens_d_train,0.5529413
tolokers,GeneralSheaf,true,3,4,epoch-200,2,0,cohens_d_train,0.3904653
tolokers,GeneralSheaf,true,3,4,epoch-200,3,0,cohens_d_train,0.38464475
tolokers,GeneralSheaf,true,3,4,epoch-200,4,0,cohens_d_train,0.45318532
tolokers,GeneralSheaf,true,3,4,epoch-200,0,0,cohens_d_test,0.5731504
tolokers,GeneralSheaf,true,3,4,epoch-200,1,0,cohens_d_test,0.50811493
tolokers,GeneralSheaf,true,3,4,epoch-200,2,0,cohens_d_test,0.3982805
tolokers,GeneralSheaf,true,3,4,epoch-200,3,0,cohens_d_test,0.41579065
tolokers,GeneralSheaf,true,3,4,epoch-200,4,0,cohens_d_test,0.4893482
tolokers,GeneralSheaf,true,3,4,epoch-200,0,1,degree,-0.26551476752749986
tolokers,GeneralSheaf,true,3,4,epoch-200,1,1,degree,-0.05396345240161832
tolokers,GeneralSheaf,true,3,4,epoch-200,2,1,degree,0.10627900779899369
tolokers,GeneralSheaf,true,3,4,epoch-200,3,1,degree,0.22096664500258334
tolokers,GeneralSheaf,true,3,4,epoch-200,4,1,degree,0.3384233531661593
tolokers,GeneralSheaf,true,3,4,epoch-200,0,1,betweenness,-0.2934539080190825
tolokers,GeneralSheaf,true,3,4,epoch-200,1,1,betweenness,-0.10403731980998908
tolokers,GeneralSheaf,true,3,4,epoch-200,2,1,betweenness,0.04948176375605306
tolokers,GeneralSheaf,true,3,4,epoch-200,3,1,betweenness,0.15276259818783997
tolokers,GeneralSheaf,true,3,4,epoch-200,4,1,betweenness,0.2727015652258601
tolokers,GeneralSheaf,true,3,4,epoch-200,0,1,confidence,0.6068246830577673
tolokers,GeneralSheaf,true,3,4,epoch-200,1,1,confidence,0.6164595626668231
tolokers,GeneralSheaf,true,3,4,epoch-200,2,1,confidence,0.632873901320114
tolokers,GeneralSheaf,true,3,4,epoch-200,3,1,confidence,0.6188528394139106
tolokers,GeneralSheaf,true,3,4,epoch-200,4,1,confidence,0.5665947229634272
tolokers,GeneralSheaf,true,3,4,epoch-200,0,1,saliency,-0.47361557289949624
tolokers,GeneralSheaf,true,3,4,epoch-200,1,1,saliency,-0.4371825388232102
tolokers,GeneralSheaf,true,3,4,epoch-200,2,1,saliency,-0.42754888357416587
tolokers,GeneralSheaf,true,3,4,epoch-200,3,1,saliency,-0.4260351166768746
tolokers,GeneralSheaf,true,3,4,epoch-200,4,1,saliency,-0.3729860506030187
tolokers,GeneralSheaf,true,3,4,epoch-200,0,1,cohens_d_train,0.67093116
tolokers,GeneralSheaf,true,3,4,epoch-200,1,1,cohens_d_train,0.654147
tolokers,GeneralSheaf,true,3,4,epoch-200,2,1,cohens_d_train,0.57159287
tolokers,GeneralSheaf,true,3,4,epoch-200,3,1,cohens_d_train,0.50798106
tolokers,GeneralSheaf,true,3,4,epoch-200,4,1,cohens_d_train,0.43809322
tolokers,GeneralSheaf,true,3,4,epoch-200,0,1,cohens_d_test,0.62772727
tolokers,GeneralSheaf,true,3,4,epoch-200,1,1,cohens_d_test,0.6160067
tolokers,GeneralSheaf,true,3,4,epoch-200,2,1,cohens_d_test,0.52688813
tolokers,GeneralSheaf,true,3,4,epoch-200,3,1,cohens_d_test,0.4708794
tolokers,GeneralSheaf,true,3,4,epoch-200,4,1,cohens_d_test,0.39462036
tolokers,GeneralSheaf,true,3,4,epoch-200,0,2,degree,-0.30457638533399345
tolokers,GeneralSheaf,true,3,4,epoch-200,1,2,degree,-0.0390128605378957
tolokers,GeneralSheaf,true,3,4,epoch-200,2,2,degree,0.148498556818337
tolokers,GeneralSheaf,true,3,4,epoch-200,3,2,degree,0.3471714299464031
tolokers,GeneralSheaf,true,3,4,epoch-200,4,2,degree,0.4076545719810473
tolokers,GeneralSheaf,true,3,4,epoch-200,0,2,betweenness,-0.3269290601243751
tolokers,GeneralSheaf,true,3,4,epoch-200,1,2,betweenness,-0.06337828606484587
tolokers,GeneralSheaf,true,3,4,epoch-200,2,2,betweenness,0.11722424763195866
tolokers,GeneralSheaf,true,3,4,epoch-200,3,2,betweenness,0.3074145486814266
tolokers,GeneralSheaf,true,3,4,epoch-200,4,2,betweenness,0.3616186434015029
tolokers,GeneralSheaf,true,3,4,epoch-200,0,2,confidence,0.6076318302868735
tolokers,GeneralSheaf,true,3,4,epoch-200,1,2,confidence,0.612597176673646
tolokers,GeneralSheaf,true,3,4,epoch-200,2,2,confidence,0.6339427979426221
tolokers,GeneralSheaf,true,3,4,epoch-200,3,2,confidence,0.5811945560836205
tolokers,GeneralSheaf,true,3,4,epoch-200,4,2,confidence,0.5437237903258878
tolokers,GeneralSheaf,true,3,4,epoch-200,0,2,saliency,-0.49063302841375783
tolokers,GeneralSheaf,true,3,4,epoch-200,1,2,saliency,-0.4725092311207378
tolokers,GeneralSheaf,true,3,4,epoch-200,2,2,saliency,-0.4982948504549948
tolokers,GeneralSheaf,true,3,4,epoch-200,3,2,saliency,-0.4578823349102541
tolokers,GeneralSheaf,true,3,4,epoch-200,4,2,saliency,-0.4249839971270899
tolokers,GeneralSheaf,true,3,4,epoch-200,0,2,cohens_d_train,0.6553062
tolokers,GeneralSheaf,true,3,4,epoch-200,1,2,cohens_d_train,0.5890289
tolokers,GeneralSheaf,true,3,4,epoch-200,2,2,cohens_d_train,0.5402343
tolokers,GeneralSheaf,true,3,4,epoch-200,3,2,cohens_d_train,0.4412435
tolokers,GeneralSheaf,true,3,4,epoch-200,4,2,cohens_d_train,0.3952714
tolokers,GeneralSheaf,true,3,4,epoch-200,0,2,cohens_d_test,0.66786677
tolokers,GeneralSheaf,true,3,4,epoch-200,1,2,cohens_d_test,0.61224765
tolokers,GeneralSheaf,true,3,4,epoch-200,2,2,cohens_d_test,0.5725478
tolokers,GeneralSheaf,true,3,4,epoch-200,3,2,cohens_d_test,0.46771213
tolokers,GeneralSheaf,true,3,4,epoch-200,4,2,cohens_d_test,0.42988768
tolokers,GeneralSheaf,true,3,4,epoch-200,0,3,degree,-0.21094958846805167
tolokers,GeneralSheaf,true,3,4,epoch-200,1,3,degree,-0.20158738096910708
tolokers,GeneralSheaf,true,3,4,epoch-200,2,3,degree,-0.09310310817900401
tolokers,GeneralSheaf,true,3,4,epoch-200,3,3,degree,0.07214525819852308
tolokers,GeneralSheaf,true,3,4,epoch-200,4,3,degree,0.18293673112171133
tolokers,GeneralSheaf,true,3,4,epoch-200,0,3,betweenness,-0.24033804317641633
tolokers,GeneralSheaf,true,3,4,epoch-200,1,3,betweenness,-0.25188094599594635
tolokers,GeneralSheaf,true,3,4,epoch-200,2,3,betweenness,-0.14924616379355038
tolokers,GeneralSheaf,true,3,4,epoch-200,3,3,betweenness,0.009635785738589187
tolokers,GeneralSheaf,true,3,4,epoch-200,4,3,betweenness,0.11889778624483346
tolokers,GeneralSheaf,true,3,4,epoch-200,0,3,confidence,0.6109328758444507
tolokers,GeneralSheaf,true,3,4,epoch-200,1,3,confidence,0.6259066408846753
tolokers,GeneralSheaf,true,3,4,epoch-200,2,3,confidence,0.593466969139121
tolokers,GeneralSheaf,true,3,4,epoch-200,3,3,confidence,0.6081895288447438
tolokers,GeneralSheaf,true,3,4,epoch-200,4,3,confidence,0.5995719112478868
tolokers,GeneralSheaf,true,3,4,epoch-200,0,3,saliency,-0.5016208082206312
tolokers,GeneralSheaf,true,3,4,epoch-200,1,3,saliency,-0.49915104947379163
tolokers,GeneralSheaf,true,3,4,epoch-200,2,3,saliency,-0.4580459881400293
tolokers,GeneralSheaf,true,3,4,epoch-200,3,3,saliency,-0.4745034433265029
tolokers,GeneralSheaf,true,3,4,epoch-200,4,3,saliency,-0.47905811614799415
tolokers,GeneralSheaf,true,3,4,epoch-200,0,3,cohens_d_train,0.63078886
tolokers,GeneralSheaf,true,3,4,epoch-200,1,3,cohens_d_train,0.6161311
tolokers,GeneralSheaf,true,3,4,epoch-200,2,3,cohens_d_train,0.5477294
tolokers,GeneralSheaf,true,3,4,epoch-200,3,3,cohens_d_train,0.5543781
tolokers,GeneralSheaf,true,3,4,epoch-200,4,3,cohens_d_train,0.5044439
tolokers,GeneralSheaf,true,3,4,epoch-200,0,3,cohens_d_test,0.633506
tolokers,GeneralSheaf,true,3,4,epoch-200,1,3,cohens_d_test,0.6184655
tolokers,GeneralSheaf,true,3,4,epoch-200,2,3,cohens_d_test,0.5329334
tolokers,GeneralSheaf,true,3,4,epoch-200,3,3,cohens_d_test,0.5311355
tolokers,GeneralSheaf,true,3,4,epoch-200,4,3,cohens_d_test,0.48412606
tolokers,GeneralSheaf,true,3,4,epoch-200,0,4,degree,-0.22046050883524598
tolokers,GeneralSheaf,true,3,4,epoch-200,1,4,degree,-0.0032843486413175554
tolokers,GeneralSheaf,true,3,4,epoch-200,2,4,degree,0.2722511736406225
tolokers,GeneralSheaf,true,3,4,epoch-200,3,4,degree,0.47247160408327754
tolokers,GeneralSheaf,true,3,4,epoch-200,4,4,degree,0.4380172762630738
tolokers,GeneralSheaf,true,3,4,epoch-200,0,4,betweenness,-0.25388903381577843
tolokers,GeneralSheaf,true,3,4,epoch-200,1,4,betweenness,-0.027516267781499137
tolokers,GeneralSheaf,true,3,4,epoch-200,2,4,betweenness,0.23471453937465245
tolokers,GeneralSheaf,true,3,4,epoch-200,3,4,betweenness,0.4070630229108145
tolokers,GeneralSheaf,true,3,4,epoch-200,4,4,betweenness,0.4016976094185101
tolokers,GeneralSheaf,true,3,4,epoch-200,0,4,confidence,0.608092217062937
tolokers,GeneralSheaf,true,3,4,epoch-200,1,4,confidence,0.5952347497336987
tolokers,GeneralSheaf,true,3,4,epoch-200,2,4,confidence,0.5743037329219514
tolokers,GeneralSheaf,true,3,4,epoch-200,3,4,confidence,0.5571220840864743
tolokers,GeneralSheaf,true,3,4,epoch-200,4,4,confidence,0.5264018196563319
tolokers,GeneralSheaf,true,3,4,epoch-200,0,4,saliency,-0.38915674810699585
tolokers,GeneralSheaf,true,3,4,epoch-200,1,4,saliency,-0.34087837187895564
tolokers,GeneralSheaf,true,3,4,epoch-200,2,4,saliency,-0.28130532663850427
tolokers,GeneralSheaf,true,3,4,epoch-200,3,4,saliency,-0.28740004935289115
tolokers,GeneralSheaf,true,3,4,epoch-200,4,4,saliency,-0.2709432720568585
tolokers,GeneralSheaf,true,3,4,epoch-200,0,4,cohens_d_train,0.66244245
tolokers,GeneralSheaf,true,3,4,epoch-200,1,4,cohens_d_train,0.5916308
tolokers,GeneralSheaf,true,3,4,epoch-200,2,4,cohens_d_train,0.48172003
tolokers,GeneralSheaf,true,3,4,epoch-200,3,4,cohens_d_train,0.41030136
tolokers,GeneralSheaf,true,3,4,epoch-200,4,4,cohens_d_train,0.33775857
tolokers,GeneralSheaf,true,3,4,epoch-200,0,4,cohens_d_test,0.65065306
tolokers,GeneralSheaf,true,3,4,epoch-200,1,4,cohens_d_test,0.6216629
tolokers,GeneralSheaf,true,3,4,epoch-200,2,4,cohens_d_test,0.5332916
tolokers,GeneralSheaf,true,3,4,epoch-200,3,4,cohens_d_test,0.46901932
tolokers,GeneralSheaf,true,3,4,epoch-200,4,4,cohens_d_test,0.40440813
tolokers,GeneralSheaf,true,3,4,epoch-200,0,5,degree,-0.24026126539989714
tolokers,GeneralSheaf,true,3,4,epoch-200,1,5,degree,-0.045067886485360246
tolokers,GeneralSheaf,true,3,4,epoch-200,2,5,degree,0.24342412732035312
tolokers,GeneralSheaf,true,3,4,epoch-200,3,5,degree,0.2705726486579379
tolokers,GeneralSheaf,true,3,4,epoch-200,4,5,degree,0.3205007609651151
tolokers,GeneralSheaf,true,3,4,epoch-200,0,5,betweenness,-0.2732767440820037
tolokers,GeneralSheaf,true,3,4,epoch-200,1,5,betweenness,-0.09258270644529178
tolokers,GeneralSheaf,true,3,4,epoch-200,2,5,betweenness,0.17132816965041156
tolokers,GeneralSheaf,true,3,4,epoch-200,3,5,betweenness,0.22266714481411476
tolokers,GeneralSheaf,true,3,4,epoch-200,4,5,betweenness,0.26133404983283504
tolokers,GeneralSheaf,true,3,4,epoch-200,0,5,confidence,0.575649452842739
tolokers,GeneralSheaf,true,3,4,epoch-200,1,5,confidence,0.617618137838897
tolokers,GeneralSheaf,true,3,4,epoch-200,2,5,confidence,0.5926993099096777
tolokers,GeneralSheaf,true,3,4,epoch-200,3,5,confidence,0.5786221667919784
tolokers,GeneralSheaf,true,3,4,epoch-200,4,5,confidence,0.5410002482904956
tolokers,GeneralSheaf,true,3,4,epoch-200,0,5,saliency,-0.4121479091767084
tolokers,GeneralSheaf,true,3,4,epoch-200,1,5,saliency,-0.4563738731333641
tolokers,GeneralSheaf,true,3,4,epoch-200,2,5,saliency,-0.4563636049733512
tolokers,GeneralSheaf,true,3,4,epoch-200,3,5,saliency,-0.4309019588623505
tolokers,GeneralSheaf,true,3,4,epoch-200,4,5,saliency,-0.4018172862155096
tolokers,GeneralSheaf,true,3,4,epoch-200,0,5,cohens_d_train,0.63117385
tolokers,GeneralSheaf,true,3,4,epoch-200,1,5,cohens_d_train,0.60652274
tolokers,GeneralSheaf,true,3,4,epoch-200,2,5,cohens_d_train,0.5533669
tolokers,GeneralSheaf,true,3,4,epoch-200,3,5,cohens_d_train,0.5281054
tolokers,GeneralSheaf,true,3,4,epoch-200,4,5,cohens_d_train,0.47069424
tolokers,GeneralSheaf,true,3,4,epoch-200,0,5,cohens_d_test,0.59479326
tolokers,GeneralSheaf,true,3,4,epoch-200,1,5,cohens_d_test,0.5469028
tolokers,GeneralSheaf,true,3,4,epoch-200,2,5,cohens_d_test,0.45328963
tolokers,GeneralSheaf,true,3,4,epoch-200,3,5,cohens_d_test,0.35990408
tolokers,GeneralSheaf,true,3,4,epoch-200,4,5,cohens_d_test,0.29449117
tolokers,GeneralSheaf,true,3,4,epoch-200,0,6,degree,-0.2839513635189614
tolokers,GeneralSheaf,true,3,4,epoch-200,1,6,degree,-0.06756207547810764
tolokers,GeneralSheaf,true,3,4,epoch-200,2,6,degree,-0.10025028565580696
tolokers,GeneralSheaf,true,3,4,epoch-200,3,6,degree,0.07877597599608402
tolokers,GeneralSheaf,true,3,4,epoch-200,4,6,degree,0.09424271142937757
tolokers,GeneralSheaf,true,3,4,epoch-200,0,6,betweenness,-0.3104307294672264
tolokers,GeneralSheaf,true,3,4,epoch-200,1,6,betweenness,-0.1150851546941837
tolokers,GeneralSheaf,true,3,4,epoch-200,2,6,betweenness,-0.15792984310894093
tolokers,GeneralSheaf,true,3,4,epoch-200,3,6,betweenness,0.024977449738907975
tolokers,GeneralSheaf,true,3,4,epoch-200,4,6,betweenness,0.048028595330550886
tolokers,GeneralSheaf,true,3,4,epoch-200,0,6,confidence,0.6150911955853993
tolokers,GeneralSheaf,true,3,4,epoch-200,1,6,confidence,0.6775571765803391
tolokers,GeneralSheaf,true,3,4,epoch-200,2,6,confidence,0.7385521112700058
tolokers,GeneralSheaf,true,3,4,epoch-200,3,6,confidence,0.7055076432440988
tolokers,GeneralSheaf,true,3,4,epoch-200,4,6,confidence,0.7180393745907111
tolokers,GeneralSheaf,true,3,4,epoch-200,0,6,saliency,-0.48202098548118494
tolokers,GeneralSheaf,true,3,4,epoch-200,1,6,saliency,-0.5153226271119815
tolokers,GeneralSheaf,true,3,4,epoch-200,2,6,saliency,-0.5607372870915978
tolokers,GeneralSheaf,true,3,4,epoch-200,3,6,saliency,-0.5429410969787497
tolokers,GeneralSheaf,true,3,4,epoch-200,4,6,saliency,-0.5650211949426949
tolokers,GeneralSheaf,true,3,4,epoch-200,0,6,cohens_d_train,0.64340264
tolokers,GeneralSheaf,true,3,4,epoch-200,1,6,cohens_d_train,0.6136544
tolokers,GeneralSheaf,true,3,4,epoch-200,2,6,cohens_d_train,0.7048108
tolokers,GeneralSheaf,true,3,4,epoch-200,3,6,cohens_d_train,0.6492861
tolokers,GeneralSheaf,true,3,4,epoch-200,4,6,cohens_d_train,0.6299288
tolokers,GeneralSheaf,true,3,4,epoch-200,0,6,cohens_d_test,0.60603946
tolokers,GeneralSheaf,true,3,4,epoch-200,1,6,cohens_d_test,0.5497197
tolokers,GeneralSheaf,true,3,4,epoch-200,2,6,cohens_d_test,0.6320531
tolokers,GeneralSheaf,true,3,4,epoch-200,3,6,cohens_d_test,0.57583165
tolokers,GeneralSheaf,true,3,4,epoch-200,4,6,cohens_d_test,0.57679653
tolokers,GeneralSheaf,true,3,4,epoch-200,0,7,degree,-0.26560153059314595
tolokers,GeneralSheaf,true,3,4,epoch-200,1,7,degree,-0.07275160999574
tolokers,GeneralSheaf,true,3,4,epoch-200,2,7,degree,0.3130607566613559
tolokers,GeneralSheaf,true,3,4,epoch-200,3,7,degree,0.5809361730857487
tolokers,GeneralSheaf,true,3,4,epoch-200,4,7,degree,0.5305578998541589
tolokers,GeneralSheaf,true,3,4,epoch-200,0,7,betweenness,-0.2890112432195886
tolokers,GeneralSheaf,true,3,4,epoch-200,1,7,betweenness,-0.09774605247777284
tolokers,GeneralSheaf,true,3,4,epoch-200,2,7,betweenness,0.25098961717916063
tolokers,GeneralSheaf,true,3,4,epoch-200,3,7,betweenness,0.506605614478485
tolokers,GeneralSheaf,true,3,4,epoch-200,4,7,betweenness,0.47347545935377555
tolokers,GeneralSheaf,true,3,4,epoch-200,0,7,confidence,0.6039915051710588
tolokers,GeneralSheaf,true,3,4,epoch-200,1,7,confidence,0.5698045397411078
tolokers,GeneralSheaf,true,3,4,epoch-200,2,7,confidence,0.3936265085991344
tolokers,GeneralSheaf,true,3,4,epoch-200,3,7,confidence,0.2753768282510425
tolokers,GeneralSheaf,true,3,4,epoch-200,4,7,confidence,0.3068348751284202
tolokers,GeneralSheaf,true,3,4,epoch-200,0,7,saliency,-0.4067664660376378
tolokers,GeneralSheaf,true,3,4,epoch-200,1,7,saliency,-0.36544506011597017
tolokers,GeneralSheaf,true,3,4,epoch-200,2,7,saliency,-0.24504644452047916
tolokers,GeneralSheaf,true,3,4,epoch-200,3,7,saliency,-0.18996925755826707
tolokers,GeneralSheaf,true,3,4,epoch-200,4,7,saliency,-0.2151106841947635
tolokers,GeneralSheaf,true,3,4,epoch-200,0,7,cohens_d_train,0.68457055
tolokers,GeneralSheaf,true,3,4,epoch-200,1,7,cohens_d_train,0.6562079
tolokers,GeneralSheaf,true,3,4,epoch-200,2,7,cohens_d_train,0.42742404
tolokers,GeneralSheaf,true,3,4,epoch-200,3,7,cohens_d_train,0.2622722
tolokers,GeneralSheaf,true,3,4,epoch-200,4,7,cohens_d_train,0.25521114
tolokers,GeneralSheaf,true,3,4,epoch-200,0,7,cohens_d_test,0.6603293
tolokers,GeneralSheaf,true,3,4,epoch-200,1,7,cohens_d_test,0.6459539
tolokers,GeneralSheaf,true,3,4,epoch-200,2,7,cohens_d_test,0.41689548
tolokers,GeneralSheaf,true,3,4,epoch-200,3,7,cohens_d_test,0.2541859
tolokers,GeneralSheaf,true,3,4,epoch-200,4,7,cohens_d_test,0.2334315
tolokers,GeneralSheaf,true,3,4,epoch-200,0,8,degree,-0.29037927697849775
tolokers,GeneralSheaf,true,3,4,epoch-200,1,8,degree,-0.01977763019515232
tolokers,GeneralSheaf,true,3,4,epoch-200,2,8,degree,0.14953480574642594
tolokers,GeneralSheaf,true,3,4,epoch-200,3,8,degree,0.33015326404456036
tolokers,GeneralSheaf,true,3,4,epoch-200,4,8,degree,0.297238183636157
tolokers,GeneralSheaf,true,3,4,epoch-200,0,8,betweenness,-0.31863398336729865
tolokers,GeneralSheaf,true,3,4,epoch-200,1,8,betweenness,-0.0732985882281142
tolokers,GeneralSheaf,true,3,4,epoch-200,2,8,betweenness,0.093554580054369
tolokers,GeneralSheaf,true,3,4,epoch-200,3,8,betweenness,0.27789349205592606
tolokers,GeneralSheaf,true,3,4,epoch-200,4,8,betweenness,0.25797088001720686
tolokers,GeneralSheaf,true,3,4,epoch-200,0,8,confidence,0.6244848068906962
tolokers,GeneralSheaf,true,3,4,epoch-200,1,8,confidence,0.684182712080938
tolokers,GeneralSheaf,true,3,4,epoch-200,2,8,confidence,0.6722897892844685
tolokers,GeneralSheaf,true,3,4,epoch-200,3,8,confidence,0.6188639055004532
tolokers,GeneralSheaf,true,3,4,epoch-200,4,8,confidence,0.6140334567080521
tolokers,GeneralSheaf,true,3,4,epoch-200,0,8,saliency,nan
tolokers,GeneralSheaf,true,3,4,epoch-200,1,8,saliency,nan
tolokers,GeneralSheaf,true,3,4,epoch-200,2,8,saliency,nan
tolokers,GeneralSheaf,true,3,4,epoch-200,3,8,saliency,nan
tolokers,GeneralSheaf,true,3,4,epoch-200,4,8,saliency,nan
tolokers,GeneralSheaf,true,3,4,epoch-200,0,8,cohens_d_train,0.6304237
tolokers,GeneralSheaf,true,3,4,epoch-200,1,8,cohens_d_train,0.54906523
tolokers,GeneralSheaf,true,3,4,epoch-200,2,8,cohens_d_train,0.54959124
tolokers,GeneralSheaf,true,3,4,epoch-200,3,8,cohens_d_train,0.46761233
tolokers,GeneralSheaf,true,3,4,epoch-200,4,8,cohens_d_train,0.46709043
tolokers,GeneralSheaf,true,3,4,epoch-200,0,8,cohens_d_test,0.56991714
tolokers,GeneralSheaf,true,3,4,epoch-200,1,8,cohens_d_test,0.5241244
tolokers,GeneralSheaf,true,3,4,epoch-200,2,8,cohens_d_test,0.5334301
tolokers,GeneralSheaf,true,3,4,epoch-200,3,8,cohens_d_test,0.4619317
tolokers,GeneralSheaf,true,3,4,epoch-200,4,8,cohens_d_test,0.45919222
tolokers,GeneralSheaf,true,3,4,epoch-200,0,9,degree,-0.22362343257526343
tolokers,GeneralSheaf,true,3,4,epoch-200,1,9,degree,0.0010765525278906053
tolokers,GeneralSheaf,true,3,4,epoch-200,2,9,degree,0.15992804584504383
tolokers,GeneralSheaf,true,3,4,epoch-200,3,9,degree,0.297515809363902
tolokers,GeneralSheaf,true,3,4,epoch-200,4,9,degree,0.22961023419323368
tolokers,GeneralSheaf,true,3,4,epoch-200,0,9,betweenness,-0.25428366898479243
tolokers,GeneralSheaf,true,3,4,epoch-200,1,9,betweenness,-0.037636723596996415
tolokers,GeneralSheaf,true,3,4,epoch-200,2,9,betweenness,0.10984261421091945
tolokers,GeneralSheaf,true,3,4,epoch-200,3,9,betweenness,0.23578042381899117
tolokers,GeneralSheaf,true,3,4,epoch-200,4,9,betweenness,0.17108070540884773
tolokers,GeneralSheaf,true,3,4,epoch-200,0,9,confidence,0.6699812997787067
tolokers,GeneralSheaf,true,3,4,epoch-200,1,9,confidence,0.7017654591359632
tolokers,GeneralSheaf,true,3,4,epoch-200,2,9,confidence,0.7088383849257751
tolokers,GeneralSheaf,true,3,4,epoch-200,3,9,confidence,0.6919736679038513
tolokers,GeneralSheaf,true,3,4,epoch-200,4,9,confidence,0.7481484472825867
tolokers,GeneralSheaf,true,3,4,epoch-200,0,9,saliency,-0.4730500407614541
tolokers,GeneralSheaf,true,3,4,epoch-200,1,9,saliency,-0.46896501372130484
tolokers,GeneralSheaf,true,3,4,epoch-200,2,9,saliency,-0.4716980373644854
tolokers,GeneralSheaf,true,3,4,epoch-200,3,9,saliency,-0.4645472152677858
tolokers,GeneralSheaf,true,3,4,epoch-200,4,9,saliency,-0.537668168317318
tolokers,GeneralSheaf,true,3,4,epoch-200,0,9,cohens_d_train,0.6573772
tolokers,GeneralSheaf,true,3,4,epoch-200,1,9,cohens_d_train,0.59302634
tolokers,GeneralSheaf,true,3,4,epoch-200,2,9,cohens_d_train,0.51833326
tolokers,GeneralSheaf,true,3,4,epoch-200,3,9,cohens_d_train,0.4913282
tolokers,GeneralSheaf,true,3,4,epoch-200,4,9,cohens_d_train,0.55090797
tolokers,GeneralSheaf,true,3,4,epoch-200,0,9,cohens_d_test,0.6105076
tolokers,GeneralSheaf,true,3,4,epoch-200,1,9,cohens_d_test,0.54490006
tolokers,GeneralSheaf,true,3,4,epoch-200,2,9,cohens_d_test,0.47266254
tolokers,GeneralSheaf,true,3,4,epoch-200,3,9,cohens_d_test,0.46364337
tolokers,GeneralSheaf,true,3,4,epoch-200,4,9,cohens_d_test,0.5413314
tolokers,GeneralSheaf,true,3,4,best-epoch,0,0,degree,-0.22760171787136746
tolokers,GeneralSheaf,true,3,4,best-epoch,1,0,degree,-0.03207366576355022
tolokers,GeneralSheaf,true,3,4,best-epoch,2,0,degree,0.19965511742102482
tolokers,GeneralSheaf,true,3,4,best-epoch,3,0,degree,0.24990765600843817
tolokers,GeneralSheaf,true,3,4,best-epoch,4,0,degree,0.24377366549649057
tolokers,GeneralSheaf,true,3,4,best-epoch,0,0,betweenness,-0.26196437661735905
tolokers,GeneralSheaf,true,3,4,best-epoch,1,0,betweenness,-0.07714507669505102
tolokers,GeneralSheaf,true,3,4,best-epoch,2,0,betweenness,0.15261511134678712
tolokers,GeneralSheaf,true,3,4,best-epoch,3,0,betweenness,0.19471536972133827
tolokers,GeneralSheaf,true,3,4,best-epoch,4,0,betweenness,0.20642976772332033
tolokers,GeneralSheaf,true,3,4,best-epoch,0,0,confidence,0.5613924630892576
tolokers,GeneralSheaf,true,3,4,best-epoch,1,0,confidence,0.5968883274049788
tolokers,GeneralSheaf,true,3,4,best-epoch,2,0,confidence,0.5691466763481191
tolokers,GeneralSheaf,true,3,4,best-epoch,3,0,confidence,0.5802389364531834
tolokers,GeneralSheaf,true,3,4,best-epoch,4,0,confidence,0.5124494982269548
tolokers,GeneralSheaf,true,3,4,best-epoch,0,0,saliency,-0.40666221717615775
tolokers,GeneralSheaf,true,3,4,best-epoch,1,0,saliency,-0.44809012397093695
tolokers,GeneralSheaf,true,3,4,best-epoch,2,0,saliency,-0.47411315108529384
tolokers,GeneralSheaf,true,3,4,best-epoch,3,0,saliency,-0.5121470981447739
tolokers,GeneralSheaf,true,3,4,best-epoch,4,0,saliency,-0.4499392703036336
tolokers,GeneralSheaf,true,3,4,best-epoch,0,0,cohens_d_train,0.55801237
tolokers,GeneralSheaf,true,3,4,best-epoch,1,0,cohens_d_train,0.5263746
tolokers,GeneralSheaf,true,3,4,best-epoch,2,0,cohens_d_train,0.45497727
tolokers,GeneralSheaf,true,3,4,best-epoch,3,0,cohens_d_train,0.47715375
tolokers,GeneralSheaf,true,3,4,best-epoch,4,0,cohens_d_train,0.41355574
tolokers,GeneralSheaf,true,3,4,best-epoch,0,0,cohens_d_test,0.5258327
tolokers,GeneralSheaf,true,3,4,best-epoch,1,0,cohens_d_test,0.5013933
tolokers,GeneralSheaf,true,3,4,best-epoch,2,0,cohens_d_test,0.4727579
tolokers,GeneralSheaf,true,3,4,best-epoch,3,0,cohens_d_test,0.50754285
tolokers,GeneralSheaf,true,3,4,best-epoch,4,0,cohens_d_test,0.43634328
tolokers,GeneralSheaf,true,3,4,best-epoch,0,1,degree,-0.27805576765279655
tolokers,GeneralSheaf,true,3,4,best-epoch,1,1,degree,-0.07368458848752002
tolokers,GeneralSheaf,true,3,4,best-epoch,2,1,degree,0.013080207102136369
tolokers,GeneralSheaf,true,3,4,best-epoch,3,1,degree,0.1757244963841763
tolokers,GeneralSheaf,true,3,4,best-epoch,4,1,degree,0.3763574985248163
tolokers,GeneralSheaf,true,3,4,best-epoch,0,1,betweenness,-0.3028817913530941
tolokers,GeneralSheaf,true,3,4,best-epoch,1,1,betweenness,-0.12894166120552675
tolokers,GeneralSheaf,true,3,4,best-epoch,2,1,betweenness,-0.048301462884647144
tolokers,GeneralSheaf,true,3,4,best-epoch,3,1,betweenness,0.10294160588431393
tolokers,GeneralSheaf,true,3,4,best-epoch,4,1,betweenness,0.320339471714604
tolokers,GeneralSheaf,true,3,4,best-epoch,0,1,confidence,0.604816948752585
tolokers,GeneralSheaf,true,3,4,best-epoch,1,1,confidence,0.6284536525699639
tolokers,GeneralSheaf,true,3,4,best-epoch,2,1,confidence,0.6507088077938735
tolokers,GeneralSheaf,true,3,4,best-epoch,3,1,confidence,0.6354772517062736
tolokers,GeneralSheaf,true,3,4,best-epoch,4,1,confidence,0.47372384846184756
tolokers,GeneralSheaf,true,3,4,best-epoch,0,1,saliency,-0.5176058247949026
tolokers,GeneralSheaf,true,3,4,best-epoch,1,1,saliency,-0.5181912291235866
tolokers,GeneralSheaf,true,3,4,best-epoch,2,1,saliency,-0.5291597708367248
tolokers,GeneralSheaf,true,3,4,best-epoch,3,1,saliency,-0.5235237034663026
tolokers,GeneralSheaf,true,3,4,best-epoch,4,1,saliency,-0.3718784157342229
tolokers,GeneralSheaf,true,3,4,best-epoch,0,1,cohens_d_train,0.62687707
tolokers,GeneralSheaf,true,3,4,best-epoch,1,1,cohens_d_train,0.59692526
tolokers,GeneralSheaf,true,3,4,best-epoch,2,1,cohens_d_train,0.58205205
tolokers,GeneralSheaf,true,3,4,best-epoch,3,1,cohens_d_train,0.5393903
tolokers,GeneralSheaf,true,3,4,best-epoch,4,1,cohens_d_train,0.36019033
tolokers,GeneralSheaf,true,3,4,best-epoch,0,1,cohens_d_test,0.59968084
tolokers,GeneralSheaf,true,3,4,best-epoch,1,1,cohens_d_test,0.560203
tolokers,GeneralSheaf,true,3,4,best-epoch,2,1,cohens_d_test,0.52860796
tolokers,GeneralSheaf,true,3,4,best-epoch,3,1,cohens_d_test,0.4776324
tolokers,GeneralSheaf,true,3,4,best-epoch,4,1,cohens_d_test,0.30009758
tolokers,GeneralSheaf,true,3,4,best-epoch,0,2,degree,-0.2518632011457527
tolokers,GeneralSheaf,true,3,4,best-epoch,1,2,degree,0.0909750092413958
tolokers,GeneralSheaf,true,3,4,best-epoch,2,2,degree,0.2133275740522561
tolokers,GeneralSheaf,true,3,4,best-epoch,3,2,degree,0.36384259262798235
tolokers,GeneralSheaf,true,3,4,best-epoch,4,2,degree,0.34424350422571165
tolokers,GeneralSheaf,true,3,4,best-epoch,0,2,betweenness,-0.27825741730426296
tolokers,GeneralSheaf,true,3,4,best-epoch,1,2,betweenness,0.04655564742962589
tolokers,GeneralSheaf,true,3,4,best-epoch,2,2,betweenness,0.15941414947346705
tolokers,GeneralSheaf,true,3,4,best-epoch,3,2,betweenness,0.31297232013466525
tolokers,GeneralSheaf,true,3,4,best-epoch,4,2,betweenness,0.2980671234138925
tolokers,GeneralSheaf,true,3,4,best-epoch,0,2,confidence,0.6282917957980164
tolokers,GeneralSheaf,true,3,4,best-epoch,1,2,confidence,0.6098928772716177
tolokers,GeneralSheaf,true,3,4,best-epoch,2,2,confidence,0.6096048729475115
tolokers,GeneralSheaf,true,3,4,best-epoch,3,2,confidence,0.5570488586690867
tolokers,GeneralSheaf,true,3,4,best-epoch,4,2,confidence,0.5568859739915724
tolokers,GeneralSheaf,true,3,4,best-epoch,0,2,saliency,-0.44689014138367816
tolokers,GeneralSheaf,true,3,4,best-epoch,1,2,saliency,-0.43154546592267046
tolokers,GeneralSheaf,true,3,4,best-epoch,2,2,saliency,-0.48447697772072945
tolokers,GeneralSheaf,true,3,4,best-epoch,3,2,saliency,-0.45114708000787834
tolokers,GeneralSheaf,true,3,4,best-epoch,4,2,saliency,-0.45951872308230735
tolokers,GeneralSheaf,true,3,4,best-epoch,0,2,cohens_d_train,0.61591303
tolokers,GeneralSheaf,true,3,4,best-epoch,1,2,cohens_d_train,0.5209747
tolokers,GeneralSheaf,true,3,4,best-epoch,2,2,cohens_d_train,0.52755463
tolokers,GeneralSheaf,true,3,4,best-epoch,3,2,cohens_d_train,0.47128308
tolokers,GeneralSheaf,true,3,4,best-epoch,4,2,cohens_d_train,0.4973439
tolokers,GeneralSheaf,true,3,4,best-epoch,0,2,cohens_d_test,0.61458236
tolokers,GeneralSheaf,true,3,4,best-epoch,1,2,cohens_d_test,0.48908463
tolokers,GeneralSheaf,true,3,4,best-epoch,2,2,cohens_d_test,0.48294115
tolokers,GeneralSheaf,true,3,4,best-epoch,3,2,cohens_d_test,0.41923857
tolokers,GeneralSheaf,true,3,4,best-epoch,4,2,cohens_d_test,0.45311162
tolokers,GeneralSheaf,true,3,4,best-epoch,0,3,degree,-0.21568168732433116
tolokers,GeneralSheaf,true,3,4,best-epoch,1,3,degree,-0.09089751091633388
tolokers,GeneralSheaf,true,3,4,best-epoch,2,3,degree,-0.04264605231398461
tolokers,GeneralSheaf,true,3,4,best-epoch,3,3,degree,0.07056751980734063
tolokers,GeneralSheaf,true,3,4,best-epoch,4,3,degree,0.18389848785224902
tolokers,GeneralSheaf,true,3,4,best-epoch,0,3,betweenness,-0.2470182951241233
tolokers,GeneralSheaf,true,3,4,best-epoch,1,3,betweenness,-0.15419745939426266
tolokers,GeneralSheaf,true,3,4,best-epoch,2,3,betweenness,-0.11522484787546666
tolokers,GeneralSheaf,true,3,4,best-epoch,3,3,betweenness,0.002129009109355215
tolokers,GeneralSheaf,true,3,4,best-epoch,4,3,betweenness,0.109803919906523
tolokers,GeneralSheaf,true,3,4,best-epoch,0,3,confidence,0.5629902994847327
tolokers,GeneralSheaf,true,3,4,best-epoch,1,3,confidence,0.5529772957390344
tolokers,GeneralSheaf,true,3,4,best-epoch,2,3,confidence,0.520669417825298
tolokers,GeneralSheaf,true,3,4,best-epoch,3,3,confidence,0.5894732247274055
tolokers,GeneralSheaf,true,3,4,best-epoch,4,3,confidence,0.6287204398285308
tolokers,GeneralSheaf,true,3,4,best-epoch,0,3,saliency,-0.4717152172590991
tolokers,GeneralSheaf,true,3,4,best-epoch,1,3,saliency,-0.416525394310948
tolokers,GeneralSheaf,true,3,4,best-epoch,2,3,saliency,-0.3860354486513081
tolokers,GeneralSheaf,true,3,4,best-epoch,3,3,saliency,-0.45841305464063314
tolokers,GeneralSheaf,true,3,4,best-epoch,4,3,saliency,-0.5043790145570668
tolokers,GeneralSheaf,true,3,4,best-epoch,0,3,cohens_d_train,0.58704656
tolokers,GeneralSheaf,true,3,4,best-epoch,1,3,cohens_d_train,0.48682293
tolokers,GeneralSheaf,true,3,4,best-epoch,2,3,cohens_d_train,0.40841994
tolokers,GeneralSheaf,true,3,4,best-epoch,3,3,cohens_d_train,0.468187
tolokers,GeneralSheaf,true,3,4,best-epoch,4,3,cohens_d_train,0.46474355
tolokers,GeneralSheaf,true,3,4,best-epoch,0,3,cohens_d_test,0.5760689
tolokers,GeneralSheaf,true,3,4,best-epoch,1,3,cohens_d_test,0.45670864
tolokers,GeneralSheaf,true,3,4,best-epoch,2,3,cohens_d_test,0.3814865
tolokers,GeneralSheaf,true,3,4,best-epoch,3,3,cohens_d_test,0.4300189
tolokers,GeneralSheaf,true,3,4,best-epoch,4,3,cohens_d_test,0.43292046
tolokers,GeneralSheaf,true,3,4,best-epoch,0,4,degree,-0.26632708277966166
tolokers,GeneralSheaf,true,3,4,best-epoch,1,4,degree,0.011577529604982347
tolokers,GeneralSheaf,true,3,4,best-epoch,2,4,degree,0.26150171971298847
tolokers,GeneralSheaf,true,3,4,best-epoch,3,4,degree,0.3933371344313704
tolokers,GeneralSheaf,true,3,4,best-epoch,4,4,degree,0.4151106193504678
tolokers,GeneralSheaf,true,3,4,best-epoch,0,4,betweenness,-0.29585507148036577
tolokers,GeneralSheaf,true,3,4,best-epoch,1,4,betweenness,-0.009245778059088149
tolokers,GeneralSheaf,true,3,4,best-epoch,2,4,betweenness,0.24204761366286723
tolokers,GeneralSheaf,true,3,4,best-epoch,3,4,betweenness,0.3619308542916345
tolokers,GeneralSheaf,true,3,4,best-epoch,4,4,betweenness,0.414941741138151
tolokers,GeneralSheaf,true,3,4,best-epoch,0,4,confidence,0.5639952536023137
tolokers,GeneralSheaf,true,3,4,best-epoch,1,4,confidence,0.5697813365806288
tolokers,GeneralSheaf,true,3,4,best-epoch,2,4,confidence,0.5590162147613544
tolokers,GeneralSheaf,true,3,4,best-epoch,3,4,confidence,0.5385307132482257
tolokers,GeneralSheaf,true,3,4,best-epoch,4,4,confidence,0.5066125521204697
tolokers,GeneralSheaf,true,3,4,best-epoch,0,4,saliency,-0.4362387996658492
tolokers,GeneralSheaf,true,3,4,best-epoch,1,4,saliency,-0.45448001488884476
tolokers,GeneralSheaf,true,3,4,best-epoch,2,4,saliency,-0.4711360213467389
tolokers,GeneralSheaf,true,3,4,best-epoch,3,4,saliency,-0.5091828946951138
tolokers,GeneralSheaf,true,3,4,best-epoch,4,4,saliency,-0.47301733147333086
tolokers,GeneralSheaf,true,3,4,best-epoch,0,4,cohens_d_train,0.6131006
tolokers,GeneralSheaf,true,3,4,best-epoch,1,4,cohens_d_train,0.54389876
tolokers,GeneralSheaf,true,3,4,best-epoch,2,4,cohens_d_train,0.45538613
tolokers,GeneralSheaf,true,3,4,best-epoch,3,4,cohens_d_train,0.4578688
tolokers,GeneralSheaf,true,3,4,best-epoch,4,4,cohens_d_train,0.40527505
tolokers,GeneralSheaf,true,3,4,best-epoch,0,4,cohens_d_test,0.5819328
tolokers,GeneralSheaf,true,3,4,best-epoch,1,4,cohens_d_test,0.54763186
tolokers,GeneralSheaf,true,3,4,best-epoch,2,4,cohens_d_test,0.48166406
tolokers,GeneralSheaf,true,3,4,best-epoch,3,4,cohens_d_test,0.5056914
tolokers,GeneralSheaf,true,3,4,best-epoch,4,4,cohens_d_test,0.46921188
tolokers,GeneralSheaf,true,3,4,best-epoch,0,5,degree,-0.22983923495137717
tolokers,GeneralSheaf,true,3,4,best-epoch,1,5,degree,-0.0044402172523594794
tolokers,GeneralSheaf,true,3,4,best-epoch,2,5,degree,0.24877009397870825
tolokers,GeneralSheaf,true,3,4,best-epoch,3,5,degree,0.28280330769203654
tolokers,GeneralSheaf,true,3,4,best-epoch,4,5,degree,0.3792107994686983
tolokers,GeneralSheaf,true,3,4,best-epoch,0,5,betweenness,-0.26463950565891303
tolokers,GeneralSheaf,true,3,4,best-epoch,1,5,betweenness,-0.06266202175428172
tolokers,GeneralSheaf,true,3,4,best-epoch,2,5,betweenness,0.16579038924419315
tolokers,GeneralSheaf,true,3,4,best-epoch,3,5,betweenness,0.22390155281659183
tolokers,GeneralSheaf,true,3,4,best-epoch,4,5,betweenness,0.30574157878958386
tolokers,GeneralSheaf,true,3,4,best-epoch,0,5,confidence,0.597524130310352
tolokers,GeneralSheaf,true,3,4,best-epoch,1,5,confidence,0.6258975135186978
tolokers,GeneralSheaf,true,3,4,best-epoch,2,5,confidence,0.6051245602135924
tolokers,GeneralSheaf,true,3,4,best-epoch,3,5,confidence,0.5792655513167843
tolokers,GeneralSheaf,true,3,4,best-epoch,4,5,confidence,0.4851378385817015
tolokers,GeneralSheaf,true,3,4,best-epoch,0,5,saliency,-0.46814686522634047
tolokers,GeneralSheaf,true,3,4,best-epoch,1,5,saliency,-0.4977797392324189
tolokers,GeneralSheaf,true,3,4,best-epoch,2,5,saliency,-0.5110696955970336
tolokers,GeneralSheaf,true,3,4,best-epoch,3,5,saliency,-0.484224497147978
tolokers,GeneralSheaf,true,3,4,best-epoch,4,5,saliency,-0.3872079813412476
tolokers,GeneralSheaf,true,3,4,best-epoch,0,5,cohens_d_train,0.6348546
tolokers,GeneralSheaf,true,3,4,best-epoch,1,5,cohens_d_train,0.58733886
tolokers,GeneralSheaf,true,3,4,best-epoch,2,5,cohens_d_train,0.5386322
tolokers,GeneralSheaf,true,3,4,best-epoch,3,5,cohens_d_train,0.51454204
tolokers,GeneralSheaf,true,3,4,best-epoch,4,5,cohens_d_train,0.41315305
tolokers,GeneralSheaf,true,3,4,best-epoch,0,5,cohens_d_test,0.5957366
tolokers,GeneralSheaf,true,3,4,best-epoch,1,5,cohens_d_test,0.51220363
tolokers,GeneralSheaf,true,3,4,best-epoch,2,5,cohens_d_test,0.42642432
tolokers,GeneralSheaf,true,3,4,best-epoch,3,5,cohens_d_test,0.34407946
tolokers,GeneralSheaf,true,3,4,best-epoch,4,5,cohens_d_test,0.22950427
tolokers,GeneralSheaf,true,3,4,best-epoch,0,6,degree,-0.36343480713148124
tolokers,GeneralSheaf,true,3,4,best-epoch,1,6,degree,-0.1054216393076226
tolokers,GeneralSheaf,true,3,4,best-epoch,2,6,degree,-0.13064901903237658
tolokers,GeneralSheaf,true,3,4,best-epoch,3,6,degree,0.09155380061365746
tolokers,GeneralSheaf,true,3,4,best-epoch,4,6,degree,0.13393321397604885
tolokers,GeneralSheaf,true,3,4,best-epoch,0,6,betweenness,-0.38334022761260583
tolokers,GeneralSheaf,true,3,4,best-epoch,1,6,betweenness,-0.14483329644812484
tolokers,GeneralSheaf,true,3,4,best-epoch,2,6,betweenness,-0.19561417868896358
tolokers,GeneralSheaf,true,3,4,best-epoch,3,6,betweenness,0.021493020212411697
tolokers,GeneralSheaf,true,3,4,best-epoch,4,6,betweenness,0.08820397445801885
tolokers,GeneralSheaf,true,3,4,best-epoch,0,6,confidence,0.5793803651589371
tolokers,GeneralSheaf,true,3,4,best-epoch,1,6,confidence,0.6594219453274797
tolokers,GeneralSheaf,true,3,4,best-epoch,2,6,confidence,0.7314061587333371
tolokers,GeneralSheaf,true,3,4,best-epoch,3,6,confidence,0.7036107904855438
tolokers,GeneralSheaf,true,3,4,best-epoch,4,6,confidence,0.6830045233050746
tolokers,GeneralSheaf,true,3,4,best-epoch,0,6,saliency,-0.4528003890356669
tolokers,GeneralSheaf,true,3,4,best-epoch,1,6,saliency,-0.5075190981286389
tolokers,GeneralSheaf,true,3,4,best-epoch,2,6,saliency,-0.543353671411575
tolokers,GeneralSheaf,true,3,4,best-epoch,3,6,saliency,-0.5112840406749499
tolokers,GeneralSheaf,true,3,4,best-epoch,4,6,saliency,-0.49863470346125455
tolokers,GeneralSheaf,true,3,4,best-epoch,0,6,cohens_d_train,0.60887206
tolokers,GeneralSheaf,true,3,4,best-epoch,1,6,cohens_d_train,0.5845281
tolokers,GeneralSheaf,true,3,4,best-epoch,2,6,cohens_d_train,0.68297154
tolokers,GeneralSheaf,true,3,4,best-epoch,3,6,cohens_d_train,0.6025846
tolokers,GeneralSheaf,true,3,4,best-epoch,4,6,cohens_d_train,0.49713644
tolokers,GeneralSheaf,true,3,4,best-epoch,0,6,cohens_d_test,0.5449123
tolokers,GeneralSheaf,true,3,4,best-epoch,1,6,cohens_d_test,0.508713
tolokers,GeneralSheaf,true,3,4,best-epoch,2,6,cohens_d_test,0.6147793
tolokers,GeneralSheaf,true,3,4,best-epoch,3,6,cohens_d_test,0.55527616
tolokers,GeneralSheaf,true,3,4,best-epoch,4,6,cohens_d_test,0.48690683
tolokers,GeneralSheaf,true,3,4,best-epoch,0,7,degree,-0.2904846854478991
tolokers,GeneralSheaf,true,3,4,best-epoch,1,7,degree,0.03619342646611621
tolokers,GeneralSheaf,true,3,4,best-epoch,2,7,degree,0.3543124884293869
tolokers,GeneralSheaf,true,3,4,best-epoch,3,7,degree,0.6016465968073007
tolokers,GeneralSheaf,true,3,4,best-epoch,4,7,degree,0.46347911475197123
tolokers,GeneralSheaf,true,3,4,best-epoch,0,7,betweenness,-0.31795517404187906
tolokers,GeneralSheaf,true,3,4,best-epoch,1,7,betweenness,0.018935078950945945
tolokers,GeneralSheaf,true,3,4,best-epoch,2,7,betweenness,0.3002684092152014
tolokers,GeneralSheaf,true,3,4,best-epoch,3,7,betweenness,0.5325212664104639
tolokers,GeneralSheaf,true,3,4,best-epoch,4,7,betweenness,0.4097015035288573
tolokers,GeneralSheaf,true,3,4,best-epoch,0,7,confidence,0.5875370174706193
tolokers,GeneralSheaf,true,3,4,best-epoch,1,7,confidence,0.5510242754540268
tolokers,GeneralSheaf,true,3,4,best-epoch,2,7,confidence,0.3804448246283706
tolokers,GeneralSheaf,true,3,4,best-epoch,3,7,confidence,0.30007767073969954
tolokers,GeneralSheaf,true,3,4,best-epoch,4,7,confidence,0.37630973126456
tolokers,GeneralSheaf,true,3,4,best-epoch,0,7,saliency,-0.4095751665033088
tolokers,GeneralSheaf,true,3,4,best-epoch,1,7,saliency,-0.42698316233631767
tolokers,GeneralSheaf,true,3,4,best-epoch,2,7,saliency,-0.3373105938463057
tolokers,GeneralSheaf,true,3,4,best-epoch,3,7,saliency,-0.2764396319795582
tolokers,GeneralSheaf,true,3,4,best-epoch,4,7,saliency,-0.3474210067258976
tolokers,GeneralSheaf,true,3,4,best-epoch,0,7,cohens_d_train,0.67014337
tolokers,GeneralSheaf,true,3,4,best-epoch,1,7,cohens_d_train,0.53562444
tolokers,GeneralSheaf,true,3,4,best-epoch,2,7,cohens_d_train,0.30466914
tolokers,GeneralSheaf,true,3,4,best-epoch,3,7,cohens_d_train,0.21978344
tolokers,GeneralSheaf,true,3,4,best-epoch,4,7,cohens_d_train,0.24069494
tolokers,GeneralSheaf,true,3,4,best-epoch,0,7,cohens_d_test,0.6597249
tolokers,GeneralSheaf,true,3,4,best-epoch,1,7,cohens_d_test,0.52142805
tolokers,GeneralSheaf,true,3,4,best-epoch,2,7,cohens_d_test,0.3066381
tolokers,GeneralSheaf,true,3,4,best-epoch,3,7,cohens_d_test,0.20969865
tolokers,GeneralSheaf,true,3,4,best-epoch,4,7,cohens_d_test,0.20083164
tolokers,GeneralSheaf,true,3,4,best-epoch,0,8,degree,-0.3448439274766512
tolokers,GeneralSheaf,true,3,4,best-epoch,1,8,degree,-0.1325510677099478
tolokers,GeneralSheaf,true,3,4,best-epoch,2,8,degree,0.18869370317307887
tolokers,GeneralSheaf,true,3,4,best-epoch,3,8,degree,0.34053206131241265
tolokers,GeneralSheaf,true,3,4,best-epoch,4,8,degree,0.20758465439546425
tolokers,GeneralSheaf,true,3,4,best-epoch,0,8,betweenness,-0.36883778686073065
tolokers,GeneralSheaf,true,3,4,best-epoch,1,8,betweenness,-0.2019052622062114
tolokers,GeneralSheaf,true,3,4,best-epoch,2,8,betweenness,0.11085344169748546
tolokers,GeneralSheaf,true,3,4,best-epoch,3,8,betweenness,0.27421995142798306
tolokers,GeneralSheaf,true,3,4,best-epoch,4,8,betweenness,0.17661807085902018
tolokers,GeneralSheaf,true,3,4,best-epoch,0,8,confidence,0.5657353700190257
tolokers,GeneralSheaf,true,3,4,best-epoch,1,8,confidence,0.6568411008460294
tolokers,GeneralSheaf,true,3,4,best-epoch,2,8,confidence,0.6062653304754921
tolokers,GeneralSheaf,true,3,4,best-epoch,3,8,confidence,0.5844234240728899
tolokers,GeneralSheaf,true,3,4,best-epoch,4,8,confidence,0.6196435481968144
tolokers,GeneralSheaf,true,3,4,best-epoch,0,8,saliency,nan
tolokers,GeneralSheaf,true,3,4,best-epoch,1,8,saliency,nan
tolokers,GeneralSheaf,true,3,4,best-epoch,2,8,saliency,nan
tolokers,GeneralSheaf,true,3,4,best-epoch,3,8,saliency,nan
tolokers,GeneralSheaf,true,3,4,best-epoch,4,8,saliency,nan
tolokers,GeneralSheaf,true,3,4,best-epoch,0,8,cohens_d_train,0.5845654
tolokers,GeneralSheaf,true,3,4,best-epoch,1,8,cohens_d_train,0.51893556
tolokers,GeneralSheaf,true,3,4,best-epoch,2,8,cohens_d_train,0.47890598
tolokers,GeneralSheaf,true,3,4,best-epoch,3,8,cohens_d_train,0.4475694
tolokers,GeneralSheaf,true,3,4,best-epoch,4,8,cohens_d_train,0.47201535
tolokers,GeneralSheaf,true,3,4,best-epoch,0,8,cohens_d_test,0.57598203
tolokers,GeneralSheaf,true,3,4,best-epoch,1,8,cohens_d_test,0.5440047
tolokers,GeneralSheaf,true,3,4,best-epoch,2,8,cohens_d_test,0.48783946
tolokers,GeneralSheaf,true,3,4,best-epoch,3,8,cohens_d_test,0.45006213
tolokers,GeneralSheaf,true,3,4,best-epoch,4,8,cohens_d_test,0.48546147
tolokers,GeneralSheaf,true,3,4,best-epoch,0,9,degree,-0.2524044072398985
tolokers,GeneralSheaf,true,3,4,best-epoch,1,9,degree,0.05208341736416768
tolokers,GeneralSheaf,true,3,4,best-epoch,2,9,degree,0.14848652923801664
tolokers,GeneralSheaf,true,3,4,best-epoch,3,9,degree,0.2863850189678379
tolokers,GeneralSheaf,true,3,4,best-epoch,4,9,degree,0.21901992051088454
tolokers,GeneralSheaf,true,3,4,best-epoch,0,9,betweenness,-0.28321975461053384
tolokers,GeneralSheaf,true,3,4,best-epoch,1,9,betweenness,0.007297206807754361
tolokers,GeneralSheaf,true,3,4,best-epoch,2,9,betweenness,0.08943479152820877
tolokers,GeneralSheaf,true,3,4,best-epoch,3,9,betweenness,0.22069017175648406
tolokers,GeneralSheaf,true,3,4,best-epoch,4,9,betweenness,0.15483050372721704
tolokers,GeneralSheaf,true,3,4,best-epoch,0,9,confidence,0.6143643947465558
tolokers,GeneralSheaf,true,3,4,best-epoch,1,9,confidence,0.5894484040510668
tolokers,GeneralSheaf,true,3,4,best-epoch,2,9,confidence,0.5976291137449457
tolokers,GeneralSheaf,true,3,4,best-epoch,3,9,confidence,0.616185922116656
tolokers,GeneralSheaf,true,3,4,best-epoch,4,9,confidence,0.6682786616906629
tolokers,GeneralSheaf,true,3,4,best-epoch,0,9,saliency,-0.43203663181031643
tolokers,GeneralSheaf,true,3,4,best-epoch,1,9,saliency,-0.4102556711258983
tolokers,GeneralSheaf,true,3,4,best-epoch,2,9,saliency,-0.43403583643399785
tolokers,GeneralSheaf,true,3,4,best-epoch,3,9,saliency,-0.4640516629642193
tolokers,GeneralSheaf,true,3,4,best-epoch,4,9,saliency,-0.5250631204405848
tolokers,GeneralSheaf,true,3,4,best-epoch,0,9,cohens_d_train,0.6180614
tolokers,GeneralSheaf,true,3,4,best-epoch,1,9,cohens_d_train,0.4978643
tolokers,GeneralSheaf,true,3,4,best-epoch,2,9,cohens_d_train,0.44987306
tolokers,GeneralSheaf,true,3,4,best-epoch,3,9,cohens_d_train,0.470324
tolokers,GeneralSheaf,true,3,4,best-epoch,4,9,cohens_d_train,0.48899645
tolokers,GeneralSheaf,true,3,4,best-epoch,0,9,cohens_d_test,0.56467885
tolokers,GeneralSheaf,true,3,4,best-epoch,1,9,cohens_d_test,0.45822805
tolokers,GeneralSheaf,true,3,4,best-epoch,2,9,cohens_d_test,0.4218518
tolokers,GeneralSheaf,true,3,4,best-epoch,3,9,cohens_d_test,0.46819112
tolokers,GeneralSheaf,true,3,4,best-epoch,4,9,cohens_d_test,0.49570894
tolokers,GeneralSheaf,true,3,4,last,0,0,degree,-0.2224768577679559
tolokers,GeneralSheaf,true,3,4,last,1,0,degree,-0.09769708550406873
tolokers,GeneralSheaf,true,3,4,last,2,0,degree,0.17053687906750878
tolokers,GeneralSheaf,true,3,4,last,3,0,degree,0.21649240332228858
tolokers,GeneralSheaf,true,3,4,last,4,0,degree,0.25431754047240557
tolokers,GeneralSheaf,true,3,4,last,0,0,betweenness,-0.25794204869020027
tolokers,GeneralSheaf,true,3,4,last,1,0,betweenness,-0.14420343242076525
tolokers,GeneralSheaf,true,3,4,last,2,0,betweenness,0.12396313300310802
tolokers,GeneralSheaf,true,3,4,last,3,0,betweenness,0.15908917790406207
tolokers,GeneralSheaf,true,3,4,last,4,0,betweenness,0.21850279458071542
tolokers,GeneralSheaf,true,3,4,last,0,0,confidence,0.5523788119737127
tolokers,GeneralSheaf,true,3,4,last,1,0,confidence,0.5682201211087357
tolokers,GeneralSheaf,true,3,4,last,2,0,confidence,0.5290818943573035
tolokers,GeneralSheaf,true,3,4,last,3,0,confidence,0.5413024978326945
tolokers,GeneralSheaf,true,3,4,last,4,0,confidence,0.4334055528941353
tolokers,GeneralSheaf,true,3,4,last,0,0,saliency,-0.40936567631111376
tolokers,GeneralSheaf,true,3,4,last,1,0,saliency,-0.43111509970590617
tolokers,GeneralSheaf,true,3,4,last,2,0,saliency,-0.43740686142157276
tolokers,GeneralSheaf,true,3,4,last,3,0,saliency,-0.47302540309772484
tolokers,GeneralSheaf,true,3,4,last,4,0,saliency,-0.36581021153451637
tolokers,GeneralSheaf,true,3,4,last,0,0,cohens_d_train,0.57669854
tolokers,GeneralSheaf,true,3,4,last,1,0,cohens_d_train,0.54763263
tolokers,GeneralSheaf,true,3,4,last,2,0,cohens_d_train,0.43730232
tolokers,GeneralSheaf,true,3,4,last,3,0,cohens_d_train,0.4555628
tolokers,GeneralSheaf,true,3,4,last,4,0,cohens_d_train,0.33713213
tolokers,GeneralSheaf,true,3,4,last,0,0,cohens_d_test,0.54403335
tolokers,GeneralSheaf,true,3,4,last,1,0,cohens_d_test,0.5234283
tolokers,GeneralSheaf,true,3,4,last,2,0,cohens_d_test,0.44957122
tolokers,GeneralSheaf,true,3,4,last,3,0,cohens_d_test,0.4863081
tolokers,GeneralSheaf,true,3,4,last,4,0,cohens_d_test,0.36767262
tolokers,GeneralSheaf,true,3,4,last,0,1,degree,-0.2661056206079722
tolokers,GeneralSheaf,true,3,4,last,1,1,degree,-0.07024189825779222
tolokers,GeneralSheaf,true,3,4,last,2,1,degree,0.03529701947748498
tolokers,GeneralSheaf,true,3,4,last,3,1,degree,0.16817319594300284
tolokers,GeneralSheaf,true,3,4,last,4,1,degree,0.3753606557509427
tolokers,GeneralSheaf,true,3,4,last,0,1,betweenness,-0.29112666243540497
tolokers,GeneralSheaf,true,3,4,last,1,1,betweenness,-0.11394125043835406
tolokers,GeneralSheaf,true,3,4,last,2,1,betweenness,-0.024489398667652398
tolokers,GeneralSheaf,true,3,4,last,3,1,betweenness,0.09764160083378193
tolokers,GeneralSheaf,true,3,4,last,4,1,betweenness,0.32050957551334863
tolokers,GeneralSheaf,true,3,4,last,0,1,confidence,0.6064429956986607
tolokers,GeneralSheaf,true,3,4,last,1,1,confidence,0.607770407255309
tolokers,GeneralSheaf,true,3,4,last,2,1,confidence,0.6106531879501675
tolokers,GeneralSheaf,true,3,4,last,3,1,confidence,0.6102137701350808
tolokers,GeneralSheaf,true,3,4,last,4,1,confidence,0.425251024705589
tolokers,GeneralSheaf,true,3,4,last,0,1,saliency,-0.5081743718712406
tolokers,GeneralSheaf,true,3,4,last,1,1,saliency,-0.4920803679625673
tolokers,GeneralSheaf,true,3,4,last,2,1,saliency,-0.4948488432611931
tolokers,GeneralSheaf,true,3,4,last,3,1,saliency,-0.5036181514563064
tolokers,GeneralSheaf,true,3,4,last,4,1,saliency,-0.32398793545140825
tolokers,GeneralSheaf,true,3,4,last,0,1,cohens_d_train,0.62999535
tolokers,GeneralSheaf,true,3,4,last,1,1,cohens_d_train,0.57112753
tolokers,GeneralSheaf,true,3,4,last,2,1,cohens_d_train,0.5167107
tolokers,GeneralSheaf,true,3,4,last,3,1,cohens_d_train,0.48896712
tolokers,GeneralSheaf,true,3,4,last,4,1,cohens_d_train,0.27842933
tolokers,GeneralSheaf,true,3,4,last,0,1,cohens_d_test,0.5825867
tolokers,GeneralSheaf,true,3,4,last,1,1,cohens_d_test,0.49029833
tolokers,GeneralSheaf,true,3,4,last,2,1,cohens_d_test,0.4307282
tolokers,GeneralSheaf,true,3,4,last,3,1,cohens_d_test,0.4075628
tolokers,GeneralSheaf,true,3,4,last,4,1,cohens_d_test,0.17872876
tolokers,GeneralSheaf,true,3,4,last,0,2,degree,-0.24656452175361318
tolokers,GeneralSheaf,true,3,4,last,1,2,degree,0.09535472382679262
tolokers,GeneralSheaf,true,3,4,last,2,2,degree,0.21728104458833525
tolokers,GeneralSheaf,true,3,4,last,3,2,degree,0.3627037782781607
tolokers,GeneralSheaf,true,3,4,last,4,2,degree,0.3413775079373735
tolokers,GeneralSheaf,true,3,4,last,0,2,betweenness,-0.27286847966930294
tolokers,GeneralSheaf,true,3,4,last,1,2,betweenness,0.05167726178557587
tolokers,GeneralSheaf,true,3,4,last,2,2,betweenness,0.1667500220699784
tolokers,GeneralSheaf,true,3,4,last,3,2,betweenness,0.3192722532456599
tolokers,GeneralSheaf,true,3,4,last,4,2,betweenness,0.3031718119106164
tolokers,GeneralSheaf,true,3,4,last,0,2,confidence,0.6278793594873312
tolokers,GeneralSheaf,true,3,4,last,1,2,confidence,0.609837597501779
tolokers,GeneralSheaf,true,3,4,last,2,2,confidence,0.5992337221916184
tolokers,GeneralSheaf,true,3,4,last,3,2,confidence,0.5469342482058268
tolokers,GeneralSheaf,true,3,4,last,4,2,confidence,0.5516062752680742
tolokers,GeneralSheaf,true,3,4,last,0,2,saliency,-0.4192671405032817
tolokers,GeneralSheaf,true,3,4,last,1,2,saliency,-0.39600569921452905
tolokers,GeneralSheaf,true,3,4,last,2,2,saliency,-0.43743501142215346
tolokers,GeneralSheaf,true,3,4,last,3,2,saliency,-0.4037706901879105
tolokers,GeneralSheaf,true,3,4,last,4,2,saliency,-0.40291357698055424
tolokers,GeneralSheaf,true,3,4,last,0,2,cohens_d_train,0.6139875
tolokers,GeneralSheaf,true,3,4,last,1,2,cohens_d_train,0.51702034
tolokers,GeneralSheaf,true,3,4,last,2,2,cohens_d_train,0.50739163
tolokers,GeneralSheaf,true,3,4,last,3,2,cohens_d_train,0.45302778
tolokers,GeneralSheaf,true,3,4,last,4,2,cohens_d_train,0.4743694
tolokers,GeneralSheaf,true,3,4,last,0,2,cohens_d_test,0.6110721
tolokers,GeneralSheaf,true,3,4,last,1,2,cohens_d_test,0.49587378
tolokers,GeneralSheaf,true,3,4,last,2,2,cohens_d_test,0.4837916
tolokers,GeneralSheaf,true,3,4,last,3,2,cohens_d_test,0.4168729
tolokers,GeneralSheaf,true,3,4,last,4,2,cohens_d_test,0.4465654
tolokers,GeneralSheaf,true,3,4,last,0,3,degree,-0.206692423093032
tolokers,GeneralSheaf,true,3,4,last,1,3,degree,-0.07858873912288868
tolokers,GeneralSheaf,true,3,4,last,2,3,degree,-0.021359160701868576
tolokers,GeneralSheaf,true,3,4,last,3,3,degree,0.09270681832513565
tolokers,GeneralSheaf,true,3,4,last,4,3,degree,0.20693298794665943
tolokers,GeneralSheaf,true,3,4,last,0,3,betweenness,-0.2387683187049118
tolokers,GeneralSheaf,true,3,4,last,1,3,betweenness,-0.1418823876699511
tolokers,GeneralSheaf,true,3,4,last,2,3,betweenness,-0.09575344006064572
tolokers,GeneralSheaf,true,3,4,last,3,3,betweenness,0.017322590298899376
tolokers,GeneralSheaf,true,3,4,last,4,3,betweenness,0.12013745886608203
tolokers,GeneralSheaf,true,3,4,last,0,3,confidence,0.5586088762498624
tolokers,GeneralSheaf,true,3,4,last,1,3,confidence,0.5619017438814751
tolokers,GeneralSheaf,true,3,4,last,2,3,confidence,0.542725365784339
tolokers,GeneralSheaf,true,3,4,last,3,3,confidence,0.6241592338863675
tolokers,GeneralSheaf,true,3,4,last,4,3,confidence,0.6623441995029767
tolokers,GeneralSheaf,true,3,4,last,0,3,saliency,-0.3811842801765093
tolokers,GeneralSheaf,true,3,4,last,1,3,saliency,-0.29913807640618234
tolokers,GeneralSheaf,true,3,4,last,2,3,saliency,-0.27423867653720196
tolokers,GeneralSheaf,true,3,4,last,3,3,saliency,-0.358450613411652
tolokers,GeneralSheaf,true,3,4,last,4,3,saliency,-0.40293117155488967
tolokers,GeneralSheaf,true,3,4,last,0,3,cohens_d_train,0.59006107
tolokers,GeneralSheaf,true,3,4,last,1,3,cohens_d_train,0.47559842
tolokers,GeneralSheaf,true,3,4,last,2,3,cohens_d_train,0.39378074
tolokers,GeneralSheaf,true,3,4,last,3,3,cohens_d_train,0.45534465
tolokers,GeneralSheaf,true,3,4,last,4,3,cohens_d_train,0.43726394
tolokers,GeneralSheaf,true,3,4,last,0,3,cohens_d_test,0.5867047
tolokers,GeneralSheaf,true,3,4,last,1,3,cohens_d_test,0.46920854
tolokers,GeneralSheaf,true,3,4,last,2,3,cohens_d_test,0.3900938
tolokers,GeneralSheaf,true,3,4,last,3,3,cohens_d_test,0.45103562
tolokers,GeneralSheaf,true,3,4,last,4,3,cohens_d_test,0.4531591
tolokers,GeneralSheaf,true,3,4,last,0,4,degree,-0.27041056208508435
tolokers,GeneralSheaf,true,3,4,last,1,4,degree,-0.024864045357562505
tolokers,GeneralSheaf,true,3,4,last,2,4,degree,0.2603776543059528
tolokers,GeneralSheaf,true,3,4,last,3,4,degree,0.4263140211248434
tolokers,GeneralSheaf,true,3,4,last,4,4,degree,0.48743245275114294
tolokers,GeneralSheaf,true,3,4,last,0,4,betweenness,-0.30002214432225965
tolokers,GeneralSheaf,true,3,4,last,1,4,betweenness,-0.04742490047937791
tolokers,GeneralSheaf,true,3,4,last,2,4,betweenness,0.23728956476378382
tolokers,GeneralSheaf,true,3,4,last,3,4,betweenness,0.39131490385328077
tolokers,GeneralSheaf,true,3,4,last,4,4,betweenness,0.48023766457454065
tolokers,GeneralSheaf,true,3,4,last,0,4,confidence,0.5709028430315669
tolokers,GeneralSheaf,true,3,4,last,1,4,confidence,0.5840301322656355
tolokers,GeneralSheaf,true,3,4,last,2,4,confidence,0.557801296521428
tolokers,GeneralSheaf,true,3,4,last,3,4,confidence,0.521078561590832
tolokers,GeneralSheaf,true,3,4,last,4,4,confidence,0.4363916929751261
tolokers,GeneralSheaf,true,3,4,last,0,4,saliency,-0.4285958506404752
tolokers,GeneralSheaf,true,3,4,last,1,4,saliency,-0.4535603370297718
tolokers,GeneralSheaf,true,3,4,last,2,4,saliency,-0.4615785845814821
tolokers,GeneralSheaf,true,3,4,last,3,4,saliency,-0.49747506304191685
tolokers,GeneralSheaf,true,3,4,last,4,4,saliency,-0.4156468336228382
tolokers,GeneralSheaf,true,3,4,last,0,4,cohens_d_train,0.6161187
tolokers,GeneralSheaf,true,3,4,last,1,4,cohens_d_train,0.55285245
tolokers,GeneralSheaf,true,3,4,last,2,4,cohens_d_train,0.46138516
tolokers,GeneralSheaf,true,3,4,last,3,4,cohens_d_train,0.43842313
tolokers,GeneralSheaf,true,3,4,last,4,4,cohens_d_train,0.35252634
tolokers,GeneralSheaf,true,3,4,last,0,4,cohens_d_test,0.583046
tolokers,GeneralSheaf,true,3,4,last,1,4,cohens_d_test,0.5559947
tolokers,GeneralSheaf,true,3,4,last,2,4,cohens_d_test,0.49127334
tolokers,GeneralSheaf,true,3,4,last,3,4,cohens_d_test,0.49645826
tolokers,GeneralSheaf,true,3,4,last,4,4,cohens_d_test,0.41170853
tolokers,GeneralSheaf,true,3,4,last,0,5,degree,-0.2442745646172168
tolokers,GeneralSheaf,true,3,4,last,1,5,degree,-0.01065580138646884
tolokers,GeneralSheaf,true,3,4,last,2,5,degree,0.27748293230043936
tolokers,GeneralSheaf,true,3,4,last,3,5,degree,0.29617408048024263
tolokers,GeneralSheaf,true,3,4,last,4,5,degree,0.3929467708550433
tolokers,GeneralSheaf,true,3,4,last,0,5,betweenness,-0.27642340992359
tolokers,GeneralSheaf,true,3,4,last,1,5,betweenness,-0.07254824772335881
tolokers,GeneralSheaf,true,3,4,last,2,5,betweenness,0.1842961526525949
tolokers,GeneralSheaf,true,3,4,last,3,5,betweenness,0.2323478316745921
tolokers,GeneralSheaf,true,3,4,last,4,5,betweenness,0.3129238531451798
tolokers,GeneralSheaf,true,3,4,last,0,5,confidence,0.5856406564278421
tolokers,GeneralSheaf,true,3,4,last,1,5,confidence,0.6243862954241792
tolokers,GeneralSheaf,true,3,4,last,2,5,confidence,0.5973824207355739
tolokers,GeneralSheaf,true,3,4,last,3,5,confidence,0.5767699796879416
tolokers,GeneralSheaf,true,3,4,last,4,5,confidence,0.4603497110443788
tolokers,GeneralSheaf,true,3,4,last,0,5,saliency,-0.4574991619925273
tolokers,GeneralSheaf,true,3,4,last,1,5,saliency,-0.4952489112523442
tolokers,GeneralSheaf,true,3,4,last,2,5,saliency,-0.5050602896309845
tolokers,GeneralSheaf,true,3,4,last,3,5,saliency,-0.47399508552952685
tolokers,GeneralSheaf,true,3,4,last,4,5,saliency,-0.3518179060957882
tolokers,GeneralSheaf,true,3,4,last,0,5,cohens_d_train,0.6244115
tolokers,GeneralSheaf,true,3,4,last,1,5,cohens_d_train,0.5513796
tolokers,GeneralSheaf,true,3,4,last,2,5,cohens_d_train,0.47913456
tolokers,GeneralSheaf,true,3,4,last,3,5,cohens_d_train,0.4761601
tolokers,GeneralSheaf,true,3,4,last,4,5,cohens_d_train,0.37179282
tolokers,GeneralSheaf,true,3,4,last,0,5,cohens_d_test,0.6046781
tolokers,GeneralSheaf,true,3,4,last,1,5,cohens_d_test,0.48418283
tolokers,GeneralSheaf,true,3,4,last,2,5,cohens_d_test,0.36311975
tolokers,GeneralSheaf,true,3,4,last,3,5,cohens_d_test,0.29375318
tolokers,GeneralSheaf,true,3,4,last,4,5,cohens_d_test,0.16773286
tolokers,GeneralSheaf,true,3,4,last,0,6,degree,-0.34113237932694557
tolokers,GeneralSheaf,true,3,4,last,1,6,degree,-0.04805882326647931
tolokers,GeneralSheaf,true,3,4,last,2,6,degree,-0.054627983366650375
tolokers,GeneralSheaf,true,3,4,last,3,6,degree,0.12314356363890039
tolokers,GeneralSheaf,true,3,4,last,4,6,degree,0.13064097933877383
tolokers,GeneralSheaf,true,3,4,last,0,6,betweenness,-0.3624253600890056
tolokers,GeneralSheaf,true,3,4,last,1,6,betweenness,-0.08832195791182117
tolokers,GeneralSheaf,true,3,4,last,2,6,betweenness,-0.1206306342159847
tolokers,GeneralSheaf,true,3,4,last,3,6,betweenness,0.051821669383433376
tolokers,GeneralSheaf,true,3,4,last,4,6,betweenness,0.08452556912252476
tolokers,GeneralSheaf,true,3,4,last,0,6,confidence,0.5741634573558865
tolokers,GeneralSheaf,true,3,4,last,1,6,confidence,0.6383365038017386
tolokers,GeneralSheaf,true,3,4,last,2,6,confidence,0.716325765646822
tolokers,GeneralSheaf,true,3,4,last,3,6,confidence,0.7086831577385728
tolokers,GeneralSheaf,true,3,4,last,4,6,confidence,0.6986017716604457
tolokers,GeneralSheaf,true,3,4,last,0,6,saliency,-0.4394813523666629
tolokers,GeneralSheaf,true,3,4,last,1,6,saliency,-0.4877422306643438
tolokers,GeneralSheaf,true,3,4,last,2,6,saliency,-0.5311615618679016
tolokers,GeneralSheaf,true,3,4,last,3,6,saliency,-0.5280765235371011
tolokers,GeneralSheaf,true,3,4,last,4,6,saliency,-0.5290495343013051
tolokers,GeneralSheaf,true,3,4,last,0,6,cohens_d_train,0.62046164
tolokers,GeneralSheaf,true,3,4,last,1,6,cohens_d_train,0.5733243
tolokers,GeneralSheaf,true,3,4,last,2,6,cohens_d_train,0.65587157
tolokers,GeneralSheaf,true,3,4,last,3,6,cohens_d_train,0.6110351
tolokers,GeneralSheaf,true,3,4,last,4,6,cohens_d_train,0.5313398
tolokers,GeneralSheaf,true,3,4,last,0,6,cohens_d_test,0.5651052
tolokers,GeneralSheaf,true,3,4,last,1,6,cohens_d_test,0.48502672
tolokers,GeneralSheaf,true,3,4,last,2,6,cohens_d_test,0.569143
tolokers,GeneralSheaf,true,3,4,last,3,6,cohens_d_test,0.5347795
tolokers,GeneralSheaf,true,3,4,last,4,6,cohens_d_test,0.48414105
tolokers,GeneralSheaf,true,3,4,last,0,7,degree,-0.2904846854478991
tolokers,GeneralSheaf,true,3,4,last,1,7,degree,0.03619344068273621
tolokers,GeneralSheaf,true,3,4,last,2,7,degree,0.3543125958765013
tolokers,GeneralSheaf,true,3,4,last,3,7,degree,0.60164641623357
tolokers,GeneralSheaf,true,3,4,last,4,7,degree,0.4634800613915432
tolokers,GeneralSheaf,true,3,4,last,0,7,betweenness,-0.31795517404187906
tolokers,GeneralSheaf,true,3,4,last,1,7,betweenness,0.018935128269252654
tolokers,GeneralSheaf,true,3,4,last,2,7,betweenness,0.30026848059160605
tolokers,GeneralSheaf,true,3,4,last,3,7,betweenness,0.5325210543752426
tolokers,GeneralSheaf,true,3,4,last,4,7,betweenness,0.4097023111887824
tolokers,GeneralSheaf,true,3,4,last,0,7,confidence,0.5875369836327607
tolokers,GeneralSheaf,true,3,4,last,1,7,confidence,0.5510244387122024
tolokers,GeneralSheaf,true,3,4,last,2,7,confidence,0.38044472881429875
tolokers,GeneralSheaf,true,3,4,last,3,7,confidence,0.3000780646444415
tolokers,GeneralSheaf,true,3,4,last,4,7,confidence,0.376309180515306
tolokers,GeneralSheaf,true,3,4,last,0,7,saliency,-0.4095763987699026
tolokers,GeneralSheaf,true,3,4,last,1,7,saliency,-0.4269852129864462
tolokers,GeneralSheaf,true,3,4,last,2,7,saliency,-0.3373124874329963
tolokers,GeneralSheaf,true,3,4,last,3,7,saliency,-0.27644089160686375
tolokers,GeneralSheaf,true,3,4,last,4,7,saliency,-0.3474199947515375
tolokers,GeneralSheaf,true,3,4,last,0,7,cohens_d_train,0.67014337
tolokers,GeneralSheaf,true,3,4,last,1,7,cohens_d_train,0.53562444
tolokers,GeneralSheaf,true,3,4,last,2,7,cohens_d_train,0.30466914
tolokers,GeneralSheaf,true,3,4,last,3,7,cohens_d_train,0.21978371
tolokers,GeneralSheaf,true,3,4,last,4,7,cohens_d_train,0.24069415
tolokers,GeneralSheaf,true,3,4,last,0,7,cohens_d_test,0.6597249
tolokers,GeneralSheaf,true,3,4,last,1,7,cohens_d_test,0.52142787
tolokers,GeneralSheaf,true,3,4,last,2,7,cohens_d_test,0.30663812
tolokers,GeneralSheaf,true,3,4,last,3,7,cohens_d_test,0.20969895
tolokers,GeneralSheaf,true,3,4,last,4,7,cohens_d_test,0.20083076
tolokers,GeneralSheaf,true,3,4,last,0,8,degree,-0.33667622588190865
tolokers,GeneralSheaf,true,3,4,last,1,8,degree,-0.1411737836304632
tolokers,GeneralSheaf,true,3,4,last,2,8,degree,0.15677206342937264
tolokers,GeneralSheaf,true,3,4,last,3,8,degree,0.31315385293095743
tolokers,GeneralSheaf,true,3,4,last,4,8,degree,0.19627548473320242
tolokers,GeneralSheaf,true,3,4,last,0,8,betweenness,-0.36108847141363754
tolokers,GeneralSheaf,true,3,4,last,1,8,betweenness,-0.2118435010720041
tolokers,GeneralSheaf,true,3,4,last,2,8,betweenness,0.08299867361956503
tolokers,GeneralSheaf,true,3,4,last,3,8,betweenness,0.252408715338431
tolokers,GeneralSheaf,true,3,4,last,4,8,betweenness,0.16550921828553167
tolokers,GeneralSheaf,true,3,4,last,0,8,confidence,0.5854857931238334
tolokers,GeneralSheaf,true,3,4,last,1,8,confidence,0.6581825562976933
tolokers,GeneralSheaf,true,3,4,last,2,8,confidence,0.6051560526267291
tolokers,GeneralSheaf,true,3,4,last,3,8,confidence,0.570153977559538
tolokers,GeneralSheaf,true,3,4,last,4,8,confidence,0.5961696502290322
tolokers,GeneralSheaf,true,3,4,last,0,8,saliency,nan
tolokers,GeneralSheaf,true,3,4,last,1,8,saliency,nan
tolokers,GeneralSheaf,true,3,4,last,2,8,saliency,nan
tolokers,GeneralSheaf,true,3,4,last,3,8,saliency,nan
tolokers,GeneralSheaf,true,3,4,last,4,8,saliency,nan
tolokers,GeneralSheaf,true,3,4,last,0,8,cohens_d_train,0.58607507
tolokers,GeneralSheaf,true,3,4,last,1,8,cohens_d_train,0.5247743
tolokers,GeneralSheaf,true,3,4,last,2,8,cohens_d_train,0.4801127
tolokers,GeneralSheaf,true,3,4,last,3,8,cohens_d_train,0.45444727
tolokers,GeneralSheaf,true,3,4,last,4,8,cohens_d_train,0.47861734
tolokers,GeneralSheaf,true,3,4,last,0,8,cohens_d_test,0.5608822
tolokers,GeneralSheaf,true,3,4,last,1,8,cohens_d_test,0.52901036
tolokers,GeneralSheaf,true,3,4,last,2,8,cohens_d_test,0.4881126
tolokers,GeneralSheaf,true,3,4,last,3,8,cohens_d_test,0.4695768
tolokers,GeneralSheaf,true,3,4,last,4,8,cohens_d_test,0.5003878
tolokers,GeneralSheaf,true,3,4,last,0,9,degree,-0.2570568162386397
tolokers,GeneralSheaf,true,3,4,last,1,9,degree,0.027884173915608625
tolokers,GeneralSheaf,true,3,4,last,2,9,degree,0.11316415003291136
tolokers,GeneralSheaf,true,3,4,last,3,9,degree,0.25179149517812044
tolokers,GeneralSheaf,true,3,4,last,4,9,degree,0.17357585910689566
tolokers,GeneralSheaf,true,3,4,last,0,9,betweenness,-0.28722110862319417
tolokers,GeneralSheaf,true,3,4,last,1,9,betweenness,-0.017077921205601098
tolokers,GeneralSheaf,true,3,4,last,2,9,betweenness,0.04994958025962553
tolokers,GeneralSheaf,true,3,4,last,3,9,betweenness,0.19167386478666698
tolokers,GeneralSheaf,true,3,4,last,4,9,betweenness,0.11559589431365225
tolokers,GeneralSheaf,true,3,4,last,0,9,confidence,0.611623961606907
tolokers,GeneralSheaf,true,3,4,last,1,9,confidence,0.5870723575389313
tolokers,GeneralSheaf,true,3,4,last,2,9,confidence,0.6056042061182355
tolokers,GeneralSheaf,true,3,4,last,3,9,confidence,0.6339857469077941
tolokers,GeneralSheaf,true,3,4,last,4,9,confidence,0.6804906236956314
tolokers,GeneralSheaf,true,3,4,last,0,9,saliency,-0.37648779109621205
tolokers,GeneralSheaf,true,3,4,last,1,9,saliency,-0.342822072576278
tolokers,GeneralSheaf,true,3,4,last,2,9,saliency,-0.3727630149651968
tolokers,GeneralSheaf,true,3,4,last,3,9,saliency,-0.4096771696215241
tolokers,GeneralSheaf,true,3,4,last,4,9,saliency,-0.4664692321715344
tolokers,GeneralSheaf,true,3,4,last,0,9,cohens_d_train,0.61215943
tolokers,GeneralSheaf,true,3,4,last,1,9,cohens_d_train,0.4948389
tolokers,GeneralSheaf,true,3,4,last,2,9,cohens_d_train,0.47851595
tolokers,GeneralSheaf,true,3,4,last,3,9,cohens_d_train,0.5074442
tolokers,GeneralSheaf,true,3,4,last,4,9,cohens_d_train,0.5447848
tolokers,GeneralSheaf,true,3,4,last,0,9,cohens_d_test,0.5829587
tolokers,GeneralSheaf,true,3,4,last,1,9,cohens_d_test,0.49985158
tolokers,GeneralSheaf,true,3,4,last,2,9,cohens_d_test,0.5037803
tolokers,GeneralSheaf,true,3,4,last,3,9,cohens_d_test,0.5502084
tolokers,GeneralSheaf,true,3,4,last,4,9,cohens_d_test,0.5845068
