dataset,model,normalised,d,layers,checkpoint,layer,fold,observable,value
wisconsin,GeneralSheaf,true,2,2,epoch-0,0,0,degree,-0.1202535451586084
wisconsin,GeneralSheaf,true,2,2,epoch-0,1,0,degree,-0.12057010806079219
wisconsin,GeneralSheaf,true,2,2,epoch-0,2,0,degree,-0.12048386001349791
wisconsin,GeneralSheaf,true,2,2,epoch-0,0,0,betweenness,-0.20623606215449886
wisconsin,GeneralSheaf,true,2,2,epoch-0,1,0,betweenness,-0.20653559828509124
wisconsin,GeneralSheaf,true,2,2,epoch-0,2,0,betweenness,-0.20620014201763295
wisconsin,GeneralSheaf,true,2,2,epoch-0,0,0,confidence,0.4205686519729416
wisconsin,GeneralSheaf,true,2,2,epoch-0,1,0,confidence,0.4207623038913982
wisconsin,GeneralSheaf,true,2,2,epoch-0,2,0,confidence,0.42044889057949025
wisconsin,GeneralSheaf,true,2,2,epoch-0,0,0,saliency,-0.429228041092137
wisconsin,GeneralSheaf,true,2,2,epoch-0,1,0,saliency,-0.42952792982578625
wisconsin,GeneralSheaf,true,2,2,epoch-0,2,0,saliency,-0.429299509997731
wisconsin,GeneralSheaf,true,2,2,epoch-0,0,0,cohens_d_train,0.03933944
wisconsin,GeneralSheaf,true,2,2,epoch-0,1,0,cohens_d_train,0.039678138
wisconsin,GeneralSheaf,true,2,2,epoch-0,2,0,cohens_d_train,0.03975532
wisconsin,GeneralSheaf,true,2,2,epoch-0,0,0,cohens_d_test,1.2599133
wisconsin,GeneralSheaf,true,2,2,epoch-0,1,0,cohens_d_test,1.2613171
wisconsin,GeneralSheaf,true,2,2,epoch-0,2,0,cohens_d_test,1.262838
wisconsin,GeneralSheaf,true,2,2,epoch-0,0,1,degree,0.005048233172952962
wisconsin,GeneralSheaf,true,2,2,epoch-0,1,1,degree,0.004940614492979062
wisconsin,GeneralSheaf,true,2,2,epoch-0,2,1,degree,0.005469370451188648
wisconsin,GeneralSheaf,true,2,2,epoch-0,0,1,betweenness,0.040473094116493864
wisconsin,GeneralSheaf,true,2,2,epoch-0,1,1,betweenness,0.040386677471644206
wisconsin,GeneralSheaf,true,2,2,epoch-0,2,1,betweenness,0.04095155156594579
wisconsin,GeneralSheaf,true,2,2,epoch-0,0,1,confidence,0.054713841124286525
wisconsin,GeneralSheaf,true,2,2,epoch-0,1,1,confidence,0.05474112932466207
wisconsin,GeneralSheaf,true,2,2,epoch-0,2,1,confidence,0.055437024164357016
wisconsin,GeneralSheaf,true,2,2,epoch-0,0,1,saliency,-0.053610401988851496
wisconsin,GeneralSheaf,true,2,2,epoch-0,1,1,saliency,-0.05345062934038167
wisconsin,GeneralSheaf,true,2,2,epoch-0,2,1,saliency,-0.05398602237073312
wisconsin,GeneralSheaf,true,2,2,epoch-0,0,1,cohens_d_train,0.523805
wisconsin,GeneralSheaf,true,2,2,epoch-0,1,1,cohens_d_train,0.5243227
wisconsin,GeneralSheaf,true,2,2,epoch-0,2,1,cohens_d_train,0.5241908
wisconsin,GeneralSheaf,true,2,2,epoch-0,0,1,cohens_d_test,0.5266719
wisconsin,GeneralSheaf,true,2,2,epoch-0,1,1,cohens_d_test,0.5265703
wisconsin,GeneralSheaf,true,2,2,epoch-0,2,1,cohens_d_test,0.5272923
wisconsin,GeneralSheaf,true,2,2,epoch-0,0,2,degree,0.07259175928375312
wisconsin,GeneralSheaf,true,2,2,epoch-0,1,2,degree,0.07330094723631145
wisconsin,GeneralSheaf,true,2,2,epoch-0,2,2,degree,0.07320477841224862
wisconsin,GeneralSheaf,true,2,2,epoch-0,0,2,betweenness,0.12695275727032296
wisconsin,GeneralSheaf,true,2,2,epoch-0,1,2,betweenness,0.1275934618252246
wisconsin,GeneralSheaf,true,2,2,epoch-0,2,2,betweenness,0.12736402756089618
wisconsin,GeneralSheaf,true,2,2,epoch-0,0,2,confidence,-0.19882405437156334
wisconsin,GeneralSheaf,true,2,2,epoch-0,1,2,confidence,-0.1989685436940357
wisconsin,GeneralSheaf,true,2,2,epoch-0,2,2,confidence,-0.19910282593704204
wisconsin,GeneralSheaf,true,2,2,epoch-0,0,2,saliency,-0.08002628726694729
wisconsin,GeneralSheaf,true,2,2,epoch-0,1,2,saliency,-0.08063828556088702
wisconsin,GeneralSheaf,true,2,2,epoch-0,2,2,saliency,-0.08057680180368189
wisconsin,GeneralSheaf,true,2,2,epoch-0,0,2,cohens_d_train,0.17203297
wisconsin,GeneralSheaf,true,2,2,epoch-0,1,2,cohens_d_train,0.17129774
wisconsin,GeneralSheaf,true,2,2,epoch-0,2,2,cohens_d_train,0.17185602
wisconsin,GeneralSheaf,true,2,2,epoch-0,0,2,cohens_d_test,0.47194108
wisconsin,GeneralSheaf,true,2,2,epoch-0,1,2,cohens_d_test,0.47163668
wisconsin,GeneralSheaf,true,2,2,epoch-0,2,2,cohens_d_test,0.4717522
wisconsin,GeneralSheaf,true,2,2,epoch-0,0,3,degree,-0.07898072300002304
wisconsin,GeneralSheaf,true,2,2,epoch-0,1,3,degree,-0.07943095501557351
wisconsin,GeneralSheaf,true,2,2,epoch-0,2,3,degree,-0.07942085389291742
wisconsin,GeneralSheaf,true,2,2,epoch-0,0,3,betweenness,-0.03613745559809636
wisconsin,GeneralSheaf,true,2,2,epoch-0,1,3,betweenness,-0.036768264043770094
wisconsin,GeneralSheaf,true,2,2,epoch-0,2,3,betweenness,-0.03705624274205218
wisconsin,GeneralSheaf,true,2,2,epoch-0,0,3,confidence,-0.26478972640813203
wisconsin,GeneralSheaf,true,2,2,epoch-0,1,3,confidence,-0.26539591306613886
wisconsin,GeneralSheaf,true,2,2,epoch-0,2,3,confidence,-0.26611190718717087
wisconsin,GeneralSheaf,true,2,2,epoch-0,0,3,saliency,-0.36055635057764407
wisconsin,GeneralSheaf,true,2,2,epoch-0,1,3,saliency,-0.360628617437767
wisconsin,GeneralSheaf,true,2,2,epoch-0,2,3,saliency,-0.36095644921756725
wisconsin,GeneralSheaf,true,2,2,epoch-0,0,3,cohens_d_train,1.0513126
wisconsin,GeneralSheaf,true,2,2,epoch-0,1,3,cohens_d_train,1.0512861
wisconsin,GeneralSheaf,true,2,2,epoch-0,2,3,cohens_d_train,1.0517209
wisconsin,GeneralSheaf,true,2,2,epoch-0,0,3,cohens_d_test,0.64211243
wisconsin,GeneralSheaf,true,2,2,epoch-0,1,3,cohens_d_test,0.6414719
wisconsin,GeneralSheaf,true,2,2,epoch-0,2,3,cohens_d_test,0.642036
wisconsin,GeneralSheaf,true,2,2,epoch-0,0,4,degree,0.04469671618299926
wisconsin,GeneralSheaf,true,2,2,epoch-0,1,4,degree,0.043815950549081675
wisconsin,GeneralSheaf,true,2,2,epoch-0,2,4,degree,0.04388919201488535
wisconsin,GeneralSheaf,true,2,2,epoch-0,0,4,betweenness,-0.01834114023625115
wisconsin,GeneralSheaf,true,2,2,epoch-0,1,4,betweenness,-0.019233863762018744
wisconsin,GeneralSheaf,true,2,2,epoch-0,2,4,betweenness,-0.01927103223656499
wisconsin,GeneralSheaf,true,2,2,epoch-0,0,4,confidence,0.3076304597635138
wisconsin,GeneralSheaf,true,2,2,epoch-0,1,4,confidence,0.3072087324672605
wisconsin,GeneralSheaf,true,2,2,epoch-0,2,4,confidence,0.3073601853160607
wisconsin,GeneralSheaf,true,2,2,epoch-0,0,4,saliency,0.19207014392550056
wisconsin,GeneralSheaf,true,2,2,epoch-0,1,4,saliency,0.19310551292603886
wisconsin,GeneralSheaf,true,2,2,epoch-0,2,4,saliency,0.19326756836899958
wisconsin,GeneralSheaf,true,2,2,epoch-0,0,4,cohens_d_train,0.13520397
wisconsin,GeneralSheaf,true,2,2,epoch-0,1,4,cohens_d_train,0.13566773
wisconsin,GeneralSheaf,true,2,2,epoch-0,2,4,cohens_d_train,0.13609481
wisconsin,GeneralSheaf,true,2,2,epoch-0,0,4,cohens_d_test,0.7404498
wisconsin,GeneralSheaf,true,2,2,epoch-0,1,4,cohens_d_test,0.7411059
wisconsin,GeneralSheaf,true,2,2,epoch-0,2,4,cohens_d_test,0.7403688
wisconsin,GeneralSheaf,true,2,2,epoch-0,0,5,degree,0.005736275419320492
wisconsin,GeneralSheaf,true,2,2,epoch-0,1,5,degree,0.005428968012840133
wisconsin,GeneralSheaf,true,2,2,epoch-0,2,5,degree,0.005595244942036995
wisconsin,GeneralSheaf,true,2,2,epoch-0,0,5,betweenness,-0.07745152582429823
wisconsin,GeneralSheaf,true,2,2,epoch-0,1,5,betweenness,-0.07776480012708165
wisconsin,GeneralSheaf,true,2,2,epoch-0,2,5,betweenness,-0.07778032228317013
wisconsin,GeneralSheaf,true,2,2,epoch-0,0,5,confidence,-0.003214575779013909
wisconsin,GeneralSheaf,true,2,2,epoch-0,1,5,confidence,-0.003140206462124541
wisconsin,GeneralSheaf,true,2,2,epoch-0,2,5,confidence,-0.002448115099353353
wisconsin,GeneralSheaf,true,2,2,epoch-0,0,5,saliency,-0.14498339021701806
wisconsin,GeneralSheaf,true,2,2,epoch-0,1,5,saliency,-0.14502209262396626
wisconsin,GeneralSheaf,true,2,2,epoch-0,2,5,saliency,-0.14535022148580432
wisconsin,GeneralSheaf,true,2,2,epoch-0,0,5,cohens_d_train,1.2160983
wisconsin,GeneralSheaf,true,2,2,epoch-0,1,5,cohens_d_train,1.2160116
wisconsin,GeneralSheaf,true,2,2,epoch-0,2,5,cohens_d_train,1.2155272
wisconsin,GeneralSheaf,true,2,2,epoch-0,0,5,cohens_d_test,0.56574965
wisconsin,GeneralSheaf,true,2,2,epoch-0,1,5,cohens_d_test,0.565983
wisconsin,GeneralSheaf,true,2,2,epoch-0,2,5,cohens_d_test,0.55960643
wisconsin,GeneralSheaf,true,2,2,epoch-0,0,6,degree,0.015681033561649148
wisconsin,GeneralSheaf,true,2,2,epoch-0,1,6,degree,0.01568626647546769
wisconsin,GeneralSheaf,true,2,2,epoch-0,2,6,degree,0.01528455259752947
wisconsin,GeneralSheaf,true,2,2,epoch-0,0,6,betweenness,0.019276102293811957
wisconsin,GeneralSheaf,true,2,2,epoch-0,1,6,betweenness,0.019317533248681785
wisconsin,GeneralSheaf,true,2,2,epoch-0,2,6,betweenness,0.018819407932734393
wisconsin,GeneralSheaf,true,2,2,epoch-0,0,6,confidence,-0.09229611661262158
wisconsin,GeneralSheaf,true,2,2,epoch-0,1,6,confidence,-0.0927157016844085
wisconsin,GeneralSheaf,true,2,2,epoch-0,2,6,confidence,-0.09267472270415905
wisconsin,GeneralSheaf,true,2,2,epoch-0,0,6,saliency,-0.28375195480323195
wisconsin,GeneralSheaf,true,2,2,epoch-0,1,6,saliency,-0.2842681505104875
wisconsin,GeneralSheaf,true,2,2,epoch-0,2,6,saliency,-0.2839752266887043
wisconsin,GeneralSheaf,true,2,2,epoch-0,0,6,cohens_d_train,0.35938817
wisconsin,GeneralSheaf,true,2,2,epoch-0,1,6,cohens_d_train,0.35964137
wisconsin,GeneralSheaf,true,2,2,epoch-0,2,6,cohens_d_train,0.35875317
wisconsin,GeneralSheaf,true,2,2,epoch-0,0,6,cohens_d_test,0.27673444
wisconsin,GeneralSheaf,true,2,2,epoch-0,1,6,cohens_d_test,0.27636105
wisconsin,GeneralSheaf,true,2,2,epoch-0,2,6,cohens_d_test,0.27631643
wisconsin,GeneralSheaf,true,2,2,epoch-0,0,7,degree,-0.06013901048487198
wisconsin,GeneralSheaf,true,2,2,epoch-0,1,7,degree,-0.06050339368165458
wisconsin,GeneralSheaf,true,2,2,epoch-0,2,7,degree,-0.060858098488770246
wisconsin,GeneralSheaf,true,2,2,epoch-0,0,7,betweenness,-0.12976327530100845
wisconsin,GeneralSheaf,true,2,2,epoch-0,1,7,betweenness,-0.13045707444460705
wisconsin,GeneralSheaf,true,2,2,epoch-0,2,7,betweenness,-0.1305769358487569
wisconsin,GeneralSheaf,true,2,2,epoch-0,0,7,confidence,0.13334919373750245
wisconsin,GeneralSheaf,true,2,2,epoch-0,1,7,confidence,0.1334599129462214
wisconsin,GeneralSheaf,true,2,2,epoch-0,2,7,confidence,0.13384390145995648
wisconsin,GeneralSheaf,true,2,2,epoch-0,0,7,saliency,-0.04110990092379844
wisconsin,GeneralSheaf,true,2,2,epoch-0,1,7,saliency,-0.04032330891543079
wisconsin,GeneralSheaf,true,2,2,epoch-0,2,7,saliency,-0.04017229381316169
wisconsin,GeneralSheaf,true,2,2,epoch-0,0,7,cohens_d_train,0.20432985
wisconsin,GeneralSheaf,true,2,2,epoch-0,1,7,cohens_d_train,0.20497267
wisconsin,GeneralSheaf,true,2,2,epoch-0,2,7,cohens_d_train,0.20521718
wisconsin,GeneralSheaf,true,2,2,epoch-0,0,7,cohens_d_test,0.43076813
wisconsin,GeneralSheaf,true,2,2,epoch-0,1,7,cohens_d_test,0.43104672
wisconsin,GeneralSheaf,true,2,2,epoch-0,2,7,cohens_d_test,0.42886338
wisconsin,GeneralSheaf,true,2,2,epoch-0,0,8,degree,-0.12037514720440907
wisconsin,GeneralSheaf,true,2,2,epoch-0,1,8,degree,-0.11988478573904843
wisconsin,GeneralSheaf,true,2,2,epoch-0,2,8,degree,-0.11986380648430119
wisconsin,GeneralSheaf,true,2,2,epoch-0,0,8,betweenness,-0.13323964716034287
wisconsin,GeneralSheaf,true,2,2,epoch-0,1,8,betweenness,-0.13280838160003997
wisconsin,GeneralSheaf,true,2,2,epoch-0,2,8,betweenness,-0.13276790891811927
wisconsin,GeneralSheaf,true,2,2,epoch-0,0,8,confidence,0.11482249627584878
wisconsin,GeneralSheaf,true,2,2,epoch-0,1,8,confidence,0.11448093916310452
wisconsin,GeneralSheaf,true,2,2,epoch-0,2,8,confidence,0.11444792829285261
wisconsin,GeneralSheaf,true,2,2,epoch-0,0,8,saliency,0.009334863468801413
wisconsin,GeneralSheaf,true,2,2,epoch-0,1,8,saliency,0.008956182095376282
wisconsin,GeneralSheaf,true,2,2,epoch-0,2,8,saliency,0.008893954766803087
wisconsin,GeneralSheaf,true,2,2,epoch-0,0,8,cohens_d_train,0.36590555
wisconsin,GeneralSheaf,true,2,2,epoch-0,1,8,cohens_d_train,0.365626
wisconsin,GeneralSheaf,true,2,2,epoch-0,2,8,cohens_d_train,0.36573
wisconsin,GeneralSheaf,true,2,2,epoch-0,0,8,cohens_d_test,0.19192314
wisconsin,GeneralSheaf,true,2,2,epoch-0,1,8,cohens_d_test,0.19141991
wisconsin,GeneralSheaf,true,2,2,epoch-0,2,8,cohens_d_test,0.19075257
wisconsin,GeneralSheaf,true,2,2,epoch-0,0,9,degree,0.12232855003599347
wisconsin,GeneralSheaf,true,2,2,epoch-0,1,9,degree,0.12259771418164282
wisconsin,GeneralSheaf,true,2,2,epoch-0,2,9,degree,0.12249670295508196
wisconsin,GeneralSheaf,true,2,2,epoch-0,0,9,betweenness,0.16434486672205129
wisconsin,GeneralSheaf,true,2,2,epoch-0,1,9,betweenness,0.16455997888765547
wisconsin,GeneralSheaf,true,2,2,epoch-0,2,9,betweenness,0.16451756040371934
wisconsin,GeneralSheaf,true,2,2,epoch-0,0,9,confidence,0.15795473754366396
wisconsin,GeneralSheaf,true,2,2,epoch-0,1,9,confidence,0.15816295749910927
wisconsin,GeneralSheaf,true,2,2,epoch-0,2,9,confidence,0.158039261664889
wisconsin,GeneralSheaf,true,2,2,epoch-0,0,9,saliency,-0.3985582982182561
wisconsin,GeneralSheaf,true,2,2,epoch-0,1,9,saliency,-0.39864420310696497
wisconsin,GeneralSheaf,true,2,2,epoch-0,2,9,saliency,-0.39868897642874324
wisconsin,GeneralSheaf,true,2,2,epoch-0,0,9,cohens_d_train,0.72119474
wisconsin,GeneralSheaf,true,2,2,epoch-0,1,9,cohens_d_train,0.7212755
wisconsin,GeneralSheaf,true,2,2,epoch-0,2,9,cohens_d_train,0.7218538
wisconsin,GeneralSheaf,true,2,2,epoch-0,0,9,cohens_d_test,nan
wisconsin,GeneralSheaf,true,2,2,epoch-0,1,9,cohens_d_test,nan
wisconsin,GeneralSheaf,true,2,2,epoch-0,2,9,cohens_d_test,nan
wisconsin,GeneralSheaf,true,2,2,epoch-1,0,0,degree,-0.2427246765070902
wisconsin,GeneralSheaf,true,2,2,epoch-1,1,0,degree,-0.24106989676770932
wisconsin,GeneralSheaf,true,2,2,epoch-1,2,0,degree,-0.24354661434203828
wisconsin,GeneralSheaf,true,2,2,epoch-1,0,0,betweenness,-0.23675598413684548
wisconsin,GeneralSheaf,true,2,2,epoch-1,1,0,betweenness,-0.23643128961039966
wisconsin,GeneralSheaf,true,2,2,epoch-1,2,0,betweenness,-0.24019018994378705
wisconsin,GeneralSheaf,true,2,2,epoch-1,0,0,confidence,0.7751378155881941
wisconsin,GeneralSheaf,true,2,2,epoch-1,1,0,confidence,0.7863250133371379
wisconsin,GeneralSheaf,true,2,2,epoch-1,2,0,confidence,0.7966228773461411
wisconsin,GeneralSheaf,true,2,2,epoch-1,0,0,saliency,0.3046458229028686
wisconsin,GeneralSheaf,true,2,2,epoch-1,1,0,saliency,0.31337151460558876
wisconsin,GeneralSheaf,true,2,2,epoch-1,2,0,saliency,0.3198401212977585
wisconsin,GeneralSheaf,true,2,2,epoch-1,0,0,cohens_d_train,1.1064407
wisconsin,GeneralSheaf,true,2,2,epoch-1,1,0,cohens_d_train,1.1473826
wisconsin,GeneralSheaf,true,2,2,epoch-1,2,0,cohens_d_train,1.1884305
wisconsin,GeneralSheaf,true,2,2,epoch-1,0,0,cohens_d_test,1.1377386
wisconsin,GeneralSheaf,true,2,2,epoch-1,1,0,cohens_d_test,1.1557925
wisconsin,GeneralSheaf,true,2,2,epoch-1,2,0,cohens_d_test,1.1730402
wisconsin,GeneralSheaf,true,2,2,epoch-1,0,1,degree,-0.3045327042084472
wisconsin,GeneralSheaf,true,2,2,epoch-1,1,1,degree,-0.30444861386389077
wisconsin,GeneralSheaf,true,2,2,epoch-1,2,1,degree,-0.3041782145804816
wisconsin,GeneralSheaf,true,2,2,epoch-1,0,1,betweenness,-0.2729389715280172
wisconsin,GeneralSheaf,true,2,2,epoch-1,1,1,betweenness,-0.2721854016437331
wisconsin,GeneralSheaf,true,2,2,epoch-1,2,1,betweenness,-0.27170829098955224
wisconsin,GeneralSheaf,true,2,2,epoch-1,0,1,confidence,0.9620627460519907
wisconsin,GeneralSheaf,true,2,2,epoch-1,1,1,confidence,0.9619669603240071
wisconsin,GeneralSheaf,true,2,2,epoch-1,2,1,confidence,0.9619161160433436
wisconsin,GeneralSheaf,true,2,2,epoch-1,0,1,saliency,0.30521194014111963
wisconsin,GeneralSheaf,true,2,2,epoch-1,1,1,saliency,0.30494730028252726
wisconsin,GeneralSheaf,true,2,2,epoch-1,2,1,saliency,0.30450943237293293
wisconsin,GeneralSheaf,true,2,2,epoch-1,0,1,cohens_d_train,2.2536986
wisconsin,GeneralSheaf,true,2,2,epoch-1,1,1,cohens_d_train,2.2544224
wisconsin,GeneralSheaf,true,2,2,epoch-1,2,1,cohens_d_train,2.2544193
wisconsin,GeneralSheaf,true,2,2,epoch-1,0,1,cohens_d_test,1.0825301
wisconsin,GeneralSheaf,true,2,2,epoch-1,1,1,cohens_d_test,1.083633
wisconsin,GeneralSheaf,true,2,2,epoch-1,2,1,cohens_d_test,1.0845288
wisconsin,GeneralSheaf,true,2,2,epoch-1,0,2,degree,-0.24589215727198827
wisconsin,GeneralSheaf,true,2,2,epoch-1,1,2,degree,-0.24583102208118407
wisconsin,GeneralSheaf,true,2,2,epoch-1,2,2,degree,-0.2458399576896875
wisconsin,GeneralSheaf,true,2,2,epoch-1,0,2,betweenness,-0.23571653610860388
wisconsin,GeneralSheaf,true,2,2,epoch-1,1,2,betweenness,-0.2356296191800468
wisconsin,GeneralSheaf,true,2,2,epoch-1,2,2,betweenness,-0.2355766933652274
wisconsin,GeneralSheaf,true,2,2,epoch-1,0,2,confidence,-0.8010420049964606
wisconsin,GeneralSheaf,true,2,2,epoch-1,1,2,confidence,-0.8010487583463988
wisconsin,GeneralSheaf,true,2,2,epoch-1,2,2,confidence,-0.8009303746256781
wisconsin,GeneralSheaf,true,2,2,epoch-1,0,2,saliency,0.4155000774996959
wisconsin,GeneralSheaf,true,2,2,epoch-1,1,2,saliency,0.4154061205889741
wisconsin,GeneralSheaf,true,2,2,epoch-1,2,2,saliency,0.4154653124381047
wisconsin,GeneralSheaf,true,2,2,epoch-1,0,2,cohens_d_train,1.0638088
wisconsin,GeneralSheaf,true,2,2,epoch-1,1,2,cohens_d_train,1.0641812
wisconsin,GeneralSheaf,true,2,2,epoch-1,2,2,cohens_d_train,1.0638349
wisconsin,GeneralSheaf,true,2,2,epoch-1,0,2,cohens_d_test,0.640688
wisconsin,GeneralSheaf,true,2,2,epoch-1,1,2,cohens_d_test,0.640651
wisconsin,GeneralSheaf,true,2,2,epoch-1,2,2,cohens_d_test,0.6408135
wisconsin,GeneralSheaf,true,2,2,epoch-1,0,3,degree,-0.2686492225589586
wisconsin,GeneralSheaf,true,2,2,epoch-1,1,3,degree,-0.26837167728824174
wisconsin,GeneralSheaf,true,2,2,epoch-1,2,3,degree,-0.26953757994558464
wisconsin,GeneralSheaf,true,2,2,epoch-1,0,3,betweenness,-0.27288137575558
wisconsin,GeneralSheaf,true,2,2,epoch-1,1,3,betweenness,-0.27265395076904614
wisconsin,GeneralSheaf,true,2,2,epoch-1,2,3,betweenness,-0.2738801951991635
wisconsin,GeneralSheaf,true,2,2,epoch-1,0,3,confidence,0.9012104550320537
wisconsin,GeneralSheaf,true,2,2,epoch-1,1,3,confidence,0.9013036625336085
wisconsin,GeneralSheaf,true,2,2,epoch-1,2,3,confidence,0.9013226342801248
wisconsin,GeneralSheaf,true,2,2,epoch-1,0,3,saliency,-0.1570425155184486
wisconsin,GeneralSheaf,true,2,2,epoch-1,1,3,saliency,-0.1572575657427932
wisconsin,GeneralSheaf,true,2,2,epoch-1,2,3,saliency,-0.15702535156543468
wisconsin,GeneralSheaf,true,2,2,epoch-1,0,3,cohens_d_train,1.7513564
wisconsin,GeneralSheaf,true,2,2,epoch-1,1,3,cohens_d_train,1.7511669
wisconsin,GeneralSheaf,true,2,2,epoch-1,2,3,cohens_d_train,1.750077
wisconsin,GeneralSheaf,true,2,2,epoch-1,0,3,cohens_d_test,1.4628886
wisconsin,GeneralSheaf,true,2,2,epoch-1,1,3,cohens_d_test,1.462977
wisconsin,GeneralSheaf,true,2,2,epoch-1,2,3,cohens_d_test,1.4640688
wisconsin,GeneralSheaf,true,2,2,epoch-1,0,4,degree,-0.27872937169744083
wisconsin,GeneralSheaf,true,2,2,epoch-1,1,4,degree,-0.2805645093435735
wisconsin,GeneralSheaf,true,2,2,epoch-1,2,4,degree,-0.2804234289298888
wisconsin,GeneralSheaf,true,2,2,epoch-1,0,4,betweenness,-0.25909069070249213
wisconsin,GeneralSheaf,true,2,2,epoch-1,1,4,betweenness,-0.2604347032726147
wisconsin,GeneralSheaf,true,2,2,epoch-1,2,4,betweenness,-0.2603731665315949
wisconsin,GeneralSheaf,true,2,2,epoch-1,0,4,confidence,0.9739580378878953
wisconsin,GeneralSheaf,true,2,2,epoch-1,1,4,confidence,0.974168828813378
wisconsin,GeneralSheaf,true,2,2,epoch-1,2,4,confidence,0.9742134173098738
wisconsin,GeneralSheaf,true,2,2,epoch-1,0,4,saliency,0.4479918679460174
wisconsin,GeneralSheaf,true,2,2,epoch-1,1,4,saliency,0.44842530709566086
wisconsin,GeneralSheaf,true,2,2,epoch-1,2,4,saliency,0.4483174625218042
wisconsin,GeneralSheaf,true,2,2,epoch-1,0,4,cohens_d_train,2.0946043
wisconsin,GeneralSheaf,true,2,2,epoch-1,1,4,cohens_d_train,2.0985713
wisconsin,GeneralSheaf,true,2,2,epoch-1,2,4,cohens_d_train,2.0969284
wisconsin,GeneralSheaf,true,2,2,epoch-1,0,4,cohens_d_test,1.9380802
wisconsin,GeneralSheaf,true,2,2,epoch-1,1,4,cohens_d_test,1.9404483
wisconsin,GeneralSheaf,true,2,2,epoch-1,2,4,cohens_d_test,1.9403509
wisconsin,GeneralSheaf,true,2,2,epoch-1,0,5,degree,-0.22900695562793089
wisconsin,GeneralSheaf,true,2,2,epoch-1,1,5,degree,-0.23109659216369377
wisconsin,GeneralSheaf,true,2,2,epoch-1,2,5,degree,-0.23217935481148277
wisconsin,GeneralSheaf,true,2,2,epoch-1,0,5,betweenness,-0.25218386793752323
wisconsin,GeneralSheaf,true,2,2,epoch-1,1,5,betweenness,-0.25330645216932685
wisconsin,GeneralSheaf,true,2,2,epoch-1,2,5,betweenness,-0.25399293112036686
wisconsin,GeneralSheaf,true,2,2,epoch-1,0,5,confidence,-0.7896595575066546
wisconsin,GeneralSheaf,true,2,2,epoch-1,1,5,confidence,-0.7898469283604085
wisconsin,GeneralSheaf,true,2,2,epoch-1,2,5,confidence,-0.7901383343868975
wisconsin,GeneralSheaf,true,2,2,epoch-1,0,5,saliency,-0.3540596620030234
wisconsin,GeneralSheaf,true,2,2,epoch-1,1,5,saliency,-0.35707862422965225
wisconsin,GeneralSheaf,true,2,2,epoch-1,2,5,saliency,-0.35889004658702073
wisconsin,GeneralSheaf,true,2,2,epoch-1,0,5,cohens_d_train,0.5063007
wisconsin,GeneralSheaf,true,2,2,epoch-1,1,5,cohens_d_train,0.5077239
wisconsin,GeneralSheaf,true,2,2,epoch-1,2,5,cohens_d_train,0.507581
wisconsin,GeneralSheaf,true,2,2,epoch-1,0,5,cohens_d_test,1.112853
wisconsin,GeneralSheaf,true,2,2,epoch-1,1,5,cohens_d_test,1.1138858
wisconsin,GeneralSheaf,true,2,2,epoch-1,2,5,cohens_d_test,1.1135064
wisconsin,GeneralSheaf,true,2,2,epoch-1,0,6,degree,-0.2825813981642585
wisconsin,GeneralSheaf,true,2,2,epoch-1,1,6,degree,-0.2822708220630171
wisconsin,GeneralSheaf,true,2,2,epoch-1,2,6,degree,-0.2826080441578434
wisconsin,GeneralSheaf,true,2,2,epoch-1,0,6,betweenness,-0.24795447026963485
wisconsin,GeneralSheaf,true,2,2,epoch-1,1,6,betweenness,-0.24864119725715705
wisconsin,GeneralSheaf,true,2,2,epoch-1,2,6,betweenness,-0.25035544883274163
wisconsin,GeneralSheaf,true,2,2,epoch-1,0,6,confidence,-0.42246954226658245
wisconsin,GeneralSheaf,true,2,2,epoch-1,1,6,confidence,-0.43563152011498396
wisconsin,GeneralSheaf,true,2,2,epoch-1,2,6,confidence,-0.44475617131942424
wisconsin,GeneralSheaf,true,2,2,epoch-1,0,6,saliency,0.47117506533877856
wisconsin,GeneralSheaf,true,2,2,epoch-1,1,6,saliency,0.47513496028739266
wisconsin,GeneralSheaf,true,2,2,epoch-1,2,6,saliency,0.4769513156434498
wisconsin,GeneralSheaf,true,2,2,epoch-1,0,6,cohens_d_train,0.6372034
wisconsin,GeneralSheaf,true,2,2,epoch-1,1,6,cohens_d_train,0.66836476
wisconsin,GeneralSheaf,true,2,2,epoch-1,2,6,cohens_d_train,0.69827545
wisconsin,GeneralSheaf,true,2,2,epoch-1,0,6,cohens_d_test,0.6252051
wisconsin,GeneralSheaf,true,2,2,epoch-1,1,6,cohens_d_test,0.6646231
wisconsin,GeneralSheaf,true,2,2,epoch-1,2,6,cohens_d_test,0.70319444
wisconsin,GeneralSheaf,true,2,2,epoch-1,0,7,degree,-0.26558974616700814
wisconsin,GeneralSheaf,true,2,2,epoch-1,1,7,degree,-0.2654881952746465
wisconsin,GeneralSheaf,true,2,2,epoch-1,2,7,degree,-0.2660946511387292
wisconsin,GeneralSheaf,true,2,2,epoch-1,0,7,betweenness,-0.2374852711473003
wisconsin,GeneralSheaf,true,2,2,epoch-1,1,7,betweenness,-0.2373345309059574
wisconsin,GeneralSheaf,true,2,2,epoch-1,2,7,betweenness,-0.23805253184964714
wisconsin,GeneralSheaf,true,2,2,epoch-1,0,7,confidence,0.884093376713032
wisconsin,GeneralSheaf,true,2,2,epoch-1,1,7,confidence,0.8841812818677913
wisconsin,GeneralSheaf,true,2,2,epoch-1,2,7,confidence,0.8838967056700481
wisconsin,GeneralSheaf,true,2,2,epoch-1,0,7,saliency,0.42003432749775205
wisconsin,GeneralSheaf,true,2,2,epoch-1,1,7,saliency,0.42021887324520835
wisconsin,GeneralSheaf,true,2,2,epoch-1,2,7,saliency,0.42006861701279985
wisconsin,GeneralSheaf,true,2,2,epoch-1,0,7,cohens_d_train,1.7279478
wisconsin,GeneralSheaf,true,2,2,epoch-1,1,7,cohens_d_train,1.7286274
wisconsin,GeneralSheaf,true,2,2,epoch-1,2,7,cohens_d_train,1.7274214
wisconsin,GeneralSheaf,true,2,2,epoch-1,0,7,cohens_d_test,0.9324399
wisconsin,GeneralSheaf,true,2,2,epoch-1,1,7,cohens_d_test,0.93310684
wisconsin,GeneralSheaf,true,2,2,epoch-1,2,7,cohens_d_test,0.9334274
wisconsin,GeneralSheaf,true,2,2,epoch-1,0,8,degree,-0.226136681141108
wisconsin,GeneralSheaf,true,2,2,epoch-1,1,8,degree,-0.22606467906209238
wisconsin,GeneralSheaf,true,2,2,epoch-1,2,8,degree,-0.2259582287694859
wisconsin,GeneralSheaf,true,2,2,epoch-1,0,8,betweenness,-0.24142085254363402
wisconsin,GeneralSheaf,true,2,2,epoch-1,1,8,betweenness,-0.2414292766672062
wisconsin,GeneralSheaf,true,2,2,epoch-1,2,8,betweenness,-0.24130007541338236
wisconsin,GeneralSheaf,true,2,2,epoch-1,0,8,confidence,-0.9512754048432265
wisconsin,GeneralSheaf,true,2,2,epoch-1,1,8,confidence,-0.9512805549463517
wisconsin,GeneralSheaf,true,2,2,epoch-1,2,8,confidence,-0.9513124274804989
wisconsin,GeneralSheaf,true,2,2,epoch-1,0,8,saliency,0.43324314161629807
wisconsin,GeneralSheaf,true,2,2,epoch-1,1,8,saliency,0.43329563648016517
wisconsin,GeneralSheaf,true,2,2,epoch-1,2,8,saliency,0.4330808763503453
wisconsin,GeneralSheaf,true,2,2,epoch-1,0,8,cohens_d_train,1.0932992
wisconsin,GeneralSheaf,true,2,2,epoch-1,1,8,cohens_d_train,1.0931847
wisconsin,GeneralSheaf,true,2,2,epoch-1,2,8,cohens_d_train,1.09408
wisconsin,GeneralSheaf,true,2,2,epoch-1,0,8,cohens_d_test,0.7254809
wisconsin,GeneralSheaf,true,2,2,epoch-1,1,8,cohens_d_test,0.72572356
wisconsin,GeneralSheaf,true,2,2,epoch-1,2,8,cohens_d_test,0.72610444
wisconsin,GeneralSheaf,true,2,2,epoch-1,0,9,degree,-0.238411106173144
wisconsin,GeneralSheaf,true,2,2,epoch-1,1,9,degree,-0.23980958746400372
wisconsin,GeneralSheaf,true,2,2,epoch-1,2,9,degree,-0.23980958746400372
wisconsin,GeneralSheaf,true,2,2,epoch-1,0,9,betweenness,-0.2359208454365061
wisconsin,GeneralSheaf,true,2,2,epoch-1,1,9,betweenness,-0.237740814366777
wisconsin,GeneralSheaf,true,2,2,epoch-1,2,9,betweenness,-0.237740814366777
wisconsin,GeneralSheaf,true,2,2,epoch-1,0,9,confidence,0.9149831919717558
wisconsin,GeneralSheaf,true,2,2,epoch-1,1,9,confidence,0.9149815329019412
wisconsin,GeneralSheaf,true,2,2,epoch-1,2,9,confidence,0.9149815329019412
wisconsin,GeneralSheaf,true,2,2,epoch-1,0,9,saliency,0.4478802290423172
wisconsin,GeneralSheaf,true,2,2,epoch-1,1,9,saliency,0.44805489359983364
wisconsin,GeneralSheaf,true,2,2,epoch-1,2,9,saliency,0.44805489359983364
wisconsin,GeneralSheaf,true,2,2,epoch-1,0,9,cohens_d_train,1.9895365
wisconsin,GeneralSheaf,true,2,2,epoch-1,1,9,cohens_d_train,1.9907357
wisconsin,GeneralSheaf,true,2,2,epoch-1,2,9,cohens_d_train,1.9904236
wisconsin,GeneralSheaf,true,2,2,epoch-1,0,9,cohens_d_test,1.7326027
wisconsin,GeneralSheaf,true,2,2,epoch-1,1,9,cohens_d_test,1.7332977
wisconsin,GeneralSheaf,true,2,2,epoch-1,2,9,cohens_d_test,1.7331065
wisconsin,GeneralSheaf,true,2,2,epoch-5,0,0,degree,-0.2793268922931005
wisconsin,GeneralSheaf,true,2,2,epoch-5,1,0,degree,-0.27906837767632003
wisconsin,GeneralSheaf,true,2,2,epoch-5,2,0,degree,-0.28113949632553537
wisconsin,GeneralSheaf,true,2,2,epoch-5,0,0,betweenness,-0.2373953750430233
wisconsin,GeneralSheaf,true,2,2,epoch-5,1,0,betweenness,-0.236957045314966
wisconsin,GeneralSheaf,true,2,2,epoch-5,2,0,betweenness,-0.23938968699464347
wisconsin,GeneralSheaf,true,2,2,epoch-5,0,0,confidence,0.8183607908416306
wisconsin,GeneralSheaf,true,2,2,epoch-5,1,0,confidence,0.830622523712786
wisconsin,GeneralSheaf,true,2,2,epoch-5,2,0,confidence,0.8360256771206049
wisconsin,GeneralSheaf,true,2,2,epoch-5,0,0,saliency,-0.8275649716165976
wisconsin,GeneralSheaf,true,2,2,epoch-5,1,0,saliency,-0.8323419649072232
wisconsin,GeneralSheaf,true,2,2,epoch-5,2,0,saliency,-0.8346087087509402
wisconsin,GeneralSheaf,true,2,2,epoch-5,0,0,cohens_d_train,1.0443053
wisconsin,GeneralSheaf,true,2,2,epoch-5,1,0,cohens_d_train,1.0915955
wisconsin,GeneralSheaf,true,2,2,epoch-5,2,0,cohens_d_train,1.1109203
wisconsin,GeneralSheaf,true,2,2,epoch-5,0,0,cohens_d_test,1.030494
wisconsin,GeneralSheaf,true,2,2,epoch-5,1,0,cohens_d_test,1.0542542
wisconsin,GeneralSheaf,true,2,2,epoch-5,2,0,cohens_d_test,1.0754576
wisconsin,GeneralSheaf,true,2,2,epoch-5,0,1,degree,-0.30748767277189804
wisconsin,GeneralSheaf,true,2,2,epoch-5,1,1,degree,-0.2963657732154336
wisconsin,GeneralSheaf,true,2,2,epoch-5,2,1,degree,-0.3016774097136651
wisconsin,GeneralSheaf,true,2,2,epoch-5,0,1,betweenness,-0.2680550056895926
wisconsin,GeneralSheaf,true,2,2,epoch-5,1,1,betweenness,-0.25656216810152677
wisconsin,GeneralSheaf,true,2,2,epoch-5,2,1,betweenness,-0.2608658929992317
wisconsin,GeneralSheaf,true,2,2,epoch-5,0,1,confidence,0.9324948828429095
wisconsin,GeneralSheaf,true,2,2,epoch-5,1,1,confidence,0.9225368412345599
wisconsin,GeneralSheaf,true,2,2,epoch-5,2,1,confidence,0.9268168672486187
wisconsin,GeneralSheaf,true,2,2,epoch-5,0,1,saliency,-0.2903600896453947
wisconsin,GeneralSheaf,true,2,2,epoch-5,1,1,saliency,-0.2842908626756689
wisconsin,GeneralSheaf,true,2,2,epoch-5,2,1,saliency,-0.27385184887258496
wisconsin,GeneralSheaf,true,2,2,epoch-5,0,1,cohens_d_train,2.189576
wisconsin,GeneralSheaf,true,2,2,epoch-5,1,1,cohens_d_train,2.235267
wisconsin,GeneralSheaf,true,2,2,epoch-5,2,1,cohens_d_train,2.2769856
wisconsin,GeneralSheaf,true,2,2,epoch-5,0,1,cohens_d_test,1.1168526
wisconsin,GeneralSheaf,true,2,2,epoch-5,1,1,cohens_d_test,1.1440241
wisconsin,GeneralSheaf,true,2,2,epoch-5,2,1,cohens_d_test,1.1711754
wisconsin,GeneralSheaf,true,2,2,epoch-5,0,2,degree,-0.2614712053122695
wisconsin,GeneralSheaf,true,2,2,epoch-5,1,2,degree,-0.24978094954443147
wisconsin,GeneralSheaf,true,2,2,epoch-5,2,2,degree,-0.2441371415127018
wisconsin,GeneralSheaf,true,2,2,epoch-5,0,2,betweenness,-0.25016023268972976
wisconsin,GeneralSheaf,true,2,2,epoch-5,1,2,betweenness,-0.2387312275926255
wisconsin,GeneralSheaf,true,2,2,epoch-5,2,2,betweenness,-0.23358691622425945
wisconsin,GeneralSheaf,true,2,2,epoch-5,0,2,confidence,0.9222099137678209
wisconsin,GeneralSheaf,true,2,2,epoch-5,1,2,confidence,0.9155005998866249
wisconsin,GeneralSheaf,true,2,2,epoch-5,2,2,confidence,0.9135169140708891
wisconsin,GeneralSheaf,true,2,2,epoch-5,0,2,saliency,0.554261028235187
wisconsin,GeneralSheaf,true,2,2,epoch-5,1,2,saliency,0.5648412558082001
wisconsin,GeneralSheaf,true,2,2,epoch-5,2,2,saliency,0.5677363443265752
wisconsin,GeneralSheaf,true,2,2,epoch-5,0,2,cohens_d_train,2.291291
wisconsin,GeneralSheaf,true,2,2,epoch-5,1,2,cohens_d_train,2.3228939
wisconsin,GeneralSheaf,true,2,2,epoch-5,2,2,cohens_d_train,2.344802
wisconsin,GeneralSheaf,true,2,2,epoch-5,0,2,cohens_d_test,1.91549
wisconsin,GeneralSheaf,true,2,2,epoch-5,1,2,cohens_d_test,1.9328971
wisconsin,GeneralSheaf,true,2,2,epoch-5,2,2,cohens_d_test,1.9444402
wisconsin,GeneralSheaf,true,2,2,epoch-5,0,3,degree,-0.2781901268425802
wisconsin,GeneralSheaf,true,2,2,epoch-5,1,3,degree,-0.26856476413286
wisconsin,GeneralSheaf,true,2,2,epoch-5,2,3,degree,-0.2945736009534133
wisconsin,GeneralSheaf,true,2,2,epoch-5,0,3,betweenness,-0.27348029395680196
wisconsin,GeneralSheaf,true,2,2,epoch-5,1,3,betweenness,-0.2629790339879773
wisconsin,GeneralSheaf,true,2,2,epoch-5,2,3,betweenness,-0.2843953092904905
wisconsin,GeneralSheaf,true,2,2,epoch-5,0,3,confidence,0.9225718948973727
wisconsin,GeneralSheaf,true,2,2,epoch-5,1,3,confidence,0.9106817762715053
wisconsin,GeneralSheaf,true,2,2,epoch-5,2,3,confidence,0.9165592233422298
wisconsin,GeneralSheaf,true,2,2,epoch-5,0,3,saliency,-0.33990818430081987
wisconsin,GeneralSheaf,true,2,2,epoch-5,1,3,saliency,-0.3335164106524879
wisconsin,GeneralSheaf,true,2,2,epoch-5,2,3,saliency,-0.3542510079212782
wisconsin,GeneralSheaf,true,2,2,epoch-5,0,3,cohens_d_train,2.1604013
wisconsin,GeneralSheaf,true,2,2,epoch-5,1,3,cohens_d_train,2.1623082
wisconsin,GeneralSheaf,true,2,2,epoch-5,2,3,cohens_d_train,2.2479882
wisconsin,GeneralSheaf,true,2,2,epoch-5,0,3,cohens_d_test,1.5077162
wisconsin,GeneralSheaf,true,2,2,epoch-5,1,3,cohens_d_test,1.5110798
wisconsin,GeneralSheaf,true,2,2,epoch-5,2,3,cohens_d_test,1.6985093
wisconsin,GeneralSheaf,true,2,2,epoch-5,0,4,degree,-0.2936899198753747
wisconsin,GeneralSheaf,true,2,2,epoch-5,1,4,degree,-0.3145699387652897
wisconsin,GeneralSheaf,true,2,2,epoch-5,2,4,degree,-0.3053790826624034
wisconsin,GeneralSheaf,true,2,2,epoch-5,0,4,betweenness,-0.26088666698490887
wisconsin,GeneralSheaf,true,2,2,epoch-5,1,4,betweenness,-0.2845245105443143
wisconsin,GeneralSheaf,true,2,2,epoch-5,2,4,betweenness,-0.27731375743557274
wisconsin,GeneralSheaf,true,2,2,epoch-5,0,4,confidence,0.9346880179884128
wisconsin,GeneralSheaf,true,2,2,epoch-5,1,4,confidence,0.9521373190190242
wisconsin,GeneralSheaf,true,2,2,epoch-5,2,4,confidence,0.9490320235492494
wisconsin,GeneralSheaf,true,2,2,epoch-5,0,4,saliency,-0.01711062792153482
wisconsin,GeneralSheaf,true,2,2,epoch-5,1,4,saliency,0.047266968140366634
wisconsin,GeneralSheaf,true,2,2,epoch-5,2,4,saliency,0.043192595858543625
wisconsin,GeneralSheaf,true,2,2,epoch-5,0,4,cohens_d_train,2.1642818
wisconsin,GeneralSheaf,true,2,2,epoch-5,1,4,cohens_d_train,2.3210433
wisconsin,GeneralSheaf,true,2,2,epoch-5,2,4,cohens_d_train,2.0847685
wisconsin,GeneralSheaf,true,2,2,epoch-5,0,4,cohens_d_test,2.026045
wisconsin,GeneralSheaf,true,2,2,epoch-5,1,4,cohens_d_test,2.3333797
wisconsin,GeneralSheaf,true,2,2,epoch-5,2,4,cohens_d_test,2.3408072
wisconsin,GeneralSheaf,true,2,2,epoch-5,0,5,degree,-0.2762833446036351
wisconsin,GeneralSheaf,true,2,2,epoch-5,1,5,degree,-0.26881884621813235
wisconsin,GeneralSheaf,true,2,2,epoch-5,2,5,degree,-0.2708040539485171
wisconsin,GeneralSheaf,true,2,2,epoch-5,0,5,betweenness,-0.26079210095313693
wisconsin,GeneralSheaf,true,2,2,epoch-5,1,5,betweenness,-0.2543750866361953
wisconsin,GeneralSheaf,true,2,2,epoch-5,2,5,betweenness,-0.25559778013132656
wisconsin,GeneralSheaf,true,2,2,epoch-5,0,5,confidence,0.9219403399057938
wisconsin,GeneralSheaf,true,2,2,epoch-5,1,5,confidence,0.9181405339445435
wisconsin,GeneralSheaf,true,2,2,epoch-5,2,5,confidence,0.9198641319917025
wisconsin,GeneralSheaf,true,2,2,epoch-5,0,5,saliency,0.1783234813016806
wisconsin,GeneralSheaf,true,2,2,epoch-5,1,5,saliency,0.18298777252197587
wisconsin,GeneralSheaf,true,2,2,epoch-5,2,5,saliency,0.18356258150733504
wisconsin,GeneralSheaf,true,2,2,epoch-5,0,5,cohens_d_train,2.1215324
wisconsin,GeneralSheaf,true,2,2,epoch-5,1,5,cohens_d_train,2.1172128
wisconsin,GeneralSheaf,true,2,2,epoch-5,2,5,cohens_d_train,2.1416204
wisconsin,GeneralSheaf,true,2,2,epoch-5,0,5,cohens_d_test,1.561473
wisconsin,GeneralSheaf,true,2,2,epoch-5,1,5,cohens_d_test,1.5237814
wisconsin,GeneralSheaf,true,2,2,epoch-5,2,5,cohens_d_test,1.5373434
wisconsin,GeneralSheaf,true,2,2,epoch-5,0,6,degree,-0.27750286160609
wisconsin,GeneralSheaf,true,2,2,epoch-5,1,6,degree,-0.2735492796589213
wisconsin,GeneralSheaf,true,2,2,epoch-5,2,6,degree,-0.2693239023509366
wisconsin,GeneralSheaf,true,2,2,epoch-5,0,6,betweenness,-0.24575104281328747
wisconsin,GeneralSheaf,true,2,2,epoch-5,1,6,betweenness,-0.24275631364172232
wisconsin,GeneralSheaf,true,2,2,epoch-5,2,6,betweenness,-0.23934182026506415
wisconsin,GeneralSheaf,true,2,2,epoch-5,0,6,confidence,0.8894001566689158
wisconsin,GeneralSheaf,true,2,2,epoch-5,1,6,confidence,0.8909321881481225
wisconsin,GeneralSheaf,true,2,2,epoch-5,2,6,confidence,0.8926176381086232
wisconsin,GeneralSheaf,true,2,2,epoch-5,0,6,saliency,-0.2804507613651241
wisconsin,GeneralSheaf,true,2,2,epoch-5,1,6,saliency,-0.279620018683376
wisconsin,GeneralSheaf,true,2,2,epoch-5,2,6,saliency,-0.2769548677327776
wisconsin,GeneralSheaf,true,2,2,epoch-5,0,6,cohens_d_train,1.49527
wisconsin,GeneralSheaf,true,2,2,epoch-5,1,6,cohens_d_train,1.4871975
wisconsin,GeneralSheaf,true,2,2,epoch-5,2,6,cohens_d_train,1.4844279
wisconsin,GeneralSheaf,true,2,2,epoch-5,0,6,cohens_d_test,1.178416
wisconsin,GeneralSheaf,true,2,2,epoch-5,1,6,cohens_d_test,1.1716654
wisconsin,GeneralSheaf,true,2,2,epoch-5,2,6,cohens_d_test,1.1668657
wisconsin,GeneralSheaf,true,2,2,epoch-5,0,7,degree,-0.2953006613510606
wisconsin,GeneralSheaf,true,2,2,epoch-5,1,7,degree,-0.29628107918700947
wisconsin,GeneralSheaf,true,2,2,epoch-5,2,7,degree,-0.28956572020863025
wisconsin,GeneralSheaf,true,2,2,epoch-5,0,7,betweenness,-0.2519231303190575
wisconsin,GeneralSheaf,true,2,2,epoch-5,1,7,betweenness,-0.2525125649470357
wisconsin,GeneralSheaf,true,2,2,epoch-5,2,7,betweenness,-0.24652839865807613
wisconsin,GeneralSheaf,true,2,2,epoch-5,0,7,confidence,0.9230750259013412
wisconsin,GeneralSheaf,true,2,2,epoch-5,1,7,confidence,0.9231651854791769
wisconsin,GeneralSheaf,true,2,2,epoch-5,2,7,confidence,0.9170561091194107
wisconsin,GeneralSheaf,true,2,2,epoch-5,0,7,saliency,-0.33567520661198047
wisconsin,GeneralSheaf,true,2,2,epoch-5,1,7,saliency,-0.3358180625031719
wisconsin,GeneralSheaf,true,2,2,epoch-5,2,7,saliency,-0.3318062347965224
wisconsin,GeneralSheaf,true,2,2,epoch-5,0,7,cohens_d_train,1.9151671
wisconsin,GeneralSheaf,true,2,2,epoch-5,1,7,cohens_d_train,1.912928
wisconsin,GeneralSheaf,true,2,2,epoch-5,2,7,cohens_d_train,1.9769434
wisconsin,GeneralSheaf,true,2,2,epoch-5,0,7,cohens_d_test,1.0527354
wisconsin,GeneralSheaf,true,2,2,epoch-5,1,7,cohens_d_test,1.057003
wisconsin,GeneralSheaf,true,2,2,epoch-5,2,7,cohens_d_test,0.98436993
wisconsin,GeneralSheaf,true,2,2,epoch-5,0,8,degree,-0.2451567174231042
wisconsin,GeneralSheaf,true,2,2,epoch-5,1,8,degree,-0.2181632701167273
wisconsin,GeneralSheaf,true,2,2,epoch-5,2,8,degree,-0.2221027079526011
wisconsin,GeneralSheaf,true,2,2,epoch-5,0,8,betweenness,-0.24419595695748308
wisconsin,GeneralSheaf,true,2,2,epoch-5,1,8,betweenness,-0.22084891791051714
wisconsin,GeneralSheaf,true,2,2,epoch-5,2,8,betweenness,-0.2243050514503053
wisconsin,GeneralSheaf,true,2,2,epoch-5,0,8,confidence,0.9631828386038119
wisconsin,GeneralSheaf,true,2,2,epoch-5,1,8,confidence,0.9436622604152991
wisconsin,GeneralSheaf,true,2,2,epoch-5,2,8,confidence,0.9482830189967891
wisconsin,GeneralSheaf,true,2,2,epoch-5,0,8,saliency,0.3084788767505977
wisconsin,GeneralSheaf,true,2,2,epoch-5,1,8,saliency,0.299527451737774
wisconsin,GeneralSheaf,true,2,2,epoch-5,2,8,saliency,0.31178016450780843
wisconsin,GeneralSheaf,true,2,2,epoch-5,0,8,cohens_d_train,2.4622557
wisconsin,GeneralSheaf,true,2,2,epoch-5,1,8,cohens_d_train,2.4288955
wisconsin,GeneralSheaf,true,2,2,epoch-5,2,8,cohens_d_train,2.5172002
wisconsin,GeneralSheaf,true,2,2,epoch-5,0,8,cohens_d_test,1.5714738
wisconsin,GeneralSheaf,true,2,2,epoch-5,1,8,cohens_d_test,1.009685
wisconsin,GeneralSheaf,true,2,2,epoch-5,2,8,cohens_d_test,0.8233262
wisconsin,GeneralSheaf,true,2,2,epoch-5,0,9,degree,-0.25602009251792573
wisconsin,GeneralSheaf,true,2,2,epoch-5,1,9,degree,-0.2610518599050367
wisconsin,GeneralSheaf,true,2,2,epoch-5,2,9,degree,-0.25636260796430715
wisconsin,GeneralSheaf,true,2,2,epoch-5,0,9,betweenness,-0.24697261801383044
wisconsin,GeneralSheaf,true,2,2,epoch-5,1,9,betweenness,-0.25097499219445124
wisconsin,GeneralSheaf,true,2,2,epoch-5,2,9,betweenness,-0.24658565200806787
wisconsin,GeneralSheaf,true,2,2,epoch-5,0,9,confidence,0.8933128918973638
wisconsin,GeneralSheaf,true,2,2,epoch-5,1,9,confidence,0.8939122700908899
wisconsin,GeneralSheaf,true,2,2,epoch-5,2,9,confidence,0.8969105649103128
wisconsin,GeneralSheaf,true,2,2,epoch-5,0,9,saliency,-0.18603211956459795
wisconsin,GeneralSheaf,true,2,2,epoch-5,1,9,saliency,-0.18787492914052678
wisconsin,GeneralSheaf,true,2,2,epoch-5,2,9,saliency,-0.1729259517556075
wisconsin,GeneralSheaf,true,2,2,epoch-5,0,9,cohens_d_train,1.933786
wisconsin,GeneralSheaf,true,2,2,epoch-5,1,9,cohens_d_train,1.9438232
wisconsin,GeneralSheaf,true,2,2,epoch-5,2,9,cohens_d_train,1.946831
wisconsin,GeneralSheaf,true,2,2,epoch-5,0,9,cohens_d_test,1.7756077
wisconsin,GeneralSheaf,true,2,2,epoch-5,1,9,cohens_d_test,1.7840589
wisconsin,GeneralSheaf,true,2,2,epoch-5,2,9,cohens_d_test,1.8086388
wisconsin,GeneralSheaf,true,2,2,epoch-15,0,0,degree,-0.28176864583258093
wisconsin,GeneralSheaf,true,2,2,epoch-15,1,0,degree,-0.2748814623353721
wisconsin,GeneralSheaf,true,2,2,epoch-15,2,0,degree,-0.27238920457234145
wisconsin,GeneralSheaf,true,2,2,epoch-15,0,0,betweenness,-0.2292521889737775
wisconsin,GeneralSheaf,true,2,2,epoch-15,1,0,betweenness,-0.226961460361756
wisconsin,GeneralSheaf,true,2,2,epoch-15,2,0,betweenness,-0.2263839463235795
wisconsin,GeneralSheaf,true,2,2,epoch-15,0,0,confidence,0.8328939158144796
wisconsin,GeneralSheaf,true,2,2,epoch-15,1,0,confidence,0.8503963956717098
wisconsin,GeneralSheaf,true,2,2,epoch-15,2,0,confidence,0.8512759258402017
wisconsin,GeneralSheaf,true,2,2,epoch-15,0,0,saliency,-0.535787747055074
wisconsin,GeneralSheaf,true,2,2,epoch-15,1,0,saliency,-0.5494603772303517
wisconsin,GeneralSheaf,true,2,2,epoch-15,2,0,saliency,-0.5488593524147428
wisconsin,GeneralSheaf,true,2,2,epoch-15,0,0,cohens_d_train,1.7701957
wisconsin,GeneralSheaf,true,2,2,epoch-15,1,0,cohens_d_train,1.7579144
wisconsin,GeneralSheaf,true,2,2,epoch-15,2,0,cohens_d_train,1.7519169
wisconsin,GeneralSheaf,true,2,2,epoch-15,0,0,cohens_d_test,1.1286328
wisconsin,GeneralSheaf,true,2,2,epoch-15,1,0,cohens_d_test,1.1375463
wisconsin,GeneralSheaf,true,2,2,epoch-15,2,0,cohens_d_test,1.1395818
wisconsin,GeneralSheaf,true,2,2,epoch-15,0,1,degree,-0.33066548890743763
wisconsin,GeneralSheaf,true,2,2,epoch-15,1,1,degree,-0.3307134752933041
wisconsin,GeneralSheaf,true,2,2,epoch-15,2,1,degree,-0.3314990318321736
wisconsin,GeneralSheaf,true,2,2,epoch-15,0,1,betweenness,-0.28294390202523306
wisconsin,GeneralSheaf,true,2,2,epoch-15,1,1,betweenness,-0.2834010044606111
wisconsin,GeneralSheaf,true,2,2,epoch-15,2,1,betweenness,-0.2844225505187064
wisconsin,GeneralSheaf,true,2,2,epoch-15,0,1,confidence,0.9285442040998334
wisconsin,GeneralSheaf,true,2,2,epoch-15,1,1,confidence,0.9312319720978731
wisconsin,GeneralSheaf,true,2,2,epoch-15,2,1,confidence,0.9305573367917562
wisconsin,GeneralSheaf,true,2,2,epoch-15,0,1,saliency,-0.08451726562392753
wisconsin,GeneralSheaf,true,2,2,epoch-15,1,1,saliency,-0.08138042954682154
wisconsin,GeneralSheaf,true,2,2,epoch-15,2,1,saliency,-0.07580956695668906
wisconsin,GeneralSheaf,true,2,2,epoch-15,0,1,cohens_d_train,2.1008656
wisconsin,GeneralSheaf,true,2,2,epoch-15,1,1,cohens_d_train,2.0847018
wisconsin,GeneralSheaf,true,2,2,epoch-15,2,1,cohens_d_train,2.086685
wisconsin,GeneralSheaf,true,2,2,epoch-15,0,1,cohens_d_test,1.027289
wisconsin,GeneralSheaf,true,2,2,epoch-15,1,1,cohens_d_test,1.0153784
wisconsin,GeneralSheaf,true,2,2,epoch-15,2,1,cohens_d_test,1.0053188
wisconsin,GeneralSheaf,true,2,2,epoch-15,0,2,degree,-0.2803537108459799
wisconsin,GeneralSheaf,true,2,2,epoch-15,1,2,degree,-0.2668607824417217
wisconsin,GeneralSheaf,true,2,2,epoch-15,2,2,degree,-0.27250925253006186
wisconsin,GeneralSheaf,true,2,2,epoch-15,0,2,betweenness,-0.25044431994567
wisconsin,GeneralSheaf,true,2,2,epoch-15,1,2,betweenness,-0.23733102846232965
wisconsin,GeneralSheaf,true,2,2,epoch-15,2,2,betweenness,-0.24276292936857474
wisconsin,GeneralSheaf,true,2,2,epoch-15,0,2,confidence,0.9108503843584648
wisconsin,GeneralSheaf,true,2,2,epoch-15,1,2,confidence,0.9022613562977471
wisconsin,GeneralSheaf,true,2,2,epoch-15,2,2,confidence,0.9026552097554238
wisconsin,GeneralSheaf,true,2,2,epoch-15,0,2,saliency,-0.5186137567223159
wisconsin,GeneralSheaf,true,2,2,epoch-15,1,2,saliency,-0.5138526923843911
wisconsin,GeneralSheaf,true,2,2,epoch-15,2,2,saliency,-0.5047773694426401
wisconsin,GeneralSheaf,true,2,2,epoch-15,0,2,cohens_d_train,1.6648673
wisconsin,GeneralSheaf,true,2,2,epoch-15,1,2,cohens_d_train,1.6806743
wisconsin,GeneralSheaf,true,2,2,epoch-15,2,2,cohens_d_train,1.6252594
wisconsin,GeneralSheaf,true,2,2,epoch-15,0,2,cohens_d_test,1.0553769
wisconsin,GeneralSheaf,true,2,2,epoch-15,1,2,cohens_d_test,1.054138
wisconsin,GeneralSheaf,true,2,2,epoch-15,2,2,cohens_d_test,1.0592952
wisconsin,GeneralSheaf,true,2,2,epoch-15,0,3,degree,-0.3236832781498333
wisconsin,GeneralSheaf,true,2,2,epoch-15,1,3,degree,-0.31551594775250397
wisconsin,GeneralSheaf,true,2,2,epoch-15,2,3,degree,-0.3222976861019136
wisconsin,GeneralSheaf,true,2,2,epoch-15,0,3,betweenness,-0.2916879520988237
wisconsin,GeneralSheaf,true,2,2,epoch-15,1,3,betweenness,-0.28434938836292656
wisconsin,GeneralSheaf,true,2,2,epoch-15,2,3,betweenness,-0.29091218940053354
wisconsin,GeneralSheaf,true,2,2,epoch-15,0,3,confidence,0.9390422375744357
wisconsin,GeneralSheaf,true,2,2,epoch-15,1,3,confidence,0.9380434100038549
wisconsin,GeneralSheaf,true,2,2,epoch-15,2,3,confidence,0.9334385885630533
wisconsin,GeneralSheaf,true,2,2,epoch-15,0,3,saliency,-0.252613881293376
wisconsin,GeneralSheaf,true,2,2,epoch-15,1,3,saliency,-0.2505909699039802
wisconsin,GeneralSheaf,true,2,2,epoch-15,2,3,saliency,-0.2207377884559199
wisconsin,GeneralSheaf,true,2,2,epoch-15,0,3,cohens_d_train,1.3893642
wisconsin,GeneralSheaf,true,2,2,epoch-15,1,3,cohens_d_train,1.3856688
wisconsin,GeneralSheaf,true,2,2,epoch-15,2,3,cohens_d_train,1.3336334
wisconsin,GeneralSheaf,true,2,2,epoch-15,0,3,cohens_d_test,0.78322184
wisconsin,GeneralSheaf,true,2,2,epoch-15,1,3,cohens_d_test,0.7956466
wisconsin,GeneralSheaf,true,2,2,epoch-15,2,3,cohens_d_test,0.7775331
wisconsin,GeneralSheaf,true,2,2,epoch-15,0,4,degree,-0.30731439956925555
wisconsin,GeneralSheaf,true,2,2,epoch-15,1,4,degree,-0.19312647209946357
wisconsin,GeneralSheaf,true,2,2,epoch-15,2,4,degree,-0.16001496167518103
wisconsin,GeneralSheaf,true,2,2,epoch-15,0,4,betweenness,-0.258843184545262
wisconsin,GeneralSheaf,true,2,2,epoch-15,1,4,betweenness,-0.15281900952661417
wisconsin,GeneralSheaf,true,2,2,epoch-15,2,4,betweenness,-0.12367165019376636
wisconsin,GeneralSheaf,true,2,2,epoch-15,0,4,confidence,0.9131632477671926
wisconsin,GeneralSheaf,true,2,2,epoch-15,1,4,confidence,0.9826080341157648
wisconsin,GeneralSheaf,true,2,2,epoch-15,2,4,confidence,0.9826234045241526
wisconsin,GeneralSheaf,true,2,2,epoch-15,0,4,saliency,-0.14182180024840402
wisconsin,GeneralSheaf,true,2,2,epoch-15,1,4,saliency,-0.16335805856880653
wisconsin,GeneralSheaf,true,2,2,epoch-15,2,4,saliency,-0.16315958322132398
wisconsin,GeneralSheaf,true,2,2,epoch-15,0,4,cohens_d_train,1.5223068
wisconsin,GeneralSheaf,true,2,2,epoch-15,1,4,cohens_d_train,1.3319379
wisconsin,GeneralSheaf,true,2,2,epoch-15,2,4,cohens_d_train,1.158709
wisconsin,GeneralSheaf,true,2,2,epoch-15,0,4,cohens_d_test,1.2436846
wisconsin,GeneralSheaf,true,2,2,epoch-15,1,4,cohens_d_test,1.3098539
wisconsin,GeneralSheaf,true,2,2,epoch-15,2,4,cohens_d_test,1.3271214
wisconsin,GeneralSheaf,true,2,2,epoch-15,0,5,degree,-0.317563548356055
wisconsin,GeneralSheaf,true,2,2,epoch-15,1,5,degree,-0.30830291067618176
wisconsin,GeneralSheaf,true,2,2,epoch-15,2,5,degree,-0.2910918216748037
wisconsin,GeneralSheaf,true,2,2,epoch-15,0,5,betweenness,-0.26653805757499666
wisconsin,GeneralSheaf,true,2,2,epoch-15,1,5,betweenness,-0.26085844946217396
wisconsin,GeneralSheaf,true,2,2,epoch-15,2,5,betweenness,-0.24667554806118028
wisconsin,GeneralSheaf,true,2,2,epoch-15,0,5,confidence,0.9313945209186949
wisconsin,GeneralSheaf,true,2,2,epoch-15,1,5,confidence,0.9413702948417708
wisconsin,GeneralSheaf,true,2,2,epoch-15,2,5,confidence,0.9399764295021283
wisconsin,GeneralSheaf,true,2,2,epoch-15,0,5,saliency,-0.3072410427254681
wisconsin,GeneralSheaf,true,2,2,epoch-15,1,5,saliency,-0.30278017506738825
wisconsin,GeneralSheaf,true,2,2,epoch-15,2,5,saliency,-0.29533837804531743
wisconsin,GeneralSheaf,true,2,2,epoch-15,0,5,cohens_d_train,1.4637415
wisconsin,GeneralSheaf,true,2,2,epoch-15,1,5,cohens_d_train,1.4819093
wisconsin,GeneralSheaf,true,2,2,epoch-15,2,5,cohens_d_train,1.5297834
wisconsin,GeneralSheaf,true,2,2,epoch-15,0,5,cohens_d_test,0.8344044
wisconsin,GeneralSheaf,true,2,2,epoch-15,1,5,cohens_d_test,0.90347654
wisconsin,GeneralSheaf,true,2,2,epoch-15,2,5,cohens_d_test,0.8801741
wisconsin,GeneralSheaf,true,2,2,epoch-15,0,6,degree,-0.2985236983221871
wisconsin,GeneralSheaf,true,2,2,epoch-15,1,6,degree,-0.2862980619650554
wisconsin,GeneralSheaf,true,2,2,epoch-15,2,6,degree,-0.2771103138999094
wisconsin,GeneralSheaf,true,2,2,epoch-15,0,6,betweenness,-0.2442562768542923
wisconsin,GeneralSheaf,true,2,2,epoch-15,1,6,betweenness,-0.23341879893012718
wisconsin,GeneralSheaf,true,2,2,epoch-15,2,6,betweenness,-0.22643181305315882
wisconsin,GeneralSheaf,true,2,2,epoch-15,0,6,confidence,0.858638590489635
wisconsin,GeneralSheaf,true,2,2,epoch-15,1,6,confidence,0.8788957532883728
wisconsin,GeneralSheaf,true,2,2,epoch-15,2,6,confidence,0.8780071166815531
wisconsin,GeneralSheaf,true,2,2,epoch-15,0,6,saliency,-0.44167343009699317
wisconsin,GeneralSheaf,true,2,2,epoch-15,1,6,saliency,-0.45011522488061423
wisconsin,GeneralSheaf,true,2,2,epoch-15,2,6,saliency,-0.45462518760683096
wisconsin,GeneralSheaf,true,2,2,epoch-15,0,6,cohens_d_train,1.2698473
wisconsin,GeneralSheaf,true,2,2,epoch-15,1,6,cohens_d_train,1.2762729
wisconsin,GeneralSheaf,true,2,2,epoch-15,2,6,cohens_d_train,1.2810919
wisconsin,GeneralSheaf,true,2,2,epoch-15,0,6,cohens_d_test,1.194176
wisconsin,GeneralSheaf,true,2,2,epoch-15,1,6,cohens_d_test,1.1801243
wisconsin,GeneralSheaf,true,2,2,epoch-15,2,6,cohens_d_test,1.1934407
wisconsin,GeneralSheaf,true,2,2,epoch-15,0,7,degree,-0.32751510235984055
wisconsin,GeneralSheaf,true,2,2,epoch-15,1,7,degree,-0.2509534091717325
wisconsin,GeneralSheaf,true,2,2,epoch-15,2,7,degree,-0.20268757319816721
wisconsin,GeneralSheaf,true,2,2,epoch-15,0,7,betweenness,-0.249500605431074
wisconsin,GeneralSheaf,true,2,2,epoch-15,1,7,betweenness,-0.179272153915187
wisconsin,GeneralSheaf,true,2,2,epoch-15,2,7,betweenness,-0.13801729359531797
wisconsin,GeneralSheaf,true,2,2,epoch-15,0,7,confidence,0.9006845579193083
wisconsin,GeneralSheaf,true,2,2,epoch-15,1,7,confidence,0.9252063698765314
wisconsin,GeneralSheaf,true,2,2,epoch-15,2,7,confidence,0.929222484706875
wisconsin,GeneralSheaf,true,2,2,epoch-15,0,7,saliency,-0.039586081866164156
wisconsin,GeneralSheaf,true,2,2,epoch-15,1,7,saliency,-0.061323111866102016
wisconsin,GeneralSheaf,true,2,2,epoch-15,2,7,saliency,-0.050703121250117354
wisconsin,GeneralSheaf,true,2,2,epoch-15,0,7,cohens_d_train,1.5548255
wisconsin,GeneralSheaf,true,2,2,epoch-15,1,7,cohens_d_train,1.5697019
wisconsin,GeneralSheaf,true,2,2,epoch-15,2,7,cohens_d_train,1.5060772
wisconsin,GeneralSheaf,true,2,2,epoch-15,0,7,cohens_d_test,1.3074536
wisconsin,GeneralSheaf,true,2,2,epoch-15,1,7,cohens_d_test,1.3717654
wisconsin,GeneralSheaf,true,2,2,epoch-15,2,7,cohens_d_test,1.2801718
wisconsin,GeneralSheaf,true,2,2,epoch-15,0,8,degree,-0.2881851933994958
wisconsin,GeneralSheaf,true,2,2,epoch-15,1,8,degree,-0.2724987629026882
wisconsin,GeneralSheaf,true,2,2,epoch-15,2,8,degree,-0.24970242421858158
wisconsin,GeneralSheaf,true,2,2,epoch-15,0,8,betweenness,-0.25939929507778064
wisconsin,GeneralSheaf,true,2,2,epoch-15,1,8,betweenness,-0.24611982700557647
wisconsin,GeneralSheaf,true,2,2,epoch-15,2,8,betweenness,-0.22889787910158016
wisconsin,GeneralSheaf,true,2,2,epoch-15,0,8,confidence,0.9244136730974202
wisconsin,GeneralSheaf,true,2,2,epoch-15,1,8,confidence,0.924349022461789
wisconsin,GeneralSheaf,true,2,2,epoch-15,2,8,confidence,0.9182991377153291
wisconsin,GeneralSheaf,true,2,2,epoch-15,0,8,saliency,-0.14312478004633647
wisconsin,GeneralSheaf,true,2,2,epoch-15,1,8,saliency,-0.12955573119171154
wisconsin,GeneralSheaf,true,2,2,epoch-15,2,8,saliency,-0.102182148014069
wisconsin,GeneralSheaf,true,2,2,epoch-15,0,8,cohens_d_train,1.4346488
wisconsin,GeneralSheaf,true,2,2,epoch-15,1,8,cohens_d_train,1.4444665
wisconsin,GeneralSheaf,true,2,2,epoch-15,2,8,cohens_d_train,1.4888514
wisconsin,GeneralSheaf,true,2,2,epoch-15,0,8,cohens_d_test,0.9613733
wisconsin,GeneralSheaf,true,2,2,epoch-15,1,8,cohens_d_test,0.9084842
wisconsin,GeneralSheaf,true,2,2,epoch-15,2,8,cohens_d_test,0.584681
wisconsin,GeneralSheaf,true,2,2,epoch-15,0,9,degree,-0.29312347967480784
wisconsin,GeneralSheaf,true,2,2,epoch-15,1,9,degree,-0.26837206579295925
wisconsin,GeneralSheaf,true,2,2,epoch-15,2,9,degree,-0.2208850922620693
wisconsin,GeneralSheaf,true,2,2,epoch-15,0,9,betweenness,-0.25720637495829674
wisconsin,GeneralSheaf,true,2,2,epoch-15,1,9,betweenness,-0.23459561998905293
wisconsin,GeneralSheaf,true,2,2,epoch-15,2,9,betweenness,-0.19329476805917464
wisconsin,GeneralSheaf,true,2,2,epoch-15,0,9,confidence,0.8842201080518898
wisconsin,GeneralSheaf,true,2,2,epoch-15,1,9,confidence,0.9056330150886093
wisconsin,GeneralSheaf,true,2,2,epoch-15,2,9,confidence,0.923711396534676
wisconsin,GeneralSheaf,true,2,2,epoch-15,0,9,saliency,-0.32084846251935334
wisconsin,GeneralSheaf,true,2,2,epoch-15,1,9,saliency,-0.30952935650112423
wisconsin,GeneralSheaf,true,2,2,epoch-15,2,9,saliency,-0.3009502756309724
wisconsin,GeneralSheaf,true,2,2,epoch-15,0,9,cohens_d_train,1.8909584
wisconsin,GeneralSheaf,true,2,2,epoch-15,1,9,cohens_d_train,1.873998
wisconsin,GeneralSheaf,true,2,2,epoch-15,2,9,cohens_d_train,1.8336531
wisconsin,GeneralSheaf,true,2,2,epoch-15,0,9,cohens_d_test,1.1580551
wisconsin,GeneralSheaf,true,2,2,epoch-15,1,9,cohens_d_test,1.1672684
wisconsin,GeneralSheaf,true,2,2,epoch-15,2,9,cohens_d_test,1.2924327
wisconsin,GeneralSheaf,true,2,2,epoch-50,0,0,degree,-0.3099550676373301
wisconsin,GeneralSheaf,true,2,2,epoch-50,1,0,degree,-0.22401764770536464
wisconsin,GeneralSheaf,true,2,2,epoch-50,2,0,degree,-0.17221206496840252
wisconsin,GeneralSheaf,true,2,2,epoch-50,0,0,betweenness,-0.30932977069271234
wisconsin,GeneralSheaf,true,2,2,epoch-50,1,0,betweenness,-0.22409490483264
wisconsin,GeneralSheaf,true,2,2,epoch-50,2,0,betweenness,-0.17562144086646087
wisconsin,GeneralSheaf,true,2,2,epoch-50,0,0,confidence,0.8734335257134178
wisconsin,GeneralSheaf,true,2,2,epoch-50,1,0,confidence,0.8994861692173547
wisconsin,GeneralSheaf,true,2,2,epoch-50,2,0,confidence,0.888905836979244
wisconsin,GeneralSheaf,true,2,2,epoch-50,0,0,saliency,-0.8082540029454076
wisconsin,GeneralSheaf,true,2,2,epoch-50,1,0,saliency,-0.8210097634280721
wisconsin,GeneralSheaf,true,2,2,epoch-50,2,0,saliency,-0.8087015020684886
wisconsin,GeneralSheaf,true,2,2,epoch-50,0,0,cohens_d_train,nan
wisconsin,GeneralSheaf,true,2,2,epoch-50,1,0,cohens_d_train,nan
wisconsin,GeneralSheaf,true,2,2,epoch-50,2,0,cohens_d_train,nan
wisconsin,GeneralSheaf,true,2,2,epoch-50,0,0,cohens_d_test,0.7324449
wisconsin,GeneralSheaf,true,2,2,epoch-50,1,0,cohens_d_test,0.59396356
wisconsin,GeneralSheaf,true,2,2,epoch-50,2,0,cohens_d_test,0.57555723
wisconsin,GeneralSheaf,true,2,2,epoch-50,0,1,degree,-0.314842071260739
wisconsin,GeneralSheaf,true,2,2,epoch-50,1,1,degree,-0.23438912517715405
wisconsin,GeneralSheaf,true,2,2,epoch-50,2,1,degree,-0.19624612775000982
wisconsin,GeneralSheaf,true,2,2,epoch-50,0,1,betweenness,-0.2893226338226527
wisconsin,GeneralSheaf,true,2,2,epoch-50,1,1,betweenness,-0.21005784924176474
wisconsin,GeneralSheaf,true,2,2,epoch-50,2,1,betweenness,-0.17808793903326892
wisconsin,GeneralSheaf,true,2,2,epoch-50,0,1,confidence,0.9181188440206207
wisconsin,GeneralSheaf,true,2,2,epoch-50,1,1,confidence,0.9294742531631279
wisconsin,GeneralSheaf,true,2,2,epoch-50,2,1,confidence,0.9275899796566167
wisconsin,GeneralSheaf,true,2,2,epoch-50,0,1,saliency,-0.8117958039406793
wisconsin,GeneralSheaf,true,2,2,epoch-50,1,1,saliency,-0.8056267154012944
wisconsin,GeneralSheaf,true,2,2,epoch-50,2,1,saliency,-0.7994593812138531
wisconsin,GeneralSheaf,true,2,2,epoch-50,0,1,cohens_d_train,nan
wisconsin,GeneralSheaf,true,2,2,epoch-50,1,1,cohens_d_train,nan
wisconsin,GeneralSheaf,true,2,2,epoch-50,2,1,cohens_d_train,nan
wisconsin,GeneralSheaf,true,2,2,epoch-50,0,1,cohens_d_test,0.9699038
wisconsin,GeneralSheaf,true,2,2,epoch-50,1,1,cohens_d_test,1.0298458
wisconsin,GeneralSheaf,true,2,2,epoch-50,2,1,cohens_d_test,1.0508633
wisconsin,GeneralSheaf,true,2,2,epoch-50,0,2,degree,-0.2984514364035963
wisconsin,GeneralSheaf,true,2,2,epoch-50,1,2,degree,-0.14998182924812434
wisconsin,GeneralSheaf,true,2,2,epoch-50,2,2,degree,-0.011867651355248827
wisconsin,GeneralSheaf,true,2,2,epoch-50,0,2,betweenness,-0.29623062406949546
wisconsin,GeneralSheaf,true,2,2,epoch-50,1,2,betweenness,-0.15684601162130146
wisconsin,GeneralSheaf,true,2,2,epoch-50,2,2,betweenness,-0.034429014329048054
wisconsin,GeneralSheaf,true,2,2,epoch-50,0,2,confidence,0.8663790674737644
wisconsin,GeneralSheaf,true,2,2,epoch-50,1,2,confidence,0.9172352023725467
wisconsin,GeneralSheaf,true,2,2,epoch-50,2,2,confidence,0.8984918792403194
wisconsin,GeneralSheaf,true,2,2,epoch-50,0,2,saliency,-0.740604523549282
wisconsin,GeneralSheaf,true,2,2,epoch-50,1,2,saliency,-0.7626111791353364
wisconsin,GeneralSheaf,true,2,2,epoch-50,2,2,saliency,-0.7334963891088557
wisconsin,GeneralSheaf,true,2,2,epoch-50,0,2,cohens_d_train,0.2523364
wisconsin,GeneralSheaf,true,2,2,epoch-50,1,2,cohens_d_train,0.39663368
wisconsin,GeneralSheaf,true,2,2,epoch-50,2,2,cohens_d_train,0.41310838
wisconsin,GeneralSheaf,true,2,2,epoch-50,0,2,cohens_d_test,0.55307055
wisconsin,GeneralSheaf,true,2,2,epoch-50,1,2,cohens_d_test,0.58528924
wisconsin,GeneralSheaf,true,2,2,epoch-50,2,2,cohens_d_test,0.55628633
wisconsin,GeneralSheaf,true,2,2,epoch-50,0,3,degree,-0.2674483537935594
wisconsin,GeneralSheaf,true,2,2,epoch-50,1,3,degree,-0.19019050586654293
wisconsin,GeneralSheaf,true,2,2,epoch-50,2,3,degree,-0.10758084133449967
wisconsin,GeneralSheaf,true,2,2,epoch-50,0,3,betweenness,-0.2518912191478423
wisconsin,GeneralSheaf,true,2,2,epoch-50,1,3,betweenness,-0.17888493938757985
wisconsin,GeneralSheaf,true,2,2,epoch-50,2,3,betweenness,-0.10164869728551505
wisconsin,GeneralSheaf,true,2,2,epoch-50,0,3,confidence,0.858650569513322
wisconsin,GeneralSheaf,true,2,2,epoch-50,1,3,confidence,0.8939343175618736
wisconsin,GeneralSheaf,true,2,2,epoch-50,2,3,confidence,0.9011410934212419
wisconsin,GeneralSheaf,true,2,2,epoch-50,0,3,saliency,-0.8022232618745567
wisconsin,GeneralSheaf,true,2,2,epoch-50,1,3,saliency,-0.8236098742591061
wisconsin,GeneralSheaf,true,2,2,epoch-50,2,3,saliency,-0.796865564522248
wisconsin,GeneralSheaf,true,2,2,epoch-50,0,3,cohens_d_train,0.6229643
wisconsin,GeneralSheaf,true,2,2,epoch-50,1,3,cohens_d_train,0.6924597
wisconsin,GeneralSheaf,true,2,2,epoch-50,2,3,cohens_d_train,0.79040027
wisconsin,GeneralSheaf,true,2,2,epoch-50,0,3,cohens_d_test,1.3499496
wisconsin,GeneralSheaf,true,2,2,epoch-50,1,3,cohens_d_test,1.3982149
wisconsin,GeneralSheaf,true,2,2,epoch-50,2,3,cohens_d_test,1.4186612
wisconsin,GeneralSheaf,true,2,2,epoch-50,0,4,degree,-0.28922172457584167
wisconsin,GeneralSheaf,true,2,2,epoch-50,1,4,degree,0.056323471425622364
wisconsin,GeneralSheaf,true,2,2,epoch-50,2,4,degree,0.14193084751391732
wisconsin,GeneralSheaf,true,2,2,epoch-50,0,4,betweenness,-0.22858438934200564
wisconsin,GeneralSheaf,true,2,2,epoch-50,1,4,betweenness,0.10580960031528813
wisconsin,GeneralSheaf,true,2,2,epoch-50,2,4,betweenness,0.1778816840587646
wisconsin,GeneralSheaf,true,2,2,epoch-50,0,4,confidence,0.7634868799864943
wisconsin,GeneralSheaf,true,2,2,epoch-50,1,4,confidence,0.91658274830791
wisconsin,GeneralSheaf,true,2,2,epoch-50,2,4,confidence,0.8916605340507848
wisconsin,GeneralSheaf,true,2,2,epoch-50,0,4,saliency,-0.6907655954903463
wisconsin,GeneralSheaf,true,2,2,epoch-50,1,4,saliency,-0.723135922267524
wisconsin,GeneralSheaf,true,2,2,epoch-50,2,4,saliency,-0.6929893175847814
wisconsin,GeneralSheaf,true,2,2,epoch-50,0,4,cohens_d_train,0.9088945
wisconsin,GeneralSheaf,true,2,2,epoch-50,1,4,cohens_d_train,1.1282424
wisconsin,GeneralSheaf,true,2,2,epoch-50,2,4,cohens_d_train,1.0181447
wisconsin,GeneralSheaf,true,2,2,epoch-50,0,4,cohens_d_test,1.511685
wisconsin,GeneralSheaf,true,2,2,epoch-50,1,4,cohens_d_test,1.2026844
wisconsin,GeneralSheaf,true,2,2,epoch-50,2,4,cohens_d_test,0.9016021
wisconsin,GeneralSheaf,true,2,2,epoch-50,0,5,degree,-0.3005979832184526
wisconsin,GeneralSheaf,true,2,2,epoch-50,1,5,degree,-0.14117134771788115
wisconsin,GeneralSheaf,true,2,2,epoch-50,2,5,degree,-0.05603869746766422
wisconsin,GeneralSheaf,true,2,2,epoch-50,0,5,betweenness,-0.28789369062773945
wisconsin,GeneralSheaf,true,2,2,epoch-50,1,5,betweenness,-0.1327402785295003
wisconsin,GeneralSheaf,true,2,2,epoch-50,2,5,betweenness,-0.05582350318077333
wisconsin,GeneralSheaf,true,2,2,epoch-50,0,5,confidence,0.8821872619046546
wisconsin,GeneralSheaf,true,2,2,epoch-50,1,5,confidence,0.9389337423135968
wisconsin,GeneralSheaf,true,2,2,epoch-50,2,5,confidence,0.9319210259313421
wisconsin,GeneralSheaf,true,2,2,epoch-50,0,5,saliency,-0.7327222783262541
wisconsin,GeneralSheaf,true,2,2,epoch-50,1,5,saliency,-0.7810385777112135
wisconsin,GeneralSheaf,true,2,2,epoch-50,2,5,saliency,-0.7740751891909773
wisconsin,GeneralSheaf,true,2,2,epoch-50,0,5,cohens_d_train,1.5570095
wisconsin,GeneralSheaf,true,2,2,epoch-50,1,5,cohens_d_train,1.5498991
wisconsin,GeneralSheaf,true,2,2,epoch-50,2,5,cohens_d_train,1.488446
wisconsin,GeneralSheaf,true,2,2,epoch-50,0,5,cohens_d_test,0.9084803
wisconsin,GeneralSheaf,true,2,2,epoch-50,1,5,cohens_d_test,0.86711675
wisconsin,GeneralSheaf,true,2,2,epoch-50,2,5,cohens_d_test,0.7465092
wisconsin,GeneralSheaf,true,2,2,epoch-50,0,6,degree,-0.27439093704742035
wisconsin,GeneralSheaf,true,2,2,epoch-50,1,6,degree,-0.0649362201892726
wisconsin,GeneralSheaf,true,2,2,epoch-50,2,6,degree,0.011440686922170908
wisconsin,GeneralSheaf,true,2,2,epoch-50,0,6,betweenness,-0.2835509925995711
wisconsin,GeneralSheaf,true,2,2,epoch-50,1,6,betweenness,-0.09857703552219031
wisconsin,GeneralSheaf,true,2,2,epoch-50,2,6,betweenness,-0.03303738325940473
wisconsin,GeneralSheaf,true,2,2,epoch-50,0,6,confidence,0.8290585853558727
wisconsin,GeneralSheaf,true,2,2,epoch-50,1,6,confidence,0.8443928160080684
wisconsin,GeneralSheaf,true,2,2,epoch-50,2,6,confidence,0.8398761827935366
wisconsin,GeneralSheaf,true,2,2,epoch-50,0,6,saliency,-0.7331446908983481
wisconsin,GeneralSheaf,true,2,2,epoch-50,1,6,saliency,-0.7352295077271063
wisconsin,GeneralSheaf,true,2,2,epoch-50,2,6,saliency,-0.7322332507051373
wisconsin,GeneralSheaf,true,2,2,epoch-50,0,6,cohens_d_train,nan
wisconsin,GeneralSheaf,true,2,2,epoch-50,1,6,cohens_d_train,nan
wisconsin,GeneralSheaf,true,2,2,epoch-50,2,6,cohens_d_train,nan
wisconsin,GeneralSheaf,true,2,2,epoch-50,0,6,cohens_d_test,1.0538352
wisconsin,GeneralSheaf,true,2,2,epoch-50,1,6,cohens_d_test,1.0030713
wisconsin,GeneralSheaf,true,2,2,epoch-50,2,6,cohens_d_test,1.0173281
wisconsin,GeneralSheaf,true,2,2,epoch-50,0,7,degree,-0.26499067155159384
wisconsin,GeneralSheaf,true,2,2,epoch-50,1,7,degree,-0.11052959214064192
wisconsin,GeneralSheaf,true,2,2,epoch-50,2,7,degree,-0.03161690241826917
wisconsin,GeneralSheaf,true,2,2,epoch-50,0,7,betweenness,-0.2172547560787343
wisconsin,GeneralSheaf,true,2,2,epoch-50,1,7,betweenness,-0.07040884592795486
wisconsin,GeneralSheaf,true,2,2,epoch-50,2,7,betweenness,-0.0007109960564342879
wisconsin,GeneralSheaf,true,2,2,epoch-50,0,7,confidence,0.8393405189497912
wisconsin,GeneralSheaf,true,2,2,epoch-50,1,7,confidence,0.9202397421663762
wisconsin,GeneralSheaf,true,2,2,epoch-50,2,7,confidence,0.9303478887102172
wisconsin,GeneralSheaf,true,2,2,epoch-50,0,7,saliency,-0.7776844367497251
wisconsin,GeneralSheaf,true,2,2,epoch-50,1,7,saliency,-0.8262588652583333
wisconsin,GeneralSheaf,true,2,2,epoch-50,2,7,saliency,-0.8342725294664519
wisconsin,GeneralSheaf,true,2,2,epoch-50,0,7,cohens_d_train,1.2831767
wisconsin,GeneralSheaf,true,2,2,epoch-50,1,7,cohens_d_train,1.3437023
wisconsin,GeneralSheaf,true,2,2,epoch-50,2,7,cohens_d_train,1.222899
wisconsin,GeneralSheaf,true,2,2,epoch-50,0,7,cohens_d_test,1.3385056
wisconsin,GeneralSheaf,true,2,2,epoch-50,1,7,cohens_d_test,1.3490095
wisconsin,GeneralSheaf,true,2,2,epoch-50,2,7,cohens_d_test,1.1852034
wisconsin,GeneralSheaf,true,2,2,epoch-50,0,8,degree,-0.2742631189226011
wisconsin,GeneralSheaf,true,2,2,epoch-50,1,8,degree,-0.11706074494723709
wisconsin,GeneralSheaf,true,2,2,epoch-50,2,8,degree,0.04097830431785709
wisconsin,GeneralSheaf,true,2,2,epoch-50,0,8,betweenness,-0.22694524479129297
wisconsin,GeneralSheaf,true,2,2,epoch-50,1,8,betweenness,-0.08015303326077268
wisconsin,GeneralSheaf,true,2,2,epoch-50,2,8,betweenness,0.05279310110618662
wisconsin,GeneralSheaf,true,2,2,epoch-50,0,8,confidence,0.9275227646860452
wisconsin,GeneralSheaf,true,2,2,epoch-50,1,8,confidence,0.9493666851577957
wisconsin,GeneralSheaf,true,2,2,epoch-50,2,8,confidence,0.9061959246040334
wisconsin,GeneralSheaf,true,2,2,epoch-50,0,8,saliency,-0.722349143254782
wisconsin,GeneralSheaf,true,2,2,epoch-50,1,8,saliency,-0.6937951207333387
wisconsin,GeneralSheaf,true,2,2,epoch-50,2,8,saliency,-0.6539224640191478
wisconsin,GeneralSheaf,true,2,2,epoch-50,0,8,cohens_d_train,1.32743
wisconsin,GeneralSheaf,true,2,2,epoch-50,1,8,cohens_d_train,1.3779138
wisconsin,GeneralSheaf,true,2,2,epoch-50,2,8,cohens_d_train,1.4243343
wisconsin,GeneralSheaf,true,2,2,epoch-50,0,8,cohens_d_test,0.9891077
wisconsin,GeneralSheaf,true,2,2,epoch-50,1,8,cohens_d_test,0.5813732
wisconsin,GeneralSheaf,true,2,2,epoch-50,2,8,cohens_d_test,0.2160852
wisconsin,GeneralSheaf,true,2,2,epoch-50,0,9,degree,-0.2832764334995219
wisconsin,GeneralSheaf,true,2,2,epoch-50,1,9,degree,-0.13752095739185843
wisconsin,GeneralSheaf,true,2,2,epoch-50,2,9,degree,-0.053977679941104986
wisconsin,GeneralSheaf,true,2,2,epoch-50,0,9,betweenness,-0.26959763840541057
wisconsin,GeneralSheaf,true,2,2,epoch-50,1,9,betweenness,-0.1294861192389127
wisconsin,GeneralSheaf,true,2,2,epoch-50,2,9,betweenness,-0.03978347884686416
wisconsin,GeneralSheaf,true,2,2,epoch-50,0,9,confidence,0.8757382147919277
wisconsin,GeneralSheaf,true,2,2,epoch-50,1,9,confidence,0.9270718475217967
wisconsin,GeneralSheaf,true,2,2,epoch-50,2,9,confidence,0.9471811399591272
wisconsin,GeneralSheaf,true,2,2,epoch-50,0,9,saliency,-0.7372732234705358
wisconsin,GeneralSheaf,true,2,2,epoch-50,1,9,saliency,-0.7381936924254923
wisconsin,GeneralSheaf,true,2,2,epoch-50,2,9,saliency,-0.7338377794253685
wisconsin,GeneralSheaf,true,2,2,epoch-50,0,9,cohens_d_train,1.2025576
wisconsin,GeneralSheaf,true,2,2,epoch-50,1,9,cohens_d_train,1.1965921
wisconsin,GeneralSheaf,true,2,2,epoch-50,2,9,cohens_d_train,1.0448604
wisconsin,GeneralSheaf,true,2,2,epoch-50,0,9,cohens_d_test,0.7181618
wisconsin,GeneralSheaf,true,2,2,epoch-50,1,9,cohens_d_test,0.87582
wisconsin,GeneralSheaf,true,2,2,epoch-50,2,9,cohens_d_test,0.9158612
wisconsin,GeneralSheaf,true,2,2,epoch-200,0,0,degree,-0.2647789363600239
wisconsin,GeneralSheaf,true,2,2,epoch-200,1,0,degree,-0.209595535816848
wisconsin,GeneralSheaf,true,2,2,epoch-200,2,0,degree,-0.18801487986106305
wisconsin,GeneralSheaf,true,2,2,epoch-200,0,0,betweenness,-0.2804244761417301
wisconsin,GeneralSheaf,true,2,2,epoch-200,1,0,betweenness,-0.22007016619279612
wisconsin,GeneralSheaf,true,2,2,epoch-200,2,0,betweenness,-0.20197888080646423
wisconsin,GeneralSheaf,true,2,2,epoch-200,0,0,confidence,0.8711561559654403
wisconsin,GeneralSheaf,true,2,2,epoch-200,1,0,confidence,0.8843913210347271
wisconsin,GeneralSheaf,true,2,2,epoch-200,2,0,confidence,0.883819133268352
wisconsin,GeneralSheaf,true,2,2,epoch-200,0,0,saliency,-0.7746969119482157
wisconsin,GeneralSheaf,true,2,2,epoch-200,1,0,saliency,-0.7773664071522093
wisconsin,GeneralSheaf,true,2,2,epoch-200,2,0,saliency,-0.7745031917111835
wisconsin,GeneralSheaf,true,2,2,epoch-200,0,0,cohens_d_train,nan
wisconsin,GeneralSheaf,true,2,2,epoch-200,1,0,cohens_d_train,nan
wisconsin,GeneralSheaf,true,2,2,epoch-200,2,0,cohens_d_train,nan
wisconsin,GeneralSheaf,true,2,2,epoch-200,0,0,cohens_d_test,0.7826656
wisconsin,GeneralSheaf,true,2,2,epoch-200,1,0,cohens_d_test,0.7787241
wisconsin,GeneralSheaf,true,2,2,epoch-200,2,0,cohens_d_test,0.77725685
wisconsin,GeneralSheaf,true,2,2,epoch-200,0,1,degree,-0.2979405524092579
wisconsin,GeneralSheaf,true,2,2,epoch-200,1,1,degree,-0.21391652504927786
wisconsin,GeneralSheaf,true,2,2,epoch-200,2,1,degree,-0.19986508642522605
wisconsin,GeneralSheaf,true,2,2,epoch-200,0,1,betweenness,-0.2641855815994368
wisconsin,GeneralSheaf,true,2,2,epoch-200,1,1,betweenness,-0.18712700150208786
wisconsin,GeneralSheaf,true,2,2,epoch-200,2,1,betweenness,-0.1758074928575864
wisconsin,GeneralSheaf,true,2,2,epoch-200,0,1,confidence,0.9281911260727302
wisconsin,GeneralSheaf,true,2,2,epoch-200,1,1,confidence,0.9403769117595614
wisconsin,GeneralSheaf,true,2,2,epoch-200,2,1,confidence,0.9381454545109773
wisconsin,GeneralSheaf,true,2,2,epoch-200,0,1,saliency,-0.6894914527525894
wisconsin,GeneralSheaf,true,2,2,epoch-200,1,1,saliency,-0.6904665871624808
wisconsin,GeneralSheaf,true,2,2,epoch-200,2,1,saliency,-0.6887796201023527
wisconsin,GeneralSheaf,true,2,2,epoch-200,0,1,cohens_d_train,nan
wisconsin,GeneralSheaf,true,2,2,epoch-200,1,1,cohens_d_train,nan
wisconsin,GeneralSheaf,true,2,2,epoch-200,2,1,cohens_d_train,nan
wisconsin,GeneralSheaf,true,2,2,epoch-200,0,1,cohens_d_test,0.8656697
wisconsin,GeneralSheaf,true,2,2,epoch-200,1,1,cohens_d_test,0.87956834
wisconsin,GeneralSheaf,true,2,2,epoch-200,2,1,cohens_d_test,0.8838222
wisconsin,GeneralSheaf,true,2,2,epoch-200,0,2,degree,-0.26665658072856957
wisconsin,GeneralSheaf,true,2,2,epoch-200,1,2,degree,-0.17830929067713688
wisconsin,GeneralSheaf,true,2,2,epoch-200,2,2,degree,-0.08610352353935391
wisconsin,GeneralSheaf,true,2,2,epoch-200,0,2,betweenness,-0.2893432593357553
wisconsin,GeneralSheaf,true,2,2,epoch-200,1,2,betweenness,-0.20806110706518013
wisconsin,GeneralSheaf,true,2,2,epoch-200,2,2,betweenness,-0.11820085670988265
wisconsin,GeneralSheaf,true,2,2,epoch-200,0,2,confidence,0.9076881718493601
wisconsin,GeneralSheaf,true,2,2,epoch-200,1,2,confidence,0.9138986256107954
wisconsin,GeneralSheaf,true,2,2,epoch-200,2,2,confidence,0.8948722404646106
wisconsin,GeneralSheaf,true,2,2,epoch-200,0,2,saliency,-0.6751823280392701
wisconsin,GeneralSheaf,true,2,2,epoch-200,1,2,saliency,-0.6731257862601826
wisconsin,GeneralSheaf,true,2,2,epoch-200,2,2,saliency,-0.6526029136423455
wisconsin,GeneralSheaf,true,2,2,epoch-200,0,2,cohens_d_train,nan
wisconsin,GeneralSheaf,true,2,2,epoch-200,1,2,cohens_d_train,nan
wisconsin,GeneralSheaf,true,2,2,epoch-200,2,2,cohens_d_train,nan
wisconsin,GeneralSheaf,true,2,2,epoch-200,0,2,cohens_d_test,0.44476873
wisconsin,GeneralSheaf,true,2,2,epoch-200,1,2,cohens_d_test,0.48947197
wisconsin,GeneralSheaf,true,2,2,epoch-200,2,2,cohens_d_test,0.5040212
wisconsin,GeneralSheaf,true,2,2,epoch-200,0,3,degree,-0.2883367103255733
wisconsin,GeneralSheaf,true,2,2,epoch-200,1,3,degree,-0.16737521390664048
wisconsin,GeneralSheaf,true,2,2,epoch-200,2,3,degree,-0.10743629719703407
wisconsin,GeneralSheaf,true,2,2,epoch-200,0,3,betweenness,-0.2563618964029676
wisconsin,GeneralSheaf,true,2,2,epoch-200,1,3,betweenness,-0.1456993199521942
wisconsin,GeneralSheaf,true,2,2,epoch-200,2,3,betweenness,-0.09089072985910644
wisconsin,GeneralSheaf,true,2,2,epoch-200,0,3,confidence,0.8542705330856499
wisconsin,GeneralSheaf,true,2,2,epoch-200,1,3,confidence,0.8791256908561494
wisconsin,GeneralSheaf,true,2,2,epoch-200,2,3,confidence,0.8718638997518082
wisconsin,GeneralSheaf,true,2,2,epoch-200,0,3,saliency,-0.6407554248783005
wisconsin,GeneralSheaf,true,2,2,epoch-200,1,3,saliency,-0.6662458734087807
wisconsin,GeneralSheaf,true,2,2,epoch-200,2,3,saliency,-0.6465967165990197
wisconsin,GeneralSheaf,true,2,2,epoch-200,0,3,cohens_d_train,nan
wisconsin,GeneralSheaf,true,2,2,epoch-200,1,3,cohens_d_train,nan
wisconsin,GeneralSheaf,true,2,2,epoch-200,2,3,cohens_d_train,nan
wisconsin,GeneralSheaf,true,2,2,epoch-200,0,3,cohens_d_test,1.001055
wisconsin,GeneralSheaf,true,2,2,epoch-200,1,3,cohens_d_test,1.0830759
wisconsin,GeneralSheaf,true,2,2,epoch-200,2,3,cohens_d_test,1.0820472
wisconsin,GeneralSheaf,true,2,2,epoch-200,0,4,degree,-0.30462827642335766
wisconsin,GeneralSheaf,true,2,2,epoch-200,1,4,degree,-0.06379362803175183
wisconsin,GeneralSheaf,true,2,2,epoch-200,2,4,degree,0.03780150901681708
wisconsin,GeneralSheaf,true,2,2,epoch-200,0,4,betweenness,-0.23892010637011077
wisconsin,GeneralSheaf,true,2,2,epoch-200,1,4,betweenness,-0.010422102777735231
wisconsin,GeneralSheaf,true,2,2,epoch-200,2,4,betweenness,0.08552850590857061
wisconsin,GeneralSheaf,true,2,2,epoch-200,0,4,confidence,0.8157781305682705
wisconsin,GeneralSheaf,true,2,2,epoch-200,1,4,confidence,0.9342871821569119
wisconsin,GeneralSheaf,true,2,2,epoch-200,2,4,confidence,0.9323788013458727
wisconsin,GeneralSheaf,true,2,2,epoch-200,0,4,saliency,-0.6364594609671279
wisconsin,GeneralSheaf,true,2,2,epoch-200,1,4,saliency,-0.6597479262940339
wisconsin,GeneralSheaf,true,2,2,epoch-200,2,4,saliency,-0.6463498271769196
wisconsin,GeneralSheaf,true,2,2,epoch-200,0,4,cohens_d_train,nan
wisconsin,GeneralSheaf,true,2,2,epoch-200,1,4,cohens_d_train,nan
wisconsin,GeneralSheaf,true,2,2,epoch-200,2,4,cohens_d_train,nan
wisconsin,GeneralSheaf,true,2,2,epoch-200,0,4,cohens_d_test,1.8132458
wisconsin,GeneralSheaf,true,2,2,epoch-200,1,4,cohens_d_test,1.7334539
wisconsin,GeneralSheaf,true,2,2,epoch-200,2,4,cohens_d_test,1.4591557
wisconsin,GeneralSheaf,true,2,2,epoch-200,0,5,degree,-0.2458350470460052
wisconsin,GeneralSheaf,true,2,2,epoch-200,1,5,degree,-0.15554596324736722
wisconsin,GeneralSheaf,true,2,2,epoch-200,2,5,degree,-0.126028987846972
wisconsin,GeneralSheaf,true,2,2,epoch-200,0,5,betweenness,-0.24779647105605715
wisconsin,GeneralSheaf,true,2,2,epoch-200,1,5,betweenness,-0.16522382384363843
wisconsin,GeneralSheaf,true,2,2,epoch-200,2,5,betweenness,-0.13927467085768205
wisconsin,GeneralSheaf,true,2,2,epoch-200,0,5,confidence,0.886948246753649
wisconsin,GeneralSheaf,true,2,2,epoch-200,1,5,confidence,0.901416392114044
wisconsin,GeneralSheaf,true,2,2,epoch-200,2,5,confidence,0.9005865305152954
wisconsin,GeneralSheaf,true,2,2,epoch-200,0,5,saliency,-0.7572942110553692
wisconsin,GeneralSheaf,true,2,2,epoch-200,1,5,saliency,-0.7666226522481502
wisconsin,GeneralSheaf,true,2,2,epoch-200,2,5,saliency,-0.7660879400827492
wisconsin,GeneralSheaf,true,2,2,epoch-200,0,5,cohens_d_train,nan
wisconsin,GeneralSheaf,true,2,2,epoch-200,1,5,cohens_d_train,nan
wisconsin,GeneralSheaf,true,2,2,epoch-200,2,5,cohens_d_train,nan
wisconsin,GeneralSheaf,true,2,2,epoch-200,0,5,cohens_d_test,0.6676015
wisconsin,GeneralSheaf,true,2,2,epoch-200,1,5,cohens_d_test,0.6725291
wisconsin,GeneralSheaf,true,2,2,epoch-200,2,5,cohens_d_test,0.6677926
wisconsin,GeneralSheaf,true,2,2,epoch-200,0,6,degree,-0.2740509952260925
wisconsin,GeneralSheaf,true,2,2,epoch-200,1,6,degree,-0.024226377176471525
wisconsin,GeneralSheaf,true,2,2,epoch-200,2,6,degree,0.015561944965854314
wisconsin,GeneralSheaf,true,2,2,epoch-200,0,6,betweenness,-0.3087098378177633
wisconsin,GeneralSheaf,true,2,2,epoch-200,1,6,betweenness,-0.08866708455944228
wisconsin,GeneralSheaf,true,2,2,epoch-200,2,6,betweenness,-0.05412365054010285
wisconsin,GeneralSheaf,true,2,2,epoch-200,0,6,confidence,0.8108312797988335
wisconsin,GeneralSheaf,true,2,2,epoch-200,1,6,confidence,0.8808801979739692
wisconsin,GeneralSheaf,true,2,2,epoch-200,2,6,confidence,0.8835233416986087
wisconsin,GeneralSheaf,true,2,2,epoch-200,0,6,saliency,-0.6598941300257601
wisconsin,GeneralSheaf,true,2,2,epoch-200,1,6,saliency,-0.6493230787268635
wisconsin,GeneralSheaf,true,2,2,epoch-200,2,6,saliency,-0.6525156436249274
wisconsin,GeneralSheaf,true,2,2,epoch-200,0,6,cohens_d_train,nan
wisconsin,GeneralSheaf,true,2,2,epoch-200,1,6,cohens_d_train,nan
wisconsin,GeneralSheaf,true,2,2,epoch-200,2,6,cohens_d_train,nan
wisconsin,GeneralSheaf,true,2,2,epoch-200,0,6,cohens_d_test,0.9757418
wisconsin,GeneralSheaf,true,2,2,epoch-200,1,6,cohens_d_test,1.0560397
wisconsin,GeneralSheaf,true,2,2,epoch-200,2,6,cohens_d_test,1.0730121
wisconsin,GeneralSheaf,true,2,2,epoch-200,0,7,degree,-0.23910186795408217
wisconsin,GeneralSheaf,true,2,2,epoch-200,1,7,degree,-0.09756866774825138
wisconsin,GeneralSheaf,true,2,2,epoch-200,2,7,degree,-0.047973330430118685
wisconsin,GeneralSheaf,true,2,2,epoch-200,0,7,betweenness,-0.21733725813114432
wisconsin,GeneralSheaf,true,2,2,epoch-200,1,7,betweenness,-0.09630550668033822
wisconsin,GeneralSheaf,true,2,2,epoch-200,2,7,betweenness,-0.05576706434234108
wisconsin,GeneralSheaf,true,2,2,epoch-200,0,7,confidence,0.8506960359644489
wisconsin,GeneralSheaf,true,2,2,epoch-200,1,7,confidence,0.8767989958634635
wisconsin,GeneralSheaf,true,2,2,epoch-200,2,7,confidence,0.8802772758697472
wisconsin,GeneralSheaf,true,2,2,epoch-200,0,7,saliency,-0.6417594100848861
wisconsin,GeneralSheaf,true,2,2,epoch-200,1,7,saliency,-0.6655950163517421
wisconsin,GeneralSheaf,true,2,2,epoch-200,2,7,saliency,-0.6755316545367689
wisconsin,GeneralSheaf,true,2,2,epoch-200,0,7,cohens_d_train,nan
wisconsin,GeneralSheaf,true,2,2,epoch-200,1,7,cohens_d_train,nan
wisconsin,GeneralSheaf,true,2,2,epoch-200,2,7,cohens_d_train,nan
wisconsin,GeneralSheaf,true,2,2,epoch-200,0,7,cohens_d_test,1.1731701
wisconsin,GeneralSheaf,true,2,2,epoch-200,1,7,cohens_d_test,1.2340248
wisconsin,GeneralSheaf,true,2,2,epoch-200,2,7,cohens_d_test,1.202063
wisconsin,GeneralSheaf,true,2,2,epoch-200,0,8,degree,-0.2679701159261803
wisconsin,GeneralSheaf,true,2,2,epoch-200,1,8,degree,-0.13557959931830205
wisconsin,GeneralSheaf,true,2,2,epoch-200,2,8,degree,-0.050224335864933654
wisconsin,GeneralSheaf,true,2,2,epoch-200,0,8,betweenness,-0.23594224927085777
wisconsin,GeneralSheaf,true,2,2,epoch-200,1,8,betweenness,-0.11849233785179249
wisconsin,GeneralSheaf,true,2,2,epoch-200,2,8,betweenness,-0.043114302736859275
wisconsin,GeneralSheaf,true,2,2,epoch-200,0,8,confidence,0.9326897100204959
wisconsin,GeneralSheaf,true,2,2,epoch-200,1,8,confidence,0.9428113667343812
wisconsin,GeneralSheaf,true,2,2,epoch-200,2,8,confidence,0.9325355080018267
wisconsin,GeneralSheaf,true,2,2,epoch-200,0,8,saliency,-0.6567744148449034
wisconsin,GeneralSheaf,true,2,2,epoch-200,1,8,saliency,-0.6292502158510164
wisconsin,GeneralSheaf,true,2,2,epoch-200,2,8,saliency,-0.613482420877883
wisconsin,GeneralSheaf,true,2,2,epoch-200,0,8,cohens_d_train,nan
wisconsin,GeneralSheaf,true,2,2,epoch-200,1,8,cohens_d_train,nan
wisconsin,GeneralSheaf,true,2,2,epoch-200,2,8,cohens_d_train,nan
wisconsin,GeneralSheaf,true,2,2,epoch-200,0,8,cohens_d_test,1.0257633
wisconsin,GeneralSheaf,true,2,2,epoch-200,1,8,cohens_d_test,0.58350396
wisconsin,GeneralSheaf,true,2,2,epoch-200,2,8,cohens_d_test,0.42206976
wisconsin,GeneralSheaf,true,2,2,epoch-200,0,9,degree,-0.3046958762826845
wisconsin,GeneralSheaf,true,2,2,epoch-200,1,9,degree,-0.19066529471383625
wisconsin,GeneralSheaf,true,2,2,epoch-200,2,9,degree,-0.09939813611607365
wisconsin,GeneralSheaf,true,2,2,epoch-200,0,9,betweenness,-0.28778233607058223
wisconsin,GeneralSheaf,true,2,2,epoch-200,1,9,betweenness,-0.180606229788014
wisconsin,GeneralSheaf,true,2,2,epoch-200,2,9,betweenness,-0.09413905112738455
wisconsin,GeneralSheaf,true,2,2,epoch-200,0,9,confidence,0.8840061066293874
wisconsin,GeneralSheaf,true,2,2,epoch-200,1,9,confidence,0.9287102475509373
wisconsin,GeneralSheaf,true,2,2,epoch-200,2,9,confidence,0.9343340548287333
wisconsin,GeneralSheaf,true,2,2,epoch-200,0,9,saliency,-0.6543491899914416
wisconsin,GeneralSheaf,true,2,2,epoch-200,1,9,saliency,-0.6433083993992786
wisconsin,GeneralSheaf,true,2,2,epoch-200,2,9,saliency,-0.6389030386471592
wisconsin,GeneralSheaf,true,2,2,epoch-200,0,9,cohens_d_train,nan
wisconsin,GeneralSheaf,true,2,2,epoch-200,1,9,cohens_d_train,nan
wisconsin,GeneralSheaf,true,2,2,epoch-200,2,9,cohens_d_train,nan
wisconsin,GeneralSheaf,true,2,2,epoch-200,0,9,cohens_d_test,0.38092092
wisconsin,GeneralSheaf,true,2,2,epoch-200,1,9,cohens_d_test,0.49809137
wisconsin,GeneralSheaf,true,2,2,epoch-200,2,9,cohens_d_test,0.6155594
wisconsin,GeneralSheaf,true,2,2,best-epoch,0,0,degree,-0.22981193786083517
wisconsin,GeneralSheaf,true,2,2,best-epoch,1,0,degree,-0.188729764211043
wisconsin,GeneralSheaf,true,2,2,best-epoch,2,0,degree,-0.1618304438758252
wisconsin,GeneralSheaf,true,2,2,best-epoch,0,0,betweenness,-0.24229996639455043
wisconsin,GeneralSheaf,true,2,2,best-epoch,1,0,betweenness,-0.20222097689610005
wisconsin,GeneralSheaf,true,2,2,best-epoch,2,0,betweenness,-0.176868699721718
wisconsin,GeneralSheaf,true,2,2,best-epoch,0,0,confidence,0.9029308139852912
wisconsin,GeneralSheaf,true,2,2,best-epoch,1,0,confidence,0.9141278043087113
wisconsin,GeneralSheaf,true,2,2,best-epoch,2,0,confidence,0.9166592202575883
wisconsin,GeneralSheaf,true,2,2,best-epoch,0,0,saliency,-0.7716952871330423
wisconsin,GeneralSheaf,true,2,2,best-epoch,1,0,saliency,-0.7833393220791011
wisconsin,GeneralSheaf,true,2,2,best-epoch,2,0,saliency,-0.7855425508523288
wisconsin,GeneralSheaf,true,2,2,best-epoch,0,0,cohens_d_train,nan
wisconsin,GeneralSheaf,true,2,2,best-epoch,1,0,cohens_d_train,nan
wisconsin,GeneralSheaf,true,2,2,best-epoch,2,0,cohens_d_train,nan
wisconsin,GeneralSheaf,true,2,2,best-epoch,0,0,cohens_d_test,0.85753644
wisconsin,GeneralSheaf,true,2,2,best-epoch,1,0,cohens_d_test,0.8636085
wisconsin,GeneralSheaf,true,2,2,best-epoch,2,0,cohens_d_test,0.861785
wisconsin,GeneralSheaf,true,2,2,best-epoch,0,1,degree,-0.3012172030619195
wisconsin,GeneralSheaf,true,2,2,best-epoch,1,1,degree,-0.2480827954240563
wisconsin,GeneralSheaf,true,2,2,best-epoch,2,1,degree,-0.21673473827032608
wisconsin,GeneralSheaf,true,2,2,best-epoch,0,1,betweenness,-0.28324861479427577
wisconsin,GeneralSheaf,true,2,2,best-epoch,1,1,betweenness,-0.2337013293827661
wisconsin,GeneralSheaf,true,2,2,best-epoch,2,1,betweenness,-0.20597209402142577
wisconsin,GeneralSheaf,true,2,2,best-epoch,0,1,confidence,0.9232192112569279
wisconsin,GeneralSheaf,true,2,2,best-epoch,1,1,confidence,0.9323657236696822
wisconsin,GeneralSheaf,true,2,2,best-epoch,2,1,confidence,0.9270141734123875
wisconsin,GeneralSheaf,true,2,2,best-epoch,0,1,saliency,-0.7941777205591972
wisconsin,GeneralSheaf,true,2,2,best-epoch,1,1,saliency,-0.7955246417328782
wisconsin,GeneralSheaf,true,2,2,best-epoch,2,1,saliency,-0.7854111850187117
wisconsin,GeneralSheaf,true,2,2,best-epoch,0,1,cohens_d_train,nan
wisconsin,GeneralSheaf,true,2,2,best-epoch,1,1,cohens_d_train,nan
wisconsin,GeneralSheaf,true,2,2,best-epoch,2,1,cohens_d_train,nan
wisconsin,GeneralSheaf,true,2,2,best-epoch,0,1,cohens_d_test,0.583395
wisconsin,GeneralSheaf,true,2,2,best-epoch,1,1,cohens_d_test,0.6056483
wisconsin,GeneralSheaf,true,2,2,best-epoch,2,1,cohens_d_test,0.6089549
wisconsin,GeneralSheaf,true,2,2,best-epoch,0,2,degree,-0.20824758273555222
wisconsin,GeneralSheaf,true,2,2,best-epoch,1,2,degree,-0.15414426800217992
wisconsin,GeneralSheaf,true,2,2,best-epoch,2,2,degree,-0.08979664938430626
wisconsin,GeneralSheaf,true,2,2,best-epoch,0,2,betweenness,-0.2473769559027646
wisconsin,GeneralSheaf,true,2,2,best-epoch,1,2,betweenness,-0.19472804555181492
wisconsin,GeneralSheaf,true,2,2,best-epoch,2,2,betweenness,-0.13790871784285758
wisconsin,GeneralSheaf,true,2,2,best-epoch,0,2,confidence,0.9014707475424022
wisconsin,GeneralSheaf,true,2,2,best-epoch,1,2,confidence,0.9081416665575955
wisconsin,GeneralSheaf,true,2,2,best-epoch,2,2,confidence,0.893866737899251
wisconsin,GeneralSheaf,true,2,2,best-epoch,0,2,saliency,-0.7659758292271178
wisconsin,GeneralSheaf,true,2,2,best-epoch,1,2,saliency,-0.7690623293729195
wisconsin,GeneralSheaf,true,2,2,best-epoch,2,2,saliency,-0.7512195510640721
wisconsin,GeneralSheaf,true,2,2,best-epoch,0,2,cohens_d_train,nan
wisconsin,GeneralSheaf,true,2,2,best-epoch,1,2,cohens_d_train,nan
wisconsin,GeneralSheaf,true,2,2,best-epoch,2,2,cohens_d_train,nan
wisconsin,GeneralSheaf,true,2,2,best-epoch,0,2,cohens_d_test,0.9802543
wisconsin,GeneralSheaf,true,2,2,best-epoch,1,2,cohens_d_test,0.9800702
wisconsin,GeneralSheaf,true,2,2,best-epoch,2,2,cohens_d_test,0.9914112
wisconsin,GeneralSheaf,true,2,2,best-epoch,0,3,degree,-0.2483739268201508
wisconsin,GeneralSheaf,true,2,2,best-epoch,1,3,degree,-0.1494837946544055
wisconsin,GeneralSheaf,true,2,2,best-epoch,2,3,degree,-0.08431445931507392
wisconsin,GeneralSheaf,true,2,2,best-epoch,0,3,betweenness,-0.21929162278776332
wisconsin,GeneralSheaf,true,2,2,best-epoch,1,3,betweenness,-0.12593503056077213
wisconsin,GeneralSheaf,true,2,2,best-epoch,2,3,betweenness,-0.06696944628549935
wisconsin,GeneralSheaf,true,2,2,best-epoch,0,3,confidence,0.8496171404516616
wisconsin,GeneralSheaf,true,2,2,best-epoch,1,3,confidence,0.8656906588432243
wisconsin,GeneralSheaf,true,2,2,best-epoch,2,3,confidence,0.8606274791329761
wisconsin,GeneralSheaf,true,2,2,best-epoch,0,3,saliency,-0.7579319494449428
wisconsin,GeneralSheaf,true,2,2,best-epoch,1,3,saliency,-0.7755589266241143
wisconsin,GeneralSheaf,true,2,2,best-epoch,2,3,saliency,-0.7629632046770667
wisconsin,GeneralSheaf,true,2,2,best-epoch,0,3,cohens_d_train,nan
wisconsin,GeneralSheaf,true,2,2,best-epoch,1,3,cohens_d_train,nan
wisconsin,GeneralSheaf,true,2,2,best-epoch,2,3,cohens_d_train,nan
wisconsin,GeneralSheaf,true,2,2,best-epoch,0,3,cohens_d_test,1.4298058
wisconsin,GeneralSheaf,true,2,2,best-epoch,1,3,cohens_d_test,1.4727861
wisconsin,GeneralSheaf,true,2,2,best-epoch,2,3,cohens_d_test,1.4664654
wisconsin,GeneralSheaf,true,2,2,best-epoch,0,4,degree,-0.24895590721826405
wisconsin,GeneralSheaf,true,2,2,best-epoch,1,4,degree,-0.052540989495635404
wisconsin,GeneralSheaf,true,2,2,best-epoch,2,4,degree,0.08590031927529027
wisconsin,GeneralSheaf,true,2,2,best-epoch,0,4,betweenness,-0.1837231200227966
wisconsin,GeneralSheaf,true,2,2,best-epoch,1,4,betweenness,0.00010351666722031779
wisconsin,GeneralSheaf,true,2,2,best-epoch,2,4,betweenness,0.12392966349206136
wisconsin,GeneralSheaf,true,2,2,best-epoch,0,4,confidence,0.816855726588147
wisconsin,GeneralSheaf,true,2,2,best-epoch,1,4,confidence,0.8684553865067377
wisconsin,GeneralSheaf,true,2,2,best-epoch,2,4,confidence,0.8514455332541181
wisconsin,GeneralSheaf,true,2,2,best-epoch,0,4,saliency,-0.6949873211771925
wisconsin,GeneralSheaf,true,2,2,best-epoch,1,4,saliency,-0.6810536981903167
wisconsin,GeneralSheaf,true,2,2,best-epoch,2,4,saliency,-0.6400355302733942
wisconsin,GeneralSheaf,true,2,2,best-epoch,0,4,cohens_d_train,nan
wisconsin,GeneralSheaf,true,2,2,best-epoch,1,4,cohens_d_train,nan
wisconsin,GeneralSheaf,true,2,2,best-epoch,2,4,cohens_d_train,nan
wisconsin,GeneralSheaf,true,2,2,best-epoch,0,4,cohens_d_test,1.354524
wisconsin,GeneralSheaf,true,2,2,best-epoch,1,4,cohens_d_test,1.2203112
wisconsin,GeneralSheaf,true,2,2,best-epoch,2,4,cohens_d_test,0.95185256
wisconsin,GeneralSheaf,true,2,2,best-epoch,0,5,degree,-0.2291806173355121
wisconsin,GeneralSheaf,true,2,2,best-epoch,1,5,degree,-0.1610375364493811
wisconsin,GeneralSheaf,true,2,2,best-epoch,2,5,degree,-0.12874424731787165
wisconsin,GeneralSheaf,true,2,2,best-epoch,0,5,betweenness,-0.24486803735612525
wisconsin,GeneralSheaf,true,2,2,best-epoch,1,5,betweenness,-0.18272520818280585
wisconsin,GeneralSheaf,true,2,2,best-epoch,2,5,betweenness,-0.15609223767695288
wisconsin,GeneralSheaf,true,2,2,best-epoch,0,5,confidence,0.8860444322352081
wisconsin,GeneralSheaf,true,2,2,best-epoch,1,5,confidence,0.8934501183457547
wisconsin,GeneralSheaf,true,2,2,best-epoch,2,5,confidence,0.8935335940304261
wisconsin,GeneralSheaf,true,2,2,best-epoch,0,5,saliency,-0.759612847142967
wisconsin,GeneralSheaf,true,2,2,best-epoch,1,5,saliency,-0.7605651759174168
wisconsin,GeneralSheaf,true,2,2,best-epoch,2,5,saliency,-0.7619470779336581
wisconsin,GeneralSheaf,true,2,2,best-epoch,0,5,cohens_d_train,nan
wisconsin,GeneralSheaf,true,2,2,best-epoch,1,5,cohens_d_train,nan
wisconsin,GeneralSheaf,true,2,2,best-epoch,2,5,cohens_d_train,nan
wisconsin,GeneralSheaf,true,2,2,best-epoch,0,5,cohens_d_test,0.7165627
wisconsin,GeneralSheaf,true,2,2,best-epoch,1,5,cohens_d_test,0.70630485
wisconsin,GeneralSheaf,true,2,2,best-epoch,2,5,cohens_d_test,0.6813702
wisconsin,GeneralSheaf,true,2,2,best-epoch,0,6,degree,-0.21372006330152232
wisconsin,GeneralSheaf,true,2,2,best-epoch,1,6,degree,0.0255841963105117
wisconsin,GeneralSheaf,true,2,2,best-epoch,2,6,degree,0.11247910881326667
wisconsin,GeneralSheaf,true,2,2,best-epoch,0,6,betweenness,-0.23253553716332243
wisconsin,GeneralSheaf,true,2,2,best-epoch,1,6,betweenness,-0.028907607577600847
wisconsin,GeneralSheaf,true,2,2,best-epoch,2,6,betweenness,0.04814809255074954
wisconsin,GeneralSheaf,true,2,2,best-epoch,0,6,confidence,0.7915514211460108
wisconsin,GeneralSheaf,true,2,2,best-epoch,1,6,confidence,0.7637355893012407
wisconsin,GeneralSheaf,true,2,2,best-epoch,2,6,confidence,0.7407442540271326
wisconsin,GeneralSheaf,true,2,2,best-epoch,0,6,saliency,-0.7258209741845848
wisconsin,GeneralSheaf,true,2,2,best-epoch,1,6,saliency,-0.6711806758416528
wisconsin,GeneralSheaf,true,2,2,best-epoch,2,6,saliency,-0.6437112371720305
wisconsin,GeneralSheaf,true,2,2,best-epoch,0,6,cohens_d_train,nan
wisconsin,GeneralSheaf,true,2,2,best-epoch,1,6,cohens_d_train,nan
wisconsin,GeneralSheaf,true,2,2,best-epoch,2,6,cohens_d_train,nan
wisconsin,GeneralSheaf,true,2,2,best-epoch,0,6,cohens_d_test,1.1909459
wisconsin,GeneralSheaf,true,2,2,best-epoch,1,6,cohens_d_test,1.0788876
wisconsin,GeneralSheaf,true,2,2,best-epoch,2,6,cohens_d_test,1.0805707
wisconsin,GeneralSheaf,true,2,2,best-epoch,0,7,degree,-0.23705677795697394
wisconsin,GeneralSheaf,true,2,2,best-epoch,1,7,degree,-0.10907347645929526
wisconsin,GeneralSheaf,true,2,2,best-epoch,2,7,degree,-0.0150533922905921
wisconsin,GeneralSheaf,true,2,2,best-epoch,0,7,betweenness,-0.1964607364257827
wisconsin,GeneralSheaf,true,2,2,best-epoch,1,7,betweenness,-0.08747041631995928
wisconsin,GeneralSheaf,true,2,2,best-epoch,2,7,betweenness,-0.007625208938025966
wisconsin,GeneralSheaf,true,2,2,best-epoch,0,7,confidence,0.8573340924567215
wisconsin,GeneralSheaf,true,2,2,best-epoch,1,7,confidence,0.8907477827719846
wisconsin,GeneralSheaf,true,2,2,best-epoch,2,7,confidence,0.8789397677402904
wisconsin,GeneralSheaf,true,2,2,best-epoch,0,7,saliency,-0.7457853300537113
wisconsin,GeneralSheaf,true,2,2,best-epoch,1,7,saliency,-0.7598903964468339
wisconsin,GeneralSheaf,true,2,2,best-epoch,2,7,saliency,-0.7433614551478724
wisconsin,GeneralSheaf,true,2,2,best-epoch,0,7,cohens_d_train,nan
wisconsin,GeneralSheaf,true,2,2,best-epoch,1,7,cohens_d_train,nan
wisconsin,GeneralSheaf,true,2,2,best-epoch,2,7,cohens_d_train,nan
wisconsin,GeneralSheaf,true,2,2,best-epoch,0,7,cohens_d_test,1.0013739
wisconsin,GeneralSheaf,true,2,2,best-epoch,1,7,cohens_d_test,1.0845284
wisconsin,GeneralSheaf,true,2,2,best-epoch,2,7,cohens_d_test,1.0638982
wisconsin,GeneralSheaf,true,2,2,best-epoch,0,8,degree,-0.24536728709985808
wisconsin,GeneralSheaf,true,2,2,best-epoch,1,8,degree,-0.1632850362403604
wisconsin,GeneralSheaf,true,2,2,best-epoch,2,8,degree,-0.1074638810267464
wisconsin,GeneralSheaf,true,2,2,best-epoch,0,8,betweenness,-0.21928967698464044
wisconsin,GeneralSheaf,true,2,2,best-epoch,1,8,betweenness,-0.14039311785614522
wisconsin,GeneralSheaf,true,2,2,best-epoch,2,8,betweenness,-0.09191188656306737
wisconsin,GeneralSheaf,true,2,2,best-epoch,0,8,confidence,0.9287900780746232
wisconsin,GeneralSheaf,true,2,2,best-epoch,1,8,confidence,0.9368718929022145
wisconsin,GeneralSheaf,true,2,2,best-epoch,2,8,confidence,0.9303370880309908
wisconsin,GeneralSheaf,true,2,2,best-epoch,0,8,saliency,-0.6175135088374103
wisconsin,GeneralSheaf,true,2,2,best-epoch,1,8,saliency,-0.5932357768369165
wisconsin,GeneralSheaf,true,2,2,best-epoch,2,8,saliency,-0.5917160279704147
wisconsin,GeneralSheaf,true,2,2,best-epoch,0,8,cohens_d_train,nan
wisconsin,GeneralSheaf,true,2,2,best-epoch,1,8,cohens_d_train,nan
wisconsin,GeneralSheaf,true,2,2,best-epoch,2,8,cohens_d_train,nan
wisconsin,GeneralSheaf,true,2,2,best-epoch,0,8,cohens_d_test,1.2402661
wisconsin,GeneralSheaf,true,2,2,best-epoch,1,8,cohens_d_test,0.92834115
wisconsin,GeneralSheaf,true,2,2,best-epoch,2,8,cohens_d_test,0.7946775
wisconsin,GeneralSheaf,true,2,2,best-epoch,0,9,degree,-0.2594090210978602
wisconsin,GeneralSheaf,true,2,2,best-epoch,1,9,degree,-0.1234096890413052
wisconsin,GeneralSheaf,true,2,2,best-epoch,2,9,degree,-0.008527676932193399
wisconsin,GeneralSheaf,true,2,2,best-epoch,0,9,betweenness,-0.24814204569068035
wisconsin,GeneralSheaf,true,2,2,best-epoch,1,9,betweenness,-0.1246052694634344
wisconsin,GeneralSheaf,true,2,2,best-epoch,2,9,betweenness,-0.01679810561222289
wisconsin,GeneralSheaf,true,2,2,best-epoch,0,9,confidence,0.865100371030798
wisconsin,GeneralSheaf,true,2,2,best-epoch,1,9,confidence,0.8890752335991149
wisconsin,GeneralSheaf,true,2,2,best-epoch,2,9,confidence,0.8856077891905618
wisconsin,GeneralSheaf,true,2,2,best-epoch,0,9,saliency,-0.7587697422479309
wisconsin,GeneralSheaf,true,2,2,best-epoch,1,9,saliency,-0.7459060868192653
wisconsin,GeneralSheaf,true,2,2,best-epoch,2,9,saliency,-0.7146822508151812
wisconsin,GeneralSheaf,true,2,2,best-epoch,0,9,cohens_d_train,nan
wisconsin,GeneralSheaf,true,2,2,best-epoch,1,9,cohens_d_train,nan
wisconsin,GeneralSheaf,true,2,2,best-epoch,2,9,cohens_d_train,nan
wisconsin,GeneralSheaf,true,2,2,best-epoch,0,9,cohens_d_test,0.27964973
wisconsin,GeneralSheaf,true,2,2,best-epoch,1,9,cohens_d_test,0.35825482
wisconsin,GeneralSheaf,true,2,2,best-epoch,2,9,cohens_d_test,0.40021065
wisconsin,GeneralSheaf,true,2,2,last,0,0,degree,-0.2733547943760131
wisconsin,GeneralSheaf,true,2,2,last,1,0,degree,-0.2404141008044987
wisconsin,GeneralSheaf,true,2,2,last,2,0,degree,-0.2189713599292142
wisconsin,GeneralSheaf,true,2,2,last,0,0,betweenness,-0.28247652011511765
wisconsin,GeneralSheaf,true,2,2,last,1,0,betweenness,-0.24886807777215497
wisconsin,GeneralSheaf,true,2,2,last,2,0,betweenness,-0.2292773539205083
wisconsin,GeneralSheaf,true,2,2,last,0,0,confidence,0.9022372065378895
wisconsin,GeneralSheaf,true,2,2,last,1,0,confidence,0.9046130939958976
wisconsin,GeneralSheaf,true,2,2,last,2,0,confidence,0.9085576995315496
wisconsin,GeneralSheaf,true,2,2,last,0,0,saliency,-0.6680580550842998
wisconsin,GeneralSheaf,true,2,2,last,1,0,saliency,-0.6701183855729881
wisconsin,GeneralSheaf,true,2,2,last,2,0,saliency,-0.6724230729025389
wisconsin,GeneralSheaf,true,2,2,last,0,0,cohens_d_train,nan
wisconsin,GeneralSheaf,true,2,2,last,1,0,cohens_d_train,nan
wisconsin,GeneralSheaf,true,2,2,last,2,0,cohens_d_train,nan
wisconsin,GeneralSheaf,true,2,2,last,0,0,cohens_d_test,0.7760759
wisconsin,GeneralSheaf,true,2,2,last,1,0,cohens_d_test,0.7968534
wisconsin,GeneralSheaf,true,2,2,last,2,0,cohens_d_test,0.7970533
wisconsin,GeneralSheaf,true,2,2,last,0,1,degree,-0.31516880391415236
wisconsin,GeneralSheaf,true,2,2,last,1,1,degree,-0.24135350521151477
wisconsin,GeneralSheaf,true,2,2,last,2,1,degree,-0.2209379708094108
wisconsin,GeneralSheaf,true,2,2,last,0,1,betweenness,-0.29223199865198046
wisconsin,GeneralSheaf,true,2,2,last,1,1,betweenness,-0.22274685319635734
wisconsin,GeneralSheaf,true,2,2,last,2,1,betweenness,-0.204326723837187
wisconsin,GeneralSheaf,true,2,2,last,0,1,confidence,0.9221042263013015
wisconsin,GeneralSheaf,true,2,2,last,1,1,confidence,0.921751206366177
wisconsin,GeneralSheaf,true,2,2,last,2,1,confidence,0.9177348868667277
wisconsin,GeneralSheaf,true,2,2,last,0,1,saliency,-0.6174034726658647
wisconsin,GeneralSheaf,true,2,2,last,1,1,saliency,-0.5997931700587303
wisconsin,GeneralSheaf,true,2,2,last,2,1,saliency,-0.5935833391671549
wisconsin,GeneralSheaf,true,2,2,last,0,1,cohens_d_train,nan
wisconsin,GeneralSheaf,true,2,2,last,1,1,cohens_d_train,nan
wisconsin,GeneralSheaf,true,2,2,last,2,1,cohens_d_train,nan
wisconsin,GeneralSheaf,true,2,2,last,0,1,cohens_d_test,0.491618
wisconsin,GeneralSheaf,true,2,2,last,1,1,cohens_d_test,0.49034458
wisconsin,GeneralSheaf,true,2,2,last,2,1,cohens_d_test,0.4229967
wisconsin,GeneralSheaf,true,2,2,last,0,2,degree,-0.2928655123955374
wisconsin,GeneralSheaf,true,2,2,last,1,2,degree,-0.1922049389094544
wisconsin,GeneralSheaf,true,2,2,last,2,2,degree,-0.10055706454606148
wisconsin,GeneralSheaf,true,2,2,last,0,2,betweenness,-0.31548045436413075
wisconsin,GeneralSheaf,true,2,2,last,1,2,betweenness,-0.21685068392923315
wisconsin,GeneralSheaf,true,2,2,last,2,2,betweenness,-0.1317479195016363
wisconsin,GeneralSheaf,true,2,2,last,0,2,confidence,0.8525410676889019
wisconsin,GeneralSheaf,true,2,2,last,1,2,confidence,0.8750209637799005
wisconsin,GeneralSheaf,true,2,2,last,2,2,confidence,0.8531776537109874
wisconsin,GeneralSheaf,true,2,2,last,0,2,saliency,-0.635320517405457
wisconsin,GeneralSheaf,true,2,2,last,1,2,saliency,-0.6133246923351867
wisconsin,GeneralSheaf,true,2,2,last,2,2,saliency,-0.5671778161091376
wisconsin,GeneralSheaf,true,2,2,last,0,2,cohens_d_train,nan
wisconsin,GeneralSheaf,true,2,2,last,1,2,cohens_d_train,nan
wisconsin,GeneralSheaf,true,2,2,last,2,2,cohens_d_train,nan
wisconsin,GeneralSheaf,true,2,2,last,0,2,cohens_d_test,0.5873252
wisconsin,GeneralSheaf,true,2,2,last,1,2,cohens_d_test,0.502778
wisconsin,GeneralSheaf,true,2,2,last,2,2,cohens_d_test,0.3971147
wisconsin,GeneralSheaf,true,2,2,last,0,3,degree,-0.23548100192576746
wisconsin,GeneralSheaf,true,2,2,last,1,3,degree,-0.13583870619392988
wisconsin,GeneralSheaf,true,2,2,last,2,3,degree,-0.08887082578205796
wisconsin,GeneralSheaf,true,2,2,last,0,3,betweenness,-0.20019901338545656
wisconsin,GeneralSheaf,true,2,2,last,1,3,betweenness,-0.11151700563019501
wisconsin,GeneralSheaf,true,2,2,last,2,3,betweenness,-0.07130623628942923
wisconsin,GeneralSheaf,true,2,2,last,0,3,confidence,0.8537431182323196
wisconsin,GeneralSheaf,true,2,2,last,1,3,confidence,0.8547475932921383
wisconsin,GeneralSheaf,true,2,2,last,2,3,confidence,0.8501268355872866
wisconsin,GeneralSheaf,true,2,2,last,0,3,saliency,-0.6897853971729025
wisconsin,GeneralSheaf,true,2,2,last,1,3,saliency,-0.6879161570382348
wisconsin,GeneralSheaf,true,2,2,last,2,3,saliency,-0.6816137440412249
wisconsin,GeneralSheaf,true,2,2,last,0,3,cohens_d_train,nan
wisconsin,GeneralSheaf,true,2,2,last,1,3,cohens_d_train,nan
wisconsin,GeneralSheaf,true,2,2,last,2,3,cohens_d_train,nan
wisconsin,GeneralSheaf,true,2,2,last,0,3,cohens_d_test,1.485283
wisconsin,GeneralSheaf,true,2,2,last,1,3,cohens_d_test,1.4955703
wisconsin,GeneralSheaf,true,2,2,last,2,3,cohens_d_test,1.4934363
wisconsin,GeneralSheaf,true,2,2,last,0,4,degree,-0.26991069809478885
wisconsin,GeneralSheaf,true,2,2,last,1,4,degree,-0.02891951416437646
wisconsin,GeneralSheaf,true,2,2,last,2,4,degree,0.10354311180508774
wisconsin,GeneralSheaf,true,2,2,last,0,4,betweenness,-0.21365229617703735
wisconsin,GeneralSheaf,true,2,2,last,1,4,betweenness,0.01715652553035688
wisconsin,GeneralSheaf,true,2,2,last,2,4,betweenness,0.1411543156045773
wisconsin,GeneralSheaf,true,2,2,last,0,4,confidence,0.7532957743059154
wisconsin,GeneralSheaf,true,2,2,last,1,4,confidence,0.8608435409254007
wisconsin,GeneralSheaf,true,2,2,last,2,4,confidence,0.840812787718463
wisconsin,GeneralSheaf,true,2,2,last,0,4,saliency,-0.6223225870344603
wisconsin,GeneralSheaf,true,2,2,last,1,4,saliency,-0.619249948207132
wisconsin,GeneralSheaf,true,2,2,last,2,4,saliency,-0.5811129433602302
wisconsin,GeneralSheaf,true,2,2,last,0,4,cohens_d_train,nan
wisconsin,GeneralSheaf,true,2,2,last,1,4,cohens_d_train,nan
wisconsin,GeneralSheaf,true,2,2,last,2,4,cohens_d_train,nan
wisconsin,GeneralSheaf,true,2,2,last,0,4,cohens_d_test,1.3283658
wisconsin,GeneralSheaf,true,2,2,last,1,4,cohens_d_test,1.1012088
wisconsin,GeneralSheaf,true,2,2,last,2,4,cohens_d_test,0.7989483
wisconsin,GeneralSheaf,true,2,2,last,0,5,degree,-0.2507088415014997
wisconsin,GeneralSheaf,true,2,2,last,1,5,degree,-0.1568673268112874
wisconsin,GeneralSheaf,true,2,2,last,2,5,degree,-0.10428707855410196
wisconsin,GeneralSheaf,true,2,2,last,0,5,betweenness,-0.25122847860418995
wisconsin,GeneralSheaf,true,2,2,last,1,5,betweenness,-0.16604696078783907
wisconsin,GeneralSheaf,true,2,2,last,2,5,betweenness,-0.12015753242060818
wisconsin,GeneralSheaf,true,2,2,last,0,5,confidence,0.8768793426361362
wisconsin,GeneralSheaf,true,2,2,last,1,5,confidence,0.8941325119830477
wisconsin,GeneralSheaf,true,2,2,last,2,5,confidence,0.8914053435063009
wisconsin,GeneralSheaf,true,2,2,last,0,5,saliency,-0.7135645977903232
wisconsin,GeneralSheaf,true,2,2,last,1,5,saliency,-0.7221656020987305
wisconsin,GeneralSheaf,true,2,2,last,2,5,saliency,-0.712663657368818
wisconsin,GeneralSheaf,true,2,2,last,0,5,cohens_d_train,nan
wisconsin,GeneralSheaf,true,2,2,last,1,5,cohens_d_train,nan
wisconsin,GeneralSheaf,true,2,2,last,2,5,cohens_d_train,nan
wisconsin,GeneralSheaf,true,2,2,last,0,5,cohens_d_test,0.62744355
wisconsin,GeneralSheaf,true,2,2,last,1,5,cohens_d_test,0.70185995
wisconsin,GeneralSheaf,true,2,2,last,2,5,cohens_d_test,0.69721204
wisconsin,GeneralSheaf,true,2,2,last,0,6,degree,-0.21973722779149427
wisconsin,GeneralSheaf,true,2,2,last,1,6,degree,-0.02106394877568128
wisconsin,GeneralSheaf,true,2,2,last,2,6,degree,0.024951322245703362
wisconsin,GeneralSheaf,true,2,2,last,0,6,betweenness,-0.23717044020201858
wisconsin,GeneralSheaf,true,2,2,last,1,6,betweenness,-0.06026032093633289
wisconsin,GeneralSheaf,true,2,2,last,2,6,betweenness,-0.01396618589624592
wisconsin,GeneralSheaf,true,2,2,last,0,6,confidence,0.8059644180830299
wisconsin,GeneralSheaf,true,2,2,last,1,6,confidence,0.879864997026194
wisconsin,GeneralSheaf,true,2,2,last,2,6,confidence,0.8824184271815678
wisconsin,GeneralSheaf,true,2,2,last,0,6,saliency,-0.6124935828044824
wisconsin,GeneralSheaf,true,2,2,last,1,6,saliency,-0.5769876173331259
wisconsin,GeneralSheaf,true,2,2,last,2,6,saliency,-0.5748622936301625
wisconsin,GeneralSheaf,true,2,2,last,0,6,cohens_d_train,nan
wisconsin,GeneralSheaf,true,2,2,last,1,6,cohens_d_train,nan
wisconsin,GeneralSheaf,true,2,2,last,2,6,cohens_d_train,nan
wisconsin,GeneralSheaf,true,2,2,last,0,6,cohens_d_test,1.248154
wisconsin,GeneralSheaf,true,2,2,last,1,6,cohens_d_test,1.2644236
wisconsin,GeneralSheaf,true,2,2,last,2,6,cohens_d_test,1.2500514
wisconsin,GeneralSheaf,true,2,2,last,0,7,degree,-0.26373968564910744
wisconsin,GeneralSheaf,true,2,2,last,1,7,degree,-0.1323484055825069
wisconsin,GeneralSheaf,true,2,2,last,2,7,degree,-0.0660458019821059
wisconsin,GeneralSheaf,true,2,2,last,0,7,betweenness,-0.22988807743433415
wisconsin,GeneralSheaf,true,2,2,last,1,7,betweenness,-0.12047005102026488
wisconsin,GeneralSheaf,true,2,2,last,2,7,betweenness,-0.06086585452353143
wisconsin,GeneralSheaf,true,2,2,last,0,7,confidence,0.8647704265156025
wisconsin,GeneralSheaf,true,2,2,last,1,7,confidence,0.8840004591163686
wisconsin,GeneralSheaf,true,2,2,last,2,7,confidence,0.8925787256485892
wisconsin,GeneralSheaf,true,2,2,last,0,7,saliency,-0.678407654876525
wisconsin,GeneralSheaf,true,2,2,last,1,7,saliency,-0.6976988789215549
wisconsin,GeneralSheaf,true,2,2,last,2,7,saliency,-0.7121659739449622
wisconsin,GeneralSheaf,true,2,2,last,0,7,cohens_d_train,nan
wisconsin,GeneralSheaf,true,2,2,last,1,7,cohens_d_train,nan
wisconsin,GeneralSheaf,true,2,2,last,2,7,cohens_d_train,nan
wisconsin,GeneralSheaf,true,2,2,last,0,7,cohens_d_test,1.0267634
wisconsin,GeneralSheaf,true,2,2,last,1,7,cohens_d_test,0.704833
wisconsin,GeneralSheaf,true,2,2,last,2,7,cohens_d_test,0.49193126
wisconsin,GeneralSheaf,true,2,2,last,0,8,degree,-0.24650482956025568
wisconsin,GeneralSheaf,true,2,2,last,1,8,degree,-0.10896469513838354
wisconsin,GeneralSheaf,true,2,2,last,2,8,degree,-0.061100125336038986
wisconsin,GeneralSheaf,true,2,2,last,0,8,betweenness,-0.2149306888287684
wisconsin,GeneralSheaf,true,2,2,last,1,8,betweenness,-0.08600055747751138
wisconsin,GeneralSheaf,true,2,2,last,2,8,betweenness,-0.043036851651803945
wisconsin,GeneralSheaf,true,2,2,last,0,8,confidence,0.9357172236270432
wisconsin,GeneralSheaf,true,2,2,last,1,8,confidence,0.930596974575026
wisconsin,GeneralSheaf,true,2,2,last,2,8,confidence,0.9267022778997274
wisconsin,GeneralSheaf,true,2,2,last,0,8,saliency,-0.4935687652083742
wisconsin,GeneralSheaf,true,2,2,last,1,8,saliency,-0.4610042464452255
wisconsin,GeneralSheaf,true,2,2,last,2,8,saliency,-0.455145306448608
wisconsin,GeneralSheaf,true,2,2,last,0,8,cohens_d_train,nan
wisconsin,GeneralSheaf,true,2,2,last,1,8,cohens_d_train,nan
wisconsin,GeneralSheaf,true,2,2,last,2,8,cohens_d_train,nan
wisconsin,GeneralSheaf,true,2,2,last,0,8,cohens_d_test,0.97114897
wisconsin,GeneralSheaf,true,2,2,last,1,8,cohens_d_test,0.6104079
wisconsin,GeneralSheaf,true,2,2,last,2,8,cohens_d_test,0.5292913
wisconsin,GeneralSheaf,true,2,2,last,0,9,degree,-0.27427283154606763
wisconsin,GeneralSheaf,true,2,2,last,1,9,degree,-0.17377696167377268
wisconsin,GeneralSheaf,true,2,2,last,2,9,degree,-0.06767245839580735
wisconsin,GeneralSheaf,true,2,2,last,0,9,betweenness,-0.2569055537954998
wisconsin,GeneralSheaf,true,2,2,last,1,9,betweenness,-0.16391471984186018
wisconsin,GeneralSheaf,true,2,2,last,2,9,betweenness,-0.060388732412554415
wisconsin,GeneralSheaf,true,2,2,last,0,9,confidence,0.8565934350511812
wisconsin,GeneralSheaf,true,2,2,last,1,9,confidence,0.883970148341971
wisconsin,GeneralSheaf,true,2,2,last,2,9,confidence,0.8886280906629399
wisconsin,GeneralSheaf,true,2,2,last,0,9,saliency,-0.665547080028482
wisconsin,GeneralSheaf,true,2,2,last,1,9,saliency,-0.6467975603097594
wisconsin,GeneralSheaf,true,2,2,last,2,9,saliency,-0.6282644440890518
wisconsin,GeneralSheaf,true,2,2,last,0,9,cohens_d_train,nan
wisconsin,GeneralSheaf,true,2,2,last,1,9,cohens_d_train,nan
wisconsin,GeneralSheaf,true,2,2,last,2,9,cohens_d_train,nan
wisconsin,GeneralSheaf,true,2,2,last,0,9,cohens_d_test,0.25235766
wisconsin,GeneralSheaf,true,2,2,last,1,9,cohens_d_test,0.33615395
wisconsin,GeneralSheaf,true,2,2,last,2,9,cohens_d_test,0.46138778
